method,task,seed,alpha_per_m,iteration_cap,maxiter,cap,iterations,evaluations,objective,gradient_norm,terminal_gradient_norm,terminal_gradient_l2,terminal_gradient_rms,terminal_gradient_inf,stationary_gtol,terminal_gradient_units,terminal_gradient_status,optimizer_success,optimizer_status,optimizer_message,native_success,native_status,native_message,wall_time_s,native_reported_interval_s,native_reported_interval_scope,phase_content_id,initial_phase_content_id,actual_force_target_z_n,force_target_z_n,cache_status,cache_path,cache_source,timing_campaign,timing_observation_origin,timing_json,role,optimizer,optimizer_options_json,evaluator_backend,correct_sign_gorkov,run_mode,evidence_status,manuscript_numerics,near_stationary,timing_protocol_id,timing_scope,timing_backend,timing_comparable,timing_exclusion_reason,timing_problem_initialization_s,timing_acoustic_transfer_construction_s,timing_device_transfer_s,timing_compilation_warmup_s,timing_pre_solve_synchronization_s,timing_solve_s,timing_post_solve_synchronization_s,timing_result_extraction_s,timing_orchestration_overhead_s,timing_total_s,timing_device_transfer_status,timing_compilation_warmup_status,timing_pre_solve_synchronization_status,timing_post_solve_synchronization_status,timing_decomposition_complete,command_time_s,target_x_m,target_y_m,target_z_m,pair_index,population,primary_method,reference_method
Conventional,Single,172817509,0.0,10000,10000,10000,6130,7708,-55.45903871811982,696.9510597813381,696.9510597813381,696.9510597813381,43.64476833326121,151.0527752115831,False,N m^-1 rad^-1,native optimized-objective gradient,False,2,Desired error not necessarily achieved due to precision loss.,False,2,Desired error not necessarily achieved due to precision loss.,31.143606600002386,31.143606600002386,FESolveResult history interval; objective/transfer construction excluded; not used for cross-method ranking,000000000000080f1c962cbb4bdc0c96,000000000000080f71d09f64e6772173,0.0,0.0,cached,C:\RINENG_COMPACT_FULL_20260920\RINENG_GFE_Standalone_Run\production_outputs\cache\production_single_run\00000000000008a144a7b4f7dc27de43.pkl,C:\RINENG_COMPACT_FULL_20260920\RINENG_GFE_Standalone_Run\production_outputs\cache\production_single_run\00000000000008a144a7b4f7dc27de43.pkl,gfe-final-production-v2-00000000000003f329a2,same-machine protocol record replayed from cache,"{""protocol_id"": ""main-fig8-comparable-end-to-end-v2"", ""scope"": ""fresh command construction from declared inputs through terminal host phase: problem/objective initialization, acoustic transfer construction, applicable host-to-device transfer, compilation/warmup, device synchronization, native solve, and result extraction included; independent mechanical validation, cache retrieval, table export, and rendering excluded"", ""backend"": ""numpy/scipy-cpu"", ""problem_initialization_s"": 0.00036550000368151814, ""acoustic_transfer_construction_s"": 0.002889399998821318, ""device_transfer_s"": null, ""compilation_warmup_s"": null, ""pre_solve_synchronization_s"": null, ""solve_s"": 31.199251700003515, ""post_solve_synchronization_s"": null, ""result_extraction_s"": 6.499991286545992e-06, ""orchestration_overhead_s"": 7.90000194683671e-06, ""total_s"": 31.20252099999925, ""device_transfer_status"": ""not_applicable_synchronous_cpu"", ""compilation_warmup_status"": ""not_applicable_synchronous_cpu"", ""pre_solve_synchronization_status"": ""not_applicable_synchronous_cpu"", ""post_solve_synchronization_status"": ""not_applicable_synchronous_cpu"", ""decomposition_complete"": true, ""comparable_total"": true, ""exclusion_reason"": null}",controlled,BFGS,{},native,True,full,PRODUCTION,True,False,main-fig8-comparable-end-to-end-v2,"fresh command construction from declared inputs through terminal host phase: problem/objective initialization, acoustic transfer construction, applicable host-to-device transfer, compilation/warmup, device synchronization, native solve, and result extraction included; independent mechanical validation, cache retrieval, table export, and rendering excluded",numpy/scipy-cpu,True,,0.00036550000368151814,0.002889399998821318,N/A,N/A,N/A,31.199251700003515,N/A,6.499991286545992e-06,7.90000194683671e-06,31.20252099999925,not_applicable_synchronous_cpu,not_applicable_synchronous_cpu,not_applicable_synchronous_cpu,not_applicable_synchronous_cpu,True,31.20252099999925,0.0,0.0,0.05,0,Figure 3 root paired initializations,GFE,GFE
GFE,Single,172817509,10.0,10000,10000,10000,31,36,-0.05904367548496645,1.3957500551841453e-08,1.3957500551841453e-08,1.3957500551841453e-08,8.740525888397497e-10,2.9416428029086287e-09,True,N m^-1 rad^-1,native optimized-objective gradient,True,0,CONVERGENCE: NORM OF PROJECTED GRADIENT <= PGTOL,True,0,CONVERGENCE: NORM OF PROJECTED GRADIENT <= PGTOL,0.004189700004644692,0.004189700004644692,FESolveResult history interval; objective/transfer construction excluded; not used for cross-method ranking,000000000000080f57f18575ab090e06,000000000000080f71d09f64e6772173,1.1142852793561358e-06,1.1142852793561358e-06,cached,C:\RINENG_COMPACT_FULL_20260920\RINENG_GFE_Standalone_Run\production_outputs\cache\production_single_run\000000000000092d9dca18e27a470dfb.pkl,C:\RINENG_COMPACT_FULL_20260920\RINENG_GFE_Standalone_Run\production_outputs\cache\production_single_run\000000000000092d9dca18e27a470dfb.pkl,gfe-final-production-v2-00000000000003f329a2,same-machine protocol record replayed from cache,"{""protocol_id"": ""main-fig8-comparable-end-to-end-v2"", ""scope"": ""fresh command construction from declared inputs through terminal host phase: problem/objective initialization, acoustic transfer construction, applicable host-to-device transfer, compilation/warmup, device synchronization, native solve, and result extraction included; independent mechanical validation, cache retrieval, table export, and rendering excluded"", ""backend"": ""numpy/scipy-cpu"", ""problem_initialization_s"": 0.0004757999995490536, ""acoustic_transfer_construction_s"": 0.0034288000024389476, ""device_transfer_s"": null, ""compilation_warmup_s"": null, ""pre_solve_synchronization_s"": null, ""solve_s"": 0.004697799988207407, ""post_solve_synchronization_s"": null, ""result_extraction_s"": 2.8999929782003164e-06, ""orchestration_overhead_s"": 7.300026481971145e-06, ""total_s"": 0.00861260000965558, ""device_transfer_status"": ""not_applicable_synchronous_cpu"", ""compilation_warmup_status"": ""not_applicable_synchronous_cpu"", ""pre_solve_synchronization_status"": ""not_applicable_synchronous_cpu"", ""post_solve_synchronization_status"": ""not_applicable_synchronous_cpu"", ""decomposition_complete"": true, ""comparable_total"": true, ""exclusion_reason"": null}",controlled,L-BFGS-B,"{""ftol"": 0.0, ""maxcor"": 10, ""maxfun"": 1000000, ""maxls"": 40}",compact-single-float64-v1,True,full,PRODUCTION,True,True,main-fig8-comparable-end-to-end-v2,"fresh command construction from declared inputs through terminal host phase: problem/objective initialization, acoustic transfer construction, applicable host-to-device transfer, compilation/warmup, device synchronization, native solve, and result extraction included; independent mechanical validation, cache retrieval, table export, and rendering excluded",numpy/scipy-cpu,True,,0.0004757999995490536,0.0034288000024389476,N/A,N/A,N/A,0.004697799988207407,N/A,2.8999929782003164e-06,7.300026481971145e-06,0.00861260000965558,not_applicable_synchronous_cpu,not_applicable_synchronous_cpu,not_applicable_synchronous_cpu,not_applicable_synchronous_cpu,True,0.00861260000965558,0.0,0.0,0.05,0,Figure 3 root paired initializations,GFE,GFE
Conventional,Single,425727192,0.0,10000,10000,10000,6299,7925,-53.961184057792345,702.7530809135001,702.7530809135001,702.7530809135001,44.00810499029613,138.7476513057158,False,N m^-1 rad^-1,native optimized-objective gradient,False,2,Desired error not necessarily achieved due to precision loss.,False,2,Desired error not necessarily achieved due to precision loss.,31.811088300004485,31.811088300004485,FESolveResult history interval; objective/transfer construction excluded; not used for cross-method ranking,000000000000080fd2e6b8d604c2fa1a,000000000000080f8a9832c090fd1e47,0.0,0.0,cached,C:\RINENG_COMPACT_FULL_20260920\RINENG_GFE_Standalone_Run\production_outputs\cache\production_single_run\00000000000008a1d00be1cc9cf6de9d.pkl,C:\RINENG_COMPACT_FULL_20260920\RINENG_GFE_Standalone_Run\production_outputs\cache\production_single_run\00000000000008a1d00be1cc9cf6de9d.pkl,gfe-final-production-v2-00000000000003f329a2,same-machine protocol record replayed from cache,"{""protocol_id"": ""main-fig8-comparable-end-to-end-v2"", ""scope"": ""fresh command construction from declared inputs through terminal host phase: problem/objective initialization, acoustic transfer construction, applicable host-to-device transfer, compilation/warmup, device synchronization, native solve, and result extraction included; independent mechanical validation, cache retrieval, table export, and rendering excluded"", ""backend"": ""numpy/scipy-cpu"", ""problem_initialization_s"": 0.0004096999909961596, ""acoustic_transfer_construction_s"": 0.003155500002321787, ""device_transfer_s"": null, ""compilation_warmup_s"": null, ""pre_solve_synchronization_s"": null, ""solve_s"": 31.88194010000734, ""post_solve_synchronization_s"": null, ""result_extraction_s"": 7.299997378140688e-06, ""orchestration_overhead_s"": 8.300004992634058e-06, ""total_s"": 31.88552090000303, ""device_transfer_status"": ""not_applicable_synchronous_cpu"", ""compilation_warmup_status"": ""not_applicable_synchronous_cpu"", ""pre_solve_synchronization_status"": ""not_applicable_synchronous_cpu"", ""post_solve_synchronization_status"": ""not_applicable_synchronous_cpu"", ""decomposition_complete"": true, ""comparable_total"": true, ""exclusion_reason"": null}",controlled,BFGS,{},native,True,full,PRODUCTION,True,False,main-fig8-comparable-end-to-end-v2,"fresh command construction from declared inputs through terminal host phase: problem/objective initialization, acoustic transfer construction, applicable host-to-device transfer, compilation/warmup, device synchronization, native solve, and result extraction included; independent mechanical validation, cache retrieval, table export, and rendering excluded",numpy/scipy-cpu,True,,0.0004096999909961596,0.003155500002321787,N/A,N/A,N/A,31.88194010000734,N/A,7.299997378140688e-06,8.300004992634058e-06,31.88552090000303,not_applicable_synchronous_cpu,not_applicable_synchronous_cpu,not_applicable_synchronous_cpu,not_applicable_synchronous_cpu,True,31.88552090000303,0.0,0.0,0.05,1,Figure 3 root paired initializations,GFE,GFE
GFE,Single,425727192,10.0,10000,10000,10000,31,40,-0.059043675485114536,1.0387381729228303e-08,1.0387381729228303e-08,1.0387381729228303e-08,6.504830759616828e-10,2.859275321420495e-09,True,N m^-1 rad^-1,native optimized-objective gradient,True,0,CONVERGENCE: NORM OF PROJECTED GRADIENT <= PGTOL,True,0,CONVERGENCE: NORM OF PROJECTED GRADIENT <= PGTOL,0.00660789999528788,0.00660789999528788,FESolveResult history interval; objective/transfer construction excluded; not used for cross-method ranking,000000000000080f9c4c4277cbd11d52,000000000000080f8a9832c090fd1e47,1.1142852793561358e-06,1.1142852793561358e-06,cached,C:\RINENG_COMPACT_FULL_20260920\RINENG_GFE_Standalone_Run\production_outputs\cache\production_single_run\000000000000092db692fe83439e0e55.pkl,C:\RINENG_COMPACT_FULL_20260920\RINENG_GFE_Standalone_Run\production_outputs\cache\production_single_run\000000000000092db692fe83439e0e55.pkl,gfe-final-production-v2-00000000000003f329a2,same-machine protocol record replayed from cache,"{""protocol_id"": ""main-fig8-comparable-end-to-end-v2"", ""scope"": ""fresh command construction from declared inputs through terminal host phase: problem/objective initialization, acoustic transfer construction, applicable host-to-device transfer, compilation/warmup, device synchronization, native solve, and result extraction included; independent mechanical validation, cache retrieval, table export, and rendering excluded"", ""backend"": ""numpy/scipy-cpu"", ""problem_initialization_s"": 0.0003834999952232465, ""acoustic_transfer_construction_s"": 0.00603899999987334, ""device_transfer_s"": null, ""compilation_warmup_s"": null, ""pre_solve_synchronization_s"": null, ""solve_s"": 0.007126199998310767, ""post_solve_synchronization_s"": null, ""result_extraction_s"": 2.7999922167509794e-06, ""orchestration_overhead_s"": 6.500020390376449e-06, ""total_s"": 0.013558000006014481, ""device_transfer_status"": ""not_applicable_synchronous_cpu"", ""compilation_warmup_status"": ""not_applicable_synchronous_cpu"", ""pre_solve_synchronization_status"": ""not_applicable_synchronous_cpu"", ""post_solve_synchronization_status"": ""not_applicable_synchronous_cpu"", ""decomposition_complete"": true, ""comparable_total"": true, ""exclusion_reason"": null}",controlled,L-BFGS-B,"{""ftol"": 0.0, ""maxcor"": 10, ""maxfun"": 1000000, ""maxls"": 40}",compact-single-float64-v1,True,full,PRODUCTION,True,True,main-fig8-comparable-end-to-end-v2,"fresh command construction from declared inputs through terminal host phase: problem/objective initialization, acoustic transfer construction, applicable host-to-device transfer, compilation/warmup, device synchronization, native solve, and result extraction included; independent mechanical validation, cache retrieval, table export, and rendering excluded",numpy/scipy-cpu,True,,0.0003834999952232465,0.00603899999987334,N/A,N/A,N/A,0.007126199998310767,N/A,2.7999922167509794e-06,6.500020390376449e-06,0.013558000006014481,not_applicable_synchronous_cpu,not_applicable_synchronous_cpu,not_applicable_synchronous_cpu,not_applicable_synchronous_cpu,True,0.013558000006014481,0.0,0.0,0.05,1,Figure 3 root paired initializations,GFE,GFE
Conventional,Single,469986874,0.0,10000,10000,10000,4759,6124,-54.23648720528575,685.8810529087613,685.8810529087613,685.8810529087613,42.951537612652494,156.14696457158476,False,N m^-1 rad^-1,native optimized-objective gradient,False,2,Desired error not necessarily achieved due to precision loss.,False,2,Desired error not necessarily achieved due to precision loss.,25.394379100005608,25.394379100005608,FESolveResult history interval; objective/transfer construction excluded; not used for cross-method ranking,000000000000080f1716967ad8080c47,000000000000080f0fc66319e12e08e2,0.0,0.0,cached,C:\RINENG_COMPACT_FULL_20260920\RINENG_GFE_Standalone_Run\production_outputs\cache\production_single_run\00000000000008a172d4b8f68d26deab.pkl,C:\RINENG_COMPACT_FULL_20260920\RINENG_GFE_Standalone_Run\production_outputs\cache\production_single_run\00000000000008a172d4b8f68d26deab.pkl,gfe-final-production-v2-00000000000003f329a2,same-machine protocol record replayed from cache,"{""protocol_id"": ""main-fig8-comparable-end-to-end-v2"", ""scope"": ""fresh command construction from declared inputs through terminal host phase: problem/objective initialization, acoustic transfer construction, applicable host-to-device transfer, compilation/warmup, device synchronization, native solve, and result extraction included; independent mechanical validation, cache retrieval, table export, and rendering excluded"", ""backend"": ""numpy/scipy-cpu"", ""problem_initialization_s"": 0.000385499995900318, ""acoustic_transfer_construction_s"": 0.0026507000002311543, ""device_transfer_s"": null, ""compilation_warmup_s"": null, ""pre_solve_synchronization_s"": null, ""solve_s"": 25.444931300007738, ""post_solve_synchronization_s"": null, ""result_extraction_s"": 7.199996616691351e-06, ""orchestration_overhead_s"": 7.000009645707905e-06, ""total_s"": 25.447981700010132, ""device_transfer_status"": ""not_applicable_synchronous_cpu"", ""compilation_warmup_status"": ""not_applicable_synchronous_cpu"", ""pre_solve_synchronization_status"": ""not_applicable_synchronous_cpu"", ""post_solve_synchronization_status"": ""not_applicable_synchronous_cpu"", ""decomposition_complete"": true, ""comparable_total"": true, ""exclusion_reason"": null}",controlled,BFGS,{},native,True,full,PRODUCTION,True,False,main-fig8-comparable-end-to-end-v2,"fresh command construction from declared inputs through terminal host phase: problem/objective initialization, acoustic transfer construction, applicable host-to-device transfer, compilation/warmup, device synchronization, native solve, and result extraction included; independent mechanical validation, cache retrieval, table export, and rendering excluded",numpy/scipy-cpu,True,,0.000385499995900318,0.0026507000002311543,N/A,N/A,N/A,25.444931300007738,N/A,7.199996616691351e-06,7.000009645707905e-06,25.447981700010132,not_applicable_synchronous_cpu,not_applicable_synchronous_cpu,not_applicable_synchronous_cpu,not_applicable_synchronous_cpu,True,25.447981700010132,0.0,0.0,0.05,2,Figure 3 root paired initializations,GFE,GFE
GFE,Single,469986874,10.0,10000,10000,10000,44,48,-0.05904367548518548,6.3738114022442725e-09,6.3738114022442725e-09,6.3738114022442725e-09,3.991435526880862e-10,2.1712546112284807e-09,True,N m^-1 rad^-1,native optimized-objective gradient,True,0,CONVERGENCE: NORM OF PROJECTED GRADIENT <= PGTOL,True,0,CONVERGENCE: NORM OF PROJECTED GRADIENT <= PGTOL,0.004537999993772246,0.004537999993772246,FESolveResult history interval; objective/transfer construction excluded; not used for cross-method ranking,000000000000080fbbb60d6c10681626,000000000000080f0fc66319e12e08e2,1.1142852793561358e-06,1.1142852793561358e-06,cached,C:\RINENG_COMPACT_FULL_20260920\RINENG_GFE_Standalone_Run\production_outputs\cache\production_single_run\000000000000092d2c142a44330e0e63.pkl,C:\RINENG_COMPACT_FULL_20260920\RINENG_GFE_Standalone_Run\production_outputs\cache\production_single_run\000000000000092d2c142a44330e0e63.pkl,gfe-final-production-v2-00000000000003f329a2,same-machine protocol record replayed from cache,"{""protocol_id"": ""main-fig8-comparable-end-to-end-v2"", ""scope"": ""fresh command construction from declared inputs through terminal host phase: problem/objective initialization, acoustic transfer construction, applicable host-to-device transfer, compilation/warmup, device synchronization, native solve, and result extraction included; independent mechanical validation, cache retrieval, table export, and rendering excluded"", ""backend"": ""numpy/scipy-cpu"", ""problem_initialization_s"": 0.00036929998896084726, ""acoustic_transfer_construction_s"": 0.005369799997424707, ""device_transfer_s"": null, ""compilation_warmup_s"": null, ""pre_solve_synchronization_s"": null, ""solve_s"": 0.005135400002473034, ""post_solve_synchronization_s"": null, ""result_extraction_s"": 2.4000037228688598e-06, ""orchestration_overhead_s"": 5.2000104915350676e-06, ""total_s"": 0.010882100003072992, ""device_transfer_status"": ""not_applicable_synchronous_cpu"", ""compilation_warmup_status"": ""not_applicable_synchronous_cpu"", ""pre_solve_synchronization_status"": ""not_applicable_synchronous_cpu"", ""post_solve_synchronization_status"": ""not_applicable_synchronous_cpu"", ""decomposition_complete"": true, ""comparable_total"": true, ""exclusion_reason"": null}",controlled,L-BFGS-B,"{""ftol"": 0.0, ""maxcor"": 10, ""maxfun"": 1000000, ""maxls"": 40}",compact-single-float64-v1,True,full,PRODUCTION,True,True,main-fig8-comparable-end-to-end-v2,"fresh command construction from declared inputs through terminal host phase: problem/objective initialization, acoustic transfer construction, applicable host-to-device transfer, compilation/warmup, device synchronization, native solve, and result extraction included; independent mechanical validation, cache retrieval, table export, and rendering excluded",numpy/scipy-cpu,True,,0.00036929998896084726,0.005369799997424707,N/A,N/A,N/A,0.005135400002473034,N/A,2.4000037228688598e-06,5.2000104915350676e-06,0.010882100003072992,not_applicable_synchronous_cpu,not_applicable_synchronous_cpu,not_applicable_synchronous_cpu,not_applicable_synchronous_cpu,True,0.010882100003072992,0.0,0.0,0.05,2,Figure 3 root paired initializations,GFE,GFE
Conventional,Single,519693606,0.0,10000,10000,10000,5420,6872,-54.01290157131446,709.000829276186,709.000829276186,709.000829276186,44.39935416922627,156.91231225232008,False,N m^-1 rad^-1,native optimized-objective gradient,False,2,Desired error not necessarily achieved due to precision loss.,False,2,Desired error not necessarily achieved due to precision loss.,27.061711100002867,27.061711100002867,FESolveResult history interval; objective/transfer construction excluded; not used for cross-method ranking,000000000000080fe46f2910576905c4,000000000000080f6c4093d91a3e0f1b,0.0,0.0,cached,C:\RINENG_COMPACT_FULL_20260920\RINENG_GFE_Standalone_Run\production_outputs\cache\production_single_run\00000000000008a13619efd0b8f3dec6.pkl,C:\RINENG_COMPACT_FULL_20260920\RINENG_GFE_Standalone_Run\production_outputs\cache\production_single_run\00000000000008a13619efd0b8f3dec6.pkl,gfe-final-production-v2-00000000000003f329a2,same-machine protocol record replayed from cache,"{""protocol_id"": ""main-fig8-comparable-end-to-end-v2"", ""scope"": ""fresh command construction from declared inputs through terminal host phase: problem/objective initialization, acoustic transfer construction, applicable host-to-device transfer, compilation/warmup, device synchronization, native solve, and result extraction included; independent mechanical validation, cache retrieval, table export, and rendering excluded"", ""backend"": ""numpy/scipy-cpu"", ""problem_initialization_s"": 0.0003566999948816374, ""acoustic_transfer_construction_s"": 0.002914299999247305, ""device_transfer_s"": null, ""compilation_warmup_s"": null, ""pre_solve_synchronization_s"": null, ""solve_s"": 27.111746599999606, ""post_solve_synchronization_s"": null, ""result_extraction_s"": 6.299989763647318e-06, ""orchestration_overhead_s"": 6.400019628927112e-06, ""total_s"": 27.115030300003127, ""device_transfer_status"": ""not_applicable_synchronous_cpu"", ""compilation_warmup_status"": ""not_applicable_synchronous_cpu"", ""pre_solve_synchronization_status"": ""not_applicable_synchronous_cpu"", ""post_solve_synchronization_status"": ""not_applicable_synchronous_cpu"", ""decomposition_complete"": true, ""comparable_total"": true, ""exclusion_reason"": null}",controlled,BFGS,{},native,True,full,PRODUCTION,True,False,main-fig8-comparable-end-to-end-v2,"fresh command construction from declared inputs through terminal host phase: problem/objective initialization, acoustic transfer construction, applicable host-to-device transfer, compilation/warmup, device synchronization, native solve, and result extraction included; independent mechanical validation, cache retrieval, table export, and rendering excluded",numpy/scipy-cpu,True,,0.0003566999948816374,0.002914299999247305,N/A,N/A,N/A,27.111746599999606,N/A,6.299989763647318e-06,6.400019628927112e-06,27.115030300003127,not_applicable_synchronous_cpu,not_applicable_synchronous_cpu,not_applicable_synchronous_cpu,not_applicable_synchronous_cpu,True,27.115030300003127,0.0,0.0,0.05,3,Figure 3 root paired initializations,GFE,GFE
GFE,Single,519693606,10.0,10000,10000,10000,34,42,-0.059043675485198954,6.1012496625783215e-09,6.1012496625783215e-09,6.1012496625783215e-09,3.820750744681617e-10,2.3289320945040706e-09,True,N m^-1 rad^-1,native optimized-objective gradient,True,0,CONVERGENCE: NORM OF PROJECTED GRADIENT <= PGTOL,True,0,CONVERGENCE: NORM OF PROJECTED GRADIENT <= PGTOL,0.00948890000290703,0.00948890000290703,FESolveResult history interval; objective/transfer construction excluded; not used for cross-method ranking,000000000000080fd0735bd3fcc41276,000000000000080f6c4093d91a3e0f1b,1.1142852793561358e-06,1.1142852793561358e-06,cached,C:\RINENG_COMPACT_FULL_20260920\RINENG_GFE_Standalone_Run\production_outputs\cache\production_single_run\000000000000092d80b98bd262e30e7e.pkl,C:\RINENG_COMPACT_FULL_20260920\RINENG_GFE_Standalone_Run\production_outputs\cache\production_single_run\000000000000092d80b98bd262e30e7e.pkl,gfe-final-production-v2-00000000000003f329a2,same-machine protocol record replayed from cache,"{""protocol_id"": ""main-fig8-comparable-end-to-end-v2"", ""scope"": ""fresh command construction from declared inputs through terminal host phase: problem/objective initialization, acoustic transfer construction, applicable host-to-device transfer, compilation/warmup, device synchronization, native solve, and result extraction included; independent mechanical validation, cache retrieval, table export, and rendering excluded"", ""backend"": ""numpy/scipy-cpu"", ""problem_initialization_s"": 0.0004163999983575195, ""acoustic_transfer_construction_s"": 0.0036930000060237944, ""device_transfer_s"": null, ""compilation_warmup_s"": null, ""pre_solve_synchronization_s"": null, ""solve_s"": 0.009887299995170906, ""post_solve_synchronization_s"": null, ""result_extraction_s"": 1.7999991541728377e-06, ""orchestration_overhead_s"": 4.699992132373154e-06, ""total_s"": 0.014003199990838766, ""device_transfer_status"": ""not_applicable_synchronous_cpu"", ""compilation_warmup_status"": ""not_applicable_synchronous_cpu"", ""pre_solve_synchronization_status"": ""not_applicable_synchronous_cpu"", ""post_solve_synchronization_status"": ""not_applicable_synchronous_cpu"", ""decomposition_complete"": true, ""comparable_total"": true, ""exclusion_reason"": null}",controlled,L-BFGS-B,"{""ftol"": 0.0, ""maxcor"": 10, ""maxfun"": 1000000, ""maxls"": 40}",compact-single-float64-v1,True,full,PRODUCTION,True,True,main-fig8-comparable-end-to-end-v2,"fresh command construction from declared inputs through terminal host phase: problem/objective initialization, acoustic transfer construction, applicable host-to-device transfer, compilation/warmup, device synchronization, native solve, and result extraction included; independent mechanical validation, cache retrieval, table export, and rendering excluded",numpy/scipy-cpu,True,,0.0004163999983575195,0.0036930000060237944,N/A,N/A,N/A,0.009887299995170906,N/A,1.7999991541728377e-06,4.699992132373154e-06,0.014003199990838766,not_applicable_synchronous_cpu,not_applicable_synchronous_cpu,not_applicable_synchronous_cpu,not_applicable_synchronous_cpu,True,0.014003199990838766,0.0,0.0,0.05,3,Figure 3 root paired initializations,GFE,GFE
Conventional,Single,681979972,0.0,10000,10000,10000,4995,6391,-53.87662574613004,724.0462446063104,724.0462446063104,724.0462446063104,45.341534624145154,156.5808912646245,False,N m^-1 rad^-1,native optimized-objective gradient,False,2,Desired error not necessarily achieved due to precision loss.,False,2,Desired error not necessarily achieved due to precision loss.,27.14029739999387,27.14029739999387,FESolveResult history interval; objective/transfer construction excluded; not used for cross-method ranking,000000000000080fcb20db530bb50cd1,000000000000080fc711211993ac1a94,0.0,0.0,cached,C:\RINENG_COMPACT_FULL_20260920\RINENG_GFE_Standalone_Run\production_outputs\cache\production_single_run\00000000000008a1ed428e8de12dde72.pkl,C:\RINENG_COMPACT_FULL_20260920\RINENG_GFE_Standalone_Run\production_outputs\cache\production_single_run\00000000000008a1ed428e8de12dde72.pkl,gfe-final-production-v2-00000000000003f329a2,same-machine protocol record replayed from cache,"{""protocol_id"": ""main-fig8-comparable-end-to-end-v2"", ""scope"": ""fresh command construction from declared inputs through terminal host phase: problem/objective initialization, acoustic transfer construction, applicable host-to-device transfer, compilation/warmup, device synchronization, native solve, and result extraction included; independent mechanical validation, cache retrieval, table export, and rendering excluded"", ""backend"": ""numpy/scipy-cpu"", ""problem_initialization_s"": 0.000367300002835691, ""acoustic_transfer_construction_s"": 0.002739200004725717, ""device_transfer_s"": null, ""compilation_warmup_s"": null, ""pre_solve_synchronization_s"": null, ""solve_s"": 27.186532199993962, ""post_solve_synchronization_s"": null, ""result_extraction_s"": 5.900001269765198e-06, ""orchestration_overhead_s"": 6.100002792663872e-06, ""total_s"": 27.189650700005586, ""device_transfer_status"": ""not_applicable_synchronous_cpu"", ""compilation_warmup_status"": ""not_applicable_synchronous_cpu"", ""pre_solve_synchronization_status"": ""not_applicable_synchronous_cpu"", ""post_solve_synchronization_status"": ""not_applicable_synchronous_cpu"", ""decomposition_complete"": true, ""comparable_total"": true, ""exclusion_reason"": null}",controlled,BFGS,{},native,True,full,PRODUCTION,True,False,main-fig8-comparable-end-to-end-v2,"fresh command construction from declared inputs through terminal host phase: problem/objective initialization, acoustic transfer construction, applicable host-to-device transfer, compilation/warmup, device synchronization, native solve, and result extraction included; independent mechanical validation, cache retrieval, table export, and rendering excluded",numpy/scipy-cpu,True,,0.000367300002835691,0.002739200004725717,N/A,N/A,N/A,27.186532199993962,N/A,5.900001269765198e-06,6.100002792663872e-06,27.189650700005586,not_applicable_synchronous_cpu,not_applicable_synchronous_cpu,not_applicable_synchronous_cpu,not_applicable_synchronous_cpu,True,27.189650700005586,0.0,0.0,0.05,4,Figure 3 root paired initializations,GFE,GFE
GFE,Single,681979972,10.0,10000,10000,10000,35,42,-0.05904367548508648,8.391063327411421e-09,8.391063327411421e-09,8.391063327411421e-09,5.254687683658813e-10,5.767289148447434e-09,True,N m^-1 rad^-1,native optimized-objective gradient,True,0,CONVERGENCE: NORM OF PROJECTED GRADIENT <= PGTOL,True,0,CONVERGENCE: NORM OF PROJECTED GRADIENT <= PGTOL,0.003961800000979565,0.003961800000979565,FESolveResult history interval; objective/transfer construction excluded; not used for cross-method ranking,000000000000080f59c6df543b031382,000000000000080fc711211993ac1a94,1.1142852793561358e-06,1.1142852793561358e-06,cached,C:\RINENG_COMPACT_FULL_20260920\RINENG_GFE_Standalone_Run\production_outputs\cache\production_single_run\000000000000092d4ba8d68382050e2a.pkl,C:\RINENG_COMPACT_FULL_20260920\RINENG_GFE_Standalone_Run\production_outputs\cache\production_single_run\000000000000092d4ba8d68382050e2a.pkl,gfe-final-production-v2-00000000000003f329a2,same-machine protocol record replayed from cache,"{""protocol_id"": ""main-fig8-comparable-end-to-end-v2"", ""scope"": ""fresh command construction from declared inputs through terminal host phase: problem/objective initialization, acoustic transfer construction, applicable host-to-device transfer, compilation/warmup, device synchronization, native solve, and result extraction included; independent mechanical validation, cache retrieval, table export, and rendering excluded"", ""backend"": ""numpy/scipy-cpu"", ""problem_initialization_s"": 0.00036779999209102243, ""acoustic_transfer_construction_s"": 0.004061899991938844, ""device_transfer_s"": null, ""compilation_warmup_s"": null, ""pre_solve_synchronization_s"": null, ""solve_s"": 0.004442300007212907, ""post_solve_synchronization_s"": null, ""result_extraction_s"": 2.0000006770715117e-06, ""orchestration_overhead_s"": 4.4000043999403715e-06, ""total_s"": 0.008878399996319786, ""device_transfer_status"": ""not_applicable_synchronous_cpu"", ""compilation_warmup_status"": ""not_applicable_synchronous_cpu"", ""pre_solve_synchronization_status"": ""not_applicable_synchronous_cpu"", ""post_solve_synchronization_status"": ""not_applicable_synchronous_cpu"", ""decomposition_complete"": true, ""comparable_total"": true, ""exclusion_reason"": null}",controlled,L-BFGS-B,"{""ftol"": 0.0, ""maxcor"": 10, ""maxfun"": 1000000, ""maxls"": 40}",compact-single-float64-v1,True,full,PRODUCTION,True,True,main-fig8-comparable-end-to-end-v2,"fresh command construction from declared inputs through terminal host phase: problem/objective initialization, acoustic transfer construction, applicable host-to-device transfer, compilation/warmup, device synchronization, native solve, and result extraction included; independent mechanical validation, cache retrieval, table export, and rendering excluded",numpy/scipy-cpu,True,,0.00036779999209102243,0.004061899991938844,N/A,N/A,N/A,0.004442300007212907,N/A,2.0000006770715117e-06,4.4000043999403715e-06,0.008878399996319786,not_applicable_synchronous_cpu,not_applicable_synchronous_cpu,not_applicable_synchronous_cpu,not_applicable_synchronous_cpu,True,0.008878399996319786,0.0,0.0,0.05,4,Figure 3 root paired initializations,GFE,GFE
Conventional,Single,693201818,0.0,10000,10000,10000,5462,6942,-54.98676131419291,665.2343238058531,665.2343238058531,665.2343238058531,41.65858928308292,150.48381347672102,False,N m^-1 rad^-1,native optimized-objective gradient,False,2,Desired error not necessarily achieved due to precision loss.,False,2,Desired error not necessarily achieved due to precision loss.,29.74705740000354,29.74705740000354,FESolveResult history interval; objective/transfer construction excluded; not used for cross-method ranking,000000000000080f3e888f0be89cf9bf,000000000000080f0d185c6e6a071eec,0.0,0.0,cached,C:\RINENG_COMPACT_FULL_20260920\RINENG_GFE_Standalone_Run\production_outputs\cache\production_single_run\00000000000008a1d8a618c03725def2.pkl,C:\RINENG_COMPACT_FULL_20260920\RINENG_GFE_Standalone_Run\production_outputs\cache\production_single_run\00000000000008a1d8a618c03725def2.pkl,gfe-final-production-v2-00000000000003f329a2,same-machine protocol record replayed from cache,"{""protocol_id"": ""main-fig8-comparable-end-to-end-v2"", ""scope"": ""fresh command construction from declared inputs through terminal host phase: problem/objective initialization, acoustic transfer construction, applicable host-to-device transfer, compilation/warmup, device synchronization, native solve, and result extraction included; independent mechanical validation, cache retrieval, table export, and rendering excluded"", ""backend"": ""numpy/scipy-cpu"", ""problem_initialization_s"": 0.00035790000401902944, ""acoustic_transfer_construction_s"": 0.0028806999907828867, ""device_transfer_s"": null, ""compilation_warmup_s"": null, ""pre_solve_synchronization_s"": null, ""solve_s"": 29.795985200005816, ""post_solve_synchronization_s"": null, ""result_extraction_s"": 5.3000112529844046e-06, ""orchestration_overhead_s"": 6.7999790189787745e-06, ""total_s"": 29.79923589999089, ""device_transfer_status"": ""not_applicable_synchronous_cpu"", ""compilation_warmup_status"": ""not_applicable_synchronous_cpu"", ""pre_solve_synchronization_status"": ""not_applicable_synchronous_cpu"", ""post_solve_synchronization_status"": ""not_applicable_synchronous_cpu"", ""decomposition_complete"": true, ""comparable_total"": true, ""exclusion_reason"": null}",controlled,BFGS,{},native,True,full,PRODUCTION,True,False,main-fig8-comparable-end-to-end-v2,"fresh command construction from declared inputs through terminal host phase: problem/objective initialization, acoustic transfer construction, applicable host-to-device transfer, compilation/warmup, device synchronization, native solve, and result extraction included; independent mechanical validation, cache retrieval, table export, and rendering excluded",numpy/scipy-cpu,True,,0.00035790000401902944,0.0028806999907828867,N/A,N/A,N/A,29.795985200005816,N/A,5.3000112529844046e-06,6.7999790189787745e-06,29.79923589999089,not_applicable_synchronous_cpu,not_applicable_synchronous_cpu,not_applicable_synchronous_cpu,not_applicable_synchronous_cpu,True,29.79923589999089,0.0,0.0,0.05,5,Figure 3 root paired initializations,GFE,GFE
GFE,Single,693201818,10.0,10000,10000,10000,35,41,-0.059043675485048006,1.1075253234052008e-08,1.1075253234052008e-08,1.1075253234052008e-08,6.935592605082729e-10,4.556949836492288e-09,True,N m^-1 rad^-1,native optimized-objective gradient,True,0,CONVERGENCE: NORM OF PROJECTED GRADIENT <= PGTOL,True,0,CONVERGENCE: NORM OF PROJECTED GRADIENT <= PGTOL,0.003930899998522364,0.003930899998522364,FESolveResult history interval; objective/transfer construction excluded; not used for cross-method ranking,000000000000080fa187e4cc9b6b242e,000000000000080f0d185c6e6a071eec,1.1142852793561358e-06,1.1142852793561358e-06,cached,C:\RINENG_COMPACT_FULL_20260920\RINENG_GFE_Standalone_Run\production_outputs\cache\production_single_run\000000000000092de3a95306e5ce0eaa.pkl,C:\RINENG_COMPACT_FULL_20260920\RINENG_GFE_Standalone_Run\production_outputs\cache\production_single_run\000000000000092de3a95306e5ce0eaa.pkl,gfe-final-production-v2-00000000000003f329a2,same-machine protocol record replayed from cache,"{""protocol_id"": ""main-fig8-comparable-end-to-end-v2"", ""scope"": ""fresh command construction from declared inputs through terminal host phase: problem/objective initialization, acoustic transfer construction, applicable host-to-device transfer, compilation/warmup, device synchronization, native solve, and result extraction included; independent mechanical validation, cache retrieval, table export, and rendering excluded"", ""backend"": ""numpy/scipy-cpu"", ""problem_initialization_s"": 0.0003335000074002892, ""acoustic_transfer_construction_s"": 0.003783000007388182, ""device_transfer_s"": null, ""compilation_warmup_s"": null, ""pre_solve_synchronization_s"": null, ""solve_s"": 0.004630299998098053, ""post_solve_synchronization_s"": null, ""result_extraction_s"": 2.7000060072168708e-06, ""orchestration_overhead_s"": 5.1999668357893825e-06, ""total_s"": 0.00875469998572953, ""device_transfer_status"": ""not_applicable_synchronous_cpu"", ""compilation_warmup_status"": ""not_applicable_synchronous_cpu"", ""pre_solve_synchronization_status"": ""not_applicable_synchronous_cpu"", ""post_solve_synchronization_status"": ""not_applicable_synchronous_cpu"", ""decomposition_complete"": true, ""comparable_total"": true, ""exclusion_reason"": null}",controlled,L-BFGS-B,"{""ftol"": 0.0, ""maxcor"": 10, ""maxfun"": 1000000, ""maxls"": 40}",compact-single-float64-v1,True,full,PRODUCTION,True,True,main-fig8-comparable-end-to-end-v2,"fresh command construction from declared inputs through terminal host phase: problem/objective initialization, acoustic transfer construction, applicable host-to-device transfer, compilation/warmup, device synchronization, native solve, and result extraction included; independent mechanical validation, cache retrieval, table export, and rendering excluded",numpy/scipy-cpu,True,,0.0003335000074002892,0.003783000007388182,N/A,N/A,N/A,0.004630299998098053,N/A,2.7000060072168708e-06,5.1999668357893825e-06,0.00875469998572953,not_applicable_synchronous_cpu,not_applicable_synchronous_cpu,not_applicable_synchronous_cpu,not_applicable_synchronous_cpu,True,0.00875469998572953,0.0,0.0,0.05,5,Figure 3 root paired initializations,GFE,GFE
Conventional,Single,713854823,0.0,10000,10000,10000,8002,9936,-54.36804647242058,685.8257309810193,685.8257309810193,685.8257309810193,42.94807321915433,152.07064703462441,False,N m^-1 rad^-1,native optimized-objective gradient,False,2,Desired error not necessarily achieved due to precision loss.,False,2,Desired error not necessarily achieved due to precision loss.,41.64078800000425,41.64078800000425,FESolveResult history interval; objective/transfer construction excluded; not used for cross-method ranking,000000000000080f7503b78e13a411dc,000000000000080f32e234fc7587097f,0.0,0.0,cached,C:\RINENG_COMPACT_FULL_20260920\RINENG_GFE_Standalone_Run\production_outputs\cache\production_single_run\00000000000008a17ec6109a6203de76.pkl,C:\RINENG_COMPACT_FULL_20260920\RINENG_GFE_Standalone_Run\production_outputs\cache\production_single_run\00000000000008a17ec6109a6203de76.pkl,gfe-final-production-v2-00000000000003f329a2,same-machine protocol record replayed from cache,"{""protocol_id"": ""main-fig8-comparable-end-to-end-v2"", ""scope"": ""fresh command construction from declared inputs through terminal host phase: problem/objective initialization, acoustic transfer construction, applicable host-to-device transfer, compilation/warmup, device synchronization, native solve, and result extraction included; independent mechanical validation, cache retrieval, table export, and rendering excluded"", ""backend"": ""numpy/scipy-cpu"", ""problem_initialization_s"": 0.00042019999818876386, ""acoustic_transfer_construction_s"": 0.002841300010913983, ""device_transfer_s"": null, ""compilation_warmup_s"": null, ""pre_solve_synchronization_s"": null, ""solve_s"": 41.7173718999984, ""post_solve_synchronization_s"": null, ""result_extraction_s"": 5.900001269765198e-06, ""orchestration_overhead_s"": 7.199996616691351e-06, ""total_s"": 41.72064650000539, ""device_transfer_status"": ""not_applicable_synchronous_cpu"", ""compilation_warmup_status"": ""not_applicable_synchronous_cpu"", ""pre_solve_synchronization_status"": ""not_applicable_synchronous_cpu"", ""post_solve_synchronization_status"": ""not_applicable_synchronous_cpu"", ""decomposition_complete"": true, ""comparable_total"": true, ""exclusion_reason"": null}",controlled,BFGS,{},native,True,full,PRODUCTION,True,False,main-fig8-comparable-end-to-end-v2,"fresh command construction from declared inputs through terminal host phase: problem/objective initialization, acoustic transfer construction, applicable host-to-device transfer, compilation/warmup, device synchronization, native solve, and result extraction included; independent mechanical validation, cache retrieval, table export, and rendering excluded",numpy/scipy-cpu,True,,0.00042019999818876386,0.002841300010913983,N/A,N/A,N/A,41.7173718999984,N/A,5.900001269765198e-06,7.199996616691351e-06,41.72064650000539,not_applicable_synchronous_cpu,not_applicable_synchronous_cpu,not_applicable_synchronous_cpu,not_applicable_synchronous_cpu,True,41.72064650000539,0.0,0.0,0.05,6,Figure 3 root paired initializations,GFE,GFE
GFE,Single,713854823,10.0,10000,10000,10000,41,46,-0.05904367548461441,1.6648667303183935e-08,1.6648667303183935e-08,1.6648667303183935e-08,1.0425799879448868e-09,8.752126354284264e-09,True,N m^-1 rad^-1,native optimized-objective gradient,True,0,CONVERGENCE: NORM OF PROJECTED GRADIENT <= PGTOL,True,0,CONVERGENCE: NORM OF PROJECTED GRADIENT <= PGTOL,0.004682699989643879,0.004682699989643879,FESolveResult history interval; objective/transfer construction excluded; not used for cross-method ranking,000000000000080f3d4a89a4ce48072e,000000000000080f32e234fc7587097f,1.1142852793561358e-06,1.1142852793561358e-06,cached,C:\RINENG_COMPACT_FULL_20260920\RINENG_GFE_Standalone_Run\production_outputs\cache\production_single_run\000000000000092dc7bbfcb104d30e2e.pkl,C:\RINENG_COMPACT_FULL_20260920\RINENG_GFE_Standalone_Run\production_outputs\cache\production_single_run\000000000000092dc7bbfcb104d30e2e.pkl,gfe-final-production-v2-00000000000003f329a2,same-machine protocol record replayed from cache,"{""protocol_id"": ""main-fig8-comparable-end-to-end-v2"", ""scope"": ""fresh command construction from declared inputs through terminal host phase: problem/objective initialization, acoustic transfer construction, applicable host-to-device transfer, compilation/warmup, device synchronization, native solve, and result extraction included; independent mechanical validation, cache retrieval, table export, and rendering excluded"", ""backend"": ""numpy/scipy-cpu"", ""problem_initialization_s"": 0.000421799995820038, ""acoustic_transfer_construction_s"": 0.0038478999922517687, ""device_transfer_s"": null, ""compilation_warmup_s"": null, ""pre_solve_synchronization_s"": null, ""solve_s"": 0.005280199999106117, ""post_solve_synchronization_s"": null, ""result_extraction_s"": 2.3999891709536314e-06, ""orchestration_overhead_s"": 5.600028089247644e-06, ""total_s"": 0.009557900004438125, ""device_transfer_status"": ""not_applicable_synchronous_cpu"", ""compilation_warmup_status"": ""not_applicable_synchronous_cpu"", ""pre_solve_synchronization_status"": ""not_applicable_synchronous_cpu"", ""post_solve_synchronization_status"": ""not_applicable_synchronous_cpu"", ""decomposition_complete"": true, ""comparable_total"": true, ""exclusion_reason"": null}",controlled,L-BFGS-B,"{""ftol"": 0.0, ""maxcor"": 10, ""maxfun"": 1000000, ""maxls"": 40}",compact-single-float64-v1,True,full,PRODUCTION,True,True,main-fig8-comparable-end-to-end-v2,"fresh command construction from declared inputs through terminal host phase: problem/objective initialization, acoustic transfer construction, applicable host-to-device transfer, compilation/warmup, device synchronization, native solve, and result extraction included; independent mechanical validation, cache retrieval, table export, and rendering excluded",numpy/scipy-cpu,True,,0.000421799995820038,0.0038478999922517687,N/A,N/A,N/A,0.005280199999106117,N/A,2.3999891709536314e-06,5.600028089247644e-06,0.009557900004438125,not_applicable_synchronous_cpu,not_applicable_synchronous_cpu,not_applicable_synchronous_cpu,not_applicable_synchronous_cpu,True,0.009557900004438125,0.0,0.0,0.05,6,Figure 3 root paired initializations,GFE,GFE
Conventional,Single,731661603,0.0,10000,10000,10000,6469,8181,-51.33790608204431,611.9749804109189,611.9749804109189,611.9749804109189,38.3233598269676,155.70453170673284,False,N m^-1 rad^-1,native optimized-objective gradient,False,2,Desired error not necessarily achieved due to precision loss.,False,2,Desired error not necessarily achieved due to precision loss.,31.466381499994895,31.466381499994895,FESolveResult history interval; objective/transfer construction excluded; not used for cross-method ranking,000000000000080fad444100fbc80545,000000000000080f4bebd0501ab90354,0.0,0.0,cached,C:\RINENG_COMPACT_FULL_20260920\RINENG_GFE_Standalone_Run\production_outputs\cache\production_single_run\00000000000008a142c7383056d5deb0.pkl,C:\RINENG_COMPACT_FULL_20260920\RINENG_GFE_Standalone_Run\production_outputs\cache\production_single_run\00000000000008a142c7383056d5deb0.pkl,gfe-final-production-v2-00000000000003f329a2,same-machine protocol record replayed from cache,"{""protocol_id"": ""main-fig8-comparable-end-to-end-v2"", ""scope"": ""fresh command construction from declared inputs through terminal host phase: problem/objective initialization, acoustic transfer construction, applicable host-to-device transfer, compilation/warmup, device synchronization, native solve, and result extraction included; independent mechanical validation, cache retrieval, table export, and rendering excluded"", ""backend"": ""numpy/scipy-cpu"", ""problem_initialization_s"": 0.0004028999974252656, ""acoustic_transfer_construction_s"": 0.0027937999984715134, ""device_transfer_s"": null, ""compilation_warmup_s"": null, ""pre_solve_synchronization_s"": null, ""solve_s"": 31.526540599996224, ""post_solve_synchronization_s"": null, ""result_extraction_s"": 5.800000508315861e-06, ""orchestration_overhead_s"": 6.50000583846122e-06, ""total_s"": 31.529749599998468, ""device_transfer_status"": ""not_applicable_synchronous_cpu"", ""compilation_warmup_status"": ""not_applicable_synchronous_cpu"", ""pre_solve_synchronization_status"": ""not_applicable_synchronous_cpu"", ""post_solve_synchronization_status"": ""not_applicable_synchronous_cpu"", ""decomposition_complete"": true, ""comparable_total"": true, ""exclusion_reason"": null}",controlled,BFGS,{},native,True,full,PRODUCTION,True,False,main-fig8-comparable-end-to-end-v2,"fresh command construction from declared inputs through terminal host phase: problem/objective initialization, acoustic transfer construction, applicable host-to-device transfer, compilation/warmup, device synchronization, native solve, and result extraction included; independent mechanical validation, cache retrieval, table export, and rendering excluded",numpy/scipy-cpu,True,,0.0004028999974252656,0.0027937999984715134,N/A,N/A,N/A,31.526540599996224,N/A,5.800000508315861e-06,6.50000583846122e-06,31.529749599998468,not_applicable_synchronous_cpu,not_applicable_synchronous_cpu,not_applicable_synchronous_cpu,not_applicable_synchronous_cpu,True,31.529749599998468,0.0,0.0,0.05,7,Figure 3 root paired initializations,GFE,GFE
GFE,Single,731661603,10.0,10000,10000,10000,34,39,-0.059043675484083416,3.682693929128724e-08,3.682693929128724e-08,3.682693929128724e-08,2.306192395052219e-09,9.55286701753513e-09,True,N m^-1 rad^-1,native optimized-objective gradient,True,0,CONVERGENCE: NORM OF PROJECTED GRADIENT <= PGTOL,True,0,CONVERGENCE: NORM OF PROJECTED GRADIENT <= PGTOL,0.0040551999991294,0.0040551999991294,FESolveResult history interval; objective/transfer construction excluded; not used for cross-method ranking,000000000000080f30233a3a45101faa,000000000000080f4bebd0501ab90354,1.1142852793561358e-06,1.1142852793561358e-06,cached,C:\RINENG_COMPACT_FULL_20260920\RINENG_GFE_Standalone_Run\production_outputs\cache\production_single_run\000000000000092dee47d566ffc60e68.pkl,C:\RINENG_COMPACT_FULL_20260920\RINENG_GFE_Standalone_Run\production_outputs\cache\production_single_run\000000000000092dee47d566ffc60e68.pkl,gfe-final-production-v2-00000000000003f329a2,same-machine protocol record replayed from cache,"{""protocol_id"": ""main-fig8-comparable-end-to-end-v2"", ""scope"": ""fresh command construction from declared inputs through terminal host phase: problem/objective initialization, acoustic transfer construction, applicable host-to-device transfer, compilation/warmup, device synchronization, native solve, and result extraction included; independent mechanical validation, cache retrieval, table export, and rendering excluded"", ""backend"": ""numpy/scipy-cpu"", ""problem_initialization_s"": 0.00041789999522734433, ""acoustic_transfer_construction_s"": 0.005297900002915412, ""device_transfer_s"": null, ""compilation_warmup_s"": null, ""pre_solve_synchronization_s"": null, ""solve_s"": 0.0045516999962273985, ""post_solve_synchronization_s"": null, ""result_extraction_s"": 2.1000014385208488e-06, ""orchestration_overhead_s"": 5.2000104915350676e-06, ""total_s"": 0.010274800006300211, ""device_transfer_status"": ""not_applicable_synchronous_cpu"", ""compilation_warmup_status"": ""not_applicable_synchronous_cpu"", ""pre_solve_synchronization_status"": ""not_applicable_synchronous_cpu"", ""post_solve_synchronization_status"": ""not_applicable_synchronous_cpu"", ""decomposition_complete"": true, ""comparable_total"": true, ""exclusion_reason"": null}",controlled,L-BFGS-B,"{""ftol"": 0.0, ""maxcor"": 10, ""maxfun"": 1000000, ""maxls"": 40}",compact-single-float64-v1,True,full,PRODUCTION,True,True,main-fig8-comparable-end-to-end-v2,"fresh command construction from declared inputs through terminal host phase: problem/objective initialization, acoustic transfer construction, applicable host-to-device transfer, compilation/warmup, device synchronization, native solve, and result extraction included; independent mechanical validation, cache retrieval, table export, and rendering excluded",numpy/scipy-cpu,True,,0.00041789999522734433,0.005297900002915412,N/A,N/A,N/A,0.0045516999962273985,N/A,2.1000014385208488e-06,5.2000104915350676e-06,0.010274800006300211,not_applicable_synchronous_cpu,not_applicable_synchronous_cpu,not_applicable_synchronous_cpu,not_applicable_synchronous_cpu,True,0.010274800006300211,0.0,0.0,0.05,7,Figure 3 root paired initializations,GFE,GFE
Conventional,Single,764705224,0.0,10000,10000,10000,7288,9184,-51.61931226774069,675.0230117934802,675.0230117934802,675.0230117934802,42.271580702653466,147.0933835524472,False,N m^-1 rad^-1,native optimized-objective gradient,False,2,Desired error not necessarily achieved due to precision loss.,False,2,Desired error not necessarily achieved due to precision loss.,35.77931009999884,35.77931009999884,FESolveResult history interval; objective/transfer construction excluded; not used for cross-method ranking,000000000000080fe8d4de4afba52e6d,000000000000080f33afff307bca1e2c,0.0,0.0,cached,C:\RINENG_COMPACT_FULL_20260920\RINENG_GFE_Standalone_Run\production_outputs\cache\production_single_run\00000000000008a1164114c3e405df49.pkl,C:\RINENG_COMPACT_FULL_20260920\RINENG_GFE_Standalone_Run\production_outputs\cache\production_single_run\00000000000008a1164114c3e405df49.pkl,gfe-final-production-v2-00000000000003f329a2,same-machine protocol record replayed from cache,"{""protocol_id"": ""main-fig8-comparable-end-to-end-v2"", ""scope"": ""fresh command construction from declared inputs through terminal host phase: problem/objective initialization, acoustic transfer construction, applicable host-to-device transfer, compilation/warmup, device synchronization, native solve, and result extraction included; independent mechanical validation, cache retrieval, table export, and rendering excluded"", ""backend"": ""numpy/scipy-cpu"", ""problem_initialization_s"": 0.0004081000079168007, ""acoustic_transfer_construction_s"": 0.00271499999507796, ""device_transfer_s"": null, ""compilation_warmup_s"": null, ""pre_solve_synchronization_s"": null, ""solve_s"": 35.843326300004264, ""post_solve_synchronization_s"": null, ""result_extraction_s"": 5.699999746866524e-06, ""orchestration_overhead_s"": 6.799993570894003e-06, ""total_s"": 35.84646190000058, ""device_transfer_status"": ""not_applicable_synchronous_cpu"", ""compilation_warmup_status"": ""not_applicable_synchronous_cpu"", ""pre_solve_synchronization_status"": ""not_applicable_synchronous_cpu"", ""post_solve_synchronization_status"": ""not_applicable_synchronous_cpu"", ""decomposition_complete"": true, ""comparable_total"": true, ""exclusion_reason"": null}",controlled,BFGS,{},native,True,full,PRODUCTION,True,False,main-fig8-comparable-end-to-end-v2,"fresh command construction from declared inputs through terminal host phase: problem/objective initialization, acoustic transfer construction, applicable host-to-device transfer, compilation/warmup, device synchronization, native solve, and result extraction included; independent mechanical validation, cache retrieval, table export, and rendering excluded",numpy/scipy-cpu,True,,0.0004081000079168007,0.00271499999507796,N/A,N/A,N/A,35.843326300004264,N/A,5.699999746866524e-06,6.799993570894003e-06,35.84646190000058,not_applicable_synchronous_cpu,not_applicable_synchronous_cpu,not_applicable_synchronous_cpu,not_applicable_synchronous_cpu,True,35.84646190000058,0.0,0.0,0.05,8,Figure 3 root paired initializations,GFE,GFE
GFE,Single,764705224,10.0,10000,10000,10000,35,42,-0.05904367548456665,2.1985509925171586e-08,2.1985509925171586e-08,2.1985509925171586e-08,1.3767860367036095e-09,5.918649956196385e-09,True,N m^-1 rad^-1,native optimized-objective gradient,True,0,CONVERGENCE: NORM OF PROJECTED GRADIENT <= PGTOL,True,0,CONVERGENCE: NORM OF PROJECTED GRADIENT <= PGTOL,0.009906799998134375,0.009906799998134375,FESolveResult history interval; objective/transfer construction excluded; not used for cross-method ranking,000000000000080f9f17e97d08361763,000000000000080f33afff307bca1e2c,1.1142852793561358e-06,1.1142852793561358e-06,cached,C:\RINENG_COMPACT_FULL_20260920\RINENG_GFE_Standalone_Run\production_outputs\cache\production_single_run\000000000000092dc6efca929afd0f01.pkl,C:\RINENG_COMPACT_FULL_20260920\RINENG_GFE_Standalone_Run\production_outputs\cache\production_single_run\000000000000092dc6efca929afd0f01.pkl,gfe-final-production-v2-00000000000003f329a2,same-machine protocol record replayed from cache,"{""protocol_id"": ""main-fig8-comparable-end-to-end-v2"", ""scope"": ""fresh command construction from declared inputs through terminal host phase: problem/objective initialization, acoustic transfer construction, applicable host-to-device transfer, compilation/warmup, device synchronization, native solve, and result extraction included; independent mechanical validation, cache retrieval, table export, and rendering excluded"", ""backend"": ""numpy/scipy-cpu"", ""problem_initialization_s"": 0.0007442999922204763, ""acoustic_transfer_construction_s"": 0.004480699994019233, ""device_transfer_s"": null, ""compilation_warmup_s"": null, ""pre_solve_synchronization_s"": null, ""solve_s"": 0.011089499996160157, ""post_solve_synchronization_s"": null, ""result_extraction_s"": 3.5999983083456755e-06, ""orchestration_overhead_s"": 7.400027243420482e-06, ""total_s"": 0.016325500007951632, ""device_transfer_status"": ""not_applicable_synchronous_cpu"", ""compilation_warmup_status"": ""not_applicable_synchronous_cpu"", ""pre_solve_synchronization_status"": ""not_applicable_synchronous_cpu"", ""post_solve_synchronization_status"": ""not_applicable_synchronous_cpu"", ""decomposition_complete"": true, ""comparable_total"": true, ""exclusion_reason"": null}",controlled,L-BFGS-B,"{""ftol"": 0.0, ""maxcor"": 10, ""maxfun"": 1000000, ""maxls"": 40}",compact-single-float64-v1,True,full,PRODUCTION,True,True,main-fig8-comparable-end-to-end-v2,"fresh command construction from declared inputs through terminal host phase: problem/objective initialization, acoustic transfer construction, applicable host-to-device transfer, compilation/warmup, device synchronization, native solve, and result extraction included; independent mechanical validation, cache retrieval, table export, and rendering excluded",numpy/scipy-cpu,True,,0.0007442999922204763,0.004480699994019233,N/A,N/A,N/A,0.011089499996160157,N/A,3.5999983083456755e-06,7.400027243420482e-06,0.016325500007951632,not_applicable_synchronous_cpu,not_applicable_synchronous_cpu,not_applicable_synchronous_cpu,not_applicable_synchronous_cpu,True,0.016325500007951632,0.0,0.0,0.05,8,Figure 3 root paired initializations,GFE,GFE
Conventional,Single,991245467,0.0,10000,10000,10000,7118,8864,-53.454134228337466,679.5791336926684,679.5791336926684,679.5791336926684,42.55689612329513,156.01469241390606,False,N m^-1 rad^-1,native optimized-objective gradient,False,2,Desired error not necessarily achieved due to precision loss.,False,2,Desired error not necessarily achieved due to precision loss.,36.47520760000043,36.47520760000043,FESolveResult history interval; objective/transfer construction excluded; not used for cross-method ranking,000000000000080f2d6acc2ae963114d,000000000000080f90b0899911191c66,0.0,0.0,cached,C:\RINENG_COMPACT_FULL_20260920\RINENG_GFE_Standalone_Run\production_outputs\cache\production_single_run\00000000000008a1a6ff5eb46bbfde19.pkl,C:\RINENG_COMPACT_FULL_20260920\RINENG_GFE_Standalone_Run\production_outputs\cache\production_single_run\00000000000008a1a6ff5eb46bbfde19.pkl,gfe-final-production-v2-00000000000003f329a2,same-machine protocol record replayed from cache,"{""protocol_id"": ""main-fig8-comparable-end-to-end-v2"", ""scope"": ""fresh command construction from declared inputs through terminal host phase: problem/objective initialization, acoustic transfer construction, applicable host-to-device transfer, compilation/warmup, device synchronization, native solve, and result extraction included; independent mechanical validation, cache retrieval, table export, and rendering excluded"", ""backend"": ""numpy/scipy-cpu"", ""problem_initialization_s"": 0.0003704999980982393, ""acoustic_transfer_construction_s"": 0.0026445000112289563, ""device_transfer_s"": null, ""compilation_warmup_s"": null, ""pre_solve_synchronization_s"": null, ""solve_s"": 36.53784889999952, ""post_solve_synchronization_s"": null, ""result_extraction_s"": 6.000002031214535e-06, ""orchestration_overhead_s"": 6.199989002197981e-06, ""total_s"": 36.54087609999988, ""device_transfer_status"": ""not_applicable_synchronous_cpu"", ""compilation_warmup_status"": ""not_applicable_synchronous_cpu"", ""pre_solve_synchronization_status"": ""not_applicable_synchronous_cpu"", ""post_solve_synchronization_status"": ""not_applicable_synchronous_cpu"", ""decomposition_complete"": true, ""comparable_total"": true, ""exclusion_reason"": null}",controlled,BFGS,{},native,True,full,PRODUCTION,True,False,main-fig8-comparable-end-to-end-v2,"fresh command construction from declared inputs through terminal host phase: problem/objective initialization, acoustic transfer construction, applicable host-to-device transfer, compilation/warmup, device synchronization, native solve, and result extraction included; independent mechanical validation, cache retrieval, table export, and rendering excluded",numpy/scipy-cpu,True,,0.0003704999980982393,0.0026445000112289563,N/A,N/A,N/A,36.53784889999952,N/A,6.000002031214535e-06,6.199989002197981e-06,36.54087609999988,not_applicable_synchronous_cpu,not_applicable_synchronous_cpu,not_applicable_synchronous_cpu,not_applicable_synchronous_cpu,True,36.54087609999988,0.0,0.0,0.05,9,Figure 3 root paired initializations,GFE,GFE
GFE,Single,991245467,10.0,10000,10000,10000,34,41,-0.05904367548509864,1.0540038080774459e-08,1.0540038080774459e-08,1.0540038080774459e-08,6.600427875143465e-10,3.109194178434046e-09,True,N m^-1 rad^-1,native optimized-objective gradient,True,0,CONVERGENCE: NORM OF PROJECTED GRADIENT <= PGTOL,True,0,CONVERGENCE: NORM OF PROJECTED GRADIENT <= PGTOL,0.0039689999975962564,0.0039689999975962564,FESolveResult history interval; objective/transfer construction excluded; not used for cross-method ranking,000000000000080f388ddd30f9a019af,000000000000080f90b0899911191c66,1.1142852793561358e-06,1.1142852793561358e-06,cached,C:\RINENG_COMPACT_FULL_20260920\RINENG_GFE_Standalone_Run\production_outputs\cache\production_single_run\000000000000092d07f87adc05470dd1.pkl,C:\RINENG_COMPACT_FULL_20260920\RINENG_GFE_Standalone_Run\production_outputs\cache\production_single_run\000000000000092d07f87adc05470dd1.pkl,gfe-final-production-v2-00000000000003f329a2,same-machine protocol record replayed from cache,"{""protocol_id"": ""main-fig8-comparable-end-to-end-v2"", ""scope"": ""fresh command construction from declared inputs through terminal host phase: problem/objective initialization, acoustic transfer construction, applicable host-to-device transfer, compilation/warmup, device synchronization, native solve, and result extraction included; independent mechanical validation, cache retrieval, table export, and rendering excluded"", ""backend"": ""numpy/scipy-cpu"", ""problem_initialization_s"": 0.0004931000003125519, ""acoustic_transfer_construction_s"": 0.0039032000058796257, ""device_transfer_s"": null, ""compilation_warmup_s"": null, ""pre_solve_synchronization_s"": null, ""solve_s"": 0.004468400002224371, ""post_solve_synchronization_s"": null, ""result_extraction_s"": 2.4000037228688598e-06, ""orchestration_overhead_s"": 5.199981387704611e-06, ""total_s"": 0.008872299993527122, ""device_transfer_status"": ""not_applicable_synchronous_cpu"", ""compilation_warmup_status"": ""not_applicable_synchronous_cpu"", ""pre_solve_synchronization_status"": ""not_applicable_synchronous_cpu"", ""post_solve_synchronization_status"": ""not_applicable_synchronous_cpu"", ""decomposition_complete"": true, ""comparable_total"": true, ""exclusion_reason"": null}",controlled,L-BFGS-B,"{""ftol"": 0.0, ""maxcor"": 10, ""maxfun"": 1000000, ""maxls"": 40}",compact-single-float64-v1,True,full,PRODUCTION,True,True,main-fig8-comparable-end-to-end-v2,"fresh command construction from declared inputs through terminal host phase: problem/objective initialization, acoustic transfer construction, applicable host-to-device transfer, compilation/warmup, device synchronization, native solve, and result extraction included; independent mechanical validation, cache retrieval, table export, and rendering excluded",numpy/scipy-cpu,True,,0.0004931000003125519,0.0039032000058796257,N/A,N/A,N/A,0.004468400002224371,N/A,2.4000037228688598e-06,5.199981387704611e-06,0.008872299993527122,not_applicable_synchronous_cpu,not_applicable_synchronous_cpu,not_applicable_synchronous_cpu,not_applicable_synchronous_cpu,True,0.008872299993527122,0.0,0.0,0.05,9,Figure 3 root paired initializations,GFE,GFE
Conventional,Single,260828,0.0,10000,10000,10000,5538,6942,-55.00254061295359,676.9975486042606,676.9975486042606,676.9975486042606,42.395230994108715,145.2556897731796,False,N m^-1 rad^-1,native optimized-objective gradient,False,2,Desired error not necessarily achieved due to precision loss.,False,2,Desired error not necessarily achieved due to precision loss.,27.27006579999579,27.27006579999579,FESolveResult history interval; objective/transfer construction excluded; not used for cross-method ranking,000000000000080faa0da17d5e30094f,000000000000080f897ccb5ce6f61803,0.0,0.0,cached,C:\RINENG_COMPACT_FULL_20260920\RINENG_GFE_Standalone_Run\production_outputs\cache\production_single_run\000000000000089e049003379870de35.pkl,C:\RINENG_COMPACT_FULL_20260920\RINENG_GFE_Standalone_Run\production_outputs\cache\production_single_run\000000000000089e049003379870de35.pkl,gfe-final-production-v2-00000000000003f329a2,same-machine protocol record replayed from cache,"{""protocol_id"": ""main-fig8-comparable-end-to-end-v2"", ""scope"": ""fresh command construction from declared inputs through terminal host phase: problem/objective initialization, acoustic transfer construction, applicable host-to-device transfer, compilation/warmup, device synchronization, native solve, and result extraction included; independent mechanical validation, cache retrieval, table export, and rendering excluded"", ""backend"": ""numpy/scipy-cpu"", ""problem_initialization_s"": 0.00034950001281686127, ""acoustic_transfer_construction_s"": 0.00261060000048019, ""device_transfer_s"": null, ""compilation_warmup_s"": null, ""pre_solve_synchronization_s"": null, ""solve_s"": 27.319839400006458, ""post_solve_synchronization_s"": null, ""result_extraction_s"": 5.599998985417187e-06, ""orchestration_overhead_s"": 6.2999752117320895e-06, ""total_s"": 27.322811399993952, ""device_transfer_status"": ""not_applicable_synchronous_cpu"", ""compilation_warmup_status"": ""not_applicable_synchronous_cpu"", ""pre_solve_synchronization_status"": ""not_applicable_synchronous_cpu"", ""post_solve_synchronization_status"": ""not_applicable_synchronous_cpu"", ""decomposition_complete"": true, ""comparable_total"": true, ""exclusion_reason"": null}",controlled,BFGS,{},native,True,full,PRODUCTION,True,False,main-fig8-comparable-end-to-end-v2,"fresh command construction from declared inputs through terminal host phase: problem/objective initialization, acoustic transfer construction, applicable host-to-device transfer, compilation/warmup, device synchronization, native solve, and result extraction included; independent mechanical validation, cache retrieval, table export, and rendering excluded",numpy/scipy-cpu,True,,0.00034950001281686127,0.00261060000048019,N/A,N/A,N/A,27.319839400006458,N/A,5.599998985417187e-06,6.2999752117320895e-06,27.322811399993952,not_applicable_synchronous_cpu,not_applicable_synchronous_cpu,not_applicable_synchronous_cpu,not_applicable_synchronous_cpu,True,27.322811399993952,0.0,0.0,0.05,10,Figure 3 root paired initializations,GFE,GFE
GFE,Single,260828,10.0,10000,10000,10000,37,44,-0.059043675484404375,3.0990934113049095e-08,3.0990934113049095e-08,3.0990934113049095e-08,1.9407275745010747e-09,6.320541914298822e-09,True,N m^-1 rad^-1,native optimized-objective gradient,True,0,CONVERGENCE: NORM OF PROJECTED GRADIENT <= PGTOL,True,0,CONVERGENCE: NORM OF PROJECTED GRADIENT <= PGTOL,0.004567099997075275,0.004567099997075275,FESolveResult history interval; objective/transfer construction excluded; not used for cross-method ranking,000000000000080f98b9c37edcbb222a,000000000000080f897ccb5ce6f61803,1.1142852793561358e-06,1.1142852793561358e-06,cached,C:\RINENG_COMPACT_FULL_20260920\RINENG_GFE_Standalone_Run\production_outputs\cache\production_single_run\000000000000092aae626984b5060ded.pkl,C:\RINENG_COMPACT_FULL_20260920\RINENG_GFE_Standalone_Run\production_outputs\cache\production_single_run\000000000000092aae626984b5060ded.pkl,gfe-final-production-v2-00000000000003f329a2,same-machine protocol record replayed from cache,"{""protocol_id"": ""main-fig8-comparable-end-to-end-v2"", ""scope"": ""fresh command construction from declared inputs through terminal host phase: problem/objective initialization, acoustic transfer construction, applicable host-to-device transfer, compilation/warmup, device synchronization, native solve, and result extraction included; independent mechanical validation, cache retrieval, table export, and rendering excluded"", ""backend"": ""numpy/scipy-cpu"", ""problem_initialization_s"": 0.00043539999751374125, ""acoustic_transfer_construction_s"": 0.003897800008417107, ""device_transfer_s"": null, ""compilation_warmup_s"": null, ""pre_solve_synchronization_s"": null, ""solve_s"": 0.005081700001028366, ""post_solve_synchronization_s"": null, ""result_extraction_s"": 2.5000044843181968e-06, ""orchestration_overhead_s"": 4.599991370923817e-06, ""total_s"": 0.009422000002814457, ""device_transfer_status"": ""not_applicable_synchronous_cpu"", ""compilation_warmup_status"": ""not_applicable_synchronous_cpu"", ""pre_solve_synchronization_status"": ""not_applicable_synchronous_cpu"", ""post_solve_synchronization_status"": ""not_applicable_synchronous_cpu"", ""decomposition_complete"": true, ""comparable_total"": true, ""exclusion_reason"": null}",controlled,L-BFGS-B,"{""ftol"": 0.0, ""maxcor"": 10, ""maxfun"": 1000000, ""maxls"": 40}",compact-single-float64-v1,True,full,PRODUCTION,True,True,main-fig8-comparable-end-to-end-v2,"fresh command construction from declared inputs through terminal host phase: problem/objective initialization, acoustic transfer construction, applicable host-to-device transfer, compilation/warmup, device synchronization, native solve, and result extraction included; independent mechanical validation, cache retrieval, table export, and rendering excluded",numpy/scipy-cpu,True,,0.00043539999751374125,0.003897800008417107,N/A,N/A,N/A,0.005081700001028366,N/A,2.5000044843181968e-06,4.599991370923817e-06,0.009422000002814457,not_applicable_synchronous_cpu,not_applicable_synchronous_cpu,not_applicable_synchronous_cpu,not_applicable_synchronous_cpu,True,0.009422000002814457,0.0,0.0,0.05,10,Figure 3 root paired initializations,GFE,GFE
Conventional,Single,260829,0.0,10000,10000,10000,6385,8017,-55.18483375752099,645.6873867972943,645.6873867972943,645.6873867972943,40.43451260597583,155.56015566181745,False,N m^-1 rad^-1,native optimized-objective gradient,False,2,Desired error not necessarily achieved due to precision loss.,False,2,Desired error not necessarily achieved due to precision loss.,30.579486900009215,30.579486900009215,FESolveResult history interval; objective/transfer construction excluded; not used for cross-method ranking,000000000000080f6aca99125ffe21a5,000000000000080f47e0310959e60c7c,0.0,0.0,cached,C:\RINENG_COMPACT_FULL_20260920\RINENG_GFE_Standalone_Run\production_outputs\cache\production_single_run\000000000000089e522a6ae96df4ddce.pkl,C:\RINENG_COMPACT_FULL_20260920\RINENG_GFE_Standalone_Run\production_outputs\cache\production_single_run\000000000000089e522a6ae96df4ddce.pkl,gfe-final-production-v2-00000000000003f329a2,same-machine protocol record replayed from cache,"{""protocol_id"": ""main-fig8-comparable-end-to-end-v2"", ""scope"": ""fresh command construction from declared inputs through terminal host phase: problem/objective initialization, acoustic transfer construction, applicable host-to-device transfer, compilation/warmup, device synchronization, native solve, and result extraction included; independent mechanical validation, cache retrieval, table export, and rendering excluded"", ""backend"": ""numpy/scipy-cpu"", ""problem_initialization_s"": 0.0003966999938711524, ""acoustic_transfer_construction_s"": 0.0026129000034416094, ""device_transfer_s"": null, ""compilation_warmup_s"": null, ""pre_solve_synchronization_s"": null, ""solve_s"": 30.63702700000431, ""post_solve_synchronization_s"": null, ""result_extraction_s"": 6.100002792663872e-06, ""orchestration_overhead_s"": 6.400005077011883e-06, ""total_s"": 30.64004910000949, ""device_transfer_status"": ""not_applicable_synchronous_cpu"", ""compilation_warmup_status"": ""not_applicable_synchronous_cpu"", ""pre_solve_synchronization_status"": ""not_applicable_synchronous_cpu"", ""post_solve_synchronization_status"": ""not_applicable_synchronous_cpu"", ""decomposition_complete"": true, ""comparable_total"": true, ""exclusion_reason"": null}",controlled,BFGS,{},native,True,full,PRODUCTION,True,False,main-fig8-comparable-end-to-end-v2,"fresh command construction from declared inputs through terminal host phase: problem/objective initialization, acoustic transfer construction, applicable host-to-device transfer, compilation/warmup, device synchronization, native solve, and result extraction included; independent mechanical validation, cache retrieval, table export, and rendering excluded",numpy/scipy-cpu,True,,0.0003966999938711524,0.0026129000034416094,N/A,N/A,N/A,30.63702700000431,N/A,6.100002792663872e-06,6.400005077011883e-06,30.64004910000949,not_applicable_synchronous_cpu,not_applicable_synchronous_cpu,not_applicable_synchronous_cpu,not_applicable_synchronous_cpu,True,30.64004910000949,0.0,0.0,0.05,11,Figure 3 root paired initializations,GFE,GFE
GFE,Single,260829,10.0,10000,10000,10000,34,39,-0.05904367548419767,4.0671800753059755e-08,4.0671800753059755e-08,4.0671800753059755e-08,2.5469669593741296e-09,9.61488616636679e-09,True,N m^-1 rad^-1,native optimized-objective gradient,True,0,CONVERGENCE: NORM OF PROJECTED GRADIENT <= PGTOL,True,0,CONVERGENCE: NORM OF PROJECTED GRADIENT <= PGTOL,0.004221499999403022,0.004221499999403022,FESolveResult history interval; objective/transfer construction excluded; not used for cross-method ranking,000000000000080f0ccc37e7fe141c14,000000000000080f47e0310959e60c7c,1.1142852793561358e-06,1.1142852793561358e-06,cached,C:\RINENG_COMPACT_FULL_20260920\RINENG_GFE_Standalone_Run\production_outputs\cache\production_single_run\000000000000092a67aabace80ca0d86.pkl,C:\RINENG_COMPACT_FULL_20260920\RINENG_GFE_Standalone_Run\production_outputs\cache\production_single_run\000000000000092a67aabace80ca0d86.pkl,gfe-final-production-v2-00000000000003f329a2,same-machine protocol record replayed from cache,"{""protocol_id"": ""main-fig8-comparable-end-to-end-v2"", ""scope"": ""fresh command construction from declared inputs through terminal host phase: problem/objective initialization, acoustic transfer construction, applicable host-to-device transfer, compilation/warmup, device synchronization, native solve, and result extraction included; independent mechanical validation, cache retrieval, table export, and rendering excluded"", ""backend"": ""numpy/scipy-cpu"", ""problem_initialization_s"": 0.00038049998693168163, ""acoustic_transfer_construction_s"": 0.003595000001951121, ""device_transfer_s"": null, ""compilation_warmup_s"": null, ""pre_solve_synchronization_s"": null, ""solve_s"": 0.004643599997507408, ""post_solve_synchronization_s"": null, ""result_extraction_s"": 2.0000006770715117e-06, ""orchestration_overhead_s"": 4.8000074457377195e-06, ""total_s"": 0.00862589999451302, ""device_transfer_status"": ""not_applicable_synchronous_cpu"", ""compilation_warmup_status"": ""not_applicable_synchronous_cpu"", ""pre_solve_synchronization_status"": ""not_applicable_synchronous_cpu"", ""post_solve_synchronization_status"": ""not_applicable_synchronous_cpu"", ""decomposition_complete"": true, ""comparable_total"": true, ""exclusion_reason"": null}",controlled,L-BFGS-B,"{""ftol"": 0.0, ""maxcor"": 10, ""maxfun"": 1000000, ""maxls"": 40}",compact-single-float64-v1,True,full,PRODUCTION,True,True,main-fig8-comparable-end-to-end-v2,"fresh command construction from declared inputs through terminal host phase: problem/objective initialization, acoustic transfer construction, applicable host-to-device transfer, compilation/warmup, device synchronization, native solve, and result extraction included; independent mechanical validation, cache retrieval, table export, and rendering excluded",numpy/scipy-cpu,True,,0.00038049998693168163,0.003595000001951121,N/A,N/A,N/A,0.004643599997507408,N/A,2.0000006770715117e-06,4.8000074457377195e-06,0.00862589999451302,not_applicable_synchronous_cpu,not_applicable_synchronous_cpu,not_applicable_synchronous_cpu,not_applicable_synchronous_cpu,True,0.00862589999451302,0.0,0.0,0.05,11,Figure 3 root paired initializations,GFE,GFE
Conventional,Single,260830,0.0,10000,10000,10000,7974,9887,-53.57869909147282,705.870564334722,705.870564334722,705.870564334722,44.20332937483857,151.2639511000687,False,N m^-1 rad^-1,native optimized-objective gradient,False,2,Desired error not necessarily achieved due to precision loss.,False,2,Desired error not necessarily achieved due to precision loss.,38.54441990000487,38.54441990000487,FESolveResult history interval; objective/transfer construction excluded; not used for cross-method ranking,000000000000080ff424513df87002b8,000000000000080fa1add3eabca6f75c,0.0,0.0,cached,C:\RINENG_COMPACT_FULL_20260920\RINENG_GFE_Standalone_Run\production_outputs\cache\production_single_run\000000000000089ecab7f72a2893df08.pkl,C:\RINENG_COMPACT_FULL_20260920\RINENG_GFE_Standalone_Run\production_outputs\cache\production_single_run\000000000000089ecab7f72a2893df08.pkl,gfe-final-production-v2-00000000000003f329a2,same-machine protocol record replayed from cache,"{""protocol_id"": ""main-fig8-comparable-end-to-end-v2"", ""scope"": ""fresh command construction from declared inputs through terminal host phase: problem/objective initialization, acoustic transfer construction, applicable host-to-device transfer, compilation/warmup, device synchronization, native solve, and result extraction included; independent mechanical validation, cache retrieval, table export, and rendering excluded"", ""backend"": ""numpy/scipy-cpu"", ""problem_initialization_s"": 0.0006084999913582578, ""acoustic_transfer_construction_s"": 0.002856100007193163, ""device_transfer_s"": null, ""compilation_warmup_s"": null, ""pre_solve_synchronization_s"": null, ""solve_s"": 38.62184019999404, ""post_solve_synchronization_s"": null, ""result_extraction_s"": 8.000002708286047e-06, ""orchestration_overhead_s"": 1.309999788645655e-05, ""total_s"": 38.625325899993186, ""device_transfer_status"": ""not_applicable_synchronous_cpu"", ""compilation_warmup_status"": ""not_applicable_synchronous_cpu"", ""pre_solve_synchronization_status"": ""not_applicable_synchronous_cpu"", ""post_solve_synchronization_status"": ""not_applicable_synchronous_cpu"", ""decomposition_complete"": true, ""comparable_total"": true, ""exclusion_reason"": null}",controlled,BFGS,{},native,True,full,PRODUCTION,True,False,main-fig8-comparable-end-to-end-v2,"fresh command construction from declared inputs through terminal host phase: problem/objective initialization, acoustic transfer construction, applicable host-to-device transfer, compilation/warmup, device synchronization, native solve, and result extraction included; independent mechanical validation, cache retrieval, table export, and rendering excluded",numpy/scipy-cpu,True,,0.0006084999913582578,0.002856100007193163,N/A,N/A,N/A,38.62184019999404,N/A,8.000002708286047e-06,1.309999788645655e-05,38.625325899993186,not_applicable_synchronous_cpu,not_applicable_synchronous_cpu,not_applicable_synchronous_cpu,not_applicable_synchronous_cpu,True,38.625325899993186,0.0,0.0,0.05,12,Figure 3 root paired initializations,GFE,GFE
GFE,Single,260830,10.0,10000,10000,10000,33,37,-0.059043675484548426,2.3035041586705114e-08,2.3035041586705114e-08,2.3035041586705114e-08,1.4425102587751347e-09,5.880048001506967e-09,True,N m^-1 rad^-1,native optimized-objective gradient,True,0,CONVERGENCE: NORM OF PROJECTED GRADIENT <= PGTOL,True,0,CONVERGENCE: NORM OF PROJECTED GRADIENT <= PGTOL,0.0037375999963842332,0.0037375999963842332,FESolveResult history interval; objective/transfer construction excluded; not used for cross-method ranking,000000000000080f4b31820442f80faf,000000000000080fa1add3eabca6f75c,1.1142852793561358e-06,1.1142852793561358e-06,cached,C:\RINENG_COMPACT_FULL_20260920\RINENG_GFE_Standalone_Run\production_outputs\cache\production_single_run\000000000000092ab8e3089c59990ec0.pkl,C:\RINENG_COMPACT_FULL_20260920\RINENG_GFE_Standalone_Run\production_outputs\cache\production_single_run\000000000000092ab8e3089c59990ec0.pkl,gfe-final-production-v2-00000000000003f329a2,same-machine protocol record replayed from cache,"{""protocol_id"": ""main-fig8-comparable-end-to-end-v2"", ""scope"": ""fresh command construction from declared inputs through terminal host phase: problem/objective initialization, acoustic transfer construction, applicable host-to-device transfer, compilation/warmup, device synchronization, native solve, and result extraction included; independent mechanical validation, cache retrieval, table export, and rendering excluded"", ""backend"": ""numpy/scipy-cpu"", ""problem_initialization_s"": 0.00038979999953880906, ""acoustic_transfer_construction_s"": 0.0038333999982569367, ""device_transfer_s"": null, ""compilation_warmup_s"": null, ""pre_solve_synchronization_s"": null, ""solve_s"": 0.004192799999145791, ""post_solve_synchronization_s"": null, ""result_extraction_s"": 2.1000014385208488e-06, ""orchestration_overhead_s"": 4.999994416721165e-06, ""total_s"": 0.008423099992796779, ""device_transfer_status"": ""not_applicable_synchronous_cpu"", ""compilation_warmup_status"": ""not_applicable_synchronous_cpu"", ""pre_solve_synchronization_status"": ""not_applicable_synchronous_cpu"", ""post_solve_synchronization_status"": ""not_applicable_synchronous_cpu"", ""decomposition_complete"": true, ""comparable_total"": true, ""exclusion_reason"": null}",controlled,L-BFGS-B,"{""ftol"": 0.0, ""maxcor"": 10, ""maxfun"": 1000000, ""maxls"": 40}",compact-single-float64-v1,True,full,PRODUCTION,True,True,main-fig8-comparable-end-to-end-v2,"fresh command construction from declared inputs through terminal host phase: problem/objective initialization, acoustic transfer construction, applicable host-to-device transfer, compilation/warmup, device synchronization, native solve, and result extraction included; independent mechanical validation, cache retrieval, table export, and rendering excluded",numpy/scipy-cpu,True,,0.00038979999953880906,0.0038333999982569367,N/A,N/A,N/A,0.004192799999145791,N/A,2.1000014385208488e-06,4.999994416721165e-06,0.008423099992796779,not_applicable_synchronous_cpu,not_applicable_synchronous_cpu,not_applicable_synchronous_cpu,not_applicable_synchronous_cpu,True,0.008423099992796779,0.0,0.0,0.05,12,Figure 3 root paired initializations,GFE,GFE
Conventional,Single,260831,0.0,10000,10000,10000,5292,6802,-52.023006172097546,706.4730522960156,706.4730522960156,706.4730522960156,44.24105863448341,155.7803846622239,False,N m^-1 rad^-1,native optimized-objective gradient,False,2,Desired error not necessarily achieved due to precision loss.,False,2,Desired error not necessarily achieved due to precision loss.,25.797712800005684,25.797712800005684,FESolveResult history interval; objective/transfer construction excluded; not used for cross-method ranking,000000000000080f4355c36e6ee712cd,000000000000080ff251efed212f38ea,0.0,0.0,cached,C:\RINENG_COMPACT_FULL_20260920\RINENG_GFE_Standalone_Run\production_outputs\cache\production_single_run\000000000000089e2b5a54be0f79de82.pkl,C:\RINENG_COMPACT_FULL_20260920\RINENG_GFE_Standalone_Run\production_outputs\cache\production_single_run\000000000000089e2b5a54be0f79de82.pkl,gfe-final-production-v2-00000000000003f329a2,same-machine protocol record replayed from cache,"{""protocol_id"": ""main-fig8-comparable-end-to-end-v2"", ""scope"": ""fresh command construction from declared inputs through terminal host phase: problem/objective initialization, acoustic transfer construction, applicable host-to-device transfer, compilation/warmup, device synchronization, native solve, and result extraction included; independent mechanical validation, cache retrieval, table export, and rendering excluded"", ""backend"": ""numpy/scipy-cpu"", ""problem_initialization_s"": 0.00037549999251496047, ""acoustic_transfer_construction_s"": 0.002653700008522719, ""device_transfer_s"": null, ""compilation_warmup_s"": null, ""pre_solve_synchronization_s"": null, ""solve_s"": 25.84622720000334, ""post_solve_synchronization_s"": null, ""result_extraction_s"": 5.699999746866524e-06, ""orchestration_overhead_s"": 6.599992047995329e-06, ""total_s"": 25.849268699996173, ""device_transfer_status"": ""not_applicable_synchronous_cpu"", ""compilation_warmup_status"": ""not_applicable_synchronous_cpu"", ""pre_solve_synchronization_status"": ""not_applicable_synchronous_cpu"", ""post_solve_synchronization_status"": ""not_applicable_synchronous_cpu"", ""decomposition_complete"": true, ""comparable_total"": true, ""exclusion_reason"": null}",controlled,BFGS,{},native,True,full,PRODUCTION,True,False,main-fig8-comparable-end-to-end-v2,"fresh command construction from declared inputs through terminal host phase: problem/objective initialization, acoustic transfer construction, applicable host-to-device transfer, compilation/warmup, device synchronization, native solve, and result extraction included; independent mechanical validation, cache retrieval, table export, and rendering excluded",numpy/scipy-cpu,True,,0.00037549999251496047,0.002653700008522719,N/A,N/A,N/A,25.84622720000334,N/A,5.699999746866524e-06,6.599992047995329e-06,25.849268699996173,not_applicable_synchronous_cpu,not_applicable_synchronous_cpu,not_applicable_synchronous_cpu,not_applicable_synchronous_cpu,True,25.849268699996173,0.0,0.0,0.05,13,Figure 3 root paired initializations,GFE,GFE
GFE,Single,260831,10.0,10000,10000,10000,43,51,-0.059043675484877975,1.3589442602687906e-08,1.3589442602687906e-08,1.3589442602687906e-08,8.510039060110563e-10,6.576899146141707e-09,True,N m^-1 rad^-1,native optimized-objective gradient,True,0,CONVERGENCE: NORM OF PROJECTED GRADIENT <= PGTOL,True,0,CONVERGENCE: NORM OF PROJECTED GRADIENT <= PGTOL,0.005560299992794171,0.005560299992794171,FESolveResult history interval; objective/transfer construction excluded; not used for cross-method ranking,000000000000080fc84089755638157f,000000000000080ff251efed212f38ea,1.1142852793561358e-06,1.1142852793561358e-06,cached,C:\RINENG_COMPACT_FULL_20260920\RINENG_GFE_Standalone_Run\production_outputs\cache\production_single_run\000000000000092a3ea8114433d70e3a.pkl,C:\RINENG_COMPACT_FULL_20260920\RINENG_GFE_Standalone_Run\production_outputs\cache\production_single_run\000000000000092a3ea8114433d70e3a.pkl,gfe-final-production-v2-00000000000003f329a2,same-machine protocol record replayed from cache,"{""protocol_id"": ""main-fig8-comparable-end-to-end-v2"", ""scope"": ""fresh command construction from declared inputs through terminal host phase: problem/objective initialization, acoustic transfer construction, applicable host-to-device transfer, compilation/warmup, device synchronization, native solve, and result extraction included; independent mechanical validation, cache retrieval, table export, and rendering excluded"", ""backend"": ""numpy/scipy-cpu"", ""problem_initialization_s"": 0.00044460000935941935, ""acoustic_transfer_construction_s"": 0.003909799997927621, ""device_transfer_s"": null, ""compilation_warmup_s"": null, ""pre_solve_synchronization_s"": null, ""solve_s"": 0.00617459999921266, ""post_solve_synchronization_s"": null, ""result_extraction_s"": 2.3999891709536314e-06, ""orchestration_overhead_s"": 4.999994416721165e-06, ""total_s"": 0.010536399990087375, ""device_transfer_status"": ""not_applicable_synchronous_cpu"", ""compilation_warmup_status"": ""not_applicable_synchronous_cpu"", ""pre_solve_synchronization_status"": ""not_applicable_synchronous_cpu"", ""post_solve_synchronization_status"": ""not_applicable_synchronous_cpu"", ""decomposition_complete"": true, ""comparable_total"": true, ""exclusion_reason"": null}",controlled,L-BFGS-B,"{""ftol"": 0.0, ""maxcor"": 10, ""maxfun"": 1000000, ""maxls"": 40}",compact-single-float64-v1,True,full,PRODUCTION,True,True,main-fig8-comparable-end-to-end-v2,"fresh command construction from declared inputs through terminal host phase: problem/objective initialization, acoustic transfer construction, applicable host-to-device transfer, compilation/warmup, device synchronization, native solve, and result extraction included; independent mechanical validation, cache retrieval, table export, and rendering excluded",numpy/scipy-cpu,True,,0.00044460000935941935,0.003909799997927621,N/A,N/A,N/A,0.00617459999921266,N/A,2.3999891709536314e-06,4.999994416721165e-06,0.010536399990087375,not_applicable_synchronous_cpu,not_applicable_synchronous_cpu,not_applicable_synchronous_cpu,not_applicable_synchronous_cpu,True,0.010536399990087375,0.0,0.0,0.05,13,Figure 3 root paired initializations,GFE,GFE
Conventional,Single,260832,0.0,10000,10000,10000,8108,10002,-54.422496670315844,643.748123502507,643.748123502507,643.748123502507,40.313071227775275,156.58571353976177,False,N m^-1 rad^-1,native optimized-objective gradient,False,2,Desired error not necessarily achieved due to precision loss.,False,2,Desired error not necessarily achieved due to precision loss.,39.23862940000254,39.23862940000254,FESolveResult history interval; objective/transfer construction excluded; not used for cross-method ranking,000000000000080f61165c885be3166f,000000000000080fa0dd37be3fd6ff34,0.0,0.0,cached,C:\RINENG_COMPACT_FULL_20260920\RINENG_GFE_Standalone_Run\production_outputs\cache\production_single_run\000000000000089ee49024d69778deb5.pkl,C:\RINENG_COMPACT_FULL_20260920\RINENG_GFE_Standalone_Run\production_outputs\cache\production_single_run\000000000000089ee49024d69778deb5.pkl,gfe-final-production-v2-00000000000003f329a2,same-machine protocol record replayed from cache,"{""protocol_id"": ""main-fig8-comparable-end-to-end-v2"", ""scope"": ""fresh command construction from declared inputs through terminal host phase: problem/objective initialization, acoustic transfer construction, applicable host-to-device transfer, compilation/warmup, device synchronization, native solve, and result extraction included; independent mechanical validation, cache retrieval, table export, and rendering excluded"", ""backend"": ""numpy/scipy-cpu"", ""problem_initialization_s"": 0.00036449999606702477, ""acoustic_transfer_construction_s"": 0.0024956000124802813, ""device_transfer_s"": null, ""compilation_warmup_s"": null, ""pre_solve_synchronization_s"": null, ""solve_s"": 39.3197891000018, ""post_solve_synchronization_s"": null, ""result_extraction_s"": 6.100002792663872e-06, ""orchestration_overhead_s"": 6.099988240748644e-06, ""total_s"": 39.32266140000138, ""device_transfer_status"": ""not_applicable_synchronous_cpu"", ""compilation_warmup_status"": ""not_applicable_synchronous_cpu"", ""pre_solve_synchronization_status"": ""not_applicable_synchronous_cpu"", ""post_solve_synchronization_status"": ""not_applicable_synchronous_cpu"", ""decomposition_complete"": true, ""comparable_total"": true, ""exclusion_reason"": null}",controlled,BFGS,{},native,True,full,PRODUCTION,True,False,main-fig8-comparable-end-to-end-v2,"fresh command construction from declared inputs through terminal host phase: problem/objective initialization, acoustic transfer construction, applicable host-to-device transfer, compilation/warmup, device synchronization, native solve, and result extraction included; independent mechanical validation, cache retrieval, table export, and rendering excluded",numpy/scipy-cpu,True,,0.00036449999606702477,0.0024956000124802813,N/A,N/A,N/A,39.3197891000018,N/A,6.100002792663872e-06,6.099988240748644e-06,39.32266140000138,not_applicable_synchronous_cpu,not_applicable_synchronous_cpu,not_applicable_synchronous_cpu,not_applicable_synchronous_cpu,True,39.32266140000138,0.0,0.0,0.05,14,Figure 3 root paired initializations,GFE,GFE
GFE,Single,260832,10.0,10000,10000,10000,34,43,-0.05904367548404024,3.906686272782108e-08,3.906686272782108e-08,3.906686272782108e-08,2.4464618416650606e-09,8.481960238893892e-09,True,N m^-1 rad^-1,native optimized-objective gradient,True,0,CONVERGENCE: NORM OF PROJECTED GRADIENT <= PGTOL,True,0,CONVERGENCE: NORM OF PROJECTED GRADIENT <= PGTOL,0.004295499995350838,0.004295499995350838,FESolveResult history interval; objective/transfer construction excluded; not used for cross-method ranking,000000000000080f44d02a96730d141d,000000000000080fa0dd37be3fd6ff34,1.1142852793561358e-06,1.1142852793561358e-06,cached,C:\RINENG_COMPACT_FULL_20260920\RINENG_GFE_Standalone_Run\production_outputs\cache\production_single_run\000000000000092ac5b3897ac0860e6d.pkl,C:\RINENG_COMPACT_FULL_20260920\RINENG_GFE_Standalone_Run\production_outputs\cache\production_single_run\000000000000092ac5b3897ac0860e6d.pkl,gfe-final-production-v2-00000000000003f329a2,same-machine protocol record replayed from cache,"{""protocol_id"": ""main-fig8-comparable-end-to-end-v2"", ""scope"": ""fresh command construction from declared inputs through terminal host phase: problem/objective initialization, acoustic transfer construction, applicable host-to-device transfer, compilation/warmup, device synchronization, native solve, and result extraction included; independent mechanical validation, cache retrieval, table export, and rendering excluded"", ""backend"": ""numpy/scipy-cpu"", ""problem_initialization_s"": 0.0005031000036979094, ""acoustic_transfer_construction_s"": 0.003952800005208701, ""device_transfer_s"": null, ""compilation_warmup_s"": null, ""pre_solve_synchronization_s"": null, ""solve_s"": 0.004871400000411086, ""post_solve_synchronization_s"": null, ""result_extraction_s"": 2.5000044843181968e-06, ""orchestration_overhead_s"": 5.199995939619839e-06, ""total_s"": 0.009335000009741634, ""device_transfer_status"": ""not_applicable_synchronous_cpu"", ""compilation_warmup_status"": ""not_applicable_synchronous_cpu"", ""pre_solve_synchronization_status"": ""not_applicable_synchronous_cpu"", ""post_solve_synchronization_status"": ""not_applicable_synchronous_cpu"", ""decomposition_complete"": true, ""comparable_total"": true, ""exclusion_reason"": null}",controlled,L-BFGS-B,"{""ftol"": 0.0, ""maxcor"": 10, ""maxfun"": 1000000, ""maxls"": 40}",compact-single-float64-v1,True,full,PRODUCTION,True,True,main-fig8-comparable-end-to-end-v2,"fresh command construction from declared inputs through terminal host phase: problem/objective initialization, acoustic transfer construction, applicable host-to-device transfer, compilation/warmup, device synchronization, native solve, and result extraction included; independent mechanical validation, cache retrieval, table export, and rendering excluded",numpy/scipy-cpu,True,,0.0005031000036979094,0.003952800005208701,N/A,N/A,N/A,0.004871400000411086,N/A,2.5000044843181968e-06,5.199995939619839e-06,0.009335000009741634,not_applicable_synchronous_cpu,not_applicable_synchronous_cpu,not_applicable_synchronous_cpu,not_applicable_synchronous_cpu,True,0.009335000009741634,0.0,0.0,0.05,14,Figure 3 root paired initializations,GFE,GFE
Conventional,Single,260833,0.0,10000,10000,10000,4494,5818,-54.234872134917524,640.4543343936583,640.4543343936583,640.4543343936583,40.106806152808,128.12323435082092,False,N m^-1 rad^-1,native optimized-objective gradient,False,2,Desired error not necessarily achieved due to precision loss.,False,2,Desired error not necessarily achieved due to precision loss.,22.43066309999267,22.43066309999267,FESolveResult history interval; objective/transfer construction excluded; not used for cross-method ranking,000000000000080fcb457437dc3519ff,000000000000080f038225ce14cd14b7,0.0,0.0,cached,C:\RINENG_COMPACT_FULL_20260920\RINENG_GFE_Standalone_Run\production_outputs\cache\production_single_run\000000000000089eecefca8273bdddec.pkl,C:\RINENG_COMPACT_FULL_20260920\RINENG_GFE_Standalone_Run\production_outputs\cache\production_single_run\000000000000089eecefca8273bdddec.pkl,gfe-final-production-v2-00000000000003f329a2,same-machine protocol record replayed from cache,"{""protocol_id"": ""main-fig8-comparable-end-to-end-v2"", ""scope"": ""fresh command construction from declared inputs through terminal host phase: problem/objective initialization, acoustic transfer construction, applicable host-to-device transfer, compilation/warmup, device synchronization, native solve, and result extraction included; independent mechanical validation, cache retrieval, table export, and rendering excluded"", ""backend"": ""numpy/scipy-cpu"", ""problem_initialization_s"": 0.00037480000173673034, ""acoustic_transfer_construction_s"": 0.002819199988152832, ""device_transfer_s"": null, ""compilation_warmup_s"": null, ""pre_solve_synchronization_s"": null, ""solve_s"": 22.47204390000843, ""post_solve_synchronization_s"": null, ""result_extraction_s"": 7.399998139590025e-06, ""orchestration_overhead_s"": 9.60000033956021e-06, ""total_s"": 22.4752548999968, ""device_transfer_status"": ""not_applicable_synchronous_cpu"", ""compilation_warmup_status"": ""not_applicable_synchronous_cpu"", ""pre_solve_synchronization_status"": ""not_applicable_synchronous_cpu"", ""post_solve_synchronization_status"": ""not_applicable_synchronous_cpu"", ""decomposition_complete"": true, ""comparable_total"": true, ""exclusion_reason"": null}",controlled,BFGS,{},native,True,full,PRODUCTION,True,False,main-fig8-comparable-end-to-end-v2,"fresh command construction from declared inputs through terminal host phase: problem/objective initialization, acoustic transfer construction, applicable host-to-device transfer, compilation/warmup, device synchronization, native solve, and result extraction included; independent mechanical validation, cache retrieval, table export, and rendering excluded",numpy/scipy-cpu,True,,0.00037480000173673034,0.002819199988152832,N/A,N/A,N/A,22.47204390000843,N/A,7.399998139590025e-06,9.60000033956021e-06,22.4752548999968,not_applicable_synchronous_cpu,not_applicable_synchronous_cpu,not_applicable_synchronous_cpu,not_applicable_synchronous_cpu,True,22.4752548999968,0.0,0.0,0.05,15,Figure 3 root paired initializations,GFE,GFE
GFE,Single,260833,10.0,10000,10000,10000,38,43,-0.059043675485111434,9.458128008297193e-09,9.458128008297193e-09,9.458128008297193e-09,5.922909506988507e-10,2.0775498802776105e-09,True,N m^-1 rad^-1,native optimized-objective gradient,True,0,CONVERGENCE: NORM OF PROJECTED GRADIENT <= PGTOL,True,0,CONVERGENCE: NORM OF PROJECTED GRADIENT <= PGTOL,0.0044716999982483685,0.0044716999982483685,FESolveResult history interval; objective/transfer construction excluded; not used for cross-method ranking,000000000000080f8ff2ce7c1137188a,000000000000080f038225ce14cd14b7,1.1142852793561358e-06,1.1142852793561358e-06,cached,C:\RINENG_COMPACT_FULL_20260920\RINENG_GFE_Standalone_Run\production_outputs\cache\production_single_run\000000000000092a9539334089db0da4.pkl,C:\RINENG_COMPACT_FULL_20260920\RINENG_GFE_Standalone_Run\production_outputs\cache\production_single_run\000000000000092a9539334089db0da4.pkl,gfe-final-production-v2-00000000000003f329a2,same-machine protocol record replayed from cache,"{""protocol_id"": ""main-fig8-comparable-end-to-end-v2"", ""scope"": ""fresh command construction from declared inputs through terminal host phase: problem/objective initialization, acoustic transfer construction, applicable host-to-device transfer, compilation/warmup, device synchronization, native solve, and result extraction included; independent mechanical validation, cache retrieval, table export, and rendering excluded"", ""backend"": ""numpy/scipy-cpu"", ""problem_initialization_s"": 0.00037390000943560153, ""acoustic_transfer_construction_s"": 0.004929600007017143, ""device_transfer_s"": null, ""compilation_warmup_s"": null, ""pre_solve_synchronization_s"": null, ""solve_s"": 0.0050436000019544736, ""post_solve_synchronization_s"": null, ""result_extraction_s"": 2.5000044843181968e-06, ""orchestration_overhead_s"": 4.9999653128907084e-06, ""total_s"": 0.010354599988204427, ""device_transfer_status"": ""not_applicable_synchronous_cpu"", ""compilation_warmup_status"": ""not_applicable_synchronous_cpu"", ""pre_solve_synchronization_status"": ""not_applicable_synchronous_cpu"", ""post_solve_synchronization_status"": ""not_applicable_synchronous_cpu"", ""decomposition_complete"": true, ""comparable_total"": true, ""exclusion_reason"": null}",controlled,L-BFGS-B,"{""ftol"": 0.0, ""maxcor"": 10, ""maxfun"": 1000000, ""maxls"": 40}",compact-single-float64-v1,True,full,PRODUCTION,True,True,main-fig8-comparable-end-to-end-v2,"fresh command construction from declared inputs through terminal host phase: problem/objective initialization, acoustic transfer construction, applicable host-to-device transfer, compilation/warmup, device synchronization, native solve, and result extraction included; independent mechanical validation, cache retrieval, table export, and rendering excluded",numpy/scipy-cpu,True,,0.00037390000943560153,0.004929600007017143,N/A,N/A,N/A,0.0050436000019544736,N/A,2.5000044843181968e-06,4.9999653128907084e-06,0.010354599988204427,not_applicable_synchronous_cpu,not_applicable_synchronous_cpu,not_applicable_synchronous_cpu,not_applicable_synchronous_cpu,True,0.010354599988204427,0.0,0.0,0.05,15,Figure 3 root paired initializations,GFE,GFE
Conventional,Single,260834,0.0,10000,10000,10000,6029,7630,-54.44879831153139,695.2117410908542,695.2117410908542,695.2117410908542,43.535847971869266,154.61929369899144,False,N m^-1 rad^-1,native optimized-objective gradient,False,2,Desired error not necessarily achieved due to precision loss.,False,2,Desired error not necessarily achieved due to precision loss.,29.889296299996204,29.889296299996204,FESolveResult history interval; objective/transfer construction excluded; not used for cross-method ranking,000000000000080ff9af4b71539e125c,000000000000080f94e91e8426ea1f97,0.0,0.0,cached,C:\RINENG_COMPACT_FULL_20260920\RINENG_GFE_Standalone_Run\production_outputs\cache\production_single_run\000000000000089ec72a782d5107de09.pkl,C:\RINENG_COMPACT_FULL_20260920\RINENG_GFE_Standalone_Run\production_outputs\cache\production_single_run\000000000000089ec72a782d5107de09.pkl,gfe-final-production-v2-00000000000003f329a2,same-machine protocol record replayed from cache,"{""protocol_id"": ""main-fig8-comparable-end-to-end-v2"", ""scope"": ""fresh command construction from declared inputs through terminal host phase: problem/objective initialization, acoustic transfer construction, applicable host-to-device transfer, compilation/warmup, device synchronization, native solve, and result extraction included; independent mechanical validation, cache retrieval, table export, and rendering excluded"", ""backend"": ""numpy/scipy-cpu"", ""problem_initialization_s"": 0.0004335000121500343, ""acoustic_transfer_construction_s"": 0.002797099994495511, ""device_transfer_s"": null, ""compilation_warmup_s"": null, ""pre_solve_synchronization_s"": null, ""solve_s"": 29.947541899993666, ""post_solve_synchronization_s"": null, ""result_extraction_s"": 7.599999662488699e-06, ""orchestration_overhead_s"": 1.0599993402138352e-05, ""total_s"": 29.950790699993377, ""device_transfer_status"": ""not_applicable_synchronous_cpu"", ""compilation_warmup_status"": ""not_applicable_synchronous_cpu"", ""pre_solve_synchronization_status"": ""not_applicable_synchronous_cpu"", ""post_solve_synchronization_status"": ""not_applicable_synchronous_cpu"", ""decomposition_complete"": true, ""comparable_total"": true, ""exclusion_reason"": null}",controlled,BFGS,{},native,True,full,PRODUCTION,True,False,main-fig8-comparable-end-to-end-v2,"fresh command construction from declared inputs through terminal host phase: problem/objective initialization, acoustic transfer construction, applicable host-to-device transfer, compilation/warmup, device synchronization, native solve, and result extraction included; independent mechanical validation, cache retrieval, table export, and rendering excluded",numpy/scipy-cpu,True,,0.0004335000121500343,0.002797099994495511,N/A,N/A,N/A,29.947541899993666,N/A,7.599999662488699e-06,1.0599993402138352e-05,29.950790699993377,not_applicable_synchronous_cpu,not_applicable_synchronous_cpu,not_applicable_synchronous_cpu,not_applicable_synchronous_cpu,True,29.950790699993377,0.0,0.0,0.05,16,Figure 3 root paired initializations,GFE,GFE
GFE,Single,260834,10.0,10000,10000,10000,36,41,-0.059043675485138905,7.341921493165168e-09,7.341921493165168e-09,7.341921493165168e-09,4.59768958226018e-10,4.064497733808299e-09,True,N m^-1 rad^-1,native optimized-objective gradient,True,0,CONVERGENCE: NORM OF PROJECTED GRADIENT <= PGTOL,True,0,CONVERGENCE: NORM OF PROJECTED GRADIENT <= PGTOL,0.004165799997281283,0.004165799997281283,FESolveResult history interval; objective/transfer construction excluded; not used for cross-method ranking,000000000000080fedc6b8cb1eb21b11,000000000000080f94e91e8426ea1f97,1.1142852793561358e-06,1.1142852793561358e-06,cached,C:\RINENG_COMPACT_FULL_20260920\RINENG_GFE_Standalone_Run\production_outputs\cache\production_single_run\000000000000092a6b08fcf569c50dc1.pkl,C:\RINENG_COMPACT_FULL_20260920\RINENG_GFE_Standalone_Run\production_outputs\cache\production_single_run\000000000000092a6b08fcf569c50dc1.pkl,gfe-final-production-v2-00000000000003f329a2,same-machine protocol record replayed from cache,"{""protocol_id"": ""main-fig8-comparable-end-to-end-v2"", ""scope"": ""fresh command construction from declared inputs through terminal host phase: problem/objective initialization, acoustic transfer construction, applicable host-to-device transfer, compilation/warmup, device synchronization, native solve, and result extraction included; independent mechanical validation, cache retrieval, table export, and rendering excluded"", ""backend"": ""numpy/scipy-cpu"", ""problem_initialization_s"": 0.00041459999920334667, ""acoustic_transfer_construction_s"": 0.004444299993338063, ""device_transfer_s"": null, ""compilation_warmup_s"": null, ""pre_solve_synchronization_s"": null, ""solve_s"": 0.004793600004632026, ""post_solve_synchronization_s"": null, ""result_extraction_s"": 2.0000006770715117e-06, ""orchestration_overhead_s"": 6.100002792663872e-06, ""total_s"": 0.009660600000643171, ""device_transfer_status"": ""not_applicable_synchronous_cpu"", ""compilation_warmup_status"": ""not_applicable_synchronous_cpu"", ""pre_solve_synchronization_status"": ""not_applicable_synchronous_cpu"", ""post_solve_synchronization_status"": ""not_applicable_synchronous_cpu"", ""decomposition_complete"": true, ""comparable_total"": true, ""exclusion_reason"": null}",controlled,L-BFGS-B,"{""ftol"": 0.0, ""maxcor"": 10, ""maxfun"": 1000000, ""maxls"": 40}",compact-single-float64-v1,True,full,PRODUCTION,True,True,main-fig8-comparable-end-to-end-v2,"fresh command construction from declared inputs through terminal host phase: problem/objective initialization, acoustic transfer construction, applicable host-to-device transfer, compilation/warmup, device synchronization, native solve, and result extraction included; independent mechanical validation, cache retrieval, table export, and rendering excluded",numpy/scipy-cpu,True,,0.00041459999920334667,0.004444299993338063,N/A,N/A,N/A,0.004793600004632026,N/A,2.0000006770715117e-06,6.100002792663872e-06,0.009660600000643171,not_applicable_synchronous_cpu,not_applicable_synchronous_cpu,not_applicable_synchronous_cpu,not_applicable_synchronous_cpu,True,0.009660600000643171,0.0,0.0,0.05,16,Figure 3 root paired initializations,GFE,GFE
Conventional,Single,260835,0.0,10000,10000,10000,4836,6262,-53.982678147714836,665.2658021893609,665.2658021893609,665.2658021893609,41.660560535922585,129.4795183910732,False,N m^-1 rad^-1,native optimized-objective gradient,False,2,Desired error not necessarily achieved due to precision loss.,False,2,Desired error not necessarily achieved due to precision loss.,24.072148299994296,24.072148299994296,FESolveResult history interval; objective/transfer construction excluded; not used for cross-method ranking,000000000000080fa3624bdd019c0b4a,000000000000080fffef9920becdf8b7,0.0,0.0,cached,C:\RINENG_COMPACT_FULL_20260920\RINENG_GFE_Standalone_Run\production_outputs\cache\production_single_run\000000000000089e82e94aae8faedef8.pkl,C:\RINENG_COMPACT_FULL_20260920\RINENG_GFE_Standalone_Run\production_outputs\cache\production_single_run\000000000000089e82e94aae8faedef8.pkl,gfe-final-production-v2-00000000000003f329a2,same-machine protocol record replayed from cache,"{""protocol_id"": ""main-fig8-comparable-end-to-end-v2"", ""scope"": ""fresh command construction from declared inputs through terminal host phase: problem/objective initialization, acoustic transfer construction, applicable host-to-device transfer, compilation/warmup, device synchronization, native solve, and result extraction included; independent mechanical validation, cache retrieval, table export, and rendering excluded"", ""backend"": ""numpy/scipy-cpu"", ""problem_initialization_s"": 0.00036040000850334764, ""acoustic_transfer_construction_s"": 0.0025831999955698848, ""device_transfer_s"": null, ""compilation_warmup_s"": null, ""pre_solve_synchronization_s"": null, ""solve_s"": 24.118920199995046, ""post_solve_synchronization_s"": null, ""result_extraction_s"": 9.099996532313526e-06, ""orchestration_overhead_s"": 6.700007361359894e-06, ""total_s"": 24.121879600003012, ""device_transfer_status"": ""not_applicable_synchronous_cpu"", ""compilation_warmup_status"": ""not_applicable_synchronous_cpu"", ""pre_solve_synchronization_status"": ""not_applicable_synchronous_cpu"", ""post_solve_synchronization_status"": ""not_applicable_synchronous_cpu"", ""decomposition_complete"": true, ""comparable_total"": true, ""exclusion_reason"": null}",controlled,BFGS,{},native,True,full,PRODUCTION,True,False,main-fig8-comparable-end-to-end-v2,"fresh command construction from declared inputs through terminal host phase: problem/objective initialization, acoustic transfer construction, applicable host-to-device transfer, compilation/warmup, device synchronization, native solve, and result extraction included; independent mechanical validation, cache retrieval, table export, and rendering excluded",numpy/scipy-cpu,True,,0.00036040000850334764,0.0025831999955698848,N/A,N/A,N/A,24.118920199995046,N/A,9.099996532313526e-06,6.700007361359894e-06,24.121879600003012,not_applicable_synchronous_cpu,not_applicable_synchronous_cpu,not_applicable_synchronous_cpu,not_applicable_synchronous_cpu,True,24.121879600003012,0.0,0.0,0.05,17,Figure 3 root paired initializations,GFE,GFE
GFE,Single,260835,10.0,10000,10000,10000,41,47,-0.05904367548520055,6.181422749587149e-09,6.181422749587149e-09,6.181422749587149e-09,3.8709570792578284e-10,1.6435039358495362e-09,True,N m^-1 rad^-1,native optimized-objective gradient,True,0,CONVERGENCE: NORM OF PROJECTED GRADIENT <= PGTOL,True,0,CONVERGENCE: NORM OF PROJECTED GRADIENT <= PGTOL,0.004963700004736893,0.004963700004736893,FESolveResult history interval; objective/transfer construction excluded; not used for cross-method ranking,000000000000080f79ee017bcb3a0f7d,000000000000080fffef9920becdf8b7,1.1142852793561358e-06,1.1142852793561358e-06,cached,C:\RINENG_COMPACT_FULL_20260920\RINENG_GFE_Standalone_Run\production_outputs\cache\production_single_run\000000000000092ac60aa11cbebc0eb0.pkl,C:\RINENG_COMPACT_FULL_20260920\RINENG_GFE_Standalone_Run\production_outputs\cache\production_single_run\000000000000092ac60aa11cbebc0eb0.pkl,gfe-final-production-v2-00000000000003f329a2,same-machine protocol record replayed from cache,"{""protocol_id"": ""main-fig8-comparable-end-to-end-v2"", ""scope"": ""fresh command construction from declared inputs through terminal host phase: problem/objective initialization, acoustic transfer construction, applicable host-to-device transfer, compilation/warmup, device synchronization, native solve, and result extraction included; independent mechanical validation, cache retrieval, table export, and rendering excluded"", ""backend"": ""numpy/scipy-cpu"", ""problem_initialization_s"": 0.0003763999993680045, ""acoustic_transfer_construction_s"": 0.003688600001623854, ""device_transfer_s"": null, ""compilation_warmup_s"": null, ""pre_solve_synchronization_s"": null, ""solve_s"": 0.005529700007173233, ""post_solve_synchronization_s"": null, ""result_extraction_s"": 2.2000021999701858e-06, ""orchestration_overhead_s"": 4.49999060947448e-06, ""total_s"": 0.009601400000974536, ""device_transfer_status"": ""not_applicable_synchronous_cpu"", ""compilation_warmup_status"": ""not_applicable_synchronous_cpu"", ""pre_solve_synchronization_status"": ""not_applicable_synchronous_cpu"", ""post_solve_synchronization_status"": ""not_applicable_synchronous_cpu"", ""decomposition_complete"": true, ""comparable_total"": true, ""exclusion_reason"": null}",controlled,L-BFGS-B,"{""ftol"": 0.0, ""maxcor"": 10, ""maxfun"": 1000000, ""maxls"": 40}",compact-single-float64-v1,True,full,PRODUCTION,True,True,main-fig8-comparable-end-to-end-v2,"fresh command construction from declared inputs through terminal host phase: problem/objective initialization, acoustic transfer construction, applicable host-to-device transfer, compilation/warmup, device synchronization, native solve, and result extraction included; independent mechanical validation, cache retrieval, table export, and rendering excluded",numpy/scipy-cpu,True,,0.0003763999993680045,0.003688600001623854,N/A,N/A,N/A,0.005529700007173233,N/A,2.2000021999701858e-06,4.49999060947448e-06,0.009601400000974536,not_applicable_synchronous_cpu,not_applicable_synchronous_cpu,not_applicable_synchronous_cpu,not_applicable_synchronous_cpu,True,0.009601400000974536,0.0,0.0,0.05,17,Figure 3 root paired initializations,GFE,GFE
Conventional,Single,260836,0.0,10000,10000,10000,5332,6899,-52.314714105773,682.4421332475101,682.4421332475101,682.4421332475101,42.736184109955914,141.13136696078774,False,N m^-1 rad^-1,native optimized-objective gradient,False,2,Desired error not necessarily achieved due to precision loss.,False,2,Desired error not necessarily achieved due to precision loss.,25.89046049999888,25.89046049999888,FESolveResult history interval; objective/transfer construction excluded; not used for cross-method ranking,000000000000080f43c9e7ecb1742b1f,000000000000080faeefe577acef03bc,0.0,0.0,cached,C:\RINENG_COMPACT_FULL_20260920\RINENG_GFE_Standalone_Run\production_outputs\cache\production_single_run\000000000000089eeecf96bb8ac7df19.pkl,C:\RINENG_COMPACT_FULL_20260920\RINENG_GFE_Standalone_Run\production_outputs\cache\production_single_run\000000000000089eeecf96bb8ac7df19.pkl,gfe-final-production-v2-00000000000003f329a2,same-machine protocol record replayed from cache,"{""protocol_id"": ""main-fig8-comparable-end-to-end-v2"", ""scope"": ""fresh command construction from declared inputs through terminal host phase: problem/objective initialization, acoustic transfer construction, applicable host-to-device transfer, compilation/warmup, device synchronization, native solve, and result extraction included; independent mechanical validation, cache retrieval, table export, and rendering excluded"", ""backend"": ""numpy/scipy-cpu"", ""problem_initialization_s"": 0.00035200000274926424, ""acoustic_transfer_construction_s"": 0.002846599993063137, ""device_transfer_s"": null, ""compilation_warmup_s"": null, ""pre_solve_synchronization_s"": null, ""solve_s"": 25.943316000004415, ""post_solve_synchronization_s"": null, ""result_extraction_s"": 6.600006599910557e-06, ""orchestration_overhead_s"": 7.599985110573471e-06, ""total_s"": 25.94652879999194, ""device_transfer_status"": ""not_applicable_synchronous_cpu"", ""compilation_warmup_status"": ""not_applicable_synchronous_cpu"", ""pre_solve_synchronization_status"": ""not_applicable_synchronous_cpu"", ""post_solve_synchronization_status"": ""not_applicable_synchronous_cpu"", ""decomposition_complete"": true, ""comparable_total"": true, ""exclusion_reason"": null}",controlled,BFGS,{},native,True,full,PRODUCTION,True,False,main-fig8-comparable-end-to-end-v2,"fresh command construction from declared inputs through terminal host phase: problem/objective initialization, acoustic transfer construction, applicable host-to-device transfer, compilation/warmup, device synchronization, native solve, and result extraction included; independent mechanical validation, cache retrieval, table export, and rendering excluded",numpy/scipy-cpu,True,,0.00035200000274926424,0.002846599993063137,N/A,N/A,N/A,25.943316000004415,N/A,6.600006599910557e-06,7.599985110573471e-06,25.94652879999194,not_applicable_synchronous_cpu,not_applicable_synchronous_cpu,not_applicable_synchronous_cpu,not_applicable_synchronous_cpu,True,25.94652879999194,0.0,0.0,0.05,18,Figure 3 root paired initializations,GFE,GFE
GFE,Single,260836,10.0,10000,10000,10000,41,50,-0.059043675484171464,1.6390696209688356e-08,1.6390696209688356e-08,1.6390696209688356e-08,1.0264252114304138e-09,9.010521763317354e-09,True,N m^-1 rad^-1,native optimized-objective gradient,True,0,CONVERGENCE: NORM OF PROJECTED GRADIENT <= PGTOL,True,0,CONVERGENCE: NORM OF PROJECTED GRADIENT <= PGTOL,0.005825500003993511,0.005825500003993511,FESolveResult history interval; objective/transfer construction excluded; not used for cross-method ranking,000000000000080fbd6e76121cda15b5,000000000000080faeefe577acef03bc,1.1142852793561358e-06,1.1142852793561358e-06,cached,C:\RINENG_COMPACT_FULL_20260920\RINENG_GFE_Standalone_Run\production_outputs\cache\production_single_run\000000000000092a9f712608bcd50ed1.pkl,C:\RINENG_COMPACT_FULL_20260920\RINENG_GFE_Standalone_Run\production_outputs\cache\production_single_run\000000000000092a9f712608bcd50ed1.pkl,gfe-final-production-v2-00000000000003f329a2,same-machine protocol record replayed from cache,"{""protocol_id"": ""main-fig8-comparable-end-to-end-v2"", ""scope"": ""fresh command construction from declared inputs through terminal host phase: problem/objective initialization, acoustic transfer construction, applicable host-to-device transfer, compilation/warmup, device synchronization, native solve, and result extraction included; independent mechanical validation, cache retrieval, table export, and rendering excluded"", ""backend"": ""numpy/scipy-cpu"", ""problem_initialization_s"": 0.0006272000027820468, ""acoustic_transfer_construction_s"": 0.003765500005101785, ""device_transfer_s"": null, ""compilation_warmup_s"": null, ""pre_solve_synchronization_s"": null, ""solve_s"": 0.006405899999663234, ""post_solve_synchronization_s"": null, ""result_extraction_s"": 2.2000021999701858e-06, ""orchestration_overhead_s"": 5.299982149153948e-06, ""total_s"": 0.01080609999189619, ""device_transfer_status"": ""not_applicable_synchronous_cpu"", ""compilation_warmup_status"": ""not_applicable_synchronous_cpu"", ""pre_solve_synchronization_status"": ""not_applicable_synchronous_cpu"", ""post_solve_synchronization_status"": ""not_applicable_synchronous_cpu"", ""decomposition_complete"": true, ""comparable_total"": true, ""exclusion_reason"": null}",controlled,L-BFGS-B,"{""ftol"": 0.0, ""maxcor"": 10, ""maxfun"": 1000000, ""maxls"": 40}",compact-single-float64-v1,True,full,PRODUCTION,True,True,main-fig8-comparable-end-to-end-v2,"fresh command construction from declared inputs through terminal host phase: problem/objective initialization, acoustic transfer construction, applicable host-to-device transfer, compilation/warmup, device synchronization, native solve, and result extraction included; independent mechanical validation, cache retrieval, table export, and rendering excluded",numpy/scipy-cpu,True,,0.0006272000027820468,0.003765500005101785,N/A,N/A,N/A,0.006405899999663234,N/A,2.2000021999701858e-06,5.299982149153948e-06,0.01080609999189619,not_applicable_synchronous_cpu,not_applicable_synchronous_cpu,not_applicable_synchronous_cpu,not_applicable_synchronous_cpu,True,0.01080609999189619,0.0,0.0,0.05,18,Figure 3 root paired initializations,GFE,GFE
Conventional,Single,260837,0.0,10000,10000,10000,4787,6186,-52.948056216899516,655.5515527331058,655.5515527331058,655.5515527331058,41.052230638005824,154.09786220472682,False,N m^-1 rad^-1,native optimized-objective gradient,False,2,Desired error not necessarily achieved due to precision loss.,False,2,Desired error not necessarily achieved due to precision loss.,23.32147480000276,23.32147480000276,FESolveResult history interval; objective/transfer construction excluded; not used for cross-method ranking,000000000000080fb6500af861800c98,000000000000080f32d647218ee01c2a,0.0,0.0,cached,C:\RINENG_COMPACT_FULL_20260920\RINENG_GFE_Standalone_Run\production_outputs\cache\production_single_run\000000000000089e5f649e747c14ddf0.pkl,C:\RINENG_COMPACT_FULL_20260920\RINENG_GFE_Standalone_Run\production_outputs\cache\production_single_run\000000000000089e5f649e747c14ddf0.pkl,gfe-final-production-v2-00000000000003f329a2,same-machine protocol record replayed from cache,"{""protocol_id"": ""main-fig8-comparable-end-to-end-v2"", ""scope"": ""fresh command construction from declared inputs through terminal host phase: problem/objective initialization, acoustic transfer construction, applicable host-to-device transfer, compilation/warmup, device synchronization, native solve, and result extraction included; independent mechanical validation, cache retrieval, table export, and rendering excluded"", ""backend"": ""numpy/scipy-cpu"", ""problem_initialization_s"": 0.00036750000435858965, ""acoustic_transfer_construction_s"": 0.002843500013113953, ""device_transfer_s"": null, ""compilation_warmup_s"": null, ""pre_solve_synchronization_s"": null, ""solve_s"": 23.365415799999028, ""post_solve_synchronization_s"": null, ""result_extraction_s"": 5.49999822396785e-06, ""orchestration_overhead_s"": 7.899987394921482e-06, ""total_s"": 23.36864020000212, ""device_transfer_status"": ""not_applicable_synchronous_cpu"", ""compilation_warmup_status"": ""not_applicable_synchronous_cpu"", ""pre_solve_synchronization_status"": ""not_applicable_synchronous_cpu"", ""post_solve_synchronization_status"": ""not_applicable_synchronous_cpu"", ""decomposition_complete"": true, ""comparable_total"": true, ""exclusion_reason"": null}",controlled,BFGS,{},native,True,full,PRODUCTION,True,False,main-fig8-comparable-end-to-end-v2,"fresh command construction from declared inputs through terminal host phase: problem/objective initialization, acoustic transfer construction, applicable host-to-device transfer, compilation/warmup, device synchronization, native solve, and result extraction included; independent mechanical validation, cache retrieval, table export, and rendering excluded",numpy/scipy-cpu,True,,0.00036750000435858965,0.002843500013113953,N/A,N/A,N/A,23.365415799999028,N/A,5.49999822396785e-06,7.899987394921482e-06,23.36864020000212,not_applicable_synchronous_cpu,not_applicable_synchronous_cpu,not_applicable_synchronous_cpu,not_applicable_synchronous_cpu,True,23.36864020000212,0.0,0.0,0.05,19,Figure 3 root paired initializations,GFE,GFE
GFE,Single,260837,10.0,10000,10000,10000,36,41,-0.0590436754846634,2.0703911443499562e-08,2.0703911443499562e-08,2.0703911443499562e-08,1.2965292266395227e-09,9.088534707261389e-09,True,N m^-1 rad^-1,native optimized-objective gradient,True,0,CONVERGENCE: NORM OF PROJECTED GRADIENT <= PGTOL,True,0,CONVERGENCE: NORM OF PROJECTED GRADIENT <= PGTOL,0.004302200002712198,0.004302200002712198,FESolveResult history interval; objective/transfer construction excluded; not used for cross-method ranking,000000000000080f96dc3629d7df1556,000000000000080f32d647218ee01c2a,1.1142852793561358e-06,1.1142852793561358e-06,cached,C:\RINENG_COMPACT_FULL_20260920\RINENG_GFE_Standalone_Run\production_outputs\cache\production_single_run\000000000000092ab2094d7792320da8.pkl,C:\RINENG_COMPACT_FULL_20260920\RINENG_GFE_Standalone_Run\production_outputs\cache\production_single_run\000000000000092ab2094d7792320da8.pkl,gfe-final-production-v2-00000000000003f329a2,same-machine protocol record replayed from cache,"{""protocol_id"": ""main-fig8-comparable-end-to-end-v2"", ""scope"": ""fresh command construction from declared inputs through terminal host phase: problem/objective initialization, acoustic transfer construction, applicable host-to-device transfer, compilation/warmup, device synchronization, native solve, and result extraction included; independent mechanical validation, cache retrieval, table export, and rendering excluded"", ""backend"": ""numpy/scipy-cpu"", ""problem_initialization_s"": 0.00038050000148359686, ""acoustic_transfer_construction_s"": 0.0038766999932704493, ""device_transfer_s"": null, ""compilation_warmup_s"": null, ""pre_solve_synchronization_s"": null, ""solve_s"": 0.004829400000744499, ""post_solve_synchronization_s"": null, ""result_extraction_s"": 2.0999868866056204e-06, ""orchestration_overhead_s"": 4.8000074457377195e-06, ""total_s"": 0.009093499989830889, ""device_transfer_status"": ""not_applicable_synchronous_cpu"", ""compilation_warmup_status"": ""not_applicable_synchronous_cpu"", ""pre_solve_synchronization_status"": ""not_applicable_synchronous_cpu"", ""post_solve_synchronization_status"": ""not_applicable_synchronous_cpu"", ""decomposition_complete"": true, ""comparable_total"": true, ""exclusion_reason"": null}",controlled,L-BFGS-B,"{""ftol"": 0.0, ""maxcor"": 10, ""maxfun"": 1000000, ""maxls"": 40}",compact-single-float64-v1,True,full,PRODUCTION,True,True,main-fig8-comparable-end-to-end-v2,"fresh command construction from declared inputs through terminal host phase: problem/objective initialization, acoustic transfer construction, applicable host-to-device transfer, compilation/warmup, device synchronization, native solve, and result extraction included; independent mechanical validation, cache retrieval, table export, and rendering excluded",numpy/scipy-cpu,True,,0.00038050000148359686,0.0038766999932704493,N/A,N/A,N/A,0.004829400000744499,N/A,2.0999868866056204e-06,4.8000074457377195e-06,0.009093499989830889,not_applicable_synchronous_cpu,not_applicable_synchronous_cpu,not_applicable_synchronous_cpu,not_applicable_synchronous_cpu,True,0.009093499989830889,0.0,0.0,0.05,19,Figure 3 root paired initializations,GFE,GFE
Conventional,Single,260838,0.0,10000,10000,10000,6005,7610,-52.070432902973316,705.6940698569164,705.6940698569164,705.6940698569164,44.192276861914145,145.01537792972104,False,N m^-1 rad^-1,native optimized-objective gradient,False,2,Desired error not necessarily achieved due to precision loss.,False,2,Desired error not necessarily achieved due to precision loss.,29.331858900011866,29.331858900011866,FESolveResult history interval; objective/transfer construction excluded; not used for cross-method ranking,000000000000080f8141fc1e77401ae8,000000000000080fc275e4de81ac1b50,0.0,0.0,cached,C:\RINENG_COMPACT_FULL_20260920\RINENG_GFE_Standalone_Run\production_outputs\cache\production_single_run\000000000000089e295ddcf97ac9de53.pkl,C:\RINENG_COMPACT_FULL_20260920\RINENG_GFE_Standalone_Run\production_outputs\cache\production_single_run\000000000000089e295ddcf97ac9de53.pkl,gfe-final-production-v2-00000000000003f329a2,same-machine protocol record replayed from cache,"{""protocol_id"": ""main-fig8-comparable-end-to-end-v2"", ""scope"": ""fresh command construction from declared inputs through terminal host phase: problem/objective initialization, acoustic transfer construction, applicable host-to-device transfer, compilation/warmup, device synchronization, native solve, and result extraction included; independent mechanical validation, cache retrieval, table export, and rendering excluded"", ""backend"": ""numpy/scipy-cpu"", ""problem_initialization_s"": 0.0003696000057971105, ""acoustic_transfer_construction_s"": 0.0025873999984469265, ""device_transfer_s"": null, ""compilation_warmup_s"": null, ""pre_solve_synchronization_s"": null, ""solve_s"": 29.389050099998713, ""post_solve_synchronization_s"": null, ""result_extraction_s"": 6.200003554113209e-06, ""orchestration_overhead_s"": 6.599992047995329e-06, ""total_s"": 29.39201989999856, ""device_transfer_status"": ""not_applicable_synchronous_cpu"", ""compilation_warmup_status"": ""not_applicable_synchronous_cpu"", ""pre_solve_synchronization_status"": ""not_applicable_synchronous_cpu"", ""post_solve_synchronization_status"": ""not_applicable_synchronous_cpu"", ""decomposition_complete"": true, ""comparable_total"": true, ""exclusion_reason"": null}",controlled,BFGS,{},native,True,full,PRODUCTION,True,False,main-fig8-comparable-end-to-end-v2,"fresh command construction from declared inputs through terminal host phase: problem/objective initialization, acoustic transfer construction, applicable host-to-device transfer, compilation/warmup, device synchronization, native solve, and result extraction included; independent mechanical validation, cache retrieval, table export, and rendering excluded",numpy/scipy-cpu,True,,0.0003696000057971105,0.0025873999984469265,N/A,N/A,N/A,29.389050099998713,N/A,6.200003554113209e-06,6.599992047995329e-06,29.39201989999856,not_applicable_synchronous_cpu,not_applicable_synchronous_cpu,not_applicable_synchronous_cpu,not_applicable_synchronous_cpu,True,29.39201989999856,0.0,0.0,0.05,20,Figure 3 root paired initializations,GFE,GFE
GFE,Single,260838,10.0,10000,10000,10000,49,62,-0.059043675484560396,1.9882137902255806e-08,1.9882137902255806e-08,1.9882137902255806e-08,1.2450677713097325e-09,9.065856586584886e-09,True,N m^-1 rad^-1,native optimized-objective gradient,True,0,CONVERGENCE: NORM OF PROJECTED GRADIENT <= PGTOL,True,0,CONVERGENCE: NORM OF PROJECTED GRADIENT <= PGTOL,0.016455000004498288,0.016455000004498288,FESolveResult history interval; objective/transfer construction excluded; not used for cross-method ranking,000000000000080f2eeda6f6c8c81b3c,000000000000080fc275e4de81ac1b50,1.1142852793561358e-06,1.1142852793561358e-06,cached,C:\RINENG_COMPACT_FULL_20260920\RINENG_GFE_Standalone_Run\production_outputs\cache\production_single_run\000000000000092a762d32219a170e0b.pkl,C:\RINENG_COMPACT_FULL_20260920\RINENG_GFE_Standalone_Run\production_outputs\cache\production_single_run\000000000000092a762d32219a170e0b.pkl,gfe-final-production-v2-00000000000003f329a2,same-machine protocol record replayed from cache,"{""protocol_id"": ""main-fig8-comparable-end-to-end-v2"", ""scope"": ""fresh command construction from declared inputs through terminal host phase: problem/objective initialization, acoustic transfer construction, applicable host-to-device transfer, compilation/warmup, device synchronization, native solve, and result extraction included; independent mechanical validation, cache retrieval, table export, and rendering excluded"", ""backend"": ""numpy/scipy-cpu"", ""problem_initialization_s"": 0.0007885999948484823, ""acoustic_transfer_construction_s"": 0.0063962999993236735, ""device_transfer_s"": null, ""compilation_warmup_s"": null, ""pre_solve_synchronization_s"": null, ""solve_s"": 0.017948499997146428, ""post_solve_synchronization_s"": null, ""result_extraction_s"": 4.1000021155923605e-06, ""orchestration_overhead_s"": 1.0400006431154907e-05, ""total_s"": 0.02514789999986533, ""device_transfer_status"": ""not_applicable_synchronous_cpu"", ""compilation_warmup_status"": ""not_applicable_synchronous_cpu"", ""pre_solve_synchronization_status"": ""not_applicable_synchronous_cpu"", ""post_solve_synchronization_status"": ""not_applicable_synchronous_cpu"", ""decomposition_complete"": true, ""comparable_total"": true, ""exclusion_reason"": null}",controlled,L-BFGS-B,"{""ftol"": 0.0, ""maxcor"": 10, ""maxfun"": 1000000, ""maxls"": 40}",compact-single-float64-v1,True,full,PRODUCTION,True,True,main-fig8-comparable-end-to-end-v2,"fresh command construction from declared inputs through terminal host phase: problem/objective initialization, acoustic transfer construction, applicable host-to-device transfer, compilation/warmup, device synchronization, native solve, and result extraction included; independent mechanical validation, cache retrieval, table export, and rendering excluded",numpy/scipy-cpu,True,,0.0007885999948484823,0.0063962999993236735,N/A,N/A,N/A,0.017948499997146428,N/A,4.1000021155923605e-06,1.0400006431154907e-05,0.02514789999986533,not_applicable_synchronous_cpu,not_applicable_synchronous_cpu,not_applicable_synchronous_cpu,not_applicable_synchronous_cpu,True,0.02514789999986533,0.0,0.0,0.05,20,Figure 3 root paired initializations,GFE,GFE
Conventional,Single,260839,0.0,10000,10000,10000,4866,6331,-53.42999297836773,712.6199647885418,712.6199647885418,712.6199647885418,44.62599322628288,154.81987633678082,False,N m^-1 rad^-1,native optimized-objective gradient,False,2,Desired error not necessarily achieved due to precision loss.,False,2,Desired error not necessarily achieved due to precision loss.,23.816363799996907,23.816363799996907,FESolveResult history interval; objective/transfer construction excluded; not used for cross-method ranking,000000000000080fea0b4b9bce9ffdd9,000000000000080f4036b3fef46a1057,0.0,0.0,cached,C:\RINENG_COMPACT_FULL_20260920\RINENG_GFE_Standalone_Run\production_outputs\cache\production_single_run\000000000000089e10209946a93bddf7.pkl,C:\RINENG_COMPACT_FULL_20260920\RINENG_GFE_Standalone_Run\production_outputs\cache\production_single_run\000000000000089e10209946a93bddf7.pkl,gfe-final-production-v2-00000000000003f329a2,same-machine protocol record replayed from cache,"{""protocol_id"": ""main-fig8-comparable-end-to-end-v2"", ""scope"": ""fresh command construction from declared inputs through terminal host phase: problem/objective initialization, acoustic transfer construction, applicable host-to-device transfer, compilation/warmup, device synchronization, native solve, and result extraction included; independent mechanical validation, cache retrieval, table export, and rendering excluded"", ""backend"": ""numpy/scipy-cpu"", ""problem_initialization_s"": 0.0003434000100241974, ""acoustic_transfer_construction_s"": 0.0026526000001467764, ""device_transfer_s"": null, ""compilation_warmup_s"": null, ""pre_solve_synchronization_s"": null, ""solve_s"": 23.861470200004987, ""post_solve_synchronization_s"": null, ""result_extraction_s"": 6.200003554113209e-06, ""orchestration_overhead_s"": 6.4999767346307635e-06, ""total_s"": 23.864478899995447, ""device_transfer_status"": ""not_applicable_synchronous_cpu"", ""compilation_warmup_status"": ""not_applicable_synchronous_cpu"", ""pre_solve_synchronization_status"": ""not_applicable_synchronous_cpu"", ""post_solve_synchronization_status"": ""not_applicable_synchronous_cpu"", ""decomposition_complete"": true, ""comparable_total"": true, ""exclusion_reason"": null}",controlled,BFGS,{},native,True,full,PRODUCTION,True,False,main-fig8-comparable-end-to-end-v2,"fresh command construction from declared inputs through terminal host phase: problem/objective initialization, acoustic transfer construction, applicable host-to-device transfer, compilation/warmup, device synchronization, native solve, and result extraction included; independent mechanical validation, cache retrieval, table export, and rendering excluded",numpy/scipy-cpu,True,,0.0003434000100241974,0.0026526000001467764,N/A,N/A,N/A,23.861470200004987,N/A,6.200003554113209e-06,6.4999767346307635e-06,23.864478899995447,not_applicable_synchronous_cpu,not_applicable_synchronous_cpu,not_applicable_synchronous_cpu,not_applicable_synchronous_cpu,True,23.864478899995447,0.0,0.0,0.05,21,Figure 3 root paired initializations,GFE,GFE
GFE,Single,260839,10.0,10000,10000,10000,51,63,-0.05904367548509625,8.406833046813468e-09,8.406833046813468e-09,8.406833046813468e-09,5.264563065011972e-10,4.0447970422180625e-09,True,N m^-1 rad^-1,native optimized-objective gradient,True,0,CONVERGENCE: NORM OF PROJECTED GRADIENT <= PGTOL,True,0,CONVERGENCE: NORM OF PROJECTED GRADIENT <= PGTOL,0.006628799994359724,0.006628799994359724,FESolveResult history interval; objective/transfer construction excluded; not used for cross-method ranking,000000000000080f7e2cf6855c3c13fb,000000000000080f4036b3fef46a1057,1.1142852793561358e-06,1.1142852793561358e-06,cached,C:\RINENG_COMPACT_FULL_20260920\RINENG_GFE_Standalone_Run\production_outputs\cache\production_single_run\000000000000092a2b8cd5e1bfd10daf.pkl,C:\RINENG_COMPACT_FULL_20260920\RINENG_GFE_Standalone_Run\production_outputs\cache\production_single_run\000000000000092a2b8cd5e1bfd10daf.pkl,gfe-final-production-v2-00000000000003f329a2,same-machine protocol record replayed from cache,"{""protocol_id"": ""main-fig8-comparable-end-to-end-v2"", ""scope"": ""fresh command construction from declared inputs through terminal host phase: problem/objective initialization, acoustic transfer construction, applicable host-to-device transfer, compilation/warmup, device synchronization, native solve, and result extraction included; independent mechanical validation, cache retrieval, table export, and rendering excluded"", ""backend"": ""numpy/scipy-cpu"", ""problem_initialization_s"": 0.00039169999945443124, ""acoustic_transfer_construction_s"": 0.0035468999994918704, ""device_transfer_s"": null, ""compilation_warmup_s"": null, ""pre_solve_synchronization_s"": null, ""solve_s"": 0.007346300000790507, ""post_solve_synchronization_s"": null, ""result_extraction_s"": 2.4000037228688598e-06, ""orchestration_overhead_s"": 5.199995939619839e-06, ""total_s"": 0.011292499999399297, ""device_transfer_status"": ""not_applicable_synchronous_cpu"", ""compilation_warmup_status"": ""not_applicable_synchronous_cpu"", ""pre_solve_synchronization_status"": ""not_applicable_synchronous_cpu"", ""post_solve_synchronization_status"": ""not_applicable_synchronous_cpu"", ""decomposition_complete"": true, ""comparable_total"": true, ""exclusion_reason"": null}",controlled,L-BFGS-B,"{""ftol"": 0.0, ""maxcor"": 10, ""maxfun"": 1000000, ""maxls"": 40}",compact-single-float64-v1,True,full,PRODUCTION,True,True,main-fig8-comparable-end-to-end-v2,"fresh command construction from declared inputs through terminal host phase: problem/objective initialization, acoustic transfer construction, applicable host-to-device transfer, compilation/warmup, device synchronization, native solve, and result extraction included; independent mechanical validation, cache retrieval, table export, and rendering excluded",numpy/scipy-cpu,True,,0.00039169999945443124,0.0035468999994918704,N/A,N/A,N/A,0.007346300000790507,N/A,2.4000037228688598e-06,5.199995939619839e-06,0.011292499999399297,not_applicable_synchronous_cpu,not_applicable_synchronous_cpu,not_applicable_synchronous_cpu,not_applicable_synchronous_cpu,True,0.011292499999399297,0.0,0.0,0.05,21,Figure 3 root paired initializations,GFE,GFE
Conventional,Single,260840,0.0,10000,10000,10000,4419,5752,-54.827556186820516,717.3356368156922,717.3356368156922,717.3356368156922,44.92130006350211,156.93387789390832,False,N m^-1 rad^-1,native optimized-objective gradient,False,2,Desired error not necessarily achieved due to precision loss.,False,2,Desired error not necessarily achieved due to precision loss.,21.90965459999279,21.90965459999279,FESolveResult history interval; objective/transfer construction excluded; not used for cross-method ranking,000000000000080f6e420fb9f5520791,000000000000080f293726de61d41f44,0.0,0.0,cached,C:\RINENG_COMPACT_FULL_20260920\RINENG_GFE_Standalone_Run\production_outputs\cache\production_single_run\000000000000089e7921b9dc683fddc8.pkl,C:\RINENG_COMPACT_FULL_20260920\RINENG_GFE_Standalone_Run\production_outputs\cache\production_single_run\000000000000089e7921b9dc683fddc8.pkl,gfe-final-production-v2-00000000000003f329a2,same-machine protocol record replayed from cache,"{""protocol_id"": ""main-fig8-comparable-end-to-end-v2"", ""scope"": ""fresh command construction from declared inputs through terminal host phase: problem/objective initialization, acoustic transfer construction, applicable host-to-device transfer, compilation/warmup, device synchronization, native solve, and result extraction included; independent mechanical validation, cache retrieval, table export, and rendering excluded"", ""backend"": ""numpy/scipy-cpu"", ""problem_initialization_s"": 0.00036809999437537044, ""acoustic_transfer_construction_s"": 0.0028432999970391393, ""device_transfer_s"": null, ""compilation_warmup_s"": null, ""pre_solve_synchronization_s"": null, ""solve_s"": 21.950115100000403, ""post_solve_synchronization_s"": null, ""result_extraction_s"": 6.50000583846122e-06, ""orchestration_overhead_s"": 7.599999662488699e-06, ""total_s"": 21.95334059999732, ""device_transfer_status"": ""not_applicable_synchronous_cpu"", ""compilation_warmup_status"": ""not_applicable_synchronous_cpu"", ""pre_solve_synchronization_status"": ""not_applicable_synchronous_cpu"", ""post_solve_synchronization_status"": ""not_applicable_synchronous_cpu"", ""decomposition_complete"": true, ""comparable_total"": true, ""exclusion_reason"": null}",controlled,BFGS,{},native,True,full,PRODUCTION,True,False,main-fig8-comparable-end-to-end-v2,"fresh command construction from declared inputs through terminal host phase: problem/objective initialization, acoustic transfer construction, applicable host-to-device transfer, compilation/warmup, device synchronization, native solve, and result extraction included; independent mechanical validation, cache retrieval, table export, and rendering excluded",numpy/scipy-cpu,True,,0.00036809999437537044,0.0028432999970391393,N/A,N/A,N/A,21.950115100000403,N/A,6.50000583846122e-06,7.599999662488699e-06,21.95334059999732,not_applicable_synchronous_cpu,not_applicable_synchronous_cpu,not_applicable_synchronous_cpu,not_applicable_synchronous_cpu,True,21.95334059999732,0.0,0.0,0.05,22,Figure 3 root paired initializations,GFE,GFE
GFE,Single,260840,10.0,10000,10000,10000,36,42,-0.059043675484878606,1.5637082610242742e-08,1.5637082610242742e-08,1.5637082610242742e-08,9.79232097223918e-10,5.1002881946018435e-09,True,N m^-1 rad^-1,native optimized-objective gradient,True,0,CONVERGENCE: NORM OF PROJECTED GRADIENT <= PGTOL,True,0,CONVERGENCE: NORM OF PROJECTED GRADIENT <= PGTOL,0.004406599997309968,0.004406599997309968,FESolveResult history interval; objective/transfer construction excluded; not used for cross-method ranking,000000000000080f47f8a9c86f8d0cbc,000000000000080f293726de61d41f44,1.1142852793561358e-06,1.1142852793561358e-06,cached,C:\RINENG_COMPACT_FULL_20260920\RINENG_GFE_Standalone_Run\production_outputs\cache\production_single_run\000000000000092ac79522487b2d0d80.pkl,C:\RINENG_COMPACT_FULL_20260920\RINENG_GFE_Standalone_Run\production_outputs\cache\production_single_run\000000000000092ac79522487b2d0d80.pkl,gfe-final-production-v2-00000000000003f329a2,same-machine protocol record replayed from cache,"{""protocol_id"": ""main-fig8-comparable-end-to-end-v2"", ""scope"": ""fresh command construction from declared inputs through terminal host phase: problem/objective initialization, acoustic transfer construction, applicable host-to-device transfer, compilation/warmup, device synchronization, native solve, and result extraction included; independent mechanical validation, cache retrieval, table export, and rendering excluded"", ""backend"": ""numpy/scipy-cpu"", ""problem_initialization_s"": 0.0007272000075317919, ""acoustic_transfer_construction_s"": 0.00457960000494495, ""device_transfer_s"": null, ""compilation_warmup_s"": null, ""pre_solve_synchronization_s"": null, ""solve_s"": 0.004857000007177703, ""post_solve_synchronization_s"": null, ""result_extraction_s"": 2.0000006770715117e-06, ""orchestration_overhead_s"": 6.7999790189787745e-06, ""total_s"": 0.010172599999350496, ""device_transfer_status"": ""not_applicable_synchronous_cpu"", ""compilation_warmup_status"": ""not_applicable_synchronous_cpu"", ""pre_solve_synchronization_status"": ""not_applicable_synchronous_cpu"", ""post_solve_synchronization_status"": ""not_applicable_synchronous_cpu"", ""decomposition_complete"": true, ""comparable_total"": true, ""exclusion_reason"": null}",controlled,L-BFGS-B,"{""ftol"": 0.0, ""maxcor"": 10, ""maxfun"": 1000000, ""maxls"": 40}",compact-single-float64-v1,True,full,PRODUCTION,True,True,main-fig8-comparable-end-to-end-v2,"fresh command construction from declared inputs through terminal host phase: problem/objective initialization, acoustic transfer construction, applicable host-to-device transfer, compilation/warmup, device synchronization, native solve, and result extraction included; independent mechanical validation, cache retrieval, table export, and rendering excluded",numpy/scipy-cpu,True,,0.0007272000075317919,0.00457960000494495,N/A,N/A,N/A,0.004857000007177703,N/A,2.0000006770715117e-06,6.7999790189787745e-06,0.010172599999350496,not_applicable_synchronous_cpu,not_applicable_synchronous_cpu,not_applicable_synchronous_cpu,not_applicable_synchronous_cpu,True,0.010172599999350496,0.0,0.0,0.05,22,Figure 3 root paired initializations,GFE,GFE
Conventional,Single,260841,0.0,10000,10000,10000,4636,6023,-55.38973240422455,691.6886405667669,691.6886405667669,691.6886405667669,43.31522285905744,153.20033402370876,False,N m^-1 rad^-1,native optimized-objective gradient,False,2,Desired error not necessarily achieved due to precision loss.,False,2,Desired error not necessarily achieved due to precision loss.,23.064569299996947,23.064569299996947,FESolveResult history interval; objective/transfer construction excluded; not used for cross-method ranking,000000000000080f48ee2f90052327cd,000000000000080f66f1f69ce31c0717,0.0,0.0,cached,C:\RINENG_COMPACT_FULL_20260920\RINENG_GFE_Standalone_Run\production_outputs\cache\production_single_run\000000000000089e53e47085f163ddfb.pkl,C:\RINENG_COMPACT_FULL_20260920\RINENG_GFE_Standalone_Run\production_outputs\cache\production_single_run\000000000000089e53e47085f163ddfb.pkl,gfe-final-production-v2-00000000000003f329a2,same-machine protocol record replayed from cache,"{""protocol_id"": ""main-fig8-comparable-end-to-end-v2"", ""scope"": ""fresh command construction from declared inputs through terminal host phase: problem/objective initialization, acoustic transfer construction, applicable host-to-device transfer, compilation/warmup, device synchronization, native solve, and result extraction included; independent mechanical validation, cache retrieval, table export, and rendering excluded"", ""backend"": ""numpy/scipy-cpu"", ""problem_initialization_s"": 0.00034270000469405204, ""acoustic_transfer_construction_s"": 0.002779200003715232, ""device_transfer_s"": null, ""compilation_warmup_s"": null, ""pre_solve_synchronization_s"": null, ""solve_s"": 23.10698389999743, ""post_solve_synchronization_s"": null, ""result_extraction_s"": 6.900008884258568e-06, ""orchestration_overhead_s"": 7.099995855242014e-06, ""total_s"": 23.11011980001058, ""device_transfer_status"": ""not_applicable_synchronous_cpu"", ""compilation_warmup_status"": ""not_applicable_synchronous_cpu"", ""pre_solve_synchronization_status"": ""not_applicable_synchronous_cpu"", ""post_solve_synchronization_status"": ""not_applicable_synchronous_cpu"", ""decomposition_complete"": true, ""comparable_total"": true, ""exclusion_reason"": null}",controlled,BFGS,{},native,True,full,PRODUCTION,True,False,main-fig8-comparable-end-to-end-v2,"fresh command construction from declared inputs through terminal host phase: problem/objective initialization, acoustic transfer construction, applicable host-to-device transfer, compilation/warmup, device synchronization, native solve, and result extraction included; independent mechanical validation, cache retrieval, table export, and rendering excluded",numpy/scipy-cpu,True,,0.00034270000469405204,0.002779200003715232,N/A,N/A,N/A,23.10698389999743,N/A,6.900008884258568e-06,7.099995855242014e-06,23.11011980001058,not_applicable_synchronous_cpu,not_applicable_synchronous_cpu,not_applicable_synchronous_cpu,not_applicable_synchronous_cpu,True,23.11011980001058,0.0,0.0,0.05,23,Figure 3 root paired initializations,GFE,GFE
GFE,Single,260841,10.0,10000,10000,10000,40,46,-0.05904367548458181,2.6363533518582403e-08,2.6363533518582403e-08,2.6363533518582403e-08,1.6509485088173842e-09,8.501101899668948e-09,True,N m^-1 rad^-1,native optimized-objective gradient,True,0,CONVERGENCE: NORM OF PROJECTED GRADIENT <= PGTOL,True,0,CONVERGENCE: NORM OF PROJECTED GRADIENT <= PGTOL,0.00500790000660345,0.00500790000660345,FESolveResult history interval; objective/transfer construction excluded; not used for cross-method ranking,000000000000080f109abce34c330bc4,000000000000080f66f1f69ce31c0717,1.1142852793561358e-06,1.1142852793561358e-06,cached,C:\RINENG_COMPACT_FULL_20260920\RINENG_GFE_Standalone_Run\production_outputs\cache\production_single_run\000000000000092a53f799ea09100db3.pkl,C:\RINENG_COMPACT_FULL_20260920\RINENG_GFE_Standalone_Run\production_outputs\cache\production_single_run\000000000000092a53f799ea09100db3.pkl,gfe-final-production-v2-00000000000003f329a2,same-machine protocol record replayed from cache,"{""protocol_id"": ""main-fig8-comparable-end-to-end-v2"", ""scope"": ""fresh command construction from declared inputs through terminal host phase: problem/objective initialization, acoustic transfer construction, applicable host-to-device transfer, compilation/warmup, device synchronization, native solve, and result extraction included; independent mechanical validation, cache retrieval, table export, and rendering excluded"", ""backend"": ""numpy/scipy-cpu"", ""problem_initialization_s"": 0.0004608000017469749, ""acoustic_transfer_construction_s"": 0.004010499993455596, ""device_transfer_s"": null, ""compilation_warmup_s"": null, ""pre_solve_synchronization_s"": null, ""solve_s"": 0.0055942999897524714, ""post_solve_synchronization_s"": null, ""result_extraction_s"": 2.5999906938523054e-06, ""orchestration_overhead_s"": 4.600020474754274e-06, ""total_s"": 0.01007279999612365, ""device_transfer_status"": ""not_applicable_synchronous_cpu"", ""compilation_warmup_status"": ""not_applicable_synchronous_cpu"", ""pre_solve_synchronization_status"": ""not_applicable_synchronous_cpu"", ""post_solve_synchronization_status"": ""not_applicable_synchronous_cpu"", ""decomposition_complete"": true, ""comparable_total"": true, ""exclusion_reason"": null}",controlled,L-BFGS-B,"{""ftol"": 0.0, ""maxcor"": 10, ""maxfun"": 1000000, ""maxls"": 40}",compact-single-float64-v1,True,full,PRODUCTION,True,True,main-fig8-comparable-end-to-end-v2,"fresh command construction from declared inputs through terminal host phase: problem/objective initialization, acoustic transfer construction, applicable host-to-device transfer, compilation/warmup, device synchronization, native solve, and result extraction included; independent mechanical validation, cache retrieval, table export, and rendering excluded",numpy/scipy-cpu,True,,0.0004608000017469749,0.004010499993455596,N/A,N/A,N/A,0.0055942999897524714,N/A,2.5999906938523054e-06,4.600020474754274e-06,0.01007279999612365,not_applicable_synchronous_cpu,not_applicable_synchronous_cpu,not_applicable_synchronous_cpu,not_applicable_synchronous_cpu,True,0.01007279999612365,0.0,0.0,0.05,23,Figure 3 root paired initializations,GFE,GFE
Conventional,Single,260842,0.0,10000,10000,10000,6331,7959,-53.11537783344091,656.4526435101145,656.4526435101145,656.4526435101145,41.10865913130938,125.5389165593765,False,N m^-1 rad^-1,native optimized-objective gradient,False,2,Desired error not necessarily achieved due to precision loss.,False,2,Desired error not necessarily achieved due to precision loss.,30.380545200008783,30.380545200008783,FESolveResult history interval; objective/transfer construction excluded; not used for cross-method ranking,000000000000080f05ec9d5111cc07db,000000000000080fcb4983a1a03113e0,0.0,0.0,cached,C:\RINENG_COMPACT_FULL_20260920\RINENG_GFE_Standalone_Run\production_outputs\cache\production_single_run\000000000000089ec8426cde31afdde3.pkl,C:\RINENG_COMPACT_FULL_20260920\RINENG_GFE_Standalone_Run\production_outputs\cache\production_single_run\000000000000089ec8426cde31afdde3.pkl,gfe-final-production-v2-00000000000003f329a2,same-machine protocol record replayed from cache,"{""protocol_id"": ""main-fig8-comparable-end-to-end-v2"", ""scope"": ""fresh command construction from declared inputs through terminal host phase: problem/objective initialization, acoustic transfer construction, applicable host-to-device transfer, compilation/warmup, device synchronization, native solve, and result extraction included; independent mechanical validation, cache retrieval, table export, and rendering excluded"", ""backend"": ""numpy/scipy-cpu"", ""problem_initialization_s"": 0.00034589999995660037, ""acoustic_transfer_construction_s"": 0.002687200001673773, ""device_transfer_s"": null, ""compilation_warmup_s"": null, ""pre_solve_synchronization_s"": null, ""solve_s"": 30.440102799999295, ""post_solve_synchronization_s"": null, ""result_extraction_s"": 5.699999746866524e-06, ""orchestration_overhead_s"": 6.000002031214535e-06, ""total_s"": 30.443147600002703, ""device_transfer_status"": ""not_applicable_synchronous_cpu"", ""compilation_warmup_status"": ""not_applicable_synchronous_cpu"", ""pre_solve_synchronization_status"": ""not_applicable_synchronous_cpu"", ""post_solve_synchronization_status"": ""not_applicable_synchronous_cpu"", ""decomposition_complete"": true, ""comparable_total"": true, ""exclusion_reason"": null}",controlled,BFGS,{},native,True,full,PRODUCTION,True,False,main-fig8-comparable-end-to-end-v2,"fresh command construction from declared inputs through terminal host phase: problem/objective initialization, acoustic transfer construction, applicable host-to-device transfer, compilation/warmup, device synchronization, native solve, and result extraction included; independent mechanical validation, cache retrieval, table export, and rendering excluded",numpy/scipy-cpu,True,,0.00034589999995660037,0.002687200001673773,N/A,N/A,N/A,30.440102799999295,N/A,5.699999746866524e-06,6.000002031214535e-06,30.443147600002703,not_applicable_synchronous_cpu,not_applicable_synchronous_cpu,not_applicable_synchronous_cpu,not_applicable_synchronous_cpu,True,30.443147600002703,0.0,0.0,0.05,24,Figure 3 root paired initializations,GFE,GFE
GFE,Single,260842,10.0,10000,10000,10000,40,48,-0.05904367548497529,1.634506656172643e-08,1.634506656172643e-08,1.634506656172643e-08,1.0235677720356714e-09,8.167193274953085e-09,True,N m^-1 rad^-1,native optimized-objective gradient,True,0,CONVERGENCE: NORM OF PROJECTED GRADIENT <= PGTOL,True,0,CONVERGENCE: NORM OF PROJECTED GRADIENT <= PGTOL,0.004740499993204139,0.004740499993204139,FESolveResult history interval; objective/transfer construction excluded; not used for cross-method ranking,000000000000080feb14ef0915202f28,000000000000080fcb4983a1a03113e0,1.1142852793561358e-06,1.1142852793561358e-06,cached,C:\RINENG_COMPACT_FULL_20260920\RINENG_GFE_Standalone_Run\production_outputs\cache\production_single_run\000000000000092a7c4a810446f50d9b.pkl,C:\RINENG_COMPACT_FULL_20260920\RINENG_GFE_Standalone_Run\production_outputs\cache\production_single_run\000000000000092a7c4a810446f50d9b.pkl,gfe-final-production-v2-00000000000003f329a2,same-machine protocol record replayed from cache,"{""protocol_id"": ""main-fig8-comparable-end-to-end-v2"", ""scope"": ""fresh command construction from declared inputs through terminal host phase: problem/objective initialization, acoustic transfer construction, applicable host-to-device transfer, compilation/warmup, device synchronization, native solve, and result extraction included; independent mechanical validation, cache retrieval, table export, and rendering excluded"", ""backend"": ""numpy/scipy-cpu"", ""problem_initialization_s"": 0.0004538999928627163, ""acoustic_transfer_construction_s"": 0.004188899998553097, ""device_transfer_s"": null, ""compilation_warmup_s"": null, ""pre_solve_synchronization_s"": null, ""solve_s"": 0.005316900002071634, ""post_solve_synchronization_s"": null, ""result_extraction_s"": 2.1000014385208488e-06, ""orchestration_overhead_s"": 5.2000104915350676e-06, ""total_s"": 0.009967000005417503, ""device_transfer_status"": ""not_applicable_synchronous_cpu"", ""compilation_warmup_status"": ""not_applicable_synchronous_cpu"", ""pre_solve_synchronization_status"": ""not_applicable_synchronous_cpu"", ""post_solve_synchronization_status"": ""not_applicable_synchronous_cpu"", ""decomposition_complete"": true, ""comparable_total"": true, ""exclusion_reason"": null}",controlled,L-BFGS-B,"{""ftol"": 0.0, ""maxcor"": 10, ""maxfun"": 1000000, ""maxls"": 40}",compact-single-float64-v1,True,full,PRODUCTION,True,True,main-fig8-comparable-end-to-end-v2,"fresh command construction from declared inputs through terminal host phase: problem/objective initialization, acoustic transfer construction, applicable host-to-device transfer, compilation/warmup, device synchronization, native solve, and result extraction included; independent mechanical validation, cache retrieval, table export, and rendering excluded",numpy/scipy-cpu,True,,0.0004538999928627163,0.004188899998553097,N/A,N/A,N/A,0.005316900002071634,N/A,2.1000014385208488e-06,5.2000104915350676e-06,0.009967000005417503,not_applicable_synchronous_cpu,not_applicable_synchronous_cpu,not_applicable_synchronous_cpu,not_applicable_synchronous_cpu,True,0.009967000005417503,0.0,0.0,0.05,24,Figure 3 root paired initializations,GFE,GFE
Conventional,Single,260843,0.0,10000,10000,10000,7217,8961,-54.136561902362715,684.4224158795057,684.4224158795057,684.4224158795057,42.86019421869288,156.89019253980473,False,N m^-1 rad^-1,native optimized-objective gradient,False,2,Desired error not necessarily achieved due to precision loss.,False,2,Desired error not necessarily achieved due to precision loss.,35.34408850000182,35.34408850000182,FESolveResult history interval; objective/transfer construction excluded; not used for cross-method ranking,000000000000080fb30ae3fd5b1c0376,000000000000080f3a254265418d0959,0.0,0.0,cached,C:\RINENG_COMPACT_FULL_20260920\RINENG_GFE_Standalone_Run\production_outputs\cache\production_single_run\000000000000089e3551a0818503dd6b.pkl,C:\RINENG_COMPACT_FULL_20260920\RINENG_GFE_Standalone_Run\production_outputs\cache\production_single_run\000000000000089e3551a0818503dd6b.pkl,gfe-final-production-v2-00000000000003f329a2,same-machine protocol record replayed from cache,"{""protocol_id"": ""main-fig8-comparable-end-to-end-v2"", ""scope"": ""fresh command construction from declared inputs through terminal host phase: problem/objective initialization, acoustic transfer construction, applicable host-to-device transfer, compilation/warmup, device synchronization, native solve, and result extraction included; independent mechanical validation, cache retrieval, table export, and rendering excluded"", ""backend"": ""numpy/scipy-cpu"", ""problem_initialization_s"": 0.00036210000689607114, ""acoustic_transfer_construction_s"": 0.002601700005470775, ""device_transfer_s"": null, ""compilation_warmup_s"": null, ""pre_solve_synchronization_s"": null, ""solve_s"": 35.40828459999466, ""post_solve_synchronization_s"": null, ""result_extraction_s"": 9.099996532313526e-06, ""orchestration_overhead_s"": 9.60000033956021e-06, ""total_s"": 35.4112671000039, ""device_transfer_status"": ""not_applicable_synchronous_cpu"", ""compilation_warmup_status"": ""not_applicable_synchronous_cpu"", ""pre_solve_synchronization_status"": ""not_applicable_synchronous_cpu"", ""post_solve_synchronization_status"": ""not_applicable_synchronous_cpu"", ""decomposition_complete"": true, ""comparable_total"": true, ""exclusion_reason"": null}",controlled,BFGS,{},native,True,full,PRODUCTION,True,False,main-fig8-comparable-end-to-end-v2,"fresh command construction from declared inputs through terminal host phase: problem/objective initialization, acoustic transfer construction, applicable host-to-device transfer, compilation/warmup, device synchronization, native solve, and result extraction included; independent mechanical validation, cache retrieval, table export, and rendering excluded",numpy/scipy-cpu,True,,0.00036210000689607114,0.002601700005470775,N/A,N/A,N/A,35.40828459999466,N/A,9.099996532313526e-06,9.60000033956021e-06,35.4112671000039,not_applicable_synchronous_cpu,not_applicable_synchronous_cpu,not_applicable_synchronous_cpu,not_applicable_synchronous_cpu,True,35.4112671000039,0.0,0.0,0.05,25,Figure 3 root paired initializations,GFE,GFE
GFE,Single,260843,10.0,10000,10000,10000,36,45,-0.059043675485178665,8.96430084752098e-09,8.96430084752098e-09,8.96430084752098e-09,5.61366294331283e-10,3.6145338389471534e-09,True,N m^-1 rad^-1,native optimized-objective gradient,True,0,CONVERGENCE: NORM OF PROJECTED GRADIENT <= PGTOL,True,0,CONVERGENCE: NORM OF PROJECTED GRADIENT <= PGTOL,0.005177999992156401,0.005177999992156401,FESolveResult history interval; objective/transfer construction excluded; not used for cross-method ranking,000000000000080f7d0f97e2d54f1313,000000000000080f3a254265418d0959,1.1142852793561358e-06,1.1142852793561358e-06,cached,C:\RINENG_COMPACT_FULL_20260920\RINENG_GFE_Standalone_Run\production_outputs\cache\production_single_run\000000000000092a79ce159e8ef10d23.pkl,C:\RINENG_COMPACT_FULL_20260920\RINENG_GFE_Standalone_Run\production_outputs\cache\production_single_run\000000000000092a79ce159e8ef10d23.pkl,gfe-final-production-v2-00000000000003f329a2,same-machine protocol record replayed from cache,"{""protocol_id"": ""main-fig8-comparable-end-to-end-v2"", ""scope"": ""fresh command construction from declared inputs through terminal host phase: problem/objective initialization, acoustic transfer construction, applicable host-to-device transfer, compilation/warmup, device synchronization, native solve, and result extraction included; independent mechanical validation, cache retrieval, table export, and rendering excluded"", ""backend"": ""numpy/scipy-cpu"", ""problem_initialization_s"": 0.0003782999992836267, ""acoustic_transfer_construction_s"": 0.005407700009527616, ""device_transfer_s"": null, ""compilation_warmup_s"": null, ""pre_solve_synchronization_s"": null, ""solve_s"": 0.005720699991798028, ""post_solve_synchronization_s"": null, ""result_extraction_s"": 2.0000006770715117e-06, ""orchestration_overhead_s"": 5.599998985417187e-06, ""total_s"": 0.01151430000027176, ""device_transfer_status"": ""not_applicable_synchronous_cpu"", ""compilation_warmup_status"": ""not_applicable_synchronous_cpu"", ""pre_solve_synchronization_status"": ""not_applicable_synchronous_cpu"", ""post_solve_synchronization_status"": ""not_applicable_synchronous_cpu"", ""decomposition_complete"": true, ""comparable_total"": true, ""exclusion_reason"": null}",controlled,L-BFGS-B,"{""ftol"": 0.0, ""maxcor"": 10, ""maxfun"": 1000000, ""maxls"": 40}",compact-single-float64-v1,True,full,PRODUCTION,True,True,main-fig8-comparable-end-to-end-v2,"fresh command construction from declared inputs through terminal host phase: problem/objective initialization, acoustic transfer construction, applicable host-to-device transfer, compilation/warmup, device synchronization, native solve, and result extraction included; independent mechanical validation, cache retrieval, table export, and rendering excluded",numpy/scipy-cpu,True,,0.0003782999992836267,0.005407700009527616,N/A,N/A,N/A,0.005720699991798028,N/A,2.0000006770715117e-06,5.599998985417187e-06,0.01151430000027176,not_applicable_synchronous_cpu,not_applicable_synchronous_cpu,not_applicable_synchronous_cpu,not_applicable_synchronous_cpu,True,0.01151430000027176,0.0,0.0,0.05,25,Figure 3 root paired initializations,GFE,GFE
Conventional,Single,260844,0.0,10000,10000,10000,7644,9475,-51.991901244423055,697.745008494669,697.745008494669,697.745008494669,43.694487330277575,137.23595749745027,False,N m^-1 rad^-1,native optimized-objective gradient,False,2,Desired error not necessarily achieved due to precision loss.,False,2,Desired error not necessarily achieved due to precision loss.,36.73117220000131,36.73117220000131,FESolveResult history interval; objective/transfer construction excluded; not used for cross-method ranking,000000000000080fb2d9f2f4fa0407a9,000000000000080f217ad01c0f031aa2,0.0,0.0,cached,C:\RINENG_COMPACT_FULL_20260920\RINENG_GFE_Standalone_Run\production_outputs\cache\production_single_run\000000000000089e6bbeec034b16de09.pkl,C:\RINENG_COMPACT_FULL_20260920\RINENG_GFE_Standalone_Run\production_outputs\cache\production_single_run\000000000000089e6bbeec034b16de09.pkl,gfe-final-production-v2-00000000000003f329a2,same-machine protocol record replayed from cache,"{""protocol_id"": ""main-fig8-comparable-end-to-end-v2"", ""scope"": ""fresh command construction from declared inputs through terminal host phase: problem/objective initialization, acoustic transfer construction, applicable host-to-device transfer, compilation/warmup, device synchronization, native solve, and result extraction included; independent mechanical validation, cache retrieval, table export, and rendering excluded"", ""backend"": ""numpy/scipy-cpu"", ""problem_initialization_s"": 0.0003474000113783404, ""acoustic_transfer_construction_s"": 0.0027529999933904037, ""device_transfer_s"": null, ""compilation_warmup_s"": null, ""pre_solve_synchronization_s"": null, ""solve_s"": 36.800052999999025, ""post_solve_synchronization_s"": null, ""result_extraction_s"": 5.4199990699999034e-05, ""orchestration_overhead_s"": 1.1299998732283711e-05, ""total_s"": 36.803218899993226, ""device_transfer_status"": ""not_applicable_synchronous_cpu"", ""compilation_warmup_status"": ""not_applicable_synchronous_cpu"", ""pre_solve_synchronization_status"": ""not_applicable_synchronous_cpu"", ""post_solve_synchronization_status"": ""not_applicable_synchronous_cpu"", ""decomposition_complete"": true, ""comparable_total"": true, ""exclusion_reason"": null}",controlled,BFGS,{},native,True,full,PRODUCTION,True,False,main-fig8-comparable-end-to-end-v2,"fresh command construction from declared inputs through terminal host phase: problem/objective initialization, acoustic transfer construction, applicable host-to-device transfer, compilation/warmup, device synchronization, native solve, and result extraction included; independent mechanical validation, cache retrieval, table export, and rendering excluded",numpy/scipy-cpu,True,,0.0003474000113783404,0.0027529999933904037,N/A,N/A,N/A,36.800052999999025,N/A,5.4199990699999034e-05,1.1299998732283711e-05,36.803218899993226,not_applicable_synchronous_cpu,not_applicable_synchronous_cpu,not_applicable_synchronous_cpu,not_applicable_synchronous_cpu,True,36.803218899993226,0.0,0.0,0.05,26,Figure 3 root paired initializations,GFE,GFE
GFE,Single,260844,10.0,10000,10000,10000,42,49,-0.05904367548484608,1.51028227343887e-08,1.51028227343887e-08,1.51028227343887e-08,9.457754460227243e-10,3.1057715065686435e-09,True,N m^-1 rad^-1,native optimized-objective gradient,True,0,CONVERGENCE: NORM OF PROJECTED GRADIENT <= PGTOL,True,0,CONVERGENCE: NORM OF PROJECTED GRADIENT <= PGTOL,0.005189799994695932,0.005189799994695932,FESolveResult history interval; objective/transfer construction excluded; not used for cross-method ranking,000000000000080feb383337657c0ae6,000000000000080f217ad01c0f031aa2,1.1142852793561358e-06,1.1142852793561358e-06,cached,C:\RINENG_COMPACT_FULL_20260920\RINENG_GFE_Standalone_Run\production_outputs\cache\production_single_run\000000000000092a19dff3ec63bc0dc1.pkl,C:\RINENG_COMPACT_FULL_20260920\RINENG_GFE_Standalone_Run\production_outputs\cache\production_single_run\000000000000092a19dff3ec63bc0dc1.pkl,gfe-final-production-v2-00000000000003f329a2,same-machine protocol record replayed from cache,"{""protocol_id"": ""main-fig8-comparable-end-to-end-v2"", ""scope"": ""fresh command construction from declared inputs through terminal host phase: problem/objective initialization, acoustic transfer construction, applicable host-to-device transfer, compilation/warmup, device synchronization, native solve, and result extraction included; independent mechanical validation, cache retrieval, table export, and rendering excluded"", ""backend"": ""numpy/scipy-cpu"", ""problem_initialization_s"": 0.0004405999934533611, ""acoustic_transfer_construction_s"": 0.00458480000088457, ""device_transfer_s"": null, ""compilation_warmup_s"": null, ""pre_solve_synchronization_s"": null, ""solve_s"": 0.005793499993160367, ""post_solve_synchronization_s"": null, ""result_extraction_s"": 2.2999884095042944e-06, ""orchestration_overhead_s"": 5.100024282000959e-06, ""total_s"": 0.010826300000189804, ""device_transfer_status"": ""not_applicable_synchronous_cpu"", ""compilation_warmup_status"": ""not_applicable_synchronous_cpu"", ""pre_solve_synchronization_status"": ""not_applicable_synchronous_cpu"", ""post_solve_synchronization_status"": ""not_applicable_synchronous_cpu"", ""decomposition_complete"": true, ""comparable_total"": true, ""exclusion_reason"": null}",controlled,L-BFGS-B,"{""ftol"": 0.0, ""maxcor"": 10, ""maxfun"": 1000000, ""maxls"": 40}",compact-single-float64-v1,True,full,PRODUCTION,True,True,main-fig8-comparable-end-to-end-v2,"fresh command construction from declared inputs through terminal host phase: problem/objective initialization, acoustic transfer construction, applicable host-to-device transfer, compilation/warmup, device synchronization, native solve, and result extraction included; independent mechanical validation, cache retrieval, table export, and rendering excluded",numpy/scipy-cpu,True,,0.0004405999934533611,0.00458480000088457,N/A,N/A,N/A,0.005793499993160367,N/A,2.2999884095042944e-06,5.100024282000959e-06,0.010826300000189804,not_applicable_synchronous_cpu,not_applicable_synchronous_cpu,not_applicable_synchronous_cpu,not_applicable_synchronous_cpu,True,0.010826300000189804,0.0,0.0,0.05,26,Figure 3 root paired initializations,GFE,GFE
Conventional,Single,260845,0.0,10000,10000,10000,5886,7456,-52.98730603276728,623.507405976685,623.507405976685,623.507405976685,39.04554832940901,132.81340173166106,False,N m^-1 rad^-1,native optimized-objective gradient,False,2,Desired error not necessarily achieved due to precision loss.,False,2,Desired error not necessarily achieved due to precision loss.,29.271888299990678,29.271888299990678,FESolveResult history interval; objective/transfer construction excluded; not used for cross-method ranking,000000000000080fdf96923b96631c41,000000000000080f358e3c8e7dc60646,0.0,0.0,cached,C:\RINENG_COMPACT_FULL_20260920\RINENG_GFE_Standalone_Run\production_outputs\cache\production_single_run\000000000000089eaa483c0427cade05.pkl,C:\RINENG_COMPACT_FULL_20260920\RINENG_GFE_Standalone_Run\production_outputs\cache\production_single_run\000000000000089eaa483c0427cade05.pkl,gfe-final-production-v2-00000000000003f329a2,same-machine protocol record replayed from cache,"{""protocol_id"": ""main-fig8-comparable-end-to-end-v2"", ""scope"": ""fresh command construction from declared inputs through terminal host phase: problem/objective initialization, acoustic transfer construction, applicable host-to-device transfer, compilation/warmup, device synchronization, native solve, and result extraction included; independent mechanical validation, cache retrieval, table export, and rendering excluded"", ""backend"": ""numpy/scipy-cpu"", ""problem_initialization_s"": 0.0003549999964889139, ""acoustic_transfer_construction_s"": 0.002675600000657141, ""device_transfer_s"": null, ""compilation_warmup_s"": null, ""pre_solve_synchronization_s"": null, ""solve_s"": 29.324703000005684, ""post_solve_synchronization_s"": null, ""result_extraction_s"": 5.099995178170502e-06, ""orchestration_overhead_s"": 6.200003554113209e-06, ""total_s"": 29.327744900001562, ""device_transfer_status"": ""not_applicable_synchronous_cpu"", ""compilation_warmup_status"": ""not_applicable_synchronous_cpu"", ""pre_solve_synchronization_status"": ""not_applicable_synchronous_cpu"", ""post_solve_synchronization_status"": ""not_applicable_synchronous_cpu"", ""decomposition_complete"": true, ""comparable_total"": true, ""exclusion_reason"": null}",controlled,BFGS,{},native,True,full,PRODUCTION,True,False,main-fig8-comparable-end-to-end-v2,"fresh command construction from declared inputs through terminal host phase: problem/objective initialization, acoustic transfer construction, applicable host-to-device transfer, compilation/warmup, device synchronization, native solve, and result extraction included; independent mechanical validation, cache retrieval, table export, and rendering excluded",numpy/scipy-cpu,True,,0.0003549999964889139,0.002675600000657141,N/A,N/A,N/A,29.324703000005684,N/A,5.099995178170502e-06,6.200003554113209e-06,29.327744900001562,not_applicable_synchronous_cpu,not_applicable_synchronous_cpu,not_applicable_synchronous_cpu,not_applicable_synchronous_cpu,True,29.327744900001562,0.0,0.0,0.05,27,Figure 3 root paired initializations,GFE,GFE
GFE,Single,260845,10.0,10000,10000,10000,38,50,-0.05904367548483312,1.541415596546218e-08,1.541415596546218e-08,1.541415596546218e-08,9.652718892147482e-10,3.983992437800753e-09,True,N m^-1 rad^-1,native optimized-objective gradient,True,0,CONVERGENCE: NORM OF PROJECTED GRADIENT <= PGTOL,True,0,CONVERGENCE: NORM OF PROJECTED GRADIENT <= PGTOL,0.008537400004570372,0.008537400004570372,FESolveResult history interval; objective/transfer construction excluded; not used for cross-method ranking,000000000000080f824ebe6d14411750,000000000000080f358e3c8e7dc60646,1.1142852793561358e-06,1.1142852793561358e-06,cached,C:\RINENG_COMPACT_FULL_20260920\RINENG_GFE_Standalone_Run\production_outputs\cache\production_single_run\000000000000092a3be4874b3ff80dbd.pkl,C:\RINENG_COMPACT_FULL_20260920\RINENG_GFE_Standalone_Run\production_outputs\cache\production_single_run\000000000000092a3be4874b3ff80dbd.pkl,gfe-final-production-v2-00000000000003f329a2,same-machine protocol record replayed from cache,"{""protocol_id"": ""main-fig8-comparable-end-to-end-v2"", ""scope"": ""fresh command construction from declared inputs through terminal host phase: problem/objective initialization, acoustic transfer construction, applicable host-to-device transfer, compilation/warmup, device synchronization, native solve, and result extraction included; independent mechanical validation, cache retrieval, table export, and rendering excluded"", ""backend"": ""numpy/scipy-cpu"", ""problem_initialization_s"": 0.0007156999927246943, ""acoustic_transfer_construction_s"": 0.0048033000057330355, ""device_transfer_s"": null, ""compilation_warmup_s"": null, ""pre_solve_synchronization_s"": null, ""solve_s"": 0.009200500004226342, ""post_solve_synchronization_s"": null, ""result_extraction_s"": 2.3000029614195228e-06, ""orchestration_overhead_s"": 6.699992809444666e-06, ""total_s"": 0.014728499998454936, ""device_transfer_status"": ""not_applicable_synchronous_cpu"", ""compilation_warmup_status"": ""not_applicable_synchronous_cpu"", ""pre_solve_synchronization_status"": ""not_applicable_synchronous_cpu"", ""post_solve_synchronization_status"": ""not_applicable_synchronous_cpu"", ""decomposition_complete"": true, ""comparable_total"": true, ""exclusion_reason"": null}",controlled,L-BFGS-B,"{""ftol"": 0.0, ""maxcor"": 10, ""maxfun"": 1000000, ""maxls"": 40}",compact-single-float64-v1,True,full,PRODUCTION,True,True,main-fig8-comparable-end-to-end-v2,"fresh command construction from declared inputs through terminal host phase: problem/objective initialization, acoustic transfer construction, applicable host-to-device transfer, compilation/warmup, device synchronization, native solve, and result extraction included; independent mechanical validation, cache retrieval, table export, and rendering excluded",numpy/scipy-cpu,True,,0.0007156999927246943,0.0048033000057330355,N/A,N/A,N/A,0.009200500004226342,N/A,2.3000029614195228e-06,6.699992809444666e-06,0.014728499998454936,not_applicable_synchronous_cpu,not_applicable_synchronous_cpu,not_applicable_synchronous_cpu,not_applicable_synchronous_cpu,True,0.014728499998454936,0.0,0.0,0.05,27,Figure 3 root paired initializations,GFE,GFE
Conventional,Single,260846,0.0,10000,10000,10000,6432,8057,-53.784716380615,719.3482392676688,719.3482392676688,719.3482392676688,45.04733411787464,147.49034427237464,False,N m^-1 rad^-1,native optimized-objective gradient,False,2,Desired error not necessarily achieved due to precision loss.,False,2,Desired error not necessarily achieved due to precision loss.,31.17716200000723,31.17716200000723,FESolveResult history interval; objective/transfer construction excluded; not used for cross-method ranking,000000000000080f009aeab4ff0020b3,000000000000080ffecb5f5561f5f52d,0.0,0.0,cached,C:\RINENG_COMPACT_FULL_20260920\RINENG_GFE_Standalone_Run\production_outputs\cache\production_single_run\000000000000089ebd8acb6a6c3ade92.pkl,C:\RINENG_COMPACT_FULL_20260920\RINENG_GFE_Standalone_Run\production_outputs\cache\production_single_run\000000000000089ebd8acb6a6c3ade92.pkl,gfe-final-production-v2-00000000000003f329a2,same-machine protocol record replayed from cache,"{""protocol_id"": ""main-fig8-comparable-end-to-end-v2"", ""scope"": ""fresh command construction from declared inputs through terminal host phase: problem/objective initialization, acoustic transfer construction, applicable host-to-device transfer, compilation/warmup, device synchronization, native solve, and result extraction included; independent mechanical validation, cache retrieval, table export, and rendering excluded"", ""backend"": ""numpy/scipy-cpu"", ""problem_initialization_s"": 0.00035859999479725957, ""acoustic_transfer_construction_s"": 0.002628800008096732, ""device_transfer_s"": null, ""compilation_warmup_s"": null, ""pre_solve_synchronization_s"": null, ""solve_s"": 31.233794300002046, ""post_solve_synchronization_s"": null, ""result_extraction_s"": 4.6000059228390455e-06, ""orchestration_overhead_s"": 6.399990525096655e-06, ""total_s"": 31.236792700001388, ""device_transfer_status"": ""not_applicable_synchronous_cpu"", ""compilation_warmup_status"": ""not_applicable_synchronous_cpu"", ""pre_solve_synchronization_status"": ""not_applicable_synchronous_cpu"", ""post_solve_synchronization_status"": ""not_applicable_synchronous_cpu"", ""decomposition_complete"": true, ""comparable_total"": true, ""exclusion_reason"": null}",controlled,BFGS,{},native,True,full,PRODUCTION,True,False,main-fig8-comparable-end-to-end-v2,"fresh command construction from declared inputs through terminal host phase: problem/objective initialization, acoustic transfer construction, applicable host-to-device transfer, compilation/warmup, device synchronization, native solve, and result extraction included; independent mechanical validation, cache retrieval, table export, and rendering excluded",numpy/scipy-cpu,True,,0.00035859999479725957,0.002628800008096732,N/A,N/A,N/A,31.233794300002046,N/A,4.6000059228390455e-06,6.399990525096655e-06,31.236792700001388,not_applicable_synchronous_cpu,not_applicable_synchronous_cpu,not_applicable_synchronous_cpu,not_applicable_synchronous_cpu,True,31.236792700001388,0.0,0.0,0.05,28,Figure 3 root paired initializations,GFE,GFE
GFE,Single,260846,10.0,10000,10000,10000,40,51,-0.059043675484237716,4.575861786996439e-08,4.575861786996439e-08,4.575861786996439e-08,2.8655158036654707e-09,9.12727940301283e-09,True,N m^-1 rad^-1,native optimized-objective gradient,True,0,CONVERGENCE: NORM OF PROJECTED GRADIENT <= PGTOL,True,0,CONVERGENCE: NORM OF PROJECTED GRADIENT <= PGTOL,0.0107162999920547,0.0107162999920547,FESolveResult history interval; objective/transfer construction excluded; not used for cross-method ranking,000000000000080f351259a28d3f22fc,000000000000080ffecb5f5561f5f52d,1.1142852793561358e-06,1.1142852793561358e-06,cached,C:\RINENG_COMPACT_FULL_20260920\RINENG_GFE_Standalone_Run\production_outputs\cache\production_single_run\000000000000092a1ce80a2391880e4a.pkl,C:\RINENG_COMPACT_FULL_20260920\RINENG_GFE_Standalone_Run\production_outputs\cache\production_single_run\000000000000092a1ce80a2391880e4a.pkl,gfe-final-production-v2-00000000000003f329a2,same-machine protocol record replayed from cache,"{""protocol_id"": ""main-fig8-comparable-end-to-end-v2"", ""scope"": ""fresh command construction from declared inputs through terminal host phase: problem/objective initialization, acoustic transfer construction, applicable host-to-device transfer, compilation/warmup, device synchronization, native solve, and result extraction included; independent mechanical validation, cache retrieval, table export, and rendering excluded"", ""backend"": ""numpy/scipy-cpu"", ""problem_initialization_s"": 0.0004853999998886138, ""acoustic_transfer_construction_s"": 0.0039662999915890396, ""device_transfer_s"": null, ""compilation_warmup_s"": null, ""pre_solve_synchronization_s"": null, ""solve_s"": 0.01205060000938829, ""post_solve_synchronization_s"": null, ""result_extraction_s"": 5.3000112529844046e-06, ""orchestration_overhead_s"": 6.8999797804281116e-06, ""total_s"": 0.016514499991899356, ""device_transfer_status"": ""not_applicable_synchronous_cpu"", ""compilation_warmup_status"": ""not_applicable_synchronous_cpu"", ""pre_solve_synchronization_status"": ""not_applicable_synchronous_cpu"", ""post_solve_synchronization_status"": ""not_applicable_synchronous_cpu"", ""decomposition_complete"": true, ""comparable_total"": true, ""exclusion_reason"": null}",controlled,L-BFGS-B,"{""ftol"": 0.0, ""maxcor"": 10, ""maxfun"": 1000000, ""maxls"": 40}",compact-single-float64-v1,True,full,PRODUCTION,True,True,main-fig8-comparable-end-to-end-v2,"fresh command construction from declared inputs through terminal host phase: problem/objective initialization, acoustic transfer construction, applicable host-to-device transfer, compilation/warmup, device synchronization, native solve, and result extraction included; independent mechanical validation, cache retrieval, table export, and rendering excluded",numpy/scipy-cpu,True,,0.0004853999998886138,0.0039662999915890396,N/A,N/A,N/A,0.01205060000938829,N/A,5.3000112529844046e-06,6.8999797804281116e-06,0.016514499991899356,not_applicable_synchronous_cpu,not_applicable_synchronous_cpu,not_applicable_synchronous_cpu,not_applicable_synchronous_cpu,True,0.016514499991899356,0.0,0.0,0.05,28,Figure 3 root paired initializations,GFE,GFE
Conventional,Single,260847,0.0,10000,10000,10000,5436,6928,-54.18383558733557,710.374929425832,710.374929425832,710.374929425832,44.48540365843547,154.50054569716278,False,N m^-1 rad^-1,native optimized-objective gradient,False,2,Desired error not necessarily achieved due to precision loss.,False,2,Desired error not necessarily achieved due to precision loss.,26.734345500008203,26.734345500008203,FESolveResult history interval; objective/transfer construction excluded; not used for cross-method ranking,000000000000080f2be311cab0ec0a68,000000000000080fbe76e85ef85d17b6,0.0,0.0,cached,C:\RINENG_COMPACT_FULL_20260920\RINENG_GFE_Standalone_Run\production_outputs\cache\production_single_run\000000000000089e6d6f3d8845f2de6d.pkl,C:\RINENG_COMPACT_FULL_20260920\RINENG_GFE_Standalone_Run\production_outputs\cache\production_single_run\000000000000089e6d6f3d8845f2de6d.pkl,gfe-final-production-v2-00000000000003f329a2,same-machine protocol record replayed from cache,"{""protocol_id"": ""main-fig8-comparable-end-to-end-v2"", ""scope"": ""fresh command construction from declared inputs through terminal host phase: problem/objective initialization, acoustic transfer construction, applicable host-to-device transfer, compilation/warmup, device synchronization, native solve, and result extraction included; independent mechanical validation, cache retrieval, table export, and rendering excluded"", ""backend"": ""numpy/scipy-cpu"", ""problem_initialization_s"": 0.0003529999958118424, ""acoustic_transfer_construction_s"": 0.0025655999925220385, ""device_transfer_s"": null, ""compilation_warmup_s"": null, ""pre_solve_synchronization_s"": null, ""solve_s"": 26.783917200009455, ""post_solve_synchronization_s"": null, ""result_extraction_s"": 6.399990525096655e-06, ""orchestration_overhead_s"": 6.900008884258568e-06, ""total_s"": 26.786849099997198, ""device_transfer_status"": ""not_applicable_synchronous_cpu"", ""compilation_warmup_status"": ""not_applicable_synchronous_cpu"", ""pre_solve_synchronization_status"": ""not_applicable_synchronous_cpu"", ""post_solve_synchronization_status"": ""not_applicable_synchronous_cpu"", ""decomposition_complete"": true, ""comparable_total"": true, ""exclusion_reason"": null}",controlled,BFGS,{},native,True,full,PRODUCTION,True,False,main-fig8-comparable-end-to-end-v2,"fresh command construction from declared inputs through terminal host phase: problem/objective initialization, acoustic transfer construction, applicable host-to-device transfer, compilation/warmup, device synchronization, native solve, and result extraction included; independent mechanical validation, cache retrieval, table export, and rendering excluded",numpy/scipy-cpu,True,,0.0003529999958118424,0.0025655999925220385,N/A,N/A,N/A,26.783917200009455,N/A,6.399990525096655e-06,6.900008884258568e-06,26.786849099997198,not_applicable_synchronous_cpu,not_applicable_synchronous_cpu,not_applicable_synchronous_cpu,not_applicable_synchronous_cpu,True,26.786849099997198,0.0,0.0,0.05,29,Figure 3 root paired initializations,GFE,GFE
GFE,Single,260847,10.0,10000,10000,10000,32,39,-0.05904367548363691,4.528206751279729e-08,4.528206751279729e-08,4.528206751279729e-08,2.8356730627071363e-09,8.58501123510255e-09,True,N m^-1 rad^-1,native optimized-objective gradient,True,0,CONVERGENCE: NORM OF PROJECTED GRADIENT <= PGTOL,True,0,CONVERGENCE: NORM OF PROJECTED GRADIENT <= PGTOL,0.004416399999172427,0.004416399999172427,FESolveResult history interval; objective/transfer construction excluded; not used for cross-method ranking,000000000000080fd84bbf3a85231a91,000000000000080fbe76e85ef85d17b6,1.1142852793561358e-06,1.1142852793561358e-06,cached,C:\RINENG_COMPACT_FULL_20260920\RINENG_GFE_Standalone_Run\production_outputs\cache\production_single_run\000000000000092ae8dd7cc867b00e25.pkl,C:\RINENG_COMPACT_FULL_20260920\RINENG_GFE_Standalone_Run\production_outputs\cache\production_single_run\000000000000092ae8dd7cc867b00e25.pkl,gfe-final-production-v2-00000000000003f329a2,same-machine protocol record replayed from cache,"{""protocol_id"": ""main-fig8-comparable-end-to-end-v2"", ""scope"": ""fresh command construction from declared inputs through terminal host phase: problem/objective initialization, acoustic transfer construction, applicable host-to-device transfer, compilation/warmup, device synchronization, native solve, and result extraction included; independent mechanical validation, cache retrieval, table export, and rendering excluded"", ""backend"": ""numpy/scipy-cpu"", ""problem_initialization_s"": 0.0004457000031834468, ""acoustic_transfer_construction_s"": 0.0038693000096827745, ""device_transfer_s"": null, ""compilation_warmup_s"": null, ""pre_solve_synchronization_s"": null, ""solve_s"": 0.005110500002047047, ""post_solve_synchronization_s"": null, ""result_extraction_s"": 3.2999960239976645e-06, ""orchestration_overhead_s"": 5.599998985417187e-06, ""total_s"": 0.009434400009922683, ""device_transfer_status"": ""not_applicable_synchronous_cpu"", ""compilation_warmup_status"": ""not_applicable_synchronous_cpu"", ""pre_solve_synchronization_status"": ""not_applicable_synchronous_cpu"", ""post_solve_synchronization_status"": ""not_applicable_synchronous_cpu"", ""decomposition_complete"": true, ""comparable_total"": true, ""exclusion_reason"": null}",controlled,L-BFGS-B,"{""ftol"": 0.0, ""maxcor"": 10, ""maxfun"": 1000000, ""maxls"": 40}",compact-single-float64-v1,True,full,PRODUCTION,True,True,main-fig8-comparable-end-to-end-v2,"fresh command construction from declared inputs through terminal host phase: problem/objective initialization, acoustic transfer construction, applicable host-to-device transfer, compilation/warmup, device synchronization, native solve, and result extraction included; independent mechanical validation, cache retrieval, table export, and rendering excluded",numpy/scipy-cpu,True,,0.0004457000031834468,0.0038693000096827745,N/A,N/A,N/A,0.005110500002047047,N/A,3.2999960239976645e-06,5.599998985417187e-06,0.009434400009922683,not_applicable_synchronous_cpu,not_applicable_synchronous_cpu,not_applicable_synchronous_cpu,not_applicable_synchronous_cpu,True,0.009434400009922683,0.0,0.0,0.05,29,Figure 3 root paired initializations,GFE,GFE
Conventional,Single,1635735013,0.0,10000,10000,10000,3975,5273,-53.24236565861115,699.368575531572,699.368575531572,699.368575531572,43.796159041948954,130.0010595910059,False,N m^-1 rad^-1,native optimized-objective gradient,False,2,Desired error not necessarily achieved due to precision loss.,False,2,Desired error not necessarily achieved due to precision loss.,19.913256600004388,19.913256600004388,FESolveResult history interval; objective/transfer construction excluded; not used for cross-method ranking,000000000000080f0bc96f311b5c1775,000000000000080f59c0e4253cba0559,0.0,0.0,cached,C:\RINENG_COMPACT_FULL_20260920\RINENG_GFE_Standalone_Run\production_outputs\cache\production_single_run\00000000000008a2c227c43bd073debf.pkl,C:\RINENG_COMPACT_FULL_20260920\RINENG_GFE_Standalone_Run\production_outputs\cache\production_single_run\00000000000008a2c227c43bd073debf.pkl,gfe-final-production-v2-00000000000003f329a2,same-machine protocol record replayed from cache,"{""protocol_id"": ""main-fig8-comparable-end-to-end-v2"", ""scope"": ""fresh command construction from declared inputs through terminal host phase: problem/objective initialization, acoustic transfer construction, applicable host-to-device transfer, compilation/warmup, device synchronization, native solve, and result extraction included; independent mechanical validation, cache retrieval, table export, and rendering excluded"", ""backend"": ""numpy/scipy-cpu"", ""problem_initialization_s"": 0.0003453999961493537, ""acoustic_transfer_construction_s"": 0.002568199997767806, ""device_transfer_s"": null, ""compilation_warmup_s"": null, ""pre_solve_synchronization_s"": null, ""solve_s"": 19.950167399991187, ""post_solve_synchronization_s"": null, ""result_extraction_s"": 4.0000013541430235e-06, ""orchestration_overhead_s"": 5.600013537332416e-06, ""total_s"": 19.953090599999996, ""device_transfer_status"": ""not_applicable_synchronous_cpu"", ""compilation_warmup_status"": ""not_applicable_synchronous_cpu"", ""pre_solve_synchronization_status"": ""not_applicable_synchronous_cpu"", ""post_solve_synchronization_status"": ""not_applicable_synchronous_cpu"", ""decomposition_complete"": true, ""comparable_total"": true, ""exclusion_reason"": null}",controlled,BFGS,{},native,True,full,PRODUCTION,True,False,main-fig8-comparable-end-to-end-v2,"fresh command construction from declared inputs through terminal host phase: problem/objective initialization, acoustic transfer construction, applicable host-to-device transfer, compilation/warmup, device synchronization, native solve, and result extraction included; independent mechanical validation, cache retrieval, table export, and rendering excluded",numpy/scipy-cpu,True,,0.0003453999961493537,0.002568199997767806,N/A,N/A,N/A,19.950167399991187,N/A,4.0000013541430235e-06,5.600013537332416e-06,19.953090599999996,not_applicable_synchronous_cpu,not_applicable_synchronous_cpu,not_applicable_synchronous_cpu,not_applicable_synchronous_cpu,True,19.953090599999996,0.0,0.0,0.05,30,Figure 3 root paired initializations,GFE,GFE
GFE,Single,1635735013,10.0,10000,10000,10000,37,43,-0.059043675484191795,3.247781433944766e-08,3.247781433944766e-08,3.247781433944766e-08,2.0338396260715715e-09,6.049609507911946e-09,True,N m^-1 rad^-1,native optimized-objective gradient,True,0,CONVERGENCE: NORM OF PROJECTED GRADIENT <= PGTOL,True,0,CONVERGENCE: NORM OF PROJECTED GRADIENT <= PGTOL,0.008750799999688752,0.008750799999688752,FESolveResult history interval; objective/transfer construction excluded; not used for cross-method ranking,000000000000080f22f034d51c5a209a,000000000000080f59c0e4253cba0559,1.1142852793561358e-06,1.1142852793561358e-06,cached,C:\RINENG_COMPACT_FULL_20260920\RINENG_GFE_Standalone_Run\production_outputs\cache\production_single_run\000000000000092e9f61b2baa5ec0e77.pkl,C:\RINENG_COMPACT_FULL_20260920\RINENG_GFE_Standalone_Run\production_outputs\cache\production_single_run\000000000000092e9f61b2baa5ec0e77.pkl,gfe-final-production-v2-00000000000003f329a2,same-machine protocol record replayed from cache,"{""protocol_id"": ""main-fig8-comparable-end-to-end-v2"", ""scope"": ""fresh command construction from declared inputs through terminal host phase: problem/objective initialization, acoustic transfer construction, applicable host-to-device transfer, compilation/warmup, device synchronization, native solve, and result extraction included; independent mechanical validation, cache retrieval, table export, and rendering excluded"", ""backend"": ""numpy/scipy-cpu"", ""problem_initialization_s"": 0.00043429998913779855, ""acoustic_transfer_construction_s"": 0.003987299991422333, ""device_transfer_s"": null, ""compilation_warmup_s"": null, ""pre_solve_synchronization_s"": null, ""solve_s"": 0.010022100002970546, ""post_solve_synchronization_s"": null, ""result_extraction_s"": 3.9000005926936865e-06, ""orchestration_overhead_s"": 7.800015737302601e-06, ""total_s"": 0.014455399999860674, ""device_transfer_status"": ""not_applicable_synchronous_cpu"", ""compilation_warmup_status"": ""not_applicable_synchronous_cpu"", ""pre_solve_synchronization_status"": ""not_applicable_synchronous_cpu"", ""post_solve_synchronization_status"": ""not_applicable_synchronous_cpu"", ""decomposition_complete"": true, ""comparable_total"": true, ""exclusion_reason"": null}",controlled,L-BFGS-B,"{""ftol"": 0.0, ""maxcor"": 10, ""maxfun"": 1000000, ""maxls"": 40}",compact-single-float64-v1,True,full,PRODUCTION,True,True,main-fig8-comparable-end-to-end-v2,"fresh command construction from declared inputs through terminal host phase: problem/objective initialization, acoustic transfer construction, applicable host-to-device transfer, compilation/warmup, device synchronization, native solve, and result extraction included; independent mechanical validation, cache retrieval, table export, and rendering excluded",numpy/scipy-cpu,True,,0.00043429998913779855,0.003987299991422333,N/A,N/A,N/A,0.010022100002970546,N/A,3.9000005926936865e-06,7.800015737302601e-06,0.014455399999860674,not_applicable_synchronous_cpu,not_applicable_synchronous_cpu,not_applicable_synchronous_cpu,not_applicable_synchronous_cpu,True,0.014455399999860674,0.0,0.0,0.05,30,Figure 3 root paired initializations,GFE,GFE
Conventional,Single,2062906815,0.0,10000,10000,10000,7372,9199,-53.59346498343667,697.0041213809103,697.0041213809103,697.0041213809103,43.64809117951881,149.5922029532951,False,N m^-1 rad^-1,native optimized-objective gradient,False,2,Desired error not necessarily achieved due to precision loss.,False,2,Desired error not necessarily achieved due to precision loss.,35.69883779999509,35.69883779999509,FESolveResult history interval; objective/transfer construction excluded; not used for cross-method ranking,000000000000080fce1db59550362431,000000000000080f93dcb83241e41cc4,0.0,0.0,cached,C:\RINENG_COMPACT_FULL_20260920\RINENG_GFE_Standalone_Run\production_outputs\cache\production_single_run\00000000000008a219b4d06a40e7def2.pkl,C:\RINENG_COMPACT_FULL_20260920\RINENG_GFE_Standalone_Run\production_outputs\cache\production_single_run\00000000000008a219b4d06a40e7def2.pkl,gfe-final-production-v2-00000000000003f329a2,same-machine protocol record replayed from cache,"{""protocol_id"": ""main-fig8-comparable-end-to-end-v2"", ""scope"": ""fresh command construction from declared inputs through terminal host phase: problem/objective initialization, acoustic transfer construction, applicable host-to-device transfer, compilation/warmup, device synchronization, native solve, and result extraction included; independent mechanical validation, cache retrieval, table export, and rendering excluded"", ""backend"": ""numpy/scipy-cpu"", ""problem_initialization_s"": 0.0003684999974211678, ""acoustic_transfer_construction_s"": 0.002903499989770353, ""device_transfer_s"": null, ""compilation_warmup_s"": null, ""pre_solve_synchronization_s"": null, ""solve_s"": 35.76409209999838, ""post_solve_synchronization_s"": null, ""result_extraction_s"": 4.799992893822491e-06, ""orchestration_overhead_s"": 6.600021151825786e-06, ""total_s"": 35.767375499999616, ""device_transfer_status"": ""not_applicable_synchronous_cpu"", ""compilation_warmup_status"": ""not_applicable_synchronous_cpu"", ""pre_solve_synchronization_status"": ""not_applicable_synchronous_cpu"", ""post_solve_synchronization_status"": ""not_applicable_synchronous_cpu"", ""decomposition_complete"": true, ""comparable_total"": true, ""exclusion_reason"": null}",controlled,BFGS,{},native,True,full,PRODUCTION,True,False,main-fig8-comparable-end-to-end-v2,"fresh command construction from declared inputs through terminal host phase: problem/objective initialization, acoustic transfer construction, applicable host-to-device transfer, compilation/warmup, device synchronization, native solve, and result extraction included; independent mechanical validation, cache retrieval, table export, and rendering excluded",numpy/scipy-cpu,True,,0.0003684999974211678,0.002903499989770353,N/A,N/A,N/A,35.76409209999838,N/A,4.799992893822491e-06,6.600021151825786e-06,35.767375499999616,not_applicable_synchronous_cpu,not_applicable_synchronous_cpu,not_applicable_synchronous_cpu,not_applicable_synchronous_cpu,True,35.767375499999616,0.0,0.0,0.05,31,Figure 3 root paired initializations,GFE,GFE
GFE,Single,2062906815,10.0,10000,10000,10000,33,41,-0.059043675485170324,6.23544924190887e-09,6.23544924190887e-09,6.23544924190887e-09,3.904789781111815e-10,3.2529657383764734e-09,True,N m^-1 rad^-1,native optimized-objective gradient,True,0,CONVERGENCE: NORM OF PROJECTED GRADIENT <= PGTOL,True,0,CONVERGENCE: NORM OF PROJECTED GRADIENT <= PGTOL,0.004517099994700402,0.004517099994700402,FESolveResult history interval; objective/transfer construction excluded; not used for cross-method ranking,000000000000080f49e3ab48d6a10e35,000000000000080f93dcb83241e41cc4,1.1142852793561358e-06,1.1142852793561358e-06,cached,C:\RINENG_COMPACT_FULL_20260920\RINENG_GFE_Standalone_Run\production_outputs\cache\production_single_run\000000000000092e9b4869781ab00eaa.pkl,C:\RINENG_COMPACT_FULL_20260920\RINENG_GFE_Standalone_Run\production_outputs\cache\production_single_run\000000000000092e9b4869781ab00eaa.pkl,gfe-final-production-v2-00000000000003f329a2,same-machine protocol record replayed from cache,"{""protocol_id"": ""main-fig8-comparable-end-to-end-v2"", ""scope"": ""fresh command construction from declared inputs through terminal host phase: problem/objective initialization, acoustic transfer construction, applicable host-to-device transfer, compilation/warmup, device synchronization, native solve, and result extraction included; independent mechanical validation, cache retrieval, table export, and rendering excluded"", ""backend"": ""numpy/scipy-cpu"", ""problem_initialization_s"": 0.00046129999100230634, ""acoustic_transfer_construction_s"": 0.004174299989244901, ""device_transfer_s"": null, ""compilation_warmup_s"": null, ""pre_solve_synchronization_s"": null, ""solve_s"": 0.005134500010171905, ""post_solve_synchronization_s"": null, ""result_extraction_s"": 2.0000006770715117e-06, ""orchestration_overhead_s"": 5.3000112529844046e-06, ""total_s"": 0.009777400002349168, ""device_transfer_status"": ""not_applicable_synchronous_cpu"", ""compilation_warmup_status"": ""not_applicable_synchronous_cpu"", ""pre_solve_synchronization_status"": ""not_applicable_synchronous_cpu"", ""post_solve_synchronization_status"": ""not_applicable_synchronous_cpu"", ""decomposition_complete"": true, ""comparable_total"": true, ""exclusion_reason"": null}",controlled,L-BFGS-B,"{""ftol"": 0.0, ""maxcor"": 10, ""maxfun"": 1000000, ""maxls"": 40}",compact-single-float64-v1,True,full,PRODUCTION,True,True,main-fig8-comparable-end-to-end-v2,"fresh command construction from declared inputs through terminal host phase: problem/objective initialization, acoustic transfer construction, applicable host-to-device transfer, compilation/warmup, device synchronization, native solve, and result extraction included; independent mechanical validation, cache retrieval, table export, and rendering excluded",numpy/scipy-cpu,True,,0.00046129999100230634,0.004174299989244901,N/A,N/A,N/A,0.005134500010171905,N/A,2.0000006770715117e-06,5.3000112529844046e-06,0.009777400002349168,not_applicable_synchronous_cpu,not_applicable_synchronous_cpu,not_applicable_synchronous_cpu,not_applicable_synchronous_cpu,True,0.009777400002349168,0.0,0.0,0.05,31,Figure 3 root paired initializations,GFE,GFE
Conventional,Single,1830934080,0.0,10000,10000,10000,5318,6793,-54.33618559850296,687.2268860679496,687.2268860679496,687.2268860679496,43.03581695425566,156.02073495352755,False,N m^-1 rad^-1,native optimized-objective gradient,False,2,Desired error not necessarily achieved due to precision loss.,False,2,Desired error not necessarily achieved due to precision loss.,26.23303709999891,26.23303709999891,FESolveResult history interval; objective/transfer construction excluded; not used for cross-method ranking,000000000000080f667b7692762a16ea,000000000000080f9cc8769209fa1ad1,0.0,0.0,cached,C:\RINENG_COMPACT_FULL_20260920\RINENG_GFE_Standalone_Run\production_outputs\cache\production_single_run\00000000000008a225990b758fd0defa.pkl,C:\RINENG_COMPACT_FULL_20260920\RINENG_GFE_Standalone_Run\production_outputs\cache\production_single_run\00000000000008a225990b758fd0defa.pkl,gfe-final-production-v2-00000000000003f329a2,same-machine protocol record replayed from cache,"{""protocol_id"": ""main-fig8-comparable-end-to-end-v2"", ""scope"": ""fresh command construction from declared inputs through terminal host phase: problem/objective initialization, acoustic transfer construction, applicable host-to-device transfer, compilation/warmup, device synchronization, native solve, and result extraction included; independent mechanical validation, cache retrieval, table export, and rendering excluded"", ""backend"": ""numpy/scipy-cpu"", ""problem_initialization_s"": 0.00037059999885968864, ""acoustic_transfer_construction_s"": 0.002653100003954023, ""device_transfer_s"": null, ""compilation_warmup_s"": null, ""pre_solve_synchronization_s"": null, ""solve_s"": 26.28252259999863, ""post_solve_synchronization_s"": null, ""result_extraction_s"": 6.600006599910557e-06, ""orchestration_overhead_s"": 6.199989002197981e-06, ""total_s"": 26.285559099997045, ""device_transfer_status"": ""not_applicable_synchronous_cpu"", ""compilation_warmup_status"": ""not_applicable_synchronous_cpu"", ""pre_solve_synchronization_status"": ""not_applicable_synchronous_cpu"", ""post_solve_synchronization_status"": ""not_applicable_synchronous_cpu"", ""decomposition_complete"": true, ""comparable_total"": true, ""exclusion_reason"": null}",controlled,BFGS,{},native,True,full,PRODUCTION,True,False,main-fig8-comparable-end-to-end-v2,"fresh command construction from declared inputs through terminal host phase: problem/objective initialization, acoustic transfer construction, applicable host-to-device transfer, compilation/warmup, device synchronization, native solve, and result extraction included; independent mechanical validation, cache retrieval, table export, and rendering excluded",numpy/scipy-cpu,True,,0.00037059999885968864,0.002653100003954023,N/A,N/A,N/A,26.28252259999863,N/A,6.600006599910557e-06,6.199989002197981e-06,26.285559099997045,not_applicable_synchronous_cpu,not_applicable_synchronous_cpu,not_applicable_synchronous_cpu,not_applicable_synchronous_cpu,True,26.285559099997045,0.0,0.0,0.05,32,Figure 3 root paired initializations,GFE,GFE
GFE,Single,1830934080,10.0,10000,10000,10000,39,44,-0.05904367548451901,2.2065711959378554e-08,2.2065711959378554e-08,2.2065711959378554e-08,1.3818084829050941e-09,6.455685648963466e-09,True,N m^-1 rad^-1,native optimized-objective gradient,True,0,CONVERGENCE: NORM OF PROJECTED GRADIENT <= PGTOL,True,0,CONVERGENCE: NORM OF PROJECTED GRADIENT <= PGTOL,0.004965900006936863,0.004965900006936863,FESolveResult history interval; objective/transfer construction excluded; not used for cross-method ranking,000000000000080f76baf1b1f69b190a,000000000000080f9cc8769209fa1ad1,1.1142852793561358e-06,1.1142852793561358e-06,cached,C:\RINENG_COMPACT_FULL_20260920\RINENG_GFE_Standalone_Run\production_outputs\cache\production_single_run\000000000000092e2cff41d06aa10eb2.pkl,C:\RINENG_COMPACT_FULL_20260920\RINENG_GFE_Standalone_Run\production_outputs\cache\production_single_run\000000000000092e2cff41d06aa10eb2.pkl,gfe-final-production-v2-00000000000003f329a2,same-machine protocol record replayed from cache,"{""protocol_id"": ""main-fig8-comparable-end-to-end-v2"", ""scope"": ""fresh command construction from declared inputs through terminal host phase: problem/objective initialization, acoustic transfer construction, applicable host-to-device transfer, compilation/warmup, device synchronization, native solve, and result extraction included; independent mechanical validation, cache retrieval, table export, and rendering excluded"", ""backend"": ""numpy/scipy-cpu"", ""problem_initialization_s"": 0.00047720001020934433, ""acoustic_transfer_construction_s"": 0.004020000007585622, ""device_transfer_s"": null, ""compilation_warmup_s"": null, ""pre_solve_synchronization_s"": null, ""solve_s"": 0.005542099999729544, ""post_solve_synchronization_s"": null, ""result_extraction_s"": 2.800006768666208e-06, ""orchestration_overhead_s"": 5.199981387704611e-06, ""total_s"": 0.010047300005680881, ""device_transfer_status"": ""not_applicable_synchronous_cpu"", ""compilation_warmup_status"": ""not_applicable_synchronous_cpu"", ""pre_solve_synchronization_status"": ""not_applicable_synchronous_cpu"", ""post_solve_synchronization_status"": ""not_applicable_synchronous_cpu"", ""decomposition_complete"": true, ""comparable_total"": true, ""exclusion_reason"": null}",controlled,L-BFGS-B,"{""ftol"": 0.0, ""maxcor"": 10, ""maxfun"": 1000000, ""maxls"": 40}",compact-single-float64-v1,True,full,PRODUCTION,True,True,main-fig8-comparable-end-to-end-v2,"fresh command construction from declared inputs through terminal host phase: problem/objective initialization, acoustic transfer construction, applicable host-to-device transfer, compilation/warmup, device synchronization, native solve, and result extraction included; independent mechanical validation, cache retrieval, table export, and rendering excluded",numpy/scipy-cpu,True,,0.00047720001020934433,0.004020000007585622,N/A,N/A,N/A,0.005542099999729544,N/A,2.800006768666208e-06,5.199981387704611e-06,0.010047300005680881,not_applicable_synchronous_cpu,not_applicable_synchronous_cpu,not_applicable_synchronous_cpu,not_applicable_synchronous_cpu,True,0.010047300005680881,0.0,0.0,0.05,32,Figure 3 root paired initializations,GFE,GFE
Conventional,Single,185756457,0.0,10000,10000,10000,4666,6049,-55.16222148372,659.2219248631357,659.2219248631357,659.2219248631357,41.282078256520485,122.28403859333582,False,N m^-1 rad^-1,native optimized-objective gradient,False,2,Desired error not necessarily achieved due to precision loss.,False,2,Desired error not necessarily achieved due to precision loss.,22.85827789999894,22.85827789999894,FESolveResult history interval; objective/transfer construction excluded; not used for cross-method ranking,000000000000080f3d59ea01fdc914c6,000000000000080f44c30af8efd92197,0.0,0.0,cached,C:\RINENG_COMPACT_FULL_20260920\RINENG_GFE_Standalone_Run\production_outputs\cache\production_single_run\00000000000008a1dd93a10e3642ded8.pkl,C:\RINENG_COMPACT_FULL_20260920\RINENG_GFE_Standalone_Run\production_outputs\cache\production_single_run\00000000000008a1dd93a10e3642ded8.pkl,gfe-final-production-v2-00000000000003f329a2,same-machine protocol record replayed from cache,"{""protocol_id"": ""main-fig8-comparable-end-to-end-v2"", ""scope"": ""fresh command construction from declared inputs through terminal host phase: problem/objective initialization, acoustic transfer construction, applicable host-to-device transfer, compilation/warmup, device synchronization, native solve, and result extraction included; independent mechanical validation, cache retrieval, table export, and rendering excluded"", ""backend"": ""numpy/scipy-cpu"", ""problem_initialization_s"": 0.0003525000065565109, ""acoustic_transfer_construction_s"": 0.0026416000036988407, ""device_transfer_s"": null, ""compilation_warmup_s"": null, ""pre_solve_synchronization_s"": null, ""solve_s"": 22.902439600002253, ""post_solve_synchronization_s"": null, ""result_extraction_s"": 6.000002031214535e-06, ""orchestration_overhead_s"": 6.8999797804281116e-06, ""total_s"": 22.90544659999432, ""device_transfer_status"": ""not_applicable_synchronous_cpu"", ""compilation_warmup_status"": ""not_applicable_synchronous_cpu"", ""pre_solve_synchronization_status"": ""not_applicable_synchronous_cpu"", ""post_solve_synchronization_status"": ""not_applicable_synchronous_cpu"", ""decomposition_complete"": true, ""comparable_total"": true, ""exclusion_reason"": null}",controlled,BFGS,{},native,True,full,PRODUCTION,True,False,main-fig8-comparable-end-to-end-v2,"fresh command construction from declared inputs through terminal host phase: problem/objective initialization, acoustic transfer construction, applicable host-to-device transfer, compilation/warmup, device synchronization, native solve, and result extraction included; independent mechanical validation, cache retrieval, table export, and rendering excluded",numpy/scipy-cpu,True,,0.0003525000065565109,0.0026416000036988407,N/A,N/A,N/A,22.902439600002253,N/A,6.000002031214535e-06,6.8999797804281116e-06,22.90544659999432,not_applicable_synchronous_cpu,not_applicable_synchronous_cpu,not_applicable_synchronous_cpu,not_applicable_synchronous_cpu,True,22.90544659999432,0.0,0.0,0.05,33,Figure 3 root paired initializations,GFE,GFE
GFE,Single,185756457,10.0,10000,10000,10000,38,49,-0.05904367548496244,1.842506133158317e-08,1.842506133158317e-08,1.842506133158317e-08,1.1538220970571072e-09,3.7009030314817588e-09,True,N m^-1 rad^-1,native optimized-objective gradient,True,0,CONVERGENCE: NORM OF PROJECTED GRADIENT <= PGTOL,True,0,CONVERGENCE: NORM OF PROJECTED GRADIENT <= PGTOL,0.006078800011891872,0.006078800011891872,FESolveResult history interval; objective/transfer construction excluded; not used for cross-method ranking,000000000000080f53b6e45691ff1800,000000000000080f44c30af8efd92197,1.1142852793561358e-06,1.1142852793561358e-06,cached,C:\RINENG_COMPACT_FULL_20260920\RINENG_GFE_Standalone_Run\production_outputs\cache\production_single_run\000000000000092d5b149795e18b0e90.pkl,C:\RINENG_COMPACT_FULL_20260920\RINENG_GFE_Standalone_Run\production_outputs\cache\production_single_run\000000000000092d5b149795e18b0e90.pkl,gfe-final-production-v2-00000000000003f329a2,same-machine protocol record replayed from cache,"{""protocol_id"": ""main-fig8-comparable-end-to-end-v2"", ""scope"": ""fresh command construction from declared inputs through terminal host phase: problem/objective initialization, acoustic transfer construction, applicable host-to-device transfer, compilation/warmup, device synchronization, native solve, and result extraction included; independent mechanical validation, cache retrieval, table export, and rendering excluded"", ""backend"": ""numpy/scipy-cpu"", ""problem_initialization_s"": 0.00046719999227207154, ""acoustic_transfer_construction_s"": 0.0038530000019818544, ""device_transfer_s"": null, ""compilation_warmup_s"": null, ""pre_solve_synchronization_s"": null, ""solve_s"": 0.006652799987932667, ""post_solve_synchronization_s"": null, ""result_extraction_s"": 2.0000006770715117e-06, ""orchestration_overhead_s"": 5.5000127758830786e-06, ""total_s"": 0.010980499995639548, ""device_transfer_status"": ""not_applicable_synchronous_cpu"", ""compilation_warmup_status"": ""not_applicable_synchronous_cpu"", ""pre_solve_synchronization_status"": ""not_applicable_synchronous_cpu"", ""post_solve_synchronization_status"": ""not_applicable_synchronous_cpu"", ""decomposition_complete"": true, ""comparable_total"": true, ""exclusion_reason"": null}",controlled,L-BFGS-B,"{""ftol"": 0.0, ""maxcor"": 10, ""maxfun"": 1000000, ""maxls"": 40}",compact-single-float64-v1,True,full,PRODUCTION,True,True,main-fig8-comparable-end-to-end-v2,"fresh command construction from declared inputs through terminal host phase: problem/objective initialization, acoustic transfer construction, applicable host-to-device transfer, compilation/warmup, device synchronization, native solve, and result extraction included; independent mechanical validation, cache retrieval, table export, and rendering excluded",numpy/scipy-cpu,True,,0.00046719999227207154,0.0038530000019818544,N/A,N/A,N/A,0.006652799987932667,N/A,2.0000006770715117e-06,5.5000127758830786e-06,0.010980499995639548,not_applicable_synchronous_cpu,not_applicable_synchronous_cpu,not_applicable_synchronous_cpu,not_applicable_synchronous_cpu,True,0.010980499995639548,0.0,0.0,0.05,33,Figure 3 root paired initializations,GFE,GFE
Conventional,Single,1666014127,0.0,10000,10000,10000,7006,8721,-53.99083117607852,713.3099040033328,713.3099040033328,713.3099040033328,44.669198895850315,156.85297804330966,False,N m^-1 rad^-1,native optimized-objective gradient,False,2,Desired error not necessarily achieved due to precision loss.,False,2,Desired error not necessarily achieved due to precision loss.,33.951261999987764,33.951261999987764,FESolveResult history interval; objective/transfer construction excluded; not used for cross-method ranking,000000000000080f84ad7d5d44a41df7,000000000000080fe74b68c67d232bee,0.0,0.0,cached,C:\RINENG_COMPACT_FULL_20260920\RINENG_GFE_Standalone_Run\production_outputs\cache\production_single_run\00000000000008a20468c1e908f4df29.pkl,C:\RINENG_COMPACT_FULL_20260920\RINENG_GFE_Standalone_Run\production_outputs\cache\production_single_run\00000000000008a20468c1e908f4df29.pkl,gfe-final-production-v2-00000000000003f329a2,same-machine protocol record replayed from cache,"{""protocol_id"": ""main-fig8-comparable-end-to-end-v2"", ""scope"": ""fresh command construction from declared inputs through terminal host phase: problem/objective initialization, acoustic transfer construction, applicable host-to-device transfer, compilation/warmup, device synchronization, native solve, and result extraction included; independent mechanical validation, cache retrieval, table export, and rendering excluded"", ""backend"": ""numpy/scipy-cpu"", ""problem_initialization_s"": 0.000385499995900318, ""acoustic_transfer_construction_s"": 0.002628500005812384, ""device_transfer_s"": null, ""compilation_warmup_s"": null, ""pre_solve_synchronization_s"": null, ""solve_s"": 34.015500099994824, ""post_solve_synchronization_s"": null, ""result_extraction_s"": 5.699999746866524e-06, ""orchestration_overhead_s"": 6.200003554113209e-06, ""total_s"": 34.01852599999984, ""device_transfer_status"": ""not_applicable_synchronous_cpu"", ""compilation_warmup_status"": ""not_applicable_synchronous_cpu"", ""pre_solve_synchronization_status"": ""not_applicable_synchronous_cpu"", ""post_solve_synchronization_status"": ""not_applicable_synchronous_cpu"", ""decomposition_complete"": true, ""comparable_total"": true, ""exclusion_reason"": null}",controlled,BFGS,{},native,True,full,PRODUCTION,True,False,main-fig8-comparable-end-to-end-v2,"fresh command construction from declared inputs through terminal host phase: problem/objective initialization, acoustic transfer construction, applicable host-to-device transfer, compilation/warmup, device synchronization, native solve, and result extraction included; independent mechanical validation, cache retrieval, table export, and rendering excluded",numpy/scipy-cpu,True,,0.000385499995900318,0.002628500005812384,N/A,N/A,N/A,34.015500099994824,N/A,5.699999746866524e-06,6.200003554113209e-06,34.01852599999984,not_applicable_synchronous_cpu,not_applicable_synchronous_cpu,not_applicable_synchronous_cpu,not_applicable_synchronous_cpu,True,34.01852599999984,0.0,0.0,0.05,34,Figure 3 root paired initializations,GFE,GFE
GFE,Single,1666014127,10.0,10000,10000,10000,42,49,-0.05904367548423263,2.1818565181726586e-08,2.1818565181726586e-08,2.1818565181726586e-08,1.3663315513421858e-09,9.54063054954137e-09,True,N m^-1 rad^-1,native optimized-objective gradient,True,0,CONVERGENCE: NORM OF PROJECTED GRADIENT <= PGTOL,True,0,CONVERGENCE: NORM OF PROJECTED GRADIENT <= PGTOL,0.005586800005403347,0.005586800005403347,FESolveResult history interval; objective/transfer construction excluded; not used for cross-method ranking,000000000000080f8fc92b099d950a06,000000000000080fe74b68c67d232bee,1.1142852793561358e-06,1.1142852793561358e-06,cached,C:\RINENG_COMPACT_FULL_20260920\RINENG_GFE_Standalone_Run\production_outputs\cache\production_single_run\000000000000092e8d75f687e84e0ee1.pkl,C:\RINENG_COMPACT_FULL_20260920\RINENG_GFE_Standalone_Run\production_outputs\cache\production_single_run\000000000000092e8d75f687e84e0ee1.pkl,gfe-final-production-v2-00000000000003f329a2,same-machine protocol record replayed from cache,"{""protocol_id"": ""main-fig8-comparable-end-to-end-v2"", ""scope"": ""fresh command construction from declared inputs through terminal host phase: problem/objective initialization, acoustic transfer construction, applicable host-to-device transfer, compilation/warmup, device synchronization, native solve, and result extraction included; independent mechanical validation, cache retrieval, table export, and rendering excluded"", ""backend"": ""numpy/scipy-cpu"", ""problem_initialization_s"": 0.00047080000513233244, ""acoustic_transfer_construction_s"": 0.004077999998116866, ""device_transfer_s"": null, ""compilation_warmup_s"": null, ""pre_solve_synchronization_s"": null, ""solve_s"": 0.006405400010407902, ""post_solve_synchronization_s"": null, ""result_extraction_s"": 2.5999906938523054e-06, ""orchestration_overhead_s"": 5.399997462518513e-06, ""total_s"": 0.010962200001813471, ""device_transfer_status"": ""not_applicable_synchronous_cpu"", ""compilation_warmup_status"": ""not_applicable_synchronous_cpu"", ""pre_solve_synchronization_status"": ""not_applicable_synchronous_cpu"", ""post_solve_synchronization_status"": ""not_applicable_synchronous_cpu"", ""decomposition_complete"": true, ""comparable_total"": true, ""exclusion_reason"": null}",controlled,L-BFGS-B,"{""ftol"": 0.0, ""maxcor"": 10, ""maxfun"": 1000000, ""maxls"": 40}",compact-single-float64-v1,True,full,PRODUCTION,True,True,main-fig8-comparable-end-to-end-v2,"fresh command construction from declared inputs through terminal host phase: problem/objective initialization, acoustic transfer construction, applicable host-to-device transfer, compilation/warmup, device synchronization, native solve, and result extraction included; independent mechanical validation, cache retrieval, table export, and rendering excluded",numpy/scipy-cpu,True,,0.00047080000513233244,0.004077999998116866,N/A,N/A,N/A,0.006405400010407902,N/A,2.5999906938523054e-06,5.399997462518513e-06,0.010962200001813471,not_applicable_synchronous_cpu,not_applicable_synchronous_cpu,not_applicable_synchronous_cpu,not_applicable_synchronous_cpu,True,0.010962200001813471,0.0,0.0,0.05,34,Figure 3 root paired initializations,GFE,GFE
Conventional,Single,1923150114,0.0,10000,10000,10000,5215,6704,-54.53961775670883,719.7247470802313,719.7247470802313,719.7247470802313,45.07091195167564,152.40922770270606,False,N m^-1 rad^-1,native optimized-objective gradient,False,2,Desired error not necessarily achieved due to precision loss.,False,2,Desired error not necessarily achieved due to precision loss.,25.318385599995963,25.318385599995963,FESolveResult history interval; objective/transfer construction excluded; not used for cross-method ranking,000000000000080f9572d18c5d850669,000000000000080f52b8244b30970e4a,0.0,0.0,cached,C:\RINENG_COMPACT_FULL_20260920\RINENG_GFE_Standalone_Run\production_outputs\cache\production_single_run\00000000000008a22e71595332f6de85.pkl,C:\RINENG_COMPACT_FULL_20260920\RINENG_GFE_Standalone_Run\production_outputs\cache\production_single_run\00000000000008a22e71595332f6de85.pkl,gfe-final-production-v2-00000000000003f329a2,same-machine protocol record replayed from cache,"{""protocol_id"": ""main-fig8-comparable-end-to-end-v2"", ""scope"": ""fresh command construction from declared inputs through terminal host phase: problem/objective initialization, acoustic transfer construction, applicable host-to-device transfer, compilation/warmup, device synchronization, native solve, and result extraction included; independent mechanical validation, cache retrieval, table export, and rendering excluded"", ""backend"": ""numpy/scipy-cpu"", ""problem_initialization_s"": 0.00045950000640004873, ""acoustic_transfer_construction_s"": 0.0027139000012539327, ""device_transfer_s"": null, ""compilation_warmup_s"": null, ""pre_solve_synchronization_s"": null, ""solve_s"": 25.36751890000596, ""post_solve_synchronization_s"": null, ""result_extraction_s"": 5.49999822396785e-06, ""orchestration_overhead_s"": 6.299989763647318e-06, ""total_s"": 25.370704100001603, ""device_transfer_status"": ""not_applicable_synchronous_cpu"", ""compilation_warmup_status"": ""not_applicable_synchronous_cpu"", ""pre_solve_synchronization_status"": ""not_applicable_synchronous_cpu"", ""post_solve_synchronization_status"": ""not_applicable_synchronous_cpu"", ""decomposition_complete"": true, ""comparable_total"": true, ""exclusion_reason"": null}",controlled,BFGS,{},native,True,full,PRODUCTION,True,False,main-fig8-comparable-end-to-end-v2,"fresh command construction from declared inputs through terminal host phase: problem/objective initialization, acoustic transfer construction, applicable host-to-device transfer, compilation/warmup, device synchronization, native solve, and result extraction included; independent mechanical validation, cache retrieval, table export, and rendering excluded",numpy/scipy-cpu,True,,0.00045950000640004873,0.0027139000012539327,N/A,N/A,N/A,25.36751890000596,N/A,5.49999822396785e-06,6.299989763647318e-06,25.370704100001603,not_applicable_synchronous_cpu,not_applicable_synchronous_cpu,not_applicable_synchronous_cpu,not_applicable_synchronous_cpu,True,25.370704100001603,0.0,0.0,0.05,35,Figure 3 root paired initializations,GFE,GFE
GFE,Single,1923150114,10.0,10000,10000,10000,41,52,-0.059043675484477344,2.5601316234167906e-08,2.5601316234167906e-08,2.5601316234167906e-08,1.6032166109588526e-09,9.822195757882545e-09,True,N m^-1 rad^-1,native optimized-objective gradient,True,0,CONVERGENCE: NORM OF PROJECTED GRADIENT <= PGTOL,True,0,CONVERGENCE: NORM OF PROJECTED GRADIENT <= PGTOL,0.00530639999487903,0.00530639999487903,FESolveResult history interval; objective/transfer construction excluded; not used for cross-method ranking,000000000000080f5bf89c75996a08c6,000000000000080f52b8244b30970e4a,1.1142852793561358e-06,1.1142852793561358e-06,cached,C:\RINENG_COMPACT_FULL_20260920\RINENG_GFE_Standalone_Run\production_outputs\cache\production_single_run\000000000000092e540a30ca03a70e3d.pkl,C:\RINENG_COMPACT_FULL_20260920\RINENG_GFE_Standalone_Run\production_outputs\cache\production_single_run\000000000000092e540a30ca03a70e3d.pkl,gfe-final-production-v2-00000000000003f329a2,same-machine protocol record replayed from cache,"{""protocol_id"": ""main-fig8-comparable-end-to-end-v2"", ""scope"": ""fresh command construction from declared inputs through terminal host phase: problem/objective initialization, acoustic transfer construction, applicable host-to-device transfer, compilation/warmup, device synchronization, native solve, and result extraction included; independent mechanical validation, cache retrieval, table export, and rendering excluded"", ""backend"": ""numpy/scipy-cpu"", ""problem_initialization_s"": 0.00043139999615959823, ""acoustic_transfer_construction_s"": 0.003710999997565523, ""device_transfer_s"": null, ""compilation_warmup_s"": null, ""pre_solve_synchronization_s"": null, ""solve_s"": 0.005895499998587184, ""post_solve_synchronization_s"": null, ""result_extraction_s"": 2.5999906938523054e-06, ""orchestration_overhead_s"": 4.800021997652948e-06, ""total_s"": 0.01004530000500381, ""device_transfer_status"": ""not_applicable_synchronous_cpu"", ""compilation_warmup_status"": ""not_applicable_synchronous_cpu"", ""pre_solve_synchronization_status"": ""not_applicable_synchronous_cpu"", ""post_solve_synchronization_status"": ""not_applicable_synchronous_cpu"", ""decomposition_complete"": true, ""comparable_total"": true, ""exclusion_reason"": null}",controlled,L-BFGS-B,"{""ftol"": 0.0, ""maxcor"": 10, ""maxfun"": 1000000, ""maxls"": 40}",compact-single-float64-v1,True,full,PRODUCTION,True,True,main-fig8-comparable-end-to-end-v2,"fresh command construction from declared inputs through terminal host phase: problem/objective initialization, acoustic transfer construction, applicable host-to-device transfer, compilation/warmup, device synchronization, native solve, and result extraction included; independent mechanical validation, cache retrieval, table export, and rendering excluded",numpy/scipy-cpu,True,,0.00043139999615959823,0.003710999997565523,N/A,N/A,N/A,0.005895499998587184,N/A,2.5999906938523054e-06,4.800021997652948e-06,0.01004530000500381,not_applicable_synchronous_cpu,not_applicable_synchronous_cpu,not_applicable_synchronous_cpu,not_applicable_synchronous_cpu,True,0.01004530000500381,0.0,0.0,0.05,35,Figure 3 root paired initializations,GFE,GFE
Conventional,Single,261545521,0.0,10000,10000,10000,4133,5408,-52.51261004810189,706.1014320298239,706.1014320298239,706.1014320298239,44.21778687070853,153.4598297875245,False,N m^-1 rad^-1,native optimized-objective gradient,False,2,Desired error not necessarily achieved due to precision loss.,False,2,Desired error not necessarily achieved due to precision loss.,20.268141700013075,20.268141700013075,FESolveResult history interval; objective/transfer construction excluded; not used for cross-method ranking,000000000000080f2fe43035a0b10ed4,000000000000080f82c0293ea03a012c,0.0,0.0,cached,C:\RINENG_COMPACT_FULL_20260920\RINENG_GFE_Standalone_Run\production_outputs\cache\production_single_run\00000000000008a18c126a3ab9e9de7a.pkl,C:\RINENG_COMPACT_FULL_20260920\RINENG_GFE_Standalone_Run\production_outputs\cache\production_single_run\00000000000008a18c126a3ab9e9de7a.pkl,gfe-final-production-v2-00000000000003f329a2,same-machine protocol record replayed from cache,"{""protocol_id"": ""main-fig8-comparable-end-to-end-v2"", ""scope"": ""fresh command construction from declared inputs through terminal host phase: problem/objective initialization, acoustic transfer construction, applicable host-to-device transfer, compilation/warmup, device synchronization, native solve, and result extraction included; independent mechanical validation, cache retrieval, table export, and rendering excluded"", ""backend"": ""numpy/scipy-cpu"", ""problem_initialization_s"": 0.00033490000350866467, ""acoustic_transfer_construction_s"": 0.002678399992873892, ""device_transfer_s"": null, ""compilation_warmup_s"": null, ""pre_solve_synchronization_s"": null, ""solve_s"": 20.30622929999663, ""post_solve_synchronization_s"": null, ""result_extraction_s"": 4.5000051613897085e-06, ""orchestration_overhead_s"": 6.399990525096655e-06, ""total_s"": 20.3092534999887, ""device_transfer_status"": ""not_applicable_synchronous_cpu"", ""compilation_warmup_status"": ""not_applicable_synchronous_cpu"", ""pre_solve_synchronization_status"": ""not_applicable_synchronous_cpu"", ""post_solve_synchronization_status"": ""not_applicable_synchronous_cpu"", ""decomposition_complete"": true, ""comparable_total"": true, ""exclusion_reason"": null}",controlled,BFGS,{},native,True,full,PRODUCTION,True,False,main-fig8-comparable-end-to-end-v2,"fresh command construction from declared inputs through terminal host phase: problem/objective initialization, acoustic transfer construction, applicable host-to-device transfer, compilation/warmup, device synchronization, native solve, and result extraction included; independent mechanical validation, cache retrieval, table export, and rendering excluded",numpy/scipy-cpu,True,,0.00033490000350866467,0.002678399992873892,N/A,N/A,N/A,20.30622929999663,N/A,4.5000051613897085e-06,6.399990525096655e-06,20.3092534999887,not_applicable_synchronous_cpu,not_applicable_synchronous_cpu,not_applicable_synchronous_cpu,not_applicable_synchronous_cpu,True,20.3092534999887,0.0,0.0,0.05,36,Figure 3 root paired initializations,GFE,GFE
GFE,Single,261545521,10.0,10000,10000,10000,39,48,-0.059043675484804194,1.5291609102431794e-08,1.5291609102431794e-08,1.5291609102431794e-08,9.575977069721569e-10,5.682714210257441e-09,True,N m^-1 rad^-1,native optimized-objective gradient,True,0,CONVERGENCE: NORM OF PROJECTED GRADIENT <= PGTOL,True,0,CONVERGENCE: NORM OF PROJECTED GRADIENT <= PGTOL,0.0053050999995321035,0.0053050999995321035,FESolveResult history interval; objective/transfer construction excluded; not used for cross-method ranking,000000000000080f67026a6e167d0f46,000000000000080f82c0293ea03a012c,1.1142852793561358e-06,1.1142852793561358e-06,cached,C:\RINENG_COMPACT_FULL_20260920\RINENG_GFE_Standalone_Run\production_outputs\cache\production_single_run\000000000000092d4dea07755e090e32.pkl,C:\RINENG_COMPACT_FULL_20260920\RINENG_GFE_Standalone_Run\production_outputs\cache\production_single_run\000000000000092d4dea07755e090e32.pkl,gfe-final-production-v2-00000000000003f329a2,same-machine protocol record replayed from cache,"{""protocol_id"": ""main-fig8-comparable-end-to-end-v2"", ""scope"": ""fresh command construction from declared inputs through terminal host phase: problem/objective initialization, acoustic transfer construction, applicable host-to-device transfer, compilation/warmup, device synchronization, native solve, and result extraction included; independent mechanical validation, cache retrieval, table export, and rendering excluded"", ""backend"": ""numpy/scipy-cpu"", ""problem_initialization_s"": 0.0005244000058155507, ""acoustic_transfer_construction_s"": 0.003881199998431839, ""device_transfer_s"": null, ""compilation_warmup_s"": null, ""pre_solve_synchronization_s"": null, ""solve_s"": 0.006470700012869202, ""post_solve_synchronization_s"": null, ""result_extraction_s"": 1.2099990271963179e-05, ""orchestration_overhead_s"": 7.199996616691351e-06, ""total_s"": 0.010895600004005246, ""device_transfer_status"": ""not_applicable_synchronous_cpu"", ""compilation_warmup_status"": ""not_applicable_synchronous_cpu"", ""pre_solve_synchronization_status"": ""not_applicable_synchronous_cpu"", ""post_solve_synchronization_status"": ""not_applicable_synchronous_cpu"", ""decomposition_complete"": true, ""comparable_total"": true, ""exclusion_reason"": null}",controlled,L-BFGS-B,"{""ftol"": 0.0, ""maxcor"": 10, ""maxfun"": 1000000, ""maxls"": 40}",compact-single-float64-v1,True,full,PRODUCTION,True,True,main-fig8-comparable-end-to-end-v2,"fresh command construction from declared inputs through terminal host phase: problem/objective initialization, acoustic transfer construction, applicable host-to-device transfer, compilation/warmup, device synchronization, native solve, and result extraction included; independent mechanical validation, cache retrieval, table export, and rendering excluded",numpy/scipy-cpu,True,,0.0005244000058155507,0.003881199998431839,N/A,N/A,N/A,0.006470700012869202,N/A,1.2099990271963179e-05,7.199996616691351e-06,0.010895600004005246,not_applicable_synchronous_cpu,not_applicable_synchronous_cpu,not_applicable_synchronous_cpu,not_applicable_synchronous_cpu,True,0.010895600004005246,0.0,0.0,0.05,36,Figure 3 root paired initializations,GFE,GFE
Conventional,Single,1999229332,0.0,10000,10000,10000,4111,5403,-54.21123427077759,674.9061780574682,674.9061780574682,674.9061780574682,42.26426429030257,147.50915753009141,False,N m^-1 rad^-1,native optimized-objective gradient,False,2,Desired error not necessarily achieved due to precision loss.,False,2,Desired error not necessarily achieved due to precision loss.,20.830558800007566,20.830558800007566,FESolveResult history interval; objective/transfer construction excluded; not used for cross-method ranking,000000000000080fab7b3aee59cc0adb,000000000000080fe58fa10636dc361a,0.0,0.0,cached,C:\RINENG_COMPACT_FULL_20260920\RINENG_GFE_Standalone_Run\production_outputs\cache\production_single_run\00000000000008a2e18531775675defc.pkl,C:\RINENG_COMPACT_FULL_20260920\RINENG_GFE_Standalone_Run\production_outputs\cache\production_single_run\00000000000008a2e18531775675defc.pkl,gfe-final-production-v2-00000000000003f329a2,same-machine protocol record replayed from cache,"{""protocol_id"": ""main-fig8-comparable-end-to-end-v2"", ""scope"": ""fresh command construction from declared inputs through terminal host phase: problem/objective initialization, acoustic transfer construction, applicable host-to-device transfer, compilation/warmup, device synchronization, native solve, and result extraction included; independent mechanical validation, cache retrieval, table export, and rendering excluded"", ""backend"": ""numpy/scipy-cpu"", ""problem_initialization_s"": 0.00038409999979194254, ""acoustic_transfer_construction_s"": 0.0026618000119924545, ""device_transfer_s"": null, ""compilation_warmup_s"": null, ""pre_solve_synchronization_s"": null, ""solve_s"": 20.871707900005276, ""post_solve_synchronization_s"": null, ""result_extraction_s"": 5.699999746866524e-06, ""orchestration_overhead_s"": 6.399990525096655e-06, ""total_s"": 20.874765900007333, ""device_transfer_status"": ""not_applicable_synchronous_cpu"", ""compilation_warmup_status"": ""not_applicable_synchronous_cpu"", ""pre_solve_synchronization_status"": ""not_applicable_synchronous_cpu"", ""post_solve_synchronization_status"": ""not_applicable_synchronous_cpu"", ""decomposition_complete"": true, ""comparable_total"": true, ""exclusion_reason"": null}",controlled,BFGS,{},native,True,full,PRODUCTION,True,False,main-fig8-comparable-end-to-end-v2,"fresh command construction from declared inputs through terminal host phase: problem/objective initialization, acoustic transfer construction, applicable host-to-device transfer, compilation/warmup, device synchronization, native solve, and result extraction included; independent mechanical validation, cache retrieval, table export, and rendering excluded",numpy/scipy-cpu,True,,0.00038409999979194254,0.0026618000119924545,N/A,N/A,N/A,20.871707900005276,N/A,5.699999746866524e-06,6.399990525096655e-06,20.874765900007333,not_applicable_synchronous_cpu,not_applicable_synchronous_cpu,not_applicable_synchronous_cpu,not_applicable_synchronous_cpu,True,20.874765900007333,0.0,0.0,0.05,37,Figure 3 root paired initializations,GFE,GFE
GFE,Single,1999229332,10.0,10000,10000,10000,38,42,-0.05904367548523592,2.270705598910985e-09,2.270705598910985e-09,2.270705598910985e-09,1.4219710039411115e-10,1.1036823308138726e-09,True,N m^-1 rad^-1,native optimized-objective gradient,True,0,CONVERGENCE: NORM OF PROJECTED GRADIENT <= PGTOL,True,0,CONVERGENCE: NORM OF PROJECTED GRADIENT <= PGTOL,0.009040299992193468,0.009040299992193468,FESolveResult history interval; objective/transfer construction excluded; not used for cross-method ranking,000000000000080fd377eaa0866013aa,000000000000080fe58fa10636dc361a,1.1142852793561358e-06,1.1142852793561358e-06,cached,C:\RINENG_COMPACT_FULL_20260920\RINENG_GFE_Standalone_Run\production_outputs\cache\production_single_run\000000000000092ece612d55303e0eb4.pkl,C:\RINENG_COMPACT_FULL_20260920\RINENG_GFE_Standalone_Run\production_outputs\cache\production_single_run\000000000000092ece612d55303e0eb4.pkl,gfe-final-production-v2-00000000000003f329a2,same-machine protocol record replayed from cache,"{""protocol_id"": ""main-fig8-comparable-end-to-end-v2"", ""scope"": ""fresh command construction from declared inputs through terminal host phase: problem/objective initialization, acoustic transfer construction, applicable host-to-device transfer, compilation/warmup, device synchronization, native solve, and result extraction included; independent mechanical validation, cache retrieval, table export, and rendering excluded"", ""backend"": ""numpy/scipy-cpu"", ""problem_initialization_s"": 0.00042969999776687473, ""acoustic_transfer_construction_s"": 0.005437100000563078, ""device_transfer_s"": null, ""compilation_warmup_s"": null, ""pre_solve_synchronization_s"": null, ""solve_s"": 0.009576000011293218, ""post_solve_synchronization_s"": null, ""result_extraction_s"": 2.1000014385208488e-06, ""orchestration_overhead_s"": 8.59999272506684e-06, ""total_s"": 0.015453500003786758, ""device_transfer_status"": ""not_applicable_synchronous_cpu"", ""compilation_warmup_status"": ""not_applicable_synchronous_cpu"", ""pre_solve_synchronization_status"": ""not_applicable_synchronous_cpu"", ""post_solve_synchronization_status"": ""not_applicable_synchronous_cpu"", ""decomposition_complete"": true, ""comparable_total"": true, ""exclusion_reason"": null}",controlled,L-BFGS-B,"{""ftol"": 0.0, ""maxcor"": 10, ""maxfun"": 1000000, ""maxls"": 40}",compact-single-float64-v1,True,full,PRODUCTION,True,True,main-fig8-comparable-end-to-end-v2,"fresh command construction from declared inputs through terminal host phase: problem/objective initialization, acoustic transfer construction, applicable host-to-device transfer, compilation/warmup, device synchronization, native solve, and result extraction included; independent mechanical validation, cache retrieval, table export, and rendering excluded",numpy/scipy-cpu,True,,0.00042969999776687473,0.005437100000563078,N/A,N/A,N/A,0.009576000011293218,N/A,2.1000014385208488e-06,8.59999272506684e-06,0.015453500003786758,not_applicable_synchronous_cpu,not_applicable_synchronous_cpu,not_applicable_synchronous_cpu,not_applicable_synchronous_cpu,True,0.015453500003786758,0.0,0.0,0.05,37,Figure 3 root paired initializations,GFE,GFE
Conventional,Single,1128257847,0.0,10000,10000,10000,6269,7941,-54.05919653415269,680.3430769401645,680.3430769401645,680.3430769401645,42.60473610515438,143.79708134614566,False,N m^-1 rad^-1,native optimized-objective gradient,False,2,Desired error not necessarily achieved due to precision loss.,False,2,Desired error not necessarily achieved due to precision loss.,30.17987790000916,30.17987790000916,FESolveResult history interval; objective/transfer construction excluded; not used for cross-method ranking,000000000000080f4678dca072061545,000000000000080f532afa59e1800aea,0.0,0.0,cached,C:\RINENG_COMPACT_FULL_20260920\RINENG_GFE_Standalone_Run\production_outputs\cache\production_single_run\00000000000008a2ac40d6a892dfdf22.pkl,C:\RINENG_COMPACT_FULL_20260920\RINENG_GFE_Standalone_Run\production_outputs\cache\production_single_run\00000000000008a2ac40d6a892dfdf22.pkl,gfe-final-production-v2-00000000000003f329a2,same-machine protocol record replayed from cache,"{""protocol_id"": ""main-fig8-comparable-end-to-end-v2"", ""scope"": ""fresh command construction from declared inputs through terminal host phase: problem/objective initialization, acoustic transfer construction, applicable host-to-device transfer, compilation/warmup, device synchronization, native solve, and result extraction included; independent mechanical validation, cache retrieval, table export, and rendering excluded"", ""backend"": ""numpy/scipy-cpu"", ""problem_initialization_s"": 0.0003744999994523823, ""acoustic_transfer_construction_s"": 0.00270019999879878, ""device_transfer_s"": null, ""compilation_warmup_s"": null, ""pre_solve_synchronization_s"": null, ""solve_s"": 30.23588849999942, ""post_solve_synchronization_s"": null, ""result_extraction_s"": 6.499991286545992e-06, ""orchestration_overhead_s"": 7.200011168606579e-06, ""total_s"": 30.238976900000125, ""device_transfer_status"": ""not_applicable_synchronous_cpu"", ""compilation_warmup_status"": ""not_applicable_synchronous_cpu"", ""pre_solve_synchronization_status"": ""not_applicable_synchronous_cpu"", ""post_solve_synchronization_status"": ""not_applicable_synchronous_cpu"", ""decomposition_complete"": true, ""comparable_total"": true, ""exclusion_reason"": null}",controlled,BFGS,{},native,True,full,PRODUCTION,True,False,main-fig8-comparable-end-to-end-v2,"fresh command construction from declared inputs through terminal host phase: problem/objective initialization, acoustic transfer construction, applicable host-to-device transfer, compilation/warmup, device synchronization, native solve, and result extraction included; independent mechanical validation, cache retrieval, table export, and rendering excluded",numpy/scipy-cpu,True,,0.0003744999994523823,0.00270019999879878,N/A,N/A,N/A,30.23588849999942,N/A,6.499991286545992e-06,7.200011168606579e-06,30.238976900000125,not_applicable_synchronous_cpu,not_applicable_synchronous_cpu,not_applicable_synchronous_cpu,not_applicable_synchronous_cpu,True,30.238976900000125,0.0,0.0,0.05,38,Figure 3 root paired initializations,GFE,GFE
GFE,Single,1128257847,10.0,10000,10000,10000,34,42,-0.059043675484718346,1.8674354653392463e-08,1.8674354653392463e-08,1.8674354653392463e-08,1.169433450429336e-09,8.433810793211645e-09,True,N m^-1 rad^-1,native optimized-objective gradient,True,0,CONVERGENCE: NORM OF PROJECTED GRADIENT <= PGTOL,True,0,CONVERGENCE: NORM OF PROJECTED GRADIENT <= PGTOL,0.004427700012456626,0.004427700012456626,FESolveResult history interval; objective/transfer construction excluded; not used for cross-method ranking,000000000000080f2860d616f0591928,000000000000080f532afa59e1800aea,1.1142852793561358e-06,1.1142852793561358e-06,cached,C:\RINENG_COMPACT_FULL_20260920\RINENG_GFE_Standalone_Run\production_outputs\cache\production_single_run\000000000000092e74aa3a0470980eda.pkl,C:\RINENG_COMPACT_FULL_20260920\RINENG_GFE_Standalone_Run\production_outputs\cache\production_single_run\000000000000092e74aa3a0470980eda.pkl,gfe-final-production-v2-00000000000003f329a2,same-machine protocol record replayed from cache,"{""protocol_id"": ""main-fig8-comparable-end-to-end-v2"", ""scope"": ""fresh command construction from declared inputs through terminal host phase: problem/objective initialization, acoustic transfer construction, applicable host-to-device transfer, compilation/warmup, device synchronization, native solve, and result extraction included; independent mechanical validation, cache retrieval, table export, and rendering excluded"", ""backend"": ""numpy/scipy-cpu"", ""problem_initialization_s"": 0.000377499993192032, ""acoustic_transfer_construction_s"": 0.0038837000029161572, ""device_transfer_s"": null, ""compilation_warmup_s"": null, ""pre_solve_synchronization_s"": null, ""solve_s"": 0.004943499996443279, ""post_solve_synchronization_s"": null, ""result_extraction_s"": 2.2000021999701858e-06, ""orchestration_overhead_s"": 4.8000074457377195e-06, ""total_s"": 0.009211700002197176, ""device_transfer_status"": ""not_applicable_synchronous_cpu"", ""compilation_warmup_status"": ""not_applicable_synchronous_cpu"", ""pre_solve_synchronization_status"": ""not_applicable_synchronous_cpu"", ""post_solve_synchronization_status"": ""not_applicable_synchronous_cpu"", ""decomposition_complete"": true, ""comparable_total"": true, ""exclusion_reason"": null}",controlled,L-BFGS-B,"{""ftol"": 0.0, ""maxcor"": 10, ""maxfun"": 1000000, ""maxls"": 40}",compact-single-float64-v1,True,full,PRODUCTION,True,True,main-fig8-comparable-end-to-end-v2,"fresh command construction from declared inputs through terminal host phase: problem/objective initialization, acoustic transfer construction, applicable host-to-device transfer, compilation/warmup, device synchronization, native solve, and result extraction included; independent mechanical validation, cache retrieval, table export, and rendering excluded",numpy/scipy-cpu,True,,0.000377499993192032,0.0038837000029161572,N/A,N/A,N/A,0.004943499996443279,N/A,2.2000021999701858e-06,4.8000074457377195e-06,0.009211700002197176,not_applicable_synchronous_cpu,not_applicable_synchronous_cpu,not_applicable_synchronous_cpu,not_applicable_synchronous_cpu,True,0.009211700002197176,0.0,0.0,0.05,38,Figure 3 root paired initializations,GFE,GFE
Conventional,Single,2091847111,0.0,10000,10000,10000,6310,7916,-53.666509022456445,712.0121760345711,712.0121760345711,712.0121760345711,44.5879320181244,141.29888285907782,False,N m^-1 rad^-1,native optimized-objective gradient,False,2,Desired error not necessarily achieved due to precision loss.,False,2,Desired error not necessarily achieved due to precision loss.,30.507919800002128,30.507919800002128,FESolveResult history interval; objective/transfer construction excluded; not used for cross-method ranking,000000000000080f6954727907dd1a06,000000000000080fc95bb4339868fcc2,0.0,0.0,cached,C:\RINENG_COMPACT_FULL_20260920\RINENG_GFE_Standalone_Run\production_outputs\cache\production_single_run\00000000000008a2ae4b4007baeadefe.pkl,C:\RINENG_COMPACT_FULL_20260920\RINENG_GFE_Standalone_Run\production_outputs\cache\production_single_run\00000000000008a2ae4b4007baeadefe.pkl,gfe-final-production-v2-00000000000003f329a2,same-machine protocol record replayed from cache,"{""protocol_id"": ""main-fig8-comparable-end-to-end-v2"", ""scope"": ""fresh command construction from declared inputs through terminal host phase: problem/objective initialization, acoustic transfer construction, applicable host-to-device transfer, compilation/warmup, device synchronization, native solve, and result extraction included; independent mechanical validation, cache retrieval, table export, and rendering excluded"", ""backend"": ""numpy/scipy-cpu"", ""problem_initialization_s"": 0.0003598000039346516, ""acoustic_transfer_construction_s"": 0.002590999996755272, ""device_transfer_s"": null, ""compilation_warmup_s"": null, ""pre_solve_synchronization_s"": null, ""solve_s"": 30.56645959999878, ""post_solve_synchronization_s"": null, ""result_extraction_s"": 8.100003469735384e-06, ""orchestration_overhead_s"": 8.399991202168167e-06, ""total_s"": 30.56942689999414, ""device_transfer_status"": ""not_applicable_synchronous_cpu"", ""compilation_warmup_status"": ""not_applicable_synchronous_cpu"", ""pre_solve_synchronization_status"": ""not_applicable_synchronous_cpu"", ""post_solve_synchronization_status"": ""not_applicable_synchronous_cpu"", ""decomposition_complete"": true, ""comparable_total"": true, ""exclusion_reason"": null}",controlled,BFGS,{},native,True,full,PRODUCTION,True,False,main-fig8-comparable-end-to-end-v2,"fresh command construction from declared inputs through terminal host phase: problem/objective initialization, acoustic transfer construction, applicable host-to-device transfer, compilation/warmup, device synchronization, native solve, and result extraction included; independent mechanical validation, cache retrieval, table export, and rendering excluded",numpy/scipy-cpu,True,,0.0003598000039346516,0.002590999996755272,N/A,N/A,N/A,30.56645959999878,N/A,8.100003469735384e-06,8.399991202168167e-06,30.56942689999414,not_applicable_synchronous_cpu,not_applicable_synchronous_cpu,not_applicable_synchronous_cpu,not_applicable_synchronous_cpu,True,30.56942689999414,0.0,0.0,0.05,39,Figure 3 root paired initializations,GFE,GFE
GFE,Single,2091847111,10.0,10000,10000,10000,37,42,-0.05904367548490989,1.5056867994058178e-08,1.5056867994058178e-08,1.5056867994058178e-08,9.42897648554176e-10,6.081577340258108e-09,True,N m^-1 rad^-1,native optimized-objective gradient,True,0,CONVERGENCE: NORM OF PROJECTED GRADIENT <= PGTOL,True,0,CONVERGENCE: NORM OF PROJECTED GRADIENT <= PGTOL,0.004481900003156625,0.004481900003156625,FESolveResult history interval; objective/transfer construction excluded; not used for cross-method ranking,000000000000080f8fdd1b2ad3e2292b,000000000000080fc95bb4339868fcc2,1.1142852793561358e-06,1.1142852793561358e-06,cached,C:\RINENG_COMPACT_FULL_20260920\RINENG_GFE_Standalone_Run\production_outputs\cache\production_single_run\000000000000092ec9669e4c964b0eb6.pkl,C:\RINENG_COMPACT_FULL_20260920\RINENG_GFE_Standalone_Run\production_outputs\cache\production_single_run\000000000000092ec9669e4c964b0eb6.pkl,gfe-final-production-v2-00000000000003f329a2,same-machine protocol record replayed from cache,"{""protocol_id"": ""main-fig8-comparable-end-to-end-v2"", ""scope"": ""fresh command construction from declared inputs through terminal host phase: problem/objective initialization, acoustic transfer construction, applicable host-to-device transfer, compilation/warmup, device synchronization, native solve, and result extraction included; independent mechanical validation, cache retrieval, table export, and rendering excluded"", ""backend"": ""numpy/scipy-cpu"", ""problem_initialization_s"": 0.00047990000166464597, ""acoustic_transfer_construction_s"": 0.00405069999396801, ""device_transfer_s"": null, ""compilation_warmup_s"": null, ""pre_solve_synchronization_s"": null, ""solve_s"": 0.005072399988421239, ""post_solve_synchronization_s"": null, ""result_extraction_s"": 2.2999884095042944e-06, ""orchestration_overhead_s"": 5.500027327798307e-06, ""total_s"": 0.009610799999791197, ""device_transfer_status"": ""not_applicable_synchronous_cpu"", ""compilation_warmup_status"": ""not_applicable_synchronous_cpu"", ""pre_solve_synchronization_status"": ""not_applicable_synchronous_cpu"", ""post_solve_synchronization_status"": ""not_applicable_synchronous_cpu"", ""decomposition_complete"": true, ""comparable_total"": true, ""exclusion_reason"": null}",controlled,L-BFGS-B,"{""ftol"": 0.0, ""maxcor"": 10, ""maxfun"": 1000000, ""maxls"": 40}",compact-single-float64-v1,True,full,PRODUCTION,True,True,main-fig8-comparable-end-to-end-v2,"fresh command construction from declared inputs through terminal host phase: problem/objective initialization, acoustic transfer construction, applicable host-to-device transfer, compilation/warmup, device synchronization, native solve, and result extraction included; independent mechanical validation, cache retrieval, table export, and rendering excluded",numpy/scipy-cpu,True,,0.00047990000166464597,0.00405069999396801,N/A,N/A,N/A,0.005072399988421239,N/A,2.2999884095042944e-06,5.500027327798307e-06,0.009610799999791197,not_applicable_synchronous_cpu,not_applicable_synchronous_cpu,not_applicable_synchronous_cpu,not_applicable_synchronous_cpu,True,0.009610799999791197,0.0,0.0,0.05,39,Figure 3 root paired initializations,GFE,GFE
Conventional,Single,1280254159,0.0,10000,10000,10000,5306,6857,-53.3377229090388,737.7685729016498,737.7685729016498,737.7685729016498,46.20086015502381,154.89029777579063,False,N m^-1 rad^-1,native optimized-objective gradient,False,2,Desired error not necessarily achieved due to precision loss.,False,2,Desired error not necessarily achieved due to precision loss.,26.037705799986725,26.037705799986725,FESolveResult history interval; objective/transfer construction excluded; not used for cross-method ranking,000000000000080f97fcff25ccf0fe12,000000000000080f23ad2649ae17023f,0.0,0.0,cached,C:\RINENG_COMPACT_FULL_20260920\RINENG_GFE_Standalone_Run\production_outputs\cache\production_single_run\00000000000008a218aeece0af3bdebd.pkl,C:\RINENG_COMPACT_FULL_20260920\RINENG_GFE_Standalone_Run\production_outputs\cache\production_single_run\00000000000008a218aeece0af3bdebd.pkl,gfe-final-production-v2-00000000000003f329a2,same-machine protocol record replayed from cache,"{""protocol_id"": ""main-fig8-comparable-end-to-end-v2"", ""scope"": ""fresh command construction from declared inputs through terminal host phase: problem/objective initialization, acoustic transfer construction, applicable host-to-device transfer, compilation/warmup, device synchronization, native solve, and result extraction included; independent mechanical validation, cache retrieval, table export, and rendering excluded"", ""backend"": ""numpy/scipy-cpu"", ""problem_initialization_s"": 0.00038479999057017267, ""acoustic_transfer_construction_s"": 0.0025824000040302053, ""device_transfer_s"": null, ""compilation_warmup_s"": null, ""pre_solve_synchronization_s"": null, ""solve_s"": 26.087550199998077, ""post_solve_synchronization_s"": null, ""result_extraction_s"": 5.49999822396785e-06, ""orchestration_overhead_s"": 6.100017344579101e-06, ""total_s"": 26.090529000008246, ""device_transfer_status"": ""not_applicable_synchronous_cpu"", ""compilation_warmup_status"": ""not_applicable_synchronous_cpu"", ""pre_solve_synchronization_status"": ""not_applicable_synchronous_cpu"", ""post_solve_synchronization_status"": ""not_applicable_synchronous_cpu"", ""decomposition_complete"": true, ""comparable_total"": true, ""exclusion_reason"": null}",controlled,BFGS,{},native,True,full,PRODUCTION,True,False,main-fig8-comparable-end-to-end-v2,"fresh command construction from declared inputs through terminal host phase: problem/objective initialization, acoustic transfer construction, applicable host-to-device transfer, compilation/warmup, device synchronization, native solve, and result extraction included; independent mechanical validation, cache retrieval, table export, and rendering excluded",numpy/scipy-cpu,True,,0.00038479999057017267,0.0025824000040302053,N/A,N/A,N/A,26.087550199998077,N/A,5.49999822396785e-06,6.100017344579101e-06,26.090529000008246,not_applicable_synchronous_cpu,not_applicable_synchronous_cpu,not_applicable_synchronous_cpu,not_applicable_synchronous_cpu,True,26.090529000008246,0.0,0.0,0.05,40,Figure 3 root paired initializations,GFE,GFE
GFE,Single,1280254159,10.0,10000,10000,10000,40,44,-0.05904367548519452,7.121338050516304e-09,7.121338050516304e-09,7.121338050516304e-09,4.459554872262273e-10,1.4792455640225e-09,True,N m^-1 rad^-1,native optimized-objective gradient,True,0,CONVERGENCE: NORM OF PROJECTED GRADIENT <= PGTOL,True,0,CONVERGENCE: NORM OF PROJECTED GRADIENT <= PGTOL,0.005163100009667687,0.005163100009667687,FESolveResult history interval; objective/transfer construction excluded; not used for cross-method ranking,000000000000080fe73e4277c1fb1c3f,000000000000080f23ad2649ae17023f,1.1142852793561358e-06,1.1142852793561358e-06,cached,C:\RINENG_COMPACT_FULL_20260920\RINENG_GFE_Standalone_Run\production_outputs\cache\production_single_run\000000000000092e427fca98843c0e75.pkl,C:\RINENG_COMPACT_FULL_20260920\RINENG_GFE_Standalone_Run\production_outputs\cache\production_single_run\000000000000092e427fca98843c0e75.pkl,gfe-final-production-v2-00000000000003f329a2,same-machine protocol record replayed from cache,"{""protocol_id"": ""main-fig8-comparable-end-to-end-v2"", ""scope"": ""fresh command construction from declared inputs through terminal host phase: problem/objective initialization, acoustic transfer construction, applicable host-to-device transfer, compilation/warmup, device synchronization, native solve, and result extraction included; independent mechanical validation, cache retrieval, table export, and rendering excluded"", ""backend"": ""numpy/scipy-cpu"", ""problem_initialization_s"": 0.0003775000077439472, ""acoustic_transfer_construction_s"": 0.003829799999948591, ""device_transfer_s"": null, ""compilation_warmup_s"": null, ""pre_solve_synchronization_s"": null, ""solve_s"": 0.006474900001194328, ""post_solve_synchronization_s"": null, ""result_extraction_s"": 3.9000005926936865e-06, ""orchestration_overhead_s"": 6.199989002197981e-06, ""total_s"": 0.010692299998481758, ""device_transfer_status"": ""not_applicable_synchronous_cpu"", ""compilation_warmup_status"": ""not_applicable_synchronous_cpu"", ""pre_solve_synchronization_status"": ""not_applicable_synchronous_cpu"", ""post_solve_synchronization_status"": ""not_applicable_synchronous_cpu"", ""decomposition_complete"": true, ""comparable_total"": true, ""exclusion_reason"": null}",controlled,L-BFGS-B,"{""ftol"": 0.0, ""maxcor"": 10, ""maxfun"": 1000000, ""maxls"": 40}",compact-single-float64-v1,True,full,PRODUCTION,True,True,main-fig8-comparable-end-to-end-v2,"fresh command construction from declared inputs through terminal host phase: problem/objective initialization, acoustic transfer construction, applicable host-to-device transfer, compilation/warmup, device synchronization, native solve, and result extraction included; independent mechanical validation, cache retrieval, table export, and rendering excluded",numpy/scipy-cpu,True,,0.0003775000077439472,0.003829799999948591,N/A,N/A,N/A,0.006474900001194328,N/A,3.9000005926936865e-06,6.199989002197981e-06,0.010692299998481758,not_applicable_synchronous_cpu,not_applicable_synchronous_cpu,not_applicable_synchronous_cpu,not_applicable_synchronous_cpu,True,0.010692299998481758,0.0,0.0,0.05,40,Figure 3 root paired initializations,GFE,GFE
Conventional,Single,2105700511,0.0,10000,10000,10000,5500,6988,-54.459137478537805,707.6011877802914,707.6011877802914,707.6011877802914,44.31170521887228,155.37937657957016,False,N m^-1 rad^-1,native optimized-objective gradient,False,2,Desired error not necessarily achieved due to precision loss.,False,2,Desired error not necessarily achieved due to precision loss.,26.485120800003642,26.485120800003642,FESolveResult history interval; objective/transfer construction excluded; not used for cross-method ranking,000000000000080fefa2c0d1eb661581,000000000000080f576536b481e612a4,0.0,0.0,cached,C:\RINENG_COMPACT_FULL_20260920\RINENG_GFE_Standalone_Run\production_outputs\cache\production_single_run\00000000000008a20540d544f0ecde58.pkl,C:\RINENG_COMPACT_FULL_20260920\RINENG_GFE_Standalone_Run\production_outputs\cache\production_single_run\00000000000008a20540d544f0ecde58.pkl,gfe-final-production-v2-00000000000003f329a2,same-machine protocol record replayed from cache,"{""protocol_id"": ""main-fig8-comparable-end-to-end-v2"", ""scope"": ""fresh command construction from declared inputs through terminal host phase: problem/objective initialization, acoustic transfer construction, applicable host-to-device transfer, compilation/warmup, device synchronization, native solve, and result extraction included; independent mechanical validation, cache retrieval, table export, and rendering excluded"", ""backend"": ""numpy/scipy-cpu"", ""problem_initialization_s"": 0.00035039999056607485, ""acoustic_transfer_construction_s"": 0.0025690000038594007, ""device_transfer_s"": null, ""compilation_warmup_s"": null, ""pre_solve_synchronization_s"": null, ""solve_s"": 26.53377690000343, ""post_solve_synchronization_s"": null, ""result_extraction_s"": 4.999994416721165e-06, ""orchestration_overhead_s"": 4.9000082071870565e-06, ""total_s"": 26.53670620000048, ""device_transfer_status"": ""not_applicable_synchronous_cpu"", ""compilation_warmup_status"": ""not_applicable_synchronous_cpu"", ""pre_solve_synchronization_status"": ""not_applicable_synchronous_cpu"", ""post_solve_synchronization_status"": ""not_applicable_synchronous_cpu"", ""decomposition_complete"": true, ""comparable_total"": true, ""exclusion_reason"": null}",controlled,BFGS,{},native,True,full,PRODUCTION,True,False,main-fig8-comparable-end-to-end-v2,"fresh command construction from declared inputs through terminal host phase: problem/objective initialization, acoustic transfer construction, applicable host-to-device transfer, compilation/warmup, device synchronization, native solve, and result extraction included; independent mechanical validation, cache retrieval, table export, and rendering excluded",numpy/scipy-cpu,True,,0.00035039999056607485,0.0025690000038594007,N/A,N/A,N/A,26.53377690000343,N/A,4.999994416721165e-06,4.9000082071870565e-06,26.53670620000048,not_applicable_synchronous_cpu,not_applicable_synchronous_cpu,not_applicable_synchronous_cpu,not_applicable_synchronous_cpu,True,26.53670620000048,0.0,0.0,0.05,41,Figure 3 root paired initializations,GFE,GFE
GFE,Single,2105700511,10.0,10000,10000,10000,35,40,-0.05904367548475706,1.851621605695136e-08,1.851621605695136e-08,1.851621605695136e-08,1.1595304273843828e-09,8.479438069150714e-09,True,N m^-1 rad^-1,native optimized-objective gradient,True,0,CONVERGENCE: NORM OF PROJECTED GRADIENT <= PGTOL,True,0,CONVERGENCE: NORM OF PROJECTED GRADIENT <= PGTOL,0.009395399989443831,0.009395399989443831,FESolveResult history interval; objective/transfer construction excluded; not used for cross-method ranking,000000000000080fe7361a5fa8ad20e4,000000000000080f576536b481e612a4,1.1142852793561358e-06,1.1142852793561358e-06,cached,C:\RINENG_COMPACT_FULL_20260920\RINENG_GFE_Standalone_Run\production_outputs\cache\production_single_run\000000000000092eeb248eb2bddd0e10.pkl,C:\RINENG_COMPACT_FULL_20260920\RINENG_GFE_Standalone_Run\production_outputs\cache\production_single_run\000000000000092eeb248eb2bddd0e10.pkl,gfe-final-production-v2-00000000000003f329a2,same-machine protocol record replayed from cache,"{""protocol_id"": ""main-fig8-comparable-end-to-end-v2"", ""scope"": ""fresh command construction from declared inputs through terminal host phase: problem/objective initialization, acoustic transfer construction, applicable host-to-device transfer, compilation/warmup, device synchronization, native solve, and result extraction included; independent mechanical validation, cache retrieval, table export, and rendering excluded"", ""backend"": ""numpy/scipy-cpu"", ""problem_initialization_s"": 0.000454699998954311, ""acoustic_transfer_construction_s"": 0.006614899990381673, ""device_transfer_s"": null, ""compilation_warmup_s"": null, ""pre_solve_synchronization_s"": null, ""solve_s"": 0.010390399998868816, ""post_solve_synchronization_s"": null, ""result_extraction_s"": 4.2000028770416975e-06, ""orchestration_overhead_s"": 8.000017260201275e-06, ""total_s"": 0.017472200008342043, ""device_transfer_status"": ""not_applicable_synchronous_cpu"", ""compilation_warmup_status"": ""not_applicable_synchronous_cpu"", ""pre_solve_synchronization_status"": ""not_applicable_synchronous_cpu"", ""post_solve_synchronization_status"": ""not_applicable_synchronous_cpu"", ""decomposition_complete"": true, ""comparable_total"": true, ""exclusion_reason"": null}",controlled,L-BFGS-B,"{""ftol"": 0.0, ""maxcor"": 10, ""maxfun"": 1000000, ""maxls"": 40}",compact-single-float64-v1,True,full,PRODUCTION,True,True,main-fig8-comparable-end-to-end-v2,"fresh command construction from declared inputs through terminal host phase: problem/objective initialization, acoustic transfer construction, applicable host-to-device transfer, compilation/warmup, device synchronization, native solve, and result extraction included; independent mechanical validation, cache retrieval, table export, and rendering excluded",numpy/scipy-cpu,True,,0.000454699998954311,0.006614899990381673,N/A,N/A,N/A,0.010390399998868816,N/A,4.2000028770416975e-06,8.000017260201275e-06,0.017472200008342043,not_applicable_synchronous_cpu,not_applicable_synchronous_cpu,not_applicable_synchronous_cpu,not_applicable_synchronous_cpu,True,0.017472200008342043,0.0,0.0,0.05,41,Figure 3 root paired initializations,GFE,GFE
Conventional,Single,1800641477,0.0,10000,10000,10000,5421,6973,-54.26666288740913,680.3395940761363,680.3395940761363,680.3395940761363,42.60451799974869,147.68719276104304,False,N m^-1 rad^-1,native optimized-objective gradient,False,2,Desired error not necessarily achieved due to precision loss.,False,2,Desired error not necessarily achieved due to precision loss.,27.138580800005002,27.138580800005002,FESolveResult history interval; objective/transfer construction excluded; not used for cross-method ranking,000000000000080f812cfd92a9452565,000000000000080f4a0ae0322a94173c,0.0,0.0,cached,C:\RINENG_COMPACT_FULL_20260920\RINENG_GFE_Standalone_Run\production_outputs\cache\production_single_run\00000000000008a2777adafe6430deb4.pkl,C:\RINENG_COMPACT_FULL_20260920\RINENG_GFE_Standalone_Run\production_outputs\cache\production_single_run\00000000000008a2777adafe6430deb4.pkl,gfe-final-production-v2-00000000000003f329a2,same-machine protocol record replayed from cache,"{""protocol_id"": ""main-fig8-comparable-end-to-end-v2"", ""scope"": ""fresh command construction from declared inputs through terminal host phase: problem/objective initialization, acoustic transfer construction, applicable host-to-device transfer, compilation/warmup, device synchronization, native solve, and result extraction included; independent mechanical validation, cache retrieval, table export, and rendering excluded"", ""backend"": ""numpy/scipy-cpu"", ""problem_initialization_s"": 0.00037150000571273267, ""acoustic_transfer_construction_s"": 0.002660099999047816, ""device_transfer_s"": null, ""compilation_warmup_s"": null, ""pre_solve_synchronization_s"": null, ""solve_s"": 27.19273890000477, ""post_solve_synchronization_s"": null, ""result_extraction_s"": 5.49999822396785e-06, ""orchestration_overhead_s"": 6.199989002197981e-06, ""total_s"": 27.195782199996756, ""device_transfer_status"": ""not_applicable_synchronous_cpu"", ""compilation_warmup_status"": ""not_applicable_synchronous_cpu"", ""pre_solve_synchronization_status"": ""not_applicable_synchronous_cpu"", ""post_solve_synchronization_status"": ""not_applicable_synchronous_cpu"", ""decomposition_complete"": true, ""comparable_total"": true, ""exclusion_reason"": null}",controlled,BFGS,{},native,True,full,PRODUCTION,True,False,main-fig8-comparable-end-to-end-v2,"fresh command construction from declared inputs through terminal host phase: problem/objective initialization, acoustic transfer construction, applicable host-to-device transfer, compilation/warmup, device synchronization, native solve, and result extraction included; independent mechanical validation, cache retrieval, table export, and rendering excluded",numpy/scipy-cpu,True,,0.00037150000571273267,0.002660099999047816,N/A,N/A,N/A,27.19273890000477,N/A,5.49999822396785e-06,6.199989002197981e-06,27.195782199996756,not_applicable_synchronous_cpu,not_applicable_synchronous_cpu,not_applicable_synchronous_cpu,not_applicable_synchronous_cpu,True,27.195782199996756,0.0,0.0,0.05,42,Figure 3 root paired initializations,GFE,GFE
GFE,Single,1800641477,10.0,10000,10000,10000,39,43,-0.05904367548503008,1.1200259690896104e-08,1.1200259690896104e-08,1.1200259690896104e-08,7.013874684900988e-10,4.653030589109968e-09,True,N m^-1 rad^-1,native optimized-objective gradient,True,0,CONVERGENCE: NORM OF PROJECTED GRADIENT <= PGTOL,True,0,CONVERGENCE: NORM OF PROJECTED GRADIENT <= PGTOL,0.004688399989390746,0.004688399989390746,FESolveResult history interval; objective/transfer construction excluded; not used for cross-method ranking,000000000000080f4bb1df06ad2b0715,000000000000080f4a0ae0322a94173c,1.1142852793561358e-06,1.1142852793561358e-06,cached,C:\RINENG_COMPACT_FULL_20260920\RINENG_GFE_Standalone_Run\production_outputs\cache\production_single_run\000000000000092e011279ca38410e6c.pkl,C:\RINENG_COMPACT_FULL_20260920\RINENG_GFE_Standalone_Run\production_outputs\cache\production_single_run\000000000000092e011279ca38410e6c.pkl,gfe-final-production-v2-00000000000003f329a2,same-machine protocol record replayed from cache,"{""protocol_id"": ""main-fig8-comparable-end-to-end-v2"", ""scope"": ""fresh command construction from declared inputs through terminal host phase: problem/objective initialization, acoustic transfer construction, applicable host-to-device transfer, compilation/warmup, device synchronization, native solve, and result extraction included; independent mechanical validation, cache retrieval, table export, and rendering excluded"", ""backend"": ""numpy/scipy-cpu"", ""problem_initialization_s"": 0.000440500007243827, ""acoustic_transfer_construction_s"": 0.0039527000044472516, ""device_transfer_s"": null, ""compilation_warmup_s"": null, ""pre_solve_synchronization_s"": null, ""solve_s"": 0.005241200007731095, ""post_solve_synchronization_s"": null, ""result_extraction_s"": 2.3000029614195228e-06, ""orchestration_overhead_s"": 5.099980626255274e-06, ""total_s"": 0.009641800003009848, ""device_transfer_status"": ""not_applicable_synchronous_cpu"", ""compilation_warmup_status"": ""not_applicable_synchronous_cpu"", ""pre_solve_synchronization_status"": ""not_applicable_synchronous_cpu"", ""post_solve_synchronization_status"": ""not_applicable_synchronous_cpu"", ""decomposition_complete"": true, ""comparable_total"": true, ""exclusion_reason"": null}",controlled,L-BFGS-B,"{""ftol"": 0.0, ""maxcor"": 10, ""maxfun"": 1000000, ""maxls"": 40}",compact-single-float64-v1,True,full,PRODUCTION,True,True,main-fig8-comparable-end-to-end-v2,"fresh command construction from declared inputs through terminal host phase: problem/objective initialization, acoustic transfer construction, applicable host-to-device transfer, compilation/warmup, device synchronization, native solve, and result extraction included; independent mechanical validation, cache retrieval, table export, and rendering excluded",numpy/scipy-cpu,True,,0.000440500007243827,0.0039527000044472516,N/A,N/A,N/A,0.005241200007731095,N/A,2.3000029614195228e-06,5.099980626255274e-06,0.009641800003009848,not_applicable_synchronous_cpu,not_applicable_synchronous_cpu,not_applicable_synchronous_cpu,not_applicable_synchronous_cpu,True,0.009641800003009848,0.0,0.0,0.05,42,Figure 3 root paired initializations,GFE,GFE
Conventional,Single,2064274252,0.0,10000,10000,10000,6389,7997,-54.06640253332414,662.2899108661563,662.2899108661563,662.2899108661563,41.47420299250056,156.3080082416934,False,N m^-1 rad^-1,native optimized-objective gradient,False,2,Desired error not necessarily achieved due to precision loss.,False,2,Desired error not necessarily achieved due to precision loss.,30.732540800003335,30.732540800003335,FESolveResult history interval; objective/transfer construction excluded; not used for cross-method ranking,000000000000080fd30982fc380c0019,000000000000080fbd81350e763212ed,0.0,0.0,cached,C:\RINENG_COMPACT_FULL_20260920\RINENG_GFE_Standalone_Run\production_outputs\cache\production_single_run\00000000000008a28481e977b8cedebc.pkl,C:\RINENG_COMPACT_FULL_20260920\RINENG_GFE_Standalone_Run\production_outputs\cache\production_single_run\00000000000008a28481e977b8cedebc.pkl,gfe-final-production-v2-00000000000003f329a2,same-machine protocol record replayed from cache,"{""protocol_id"": ""main-fig8-comparable-end-to-end-v2"", ""scope"": ""fresh command construction from declared inputs through terminal host phase: problem/objective initialization, acoustic transfer construction, applicable host-to-device transfer, compilation/warmup, device synchronization, native solve, and result extraction included; independent mechanical validation, cache retrieval, table export, and rendering excluded"", ""backend"": ""numpy/scipy-cpu"", ""problem_initialization_s"": 0.0003991999983554706, ""acoustic_transfer_construction_s"": 0.0027085999900009483, ""device_transfer_s"": null, ""compilation_warmup_s"": null, ""pre_solve_synchronization_s"": null, ""solve_s"": 30.7921481999947, ""post_solve_synchronization_s"": null, ""result_extraction_s"": 6.100002792663872e-06, ""orchestration_overhead_s"": 6.300018867477775e-06, ""total_s"": 30.795268400004716, ""device_transfer_status"": ""not_applicable_synchronous_cpu"", ""compilation_warmup_status"": ""not_applicable_synchronous_cpu"", ""pre_solve_synchronization_status"": ""not_applicable_synchronous_cpu"", ""post_solve_synchronization_status"": ""not_applicable_synchronous_cpu"", ""decomposition_complete"": true, ""comparable_total"": true, ""exclusion_reason"": null}",controlled,BFGS,{},native,True,full,PRODUCTION,True,False,main-fig8-comparable-end-to-end-v2,"fresh command construction from declared inputs through terminal host phase: problem/objective initialization, acoustic transfer construction, applicable host-to-device transfer, compilation/warmup, device synchronization, native solve, and result extraction included; independent mechanical validation, cache retrieval, table export, and rendering excluded",numpy/scipy-cpu,True,,0.0003991999983554706,0.0027085999900009483,N/A,N/A,N/A,30.7921481999947,N/A,6.100002792663872e-06,6.300018867477775e-06,30.795268400004716,not_applicable_synchronous_cpu,not_applicable_synchronous_cpu,not_applicable_synchronous_cpu,not_applicable_synchronous_cpu,True,30.795268400004716,0.0,0.0,0.05,43,Figure 3 root paired initializations,GFE,GFE
GFE,Single,2064274252,10.0,10000,10000,10000,49,57,-0.05904367548510622,1.0043829467847492e-08,1.0043829467847492e-08,1.0043829467847492e-08,6.28968998828293e-10,2.8313937951835697e-09,True,N m^-1 rad^-1,native optimized-objective gradient,True,0,CONVERGENCE: NORM OF PROJECTED GRADIENT <= PGTOL,True,0,CONVERGENCE: NORM OF PROJECTED GRADIENT <= PGTOL,0.0065108999988297,0.0065108999988297,FESolveResult history interval; objective/transfer construction excluded; not used for cross-method ranking,000000000000080f8ed696bb446e18dc,000000000000080fbd81350e763212ed,1.1142852793561358e-06,1.1142852793561358e-06,cached,C:\RINENG_COMPACT_FULL_20260920\RINENG_GFE_Standalone_Run\production_outputs\cache\production_single_run\000000000000092eff24f8738dff0e74.pkl,C:\RINENG_COMPACT_FULL_20260920\RINENG_GFE_Standalone_Run\production_outputs\cache\production_single_run\000000000000092eff24f8738dff0e74.pkl,gfe-final-production-v2-00000000000003f329a2,same-machine protocol record replayed from cache,"{""protocol_id"": ""main-fig8-comparable-end-to-end-v2"", ""scope"": ""fresh command construction from declared inputs through terminal host phase: problem/objective initialization, acoustic transfer construction, applicable host-to-device transfer, compilation/warmup, device synchronization, native solve, and result extraction included; independent mechanical validation, cache retrieval, table export, and rendering excluded"", ""backend"": ""numpy/scipy-cpu"", ""problem_initialization_s"": 0.0005432000034488738, ""acoustic_transfer_construction_s"": 0.003977200001827441, ""device_transfer_s"": null, ""compilation_warmup_s"": null, ""pre_solve_synchronization_s"": null, ""solve_s"": 0.007178100000601262, ""post_solve_synchronization_s"": null, ""result_extraction_s"": 2.4000037228688598e-06, ""orchestration_overhead_s"": 6.199989002197981e-06, ""total_s"": 0.011707099998602644, ""device_transfer_status"": ""not_applicable_synchronous_cpu"", ""compilation_warmup_status"": ""not_applicable_synchronous_cpu"", ""pre_solve_synchronization_status"": ""not_applicable_synchronous_cpu"", ""post_solve_synchronization_status"": ""not_applicable_synchronous_cpu"", ""decomposition_complete"": true, ""comparable_total"": true, ""exclusion_reason"": null}",controlled,L-BFGS-B,"{""ftol"": 0.0, ""maxcor"": 10, ""maxfun"": 1000000, ""maxls"": 40}",compact-single-float64-v1,True,full,PRODUCTION,True,True,main-fig8-comparable-end-to-end-v2,"fresh command construction from declared inputs through terminal host phase: problem/objective initialization, acoustic transfer construction, applicable host-to-device transfer, compilation/warmup, device synchronization, native solve, and result extraction included; independent mechanical validation, cache retrieval, table export, and rendering excluded",numpy/scipy-cpu,True,,0.0005432000034488738,0.003977200001827441,N/A,N/A,N/A,0.007178100000601262,N/A,2.4000037228688598e-06,6.199989002197981e-06,0.011707099998602644,not_applicable_synchronous_cpu,not_applicable_synchronous_cpu,not_applicable_synchronous_cpu,not_applicable_synchronous_cpu,True,0.011707099998602644,0.0,0.0,0.05,43,Figure 3 root paired initializations,GFE,GFE
Conventional,Single,792756785,0.0,10000,10000,10000,4920,6305,-53.83622757681374,669.7595605246169,669.7595605246169,669.7595605246169,41.94197059870295,156.81420322525733,False,N m^-1 rad^-1,native optimized-objective gradient,False,2,Desired error not necessarily achieved due to precision loss.,False,2,Desired error not necessarily achieved due to precision loss.,24.34079789998941,24.34079789998941,FESolveResult history interval; objective/transfer construction excluded; not used for cross-method ranking,000000000000080fdccf70f8089c1422,000000000000080f911a0a98d57f1731,0.0,0.0,cached,C:\RINENG_COMPACT_FULL_20260920\RINENG_GFE_Standalone_Run\production_outputs\cache\production_single_run\00000000000008a1440014bb1cbede78.pkl,C:\RINENG_COMPACT_FULL_20260920\RINENG_GFE_Standalone_Run\production_outputs\cache\production_single_run\00000000000008a1440014bb1cbede78.pkl,gfe-final-production-v2-00000000000003f329a2,same-machine protocol record replayed from cache,"{""protocol_id"": ""main-fig8-comparable-end-to-end-v2"", ""scope"": ""fresh command construction from declared inputs through terminal host phase: problem/objective initialization, acoustic transfer construction, applicable host-to-device transfer, compilation/warmup, device synchronization, native solve, and result extraction included; independent mechanical validation, cache retrieval, table export, and rendering excluded"", ""backend"": ""numpy/scipy-cpu"", ""problem_initialization_s"": 0.00037789999623782933, ""acoustic_transfer_construction_s"": 0.003144000002066605, ""device_transfer_s"": null, ""compilation_warmup_s"": null, ""pre_solve_synchronization_s"": null, ""solve_s"": 24.384899500000756, ""post_solve_synchronization_s"": null, ""result_extraction_s"": 5.299996701069176e-06, ""orchestration_overhead_s"": 7.000009645707905e-06, ""total_s"": 24.388433700005407, ""device_transfer_status"": ""not_applicable_synchronous_cpu"", ""compilation_warmup_status"": ""not_applicable_synchronous_cpu"", ""pre_solve_synchronization_status"": ""not_applicable_synchronous_cpu"", ""post_solve_synchronization_status"": ""not_applicable_synchronous_cpu"", ""decomposition_complete"": true, ""comparable_total"": true, ""exclusion_reason"": null}",controlled,BFGS,{},native,True,full,PRODUCTION,True,False,main-fig8-comparable-end-to-end-v2,"fresh command construction from declared inputs through terminal host phase: problem/objective initialization, acoustic transfer construction, applicable host-to-device transfer, compilation/warmup, device synchronization, native solve, and result extraction included; independent mechanical validation, cache retrieval, table export, and rendering excluded",numpy/scipy-cpu,True,,0.00037789999623782933,0.003144000002066605,N/A,N/A,N/A,24.384899500000756,N/A,5.299996701069176e-06,7.000009645707905e-06,24.388433700005407,not_applicable_synchronous_cpu,not_applicable_synchronous_cpu,not_applicable_synchronous_cpu,not_applicable_synchronous_cpu,True,24.388433700005407,0.0,0.0,0.05,44,Figure 3 root paired initializations,GFE,GFE
GFE,Single,792756785,10.0,10000,10000,10000,44,51,-0.059043675484668275,1.8198948483504207e-08,1.8198948483504207e-08,1.8198948483504207e-08,1.1396623612577578e-09,7.546415218901345e-09,True,N m^-1 rad^-1,native optimized-objective gradient,True,0,CONVERGENCE: NORM OF PROJECTED GRADIENT <= PGTOL,True,0,CONVERGENCE: NORM OF PROJECTED GRADIENT <= PGTOL,0.00601910000841599,0.00601910000841599,FESolveResult history interval; objective/transfer construction excluded; not used for cross-method ranking,000000000000080f010f48e66b9212be,000000000000080f911a0a98d57f1731,1.1142852793561358e-06,1.1142852793561358e-06,cached,C:\RINENG_COMPACT_FULL_20260920\RINENG_GFE_Standalone_Run\production_outputs\cache\production_single_run\000000000000092da746ee31be470e30.pkl,C:\RINENG_COMPACT_FULL_20260920\RINENG_GFE_Standalone_Run\production_outputs\cache\production_single_run\000000000000092da746ee31be470e30.pkl,gfe-final-production-v2-00000000000003f329a2,same-machine protocol record replayed from cache,"{""protocol_id"": ""main-fig8-comparable-end-to-end-v2"", ""scope"": ""fresh command construction from declared inputs through terminal host phase: problem/objective initialization, acoustic transfer construction, applicable host-to-device transfer, compilation/warmup, device synchronization, native solve, and result extraction included; independent mechanical validation, cache retrieval, table export, and rendering excluded"", ""backend"": ""numpy/scipy-cpu"", ""problem_initialization_s"": 0.00036950000503566116, ""acoustic_transfer_construction_s"": 0.004324200010159984, ""device_transfer_s"": null, ""compilation_warmup_s"": null, ""pre_solve_synchronization_s"": null, ""solve_s"": 0.006578000000445172, ""post_solve_synchronization_s"": null, ""result_extraction_s"": 2.2000021999701858e-06, ""orchestration_overhead_s"": 6.0999736888334155e-06, ""total_s"": 0.011279999991529621, ""device_transfer_status"": ""not_applicable_synchronous_cpu"", ""compilation_warmup_status"": ""not_applicable_synchronous_cpu"", ""pre_solve_synchronization_status"": ""not_applicable_synchronous_cpu"", ""post_solve_synchronization_status"": ""not_applicable_synchronous_cpu"", ""decomposition_complete"": true, ""comparable_total"": true, ""exclusion_reason"": null}",controlled,L-BFGS-B,"{""ftol"": 0.0, ""maxcor"": 10, ""maxfun"": 1000000, ""maxls"": 40}",compact-single-float64-v1,True,full,PRODUCTION,True,True,main-fig8-comparable-end-to-end-v2,"fresh command construction from declared inputs through terminal host phase: problem/objective initialization, acoustic transfer construction, applicable host-to-device transfer, compilation/warmup, device synchronization, native solve, and result extraction included; independent mechanical validation, cache retrieval, table export, and rendering excluded",numpy/scipy-cpu,True,,0.00036950000503566116,0.004324200010159984,N/A,N/A,N/A,0.006578000000445172,N/A,2.2000021999701858e-06,6.0999736888334155e-06,0.011279999991529621,not_applicable_synchronous_cpu,not_applicable_synchronous_cpu,not_applicable_synchronous_cpu,not_applicable_synchronous_cpu,True,0.011279999991529621,0.0,0.0,0.05,44,Figure 3 root paired initializations,GFE,GFE
Conventional,Single,584013569,0.0,10000,10000,10000,5075,6520,-53.85083147935197,740.0637410304746,740.0637410304746,740.0637410304746,46.344589158463265,156.67020465484063,False,N m^-1 rad^-1,native optimized-objective gradient,False,2,Desired error not necessarily achieved due to precision loss.,False,2,Desired error not necessarily achieved due to precision loss.,24.876892799991765,24.876892799991765,FESolveResult history interval; objective/transfer construction excluded; not used for cross-method ranking,000000000000080fe1e8ca8124561334,000000000000080fd2383ebe3da3fce9,0.0,0.0,cached,C:\RINENG_COMPACT_FULL_20260920\RINENG_GFE_Standalone_Run\production_outputs\cache\production_single_run\00000000000008a16b94f7705832df5b.pkl,C:\RINENG_COMPACT_FULL_20260920\RINENG_GFE_Standalone_Run\production_outputs\cache\production_single_run\00000000000008a16b94f7705832df5b.pkl,gfe-final-production-v2-00000000000003f329a2,same-machine protocol record replayed from cache,"{""protocol_id"": ""main-fig8-comparable-end-to-end-v2"", ""scope"": ""fresh command construction from declared inputs through terminal host phase: problem/objective initialization, acoustic transfer construction, applicable host-to-device transfer, compilation/warmup, device synchronization, native solve, and result extraction included; independent mechanical validation, cache retrieval, table export, and rendering excluded"", ""backend"": ""numpy/scipy-cpu"", ""problem_initialization_s"": 0.00039169999945443124, ""acoustic_transfer_construction_s"": 0.00271499999507796, ""device_transfer_s"": null, ""compilation_warmup_s"": null, ""pre_solve_synchronization_s"": null, ""solve_s"": 24.922764899994945, ""post_solve_synchronization_s"": null, ""result_extraction_s"": 4.899993655271828e-06, ""orchestration_overhead_s"": 6.700007361359894e-06, ""total_s"": 24.925883199990494, ""device_transfer_status"": ""not_applicable_synchronous_cpu"", ""compilation_warmup_status"": ""not_applicable_synchronous_cpu"", ""pre_solve_synchronization_status"": ""not_applicable_synchronous_cpu"", ""post_solve_synchronization_status"": ""not_applicable_synchronous_cpu"", ""decomposition_complete"": true, ""comparable_total"": true, ""exclusion_reason"": null}",controlled,BFGS,{},native,True,full,PRODUCTION,True,False,main-fig8-comparable-end-to-end-v2,"fresh command construction from declared inputs through terminal host phase: problem/objective initialization, acoustic transfer construction, applicable host-to-device transfer, compilation/warmup, device synchronization, native solve, and result extraction included; independent mechanical validation, cache retrieval, table export, and rendering excluded",numpy/scipy-cpu,True,,0.00039169999945443124,0.00271499999507796,N/A,N/A,N/A,24.922764899994945,N/A,4.899993655271828e-06,6.700007361359894e-06,24.925883199990494,not_applicable_synchronous_cpu,not_applicable_synchronous_cpu,not_applicable_synchronous_cpu,not_applicable_synchronous_cpu,True,24.925883199990494,0.0,0.0,0.05,45,Figure 3 root paired initializations,GFE,GFE
GFE,Single,584013569,10.0,10000,10000,10000,34,39,-0.059043675484703,1.4338663374287688e-08,1.4338663374287688e-08,1.4338663374287688e-08,8.979219306671906e-10,9.09576794359766e-09,True,N m^-1 rad^-1,native optimized-objective gradient,True,0,CONVERGENCE: NORM OF PROJECTED GRADIENT <= PGTOL,True,0,CONVERGENCE: NORM OF PROJECTED GRADIENT <= PGTOL,0.007974399995873682,0.007974399995873682,FESolveResult history interval; objective/transfer construction excluded; not used for cross-method ranking,000000000000080f3439d3236d3318e0,000000000000080fd2383ebe3da3fce9,1.1142852793561358e-06,1.1142852793561358e-06,cached,C:\RINENG_COMPACT_FULL_20260920\RINENG_GFE_Standalone_Run\production_outputs\cache\production_single_run\000000000000092dd46f6c19107a0f13.pkl,C:\RINENG_COMPACT_FULL_20260920\RINENG_GFE_Standalone_Run\production_outputs\cache\production_single_run\000000000000092dd46f6c19107a0f13.pkl,gfe-final-production-v2-00000000000003f329a2,same-machine protocol record replayed from cache,"{""protocol_id"": ""main-fig8-comparable-end-to-end-v2"", ""scope"": ""fresh command construction from declared inputs through terminal host phase: problem/objective initialization, acoustic transfer construction, applicable host-to-device transfer, compilation/warmup, device synchronization, native solve, and result extraction included; independent mechanical validation, cache retrieval, table export, and rendering excluded"", ""backend"": ""numpy/scipy-cpu"", ""problem_initialization_s"": 0.0004588000010699034, ""acoustic_transfer_construction_s"": 0.0038831000128993765, ""device_transfer_s"": null, ""compilation_warmup_s"": null, ""pre_solve_synchronization_s"": null, ""solve_s"": 0.008493499990436248, ""post_solve_synchronization_s"": null, ""result_extraction_s"": 2.2999884095042944e-06, ""orchestration_overhead_s"": 5.1000097300857306e-06, ""total_s"": 0.012842800002545118, ""device_transfer_status"": ""not_applicable_synchronous_cpu"", ""compilation_warmup_status"": ""not_applicable_synchronous_cpu"", ""pre_solve_synchronization_status"": ""not_applicable_synchronous_cpu"", ""post_solve_synchronization_status"": ""not_applicable_synchronous_cpu"", ""decomposition_complete"": true, ""comparable_total"": true, ""exclusion_reason"": null}",controlled,L-BFGS-B,"{""ftol"": 0.0, ""maxcor"": 10, ""maxfun"": 1000000, ""maxls"": 40}",compact-single-float64-v1,True,full,PRODUCTION,True,True,main-fig8-comparable-end-to-end-v2,"fresh command construction from declared inputs through terminal host phase: problem/objective initialization, acoustic transfer construction, applicable host-to-device transfer, compilation/warmup, device synchronization, native solve, and result extraction included; independent mechanical validation, cache retrieval, table export, and rendering excluded",numpy/scipy-cpu,True,,0.0004588000010699034,0.0038831000128993765,N/A,N/A,N/A,0.008493499990436248,N/A,2.2999884095042944e-06,5.1000097300857306e-06,0.012842800002545118,not_applicable_synchronous_cpu,not_applicable_synchronous_cpu,not_applicable_synchronous_cpu,not_applicable_synchronous_cpu,True,0.012842800002545118,0.0,0.0,0.05,45,Figure 3 root paired initializations,GFE,GFE
Conventional,Single,56574595,0.0,10000,10000,10000,5076,6524,-52.6401416058497,677.0815446511472,677.0815446511472,677.0815446511472,42.400491030600264,155.5954166325941,False,N m^-1 rad^-1,native optimized-objective gradient,False,2,Desired error not necessarily achieved due to precision loss.,False,2,Desired error not necessarily achieved due to precision loss.,24.52268059999915,24.52268059999915,FESolveResult history interval; objective/transfer construction excluded; not used for cross-method ranking,000000000000080f2f72929321bd1556,000000000000080f3ac1099e5ca804fc,0.0,0.0,cached,C:\RINENG_COMPACT_FULL_20260920\RINENG_GFE_Standalone_Run\production_outputs\cache\production_single_run\00000000000008a001b2fa2ecd3ddecb.pkl,C:\RINENG_COMPACT_FULL_20260920\RINENG_GFE_Standalone_Run\production_outputs\cache\production_single_run\00000000000008a001b2fa2ecd3ddecb.pkl,gfe-final-production-v2-00000000000003f329a2,same-machine protocol record replayed from cache,"{""protocol_id"": ""main-fig8-comparable-end-to-end-v2"", ""scope"": ""fresh command construction from declared inputs through terminal host phase: problem/objective initialization, acoustic transfer construction, applicable host-to-device transfer, compilation/warmup, device synchronization, native solve, and result extraction included; independent mechanical validation, cache retrieval, table export, and rendering excluded"", ""backend"": ""numpy/scipy-cpu"", ""problem_initialization_s"": 0.0004528999998001382, ""acoustic_transfer_construction_s"": 0.0028141999937361106, ""device_transfer_s"": null, ""compilation_warmup_s"": null, ""pre_solve_synchronization_s"": null, ""solve_s"": 24.57013590000861, ""post_solve_synchronization_s"": null, ""result_extraction_s"": 5.0000089686363935e-06, ""orchestration_overhead_s"": 7.2999828262254596e-06, ""total_s"": 24.57341529999394, ""device_transfer_status"": ""not_applicable_synchronous_cpu"", ""compilation_warmup_status"": ""not_applicable_synchronous_cpu"", ""pre_solve_synchronization_status"": ""not_applicable_synchronous_cpu"", ""post_solve_synchronization_status"": ""not_applicable_synchronous_cpu"", ""decomposition_complete"": true, ""comparable_total"": true, ""exclusion_reason"": null}",controlled,BFGS,{},native,True,full,PRODUCTION,True,False,main-fig8-comparable-end-to-end-v2,"fresh command construction from declared inputs through terminal host phase: problem/objective initialization, acoustic transfer construction, applicable host-to-device transfer, compilation/warmup, device synchronization, native solve, and result extraction included; independent mechanical validation, cache retrieval, table export, and rendering excluded",numpy/scipy-cpu,True,,0.0004528999998001382,0.0028141999937361106,N/A,N/A,N/A,24.57013590000861,N/A,5.0000089686363935e-06,7.2999828262254596e-06,24.57341529999394,not_applicable_synchronous_cpu,not_applicable_synchronous_cpu,not_applicable_synchronous_cpu,not_applicable_synchronous_cpu,True,24.57341529999394,0.0,0.0,0.05,46,Figure 3 root paired initializations,GFE,GFE
GFE,Single,56574595,10.0,10000,10000,10000,35,38,-0.05904367548361818,4.192416285128521e-08,4.192416285128521e-08,4.192416285128521e-08,2.625392916088444e-09,9.971390934352674e-09,True,N m^-1 rad^-1,native optimized-objective gradient,True,0,CONVERGENCE: NORM OF PROJECTED GRADIENT <= PGTOL,True,0,CONVERGENCE: NORM OF PROJECTED GRADIENT <= PGTOL,0.0038420000055339187,0.0038420000055339187,FESolveResult history interval; objective/transfer construction excluded; not used for cross-method ranking,000000000000080f77e0f10e11ac0906,000000000000080f3ac1099e5ca804fc,1.1142852793561358e-06,1.1142852793561358e-06,cached,C:\RINENG_COMPACT_FULL_20260920\RINENG_GFE_Standalone_Run\production_outputs\cache\production_single_run\000000000000092cb1f3efb14c640e83.pkl,C:\RINENG_COMPACT_FULL_20260920\RINENG_GFE_Standalone_Run\production_outputs\cache\production_single_run\000000000000092cb1f3efb14c640e83.pkl,gfe-final-production-v2-00000000000003f329a2,same-machine protocol record replayed from cache,"{""protocol_id"": ""main-fig8-comparable-end-to-end-v2"", ""scope"": ""fresh command construction from declared inputs through terminal host phase: problem/objective initialization, acoustic transfer construction, applicable host-to-device transfer, compilation/warmup, device synchronization, native solve, and result extraction included; independent mechanical validation, cache retrieval, table export, and rendering excluded"", ""backend"": ""numpy/scipy-cpu"", ""problem_initialization_s"": 0.00039089999336283654, ""acoustic_transfer_construction_s"": 0.0041877999901771545, ""device_transfer_s"": null, ""compilation_warmup_s"": null, ""pre_solve_synchronization_s"": null, ""solve_s"": 0.0043446000054245815, ""post_solve_synchronization_s"": null, ""result_extraction_s"": 2.6000052457675338e-06, ""orchestration_overhead_s"": 5.3000112529844046e-06, ""total_s"": 0.008931200005463324, ""device_transfer_status"": ""not_applicable_synchronous_cpu"", ""compilation_warmup_status"": ""not_applicable_synchronous_cpu"", ""pre_solve_synchronization_status"": ""not_applicable_synchronous_cpu"", ""post_solve_synchronization_status"": ""not_applicable_synchronous_cpu"", ""decomposition_complete"": true, ""comparable_total"": true, ""exclusion_reason"": null}",controlled,L-BFGS-B,"{""ftol"": 0.0, ""maxcor"": 10, ""maxfun"": 1000000, ""maxls"": 40}",compact-single-float64-v1,True,full,PRODUCTION,True,True,main-fig8-comparable-end-to-end-v2,"fresh command construction from declared inputs through terminal host phase: problem/objective initialization, acoustic transfer construction, applicable host-to-device transfer, compilation/warmup, device synchronization, native solve, and result extraction included; independent mechanical validation, cache retrieval, table export, and rendering excluded",numpy/scipy-cpu,True,,0.00039089999336283654,0.0041877999901771545,N/A,N/A,N/A,0.0043446000054245815,N/A,2.6000052457675338e-06,5.3000112529844046e-06,0.008931200005463324,not_applicable_synchronous_cpu,not_applicable_synchronous_cpu,not_applicable_synchronous_cpu,not_applicable_synchronous_cpu,True,0.008931200005463324,0.0,0.0,0.05,46,Figure 3 root paired initializations,GFE,GFE
Conventional,Single,2081285069,0.0,10000,10000,10000,5712,7313,-54.25526926586286,704.3584100113718,704.3584100113718,704.3584100113718,44.10863459792344,156.87231310889624,False,N m^-1 rad^-1,native optimized-objective gradient,False,2,Desired error not necessarily achieved due to precision loss.,False,2,Desired error not necessarily achieved due to precision loss.,28.361854000002495,28.361854000002495,FESolveResult history interval; objective/transfer construction excluded; not used for cross-method ranking,000000000000080f25100733b010136c,000000000000080ffb75f5e661ea0d56,0.0,0.0,cached,C:\RINENG_COMPACT_FULL_20260920\RINENG_GFE_Standalone_Run\production_outputs\cache\production_single_run\00000000000008a2a81c7f811252df2f.pkl,C:\RINENG_COMPACT_FULL_20260920\RINENG_GFE_Standalone_Run\production_outputs\cache\production_single_run\00000000000008a2a81c7f811252df2f.pkl,gfe-final-production-v2-00000000000003f329a2,same-machine protocol record replayed from cache,"{""protocol_id"": ""main-fig8-comparable-end-to-end-v2"", ""scope"": ""fresh command construction from declared inputs through terminal host phase: problem/objective initialization, acoustic transfer construction, applicable host-to-device transfer, compilation/warmup, device synchronization, native solve, and result extraction included; independent mechanical validation, cache retrieval, table export, and rendering excluded"", ""backend"": ""numpy/scipy-cpu"", ""problem_initialization_s"": 0.0003569999971659854, ""acoustic_transfer_construction_s"": 0.00259800000640098, ""device_transfer_s"": null, ""compilation_warmup_s"": null, ""pre_solve_synchronization_s"": null, ""solve_s"": 28.412916800007224, ""post_solve_synchronization_s"": null, ""result_extraction_s"": 4.6000059228390455e-06, ""orchestration_overhead_s"": 6.399990525096655e-06, ""total_s"": 28.41588280000724, ""device_transfer_status"": ""not_applicable_synchronous_cpu"", ""compilation_warmup_status"": ""not_applicable_synchronous_cpu"", ""pre_solve_synchronization_status"": ""not_applicable_synchronous_cpu"", ""post_solve_synchronization_status"": ""not_applicable_synchronous_cpu"", ""decomposition_complete"": true, ""comparable_total"": true, ""exclusion_reason"": null}",controlled,BFGS,{},native,True,full,PRODUCTION,True,False,main-fig8-comparable-end-to-end-v2,"fresh command construction from declared inputs through terminal host phase: problem/objective initialization, acoustic transfer construction, applicable host-to-device transfer, compilation/warmup, device synchronization, native solve, and result extraction included; independent mechanical validation, cache retrieval, table export, and rendering excluded",numpy/scipy-cpu,True,,0.0003569999971659854,0.00259800000640098,N/A,N/A,N/A,28.412916800007224,N/A,4.6000059228390455e-06,6.399990525096655e-06,28.41588280000724,not_applicable_synchronous_cpu,not_applicable_synchronous_cpu,not_applicable_synchronous_cpu,not_applicable_synchronous_cpu,True,28.41588280000724,0.0,0.0,0.05,47,Figure 3 root paired initializations,GFE,GFE
GFE,Single,2081285069,10.0,10000,10000,10000,35,40,-0.059043675484779144,2.717050770814507e-08,2.717050770814507e-08,2.717050770814507e-08,1.7014831927956738e-09,5.2322644559645405e-09,True,N m^-1 rad^-1,native optimized-objective gradient,True,0,CONVERGENCE: NORM OF PROJECTED GRADIENT <= PGTOL,True,0,CONVERGENCE: NORM OF PROJECTED GRADIENT <= PGTOL,0.010744300001533702,0.010744300001533702,FESolveResult history interval; objective/transfer construction excluded; not used for cross-method ranking,000000000000080f90826eb2c6fe103f,000000000000080ffb75f5e661ea0d56,1.1142852793561358e-06,1.1142852793561358e-06,cached,C:\RINENG_COMPACT_FULL_20260920\RINENG_GFE_Standalone_Run\production_outputs\cache\production_single_run\000000000000092ee5a05367f1940ee7.pkl,C:\RINENG_COMPACT_FULL_20260920\RINENG_GFE_Standalone_Run\production_outputs\cache\production_single_run\000000000000092ee5a05367f1940ee7.pkl,gfe-final-production-v2-00000000000003f329a2,same-machine protocol record replayed from cache,"{""protocol_id"": ""main-fig8-comparable-end-to-end-v2"", ""scope"": ""fresh command construction from declared inputs through terminal host phase: problem/objective initialization, acoustic transfer construction, applicable host-to-device transfer, compilation/warmup, device synchronization, native solve, and result extraction included; independent mechanical validation, cache retrieval, table export, and rendering excluded"", ""backend"": ""numpy/scipy-cpu"", ""problem_initialization_s"": 0.0006969999958528206, ""acoustic_transfer_construction_s"": 0.006854500010376796, ""device_transfer_s"": null, ""compilation_warmup_s"": null, ""pre_solve_synchronization_s"": null, ""solve_s"": 0.011886299995239824, ""post_solve_synchronization_s"": null, ""result_extraction_s"": 4.2000028770416975e-06, ""orchestration_overhead_s"": 9.099996532313526e-06, ""total_s"": 0.019451100000878796, ""device_transfer_status"": ""not_applicable_synchronous_cpu"", ""compilation_warmup_status"": ""not_applicable_synchronous_cpu"", ""pre_solve_synchronization_status"": ""not_applicable_synchronous_cpu"", ""post_solve_synchronization_status"": ""not_applicable_synchronous_cpu"", ""decomposition_complete"": true, ""comparable_total"": true, ""exclusion_reason"": null}",controlled,L-BFGS-B,"{""ftol"": 0.0, ""maxcor"": 10, ""maxfun"": 1000000, ""maxls"": 40}",compact-single-float64-v1,True,full,PRODUCTION,True,True,main-fig8-comparable-end-to-end-v2,"fresh command construction from declared inputs through terminal host phase: problem/objective initialization, acoustic transfer construction, applicable host-to-device transfer, compilation/warmup, device synchronization, native solve, and result extraction included; independent mechanical validation, cache retrieval, table export, and rendering excluded",numpy/scipy-cpu,True,,0.0006969999958528206,0.006854500010376796,N/A,N/A,N/A,0.011886299995239824,N/A,4.2000028770416975e-06,9.099996532313526e-06,0.019451100000878796,not_applicable_synchronous_cpu,not_applicable_synchronous_cpu,not_applicable_synchronous_cpu,not_applicable_synchronous_cpu,True,0.019451100000878796,0.0,0.0,0.05,47,Figure 3 root paired initializations,GFE,GFE
Conventional,Single,1302034207,0.0,10000,10000,10000,7001,8755,-53.44311954430247,704.9729127013151,704.9729127013151,704.9729127013151,44.147116249061405,128.68139327128364,False,N m^-1 rad^-1,native optimized-objective gradient,False,2,Desired error not necessarily achieved due to precision loss.,False,2,Desired error not necessarily achieved due to precision loss.,33.53466059999482,33.53466059999482,FESolveResult history interval; objective/transfer construction excluded; not used for cross-method ranking,000000000000080f69bac1668047f8c3,000000000000080f2d8f63a6d3e51664,0.0,0.0,cached,C:\RINENG_COMPACT_FULL_20260920\RINENG_GFE_Standalone_Run\production_outputs\cache\production_single_run\00000000000008a238629a6ffefadebc.pkl,C:\RINENG_COMPACT_FULL_20260920\RINENG_GFE_Standalone_Run\production_outputs\cache\production_single_run\00000000000008a238629a6ffefadebc.pkl,gfe-final-production-v2-00000000000003f329a2,same-machine protocol record replayed from cache,"{""protocol_id"": ""main-fig8-comparable-end-to-end-v2"", ""scope"": ""fresh command construction from declared inputs through terminal host phase: problem/objective initialization, acoustic transfer construction, applicable host-to-device transfer, compilation/warmup, device synchronization, native solve, and result extraction included; independent mechanical validation, cache retrieval, table export, and rendering excluded"", ""backend"": ""numpy/scipy-cpu"", ""problem_initialization_s"": 0.00034300000697840005, ""acoustic_transfer_construction_s"": 0.0024947000056272373, ""device_transfer_s"": null, ""compilation_warmup_s"": null, ""pre_solve_synchronization_s"": null, ""solve_s"": 33.60482249999768, ""post_solve_synchronization_s"": null, ""result_extraction_s"": 7.399998139590025e-06, ""orchestration_overhead_s"": 8.399991202168167e-06, ""total_s"": 33.60767599999963, ""device_transfer_status"": ""not_applicable_synchronous_cpu"", ""compilation_warmup_status"": ""not_applicable_synchronous_cpu"", ""pre_solve_synchronization_status"": ""not_applicable_synchronous_cpu"", ""post_solve_synchronization_status"": ""not_applicable_synchronous_cpu"", ""decomposition_complete"": true, ""comparable_total"": true, ""exclusion_reason"": null}",controlled,BFGS,{},native,True,full,PRODUCTION,True,False,main-fig8-comparable-end-to-end-v2,"fresh command construction from declared inputs through terminal host phase: problem/objective initialization, acoustic transfer construction, applicable host-to-device transfer, compilation/warmup, device synchronization, native solve, and result extraction included; independent mechanical validation, cache retrieval, table export, and rendering excluded",numpy/scipy-cpu,True,,0.00034300000697840005,0.0024947000056272373,N/A,N/A,N/A,33.60482249999768,N/A,7.399998139590025e-06,8.399991202168167e-06,33.60767599999963,not_applicable_synchronous_cpu,not_applicable_synchronous_cpu,not_applicable_synchronous_cpu,not_applicable_synchronous_cpu,True,33.60767599999963,0.0,0.0,0.05,48,Figure 3 root paired initializations,GFE,GFE
GFE,Single,1302034207,10.0,10000,10000,10000,41,48,-0.059043675484503774,2.559428284112164e-08,2.559428284112164e-08,2.559428284112164e-08,1.6027761628014206e-09,9.405064450474776e-09,True,N m^-1 rad^-1,native optimized-objective gradient,True,0,CONVERGENCE: NORM OF PROJECTED GRADIENT <= PGTOL,True,0,CONVERGENCE: NORM OF PROJECTED GRADIENT <= PGTOL,0.005473700002767146,0.005473700002767146,FESolveResult history interval; objective/transfer construction excluded; not used for cross-method ranking,000000000000080f8838f08477d214d7,000000000000080f2d8f63a6d3e51664,1.1142852793561358e-06,1.1142852793561358e-06,cached,C:\RINENG_COMPACT_FULL_20260920\RINENG_GFE_Standalone_Run\production_outputs\cache\production_single_run\000000000000092e1c533a41d54b0e74.pkl,C:\RINENG_COMPACT_FULL_20260920\RINENG_GFE_Standalone_Run\production_outputs\cache\production_single_run\000000000000092e1c533a41d54b0e74.pkl,gfe-final-production-v2-00000000000003f329a2,same-machine protocol record replayed from cache,"{""protocol_id"": ""main-fig8-comparable-end-to-end-v2"", ""scope"": ""fresh command construction from declared inputs through terminal host phase: problem/objective initialization, acoustic transfer construction, applicable host-to-device transfer, compilation/warmup, device synchronization, native solve, and result extraction included; independent mechanical validation, cache retrieval, table export, and rendering excluded"", ""backend"": ""numpy/scipy-cpu"", ""problem_initialization_s"": 0.0004912000003969297, ""acoustic_transfer_construction_s"": 0.004041400010464713, ""device_transfer_s"": null, ""compilation_warmup_s"": null, ""pre_solve_synchronization_s"": null, ""solve_s"": 0.006099399994127452, ""post_solve_synchronization_s"": null, ""result_extraction_s"": 2.5000044843181968e-06, ""orchestration_overhead_s"": 5.299996701069176e-06, ""total_s"": 0.010639800006174482, ""device_transfer_status"": ""not_applicable_synchronous_cpu"", ""compilation_warmup_status"": ""not_applicable_synchronous_cpu"", ""pre_solve_synchronization_status"": ""not_applicable_synchronous_cpu"", ""post_solve_synchronization_status"": ""not_applicable_synchronous_cpu"", ""decomposition_complete"": true, ""comparable_total"": true, ""exclusion_reason"": null}",controlled,L-BFGS-B,"{""ftol"": 0.0, ""maxcor"": 10, ""maxfun"": 1000000, ""maxls"": 40}",compact-single-float64-v1,True,full,PRODUCTION,True,True,main-fig8-comparable-end-to-end-v2,"fresh command construction from declared inputs through terminal host phase: problem/objective initialization, acoustic transfer construction, applicable host-to-device transfer, compilation/warmup, device synchronization, native solve, and result extraction included; independent mechanical validation, cache retrieval, table export, and rendering excluded",numpy/scipy-cpu,True,,0.0004912000003969297,0.004041400010464713,N/A,N/A,N/A,0.006099399994127452,N/A,2.5000044843181968e-06,5.299996701069176e-06,0.010639800006174482,not_applicable_synchronous_cpu,not_applicable_synchronous_cpu,not_applicable_synchronous_cpu,not_applicable_synchronous_cpu,True,0.010639800006174482,0.0,0.0,0.05,48,Figure 3 root paired initializations,GFE,GFE
Conventional,Single,293446115,0.0,10000,10000,10000,5385,6820,-54.415685044647034,678.2212942337106,678.2212942337106,678.2212942337106,42.471864918035806,130.03548269078397,False,N m^-1 rad^-1,native optimized-objective gradient,False,2,Desired error not necessarily achieved due to precision loss.,False,2,Desired error not necessarily achieved due to precision loss.,26.302472900002613,26.302472900002613,FESolveResult history interval; objective/transfer construction excluded; not used for cross-method ranking,000000000000080f434e5c1c1fa50e76,000000000000080f2c141598bd640023,0.0,0.0,cached,C:\RINENG_COMPACT_FULL_20260920\RINENG_GFE_Standalone_Run\production_outputs\cache\production_single_run\00000000000008a12b0003d62de0de29.pkl,C:\RINENG_COMPACT_FULL_20260920\RINENG_GFE_Standalone_Run\production_outputs\cache\production_single_run\00000000000008a12b0003d62de0de29.pkl,gfe-final-production-v2-00000000000003f329a2,same-machine protocol record replayed from cache,"{""protocol_id"": ""main-fig8-comparable-end-to-end-v2"", ""scope"": ""fresh command construction from declared inputs through terminal host phase: problem/objective initialization, acoustic transfer construction, applicable host-to-device transfer, compilation/warmup, device synchronization, native solve, and result extraction included; independent mechanical validation, cache retrieval, table export, and rendering excluded"", ""backend"": ""numpy/scipy-cpu"", ""problem_initialization_s"": 0.0003580000047804788, ""acoustic_transfer_construction_s"": 0.002589700001408346, ""device_transfer_s"": null, ""compilation_warmup_s"": null, ""pre_solve_synchronization_s"": null, ""solve_s"": 26.351149000009173, ""post_solve_synchronization_s"": null, ""result_extraction_s"": 5.49999822396785e-06, ""orchestration_overhead_s"": 6.399990525096655e-06, ""total_s"": 26.35410860000411, ""device_transfer_status"": ""not_applicable_synchronous_cpu"", ""compilation_warmup_status"": ""not_applicable_synchronous_cpu"", ""pre_solve_synchronization_status"": ""not_applicable_synchronous_cpu"", ""post_solve_synchronization_status"": ""not_applicable_synchronous_cpu"", ""decomposition_complete"": true, ""comparable_total"": true, ""exclusion_reason"": null}",controlled,BFGS,{},native,True,full,PRODUCTION,True,False,main-fig8-comparable-end-to-end-v2,"fresh command construction from declared inputs through terminal host phase: problem/objective initialization, acoustic transfer construction, applicable host-to-device transfer, compilation/warmup, device synchronization, native solve, and result extraction included; independent mechanical validation, cache retrieval, table export, and rendering excluded",numpy/scipy-cpu,True,,0.0003580000047804788,0.002589700001408346,N/A,N/A,N/A,26.351149000009173,N/A,5.49999822396785e-06,6.399990525096655e-06,26.35410860000411,not_applicable_synchronous_cpu,not_applicable_synchronous_cpu,not_applicable_synchronous_cpu,not_applicable_synchronous_cpu,True,26.35410860000411,0.0,0.0,0.05,49,Figure 3 root paired initializations,GFE,GFE
GFE,Single,293446115,10.0,10000,10000,10000,30,36,-0.05904367548479009,2.8634826173330564e-08,2.8634826173330564e-08,2.8634826173330564e-08,1.7931823720740417e-09,5.612888798159007e-09,True,N m^-1 rad^-1,native optimized-objective gradient,True,0,CONVERGENCE: NORM OF PROJECTED GRADIENT <= PGTOL,True,0,CONVERGENCE: NORM OF PROJECTED GRADIENT <= PGTOL,0.006456999995862134,0.006456999995862134,FESolveResult history interval; objective/transfer construction excluded; not used for cross-method ranking,000000000000080f9451d458de951a30,000000000000080f2c141598bd640023,1.1142852793561358e-06,1.1142852793561358e-06,cached,C:\RINENG_COMPACT_FULL_20260920\RINENG_GFE_Standalone_Run\production_outputs\cache\production_single_run\000000000000092df1cf5ab0c9f90de1.pkl,C:\RINENG_COMPACT_FULL_20260920\RINENG_GFE_Standalone_Run\production_outputs\cache\production_single_run\000000000000092df1cf5ab0c9f90de1.pkl,gfe-final-production-v2-00000000000003f329a2,same-machine protocol record replayed from cache,"{""protocol_id"": ""main-fig8-comparable-end-to-end-v2"", ""scope"": ""fresh command construction from declared inputs through terminal host phase: problem/objective initialization, acoustic transfer construction, applicable host-to-device transfer, compilation/warmup, device synchronization, native solve, and result extraction included; independent mechanical validation, cache retrieval, table export, and rendering excluded"", ""backend"": ""numpy/scipy-cpu"", ""problem_initialization_s"": 0.00046460000157821923, ""acoustic_transfer_construction_s"": 0.0038438999908976257, ""device_transfer_s"": null, ""compilation_warmup_s"": null, ""pre_solve_synchronization_s"": null, ""solve_s"": 0.006925800000317395, ""post_solve_synchronization_s"": null, ""result_extraction_s"": 2.1999876480549574e-06, ""orchestration_overhead_s"": 5.5000127758830786e-06, ""total_s"": 0.011241999993217178, ""device_transfer_status"": ""not_applicable_synchronous_cpu"", ""compilation_warmup_status"": ""not_applicable_synchronous_cpu"", ""pre_solve_synchronization_status"": ""not_applicable_synchronous_cpu"", ""post_solve_synchronization_status"": ""not_applicable_synchronous_cpu"", ""decomposition_complete"": true, ""comparable_total"": true, ""exclusion_reason"": null}",controlled,L-BFGS-B,"{""ftol"": 0.0, ""maxcor"": 10, ""maxfun"": 1000000, ""maxls"": 40}",compact-single-float64-v1,True,full,PRODUCTION,True,True,main-fig8-comparable-end-to-end-v2,"fresh command construction from declared inputs through terminal host phase: problem/objective initialization, acoustic transfer construction, applicable host-to-device transfer, compilation/warmup, device synchronization, native solve, and result extraction included; independent mechanical validation, cache retrieval, table export, and rendering excluded",numpy/scipy-cpu,True,,0.00046460000157821923,0.0038438999908976257,N/A,N/A,N/A,0.006925800000317395,N/A,2.1999876480549574e-06,5.5000127758830786e-06,0.011241999993217178,not_applicable_synchronous_cpu,not_applicable_synchronous_cpu,not_applicable_synchronous_cpu,not_applicable_synchronous_cpu,True,0.011241999993217178,0.0,0.0,0.05,49,Figure 3 root paired initializations,GFE,GFE
Conventional,Single,811008120,0.0,10000,10000,10000,5351,6811,-53.15169707061582,653.7528782786374,653.7528782786374,653.7528782786374,40.93959327449157,140.76383489073868,False,N m^-1 rad^-1,native optimized-objective gradient,False,2,Desired error not necessarily achieved due to precision loss.,False,2,Desired error not necessarily achieved due to precision loss.,26.115017599993735,26.115017599993735,FESolveResult history interval; objective/transfer construction excluded; not used for cross-method ranking,000000000000080ff7a9fa2615ad1588,000000000000080f00d4e4761a0efe42,0.0,0.0,cached,C:\RINENG_COMPACT_FULL_20260920\RINENG_GFE_Standalone_Run\production_outputs\cache\production_single_run\00000000000008a17a08af8f7043deab.pkl,C:\RINENG_COMPACT_FULL_20260920\RINENG_GFE_Standalone_Run\production_outputs\cache\production_single_run\00000000000008a17a08af8f7043deab.pkl,gfe-final-production-v2-00000000000003f329a2,same-machine protocol record replayed from cache,"{""protocol_id"": ""main-fig8-comparable-end-to-end-v2"", ""scope"": ""fresh command construction from declared inputs through terminal host phase: problem/objective initialization, acoustic transfer construction, applicable host-to-device transfer, compilation/warmup, device synchronization, native solve, and result extraction included; independent mechanical validation, cache retrieval, table export, and rendering excluded"", ""backend"": ""numpy/scipy-cpu"", ""problem_initialization_s"": 0.00035030000435654074, ""acoustic_transfer_construction_s"": 0.002893400000175461, ""device_transfer_s"": null, ""compilation_warmup_s"": null, ""pre_solve_synchronization_s"": null, ""solve_s"": 26.16530259999854, ""post_solve_synchronization_s"": null, ""result_extraction_s"": 4.6000059228390455e-06, ""orchestration_overhead_s"": 7.899987394921482e-06, ""total_s"": 26.16855879999639, ""device_transfer_status"": ""not_applicable_synchronous_cpu"", ""compilation_warmup_status"": ""not_applicable_synchronous_cpu"", ""pre_solve_synchronization_status"": ""not_applicable_synchronous_cpu"", ""post_solve_synchronization_status"": ""not_applicable_synchronous_cpu"", ""decomposition_complete"": true, ""comparable_total"": true, ""exclusion_reason"": null}",controlled,BFGS,{},native,True,full,PRODUCTION,True,False,main-fig8-comparable-end-to-end-v2,"fresh command construction from declared inputs through terminal host phase: problem/objective initialization, acoustic transfer construction, applicable host-to-device transfer, compilation/warmup, device synchronization, native solve, and result extraction included; independent mechanical validation, cache retrieval, table export, and rendering excluded",numpy/scipy-cpu,True,,0.00035030000435654074,0.002893400000175461,N/A,N/A,N/A,26.16530259999854,N/A,4.6000059228390455e-06,7.899987394921482e-06,26.16855879999639,not_applicable_synchronous_cpu,not_applicable_synchronous_cpu,not_applicable_synchronous_cpu,not_applicable_synchronous_cpu,True,26.16855879999639,0.0,0.0,0.05,50,Figure 3 root paired initializations,GFE,GFE
GFE,Single,811008120,10.0,10000,10000,10000,32,35,-0.059043675482939977,5.5995879941093446e-08,5.5995879941093446e-08,5.5995879941093446e-08,3.506598021980039e-09,9.91818925504829e-09,True,N m^-1 rad^-1,native optimized-objective gradient,True,0,CONVERGENCE: NORM OF PROJECTED GRADIENT <= PGTOL,True,0,CONVERGENCE: NORM OF PROJECTED GRADIENT <= PGTOL,0.00429289999010507,0.00429289999010507,FESolveResult history interval; objective/transfer construction excluded; not used for cross-method ranking,000000000000080f5b899eb684441843,000000000000080f00d4e4761a0efe42,1.1142852793561358e-06,1.1142852793561358e-06,cached,C:\RINENG_COMPACT_FULL_20260920\RINENG_GFE_Standalone_Run\production_outputs\cache\production_single_run\000000000000092d0f4908c119eb0e63.pkl,C:\RINENG_COMPACT_FULL_20260920\RINENG_GFE_Standalone_Run\production_outputs\cache\production_single_run\000000000000092d0f4908c119eb0e63.pkl,gfe-final-production-v2-00000000000003f329a2,same-machine protocol record replayed from cache,"{""protocol_id"": ""main-fig8-comparable-end-to-end-v2"", ""scope"": ""fresh command construction from declared inputs through terminal host phase: problem/objective initialization, acoustic transfer construction, applicable host-to-device transfer, compilation/warmup, device synchronization, native solve, and result extraction included; independent mechanical validation, cache retrieval, table export, and rendering excluded"", ""backend"": ""numpy/scipy-cpu"", ""problem_initialization_s"": 0.00044010000419802964, ""acoustic_transfer_construction_s"": 0.003805899992585182, ""device_transfer_s"": null, ""compilation_warmup_s"": null, ""pre_solve_synchronization_s"": null, ""solve_s"": 0.005357500005629845, ""post_solve_synchronization_s"": null, ""result_extraction_s"": 3.9000005926936865e-06, ""orchestration_overhead_s"": 6.599992047995329e-06, ""total_s"": 0.009613999995053746, ""device_transfer_status"": ""not_applicable_synchronous_cpu"", ""compilation_warmup_status"": ""not_applicable_synchronous_cpu"", ""pre_solve_synchronization_status"": ""not_applicable_synchronous_cpu"", ""post_solve_synchronization_status"": ""not_applicable_synchronous_cpu"", ""decomposition_complete"": true, ""comparable_total"": true, ""exclusion_reason"": null}",controlled,L-BFGS-B,"{""ftol"": 0.0, ""maxcor"": 10, ""maxfun"": 1000000, ""maxls"": 40}",compact-single-float64-v1,True,full,PRODUCTION,True,True,main-fig8-comparable-end-to-end-v2,"fresh command construction from declared inputs through terminal host phase: problem/objective initialization, acoustic transfer construction, applicable host-to-device transfer, compilation/warmup, device synchronization, native solve, and result extraction included; independent mechanical validation, cache retrieval, table export, and rendering excluded",numpy/scipy-cpu,True,,0.00044010000419802964,0.003805899992585182,N/A,N/A,N/A,0.005357500005629845,N/A,3.9000005926936865e-06,6.599992047995329e-06,0.009613999995053746,not_applicable_synchronous_cpu,not_applicable_synchronous_cpu,not_applicable_synchronous_cpu,not_applicable_synchronous_cpu,True,0.009613999995053746,0.0,0.0,0.05,50,Figure 3 root paired initializations,GFE,GFE
Conventional,Single,280752154,0.0,10000,10000,10000,6666,8401,-53.23252020612298,610.62568697199,610.62568697199,610.62568697199,38.23886379424169,148.13557692850745,False,N m^-1 rad^-1,native optimized-objective gradient,False,2,Desired error not necessarily achieved due to precision loss.,False,2,Desired error not necessarily achieved due to precision loss.,32.00510059999942,32.00510059999942,FESolveResult history interval; objective/transfer construction excluded; not used for cross-method ranking,000000000000080f414ecde8399916d5,000000000000080f2238d1a925412621,0.0,0.0,cached,C:\RINENG_COMPACT_FULL_20260920\RINENG_GFE_Standalone_Run\production_outputs\cache\production_single_run\00000000000008a111c49836ae2addf7.pkl,C:\RINENG_COMPACT_FULL_20260920\RINENG_GFE_Standalone_Run\production_outputs\cache\production_single_run\00000000000008a111c49836ae2addf7.pkl,gfe-final-production-v2-00000000000003f329a2,same-machine protocol record replayed from cache,"{""protocol_id"": ""main-fig8-comparable-end-to-end-v2"", ""scope"": ""fresh command construction from declared inputs through terminal host phase: problem/objective initialization, acoustic transfer construction, applicable host-to-device transfer, compilation/warmup, device synchronization, native solve, and result extraction included; independent mechanical validation, cache retrieval, table export, and rendering excluded"", ""backend"": ""numpy/scipy-cpu"", ""problem_initialization_s"": 0.0003566000086721033, ""acoustic_transfer_construction_s"": 0.002796100001432933, ""device_transfer_s"": null, ""compilation_warmup_s"": null, ""pre_solve_synchronization_s"": null, ""solve_s"": 32.09119920000376, ""post_solve_synchronization_s"": null, ""result_extraction_s"": 1.2299991794861853e-05, ""orchestration_overhead_s"": 1.1900003300979733e-05, ""total_s"": 32.09437610000896, ""device_transfer_status"": ""not_applicable_synchronous_cpu"", ""compilation_warmup_status"": ""not_applicable_synchronous_cpu"", ""pre_solve_synchronization_status"": ""not_applicable_synchronous_cpu"", ""post_solve_synchronization_status"": ""not_applicable_synchronous_cpu"", ""decomposition_complete"": true, ""comparable_total"": true, ""exclusion_reason"": null}",controlled,BFGS,{},native,True,full,PRODUCTION,True,False,main-fig8-comparable-end-to-end-v2,"fresh command construction from declared inputs through terminal host phase: problem/objective initialization, acoustic transfer construction, applicable host-to-device transfer, compilation/warmup, device synchronization, native solve, and result extraction included; independent mechanical validation, cache retrieval, table export, and rendering excluded",numpy/scipy-cpu,True,,0.0003566000086721033,0.002796100001432933,N/A,N/A,N/A,32.09119920000376,N/A,1.2299991794861853e-05,1.1900003300979733e-05,32.09437610000896,not_applicable_synchronous_cpu,not_applicable_synchronous_cpu,not_applicable_synchronous_cpu,not_applicable_synchronous_cpu,True,32.09437610000896,0.0,0.0,0.05,51,Figure 3 root paired initializations,GFE,GFE
GFE,Single,280752154,10.0,10000,10000,10000,39,46,-0.05904367548464601,2.0936889831788507e-08,2.0936889831788507e-08,2.0936889831788507e-08,1.3111188992439633e-09,9.31265427254861e-09,True,N m^-1 rad^-1,native optimized-objective gradient,True,0,CONVERGENCE: NORM OF PROJECTED GRADIENT <= PGTOL,True,0,CONVERGENCE: NORM OF PROJECTED GRADIENT <= PGTOL,0.004772100000991486,0.004772100000991486,FESolveResult history interval; objective/transfer construction excluded; not used for cross-method ranking,000000000000080f3ac11f17cad92467,000000000000080f2238d1a925412621,1.1142852793561358e-06,1.1142852793561358e-06,cached,C:\RINENG_COMPACT_FULL_20260920\RINENG_GFE_Standalone_Run\production_outputs\cache\production_single_run\000000000000092dccfccf7945ba0daf.pkl,C:\RINENG_COMPACT_FULL_20260920\RINENG_GFE_Standalone_Run\production_outputs\cache\production_single_run\000000000000092dccfccf7945ba0daf.pkl,gfe-final-production-v2-00000000000003f329a2,same-machine protocol record replayed from cache,"{""protocol_id"": ""main-fig8-comparable-end-to-end-v2"", ""scope"": ""fresh command construction from declared inputs through terminal host phase: problem/objective initialization, acoustic transfer construction, applicable host-to-device transfer, compilation/warmup, device synchronization, native solve, and result extraction included; independent mechanical validation, cache retrieval, table export, and rendering excluded"", ""backend"": ""numpy/scipy-cpu"", ""problem_initialization_s"": 0.0004059000057168305, ""acoustic_transfer_construction_s"": 0.0040287000010721385, ""device_transfer_s"": null, ""compilation_warmup_s"": null, ""pre_solve_synchronization_s"": null, ""solve_s"": 0.005337900001904927, ""post_solve_synchronization_s"": null, ""result_extraction_s"": 2.3999891709536314e-06, ""orchestration_overhead_s"": 4.4000043999403715e-06, ""total_s"": 0.00977930000226479, ""device_transfer_status"": ""not_applicable_synchronous_cpu"", ""compilation_warmup_status"": ""not_applicable_synchronous_cpu"", ""pre_solve_synchronization_status"": ""not_applicable_synchronous_cpu"", ""post_solve_synchronization_status"": ""not_applicable_synchronous_cpu"", ""decomposition_complete"": true, ""comparable_total"": true, ""exclusion_reason"": null}",controlled,L-BFGS-B,"{""ftol"": 0.0, ""maxcor"": 10, ""maxfun"": 1000000, ""maxls"": 40}",compact-single-float64-v1,True,full,PRODUCTION,True,True,main-fig8-comparable-end-to-end-v2,"fresh command construction from declared inputs through terminal host phase: problem/objective initialization, acoustic transfer construction, applicable host-to-device transfer, compilation/warmup, device synchronization, native solve, and result extraction included; independent mechanical validation, cache retrieval, table export, and rendering excluded",numpy/scipy-cpu,True,,0.0004059000057168305,0.0040287000010721385,N/A,N/A,N/A,0.005337900001904927,N/A,2.3999891709536314e-06,4.4000043999403715e-06,0.00977930000226479,not_applicable_synchronous_cpu,not_applicable_synchronous_cpu,not_applicable_synchronous_cpu,not_applicable_synchronous_cpu,True,0.00977930000226479,0.0,0.0,0.05,51,Figure 3 root paired initializations,GFE,GFE
Conventional,Single,458866203,0.0,10000,10000,10000,3864,5089,-53.14614022210808,615.9385067984272,615.9385067984272,615.9385067984272,38.57156547718906,129.25272396297953,False,N m^-1 rad^-1,native optimized-objective gradient,False,2,Desired error not necessarily achieved due to precision loss.,False,2,Desired error not necessarily achieved due to precision loss.,19.595922799999244,19.595922799999244,FESolveResult history interval; objective/transfer construction excluded; not used for cross-method ranking,000000000000080f277f6b01df4502a0,000000000000080f00ec6b95e51718eb,0.0,0.0,cached,C:\RINENG_COMPACT_FULL_20260920\RINENG_GFE_Standalone_Run\production_outputs\cache\production_single_run\00000000000008a1882e2361ea6ddeca.pkl,C:\RINENG_COMPACT_FULL_20260920\RINENG_GFE_Standalone_Run\production_outputs\cache\production_single_run\00000000000008a1882e2361ea6ddeca.pkl,gfe-final-production-v2-00000000000003f329a2,same-machine protocol record replayed from cache,"{""protocol_id"": ""main-fig8-comparable-end-to-end-v2"", ""scope"": ""fresh command construction from declared inputs through terminal host phase: problem/objective initialization, acoustic transfer construction, applicable host-to-device transfer, compilation/warmup, device synchronization, native solve, and result extraction included; independent mechanical validation, cache retrieval, table export, and rendering excluded"", ""backend"": ""numpy/scipy-cpu"", ""problem_initialization_s"": 0.00042290000419598073, ""acoustic_transfer_construction_s"": 0.0026421999937156215, ""device_transfer_s"": null, ""compilation_warmup_s"": null, ""pre_solve_synchronization_s"": null, ""solve_s"": 19.632049399995594, ""post_solve_synchronization_s"": null, ""result_extraction_s"": 5.599998985417187e-06, ""orchestration_overhead_s"": 6.600006599910557e-06, ""total_s"": 19.63512669999909, ""device_transfer_status"": ""not_applicable_synchronous_cpu"", ""compilation_warmup_status"": ""not_applicable_synchronous_cpu"", ""pre_solve_synchronization_status"": ""not_applicable_synchronous_cpu"", ""post_solve_synchronization_status"": ""not_applicable_synchronous_cpu"", ""decomposition_complete"": true, ""comparable_total"": true, ""exclusion_reason"": null}",controlled,BFGS,{},native,True,full,PRODUCTION,True,False,main-fig8-comparable-end-to-end-v2,"fresh command construction from declared inputs through terminal host phase: problem/objective initialization, acoustic transfer construction, applicable host-to-device transfer, compilation/warmup, device synchronization, native solve, and result extraction included; independent mechanical validation, cache retrieval, table export, and rendering excluded",numpy/scipy-cpu,True,,0.00042290000419598073,0.0026421999937156215,N/A,N/A,N/A,19.632049399995594,N/A,5.599998985417187e-06,6.600006599910557e-06,19.63512669999909,not_applicable_synchronous_cpu,not_applicable_synchronous_cpu,not_applicable_synchronous_cpu,not_applicable_synchronous_cpu,True,19.63512669999909,0.0,0.0,0.05,52,Figure 3 root paired initializations,GFE,GFE
GFE,Single,458866203,10.0,10000,10000,10000,37,40,-0.059043675484919365,1.4752651026235626e-08,1.4752651026235626e-08,1.4752651026235626e-08,9.238468430531008e-10,4.388937240984851e-09,True,N m^-1 rad^-1,native optimized-objective gradient,True,0,CONVERGENCE: NORM OF PROJECTED GRADIENT <= PGTOL,True,0,CONVERGENCE: NORM OF PROJECTED GRADIENT <= PGTOL,0.005005900005926378,0.005005900005926378,FESolveResult history interval; objective/transfer construction excluded; not used for cross-method ranking,000000000000080fec9c6276004d11d2,000000000000080f00ec6b95e51718eb,1.1142852793561358e-06,1.1142852793561358e-06,cached,C:\RINENG_COMPACT_FULL_20260920\RINENG_GFE_Standalone_Run\production_outputs\cache\production_single_run\000000000000092da45488e495050e82.pkl,C:\RINENG_COMPACT_FULL_20260920\RINENG_GFE_Standalone_Run\production_outputs\cache\production_single_run\000000000000092da45488e495050e82.pkl,gfe-final-production-v2-00000000000003f329a2,same-machine protocol record replayed from cache,"{""protocol_id"": ""main-fig8-comparable-end-to-end-v2"", ""scope"": ""fresh command construction from declared inputs through terminal host phase: problem/objective initialization, acoustic transfer construction, applicable host-to-device transfer, compilation/warmup, device synchronization, native solve, and result extraction included; independent mechanical validation, cache retrieval, table export, and rendering excluded"", ""backend"": ""numpy/scipy-cpu"", ""problem_initialization_s"": 0.0006240999937290326, ""acoustic_transfer_construction_s"": 0.004132400004891679, ""device_transfer_s"": null, ""compilation_warmup_s"": null, ""pre_solve_synchronization_s"": null, ""solve_s"": 0.005492399999639019, ""post_solve_synchronization_s"": null, ""result_extraction_s"": 2.0000006770715117e-06, ""orchestration_overhead_s"": 6.300004315562546e-06, ""total_s"": 0.010257200003252365, ""device_transfer_status"": ""not_applicable_synchronous_cpu"", ""compilation_warmup_status"": ""not_applicable_synchronous_cpu"", ""pre_solve_synchronization_status"": ""not_applicable_synchronous_cpu"", ""post_solve_synchronization_status"": ""not_applicable_synchronous_cpu"", ""decomposition_complete"": true, ""comparable_total"": true, ""exclusion_reason"": null}",controlled,L-BFGS-B,"{""ftol"": 0.0, ""maxcor"": 10, ""maxfun"": 1000000, ""maxls"": 40}",compact-single-float64-v1,True,full,PRODUCTION,True,True,main-fig8-comparable-end-to-end-v2,"fresh command construction from declared inputs through terminal host phase: problem/objective initialization, acoustic transfer construction, applicable host-to-device transfer, compilation/warmup, device synchronization, native solve, and result extraction included; independent mechanical validation, cache retrieval, table export, and rendering excluded",numpy/scipy-cpu,True,,0.0006240999937290326,0.004132400004891679,N/A,N/A,N/A,0.005492399999639019,N/A,2.0000006770715117e-06,6.300004315562546e-06,0.010257200003252365,not_applicable_synchronous_cpu,not_applicable_synchronous_cpu,not_applicable_synchronous_cpu,not_applicable_synchronous_cpu,True,0.010257200003252365,0.0,0.0,0.05,52,Figure 3 root paired initializations,GFE,GFE
Conventional,Single,1989918379,0.0,10000,10000,10000,9508,11787,-53.25151813688838,638.5613921106815,638.5613921106815,638.5613921106815,39.98826550888577,156.3001056634834,False,N m^-1 rad^-1,native optimized-objective gradient,False,2,Desired error not necessarily achieved due to precision loss.,False,2,Desired error not necessarily achieved due to precision loss.,45.00032110000029,45.00032110000029,FESolveResult history interval; objective/transfer construction excluded; not used for cross-method ranking,000000000000080f6233e0cf98120cdf,000000000000080ffc1c1eadf42dfd81,0.0,0.0,cached,C:\RINENG_COMPACT_FULL_20260920\RINENG_GFE_Standalone_Run\production_outputs\cache\production_single_run\00000000000008a25bd1ad484e9ddfcb.pkl,C:\RINENG_COMPACT_FULL_20260920\RINENG_GFE_Standalone_Run\production_outputs\cache\production_single_run\00000000000008a25bd1ad484e9ddfcb.pkl,gfe-final-production-v2-00000000000003f329a2,same-machine protocol record replayed from cache,"{""protocol_id"": ""main-fig8-comparable-end-to-end-v2"", ""scope"": ""fresh command construction from declared inputs through terminal host phase: problem/objective initialization, acoustic transfer construction, applicable host-to-device transfer, compilation/warmup, device synchronization, native solve, and result extraction included; independent mechanical validation, cache retrieval, table export, and rendering excluded"", ""backend"": ""numpy/scipy-cpu"", ""problem_initialization_s"": 0.0003600999916670844, ""acoustic_transfer_construction_s"": 0.003070899998419918, ""device_transfer_s"": null, ""compilation_warmup_s"": null, ""pre_solve_synchronization_s"": null, ""solve_s"": 45.08435449999524, ""post_solve_synchronization_s"": null, ""result_extraction_s"": 5.900001269765198e-06, ""orchestration_overhead_s"": 7.000009645707905e-06, ""total_s"": 45.087798399996245, ""device_transfer_status"": ""not_applicable_synchronous_cpu"", ""compilation_warmup_status"": ""not_applicable_synchronous_cpu"", ""pre_solve_synchronization_status"": ""not_applicable_synchronous_cpu"", ""post_solve_synchronization_status"": ""not_applicable_synchronous_cpu"", ""decomposition_complete"": true, ""comparable_total"": true, ""exclusion_reason"": null}",controlled,BFGS,{},native,True,full,PRODUCTION,True,False,main-fig8-comparable-end-to-end-v2,"fresh command construction from declared inputs through terminal host phase: problem/objective initialization, acoustic transfer construction, applicable host-to-device transfer, compilation/warmup, device synchronization, native solve, and result extraction included; independent mechanical validation, cache retrieval, table export, and rendering excluded",numpy/scipy-cpu,True,,0.0003600999916670844,0.003070899998419918,N/A,N/A,N/A,45.08435449999524,N/A,5.900001269765198e-06,7.000009645707905e-06,45.087798399996245,not_applicable_synchronous_cpu,not_applicable_synchronous_cpu,not_applicable_synchronous_cpu,not_applicable_synchronous_cpu,True,45.087798399996245,0.0,0.0,0.05,53,Figure 3 root paired initializations,GFE,GFE
GFE,Single,1989918379,10.0,10000,10000,10000,49,66,-0.059043675484391996,2.0068511941507348e-08,2.0068511941507348e-08,2.0068511941507348e-08,1.2567389663704296e-09,8.375329448780642e-09,True,N m^-1 rad^-1,native optimized-objective gradient,True,0,CONVERGENCE: NORM OF PROJECTED GRADIENT <= PGTOL,True,0,CONVERGENCE: NORM OF PROJECTED GRADIENT <= PGTOL,0.007539800004451536,0.007539800004451536,FESolveResult history interval; objective/transfer construction excluded; not used for cross-method ranking,000000000000080f97740fc6306f2cb1,000000000000080ffc1c1eadf42dfd81,1.1142852793561358e-06,1.1142852793561358e-06,cached,C:\RINENG_COMPACT_FULL_20260920\RINENG_GFE_Standalone_Run\production_outputs\cache\production_single_run\000000000000092ea3afdf873a660f83.pkl,C:\RINENG_COMPACT_FULL_20260920\RINENG_GFE_Standalone_Run\production_outputs\cache\production_single_run\000000000000092ea3afdf873a660f83.pkl,gfe-final-production-v2-00000000000003f329a2,same-machine protocol record replayed from cache,"{""protocol_id"": ""main-fig8-comparable-end-to-end-v2"", ""scope"": ""fresh command construction from declared inputs through terminal host phase: problem/objective initialization, acoustic transfer construction, applicable host-to-device transfer, compilation/warmup, device synchronization, native solve, and result extraction included; independent mechanical validation, cache retrieval, table export, and rendering excluded"", ""backend"": ""numpy/scipy-cpu"", ""problem_initialization_s"": 0.00039709999691694975, ""acoustic_transfer_construction_s"": 0.00584050000179559, ""device_transfer_s"": null, ""compilation_warmup_s"": null, ""pre_solve_synchronization_s"": null, ""solve_s"": 0.00817559999995865, ""post_solve_synchronization_s"": null, ""result_extraction_s"": 3.2999960239976645e-06, ""orchestration_overhead_s"": 6.800008122809231e-06, ""total_s"": 0.014423300002817996, ""device_transfer_status"": ""not_applicable_synchronous_cpu"", ""compilation_warmup_status"": ""not_applicable_synchronous_cpu"", ""pre_solve_synchronization_status"": ""not_applicable_synchronous_cpu"", ""post_solve_synchronization_status"": ""not_applicable_synchronous_cpu"", ""decomposition_complete"": true, ""comparable_total"": true, ""exclusion_reason"": null}",controlled,L-BFGS-B,"{""ftol"": 0.0, ""maxcor"": 10, ""maxfun"": 1000000, ""maxls"": 40}",compact-single-float64-v1,True,full,PRODUCTION,True,True,main-fig8-comparable-end-to-end-v2,"fresh command construction from declared inputs through terminal host phase: problem/objective initialization, acoustic transfer construction, applicable host-to-device transfer, compilation/warmup, device synchronization, native solve, and result extraction included; independent mechanical validation, cache retrieval, table export, and rendering excluded",numpy/scipy-cpu,True,,0.00039709999691694975,0.00584050000179559,N/A,N/A,N/A,0.00817559999995865,N/A,3.2999960239976645e-06,6.800008122809231e-06,0.014423300002817996,not_applicable_synchronous_cpu,not_applicable_synchronous_cpu,not_applicable_synchronous_cpu,not_applicable_synchronous_cpu,True,0.014423300002817996,0.0,0.0,0.05,53,Figure 3 root paired initializations,GFE,GFE
Conventional,Single,1619627524,0.0,10000,10000,10000,6847,8519,-53.915122345237734,679.629936416308,679.629936416308,679.629936416308,42.560077513254775,156.6513483185648,False,N m^-1 rad^-1,native optimized-objective gradient,False,2,Desired error not necessarily achieved due to precision loss.,False,2,Desired error not necessarily achieved due to precision loss.,33.24026390000654,33.24026390000654,FESolveResult history interval; objective/transfer construction excluded; not used for cross-method ranking,000000000000080f47771a8a1f6c12a0,000000000000080f3e18f76005d42350,0.0,0.0,cached,C:\RINENG_COMPACT_FULL_20260920\RINENG_GFE_Standalone_Run\production_outputs\cache\production_single_run\00000000000008a2029eb305e8adde66.pkl,C:\RINENG_COMPACT_FULL_20260920\RINENG_GFE_Standalone_Run\production_outputs\cache\production_single_run\00000000000008a2029eb305e8adde66.pkl,gfe-final-production-v2-00000000000003f329a2,same-machine protocol record replayed from cache,"{""protocol_id"": ""main-fig8-comparable-end-to-end-v2"", ""scope"": ""fresh command construction from declared inputs through terminal host phase: problem/objective initialization, acoustic transfer construction, applicable host-to-device transfer, compilation/warmup, device synchronization, native solve, and result extraction included; independent mechanical validation, cache retrieval, table export, and rendering excluded"", ""backend"": ""numpy/scipy-cpu"", ""problem_initialization_s"": 0.0003546000079950318, ""acoustic_transfer_construction_s"": 0.0026080000097863376, ""device_transfer_s"": null, ""compilation_warmup_s"": null, ""pre_solve_synchronization_s"": null, ""solve_s"": 33.30425309999555, ""post_solve_synchronization_s"": null, ""result_extraction_s"": 4.599991370923817e-06, ""orchestration_overhead_s"": 6.399990525096655e-06, ""total_s"": 33.307226699995226, ""device_transfer_status"": ""not_applicable_synchronous_cpu"", ""compilation_warmup_status"": ""not_applicable_synchronous_cpu"", ""pre_solve_synchronization_status"": ""not_applicable_synchronous_cpu"", ""post_solve_synchronization_status"": ""not_applicable_synchronous_cpu"", ""decomposition_complete"": true, ""comparable_total"": true, ""exclusion_reason"": null}",controlled,BFGS,{},native,True,full,PRODUCTION,True,False,main-fig8-comparable-end-to-end-v2,"fresh command construction from declared inputs through terminal host phase: problem/objective initialization, acoustic transfer construction, applicable host-to-device transfer, compilation/warmup, device synchronization, native solve, and result extraction included; independent mechanical validation, cache retrieval, table export, and rendering excluded",numpy/scipy-cpu,True,,0.0003546000079950318,0.0026080000097863376,N/A,N/A,N/A,33.30425309999555,N/A,4.599991370923817e-06,6.399990525096655e-06,33.307226699995226,not_applicable_synchronous_cpu,not_applicable_synchronous_cpu,not_applicable_synchronous_cpu,not_applicable_synchronous_cpu,True,33.307226699995226,0.0,0.0,0.05,54,Figure 3 root paired initializations,GFE,GFE
GFE,Single,1619627524,10.0,10000,10000,10000,32,38,-0.05904367548505997,1.4381701174411082e-08,1.4381701174411082e-08,1.4381701174411082e-08,9.006170622544042e-10,6.2364354732347865e-09,True,N m^-1 rad^-1,native optimized-objective gradient,True,0,CONVERGENCE: NORM OF PROJECTED GRADIENT <= PGTOL,True,0,CONVERGENCE: NORM OF PROJECTED GRADIENT <= PGTOL,0.010501999990083277,0.010501999990083277,FESolveResult history interval; objective/transfer construction excluded; not used for cross-method ranking,000000000000080f9e9f41e186861718,000000000000080f3e18f76005d42350,1.1142852793561358e-06,1.1142852793561358e-06,cached,C:\RINENG_COMPACT_FULL_20260920\RINENG_GFE_Standalone_Run\production_outputs\cache\production_single_run\000000000000092ebf6c786ab4f60e1e.pkl,C:\RINENG_COMPACT_FULL_20260920\RINENG_GFE_Standalone_Run\production_outputs\cache\production_single_run\000000000000092ebf6c786ab4f60e1e.pkl,gfe-final-production-v2-00000000000003f329a2,same-machine protocol record replayed from cache,"{""protocol_id"": ""main-fig8-comparable-end-to-end-v2"", ""scope"": ""fresh command construction from declared inputs through terminal host phase: problem/objective initialization, acoustic transfer construction, applicable host-to-device transfer, compilation/warmup, device synchronization, native solve, and result extraction included; independent mechanical validation, cache retrieval, table export, and rendering excluded"", ""backend"": ""numpy/scipy-cpu"", ""problem_initialization_s"": 0.0008663999906275421, ""acoustic_transfer_construction_s"": 0.006562999988091178, ""device_transfer_s"": null, ""compilation_warmup_s"": null, ""pre_solve_synchronization_s"": null, ""solve_s"": 0.011559299993677996, ""post_solve_synchronization_s"": null, ""result_extraction_s"": 3.6999990697950125e-06, ""orchestration_overhead_s"": 9.200040949508548e-06, ""total_s"": 0.01900160001241602, ""device_transfer_status"": ""not_applicable_synchronous_cpu"", ""compilation_warmup_status"": ""not_applicable_synchronous_cpu"", ""pre_solve_synchronization_status"": ""not_applicable_synchronous_cpu"", ""post_solve_synchronization_status"": ""not_applicable_synchronous_cpu"", ""decomposition_complete"": true, ""comparable_total"": true, ""exclusion_reason"": null}",controlled,L-BFGS-B,"{""ftol"": 0.0, ""maxcor"": 10, ""maxfun"": 1000000, ""maxls"": 40}",compact-single-float64-v1,True,full,PRODUCTION,True,True,main-fig8-comparable-end-to-end-v2,"fresh command construction from declared inputs through terminal host phase: problem/objective initialization, acoustic transfer construction, applicable host-to-device transfer, compilation/warmup, device synchronization, native solve, and result extraction included; independent mechanical validation, cache retrieval, table export, and rendering excluded",numpy/scipy-cpu,True,,0.0008663999906275421,0.006562999988091178,N/A,N/A,N/A,0.011559299993677996,N/A,3.6999990697950125e-06,9.200040949508548e-06,0.01900160001241602,not_applicable_synchronous_cpu,not_applicable_synchronous_cpu,not_applicable_synchronous_cpu,not_applicable_synchronous_cpu,True,0.01900160001241602,0.0,0.0,0.05,54,Figure 3 root paired initializations,GFE,GFE
Conventional,Single,1148285422,0.0,10000,10000,10000,5993,7544,-54.37733526978506,721.7566636431592,721.7566636431592,721.7566636431592,45.19815550259201,136.50160119570108,False,N m^-1 rad^-1,native optimized-objective gradient,False,2,Desired error not necessarily achieved due to precision loss.,False,2,Desired error not necessarily achieved due to precision loss.,28.724369300005492,28.724369300005492,FESolveResult history interval; objective/transfer construction excluded; not used for cross-method ranking,000000000000080feeade9f230e6127a,000000000000080f9f9f5d05cdaf1624,0.0,0.0,cached,C:\RINENG_COMPACT_FULL_20260920\RINENG_GFE_Standalone_Run\production_outputs\cache\production_single_run\00000000000008a226976cad11ccdf2c.pkl,C:\RINENG_COMPACT_FULL_20260920\RINENG_GFE_Standalone_Run\production_outputs\cache\production_single_run\00000000000008a226976cad11ccdf2c.pkl,gfe-final-production-v2-00000000000003f329a2,same-machine protocol record replayed from cache,"{""protocol_id"": ""main-fig8-comparable-end-to-end-v2"", ""scope"": ""fresh command construction from declared inputs through terminal host phase: problem/objective initialization, acoustic transfer construction, applicable host-to-device transfer, compilation/warmup, device synchronization, native solve, and result extraction included; independent mechanical validation, cache retrieval, table export, and rendering excluded"", ""backend"": ""numpy/scipy-cpu"", ""problem_initialization_s"": 0.00043139999615959823, ""acoustic_transfer_construction_s"": 0.002582300003268756, ""device_transfer_s"": null, ""compilation_warmup_s"": null, ""pre_solve_synchronization_s"": null, ""solve_s"": 28.777831200000946, ""post_solve_synchronization_s"": null, ""result_extraction_s"": 5.099995178170502e-06, ""orchestration_overhead_s"": 6.700007361359894e-06, ""total_s"": 28.780856700002914, ""device_transfer_status"": ""not_applicable_synchronous_cpu"", ""compilation_warmup_status"": ""not_applicable_synchronous_cpu"", ""pre_solve_synchronization_status"": ""not_applicable_synchronous_cpu"", ""post_solve_synchronization_status"": ""not_applicable_synchronous_cpu"", ""decomposition_complete"": true, ""comparable_total"": true, ""exclusion_reason"": null}",controlled,BFGS,{},native,True,full,PRODUCTION,True,False,main-fig8-comparable-end-to-end-v2,"fresh command construction from declared inputs through terminal host phase: problem/objective initialization, acoustic transfer construction, applicable host-to-device transfer, compilation/warmup, device synchronization, native solve, and result extraction included; independent mechanical validation, cache retrieval, table export, and rendering excluded",numpy/scipy-cpu,True,,0.00043139999615959823,0.002582300003268756,N/A,N/A,N/A,28.777831200000946,N/A,5.099995178170502e-06,6.700007361359894e-06,28.780856700002914,not_applicable_synchronous_cpu,not_applicable_synchronous_cpu,not_applicable_synchronous_cpu,not_applicable_synchronous_cpu,True,28.780856700002914,0.0,0.0,0.05,55,Figure 3 root paired initializations,GFE,GFE
GFE,Single,1148285422,10.0,10000,10000,10000,39,45,-0.05904367548362872,3.952929803985937e-08,3.952929803985937e-08,3.952929803985937e-08,2.4754206642104525e-09,9.582668898461003e-09,True,N m^-1 rad^-1,native optimized-objective gradient,True,0,CONVERGENCE: NORM OF PROJECTED GRADIENT <= PGTOL,True,0,CONVERGENCE: NORM OF PROJECTED GRADIENT <= PGTOL,0.004896999991615303,0.004896999991615303,FESolveResult history interval; objective/transfer construction excluded; not used for cross-method ranking,000000000000080f8ea80f3ba863131f,000000000000080f9f9f5d05cdaf1624,1.1142852793561358e-06,1.1142852793561358e-06,cached,C:\RINENG_COMPACT_FULL_20260920\RINENG_GFE_Standalone_Run\production_outputs\cache\production_single_run\000000000000092e7cb50bf7f1260ee4.pkl,C:\RINENG_COMPACT_FULL_20260920\RINENG_GFE_Standalone_Run\production_outputs\cache\production_single_run\000000000000092e7cb50bf7f1260ee4.pkl,gfe-final-production-v2-00000000000003f329a2,same-machine protocol record replayed from cache,"{""protocol_id"": ""main-fig8-comparable-end-to-end-v2"", ""scope"": ""fresh command construction from declared inputs through terminal host phase: problem/objective initialization, acoustic transfer construction, applicable host-to-device transfer, compilation/warmup, device synchronization, native solve, and result extraction included; independent mechanical validation, cache retrieval, table export, and rendering excluded"", ""backend"": ""numpy/scipy-cpu"", ""problem_initialization_s"": 0.0005914999928791076, ""acoustic_transfer_construction_s"": 0.0037123999936738983, ""device_transfer_s"": null, ""compilation_warmup_s"": null, ""pre_solve_synchronization_s"": null, ""solve_s"": 0.005444599999464117, ""post_solve_synchronization_s"": null, ""result_extraction_s"": 2.1000014385208488e-06, ""orchestration_overhead_s"": 4.6000059228390455e-06, ""total_s"": 0.009755199993378483, ""device_transfer_status"": ""not_applicable_synchronous_cpu"", ""compilation_warmup_status"": ""not_applicable_synchronous_cpu"", ""pre_solve_synchronization_status"": ""not_applicable_synchronous_cpu"", ""post_solve_synchronization_status"": ""not_applicable_synchronous_cpu"", ""decomposition_complete"": true, ""comparable_total"": true, ""exclusion_reason"": null}",controlled,L-BFGS-B,"{""ftol"": 0.0, ""maxcor"": 10, ""maxfun"": 1000000, ""maxls"": 40}",compact-single-float64-v1,True,full,PRODUCTION,True,True,main-fig8-comparable-end-to-end-v2,"fresh command construction from declared inputs through terminal host phase: problem/objective initialization, acoustic transfer construction, applicable host-to-device transfer, compilation/warmup, device synchronization, native solve, and result extraction included; independent mechanical validation, cache retrieval, table export, and rendering excluded",numpy/scipy-cpu,True,,0.0005914999928791076,0.0037123999936738983,N/A,N/A,N/A,0.005444599999464117,N/A,2.1000014385208488e-06,4.6000059228390455e-06,0.009755199993378483,not_applicable_synchronous_cpu,not_applicable_synchronous_cpu,not_applicable_synchronous_cpu,not_applicable_synchronous_cpu,True,0.009755199993378483,0.0,0.0,0.05,55,Figure 3 root paired initializations,GFE,GFE
Conventional,Single,853057932,0.0,10000,10000,10000,5378,6883,-54.226341793024005,675.4923431727503,675.4923431727503,675.4923431727503,42.30097137368021,154.22531753726616,False,N m^-1 rad^-1,native optimized-objective gradient,False,2,Desired error not necessarily achieved due to precision loss.,False,2,Desired error not necessarily achieved due to precision loss.,26.508677699996042,26.508677699996042,FESolveResult history interval; objective/transfer construction excluded; not used for cross-method ranking,000000000000080f9de83996428b0f95,000000000000080f34ff1052dc5d18fb,0.0,0.0,cached,C:\RINENG_COMPACT_FULL_20260920\RINENG_GFE_Standalone_Run\production_outputs\cache\production_single_run\00000000000008a1e4f18da03fd2def6.pkl,C:\RINENG_COMPACT_FULL_20260920\RINENG_GFE_Standalone_Run\production_outputs\cache\production_single_run\00000000000008a1e4f18da03fd2def6.pkl,gfe-final-production-v2-00000000000003f329a2,same-machine protocol record replayed from cache,"{""protocol_id"": ""main-fig8-comparable-end-to-end-v2"", ""scope"": ""fresh command construction from declared inputs through terminal host phase: problem/objective initialization, acoustic transfer construction, applicable host-to-device transfer, compilation/warmup, device synchronization, native solve, and result extraction included; independent mechanical validation, cache retrieval, table export, and rendering excluded"", ""backend"": ""numpy/scipy-cpu"", ""problem_initialization_s"": 0.00038470000436063856, ""acoustic_transfer_construction_s"": 0.002554000006057322, ""device_transfer_s"": null, ""compilation_warmup_s"": null, ""pre_solve_synchronization_s"": null, ""solve_s"": 26.557700000004843, ""post_solve_synchronization_s"": null, ""result_extraction_s"": 6.000002031214535e-06, ""orchestration_overhead_s"": 5.699985194951296e-06, ""total_s"": 26.560650400002487, ""device_transfer_status"": ""not_applicable_synchronous_cpu"", ""compilation_warmup_status"": ""not_applicable_synchronous_cpu"", ""pre_solve_synchronization_status"": ""not_applicable_synchronous_cpu"", ""post_solve_synchronization_status"": ""not_applicable_synchronous_cpu"", ""decomposition_complete"": true, ""comparable_total"": true, ""exclusion_reason"": null}",controlled,BFGS,{},native,True,full,PRODUCTION,True,False,main-fig8-comparable-end-to-end-v2,"fresh command construction from declared inputs through terminal host phase: problem/objective initialization, acoustic transfer construction, applicable host-to-device transfer, compilation/warmup, device synchronization, native solve, and result extraction included; independent mechanical validation, cache retrieval, table export, and rendering excluded",numpy/scipy-cpu,True,,0.00038470000436063856,0.002554000006057322,N/A,N/A,N/A,26.557700000004843,N/A,6.000002031214535e-06,5.699985194951296e-06,26.560650400002487,not_applicable_synchronous_cpu,not_applicable_synchronous_cpu,not_applicable_synchronous_cpu,not_applicable_synchronous_cpu,True,26.560650400002487,0.0,0.0,0.05,56,Figure 3 root paired initializations,GFE,GFE
GFE,Single,853057932,10.0,10000,10000,10000,39,46,-0.059043675484858796,2.259477064056923e-08,2.259477064056923e-08,2.259477064056923e-08,1.4149394226622016e-09,4.690125223840727e-09,True,N m^-1 rad^-1,native optimized-objective gradient,True,0,CONVERGENCE: NORM OF PROJECTED GRADIENT <= PGTOL,True,0,CONVERGENCE: NORM OF PROJECTED GRADIENT <= PGTOL,0.005143699992913753,0.005143699992913753,FESolveResult history interval; objective/transfer construction excluded; not used for cross-method ranking,000000000000080f42de010b702d144c,000000000000080f34ff1052dc5d18fb,1.1142852793561358e-06,1.1142852793561358e-06,cached,C:\RINENG_COMPACT_FULL_20260920\RINENG_GFE_Standalone_Run\production_outputs\cache\production_single_run\000000000000092dd6cf4d43ee7b0eae.pkl,C:\RINENG_COMPACT_FULL_20260920\RINENG_GFE_Standalone_Run\production_outputs\cache\production_single_run\000000000000092dd6cf4d43ee7b0eae.pkl,gfe-final-production-v2-00000000000003f329a2,same-machine protocol record replayed from cache,"{""protocol_id"": ""main-fig8-comparable-end-to-end-v2"", ""scope"": ""fresh command construction from declared inputs through terminal host phase: problem/objective initialization, acoustic transfer construction, applicable host-to-device transfer, compilation/warmup, device synchronization, native solve, and result extraction included; independent mechanical validation, cache retrieval, table export, and rendering excluded"", ""backend"": ""numpy/scipy-cpu"", ""problem_initialization_s"": 0.00043680000817403197, ""acoustic_transfer_construction_s"": 0.003937699992093258, ""device_transfer_s"": null, ""compilation_warmup_s"": null, ""pre_solve_synchronization_s"": null, ""solve_s"": 0.005625299992971122, ""post_solve_synchronization_s"": null, ""result_extraction_s"": 1.7999991541728377e-06, ""orchestration_overhead_s"": 4.8000074457377195e-06, ""total_s"": 0.010006399999838322, ""device_transfer_status"": ""not_applicable_synchronous_cpu"", ""compilation_warmup_status"": ""not_applicable_synchronous_cpu"", ""pre_solve_synchronization_status"": ""not_applicable_synchronous_cpu"", ""post_solve_synchronization_status"": ""not_applicable_synchronous_cpu"", ""decomposition_complete"": true, ""comparable_total"": true, ""exclusion_reason"": null}",controlled,L-BFGS-B,"{""ftol"": 0.0, ""maxcor"": 10, ""maxfun"": 1000000, ""maxls"": 40}",compact-single-float64-v1,True,full,PRODUCTION,True,True,main-fig8-comparable-end-to-end-v2,"fresh command construction from declared inputs through terminal host phase: problem/objective initialization, acoustic transfer construction, applicable host-to-device transfer, compilation/warmup, device synchronization, native solve, and result extraction included; independent mechanical validation, cache retrieval, table export, and rendering excluded",numpy/scipy-cpu,True,,0.00043680000817403197,0.003937699992093258,N/A,N/A,N/A,0.005625299992971122,N/A,1.7999991541728377e-06,4.8000074457377195e-06,0.010006399999838322,not_applicable_synchronous_cpu,not_applicable_synchronous_cpu,not_applicable_synchronous_cpu,not_applicable_synchronous_cpu,True,0.010006399999838322,0.0,0.0,0.05,56,Figure 3 root paired initializations,GFE,GFE
Conventional,Single,305001091,0.0,10000,10000,10000,5024,6415,-54.21661115002834,674.5143273332056,674.5143273332056,674.5143273332056,42.23972564610132,156.8828661164735,False,N m^-1 rad^-1,native optimized-objective gradient,False,2,Desired error not necessarily achieved due to precision loss.,False,2,Desired error not necessarily achieved due to precision loss.,24.395060299997567,24.395060299997567,FESolveResult history interval; objective/transfer construction excluded; not used for cross-method ranking,000000000000080f7eb9f11661321246,000000000000080fac0559722d6f16c8,0.0,0.0,cached,C:\RINENG_COMPACT_FULL_20260920\RINENG_GFE_Standalone_Run\production_outputs\cache\production_single_run\00000000000008a1b6eddb3664abde87.pkl,C:\RINENG_COMPACT_FULL_20260920\RINENG_GFE_Standalone_Run\production_outputs\cache\production_single_run\00000000000008a1b6eddb3664abde87.pkl,gfe-final-production-v2-00000000000003f329a2,same-machine protocol record replayed from cache,"{""protocol_id"": ""main-fig8-comparable-end-to-end-v2"", ""scope"": ""fresh command construction from declared inputs through terminal host phase: problem/objective initialization, acoustic transfer construction, applicable host-to-device transfer, compilation/warmup, device synchronization, native solve, and result extraction included; independent mechanical validation, cache retrieval, table export, and rendering excluded"", ""backend"": ""numpy/scipy-cpu"", ""problem_initialization_s"": 0.00034020000020973384, ""acoustic_transfer_construction_s"": 0.0033144000044558197, ""device_transfer_s"": null, ""compilation_warmup_s"": null, ""pre_solve_synchronization_s"": null, ""solve_s"": 24.44081770000048, ""post_solve_synchronization_s"": null, ""result_extraction_s"": 4.899993655271828e-06, ""orchestration_overhead_s"": 7.499998901039362e-06, ""total_s"": 24.4444846999977, ""device_transfer_status"": ""not_applicable_synchronous_cpu"", ""compilation_warmup_status"": ""not_applicable_synchronous_cpu"", ""pre_solve_synchronization_status"": ""not_applicable_synchronous_cpu"", ""post_solve_synchronization_status"": ""not_applicable_synchronous_cpu"", ""decomposition_complete"": true, ""comparable_total"": true, ""exclusion_reason"": null}",controlled,BFGS,{},native,True,full,PRODUCTION,True,False,main-fig8-comparable-end-to-end-v2,"fresh command construction from declared inputs through terminal host phase: problem/objective initialization, acoustic transfer construction, applicable host-to-device transfer, compilation/warmup, device synchronization, native solve, and result extraction included; independent mechanical validation, cache retrieval, table export, and rendering excluded",numpy/scipy-cpu,True,,0.00034020000020973384,0.0033144000044558197,N/A,N/A,N/A,24.44081770000048,N/A,4.899993655271828e-06,7.499998901039362e-06,24.4444846999977,not_applicable_synchronous_cpu,not_applicable_synchronous_cpu,not_applicable_synchronous_cpu,not_applicable_synchronous_cpu,True,24.4444846999977,0.0,0.0,0.05,57,Figure 3 root paired initializations,GFE,GFE
GFE,Single,305001091,10.0,10000,10000,10000,32,41,-0.059043675485143894,5.786850561741568e-09,5.786850561741568e-09,5.786850561741568e-09,3.6238663906423125e-10,1.4245771845209667e-09,True,N m^-1 rad^-1,native optimized-objective gradient,True,0,CONVERGENCE: NORM OF PROJECTED GRADIENT <= PGTOL,True,0,CONVERGENCE: NORM OF PROJECTED GRADIENT <= PGTOL,0.003831099995295517,0.003831099995295517,FESolveResult history interval; objective/transfer construction excluded; not used for cross-method ranking,000000000000080f2c8973a485a0115f,000000000000080fac0559722d6f16c8,1.1142852793561358e-06,1.1142852793561358e-06,cached,C:\RINENG_COMPACT_FULL_20260920\RINENG_GFE_Standalone_Run\production_outputs\cache\production_single_run\000000000000092d035c9e200b230e3f.pkl,C:\RINENG_COMPACT_FULL_20260920\RINENG_GFE_Standalone_Run\production_outputs\cache\production_single_run\000000000000092d035c9e200b230e3f.pkl,gfe-final-production-v2-00000000000003f329a2,same-machine protocol record replayed from cache,"{""protocol_id"": ""main-fig8-comparable-end-to-end-v2"", ""scope"": ""fresh command construction from declared inputs through terminal host phase: problem/objective initialization, acoustic transfer construction, applicable host-to-device transfer, compilation/warmup, device synchronization, native solve, and result extraction included; independent mechanical validation, cache retrieval, table export, and rendering excluded"", ""backend"": ""numpy/scipy-cpu"", ""problem_initialization_s"": 0.000724199999240227, ""acoustic_transfer_construction_s"": 0.00569819999509491, ""device_transfer_s"": null, ""compilation_warmup_s"": null, ""pre_solve_synchronization_s"": null, ""solve_s"": 0.004305299997213297, ""post_solve_synchronization_s"": null, ""result_extraction_s"": 3.40001133736223e-06, ""orchestration_overhead_s"": 9.2999980552122e-06, ""total_s"": 0.010740400000941008, ""device_transfer_status"": ""not_applicable_synchronous_cpu"", ""compilation_warmup_status"": ""not_applicable_synchronous_cpu"", ""pre_solve_synchronization_status"": ""not_applicable_synchronous_cpu"", ""post_solve_synchronization_status"": ""not_applicable_synchronous_cpu"", ""decomposition_complete"": true, ""comparable_total"": true, ""exclusion_reason"": null}",controlled,L-BFGS-B,"{""ftol"": 0.0, ""maxcor"": 10, ""maxfun"": 1000000, ""maxls"": 40}",compact-single-float64-v1,True,full,PRODUCTION,True,True,main-fig8-comparable-end-to-end-v2,"fresh command construction from declared inputs through terminal host phase: problem/objective initialization, acoustic transfer construction, applicable host-to-device transfer, compilation/warmup, device synchronization, native solve, and result extraction included; independent mechanical validation, cache retrieval, table export, and rendering excluded",numpy/scipy-cpu,True,,0.000724199999240227,0.00569819999509491,N/A,N/A,N/A,0.004305299997213297,N/A,3.40001133736223e-06,9.2999980552122e-06,0.010740400000941008,not_applicable_synchronous_cpu,not_applicable_synchronous_cpu,not_applicable_synchronous_cpu,not_applicable_synchronous_cpu,True,0.010740400000941008,0.0,0.0,0.05,57,Figure 3 root paired initializations,GFE,GFE
Conventional,Single,1889499872,0.0,10000,10000,10000,5756,7246,-53.32572009829371,720.1497399902499,720.1497399902499,720.1497399902499,45.0975260400549,153.62771879551303,False,N m^-1 rad^-1,native optimized-objective gradient,False,2,Desired error not necessarily achieved due to precision loss.,False,2,Desired error not necessarily achieved due to precision loss.,27.821848100007628,27.821848100007628,FESolveResult history interval; objective/transfer construction excluded; not used for cross-method ranking,000000000000080f77f934e1bbc81fe4,000000000000080f8457d2049cb80fb2,0.0,0.0,cached,C:\RINENG_COMPACT_FULL_20260920\RINENG_GFE_Standalone_Run\production_outputs\cache\production_single_run\00000000000008a2fe1c00b63559dee3.pkl,C:\RINENG_COMPACT_FULL_20260920\RINENG_GFE_Standalone_Run\production_outputs\cache\production_single_run\00000000000008a2fe1c00b63559dee3.pkl,gfe-final-production-v2-00000000000003f329a2,same-machine protocol record replayed from cache,"{""protocol_id"": ""main-fig8-comparable-end-to-end-v2"", ""scope"": ""fresh command construction from declared inputs through terminal host phase: problem/objective initialization, acoustic transfer construction, applicable host-to-device transfer, compilation/warmup, device synchronization, native solve, and result extraction included; independent mechanical validation, cache retrieval, table export, and rendering excluded"", ""backend"": ""numpy/scipy-cpu"", ""problem_initialization_s"": 0.000382099999114871, ""acoustic_transfer_construction_s"": 0.002993699992657639, ""device_transfer_s"": null, ""compilation_warmup_s"": null, ""pre_solve_synchronization_s"": null, ""solve_s"": 27.873591299998225, ""post_solve_synchronization_s"": null, ""result_extraction_s"": 6.699992809444666e-06, ""orchestration_overhead_s"": 7.300011930055916e-06, ""total_s"": 27.876981099994737, ""device_transfer_status"": ""not_applicable_synchronous_cpu"", ""compilation_warmup_status"": ""not_applicable_synchronous_cpu"", ""pre_solve_synchronization_status"": ""not_applicable_synchronous_cpu"", ""post_solve_synchronization_status"": ""not_applicable_synchronous_cpu"", ""decomposition_complete"": true, ""comparable_total"": true, ""exclusion_reason"": null}",controlled,BFGS,{},native,True,full,PRODUCTION,True,False,main-fig8-comparable-end-to-end-v2,"fresh command construction from declared inputs through terminal host phase: problem/objective initialization, acoustic transfer construction, applicable host-to-device transfer, compilation/warmup, device synchronization, native solve, and result extraction included; independent mechanical validation, cache retrieval, table export, and rendering excluded",numpy/scipy-cpu,True,,0.000382099999114871,0.002993699992657639,N/A,N/A,N/A,27.873591299998225,N/A,6.699992809444666e-06,7.300011930055916e-06,27.876981099994737,not_applicable_synchronous_cpu,not_applicable_synchronous_cpu,not_applicable_synchronous_cpu,not_applicable_synchronous_cpu,True,27.876981099994737,0.0,0.0,0.05,58,Figure 3 root paired initializations,GFE,GFE
GFE,Single,1889499872,10.0,10000,10000,10000,37,40,-0.05904367548512099,9.965926893875495e-09,9.965926893875495e-09,9.965926893875495e-09,6.240905504123607e-10,2.2008361732064926e-09,True,N m^-1 rad^-1,native optimized-objective gradient,True,0,CONVERGENCE: NORM OF PROJECTED GRADIENT <= PGTOL,True,0,CONVERGENCE: NORM OF PROJECTED GRADIENT <= PGTOL,0.004233600004226901,0.004233600004226901,FESolveResult history interval; objective/transfer construction excluded; not used for cross-method ranking,000000000000080fc3b4b4266d7e0f9c,000000000000080f8457d2049cb80fb2,1.1142852793561358e-06,1.1142852793561358e-06,cached,C:\RINENG_COMPACT_FULL_20260920\RINENG_GFE_Standalone_Run\production_outputs\cache\production_single_run\000000000000092ead1f4c2a0b4a0e9b.pkl,C:\RINENG_COMPACT_FULL_20260920\RINENG_GFE_Standalone_Run\production_outputs\cache\production_single_run\000000000000092ead1f4c2a0b4a0e9b.pkl,gfe-final-production-v2-00000000000003f329a2,same-machine protocol record replayed from cache,"{""protocol_id"": ""main-fig8-comparable-end-to-end-v2"", ""scope"": ""fresh command construction from declared inputs through terminal host phase: problem/objective initialization, acoustic transfer construction, applicable host-to-device transfer, compilation/warmup, device synchronization, native solve, and result extraction included; independent mechanical validation, cache retrieval, table export, and rendering excluded"", ""backend"": ""numpy/scipy-cpu"", ""problem_initialization_s"": 0.00036380000528879464, ""acoustic_transfer_construction_s"": 0.0038158000097610056, ""device_transfer_s"": null, ""compilation_warmup_s"": null, ""pre_solve_synchronization_s"": null, ""solve_s"": 0.0047630000044591725, ""post_solve_synchronization_s"": null, ""result_extraction_s"": 2.4000037228688598e-06, ""orchestration_overhead_s"": 4.599976819008589e-06, ""total_s"": 0.00894960000005085, ""device_transfer_status"": ""not_applicable_synchronous_cpu"", ""compilation_warmup_status"": ""not_applicable_synchronous_cpu"", ""pre_solve_synchronization_status"": ""not_applicable_synchronous_cpu"", ""post_solve_synchronization_status"": ""not_applicable_synchronous_cpu"", ""decomposition_complete"": true, ""comparable_total"": true, ""exclusion_reason"": null}",controlled,L-BFGS-B,"{""ftol"": 0.0, ""maxcor"": 10, ""maxfun"": 1000000, ""maxls"": 40}",compact-single-float64-v1,True,full,PRODUCTION,True,True,main-fig8-comparable-end-to-end-v2,"fresh command construction from declared inputs through terminal host phase: problem/objective initialization, acoustic transfer construction, applicable host-to-device transfer, compilation/warmup, device synchronization, native solve, and result extraction included; independent mechanical validation, cache retrieval, table export, and rendering excluded",numpy/scipy-cpu,True,,0.00036380000528879464,0.0038158000097610056,N/A,N/A,N/A,0.0047630000044591725,N/A,2.4000037228688598e-06,4.599976819008589e-06,0.00894960000005085,not_applicable_synchronous_cpu,not_applicable_synchronous_cpu,not_applicable_synchronous_cpu,not_applicable_synchronous_cpu,True,0.00894960000005085,0.0,0.0,0.05,58,Figure 3 root paired initializations,GFE,GFE
Conventional,Single,1675797874,0.0,10000,10000,10000,6588,8271,-54.582593909550994,672.2268921300944,672.2268921300944,672.2268921300944,42.09648089725416,156.8507416914045,False,N m^-1 rad^-1,native optimized-objective gradient,False,2,Desired error not necessarily achieved due to precision loss.,False,2,Desired error not necessarily achieved due to precision loss.,32.01966819999507,32.01966819999507,FESolveResult history interval; objective/transfer construction excluded; not used for cross-method ranking,000000000000080f2879edf750a4fce2,000000000000080fb2916fa142750d19,0.0,0.0,cached,C:\RINENG_COMPACT_FULL_20260920\RINENG_GFE_Standalone_Run\production_outputs\cache\production_single_run\00000000000008a23958ab6e8b4bdea9.pkl,C:\RINENG_COMPACT_FULL_20260920\RINENG_GFE_Standalone_Run\production_outputs\cache\production_single_run\00000000000008a23958ab6e8b4bdea9.pkl,gfe-final-production-v2-00000000000003f329a2,same-machine protocol record replayed from cache,"{""protocol_id"": ""main-fig8-comparable-end-to-end-v2"", ""scope"": ""fresh command construction from declared inputs through terminal host phase: problem/objective initialization, acoustic transfer construction, applicable host-to-device transfer, compilation/warmup, device synchronization, native solve, and result extraction included; independent mechanical validation, cache retrieval, table export, and rendering excluded"", ""backend"": ""numpy/scipy-cpu"", ""problem_initialization_s"": 0.0003664999967440963, ""acoustic_transfer_construction_s"": 0.002566099996329285, ""device_transfer_s"": null, ""compilation_warmup_s"": null, ""pre_solve_synchronization_s"": null, ""solve_s"": 32.079011800000444, ""post_solve_synchronization_s"": null, ""result_extraction_s"": 5.399997462518513e-06, ""orchestration_overhead_s"": 6.600006599910557e-06, ""total_s"": 32.08195639999758, ""device_transfer_status"": ""not_applicable_synchronous_cpu"", ""compilation_warmup_status"": ""not_applicable_synchronous_cpu"", ""pre_solve_synchronization_status"": ""not_applicable_synchronous_cpu"", ""post_solve_synchronization_status"": ""not_applicable_synchronous_cpu"", ""decomposition_complete"": true, ""comparable_total"": true, ""exclusion_reason"": null}",controlled,BFGS,{},native,True,full,PRODUCTION,True,False,main-fig8-comparable-end-to-end-v2,"fresh command construction from declared inputs through terminal host phase: problem/objective initialization, acoustic transfer construction, applicable host-to-device transfer, compilation/warmup, device synchronization, native solve, and result extraction included; independent mechanical validation, cache retrieval, table export, and rendering excluded",numpy/scipy-cpu,True,,0.0003664999967440963,0.002566099996329285,N/A,N/A,N/A,32.079011800000444,N/A,5.399997462518513e-06,6.600006599910557e-06,32.08195639999758,not_applicable_synchronous_cpu,not_applicable_synchronous_cpu,not_applicable_synchronous_cpu,not_applicable_synchronous_cpu,True,32.08195639999758,0.0,0.0,0.05,59,Figure 3 root paired initializations,GFE,GFE
GFE,Single,1675797874,10.0,10000,10000,10000,36,41,-0.05904367548456433,1.7010602143398223e-08,1.7010602143398223e-08,1.7010602143398223e-08,1.0652452268181078e-09,8.62433809205658e-09,True,N m^-1 rad^-1,native optimized-objective gradient,True,0,CONVERGENCE: NORM OF PROJECTED GRADIENT <= PGTOL,True,0,CONVERGENCE: NORM OF PROJECTED GRADIENT <= PGTOL,0.005649700004141778,0.005649700004141778,FESolveResult history interval; objective/transfer construction excluded; not used for cross-method ranking,000000000000080fa7d8560253b6119b,000000000000080fb2916fa142750d19,1.1142852793561358e-06,1.1142852793561358e-06,cached,C:\RINENG_COMPACT_FULL_20260920\RINENG_GFE_Standalone_Run\production_outputs\cache\production_single_run\000000000000092e585866565c2c0e61.pkl,C:\RINENG_COMPACT_FULL_20260920\RINENG_GFE_Standalone_Run\production_outputs\cache\production_single_run\000000000000092e585866565c2c0e61.pkl,gfe-final-production-v2-00000000000003f329a2,same-machine protocol record replayed from cache,"{""protocol_id"": ""main-fig8-comparable-end-to-end-v2"", ""scope"": ""fresh command construction from declared inputs through terminal host phase: problem/objective initialization, acoustic transfer construction, applicable host-to-device transfer, compilation/warmup, device synchronization, native solve, and result extraction included; independent mechanical validation, cache retrieval, table export, and rendering excluded"", ""backend"": ""numpy/scipy-cpu"", ""problem_initialization_s"": 0.00045819999650120735, ""acoustic_transfer_construction_s"": 0.006577699998160824, ""device_transfer_s"": null, ""compilation_warmup_s"": null, ""pre_solve_synchronization_s"": null, ""solve_s"": 0.006285499999648891, ""post_solve_synchronization_s"": null, ""result_extraction_s"": 2.4999899324029684e-06, ""orchestration_overhead_s"": 7.600014214403927e-06, ""total_s"": 0.01333149999845773, ""device_transfer_status"": ""not_applicable_synchronous_cpu"", ""compilation_warmup_status"": ""not_applicable_synchronous_cpu"", ""pre_solve_synchronization_status"": ""not_applicable_synchronous_cpu"", ""post_solve_synchronization_status"": ""not_applicable_synchronous_cpu"", ""decomposition_complete"": true, ""comparable_total"": true, ""exclusion_reason"": null}",controlled,L-BFGS-B,"{""ftol"": 0.0, ""maxcor"": 10, ""maxfun"": 1000000, ""maxls"": 40}",compact-single-float64-v1,True,full,PRODUCTION,True,True,main-fig8-comparable-end-to-end-v2,"fresh command construction from declared inputs through terminal host phase: problem/objective initialization, acoustic transfer construction, applicable host-to-device transfer, compilation/warmup, device synchronization, native solve, and result extraction included; independent mechanical validation, cache retrieval, table export, and rendering excluded",numpy/scipy-cpu,True,,0.00045819999650120735,0.006577699998160824,N/A,N/A,N/A,0.006285499999648891,N/A,2.4999899324029684e-06,7.600014214403927e-06,0.01333149999845773,not_applicable_synchronous_cpu,not_applicable_synchronous_cpu,not_applicable_synchronous_cpu,not_applicable_synchronous_cpu,True,0.01333149999845773,0.0,0.0,0.05,59,Figure 3 root paired initializations,GFE,GFE
Conventional,Single,1043700129,0.0,10000,10000,10000,5602,7098,-54.5605700291015,717.6803923677536,717.6803923677536,717.6803923677536,44.94288949362085,157.05499980979218,False,N m^-1 rad^-1,native optimized-objective gradient,False,2,Desired error not necessarily achieved due to precision loss.,False,2,Desired error not necessarily achieved due to precision loss.,27.02569970001059,27.02569970001059,FESolveResult history interval; objective/transfer construction excluded; not used for cross-method ranking,000000000000080fd090398970e7001f,000000000000080f078e787ade73f605,0.0,0.0,cached,C:\RINENG_COMPACT_FULL_20260920\RINENG_GFE_Standalone_Run\production_outputs\cache\production_single_run\00000000000008a2ffa8a8b14d96deca.pkl,C:\RINENG_COMPACT_FULL_20260920\RINENG_GFE_Standalone_Run\production_outputs\cache\production_single_run\00000000000008a2ffa8a8b14d96deca.pkl,gfe-final-production-v2-00000000000003f329a2,same-machine protocol record replayed from cache,"{""protocol_id"": ""main-fig8-comparable-end-to-end-v2"", ""scope"": ""fresh command construction from declared inputs through terminal host phase: problem/objective initialization, acoustic transfer construction, applicable host-to-device transfer, compilation/warmup, device synchronization, native solve, and result extraction included; independent mechanical validation, cache retrieval, table export, and rendering excluded"", ""backend"": ""numpy/scipy-cpu"", ""problem_initialization_s"": 0.0003845000028377399, ""acoustic_transfer_construction_s"": 0.0025803999888012186, ""device_transfer_s"": null, ""compilation_warmup_s"": null, ""pre_solve_synchronization_s"": null, ""solve_s"": 27.07601029999205, ""post_solve_synchronization_s"": null, ""result_extraction_s"": 7.399998139590025e-06, ""orchestration_overhead_s"": 7.900016498751938e-06, ""total_s"": 27.078990499998326, ""device_transfer_status"": ""not_applicable_synchronous_cpu"", ""compilation_warmup_status"": ""not_applicable_synchronous_cpu"", ""pre_solve_synchronization_status"": ""not_applicable_synchronous_cpu"", ""post_solve_synchronization_status"": ""not_applicable_synchronous_cpu"", ""decomposition_complete"": true, ""comparable_total"": true, ""exclusion_reason"": null}",controlled,BFGS,{},native,True,full,PRODUCTION,True,False,main-fig8-comparable-end-to-end-v2,"fresh command construction from declared inputs through terminal host phase: problem/objective initialization, acoustic transfer construction, applicable host-to-device transfer, compilation/warmup, device synchronization, native solve, and result extraction included; independent mechanical validation, cache retrieval, table export, and rendering excluded",numpy/scipy-cpu,True,,0.0003845000028377399,0.0025803999888012186,N/A,N/A,N/A,27.07601029999205,N/A,7.399998139590025e-06,7.900016498751938e-06,27.078990499998326,not_applicable_synchronous_cpu,not_applicable_synchronous_cpu,not_applicable_synchronous_cpu,not_applicable_synchronous_cpu,True,27.078990499998326,0.0,0.0,0.05,60,Figure 3 root paired initializations,GFE,GFE
GFE,Single,1043700129,10.0,10000,10000,10000,34,36,-0.059043675484847784,2.7187784656404512e-08,2.7187784656404512e-08,2.7187784656404512e-08,1.702565117263262e-09,5.353037796463537e-09,True,N m^-1 rad^-1,native optimized-objective gradient,True,0,CONVERGENCE: NORM OF PROJECTED GRADIENT <= PGTOL,True,0,CONVERGENCE: NORM OF PROJECTED GRADIENT <= PGTOL,0.004096400007256307,0.004096400007256307,FESolveResult history interval; objective/transfer construction excluded; not used for cross-method ranking,000000000000080f3b995b2664751255,000000000000080f078e787ade73f605,1.1142852793561358e-06,1.1142852793561358e-06,cached,C:\RINENG_COMPACT_FULL_20260920\RINENG_GFE_Standalone_Run\production_outputs\cache\production_single_run\000000000000092e7f3326cc24bf0e82.pkl,C:\RINENG_COMPACT_FULL_20260920\RINENG_GFE_Standalone_Run\production_outputs\cache\production_single_run\000000000000092e7f3326cc24bf0e82.pkl,gfe-final-production-v2-00000000000003f329a2,same-machine protocol record replayed from cache,"{""protocol_id"": ""main-fig8-comparable-end-to-end-v2"", ""scope"": ""fresh command construction from declared inputs through terminal host phase: problem/objective initialization, acoustic transfer construction, applicable host-to-device transfer, compilation/warmup, device synchronization, native solve, and result extraction included; independent mechanical validation, cache retrieval, table export, and rendering excluded"", ""backend"": ""numpy/scipy-cpu"", ""problem_initialization_s"": 0.0003628999984357506, ""acoustic_transfer_construction_s"": 0.0039031999913277104, ""device_transfer_s"": null, ""compilation_warmup_s"": null, ""pre_solve_synchronization_s"": null, ""solve_s"": 0.004665300002670847, ""post_solve_synchronization_s"": null, ""result_extraction_s"": 2.4000037228688598e-06, ""orchestration_overhead_s"": 4.8000074457377195e-06, ""total_s"": 0.008938600003602915, ""device_transfer_status"": ""not_applicable_synchronous_cpu"", ""compilation_warmup_status"": ""not_applicable_synchronous_cpu"", ""pre_solve_synchronization_status"": ""not_applicable_synchronous_cpu"", ""post_solve_synchronization_status"": ""not_applicable_synchronous_cpu"", ""decomposition_complete"": true, ""comparable_total"": true, ""exclusion_reason"": null}",controlled,L-BFGS-B,"{""ftol"": 0.0, ""maxcor"": 10, ""maxfun"": 1000000, ""maxls"": 40}",compact-single-float64-v1,True,full,PRODUCTION,True,True,main-fig8-comparable-end-to-end-v2,"fresh command construction from declared inputs through terminal host phase: problem/objective initialization, acoustic transfer construction, applicable host-to-device transfer, compilation/warmup, device synchronization, native solve, and result extraction included; independent mechanical validation, cache retrieval, table export, and rendering excluded",numpy/scipy-cpu,True,,0.0003628999984357506,0.0039031999913277104,N/A,N/A,N/A,0.004665300002670847,N/A,2.4000037228688598e-06,4.8000074457377195e-06,0.008938600003602915,not_applicable_synchronous_cpu,not_applicable_synchronous_cpu,not_applicable_synchronous_cpu,not_applicable_synchronous_cpu,True,0.008938600003602915,0.0,0.0,0.05,60,Figure 3 root paired initializations,GFE,GFE
Conventional,Single,682414418,0.0,10000,10000,10000,6287,7948,-53.62275577157874,653.1684564339218,653.1684564339218,653.1684564339218,40.90299535895141,154.80045254932523,False,N m^-1 rad^-1,native optimized-objective gradient,False,2,Desired error not necessarily achieved due to precision loss.,False,2,Desired error not necessarily achieved due to precision loss.,30.91421509999782,30.91421509999782,FESolveResult history interval; objective/transfer construction excluded; not used for cross-method ranking,000000000000080f7208272fd23615ab,000000000000080f44fe1450c89e0b13,0.0,0.0,cached,C:\RINENG_COMPACT_FULL_20260920\RINENG_GFE_Standalone_Run\production_outputs\cache\production_single_run\00000000000008a1ecec55e44dddde92.pkl,C:\RINENG_COMPACT_FULL_20260920\RINENG_GFE_Standalone_Run\production_outputs\cache\production_single_run\00000000000008a1ecec55e44dddde92.pkl,gfe-final-production-v2-00000000000003f329a2,same-machine protocol record replayed from cache,"{""protocol_id"": ""main-fig8-comparable-end-to-end-v2"", ""scope"": ""fresh command construction from declared inputs through terminal host phase: problem/objective initialization, acoustic transfer construction, applicable host-to-device transfer, compilation/warmup, device synchronization, native solve, and result extraction included; independent mechanical validation, cache retrieval, table export, and rendering excluded"", ""backend"": ""numpy/scipy-cpu"", ""problem_initialization_s"": 0.0003715999919222668, ""acoustic_transfer_construction_s"": 0.0030778000073041767, ""device_transfer_s"": null, ""compilation_warmup_s"": null, ""pre_solve_synchronization_s"": null, ""solve_s"": 30.97226569999475, ""post_solve_synchronization_s"": null, ""result_extraction_s"": 5.699999746866524e-06, ""orchestration_overhead_s"": 7.399998139590025e-06, ""total_s"": 30.975728199991863, ""device_transfer_status"": ""not_applicable_synchronous_cpu"", ""compilation_warmup_status"": ""not_applicable_synchronous_cpu"", ""pre_solve_synchronization_status"": ""not_applicable_synchronous_cpu"", ""post_solve_synchronization_status"": ""not_applicable_synchronous_cpu"", ""decomposition_complete"": true, ""comparable_total"": true, ""exclusion_reason"": null}",controlled,BFGS,{},native,True,full,PRODUCTION,True,False,main-fig8-comparable-end-to-end-v2,"fresh command construction from declared inputs through terminal host phase: problem/objective initialization, acoustic transfer construction, applicable host-to-device transfer, compilation/warmup, device synchronization, native solve, and result extraction included; independent mechanical validation, cache retrieval, table export, and rendering excluded",numpy/scipy-cpu,True,,0.0003715999919222668,0.0030778000073041767,N/A,N/A,N/A,30.97226569999475,N/A,5.699999746866524e-06,7.399998139590025e-06,30.975728199991863,not_applicable_synchronous_cpu,not_applicable_synchronous_cpu,not_applicable_synchronous_cpu,not_applicable_synchronous_cpu,True,30.975728199991863,0.0,0.0,0.05,61,Figure 3 root paired initializations,GFE,GFE
GFE,Single,682414418,10.0,10000,10000,10000,37,42,-0.05904367548497201,1.1503364511378803e-08,1.1503364511378803e-08,1.1503364511378803e-08,7.203686286232259e-10,5.60158224503444e-09,True,N m^-1 rad^-1,native optimized-objective gradient,True,0,CONVERGENCE: NORM OF PROJECTED GRADIENT <= PGTOL,True,0,CONVERGENCE: NORM OF PROJECTED GRADIENT <= PGTOL,0.003941999995731749,0.003941999995731749,FESolveResult history interval; objective/transfer construction excluded; not used for cross-method ranking,000000000000080f2db99ea086ae01e7,000000000000080f44fe1450c89e0b13,1.1142852793561358e-06,1.1142852793561358e-06,cached,C:\RINENG_COMPACT_FULL_20260920\RINENG_GFE_Standalone_Run\production_outputs\cache\production_single_run\000000000000092d4443c483f3860e4a.pkl,C:\RINENG_COMPACT_FULL_20260920\RINENG_GFE_Standalone_Run\production_outputs\cache\production_single_run\000000000000092d4443c483f3860e4a.pkl,gfe-final-production-v2-00000000000003f329a2,same-machine protocol record replayed from cache,"{""protocol_id"": ""main-fig8-comparable-end-to-end-v2"", ""scope"": ""fresh command construction from declared inputs through terminal host phase: problem/objective initialization, acoustic transfer construction, applicable host-to-device transfer, compilation/warmup, device synchronization, native solve, and result extraction included; independent mechanical validation, cache retrieval, table export, and rendering excluded"", ""backend"": ""numpy/scipy-cpu"", ""problem_initialization_s"": 0.000378700002329424, ""acoustic_transfer_construction_s"": 0.0052500000019790605, ""device_transfer_s"": null, ""compilation_warmup_s"": null, ""pre_solve_synchronization_s"": null, ""solve_s"": 0.004502099996898323, ""post_solve_synchronization_s"": null, ""result_extraction_s"": 2.5000044843181968e-06, ""orchestration_overhead_s"": 5.199995939619839e-06, ""total_s"": 0.010138500001630746, ""device_transfer_status"": ""not_applicable_synchronous_cpu"", ""compilation_warmup_status"": ""not_applicable_synchronous_cpu"", ""pre_solve_synchronization_status"": ""not_applicable_synchronous_cpu"", ""post_solve_synchronization_status"": ""not_applicable_synchronous_cpu"", ""decomposition_complete"": true, ""comparable_total"": true, ""exclusion_reason"": null}",controlled,L-BFGS-B,"{""ftol"": 0.0, ""maxcor"": 10, ""maxfun"": 1000000, ""maxls"": 40}",compact-single-float64-v1,True,full,PRODUCTION,True,True,main-fig8-comparable-end-to-end-v2,"fresh command construction from declared inputs through terminal host phase: problem/objective initialization, acoustic transfer construction, applicable host-to-device transfer, compilation/warmup, device synchronization, native solve, and result extraction included; independent mechanical validation, cache retrieval, table export, and rendering excluded",numpy/scipy-cpu,True,,0.000378700002329424,0.0052500000019790605,N/A,N/A,N/A,0.004502099996898323,N/A,2.5000044843181968e-06,5.199995939619839e-06,0.010138500001630746,not_applicable_synchronous_cpu,not_applicable_synchronous_cpu,not_applicable_synchronous_cpu,not_applicable_synchronous_cpu,True,0.010138500001630746,0.0,0.0,0.05,61,Figure 3 root paired initializations,GFE,GFE
Conventional,Single,785066643,0.0,10000,10000,10000,4982,6356,-53.66191310433222,704.0155138934316,704.0155138934316,704.0155138934316,44.08716161008614,134.59082699280623,False,N m^-1 rad^-1,native optimized-objective gradient,False,2,Desired error not necessarily achieved due to precision loss.,False,2,Desired error not necessarily achieved due to precision loss.,24.218915000004927,24.218915000004927,FESolveResult history interval; objective/transfer construction excluded; not used for cross-method ranking,000000000000080ffc359de887dc168c,000000000000080fe332094cd86f1470,0.0,0.0,cached,C:\RINENG_COMPACT_FULL_20260920\RINENG_GFE_Standalone_Run\production_outputs\cache\production_single_run\00000000000008a13a0fda760dfdde6e.pkl,C:\RINENG_COMPACT_FULL_20260920\RINENG_GFE_Standalone_Run\production_outputs\cache\production_single_run\00000000000008a13a0fda760dfdde6e.pkl,gfe-final-production-v2-00000000000003f329a2,same-machine protocol record replayed from cache,"{""protocol_id"": ""main-fig8-comparable-end-to-end-v2"", ""scope"": ""fresh command construction from declared inputs through terminal host phase: problem/objective initialization, acoustic transfer construction, applicable host-to-device transfer, compilation/warmup, device synchronization, native solve, and result extraction included; independent mechanical validation, cache retrieval, table export, and rendering excluded"", ""backend"": ""numpy/scipy-cpu"", ""problem_initialization_s"": 0.00036380000528879464, ""acoustic_transfer_construction_s"": 0.0027877000102307647, ""device_transfer_s"": null, ""compilation_warmup_s"": null, ""pre_solve_synchronization_s"": null, ""solve_s"": 24.26514109999698, ""post_solve_synchronization_s"": null, ""result_extraction_s"": 5.599998985417187e-06, ""orchestration_overhead_s"": 6.9999805418774486e-06, ""total_s"": 24.268305199992028, ""device_transfer_status"": ""not_applicable_synchronous_cpu"", ""compilation_warmup_status"": ""not_applicable_synchronous_cpu"", ""pre_solve_synchronization_status"": ""not_applicable_synchronous_cpu"", ""post_solve_synchronization_status"": ""not_applicable_synchronous_cpu"", ""decomposition_complete"": true, ""comparable_total"": true, ""exclusion_reason"": null}",controlled,BFGS,{},native,True,full,PRODUCTION,True,False,main-fig8-comparable-end-to-end-v2,"fresh command construction from declared inputs through terminal host phase: problem/objective initialization, acoustic transfer construction, applicable host-to-device transfer, compilation/warmup, device synchronization, native solve, and result extraction included; independent mechanical validation, cache retrieval, table export, and rendering excluded",numpy/scipy-cpu,True,,0.00036380000528879464,0.0027877000102307647,N/A,N/A,N/A,24.26514109999698,N/A,5.599998985417187e-06,6.9999805418774486e-06,24.268305199992028,not_applicable_synchronous_cpu,not_applicable_synchronous_cpu,not_applicable_synchronous_cpu,not_applicable_synchronous_cpu,True,24.268305199992028,0.0,0.0,0.05,62,Figure 3 root paired initializations,GFE,GFE
GFE,Single,785066643,10.0,10000,10000,10000,30,37,-0.05904367548430889,1.978383175203192e-08,1.978383175203192e-08,1.978383175203192e-08,1.238911601386406e-09,9.725174464838338e-09,True,N m^-1 rad^-1,native optimized-objective gradient,True,0,CONVERGENCE: NORM OF PROJECTED GRADIENT <= PGTOL,True,0,CONVERGENCE: NORM OF PROJECTED GRADIENT <= PGTOL,0.006015200007823296,0.006015200007823296,FESolveResult history interval; objective/transfer construction excluded; not used for cross-method ranking,000000000000080f35eaeb935af72b5f,000000000000080fe332094cd86f1470,1.1142852793561358e-06,1.1142852793561358e-06,cached,C:\RINENG_COMPACT_FULL_20260920\RINENG_GFE_Standalone_Run\production_outputs\cache\production_single_run\000000000000092d010b70dfaf9e0e26.pkl,C:\RINENG_COMPACT_FULL_20260920\RINENG_GFE_Standalone_Run\production_outputs\cache\production_single_run\000000000000092d010b70dfaf9e0e26.pkl,gfe-final-production-v2-00000000000003f329a2,same-machine protocol record replayed from cache,"{""protocol_id"": ""main-fig8-comparable-end-to-end-v2"", ""scope"": ""fresh command construction from declared inputs through terminal host phase: problem/objective initialization, acoustic transfer construction, applicable host-to-device transfer, compilation/warmup, device synchronization, native solve, and result extraction included; independent mechanical validation, cache retrieval, table export, and rendering excluded"", ""backend"": ""numpy/scipy-cpu"", ""problem_initialization_s"": 0.0004273999948054552, ""acoustic_transfer_construction_s"": 0.00624789998983033, ""device_transfer_s"": null, ""compilation_warmup_s"": null, ""pre_solve_synchronization_s"": null, ""solve_s"": 0.006475799993495457, ""post_solve_synchronization_s"": null, ""result_extraction_s"": 2.0000006770715117e-06, ""orchestration_overhead_s"": 6.100017344579101e-06, ""total_s"": 0.013159199996152893, ""device_transfer_status"": ""not_applicable_synchronous_cpu"", ""compilation_warmup_status"": ""not_applicable_synchronous_cpu"", ""pre_solve_synchronization_status"": ""not_applicable_synchronous_cpu"", ""post_solve_synchronization_status"": ""not_applicable_synchronous_cpu"", ""decomposition_complete"": true, ""comparable_total"": true, ""exclusion_reason"": null}",controlled,L-BFGS-B,"{""ftol"": 0.0, ""maxcor"": 10, ""maxfun"": 1000000, ""maxls"": 40}",compact-single-float64-v1,True,full,PRODUCTION,True,True,main-fig8-comparable-end-to-end-v2,"fresh command construction from declared inputs through terminal host phase: problem/objective initialization, acoustic transfer construction, applicable host-to-device transfer, compilation/warmup, device synchronization, native solve, and result extraction included; independent mechanical validation, cache retrieval, table export, and rendering excluded",numpy/scipy-cpu,True,,0.0004273999948054552,0.00624789998983033,N/A,N/A,N/A,0.006475799993495457,N/A,2.0000006770715117e-06,6.100017344579101e-06,0.013159199996152893,not_applicable_synchronous_cpu,not_applicable_synchronous_cpu,not_applicable_synchronous_cpu,not_applicable_synchronous_cpu,True,0.013159199996152893,0.0,0.0,0.05,62,Figure 3 root paired initializations,GFE,GFE
Conventional,Single,90465202,0.0,10000,10000,10000,4413,5781,-54.625488010827674,675.5353355604253,675.5353355604253,675.5353355604253,42.303663661429596,152.8212571796162,False,N m^-1 rad^-1,native optimized-objective gradient,False,2,Desired error not necessarily achieved due to precision loss.,False,2,Desired error not necessarily achieved due to precision loss.,22.174428700003773,22.174428700003773,FESolveResult history interval; objective/transfer construction excluded; not used for cross-method ranking,000000000000080f12640fd6435a0ff6,000000000000080f8a9a50e6158422bb,0.0,0.0,cached,C:\RINENG_COMPACT_FULL_20260920\RINENG_GFE_Standalone_Run\production_outputs\cache\production_single_run\00000000000008a05031faf0bdd0de59.pkl,C:\RINENG_COMPACT_FULL_20260920\RINENG_GFE_Standalone_Run\production_outputs\cache\production_single_run\00000000000008a05031faf0bdd0de59.pkl,gfe-final-production-v2-00000000000003f329a2,same-machine protocol record replayed from cache,"{""protocol_id"": ""main-fig8-comparable-end-to-end-v2"", ""scope"": ""fresh command construction from declared inputs through terminal host phase: problem/objective initialization, acoustic transfer construction, applicable host-to-device transfer, compilation/warmup, device synchronization, native solve, and result extraction included; independent mechanical validation, cache retrieval, table export, and rendering excluded"", ""backend"": ""numpy/scipy-cpu"", ""problem_initialization_s"": 0.00035679999564308673, ""acoustic_transfer_construction_s"": 0.002508499994291924, ""device_transfer_s"": null, ""compilation_warmup_s"": null, ""pre_solve_synchronization_s"": null, ""solve_s"": 22.214500100002624, ""post_solve_synchronization_s"": null, ""result_extraction_s"": 6.900008884258568e-06, ""orchestration_overhead_s"": 8.700008038431406e-06, ""total_s"": 22.217381000009482, ""device_transfer_status"": ""not_applicable_synchronous_cpu"", ""compilation_warmup_status"": ""not_applicable_synchronous_cpu"", ""pre_solve_synchronization_status"": ""not_applicable_synchronous_cpu"", ""post_solve_synchronization_status"": ""not_applicable_synchronous_cpu"", ""decomposition_complete"": true, ""comparable_total"": true, ""exclusion_reason"": null}",controlled,BFGS,{},native,True,full,PRODUCTION,True,False,main-fig8-comparable-end-to-end-v2,"fresh command construction from declared inputs through terminal host phase: problem/objective initialization, acoustic transfer construction, applicable host-to-device transfer, compilation/warmup, device synchronization, native solve, and result extraction included; independent mechanical validation, cache retrieval, table export, and rendering excluded",numpy/scipy-cpu,True,,0.00035679999564308673,0.002508499994291924,N/A,N/A,N/A,22.214500100002624,N/A,6.900008884258568e-06,8.700008038431406e-06,22.217381000009482,not_applicable_synchronous_cpu,not_applicable_synchronous_cpu,not_applicable_synchronous_cpu,not_applicable_synchronous_cpu,True,22.217381000009482,0.0,0.0,0.05,63,Figure 3 root paired initializations,GFE,GFE
GFE,Single,90465202,10.0,10000,10000,10000,31,34,-0.05904367548478233,1.496916385696518e-08,1.496916385696518e-08,1.496916385696518e-08,9.37405402446546e-10,6.7186228643916376e-09,True,N m^-1 rad^-1,native optimized-objective gradient,True,0,CONVERGENCE: NORM OF PROJECTED GRADIENT <= PGTOL,True,0,CONVERGENCE: NORM OF PROJECTED GRADIENT <= PGTOL,0.0037862000026507303,0.0037862000026507303,FESolveResult history interval; objective/transfer construction excluded; not used for cross-method ranking,000000000000080fe2478fd1696213a6,000000000000080f8a9a50e6158422bb,1.1142852793561358e-06,1.1142852793561358e-06,cached,C:\RINENG_COMPACT_FULL_20260920\RINENG_GFE_Standalone_Run\production_outputs\cache\production_single_run\000000000000092c4956f3c933f70e11.pkl,C:\RINENG_COMPACT_FULL_20260920\RINENG_GFE_Standalone_Run\production_outputs\cache\production_single_run\000000000000092c4956f3c933f70e11.pkl,gfe-final-production-v2-00000000000003f329a2,same-machine protocol record replayed from cache,"{""protocol_id"": ""main-fig8-comparable-end-to-end-v2"", ""scope"": ""fresh command construction from declared inputs through terminal host phase: problem/objective initialization, acoustic transfer construction, applicable host-to-device transfer, compilation/warmup, device synchronization, native solve, and result extraction included; independent mechanical validation, cache retrieval, table export, and rendering excluded"", ""backend"": ""numpy/scipy-cpu"", ""problem_initialization_s"": 0.00044690001232083887, ""acoustic_transfer_construction_s"": 0.004130899993469939, ""device_transfer_s"": null, ""compilation_warmup_s"": null, ""pre_solve_synchronization_s"": null, ""solve_s"": 0.004286900002625771, ""post_solve_synchronization_s"": null, ""result_extraction_s"": 3.2999960239976645e-06, ""orchestration_overhead_s"": 4.799992893822491e-06, ""total_s"": 0.008872799997334369, ""device_transfer_status"": ""not_applicable_synchronous_cpu"", ""compilation_warmup_status"": ""not_applicable_synchronous_cpu"", ""pre_solve_synchronization_status"": ""not_applicable_synchronous_cpu"", ""post_solve_synchronization_status"": ""not_applicable_synchronous_cpu"", ""decomposition_complete"": true, ""comparable_total"": true, ""exclusion_reason"": null}",controlled,L-BFGS-B,"{""ftol"": 0.0, ""maxcor"": 10, ""maxfun"": 1000000, ""maxls"": 40}",compact-single-float64-v1,True,full,PRODUCTION,True,True,main-fig8-comparable-end-to-end-v2,"fresh command construction from declared inputs through terminal host phase: problem/objective initialization, acoustic transfer construction, applicable host-to-device transfer, compilation/warmup, device synchronization, native solve, and result extraction included; independent mechanical validation, cache retrieval, table export, and rendering excluded",numpy/scipy-cpu,True,,0.00044690001232083887,0.004130899993469939,N/A,N/A,N/A,0.004286900002625771,N/A,3.2999960239976645e-06,4.799992893822491e-06,0.008872799997334369,not_applicable_synchronous_cpu,not_applicable_synchronous_cpu,not_applicable_synchronous_cpu,not_applicable_synchronous_cpu,True,0.008872799997334369,0.0,0.0,0.05,63,Figure 3 root paired initializations,GFE,GFE
Conventional,Single,2011309217,0.0,10000,10000,10000,7079,8868,-53.468248754047934,674.127821335499,674.127821335499,674.127821335499,42.21552170165992,154.07382998648927,False,N m^-1 rad^-1,native optimized-objective gradient,False,2,Desired error not necessarily achieved due to precision loss.,False,2,Desired error not necessarily achieved due to precision loss.,34.09656960000575,34.09656960000575,FESolveResult history interval; objective/transfer construction excluded; not used for cross-method ranking,000000000000080f48dc02a0feeb0fb7,000000000000080fbe6c4229c3fb17af,0.0,0.0,cached,C:\RINENG_COMPACT_FULL_20260920\RINENG_GFE_Standalone_Run\production_outputs\cache\production_single_run\00000000000008a274df26ad28eedf48.pkl,C:\RINENG_COMPACT_FULL_20260920\RINENG_GFE_Standalone_Run\production_outputs\cache\production_single_run\00000000000008a274df26ad28eedf48.pkl,gfe-final-production-v2-00000000000003f329a2,same-machine protocol record replayed from cache,"{""protocol_id"": ""main-fig8-comparable-end-to-end-v2"", ""scope"": ""fresh command construction from declared inputs through terminal host phase: problem/objective initialization, acoustic transfer construction, applicable host-to-device transfer, compilation/warmup, device synchronization, native solve, and result extraction included; independent mechanical validation, cache retrieval, table export, and rendering excluded"", ""backend"": ""numpy/scipy-cpu"", ""problem_initialization_s"": 0.0003522000042721629, ""acoustic_transfer_construction_s"": 0.0027211999986320734, ""device_transfer_s"": null, ""compilation_warmup_s"": null, ""pre_solve_synchronization_s"": null, ""solve_s"": 34.16725060000317, ""post_solve_synchronization_s"": null, ""result_extraction_s"": 5.699999746866524e-06, ""orchestration_overhead_s"": 6.599992047995329e-06, ""total_s"": 34.17033629999787, ""device_transfer_status"": ""not_applicable_synchronous_cpu"", ""compilation_warmup_status"": ""not_applicable_synchronous_cpu"", ""pre_solve_synchronization_status"": ""not_applicable_synchronous_cpu"", ""post_solve_synchronization_status"": ""not_applicable_synchronous_cpu"", ""decomposition_complete"": true, ""comparable_total"": true, ""exclusion_reason"": null}",controlled,BFGS,{},native,True,full,PRODUCTION,True,False,main-fig8-comparable-end-to-end-v2,"fresh command construction from declared inputs through terminal host phase: problem/objective initialization, acoustic transfer construction, applicable host-to-device transfer, compilation/warmup, device synchronization, native solve, and result extraction included; independent mechanical validation, cache retrieval, table export, and rendering excluded",numpy/scipy-cpu,True,,0.0003522000042721629,0.0027211999986320734,N/A,N/A,N/A,34.16725060000317,N/A,5.699999746866524e-06,6.599992047995329e-06,34.17033629999787,not_applicable_synchronous_cpu,not_applicable_synchronous_cpu,not_applicable_synchronous_cpu,not_applicable_synchronous_cpu,True,34.17033629999787,0.0,0.0,0.05,64,Figure 3 root paired initializations,GFE,GFE
GFE,Single,2011309217,10.0,10000,10000,10000,42,49,-0.05904367548519329,7.243510345378117e-09,7.243510345378117e-09,7.243510345378117e-09,4.536062131002358e-10,2.052104724249946e-09,True,N m^-1 rad^-1,native optimized-objective gradient,True,0,CONVERGENCE: NORM OF PROJECTED GRADIENT <= PGTOL,True,0,CONVERGENCE: NORM OF PROJECTED GRADIENT <= PGTOL,0.005176999999093823,0.005176999999093823,FESolveResult history interval; objective/transfer construction excluded; not used for cross-method ranking,000000000000080f1714b1310c7f1129,000000000000080fbe6c4229c3fb17af,1.1142852793561358e-06,1.1142852793561358e-06,cached,C:\RINENG_COMPACT_FULL_20260920\RINENG_GFE_Standalone_Run\production_outputs\cache\production_single_run\000000000000092e612405200bff0f00.pkl,C:\RINENG_COMPACT_FULL_20260920\RINENG_GFE_Standalone_Run\production_outputs\cache\production_single_run\000000000000092e612405200bff0f00.pkl,gfe-final-production-v2-00000000000003f329a2,same-machine protocol record replayed from cache,"{""protocol_id"": ""main-fig8-comparable-end-to-end-v2"", ""scope"": ""fresh command construction from declared inputs through terminal host phase: problem/objective initialization, acoustic transfer construction, applicable host-to-device transfer, compilation/warmup, device synchronization, native solve, and result extraction included; independent mechanical validation, cache retrieval, table export, and rendering excluded"", ""backend"": ""numpy/scipy-cpu"", ""problem_initialization_s"": 0.0004515000036917627, ""acoustic_transfer_construction_s"": 0.004136800009291619, ""device_transfer_s"": null, ""compilation_warmup_s"": null, ""pre_solve_synchronization_s"": null, ""solve_s"": 0.005789799994090572, ""post_solve_synchronization_s"": null, ""result_extraction_s"": 3.4999975468963385e-06, ""orchestration_overhead_s"": 5.199981387704611e-06, ""total_s"": 0.010386799986008555, ""device_transfer_status"": ""not_applicable_synchronous_cpu"", ""compilation_warmup_status"": ""not_applicable_synchronous_cpu"", ""pre_solve_synchronization_status"": ""not_applicable_synchronous_cpu"", ""post_solve_synchronization_status"": ""not_applicable_synchronous_cpu"", ""decomposition_complete"": true, ""comparable_total"": true, ""exclusion_reason"": null}",controlled,L-BFGS-B,"{""ftol"": 0.0, ""maxcor"": 10, ""maxfun"": 1000000, ""maxls"": 40}",compact-single-float64-v1,True,full,PRODUCTION,True,True,main-fig8-comparable-end-to-end-v2,"fresh command construction from declared inputs through terminal host phase: problem/objective initialization, acoustic transfer construction, applicable host-to-device transfer, compilation/warmup, device synchronization, native solve, and result extraction included; independent mechanical validation, cache retrieval, table export, and rendering excluded",numpy/scipy-cpu,True,,0.0004515000036917627,0.004136800009291619,N/A,N/A,N/A,0.005789799994090572,N/A,3.4999975468963385e-06,5.199981387704611e-06,0.010386799986008555,not_applicable_synchronous_cpu,not_applicable_synchronous_cpu,not_applicable_synchronous_cpu,not_applicable_synchronous_cpu,True,0.010386799986008555,0.0,0.0,0.05,64,Figure 3 root paired initializations,GFE,GFE
Conventional,Single,510466710,0.0,10000,10000,10000,5990,7539,-52.694496537394464,684.4377407823157,684.4377407823157,684.4377407823157,42.8611539013327,155.48990404177513,False,N m^-1 rad^-1,native optimized-objective gradient,False,2,Desired error not necessarily achieved due to precision loss.,False,2,Desired error not necessarily achieved due to precision loss.,29.145595900001354,29.145595900001354,FESolveResult history interval; objective/transfer construction excluded; not used for cross-method ranking,000000000000080fc346d2f05c39134d,000000000000080f3b5ce307189916b3,0.0,0.0,cached,C:\RINENG_COMPACT_FULL_20260920\RINENG_GFE_Standalone_Run\production_outputs\cache\production_single_run\00000000000008a1530a75e4fefbde61.pkl,C:\RINENG_COMPACT_FULL_20260920\RINENG_GFE_Standalone_Run\production_outputs\cache\production_single_run\00000000000008a1530a75e4fefbde61.pkl,gfe-final-production-v2-00000000000003f329a2,same-machine protocol record replayed from cache,"{""protocol_id"": ""main-fig8-comparable-end-to-end-v2"", ""scope"": ""fresh command construction from declared inputs through terminal host phase: problem/objective initialization, acoustic transfer construction, applicable host-to-device transfer, compilation/warmup, device synchronization, native solve, and result extraction included; independent mechanical validation, cache retrieval, table export, and rendering excluded"", ""backend"": ""numpy/scipy-cpu"", ""problem_initialization_s"": 0.00048579998838249594, ""acoustic_transfer_construction_s"": 0.0025305000017397106, ""device_transfer_s"": null, ""compilation_warmup_s"": null, ""pre_solve_synchronization_s"": null, ""solve_s"": 29.201385599997593, ""post_solve_synchronization_s"": null, ""result_extraction_s"": 4.999994416721165e-06, ""orchestration_overhead_s"": 6.100017344579101e-06, ""total_s"": 29.204412999999477, ""device_transfer_status"": ""not_applicable_synchronous_cpu"", ""compilation_warmup_status"": ""not_applicable_synchronous_cpu"", ""pre_solve_synchronization_status"": ""not_applicable_synchronous_cpu"", ""post_solve_synchronization_status"": ""not_applicable_synchronous_cpu"", ""decomposition_complete"": true, ""comparable_total"": true, ""exclusion_reason"": null}",controlled,BFGS,{},native,True,full,PRODUCTION,True,False,main-fig8-comparable-end-to-end-v2,"fresh command construction from declared inputs through terminal host phase: problem/objective initialization, acoustic transfer construction, applicable host-to-device transfer, compilation/warmup, device synchronization, native solve, and result extraction included; independent mechanical validation, cache retrieval, table export, and rendering excluded",numpy/scipy-cpu,True,,0.00048579998838249594,0.0025305000017397106,N/A,N/A,N/A,29.201385599997593,N/A,4.999994416721165e-06,6.100017344579101e-06,29.204412999999477,not_applicable_synchronous_cpu,not_applicable_synchronous_cpu,not_applicable_synchronous_cpu,not_applicable_synchronous_cpu,True,29.204412999999477,0.0,0.0,0.05,65,Figure 3 root paired initializations,GFE,GFE
GFE,Single,510466710,10.0,10000,10000,10000,36,45,-0.05904367548480464,1.3413115254980478e-08,1.3413115254980478e-08,1.3413115254980478e-08,8.399618591793554e-10,6.8806238591121056e-09,True,N m^-1 rad^-1,native optimized-objective gradient,True,0,CONVERGENCE: NORM OF PROJECTED GRADIENT <= PGTOL,True,0,CONVERGENCE: NORM OF PROJECTED GRADIENT <= PGTOL,0.006438500000513159,0.006438500000513159,FESolveResult history interval; objective/transfer construction excluded; not used for cross-method ranking,000000000000080fc111a897f7ea0ff2,000000000000080f3b5ce307189916b3,1.1142852793561358e-06,1.1142852793561358e-06,cached,C:\RINENG_COMPACT_FULL_20260920\RINENG_GFE_Standalone_Run\production_outputs\cache\production_single_run\000000000000092da417a911a0db0e19.pkl,C:\RINENG_COMPACT_FULL_20260920\RINENG_GFE_Standalone_Run\production_outputs\cache\production_single_run\000000000000092da417a911a0db0e19.pkl,gfe-final-production-v2-00000000000003f329a2,same-machine protocol record replayed from cache,"{""protocol_id"": ""main-fig8-comparable-end-to-end-v2"", ""scope"": ""fresh command construction from declared inputs through terminal host phase: problem/objective initialization, acoustic transfer construction, applicable host-to-device transfer, compilation/warmup, device synchronization, native solve, and result extraction included; independent mechanical validation, cache retrieval, table export, and rendering excluded"", ""backend"": ""numpy/scipy-cpu"", ""problem_initialization_s"": 0.000603299995418638, ""acoustic_transfer_construction_s"": 0.003894399997079745, ""device_transfer_s"": null, ""compilation_warmup_s"": null, ""pre_solve_synchronization_s"": null, ""solve_s"": 0.007597899995744228, ""post_solve_synchronization_s"": null, ""result_extraction_s"": 3.3999967854470015e-06, ""orchestration_overhead_s"": 6.600021151825786e-06, ""total_s"": 0.012105600006179884, ""device_transfer_status"": ""not_applicable_synchronous_cpu"", ""compilation_warmup_status"": ""not_applicable_synchronous_cpu"", ""pre_solve_synchronization_status"": ""not_applicable_synchronous_cpu"", ""post_solve_synchronization_status"": ""not_applicable_synchronous_cpu"", ""decomposition_complete"": true, ""comparable_total"": true, ""exclusion_reason"": null}",controlled,L-BFGS-B,"{""ftol"": 0.0, ""maxcor"": 10, ""maxfun"": 1000000, ""maxls"": 40}",compact-single-float64-v1,True,full,PRODUCTION,True,True,main-fig8-comparable-end-to-end-v2,"fresh command construction from declared inputs through terminal host phase: problem/objective initialization, acoustic transfer construction, applicable host-to-device transfer, compilation/warmup, device synchronization, native solve, and result extraction included; independent mechanical validation, cache retrieval, table export, and rendering excluded",numpy/scipy-cpu,True,,0.000603299995418638,0.003894399997079745,N/A,N/A,N/A,0.007597899995744228,N/A,3.3999967854470015e-06,6.600021151825786e-06,0.012105600006179884,not_applicable_synchronous_cpu,not_applicable_synchronous_cpu,not_applicable_synchronous_cpu,not_applicable_synchronous_cpu,True,0.012105600006179884,0.0,0.0,0.05,65,Figure 3 root paired initializations,GFE,GFE
Conventional,Single,1932374888,0.0,10000,10000,10000,5462,6937,-53.704693839675265,713.3956565840475,713.3956565840475,713.3956565840475,44.67456893075699,156.7317995972246,False,N m^-1 rad^-1,native optimized-objective gradient,False,2,Desired error not necessarily achieved due to precision loss.,False,2,Desired error not necessarily achieved due to precision loss.,26.89288349999697,26.89288349999697,FESolveResult history interval; objective/transfer construction excluded; not used for cross-method ranking,000000000000080f43fc4b9a9948fb01,000000000000080ffcf486fe66e2141e,0.0,0.0,cached,C:\RINENG_COMPACT_FULL_20260920\RINENG_GFE_Standalone_Run\production_outputs\cache\production_single_run\00000000000008a2757524e14b3bdf3f.pkl,C:\RINENG_COMPACT_FULL_20260920\RINENG_GFE_Standalone_Run\production_outputs\cache\production_single_run\00000000000008a2757524e14b3bdf3f.pkl,gfe-final-production-v2-00000000000003f329a2,same-machine protocol record replayed from cache,"{""protocol_id"": ""main-fig8-comparable-end-to-end-v2"", ""scope"": ""fresh command construction from declared inputs through terminal host phase: problem/objective initialization, acoustic transfer construction, applicable host-to-device transfer, compilation/warmup, device synchronization, native solve, and result extraction included; independent mechanical validation, cache retrieval, table export, and rendering excluded"", ""backend"": ""numpy/scipy-cpu"", ""problem_initialization_s"": 0.00037429999792948365, ""acoustic_transfer_construction_s"": 0.002705000006244518, ""device_transfer_s"": null, ""compilation_warmup_s"": null, ""pre_solve_synchronization_s"": null, ""solve_s"": 26.94514579999668, ""post_solve_synchronization_s"": null, ""result_extraction_s"": 5.800000508315861e-06, ""orchestration_overhead_s"": 6.999995093792677e-06, ""total_s"": 26.948237899996457, ""device_transfer_status"": ""not_applicable_synchronous_cpu"", ""compilation_warmup_status"": ""not_applicable_synchronous_cpu"", ""pre_solve_synchronization_status"": ""not_applicable_synchronous_cpu"", ""post_solve_synchronization_status"": ""not_applicable_synchronous_cpu"", ""decomposition_complete"": true, ""comparable_total"": true, ""exclusion_reason"": null}",controlled,BFGS,{},native,True,full,PRODUCTION,True,False,main-fig8-comparable-end-to-end-v2,"fresh command construction from declared inputs through terminal host phase: problem/objective initialization, acoustic transfer construction, applicable host-to-device transfer, compilation/warmup, device synchronization, native solve, and result extraction included; independent mechanical validation, cache retrieval, table export, and rendering excluded",numpy/scipy-cpu,True,,0.00037429999792948365,0.002705000006244518,N/A,N/A,N/A,26.94514579999668,N/A,5.800000508315861e-06,6.999995093792677e-06,26.948237899996457,not_applicable_synchronous_cpu,not_applicable_synchronous_cpu,not_applicable_synchronous_cpu,not_applicable_synchronous_cpu,True,26.948237899996457,0.0,0.0,0.05,66,Figure 3 root paired initializations,GFE,GFE
GFE,Single,1932374888,10.0,10000,10000,10000,41,53,-0.05904367548438615,3.204637624789592e-08,3.204637624789592e-08,3.204637624789592e-08,2.0068219247686596e-09,9.680405817746467e-09,True,N m^-1 rad^-1,native optimized-objective gradient,True,0,CONVERGENCE: NORM OF PROJECTED GRADIENT <= PGTOL,True,0,CONVERGENCE: NORM OF PROJECTED GRADIENT <= PGTOL,0.011436000000685453,0.011436000000685453,FESolveResult history interval; objective/transfer construction excluded; not used for cross-method ranking,000000000000080f29c7b52ea872241f,000000000000080ffcf486fe66e2141e,1.1142852793561358e-06,1.1142852793561358e-06,cached,C:\RINENG_COMPACT_FULL_20260920\RINENG_GFE_Standalone_Run\production_outputs\cache\production_single_run\000000000000092e96d97ad12aec0ef7.pkl,C:\RINENG_COMPACT_FULL_20260920\RINENG_GFE_Standalone_Run\production_outputs\cache\production_single_run\000000000000092e96d97ad12aec0ef7.pkl,gfe-final-production-v2-00000000000003f329a2,same-machine protocol record replayed from cache,"{""protocol_id"": ""main-fig8-comparable-end-to-end-v2"", ""scope"": ""fresh command construction from declared inputs through terminal host phase: problem/objective initialization, acoustic transfer construction, applicable host-to-device transfer, compilation/warmup, device synchronization, native solve, and result extraction included; independent mechanical validation, cache retrieval, table export, and rendering excluded"", ""backend"": ""numpy/scipy-cpu"", ""problem_initialization_s"": 0.000797100001364015, ""acoustic_transfer_construction_s"": 0.006739600008586422, ""device_transfer_s"": null, ""compilation_warmup_s"": null, ""pre_solve_synchronization_s"": null, ""solve_s"": 0.012778699994669296, ""post_solve_synchronization_s"": null, ""result_extraction_s"": 4.2000028770416975e-06, ""orchestration_overhead_s"": 1.0399991879239678e-05, ""total_s"": 0.020329999999376014, ""device_transfer_status"": ""not_applicable_synchronous_cpu"", ""compilation_warmup_status"": ""not_applicable_synchronous_cpu"", ""pre_solve_synchronization_status"": ""not_applicable_synchronous_cpu"", ""post_solve_synchronization_status"": ""not_applicable_synchronous_cpu"", ""decomposition_complete"": true, ""comparable_total"": true, ""exclusion_reason"": null}",controlled,L-BFGS-B,"{""ftol"": 0.0, ""maxcor"": 10, ""maxfun"": 1000000, ""maxls"": 40}",compact-single-float64-v1,True,full,PRODUCTION,True,True,main-fig8-comparable-end-to-end-v2,"fresh command construction from declared inputs through terminal host phase: problem/objective initialization, acoustic transfer construction, applicable host-to-device transfer, compilation/warmup, device synchronization, native solve, and result extraction included; independent mechanical validation, cache retrieval, table export, and rendering excluded",numpy/scipy-cpu,True,,0.000797100001364015,0.006739600008586422,N/A,N/A,N/A,0.012778699994669296,N/A,4.2000028770416975e-06,1.0399991879239678e-05,0.020329999999376014,not_applicable_synchronous_cpu,not_applicable_synchronous_cpu,not_applicable_synchronous_cpu,not_applicable_synchronous_cpu,True,0.020329999999376014,0.0,0.0,0.05,66,Figure 3 root paired initializations,GFE,GFE
Conventional,Single,2063685349,0.0,10000,10000,10000,5978,7640,-53.7348746435215,652.2627261461538,652.2627261461538,652.2627261461538,40.846276328214216,156.63045585833984,False,N m^-1 rad^-1,native optimized-objective gradient,False,2,Desired error not necessarily achieved due to precision loss.,False,2,Desired error not necessarily achieved due to precision loss.,29.2971181999892,29.2971181999892,FESolveResult history interval; objective/transfer construction excluded; not used for cross-method ranking,000000000000080f983d666e93160bec,000000000000080fc6acc769d2b50db5,0.0,0.0,cached,C:\RINENG_COMPACT_FULL_20260920\RINENG_GFE_Standalone_Run\production_outputs\cache\production_single_run\00000000000008a2bcc004855409df5c.pkl,C:\RINENG_COMPACT_FULL_20260920\RINENG_GFE_Standalone_Run\production_outputs\cache\production_single_run\00000000000008a2bcc004855409df5c.pkl,gfe-final-production-v2-00000000000003f329a2,same-machine protocol record replayed from cache,"{""protocol_id"": ""main-fig8-comparable-end-to-end-v2"", ""scope"": ""fresh command construction from declared inputs through terminal host phase: problem/objective initialization, acoustic transfer construction, applicable host-to-device transfer, compilation/warmup, device synchronization, native solve, and result extraction included; independent mechanical validation, cache retrieval, table export, and rendering excluded"", ""backend"": ""numpy/scipy-cpu"", ""problem_initialization_s"": 0.00037349999183788896, ""acoustic_transfer_construction_s"": 0.0027497000119183213, ""device_transfer_s"": null, ""compilation_warmup_s"": null, ""pre_solve_synchronization_s"": null, ""solve_s"": 29.35602530000324, ""post_solve_synchronization_s"": null, ""result_extraction_s"": 6.300004315562546e-06, ""orchestration_overhead_s"": 6.9999805418774486e-06, ""total_s"": 29.359161799991853, ""device_transfer_status"": ""not_applicable_synchronous_cpu"", ""compilation_warmup_status"": ""not_applicable_synchronous_cpu"", ""pre_solve_synchronization_status"": ""not_applicable_synchronous_cpu"", ""post_solve_synchronization_status"": ""not_applicable_synchronous_cpu"", ""decomposition_complete"": true, ""comparable_total"": true, ""exclusion_reason"": null}",controlled,BFGS,{},native,True,full,PRODUCTION,True,False,main-fig8-comparable-end-to-end-v2,"fresh command construction from declared inputs through terminal host phase: problem/objective initialization, acoustic transfer construction, applicable host-to-device transfer, compilation/warmup, device synchronization, native solve, and result extraction included; independent mechanical validation, cache retrieval, table export, and rendering excluded",numpy/scipy-cpu,True,,0.00037349999183788896,0.0027497000119183213,N/A,N/A,N/A,29.35602530000324,N/A,6.300004315562546e-06,6.9999805418774486e-06,29.359161799991853,not_applicable_synchronous_cpu,not_applicable_synchronous_cpu,not_applicable_synchronous_cpu,not_applicable_synchronous_cpu,True,29.359161799991853,0.0,0.0,0.05,67,Figure 3 root paired initializations,GFE,GFE
GFE,Single,2063685349,10.0,10000,10000,10000,42,50,-0.05904367548363058,5.790547785472564e-08,5.790547785472564e-08,5.790547785472564e-08,3.626181681952239e-09,8.894559350135074e-09,True,N m^-1 rad^-1,native optimized-objective gradient,True,0,CONVERGENCE: NORM OF PROJECTED GRADIENT <= PGTOL,True,0,CONVERGENCE: NORM OF PROJECTED GRADIENT <= PGTOL,0.012219500000355765,0.012219500000355765,FESolveResult history interval; objective/transfer construction excluded; not used for cross-method ranking,000000000000080fd488640709dc14a7,000000000000080fc6acc769d2b50db5,1.1142852793561358e-06,1.1142852793561358e-06,cached,C:\RINENG_COMPACT_FULL_20260920\RINENG_GFE_Standalone_Run\production_outputs\cache\production_single_run\000000000000092e9919c259371a0f14.pkl,C:\RINENG_COMPACT_FULL_20260920\RINENG_GFE_Standalone_Run\production_outputs\cache\production_single_run\000000000000092e9919c259371a0f14.pkl,gfe-final-production-v2-00000000000003f329a2,same-machine protocol record replayed from cache,"{""protocol_id"": ""main-fig8-comparable-end-to-end-v2"", ""scope"": ""fresh command construction from declared inputs through terminal host phase: problem/objective initialization, acoustic transfer construction, applicable host-to-device transfer, compilation/warmup, device synchronization, native solve, and result extraction included; independent mechanical validation, cache retrieval, table export, and rendering excluded"", ""backend"": ""numpy/scipy-cpu"", ""problem_initialization_s"": 0.0007653000066056848, ""acoustic_transfer_construction_s"": 0.005874399997992441, ""device_transfer_s"": null, ""compilation_warmup_s"": null, ""pre_solve_synchronization_s"": null, ""solve_s"": 0.01290260000678245, ""post_solve_synchronization_s"": null, ""result_extraction_s"": 2.7999922167509794e-06, ""orchestration_overhead_s"": 8.59999272506684e-06, ""total_s"": 0.019553699996322393, ""device_transfer_status"": ""not_applicable_synchronous_cpu"", ""compilation_warmup_status"": ""not_applicable_synchronous_cpu"", ""pre_solve_synchronization_status"": ""not_applicable_synchronous_cpu"", ""post_solve_synchronization_status"": ""not_applicable_synchronous_cpu"", ""decomposition_complete"": true, ""comparable_total"": true, ""exclusion_reason"": null}",controlled,L-BFGS-B,"{""ftol"": 0.0, ""maxcor"": 10, ""maxfun"": 1000000, ""maxls"": 40}",compact-single-float64-v1,True,full,PRODUCTION,True,True,main-fig8-comparable-end-to-end-v2,"fresh command construction from declared inputs through terminal host phase: problem/objective initialization, acoustic transfer construction, applicable host-to-device transfer, compilation/warmup, device synchronization, native solve, and result extraction included; independent mechanical validation, cache retrieval, table export, and rendering excluded",numpy/scipy-cpu,True,,0.0007653000066056848,0.005874399997992441,N/A,N/A,N/A,0.01290260000678245,N/A,2.7999922167509794e-06,8.59999272506684e-06,0.019553699996322393,not_applicable_synchronous_cpu,not_applicable_synchronous_cpu,not_applicable_synchronous_cpu,not_applicable_synchronous_cpu,True,0.019553699996322393,0.0,0.0,0.05,67,Figure 3 root paired initializations,GFE,GFE
Conventional,Single,2138472900,0.0,10000,10000,10000,7308,9084,-53.900322433276536,686.4264407661998,686.4264407661998,686.4264407661998,42.985691125091584,155.70614464507625,False,N m^-1 rad^-1,native optimized-objective gradient,False,2,Desired error not necessarily achieved due to precision loss.,False,2,Desired error not necessarily achieved due to precision loss.,35.13861719999113,35.13861719999113,FESolveResult history interval; objective/transfer construction excluded; not used for cross-method ranking,000000000000080f131bfdf62fcc20b7,000000000000080f187f51e4395b0ce8,0.0,0.0,cached,C:\RINENG_COMPACT_FULL_20260920\RINENG_GFE_Standalone_Run\production_outputs\cache\production_single_run\00000000000008a232213f442847decc.pkl,C:\RINENG_COMPACT_FULL_20260920\RINENG_GFE_Standalone_Run\production_outputs\cache\production_single_run\00000000000008a232213f442847decc.pkl,gfe-final-production-v2-00000000000003f329a2,same-machine protocol record replayed from cache,"{""protocol_id"": ""main-fig8-comparable-end-to-end-v2"", ""scope"": ""fresh command construction from declared inputs through terminal host phase: problem/objective initialization, acoustic transfer construction, applicable host-to-device transfer, compilation/warmup, device synchronization, native solve, and result extraction included; independent mechanical validation, cache retrieval, table export, and rendering excluded"", ""backend"": ""numpy/scipy-cpu"", ""problem_initialization_s"": 0.00039939999987836927, ""acoustic_transfer_construction_s"": 0.0029680000006919727, ""device_transfer_s"": null, ""compilation_warmup_s"": null, ""pre_solve_synchronization_s"": null, ""solve_s"": 35.20540550000442, ""post_solve_synchronization_s"": null, ""result_extraction_s"": 5.3000112529844046e-06, ""orchestration_overhead_s"": 6.4999767346307635e-06, ""total_s"": 35.208784699992975, ""device_transfer_status"": ""not_applicable_synchronous_cpu"", ""compilation_warmup_status"": ""not_applicable_synchronous_cpu"", ""pre_solve_synchronization_status"": ""not_applicable_synchronous_cpu"", ""post_solve_synchronization_status"": ""not_applicable_synchronous_cpu"", ""decomposition_complete"": true, ""comparable_total"": true, ""exclusion_reason"": null}",controlled,BFGS,{},native,True,full,PRODUCTION,True,False,main-fig8-comparable-end-to-end-v2,"fresh command construction from declared inputs through terminal host phase: problem/objective initialization, acoustic transfer construction, applicable host-to-device transfer, compilation/warmup, device synchronization, native solve, and result extraction included; independent mechanical validation, cache retrieval, table export, and rendering excluded",numpy/scipy-cpu,True,,0.00039939999987836927,0.0029680000006919727,N/A,N/A,N/A,35.20540550000442,N/A,5.3000112529844046e-06,6.4999767346307635e-06,35.208784699992975,not_applicable_synchronous_cpu,not_applicable_synchronous_cpu,not_applicable_synchronous_cpu,not_applicable_synchronous_cpu,True,35.208784699992975,0.0,0.0,0.05,68,Figure 3 root paired initializations,GFE,GFE
GFE,Single,2138472900,10.0,10000,10000,10000,29,36,-0.05904367548497177,1.6005951672498416e-08,1.6005951672498416e-08,1.6005951672498416e-08,1.0023315739253483e-09,3.167505742491762e-09,True,N m^-1 rad^-1,native optimized-objective gradient,True,0,CONVERGENCE: NORM OF PROJECTED GRADIENT <= PGTOL,True,0,CONVERGENCE: NORM OF PROJECTED GRADIENT <= PGTOL,0.0038877000042703003,0.0038877000042703003,FESolveResult history interval; objective/transfer construction excluded; not used for cross-method ranking,000000000000080f415a809e498f1171,000000000000080f187f51e4395b0ce8,1.1142852793561358e-06,1.1142852793561358e-06,cached,C:\RINENG_COMPACT_FULL_20260920\RINENG_GFE_Standalone_Run\production_outputs\cache\production_single_run\000000000000092ef8b4c799feb90e84.pkl,C:\RINENG_COMPACT_FULL_20260920\RINENG_GFE_Standalone_Run\production_outputs\cache\production_single_run\000000000000092ef8b4c799feb90e84.pkl,gfe-final-production-v2-00000000000003f329a2,same-machine protocol record replayed from cache,"{""protocol_id"": ""main-fig8-comparable-end-to-end-v2"", ""scope"": ""fresh command construction from declared inputs through terminal host phase: problem/objective initialization, acoustic transfer construction, applicable host-to-device transfer, compilation/warmup, device synchronization, native solve, and result extraction included; independent mechanical validation, cache retrieval, table export, and rendering excluded"", ""backend"": ""numpy/scipy-cpu"", ""problem_initialization_s"": 0.000420899988966994, ""acoustic_transfer_construction_s"": 0.003878499992424622, ""device_transfer_s"": null, ""compilation_warmup_s"": null, ""pre_solve_synchronization_s"": null, ""solve_s"": 0.004350800008978695, ""post_solve_synchronization_s"": null, ""result_extraction_s"": 2.3000029614195228e-06, ""orchestration_overhead_s"": 5.3000112529844046e-06, ""total_s"": 0.008657800004584715, ""device_transfer_status"": ""not_applicable_synchronous_cpu"", ""compilation_warmup_status"": ""not_applicable_synchronous_cpu"", ""pre_solve_synchronization_status"": ""not_applicable_synchronous_cpu"", ""post_solve_synchronization_status"": ""not_applicable_synchronous_cpu"", ""decomposition_complete"": true, ""comparable_total"": true, ""exclusion_reason"": null}",controlled,L-BFGS-B,"{""ftol"": 0.0, ""maxcor"": 10, ""maxfun"": 1000000, ""maxls"": 40}",compact-single-float64-v1,True,full,PRODUCTION,True,True,main-fig8-comparable-end-to-end-v2,"fresh command construction from declared inputs through terminal host phase: problem/objective initialization, acoustic transfer construction, applicable host-to-device transfer, compilation/warmup, device synchronization, native solve, and result extraction included; independent mechanical validation, cache retrieval, table export, and rendering excluded",numpy/scipy-cpu,True,,0.000420899988966994,0.003878499992424622,N/A,N/A,N/A,0.004350800008978695,N/A,2.3000029614195228e-06,5.3000112529844046e-06,0.008657800004584715,not_applicable_synchronous_cpu,not_applicable_synchronous_cpu,not_applicable_synchronous_cpu,not_applicable_synchronous_cpu,True,0.008657800004584715,0.0,0.0,0.05,68,Figure 3 root paired initializations,GFE,GFE
Conventional,Single,154037505,0.0,10000,10000,10000,4717,6103,-51.54677554669531,693.4568558799203,693.4568558799203,693.4568558799203,43.42595279715398,127.98303446701713,False,N m^-1 rad^-1,native optimized-objective gradient,False,2,Desired error not necessarily achieved due to precision loss.,False,2,Desired error not necessarily achieved due to precision loss.,23.726571500010323,23.726571500010323,FESolveResult history interval; objective/transfer construction excluded; not used for cross-method ranking,000000000000080f8f05d279f7e81c12,000000000000080fb568a39523bcf8bd,0.0,0.0,cached,C:\RINENG_COMPACT_FULL_20260920\RINENG_GFE_Standalone_Run\production_outputs\cache\production_single_run\00000000000008a1d81dd6b26c46def3.pkl,C:\RINENG_COMPACT_FULL_20260920\RINENG_GFE_Standalone_Run\production_outputs\cache\production_single_run\00000000000008a1d81dd6b26c46def3.pkl,gfe-final-production-v2-00000000000003f329a2,same-machine protocol record replayed from cache,"{""protocol_id"": ""main-fig8-comparable-end-to-end-v2"", ""scope"": ""fresh command construction from declared inputs through terminal host phase: problem/objective initialization, acoustic transfer construction, applicable host-to-device transfer, compilation/warmup, device synchronization, native solve, and result extraction included; independent mechanical validation, cache retrieval, table export, and rendering excluded"", ""backend"": ""numpy/scipy-cpu"", ""problem_initialization_s"": 0.0003513999981805682, ""acoustic_transfer_construction_s"": 0.00279949999821838, ""device_transfer_s"": null, ""compilation_warmup_s"": null, ""pre_solve_synchronization_s"": null, ""solve_s"": 23.770074700005352, ""post_solve_synchronization_s"": null, ""result_extraction_s"": 6.000002031214535e-06, ""orchestration_overhead_s"": 7.099995855242014e-06, ""total_s"": 23.773238699999638, ""device_transfer_status"": ""not_applicable_synchronous_cpu"", ""compilation_warmup_status"": ""not_applicable_synchronous_cpu"", ""pre_solve_synchronization_status"": ""not_applicable_synchronous_cpu"", ""post_solve_synchronization_status"": ""not_applicable_synchronous_cpu"", ""decomposition_complete"": true, ""comparable_total"": true, ""exclusion_reason"": null}",controlled,BFGS,{},native,True,full,PRODUCTION,True,False,main-fig8-comparable-end-to-end-v2,"fresh command construction from declared inputs through terminal host phase: problem/objective initialization, acoustic transfer construction, applicable host-to-device transfer, compilation/warmup, device synchronization, native solve, and result extraction included; independent mechanical validation, cache retrieval, table export, and rendering excluded",numpy/scipy-cpu,True,,0.0003513999981805682,0.00279949999821838,N/A,N/A,N/A,23.770074700005352,N/A,6.000002031214535e-06,7.099995855242014e-06,23.773238699999638,not_applicable_synchronous_cpu,not_applicable_synchronous_cpu,not_applicable_synchronous_cpu,not_applicable_synchronous_cpu,True,23.773238699999638,0.0,0.0,0.05,69,Figure 3 root paired initializations,GFE,GFE
GFE,Single,154037505,10.0,10000,10000,10000,35,43,-0.059043675484768604,1.6988736945361802e-08,1.6988736945361802e-08,1.6988736945361802e-08,1.0638759750041283e-09,5.899498500936479e-09,True,N m^-1 rad^-1,native optimized-objective gradient,True,0,CONVERGENCE: NORM OF PROJECTED GRADIENT <= PGTOL,True,0,CONVERGENCE: NORM OF PROJECTED GRADIENT <= PGTOL,0.0043775000085588545,0.0043775000085588545,FESolveResult history interval; objective/transfer construction excluded; not used for cross-method ranking,000000000000080f3679186aae8010b5,000000000000080fb568a39523bcf8bd,1.1142852793561358e-06,1.1142852793561358e-06,cached,C:\RINENG_COMPACT_FULL_20260920\RINENG_GFE_Standalone_Run\production_outputs\cache\production_single_run\000000000000092d1ba2ed5d1bd60eab.pkl,C:\RINENG_COMPACT_FULL_20260920\RINENG_GFE_Standalone_Run\production_outputs\cache\production_single_run\000000000000092d1ba2ed5d1bd60eab.pkl,gfe-final-production-v2-00000000000003f329a2,same-machine protocol record replayed from cache,"{""protocol_id"": ""main-fig8-comparable-end-to-end-v2"", ""scope"": ""fresh command construction from declared inputs through terminal host phase: problem/objective initialization, acoustic transfer construction, applicable host-to-device transfer, compilation/warmup, device synchronization, native solve, and result extraction included; independent mechanical validation, cache retrieval, table export, and rendering excluded"", ""backend"": ""numpy/scipy-cpu"", ""problem_initialization_s"": 0.000672199996188283, ""acoustic_transfer_construction_s"": 0.004709900007583201, ""device_transfer_s"": null, ""compilation_warmup_s"": null, ""pre_solve_synchronization_s"": null, ""solve_s"": 0.004905900001176633, ""post_solve_synchronization_s"": null, ""result_extraction_s"": 2.3000029614195228e-06, ""orchestration_overhead_s"": 6.200003554113209e-06, ""total_s"": 0.01029650001146365, ""device_transfer_status"": ""not_applicable_synchronous_cpu"", ""compilation_warmup_status"": ""not_applicable_synchronous_cpu"", ""pre_solve_synchronization_status"": ""not_applicable_synchronous_cpu"", ""post_solve_synchronization_status"": ""not_applicable_synchronous_cpu"", ""decomposition_complete"": true, ""comparable_total"": true, ""exclusion_reason"": null}",controlled,L-BFGS-B,"{""ftol"": 0.0, ""maxcor"": 10, ""maxfun"": 1000000, ""maxls"": 40}",compact-single-float64-v1,True,full,PRODUCTION,True,True,main-fig8-comparable-end-to-end-v2,"fresh command construction from declared inputs through terminal host phase: problem/objective initialization, acoustic transfer construction, applicable host-to-device transfer, compilation/warmup, device synchronization, native solve, and result extraction included; independent mechanical validation, cache retrieval, table export, and rendering excluded",numpy/scipy-cpu,True,,0.000672199996188283,0.004709900007583201,N/A,N/A,N/A,0.004905900001176633,N/A,2.3000029614195228e-06,6.200003554113209e-06,0.01029650001146365,not_applicable_synchronous_cpu,not_applicable_synchronous_cpu,not_applicable_synchronous_cpu,not_applicable_synchronous_cpu,True,0.01029650001146365,0.0,0.0,0.05,69,Figure 3 root paired initializations,GFE,GFE
Conventional,Single,1622684774,0.0,10000,10000,10000,5650,7139,-54.56741079488327,647.0057914860171,647.0057914860171,647.0057914860171,40.51707431013171,121.70278553552131,False,N m^-1 rad^-1,native optimized-objective gradient,False,2,Desired error not necessarily achieved due to precision loss.,False,2,Desired error not necessarily achieved due to precision loss.,27.65964480000548,27.65964480000548,FESolveResult history interval; objective/transfer construction excluded; not used for cross-method ranking,000000000000080f8d791b0aa1dbfbba,000000000000080f6c90bda05327fb87,0.0,0.0,cached,C:\RINENG_COMPACT_FULL_20260920\RINENG_GFE_Standalone_Run\production_outputs\cache\production_single_run\00000000000008a22b75019e80c3df00.pkl,C:\RINENG_COMPACT_FULL_20260920\RINENG_GFE_Standalone_Run\production_outputs\cache\production_single_run\00000000000008a22b75019e80c3df00.pkl,gfe-final-production-v2-00000000000003f329a2,same-machine protocol record replayed from cache,"{""protocol_id"": ""main-fig8-comparable-end-to-end-v2"", ""scope"": ""fresh command construction from declared inputs through terminal host phase: problem/objective initialization, acoustic transfer construction, applicable host-to-device transfer, compilation/warmup, device synchronization, native solve, and result extraction included; independent mechanical validation, cache retrieval, table export, and rendering excluded"", ""backend"": ""numpy/scipy-cpu"", ""problem_initialization_s"": 0.0003845000028377399, ""acoustic_transfer_construction_s"": 0.002856400009477511, ""device_transfer_s"": null, ""compilation_warmup_s"": null, ""pre_solve_synchronization_s"": null, ""solve_s"": 27.71254519998911, ""post_solve_synchronization_s"": null, ""result_extraction_s"": 6.000002031214535e-06, ""orchestration_overhead_s"": 6.999995093792677e-06, ""total_s"": 27.71579909999855, ""device_transfer_status"": ""not_applicable_synchronous_cpu"", ""compilation_warmup_status"": ""not_applicable_synchronous_cpu"", ""pre_solve_synchronization_status"": ""not_applicable_synchronous_cpu"", ""post_solve_synchronization_status"": ""not_applicable_synchronous_cpu"", ""decomposition_complete"": true, ""comparable_total"": true, ""exclusion_reason"": null}",controlled,BFGS,{},native,True,full,PRODUCTION,True,False,main-fig8-comparable-end-to-end-v2,"fresh command construction from declared inputs through terminal host phase: problem/objective initialization, acoustic transfer construction, applicable host-to-device transfer, compilation/warmup, device synchronization, native solve, and result extraction included; independent mechanical validation, cache retrieval, table export, and rendering excluded",numpy/scipy-cpu,True,,0.0003845000028377399,0.002856400009477511,N/A,N/A,N/A,27.71254519998911,N/A,6.000002031214535e-06,6.999995093792677e-06,27.71579909999855,not_applicable_synchronous_cpu,not_applicable_synchronous_cpu,not_applicable_synchronous_cpu,not_applicable_synchronous_cpu,True,27.71579909999855,0.0,0.0,0.05,70,Figure 3 root paired initializations,GFE,GFE
GFE,Single,1622684774,10.0,10000,10000,10000,30,39,-0.059043675485101935,7.355694219934155e-09,7.355694219934155e-09,7.355694219934155e-09,4.606314398317398e-10,5.134264609013529e-09,True,N m^-1 rad^-1,native optimized-objective gradient,True,0,CONVERGENCE: NORM OF PROJECTED GRADIENT <= PGTOL,True,0,CONVERGENCE: NORM OF PROJECTED GRADIENT <= PGTOL,0.004491700005019084,0.004491700005019084,FESolveResult history interval; objective/transfer construction excluded; not used for cross-method ranking,000000000000080f374a4154e0231d02,000000000000080f6c90bda05327fb87,1.1142852793561358e-06,1.1142852793561358e-06,cached,C:\RINENG_COMPACT_FULL_20260920\RINENG_GFE_Standalone_Run\production_outputs\cache\production_single_run\000000000000092ee8b36a6e5b1c0eb8.pkl,C:\RINENG_COMPACT_FULL_20260920\RINENG_GFE_Standalone_Run\production_outputs\cache\production_single_run\000000000000092ee8b36a6e5b1c0eb8.pkl,gfe-final-production-v2-00000000000003f329a2,same-machine protocol record replayed from cache,"{""protocol_id"": ""main-fig8-comparable-end-to-end-v2"", ""scope"": ""fresh command construction from declared inputs through terminal host phase: problem/objective initialization, acoustic transfer construction, applicable host-to-device transfer, compilation/warmup, device synchronization, native solve, and result extraction included; independent mechanical validation, cache retrieval, table export, and rendering excluded"", ""backend"": ""numpy/scipy-cpu"", ""problem_initialization_s"": 0.0004317999992053956, ""acoustic_transfer_construction_s"": 0.003869200008921325, ""device_transfer_s"": null, ""compilation_warmup_s"": null, ""pre_solve_synchronization_s"": null, ""solve_s"": 0.004969200002960861, ""post_solve_synchronization_s"": null, ""result_extraction_s"": 2.4000037228688598e-06, ""orchestration_overhead_s"": 5.199981387704611e-06, ""total_s"": 0.009277799996198155, ""device_transfer_status"": ""not_applicable_synchronous_cpu"", ""compilation_warmup_status"": ""not_applicable_synchronous_cpu"", ""pre_solve_synchronization_status"": ""not_applicable_synchronous_cpu"", ""post_solve_synchronization_status"": ""not_applicable_synchronous_cpu"", ""decomposition_complete"": true, ""comparable_total"": true, ""exclusion_reason"": null}",controlled,L-BFGS-B,"{""ftol"": 0.0, ""maxcor"": 10, ""maxfun"": 1000000, ""maxls"": 40}",compact-single-float64-v1,True,full,PRODUCTION,True,True,main-fig8-comparable-end-to-end-v2,"fresh command construction from declared inputs through terminal host phase: problem/objective initialization, acoustic transfer construction, applicable host-to-device transfer, compilation/warmup, device synchronization, native solve, and result extraction included; independent mechanical validation, cache retrieval, table export, and rendering excluded",numpy/scipy-cpu,True,,0.0004317999992053956,0.003869200008921325,N/A,N/A,N/A,0.004969200002960861,N/A,2.4000037228688598e-06,5.199981387704611e-06,0.009277799996198155,not_applicable_synchronous_cpu,not_applicable_synchronous_cpu,not_applicable_synchronous_cpu,not_applicable_synchronous_cpu,True,0.009277799996198155,0.0,0.0,0.05,70,Figure 3 root paired initializations,GFE,GFE
Conventional,Single,1964692564,0.0,10000,10000,10000,6072,7775,-54.08944272290205,655.7892970809673,655.7892970809673,655.7892970809673,41.06711876657573,156.14546432811727,False,N m^-1 rad^-1,native optimized-objective gradient,False,2,Desired error not necessarily achieved due to precision loss.,False,2,Desired error not necessarily achieved due to precision loss.,30.03740299999481,30.03740299999481,FESolveResult history interval; objective/transfer construction excluded; not used for cross-method ranking,000000000000080ff435f8ab07aa1695,000000000000080fd02e46511a3f15ca,0.0,0.0,cached,C:\RINENG_COMPACT_FULL_20260920\RINENG_GFE_Standalone_Run\production_outputs\cache\production_single_run\00000000000008a229be7e4e04fedef4.pkl,C:\RINENG_COMPACT_FULL_20260920\RINENG_GFE_Standalone_Run\production_outputs\cache\production_single_run\00000000000008a229be7e4e04fedef4.pkl,gfe-final-production-v2-00000000000003f329a2,same-machine protocol record replayed from cache,"{""protocol_id"": ""main-fig8-comparable-end-to-end-v2"", ""scope"": ""fresh command construction from declared inputs through terminal host phase: problem/objective initialization, acoustic transfer construction, applicable host-to-device transfer, compilation/warmup, device synchronization, native solve, and result extraction included; independent mechanical validation, cache retrieval, table export, and rendering excluded"", ""backend"": ""numpy/scipy-cpu"", ""problem_initialization_s"": 0.0003816999960690737, ""acoustic_transfer_construction_s"": 0.0026304000057280064, ""device_transfer_s"": null, ""compilation_warmup_s"": null, ""pre_solve_synchronization_s"": null, ""solve_s"": 30.09180570000899, ""post_solve_synchronization_s"": null, ""result_extraction_s"": 5.399997462518513e-06, ""orchestration_overhead_s"": 5.89998671784997e-06, ""total_s"": 30.094829099994968, ""device_transfer_status"": ""not_applicable_synchronous_cpu"", ""compilation_warmup_status"": ""not_applicable_synchronous_cpu"", ""pre_solve_synchronization_status"": ""not_applicable_synchronous_cpu"", ""post_solve_synchronization_status"": ""not_applicable_synchronous_cpu"", ""decomposition_complete"": true, ""comparable_total"": true, ""exclusion_reason"": null}",controlled,BFGS,{},native,True,full,PRODUCTION,True,False,main-fig8-comparable-end-to-end-v2,"fresh command construction from declared inputs through terminal host phase: problem/objective initialization, acoustic transfer construction, applicable host-to-device transfer, compilation/warmup, device synchronization, native solve, and result extraction included; independent mechanical validation, cache retrieval, table export, and rendering excluded",numpy/scipy-cpu,True,,0.0003816999960690737,0.0026304000057280064,N/A,N/A,N/A,30.09180570000899,N/A,5.399997462518513e-06,5.89998671784997e-06,30.094829099994968,not_applicable_synchronous_cpu,not_applicable_synchronous_cpu,not_applicable_synchronous_cpu,not_applicable_synchronous_cpu,True,30.094829099994968,0.0,0.0,0.05,71,Figure 3 root paired initializations,GFE,GFE
GFE,Single,1964692564,10.0,10000,10000,10000,38,45,-0.05904367548443228,3.0676922291327485e-08,3.0676922291327485e-08,3.0676922291327485e-08,1.9210633914560773e-09,8.61672496254401e-09,True,N m^-1 rad^-1,native optimized-objective gradient,True,0,CONVERGENCE: NORM OF PROJECTED GRADIENT <= PGTOL,True,0,CONVERGENCE: NORM OF PROJECTED GRADIENT <= PGTOL,0.004601499997079372,0.004601499997079372,FESolveResult history interval; objective/transfer construction excluded; not used for cross-method ranking,000000000000080f5a03cc2754ae09d7,000000000000080fd02e46511a3f15ca,1.1142852793561358e-06,1.1142852793561358e-06,cached,C:\RINENG_COMPACT_FULL_20260920\RINENG_GFE_Standalone_Run\production_outputs\cache\production_single_run\000000000000092e66efd80cddb00eac.pkl,C:\RINENG_COMPACT_FULL_20260920\RINENG_GFE_Standalone_Run\production_outputs\cache\production_single_run\000000000000092e66efd80cddb00eac.pkl,gfe-final-production-v2-00000000000003f329a2,same-machine protocol record replayed from cache,"{""protocol_id"": ""main-fig8-comparable-end-to-end-v2"", ""scope"": ""fresh command construction from declared inputs through terminal host phase: problem/objective initialization, acoustic transfer construction, applicable host-to-device transfer, compilation/warmup, device synchronization, native solve, and result extraction included; independent mechanical validation, cache retrieval, table export, and rendering excluded"", ""backend"": ""numpy/scipy-cpu"", ""problem_initialization_s"": 0.000378700002329424, ""acoustic_transfer_construction_s"": 0.003648300000349991, ""device_transfer_s"": null, ""compilation_warmup_s"": null, ""pre_solve_synchronization_s"": null, ""solve_s"": 0.005138299995451234, ""post_solve_synchronization_s"": null, ""result_extraction_s"": 2.3000029614195228e-06, ""orchestration_overhead_s"": 4.7000066842883825e-06, ""total_s"": 0.009172300007776357, ""device_transfer_status"": ""not_applicable_synchronous_cpu"", ""compilation_warmup_status"": ""not_applicable_synchronous_cpu"", ""pre_solve_synchronization_status"": ""not_applicable_synchronous_cpu"", ""post_solve_synchronization_status"": ""not_applicable_synchronous_cpu"", ""decomposition_complete"": true, ""comparable_total"": true, ""exclusion_reason"": null}",controlled,L-BFGS-B,"{""ftol"": 0.0, ""maxcor"": 10, ""maxfun"": 1000000, ""maxls"": 40}",compact-single-float64-v1,True,full,PRODUCTION,True,True,main-fig8-comparable-end-to-end-v2,"fresh command construction from declared inputs through terminal host phase: problem/objective initialization, acoustic transfer construction, applicable host-to-device transfer, compilation/warmup, device synchronization, native solve, and result extraction included; independent mechanical validation, cache retrieval, table export, and rendering excluded",numpy/scipy-cpu,True,,0.000378700002329424,0.003648300000349991,N/A,N/A,N/A,0.005138299995451234,N/A,2.3000029614195228e-06,4.7000066842883825e-06,0.009172300007776357,not_applicable_synchronous_cpu,not_applicable_synchronous_cpu,not_applicable_synchronous_cpu,not_applicable_synchronous_cpu,True,0.009172300007776357,0.0,0.0,0.05,71,Figure 3 root paired initializations,GFE,GFE
Conventional,Single,1224263593,0.0,10000,10000,10000,6129,7772,-52.947021713791756,736.8153784521228,736.8153784521228,736.8153784521228,46.14116880318167,154.22003157275248,False,N m^-1 rad^-1,native optimized-objective gradient,False,2,Desired error not necessarily achieved due to precision loss.,False,2,Desired error not necessarily achieved due to precision loss.,29.711882900010096,29.711882900010096,FESolveResult history interval; objective/transfer construction excluded; not used for cross-method ranking,000000000000080fa3e86ea367cc018e,000000000000080fcdfd6411bae41141,0.0,0.0,cached,C:\RINENG_COMPACT_FULL_20260920\RINENG_GFE_Standalone_Run\production_outputs\cache\production_single_run\00000000000008a29949b35260dfdf15.pkl,C:\RINENG_COMPACT_FULL_20260920\RINENG_GFE_Standalone_Run\production_outputs\cache\production_single_run\00000000000008a29949b35260dfdf15.pkl,gfe-final-production-v2-00000000000003f329a2,same-machine protocol record replayed from cache,"{""protocol_id"": ""main-fig8-comparable-end-to-end-v2"", ""scope"": ""fresh command construction from declared inputs through terminal host phase: problem/objective initialization, acoustic transfer construction, applicable host-to-device transfer, compilation/warmup, device synchronization, native solve, and result extraction included; independent mechanical validation, cache retrieval, table export, and rendering excluded"", ""backend"": ""numpy/scipy-cpu"", ""problem_initialization_s"": 0.0003701999958138913, ""acoustic_transfer_construction_s"": 0.0025618000072427094, ""device_transfer_s"": null, ""compilation_warmup_s"": null, ""pre_solve_synchronization_s"": null, ""solve_s"": 29.767751799998223, ""post_solve_synchronization_s"": null, ""result_extraction_s"": 6.699992809444666e-06, ""orchestration_overhead_s"": 6.300004315562546e-06, ""total_s"": 29.770696799998404, ""device_transfer_status"": ""not_applicable_synchronous_cpu"", ""compilation_warmup_status"": ""not_applicable_synchronous_cpu"", ""pre_solve_synchronization_status"": ""not_applicable_synchronous_cpu"", ""post_solve_synchronization_status"": ""not_applicable_synchronous_cpu"", ""decomposition_complete"": true, ""comparable_total"": true, ""exclusion_reason"": null}",controlled,BFGS,{},native,True,full,PRODUCTION,True,False,main-fig8-comparable-end-to-end-v2,"fresh command construction from declared inputs through terminal host phase: problem/objective initialization, acoustic transfer construction, applicable host-to-device transfer, compilation/warmup, device synchronization, native solve, and result extraction included; independent mechanical validation, cache retrieval, table export, and rendering excluded",numpy/scipy-cpu,True,,0.0003701999958138913,0.0025618000072427094,N/A,N/A,N/A,29.767751799998223,N/A,6.699992809444666e-06,6.300004315562546e-06,29.770696799998404,not_applicable_synchronous_cpu,not_applicable_synchronous_cpu,not_applicable_synchronous_cpu,not_applicable_synchronous_cpu,True,29.770696799998404,0.0,0.0,0.05,72,Figure 3 root paired initializations,GFE,GFE
GFE,Single,1224263593,10.0,10000,10000,10000,37,41,-0.059043675483833685,4.5143843666153426e-08,4.5143843666153426e-08,4.5143843666153426e-08,2.8270171496695748e-09,7.775146889996624e-09,True,N m^-1 rad^-1,native optimized-objective gradient,True,0,CONVERGENCE: NORM OF PROJECTED GRADIENT <= PGTOL,True,0,CONVERGENCE: NORM OF PROJECTED GRADIENT <= PGTOL,0.004295200007618405,0.004295200007618405,FESolveResult history interval; objective/transfer construction excluded; not used for cross-method ranking,000000000000080f8cde8ac749b506ba,000000000000080fcdfd6411bae41141,1.1142852793561358e-06,1.1142852793561358e-06,cached,C:\RINENG_COMPACT_FULL_20260920\RINENG_GFE_Standalone_Run\production_outputs\cache\production_single_run\000000000000092ea42f809c3e200ecd.pkl,C:\RINENG_COMPACT_FULL_20260920\RINENG_GFE_Standalone_Run\production_outputs\cache\production_single_run\000000000000092ea42f809c3e200ecd.pkl,gfe-final-production-v2-00000000000003f329a2,same-machine protocol record replayed from cache,"{""protocol_id"": ""main-fig8-comparable-end-to-end-v2"", ""scope"": ""fresh command construction from declared inputs through terminal host phase: problem/objective initialization, acoustic transfer construction, applicable host-to-device transfer, compilation/warmup, device synchronization, native solve, and result extraction included; independent mechanical validation, cache retrieval, table export, and rendering excluded"", ""backend"": ""numpy/scipy-cpu"", ""problem_initialization_s"": 0.0004327000060584396, ""acoustic_transfer_construction_s"": 0.003871599998092279, ""device_transfer_s"": null, ""compilation_warmup_s"": null, ""pre_solve_synchronization_s"": null, ""solve_s"": 0.0048460999969393015, ""post_solve_synchronization_s"": null, ""result_extraction_s"": 2.4000037228688598e-06, ""orchestration_overhead_s"": 4.899993655271828e-06, ""total_s"": 0.00915769999846816, ""device_transfer_status"": ""not_applicable_synchronous_cpu"", ""compilation_warmup_status"": ""not_applicable_synchronous_cpu"", ""pre_solve_synchronization_status"": ""not_applicable_synchronous_cpu"", ""post_solve_synchronization_status"": ""not_applicable_synchronous_cpu"", ""decomposition_complete"": true, ""comparable_total"": true, ""exclusion_reason"": null}",controlled,L-BFGS-B,"{""ftol"": 0.0, ""maxcor"": 10, ""maxfun"": 1000000, ""maxls"": 40}",compact-single-float64-v1,True,full,PRODUCTION,True,True,main-fig8-comparable-end-to-end-v2,"fresh command construction from declared inputs through terminal host phase: problem/objective initialization, acoustic transfer construction, applicable host-to-device transfer, compilation/warmup, device synchronization, native solve, and result extraction included; independent mechanical validation, cache retrieval, table export, and rendering excluded",numpy/scipy-cpu,True,,0.0004327000060584396,0.003871599998092279,N/A,N/A,N/A,0.0048460999969393015,N/A,2.4000037228688598e-06,4.899993655271828e-06,0.00915769999846816,not_applicable_synchronous_cpu,not_applicable_synchronous_cpu,not_applicable_synchronous_cpu,not_applicable_synchronous_cpu,True,0.00915769999846816,0.0,0.0,0.05,72,Figure 3 root paired initializations,GFE,GFE
Conventional,Single,1205863799,0.0,10000,10000,10000,6289,7971,-53.0368928089099,642.879598163589,642.879598163589,642.879598163589,40.258682061309926,150.08831362877297,False,N m^-1 rad^-1,native optimized-objective gradient,False,2,Desired error not necessarily achieved due to precision loss.,False,2,Desired error not necessarily achieved due to precision loss.,31.138818399995216,31.138818399995216,FESolveResult history interval; objective/transfer construction excluded; not used for cross-method ranking,000000000000080f1f7f6af62fdb059a,000000000000080f4211d60e337e1999,0.0,0.0,cached,C:\RINENG_COMPACT_FULL_20260920\RINENG_GFE_Standalone_Run\production_outputs\cache\production_single_run\00000000000008a25278519142d9de77.pkl,C:\RINENG_COMPACT_FULL_20260920\RINENG_GFE_Standalone_Run\production_outputs\cache\production_single_run\00000000000008a25278519142d9de77.pkl,gfe-final-production-v2-00000000000003f329a2,same-machine protocol record replayed from cache,"{""protocol_id"": ""main-fig8-comparable-end-to-end-v2"", ""scope"": ""fresh command construction from declared inputs through terminal host phase: problem/objective initialization, acoustic transfer construction, applicable host-to-device transfer, compilation/warmup, device synchronization, native solve, and result extraction included; independent mechanical validation, cache retrieval, table export, and rendering excluded"", ""backend"": ""numpy/scipy-cpu"", ""problem_initialization_s"": 0.00034980000054929405, ""acoustic_transfer_construction_s"": 0.002964100000099279, ""device_transfer_s"": null, ""compilation_warmup_s"": null, ""pre_solve_synchronization_s"": null, ""solve_s"": 31.196255700007896, ""post_solve_synchronization_s"": null, ""result_extraction_s"": 6.000002031214535e-06, ""orchestration_overhead_s"": 6.699992809444666e-06, ""total_s"": 31.199582300003385, ""device_transfer_status"": ""not_applicable_synchronous_cpu"", ""compilation_warmup_status"": ""not_applicable_synchronous_cpu"", ""pre_solve_synchronization_status"": ""not_applicable_synchronous_cpu"", ""post_solve_synchronization_status"": ""not_applicable_synchronous_cpu"", ""decomposition_complete"": true, ""comparable_total"": true, ""exclusion_reason"": null}",controlled,BFGS,{},native,True,full,PRODUCTION,True,False,main-fig8-comparable-end-to-end-v2,"fresh command construction from declared inputs through terminal host phase: problem/objective initialization, acoustic transfer construction, applicable host-to-device transfer, compilation/warmup, device synchronization, native solve, and result extraction included; independent mechanical validation, cache retrieval, table export, and rendering excluded",numpy/scipy-cpu,True,,0.00034980000054929405,0.002964100000099279,N/A,N/A,N/A,31.196255700007896,N/A,6.000002031214535e-06,6.699992809444666e-06,31.199582300003385,not_applicable_synchronous_cpu,not_applicable_synchronous_cpu,not_applicable_synchronous_cpu,not_applicable_synchronous_cpu,True,31.199582300003385,0.0,0.0,0.05,73,Figure 3 root paired initializations,GFE,GFE
GFE,Single,1205863799,10.0,10000,10000,10000,37,44,-0.05904367548455399,2.1368664556961875e-08,2.1368664556961875e-08,2.1368664556961875e-08,1.338157681361981e-09,5.992313775606802e-09,True,N m^-1 rad^-1,native optimized-objective gradient,True,0,CONVERGENCE: NORM OF PROJECTED GRADIENT <= PGTOL,True,0,CONVERGENCE: NORM OF PROJECTED GRADIENT <= PGTOL,0.008953600001404993,0.008953600001404993,FESolveResult history interval; objective/transfer construction excluded; not used for cross-method ranking,000000000000080f7da660a70cfc1372,000000000000080f4211d60e337e1999,1.1142852793561358e-06,1.1142852793561358e-06,cached,C:\RINENG_COMPACT_FULL_20260920\RINENG_GFE_Standalone_Run\production_outputs\cache\production_single_run\000000000000092eeeafd8fe10120e2f.pkl,C:\RINENG_COMPACT_FULL_20260920\RINENG_GFE_Standalone_Run\production_outputs\cache\production_single_run\000000000000092eeeafd8fe10120e2f.pkl,gfe-final-production-v2-00000000000003f329a2,same-machine protocol record replayed from cache,"{""protocol_id"": ""main-fig8-comparable-end-to-end-v2"", ""scope"": ""fresh command construction from declared inputs through terminal host phase: problem/objective initialization, acoustic transfer construction, applicable host-to-device transfer, compilation/warmup, device synchronization, native solve, and result extraction included; independent mechanical validation, cache retrieval, table export, and rendering excluded"", ""backend"": ""numpy/scipy-cpu"", ""problem_initialization_s"": 0.0003825000021606684, ""acoustic_transfer_construction_s"": 0.005461799999466166, ""device_transfer_s"": null, ""compilation_warmup_s"": null, ""pre_solve_synchronization_s"": null, ""solve_s"": 0.00954749999800697, ""post_solve_synchronization_s"": null, ""result_extraction_s"": 2.3000029614195228e-06, ""orchestration_overhead_s"": 6.600006599910557e-06, ""total_s"": 0.015400700009195134, ""device_transfer_status"": ""not_applicable_synchronous_cpu"", ""compilation_warmup_status"": ""not_applicable_synchronous_cpu"", ""pre_solve_synchronization_status"": ""not_applicable_synchronous_cpu"", ""post_solve_synchronization_status"": ""not_applicable_synchronous_cpu"", ""decomposition_complete"": true, ""comparable_total"": true, ""exclusion_reason"": null}",controlled,L-BFGS-B,"{""ftol"": 0.0, ""maxcor"": 10, ""maxfun"": 1000000, ""maxls"": 40}",compact-single-float64-v1,True,full,PRODUCTION,True,True,main-fig8-comparable-end-to-end-v2,"fresh command construction from declared inputs through terminal host phase: problem/objective initialization, acoustic transfer construction, applicable host-to-device transfer, compilation/warmup, device synchronization, native solve, and result extraction included; independent mechanical validation, cache retrieval, table export, and rendering excluded",numpy/scipy-cpu,True,,0.0003825000021606684,0.005461799999466166,N/A,N/A,N/A,0.00954749999800697,N/A,2.3000029614195228e-06,6.600006599910557e-06,0.015400700009195134,not_applicable_synchronous_cpu,not_applicable_synchronous_cpu,not_applicable_synchronous_cpu,not_applicable_synchronous_cpu,True,0.015400700009195134,0.0,0.0,0.05,73,Figure 3 root paired initializations,GFE,GFE
Conventional,Single,1249637570,0.0,10000,10000,10000,4698,6125,-54.1726351305053,679.930383781429,679.930383781429,679.930383781429,42.578892257077904,154.80857181321633,False,N m^-1 rad^-1,native optimized-objective gradient,False,2,Desired error not necessarily achieved due to precision loss.,False,2,Desired error not necessarily achieved due to precision loss.,23.40316790000361,23.40316790000361,FESolveResult history interval; objective/transfer construction excluded; not used for cross-method ranking,000000000000080fd3bf1a63dda4141a,000000000000080fbad426da0e101694,0.0,0.0,cached,C:\RINENG_COMPACT_FULL_20260920\RINENG_GFE_Standalone_Run\production_outputs\cache\production_single_run\00000000000008a2bf5004bd08c2deee.pkl,C:\RINENG_COMPACT_FULL_20260920\RINENG_GFE_Standalone_Run\production_outputs\cache\production_single_run\00000000000008a2bf5004bd08c2deee.pkl,gfe-final-production-v2-00000000000003f329a2,same-machine protocol record replayed from cache,"{""protocol_id"": ""main-fig8-comparable-end-to-end-v2"", ""scope"": ""fresh command construction from declared inputs through terminal host phase: problem/objective initialization, acoustic transfer construction, applicable host-to-device transfer, compilation/warmup, device synchronization, native solve, and result extraction included; independent mechanical validation, cache retrieval, table export, and rendering excluded"", ""backend"": ""numpy/scipy-cpu"", ""problem_initialization_s"": 0.0003487999929348007, ""acoustic_transfer_construction_s"": 0.002663199993548915, ""device_transfer_s"": null, ""compilation_warmup_s"": null, ""pre_solve_synchronization_s"": null, ""solve_s"": 23.447146700011217, ""post_solve_synchronization_s"": null, ""result_extraction_s"": 6.799993570894003e-06, ""orchestration_overhead_s"": 6.900008884258568e-06, ""total_s"": 23.450172400000156, ""device_transfer_status"": ""not_applicable_synchronous_cpu"", ""compilation_warmup_status"": ""not_applicable_synchronous_cpu"", ""pre_solve_synchronization_status"": ""not_applicable_synchronous_cpu"", ""post_solve_synchronization_status"": ""not_applicable_synchronous_cpu"", ""decomposition_complete"": true, ""comparable_total"": true, ""exclusion_reason"": null}",controlled,BFGS,{},native,True,full,PRODUCTION,True,False,main-fig8-comparable-end-to-end-v2,"fresh command construction from declared inputs through terminal host phase: problem/objective initialization, acoustic transfer construction, applicable host-to-device transfer, compilation/warmup, device synchronization, native solve, and result extraction included; independent mechanical validation, cache retrieval, table export, and rendering excluded",numpy/scipy-cpu,True,,0.0003487999929348007,0.002663199993548915,N/A,N/A,N/A,23.447146700011217,N/A,6.799993570894003e-06,6.900008884258568e-06,23.450172400000156,not_applicable_synchronous_cpu,not_applicable_synchronous_cpu,not_applicable_synchronous_cpu,not_applicable_synchronous_cpu,True,23.450172400000156,0.0,0.0,0.05,74,Figure 3 root paired initializations,GFE,GFE
GFE,Single,1249637570,10.0,10000,10000,10000,33,40,-0.059043675484940585,2.125209161764403e-08,2.125209161764403e-08,2.125209161764403e-08,1.330857600733578e-09,6.7279494696381515e-09,True,N m^-1 rad^-1,native optimized-objective gradient,True,0,CONVERGENCE: NORM OF PROJECTED GRADIENT <= PGTOL,True,0,CONVERGENCE: NORM OF PROJECTED GRADIENT <= PGTOL,0.004611099997418933,0.004611099997418933,FESolveResult history interval; objective/transfer construction excluded; not used for cross-method ranking,000000000000080f8877fdfeda0d1bea,000000000000080fbad426da0e101694,1.1142852793561358e-06,1.1142852793561358e-06,cached,C:\RINENG_COMPACT_FULL_20260920\RINENG_GFE_Standalone_Run\production_outputs\cache\production_single_run\000000000000092eed76e33ee1a40ea6.pkl,C:\RINENG_COMPACT_FULL_20260920\RINENG_GFE_Standalone_Run\production_outputs\cache\production_single_run\000000000000092eed76e33ee1a40ea6.pkl,gfe-final-production-v2-00000000000003f329a2,same-machine protocol record replayed from cache,"{""protocol_id"": ""main-fig8-comparable-end-to-end-v2"", ""scope"": ""fresh command construction from declared inputs through terminal host phase: problem/objective initialization, acoustic transfer construction, applicable host-to-device transfer, compilation/warmup, device synchronization, native solve, and result extraction included; independent mechanical validation, cache retrieval, table export, and rendering excluded"", ""backend"": ""numpy/scipy-cpu"", ""problem_initialization_s"": 0.0003909999941242859, ""acoustic_transfer_construction_s"": 0.0038797000015620142, ""device_transfer_s"": null, ""compilation_warmup_s"": null, ""pre_solve_synchronization_s"": null, ""solve_s"": 0.005112099999678321, ""post_solve_synchronization_s"": null, ""result_extraction_s"": 2.2999884095042944e-06, ""orchestration_overhead_s"": 4.300018190406263e-06, ""total_s"": 0.009389400001964532, ""device_transfer_status"": ""not_applicable_synchronous_cpu"", ""compilation_warmup_status"": ""not_applicable_synchronous_cpu"", ""pre_solve_synchronization_status"": ""not_applicable_synchronous_cpu"", ""post_solve_synchronization_status"": ""not_applicable_synchronous_cpu"", ""decomposition_complete"": true, ""comparable_total"": true, ""exclusion_reason"": null}",controlled,L-BFGS-B,"{""ftol"": 0.0, ""maxcor"": 10, ""maxfun"": 1000000, ""maxls"": 40}",compact-single-float64-v1,True,full,PRODUCTION,True,True,main-fig8-comparable-end-to-end-v2,"fresh command construction from declared inputs through terminal host phase: problem/objective initialization, acoustic transfer construction, applicable host-to-device transfer, compilation/warmup, device synchronization, native solve, and result extraction included; independent mechanical validation, cache retrieval, table export, and rendering excluded",numpy/scipy-cpu,True,,0.0003909999941242859,0.0038797000015620142,N/A,N/A,N/A,0.005112099999678321,N/A,2.2999884095042944e-06,4.300018190406263e-06,0.009389400001964532,not_applicable_synchronous_cpu,not_applicable_synchronous_cpu,not_applicable_synchronous_cpu,not_applicable_synchronous_cpu,True,0.009389400001964532,0.0,0.0,0.05,74,Figure 3 root paired initializations,GFE,GFE
Conventional,Single,1115914809,0.0,10000,10000,10000,7805,9699,-53.301973076019955,667.4695146815706,667.4695146815706,667.4695146815706,41.79856236524153,138.800291060509,False,N m^-1 rad^-1,native optimized-objective gradient,False,2,Desired error not necessarily achieved due to precision loss.,False,2,Desired error not necessarily achieved due to precision loss.,38.315992999996524,38.315992999996524,FESolveResult history interval; objective/transfer construction excluded; not used for cross-method ranking,000000000000080f4c873bf5173dffb2,000000000000080f704e67fafc3f0f90,0.0,0.0,cached,C:\RINENG_COMPACT_FULL_20260920\RINENG_GFE_Standalone_Run\production_outputs\cache\production_single_run\00000000000008a29d49c4320404df2c.pkl,C:\RINENG_COMPACT_FULL_20260920\RINENG_GFE_Standalone_Run\production_outputs\cache\production_single_run\00000000000008a29d49c4320404df2c.pkl,gfe-final-production-v2-00000000000003f329a2,same-machine protocol record replayed from cache,"{""protocol_id"": ""main-fig8-comparable-end-to-end-v2"", ""scope"": ""fresh command construction from declared inputs through terminal host phase: problem/objective initialization, acoustic transfer construction, applicable host-to-device transfer, compilation/warmup, device synchronization, native solve, and result extraction included; independent mechanical validation, cache retrieval, table export, and rendering excluded"", ""backend"": ""numpy/scipy-cpu"", ""problem_initialization_s"": 0.00038610000046901405, ""acoustic_transfer_construction_s"": 0.0035099000087939203, ""device_transfer_s"": null, ""compilation_warmup_s"": null, ""pre_solve_synchronization_s"": null, ""solve_s"": 38.3861184999987, ""post_solve_synchronization_s"": null, ""result_extraction_s"": 5.399997462518513e-06, ""orchestration_overhead_s"": 7.299997378140688e-06, ""total_s"": 38.390027200002805, ""device_transfer_status"": ""not_applicable_synchronous_cpu"", ""compilation_warmup_status"": ""not_applicable_synchronous_cpu"", ""pre_solve_synchronization_status"": ""not_applicable_synchronous_cpu"", ""post_solve_synchronization_status"": ""not_applicable_synchronous_cpu"", ""decomposition_complete"": true, ""comparable_total"": true, ""exclusion_reason"": null}",controlled,BFGS,{},native,True,full,PRODUCTION,True,False,main-fig8-comparable-end-to-end-v2,"fresh command construction from declared inputs through terminal host phase: problem/objective initialization, acoustic transfer construction, applicable host-to-device transfer, compilation/warmup, device synchronization, native solve, and result extraction included; independent mechanical validation, cache retrieval, table export, and rendering excluded",numpy/scipy-cpu,True,,0.00038610000046901405,0.0035099000087939203,N/A,N/A,N/A,38.3861184999987,N/A,5.399997462518513e-06,7.299997378140688e-06,38.390027200002805,not_applicable_synchronous_cpu,not_applicable_synchronous_cpu,not_applicable_synchronous_cpu,not_applicable_synchronous_cpu,True,38.390027200002805,0.0,0.0,0.05,75,Figure 3 root paired initializations,GFE,GFE
GFE,Single,1115914809,10.0,10000,10000,10000,43,50,-0.0590436754850479,1.745546112907489e-08,1.745546112907489e-08,1.745546112907489e-08,1.0931033771119306e-09,2.4338003030833874e-09,True,N m^-1 rad^-1,native optimized-objective gradient,True,0,CONVERGENCE: NORM OF PROJECTED GRADIENT <= PGTOL,True,0,CONVERGENCE: NORM OF PROJECTED GRADIENT <= PGTOL,0.004779700000653975,0.004779700000653975,FESolveResult history interval; objective/transfer construction excluded; not used for cross-method ranking,000000000000080f92002160da69109f,000000000000080f704e67fafc3f0f90,1.1142852793561358e-06,1.1142852793561358e-06,cached,C:\RINENG_COMPACT_FULL_20260920\RINENG_GFE_Standalone_Run\production_outputs\cache\production_single_run\000000000000092e32589755e32e0ee4.pkl,C:\RINENG_COMPACT_FULL_20260920\RINENG_GFE_Standalone_Run\production_outputs\cache\production_single_run\000000000000092e32589755e32e0ee4.pkl,gfe-final-production-v2-00000000000003f329a2,same-machine protocol record replayed from cache,"{""protocol_id"": ""main-fig8-comparable-end-to-end-v2"", ""scope"": ""fresh command construction from declared inputs through terminal host phase: problem/objective initialization, acoustic transfer construction, applicable host-to-device transfer, compilation/warmup, device synchronization, native solve, and result extraction included; independent mechanical validation, cache retrieval, table export, and rendering excluded"", ""backend"": ""numpy/scipy-cpu"", ""problem_initialization_s"": 0.0004165999998804182, ""acoustic_transfer_construction_s"": 0.003919099995982833, ""device_transfer_s"": null, ""compilation_warmup_s"": null, ""pre_solve_synchronization_s"": null, ""solve_s"": 0.005371699997340329, ""post_solve_synchronization_s"": null, ""result_extraction_s"": 2.1000014385208488e-06, ""orchestration_overhead_s"": 5.1000097300857306e-06, ""total_s"": 0.009714600004372187, ""device_transfer_status"": ""not_applicable_synchronous_cpu"", ""compilation_warmup_status"": ""not_applicable_synchronous_cpu"", ""pre_solve_synchronization_status"": ""not_applicable_synchronous_cpu"", ""post_solve_synchronization_status"": ""not_applicable_synchronous_cpu"", ""decomposition_complete"": true, ""comparable_total"": true, ""exclusion_reason"": null}",controlled,L-BFGS-B,"{""ftol"": 0.0, ""maxcor"": 10, ""maxfun"": 1000000, ""maxls"": 40}",compact-single-float64-v1,True,full,PRODUCTION,True,True,main-fig8-comparable-end-to-end-v2,"fresh command construction from declared inputs through terminal host phase: problem/objective initialization, acoustic transfer construction, applicable host-to-device transfer, compilation/warmup, device synchronization, native solve, and result extraction included; independent mechanical validation, cache retrieval, table export, and rendering excluded",numpy/scipy-cpu,True,,0.0004165999998804182,0.003919099995982833,N/A,N/A,N/A,0.005371699997340329,N/A,2.1000014385208488e-06,5.1000097300857306e-06,0.009714600004372187,not_applicable_synchronous_cpu,not_applicable_synchronous_cpu,not_applicable_synchronous_cpu,not_applicable_synchronous_cpu,True,0.009714600004372187,0.0,0.0,0.05,75,Figure 3 root paired initializations,GFE,GFE
Conventional,Single,1740502771,0.0,10000,10000,10000,5670,7222,-54.8472824467712,669.7321286328569,669.7321286328569,669.7321286328569,41.94025274700589,140.97629507690172,False,N m^-1 rad^-1,native optimized-objective gradient,False,2,Desired error not necessarily achieved due to precision loss.,False,2,Desired error not necessarily achieved due to precision loss.,27.643284799996763,27.643284799996763,FESolveResult history interval; objective/transfer construction excluded; not used for cross-method ranking,000000000000080f27036499e3981601,000000000000080f932f5bd0aa3f191f,0.0,0.0,cached,C:\RINENG_COMPACT_FULL_20260920\RINENG_GFE_Standalone_Run\production_outputs\cache\production_single_run\00000000000008a231f88eababcfdf1d.pkl,C:\RINENG_COMPACT_FULL_20260920\RINENG_GFE_Standalone_Run\production_outputs\cache\production_single_run\00000000000008a231f88eababcfdf1d.pkl,gfe-final-production-v2-00000000000003f329a2,same-machine protocol record replayed from cache,"{""protocol_id"": ""main-fig8-comparable-end-to-end-v2"", ""scope"": ""fresh command construction from declared inputs through terminal host phase: problem/objective initialization, acoustic transfer construction, applicable host-to-device transfer, compilation/warmup, device synchronization, native solve, and result extraction included; independent mechanical validation, cache retrieval, table export, and rendering excluded"", ""backend"": ""numpy/scipy-cpu"", ""problem_initialization_s"": 0.00039230000402312726, ""acoustic_transfer_construction_s"": 0.0026245999906677753, ""device_transfer_s"": null, ""compilation_warmup_s"": null, ""pre_solve_synchronization_s"": null, ""solve_s"": 27.695420599993668, ""post_solve_synchronization_s"": null, ""result_extraction_s"": 5.399997462518513e-06, ""orchestration_overhead_s"": 5.80001506023109e-06, ""total_s"": 27.69844870000088, ""device_transfer_status"": ""not_applicable_synchronous_cpu"", ""compilation_warmup_status"": ""not_applicable_synchronous_cpu"", ""pre_solve_synchronization_status"": ""not_applicable_synchronous_cpu"", ""post_solve_synchronization_status"": ""not_applicable_synchronous_cpu"", ""decomposition_complete"": true, ""comparable_total"": true, ""exclusion_reason"": null}",controlled,BFGS,{},native,True,full,PRODUCTION,True,False,main-fig8-comparable-end-to-end-v2,"fresh command construction from declared inputs through terminal host phase: problem/objective initialization, acoustic transfer construction, applicable host-to-device transfer, compilation/warmup, device synchronization, native solve, and result extraction included; independent mechanical validation, cache retrieval, table export, and rendering excluded",numpy/scipy-cpu,True,,0.00039230000402312726,0.0026245999906677753,N/A,N/A,N/A,27.695420599993668,N/A,5.399997462518513e-06,5.80001506023109e-06,27.69844870000088,not_applicable_synchronous_cpu,not_applicable_synchronous_cpu,not_applicable_synchronous_cpu,not_applicable_synchronous_cpu,True,27.69844870000088,0.0,0.0,0.05,76,Figure 3 root paired initializations,GFE,GFE
GFE,Single,1740502771,10.0,10000,10000,10000,36,43,-0.059043675484965724,1.1299630356100282e-08,1.1299630356100282e-08,1.1299630356100282e-08,7.076103009273135e-10,6.104942283563759e-09,True,N m^-1 rad^-1,native optimized-objective gradient,True,0,CONVERGENCE: NORM OF PROJECTED GRADIENT <= PGTOL,True,0,CONVERGENCE: NORM OF PROJECTED GRADIENT <= PGTOL,0.004123000006075017,0.004123000006075017,FESolveResult history interval; objective/transfer construction excluded; not used for cross-method ranking,000000000000080fcb2ede3894230ecb,000000000000080f932f5bd0aa3f191f,1.1142852793561358e-06,1.1142852793561358e-06,cached,C:\RINENG_COMPACT_FULL_20260920\RINENG_GFE_Standalone_Run\production_outputs\cache\production_single_run\000000000000092efd19f3b18a180ed5.pkl,C:\RINENG_COMPACT_FULL_20260920\RINENG_GFE_Standalone_Run\production_outputs\cache\production_single_run\000000000000092efd19f3b18a180ed5.pkl,gfe-final-production-v2-00000000000003f329a2,same-machine protocol record replayed from cache,"{""protocol_id"": ""main-fig8-comparable-end-to-end-v2"", ""scope"": ""fresh command construction from declared inputs through terminal host phase: problem/objective initialization, acoustic transfer construction, applicable host-to-device transfer, compilation/warmup, device synchronization, native solve, and result extraction included; independent mechanical validation, cache retrieval, table export, and rendering excluded"", ""backend"": ""numpy/scipy-cpu"", ""problem_initialization_s"": 0.00035099999513477087, ""acoustic_transfer_construction_s"": 0.00361729999713134, ""device_transfer_s"": null, ""compilation_warmup_s"": null, ""pre_solve_synchronization_s"": null, ""solve_s"": 0.004600200001732446, ""post_solve_synchronization_s"": null, ""result_extraction_s"": 2.1000014385208488e-06, ""orchestration_overhead_s"": 4.9000082071870565e-06, ""total_s"": 0.008575500003644265, ""device_transfer_status"": ""not_applicable_synchronous_cpu"", ""compilation_warmup_status"": ""not_applicable_synchronous_cpu"", ""pre_solve_synchronization_status"": ""not_applicable_synchronous_cpu"", ""post_solve_synchronization_status"": ""not_applicable_synchronous_cpu"", ""decomposition_complete"": true, ""comparable_total"": true, ""exclusion_reason"": null}",controlled,L-BFGS-B,"{""ftol"": 0.0, ""maxcor"": 10, ""maxfun"": 1000000, ""maxls"": 40}",compact-single-float64-v1,True,full,PRODUCTION,True,True,main-fig8-comparable-end-to-end-v2,"fresh command construction from declared inputs through terminal host phase: problem/objective initialization, acoustic transfer construction, applicable host-to-device transfer, compilation/warmup, device synchronization, native solve, and result extraction included; independent mechanical validation, cache retrieval, table export, and rendering excluded",numpy/scipy-cpu,True,,0.00035099999513477087,0.00361729999713134,N/A,N/A,N/A,0.004600200001732446,N/A,2.1000014385208488e-06,4.9000082071870565e-06,0.008575500003644265,not_applicable_synchronous_cpu,not_applicable_synchronous_cpu,not_applicable_synchronous_cpu,not_applicable_synchronous_cpu,True,0.008575500003644265,0.0,0.0,0.05,76,Figure 3 root paired initializations,GFE,GFE
Conventional,Single,92079253,0.0,10000,10000,10000,5790,7276,-54.38135979627554,729.4381076737205,729.4381076737205,729.4381076737205,45.67918618684686,156.2060896408159,False,N m^-1 rad^-1,native optimized-objective gradient,False,2,Desired error not necessarily achieved due to precision loss.,False,2,Desired error not necessarily achieved due to precision loss.,28.710137299989583,28.710137299989583,FESolveResult history interval; objective/transfer construction excluded; not used for cross-method ranking,000000000000080f5bf06eefef7f0a47,000000000000080f4d980c02fde9127a,0.0,0.0,cached,C:\RINENG_COMPACT_FULL_20260920\RINENG_GFE_Standalone_Run\production_outputs\cache\production_single_run\00000000000008a0eff8263564d6de96.pkl,C:\RINENG_COMPACT_FULL_20260920\RINENG_GFE_Standalone_Run\production_outputs\cache\production_single_run\00000000000008a0eff8263564d6de96.pkl,gfe-final-production-v2-00000000000003f329a2,same-machine protocol record replayed from cache,"{""protocol_id"": ""main-fig8-comparable-end-to-end-v2"", ""scope"": ""fresh command construction from declared inputs through terminal host phase: problem/objective initialization, acoustic transfer construction, applicable host-to-device transfer, compilation/warmup, device synchronization, native solve, and result extraction included; independent mechanical validation, cache retrieval, table export, and rendering excluded"", ""backend"": ""numpy/scipy-cpu"", ""problem_initialization_s"": 0.0003586999955587089, ""acoustic_transfer_construction_s"": 0.002563500005635433, ""device_transfer_s"": null, ""compilation_warmup_s"": null, ""pre_solve_synchronization_s"": null, ""solve_s"": 28.763214000005974, ""post_solve_synchronization_s"": null, ""result_extraction_s"": 5.299996701069176e-06, ""orchestration_overhead_s"": 6.199989002197981e-06, ""total_s"": 28.76614769999287, ""device_transfer_status"": ""not_applicable_synchronous_cpu"", ""compilation_warmup_status"": ""not_applicable_synchronous_cpu"", ""pre_solve_synchronization_status"": ""not_applicable_synchronous_cpu"", ""post_solve_synchronization_status"": ""not_applicable_synchronous_cpu"", ""decomposition_complete"": true, ""comparable_total"": true, ""exclusion_reason"": null}",controlled,BFGS,{},native,True,full,PRODUCTION,True,False,main-fig8-comparable-end-to-end-v2,"fresh command construction from declared inputs through terminal host phase: problem/objective initialization, acoustic transfer construction, applicable host-to-device transfer, compilation/warmup, device synchronization, native solve, and result extraction included; independent mechanical validation, cache retrieval, table export, and rendering excluded",numpy/scipy-cpu,True,,0.0003586999955587089,0.002563500005635433,N/A,N/A,N/A,28.763214000005974,N/A,5.299996701069176e-06,6.199989002197981e-06,28.76614769999287,not_applicable_synchronous_cpu,not_applicable_synchronous_cpu,not_applicable_synchronous_cpu,not_applicable_synchronous_cpu,True,28.76614769999287,0.0,0.0,0.05,77,Figure 3 root paired initializations,GFE,GFE
GFE,Single,92079253,10.0,10000,10000,10000,32,37,-0.0590436754850641,1.3539327186023399e-08,1.3539327186023399e-08,1.3539327186023399e-08,8.478655568837395e-10,3.054921579470081e-09,True,N m^-1 rad^-1,native optimized-objective gradient,True,0,CONVERGENCE: NORM OF PROJECTED GRADIENT <= PGTOL,True,0,CONVERGENCE: NORM OF PROJECTED GRADIENT <= PGTOL,0.005114900006446987,0.005114900006446987,FESolveResult history interval; objective/transfer construction excluded; not used for cross-method ranking,000000000000080f0d29fc6ae8241d1f,000000000000080f4d980c02fde9127a,1.1142852793561358e-06,1.1142852793561358e-06,cached,C:\RINENG_COMPACT_FULL_20260920\RINENG_GFE_Standalone_Run\production_outputs\cache\production_single_run\000000000000092cf58d3153dfce0e4e.pkl,C:\RINENG_COMPACT_FULL_20260920\RINENG_GFE_Standalone_Run\production_outputs\cache\production_single_run\000000000000092cf58d3153dfce0e4e.pkl,gfe-final-production-v2-00000000000003f329a2,same-machine protocol record replayed from cache,"{""protocol_id"": ""main-fig8-comparable-end-to-end-v2"", ""scope"": ""fresh command construction from declared inputs through terminal host phase: problem/objective initialization, acoustic transfer construction, applicable host-to-device transfer, compilation/warmup, device synchronization, native solve, and result extraction included; independent mechanical validation, cache retrieval, table export, and rendering excluded"", ""backend"": ""numpy/scipy-cpu"", ""problem_initialization_s"": 0.00039570000080857426, ""acoustic_transfer_construction_s"": 0.005299800002831034, ""device_transfer_s"": null, ""compilation_warmup_s"": null, ""pre_solve_synchronization_s"": null, ""solve_s"": 0.005635099994833581, ""post_solve_synchronization_s"": null, ""result_extraction_s"": 2.800006768666208e-06, ""orchestration_overhead_s"": 7.199996616691351e-06, ""total_s"": 0.011340600001858547, ""device_transfer_status"": ""not_applicable_synchronous_cpu"", ""compilation_warmup_status"": ""not_applicable_synchronous_cpu"", ""pre_solve_synchronization_status"": ""not_applicable_synchronous_cpu"", ""post_solve_synchronization_status"": ""not_applicable_synchronous_cpu"", ""decomposition_complete"": true, ""comparable_total"": true, ""exclusion_reason"": null}",controlled,L-BFGS-B,"{""ftol"": 0.0, ""maxcor"": 10, ""maxfun"": 1000000, ""maxls"": 40}",compact-single-float64-v1,True,full,PRODUCTION,True,True,main-fig8-comparable-end-to-end-v2,"fresh command construction from declared inputs through terminal host phase: problem/objective initialization, acoustic transfer construction, applicable host-to-device transfer, compilation/warmup, device synchronization, native solve, and result extraction included; independent mechanical validation, cache retrieval, table export, and rendering excluded",numpy/scipy-cpu,True,,0.00039570000080857426,0.005299800002831034,N/A,N/A,N/A,0.005635099994833581,N/A,2.800006768666208e-06,7.199996616691351e-06,0.011340600001858547,not_applicable_synchronous_cpu,not_applicable_synchronous_cpu,not_applicable_synchronous_cpu,not_applicable_synchronous_cpu,True,0.011340600001858547,0.0,0.0,0.05,77,Figure 3 root paired initializations,GFE,GFE
Conventional,Single,522093297,0.0,10000,10000,10000,7642,9483,-54.12846038526113,696.2402247608887,696.2402247608887,696.2402247608887,43.60025411758527,156.08464697814634,False,N m^-1 rad^-1,native optimized-objective gradient,False,2,Desired error not necessarily achieved due to precision loss.,False,2,Desired error not necessarily achieved due to precision loss.,37.067896300010034,37.067896300010034,FESolveResult history interval; objective/transfer construction excluded; not used for cross-method ranking,000000000000080faaccc70109a00500,000000000000080fc88a709a814004d1,0.0,0.0,cached,C:\RINENG_COMPACT_FULL_20260920\RINENG_GFE_Standalone_Run\production_outputs\cache\production_single_run\00000000000008a166835b57d353de62.pkl,C:\RINENG_COMPACT_FULL_20260920\RINENG_GFE_Standalone_Run\production_outputs\cache\production_single_run\00000000000008a166835b57d353de62.pkl,gfe-final-production-v2-00000000000003f329a2,same-machine protocol record replayed from cache,"{""protocol_id"": ""main-fig8-comparable-end-to-end-v2"", ""scope"": ""fresh command construction from declared inputs through terminal host phase: problem/objective initialization, acoustic transfer construction, applicable host-to-device transfer, compilation/warmup, device synchronization, native solve, and result extraction included; independent mechanical validation, cache retrieval, table export, and rendering excluded"", ""backend"": ""numpy/scipy-cpu"", ""problem_initialization_s"": 0.00035850000858772546, ""acoustic_transfer_construction_s"": 0.0025824000040302053, ""device_transfer_s"": null, ""compilation_warmup_s"": null, ""pre_solve_synchronization_s"": null, ""solve_s"": 37.14018319999741, ""post_solve_synchronization_s"": null, ""result_extraction_s"": 6.000002031214535e-06, ""orchestration_overhead_s"": 6.3999759731814265e-06, ""total_s"": 37.14313649998803, ""device_transfer_status"": ""not_applicable_synchronous_cpu"", ""compilation_warmup_status"": ""not_applicable_synchronous_cpu"", ""pre_solve_synchronization_status"": ""not_applicable_synchronous_cpu"", ""post_solve_synchronization_status"": ""not_applicable_synchronous_cpu"", ""decomposition_complete"": true, ""comparable_total"": true, ""exclusion_reason"": null}",controlled,BFGS,{},native,True,full,PRODUCTION,True,False,main-fig8-comparable-end-to-end-v2,"fresh command construction from declared inputs through terminal host phase: problem/objective initialization, acoustic transfer construction, applicable host-to-device transfer, compilation/warmup, device synchronization, native solve, and result extraction included; independent mechanical validation, cache retrieval, table export, and rendering excluded",numpy/scipy-cpu,True,,0.00035850000858772546,0.0025824000040302053,N/A,N/A,N/A,37.14018319999741,N/A,6.000002031214535e-06,6.3999759731814265e-06,37.14313649998803,not_applicable_synchronous_cpu,not_applicable_synchronous_cpu,not_applicable_synchronous_cpu,not_applicable_synchronous_cpu,True,37.14313649998803,0.0,0.0,0.05,78,Figure 3 root paired initializations,GFE,GFE
GFE,Single,522093297,10.0,10000,10000,10000,36,41,-0.059043675484528324,2.479578864800613e-08,2.479578864800613e-08,2.479578864800613e-08,1.5527725167994836e-09,8.034027228719575e-09,True,N m^-1 rad^-1,native optimized-objective gradient,True,0,CONVERGENCE: NORM OF PROJECTED GRADIENT <= PGTOL,True,0,CONVERGENCE: NORM OF PROJECTED GRADIENT <= PGTOL,0.004226399993058294,0.004226399993058294,FESolveResult history interval; objective/transfer construction excluded; not used for cross-method ranking,000000000000080fe6c343315a490e24,000000000000080fc88a709a814004d1,1.1142852793561358e-06,1.1142852793561358e-06,cached,C:\RINENG_COMPACT_FULL_20260920\RINENG_GFE_Standalone_Run\production_outputs\cache\production_single_run\000000000000092d429b541374730e1a.pkl,C:\RINENG_COMPACT_FULL_20260920\RINENG_GFE_Standalone_Run\production_outputs\cache\production_single_run\000000000000092d429b541374730e1a.pkl,gfe-final-production-v2-00000000000003f329a2,same-machine protocol record replayed from cache,"{""protocol_id"": ""main-fig8-comparable-end-to-end-v2"", ""scope"": ""fresh command construction from declared inputs through terminal host phase: problem/objective initialization, acoustic transfer construction, applicable host-to-device transfer, compilation/warmup, device synchronization, native solve, and result extraction included; independent mechanical validation, cache retrieval, table export, and rendering excluded"", ""backend"": ""numpy/scipy-cpu"", ""problem_initialization_s"": 0.000411600005463697, ""acoustic_transfer_construction_s"": 0.004029200004879385, ""device_transfer_s"": null, ""compilation_warmup_s"": null, ""pre_solve_synchronization_s"": null, ""solve_s"": 0.004748699997435324, ""post_solve_synchronization_s"": null, ""result_extraction_s"": 2.3000029614195228e-06, ""orchestration_overhead_s"": 5.999987479299307e-06, ""total_s"": 0.009197799998219125, ""device_transfer_status"": ""not_applicable_synchronous_cpu"", ""compilation_warmup_status"": ""not_applicable_synchronous_cpu"", ""pre_solve_synchronization_status"": ""not_applicable_synchronous_cpu"", ""post_solve_synchronization_status"": ""not_applicable_synchronous_cpu"", ""decomposition_complete"": true, ""comparable_total"": true, ""exclusion_reason"": null}",controlled,L-BFGS-B,"{""ftol"": 0.0, ""maxcor"": 10, ""maxfun"": 1000000, ""maxls"": 40}",compact-single-float64-v1,True,full,PRODUCTION,True,True,main-fig8-comparable-end-to-end-v2,"fresh command construction from declared inputs through terminal host phase: problem/objective initialization, acoustic transfer construction, applicable host-to-device transfer, compilation/warmup, device synchronization, native solve, and result extraction included; independent mechanical validation, cache retrieval, table export, and rendering excluded",numpy/scipy-cpu,True,,0.000411600005463697,0.004029200004879385,N/A,N/A,N/A,0.004748699997435324,N/A,2.3000029614195228e-06,5.999987479299307e-06,0.009197799998219125,not_applicable_synchronous_cpu,not_applicable_synchronous_cpu,not_applicable_synchronous_cpu,not_applicable_synchronous_cpu,True,0.009197799998219125,0.0,0.0,0.05,78,Figure 3 root paired initializations,GFE,GFE
Conventional,Single,2145102422,0.0,10000,10000,10000,7225,9022,-53.10283779612809,707.5831306343463,707.5831306343463,707.5831306343463,44.31057443653042,148.81712517629447,False,N m^-1 rad^-1,native optimized-objective gradient,False,2,Desired error not necessarily achieved due to precision loss.,False,2,Desired error not necessarily achieved due to precision loss.,35.53520750001189,35.53520750001189,FESolveResult history interval; objective/transfer construction excluded; not used for cross-method ranking,000000000000080f37522896cbc90d8a,000000000000080f9ce7a5ca88831522,0.0,0.0,cached,C:\RINENG_COMPACT_FULL_20260920\RINENG_GFE_Standalone_Run\production_outputs\cache\production_single_run\00000000000008a2b6fe5ea70abddebe.pkl,C:\RINENG_COMPACT_FULL_20260920\RINENG_GFE_Standalone_Run\production_outputs\cache\production_single_run\00000000000008a2b6fe5ea70abddebe.pkl,gfe-final-production-v2-00000000000003f329a2,same-machine protocol record replayed from cache,"{""protocol_id"": ""main-fig8-comparable-end-to-end-v2"", ""scope"": ""fresh command construction from declared inputs through terminal host phase: problem/objective initialization, acoustic transfer construction, applicable host-to-device transfer, compilation/warmup, device synchronization, native solve, and result extraction included; independent mechanical validation, cache retrieval, table export, and rendering excluded"", ""backend"": ""numpy/scipy-cpu"", ""problem_initialization_s"": 0.00037719999090768397, ""acoustic_transfer_construction_s"": 0.0026914999907603487, ""device_transfer_s"": null, ""compilation_warmup_s"": null, ""pre_solve_synchronization_s"": null, ""solve_s"": 35.60125700000208, ""post_solve_synchronization_s"": null, ""result_extraction_s"": 5.60000044060871e-05, ""orchestration_overhead_s"": 9.600014891475439e-06, ""total_s"": 35.604391300003044, ""device_transfer_status"": ""not_applicable_synchronous_cpu"", ""compilation_warmup_status"": ""not_applicable_synchronous_cpu"", ""pre_solve_synchronization_status"": ""not_applicable_synchronous_cpu"", ""post_solve_synchronization_status"": ""not_applicable_synchronous_cpu"", ""decomposition_complete"": true, ""comparable_total"": true, ""exclusion_reason"": null}",controlled,BFGS,{},native,True,full,PRODUCTION,True,False,main-fig8-comparable-end-to-end-v2,"fresh command construction from declared inputs through terminal host phase: problem/objective initialization, acoustic transfer construction, applicable host-to-device transfer, compilation/warmup, device synchronization, native solve, and result extraction included; independent mechanical validation, cache retrieval, table export, and rendering excluded",numpy/scipy-cpu,True,,0.00037719999090768397,0.0026914999907603487,N/A,N/A,N/A,35.60125700000208,N/A,5.60000044060871e-05,9.600014891475439e-06,35.604391300003044,not_applicable_synchronous_cpu,not_applicable_synchronous_cpu,not_applicable_synchronous_cpu,not_applicable_synchronous_cpu,True,35.604391300003044,0.0,0.0,0.05,79,Figure 3 root paired initializations,GFE,GFE
GFE,Single,2145102422,10.0,10000,10000,10000,40,46,-0.059043675485028604,9.387433663828488e-09,9.387433663828488e-09,9.387433663828488e-09,5.878638991239862e-10,4.634850309075857e-09,True,N m^-1 rad^-1,native optimized-objective gradient,True,0,CONVERGENCE: NORM OF PROJECTED GRADIENT <= PGTOL,True,0,CONVERGENCE: NORM OF PROJECTED GRADIENT <= PGTOL,0.0051737000030698255,0.0051737000030698255,FESolveResult history interval; objective/transfer construction excluded; not used for cross-method ranking,000000000000080fac9090591808146f,000000000000080f9ce7a5ca88831522,1.1142852793561358e-06,1.1142852793561358e-06,cached,C:\RINENG_COMPACT_FULL_20260920\RINENG_GFE_Standalone_Run\production_outputs\cache\production_single_run\000000000000092e047cc7f9e1170e76.pkl,C:\RINENG_COMPACT_FULL_20260920\RINENG_GFE_Standalone_Run\production_outputs\cache\production_single_run\000000000000092e047cc7f9e1170e76.pkl,gfe-final-production-v2-00000000000003f329a2,same-machine protocol record replayed from cache,"{""protocol_id"": ""main-fig8-comparable-end-to-end-v2"", ""scope"": ""fresh command construction from declared inputs through terminal host phase: problem/objective initialization, acoustic transfer construction, applicable host-to-device transfer, compilation/warmup, device synchronization, native solve, and result extraction included; independent mechanical validation, cache retrieval, table export, and rendering excluded"", ""backend"": ""numpy/scipy-cpu"", ""problem_initialization_s"": 0.00039939999987836927, ""acoustic_transfer_construction_s"": 0.003774099997826852, ""device_transfer_s"": null, ""compilation_warmup_s"": null, ""pre_solve_synchronization_s"": null, ""solve_s"": 0.005746499999077059, ""post_solve_synchronization_s"": null, ""result_extraction_s"": 2.6000052457675338e-06, ""orchestration_overhead_s"": 6.400005077011883e-06, ""total_s"": 0.00992900000710506, ""device_transfer_status"": ""not_applicable_synchronous_cpu"", ""compilation_warmup_status"": ""not_applicable_synchronous_cpu"", ""pre_solve_synchronization_status"": ""not_applicable_synchronous_cpu"", ""post_solve_synchronization_status"": ""not_applicable_synchronous_cpu"", ""decomposition_complete"": true, ""comparable_total"": true, ""exclusion_reason"": null}",controlled,L-BFGS-B,"{""ftol"": 0.0, ""maxcor"": 10, ""maxfun"": 1000000, ""maxls"": 40}",compact-single-float64-v1,True,full,PRODUCTION,True,True,main-fig8-comparable-end-to-end-v2,"fresh command construction from declared inputs through terminal host phase: problem/objective initialization, acoustic transfer construction, applicable host-to-device transfer, compilation/warmup, device synchronization, native solve, and result extraction included; independent mechanical validation, cache retrieval, table export, and rendering excluded",numpy/scipy-cpu,True,,0.00039939999987836927,0.003774099997826852,N/A,N/A,N/A,0.005746499999077059,N/A,2.6000052457675338e-06,6.400005077011883e-06,0.00992900000710506,not_applicable_synchronous_cpu,not_applicable_synchronous_cpu,not_applicable_synchronous_cpu,not_applicable_synchronous_cpu,True,0.00992900000710506,0.0,0.0,0.05,79,Figure 3 root paired initializations,GFE,GFE
Conventional,Single,367872265,0.0,10000,10000,10000,5701,7093,-54.53149651429907,690.2404963260298,690.2404963260298,690.2404963260298,43.22453654900297,154.87201638038164,False,N m^-1 rad^-1,native optimized-objective gradient,False,2,Desired error not necessarily achieved due to precision loss.,False,2,Desired error not necessarily achieved due to precision loss.,27.744985099998303,27.744985099998303,FESolveResult history interval; objective/transfer construction excluded; not used for cross-method ranking,000000000000080f3df34ca54260125f,000000000000080fd984ada3dc9d2023,0.0,0.0,cached,C:\RINENG_COMPACT_FULL_20260920\RINENG_GFE_Standalone_Run\production_outputs\cache\production_single_run\00000000000008a1d90496c853d3defb.pkl,C:\RINENG_COMPACT_FULL_20260920\RINENG_GFE_Standalone_Run\production_outputs\cache\production_single_run\00000000000008a1d90496c853d3defb.pkl,gfe-final-production-v2-00000000000003f329a2,same-machine protocol record replayed from cache,"{""protocol_id"": ""main-fig8-comparable-end-to-end-v2"", ""scope"": ""fresh command construction from declared inputs through terminal host phase: problem/objective initialization, acoustic transfer construction, applicable host-to-device transfer, compilation/warmup, device synchronization, native solve, and result extraction included; independent mechanical validation, cache retrieval, table export, and rendering excluded"", ""backend"": ""numpy/scipy-cpu"", ""problem_initialization_s"": 0.0004163999983575195, ""acoustic_transfer_construction_s"": 0.002549700002418831, ""device_transfer_s"": null, ""compilation_warmup_s"": null, ""pre_solve_synchronization_s"": null, ""solve_s"": 27.80009489999793, ""post_solve_synchronization_s"": null, ""result_extraction_s"": 6.299989763647318e-06, ""orchestration_overhead_s"": 7.300011930055916e-06, ""total_s"": 27.8030746000004, ""device_transfer_status"": ""not_applicable_synchronous_cpu"", ""compilation_warmup_status"": ""not_applicable_synchronous_cpu"", ""pre_solve_synchronization_status"": ""not_applicable_synchronous_cpu"", ""post_solve_synchronization_status"": ""not_applicable_synchronous_cpu"", ""decomposition_complete"": true, ""comparable_total"": true, ""exclusion_reason"": null}",controlled,BFGS,{},native,True,full,PRODUCTION,True,False,main-fig8-comparable-end-to-end-v2,"fresh command construction from declared inputs through terminal host phase: problem/objective initialization, acoustic transfer construction, applicable host-to-device transfer, compilation/warmup, device synchronization, native solve, and result extraction included; independent mechanical validation, cache retrieval, table export, and rendering excluded",numpy/scipy-cpu,True,,0.0004163999983575195,0.002549700002418831,N/A,N/A,N/A,27.80009489999793,N/A,6.299989763647318e-06,7.300011930055916e-06,27.8030746000004,not_applicable_synchronous_cpu,not_applicable_synchronous_cpu,not_applicable_synchronous_cpu,not_applicable_synchronous_cpu,True,27.8030746000004,0.0,0.0,0.05,80,Figure 3 root paired initializations,GFE,GFE
GFE,Single,367872265,10.0,10000,10000,10000,33,38,-0.059043675484214644,2.854401686077087e-08,2.854401686077087e-08,2.854401686077087e-08,1.7874956723358793e-09,6.631062306588085e-09,True,N m^-1 rad^-1,native optimized-objective gradient,True,0,CONVERGENCE: NORM OF PROJECTED GRADIENT <= PGTOL,True,0,CONVERGENCE: NORM OF PROJECTED GRADIENT <= PGTOL,0.0068539000058081,0.0068539000058081,FESolveResult history interval; objective/transfer construction excluded; not used for cross-method ranking,000000000000080fec356b1c932a13a2,000000000000080fd984ada3dc9d2023,1.1142852793561358e-06,1.1142852793561358e-06,cached,C:\RINENG_COMPACT_FULL_20260920\RINENG_GFE_Standalone_Run\production_outputs\cache\production_single_run\000000000000092d19b982a802a30eb3.pkl,C:\RINENG_COMPACT_FULL_20260920\RINENG_GFE_Standalone_Run\production_outputs\cache\production_single_run\000000000000092d19b982a802a30eb3.pkl,gfe-final-production-v2-00000000000003f329a2,same-machine protocol record replayed from cache,"{""protocol_id"": ""main-fig8-comparable-end-to-end-v2"", ""scope"": ""fresh command construction from declared inputs through terminal host phase: problem/objective initialization, acoustic transfer construction, applicable host-to-device transfer, compilation/warmup, device synchronization, native solve, and result extraction included; independent mechanical validation, cache retrieval, table export, and rendering excluded"", ""backend"": ""numpy/scipy-cpu"", ""problem_initialization_s"": 0.00039590000233147293, ""acoustic_transfer_construction_s"": 0.007085400007781573, ""device_transfer_s"": null, ""compilation_warmup_s"": null, ""pre_solve_synchronization_s"": null, ""solve_s"": 0.007413800005451776, ""post_solve_synchronization_s"": null, ""result_extraction_s"": 2.9999937396496534e-06, ""orchestration_overhead_s"": 8.099988917820156e-06, ""total_s"": 0.014906199998222291, ""device_transfer_status"": ""not_applicable_synchronous_cpu"", ""compilation_warmup_status"": ""not_applicable_synchronous_cpu"", ""pre_solve_synchronization_status"": ""not_applicable_synchronous_cpu"", ""post_solve_synchronization_status"": ""not_applicable_synchronous_cpu"", ""decomposition_complete"": true, ""comparable_total"": true, ""exclusion_reason"": null}",controlled,L-BFGS-B,"{""ftol"": 0.0, ""maxcor"": 10, ""maxfun"": 1000000, ""maxls"": 40}",compact-single-float64-v1,True,full,PRODUCTION,True,True,main-fig8-comparable-end-to-end-v2,"fresh command construction from declared inputs through terminal host phase: problem/objective initialization, acoustic transfer construction, applicable host-to-device transfer, compilation/warmup, device synchronization, native solve, and result extraction included; independent mechanical validation, cache retrieval, table export, and rendering excluded",numpy/scipy-cpu,True,,0.00039590000233147293,0.007085400007781573,N/A,N/A,N/A,0.007413800005451776,N/A,2.9999937396496534e-06,8.099988917820156e-06,0.014906199998222291,not_applicable_synchronous_cpu,not_applicable_synchronous_cpu,not_applicable_synchronous_cpu,not_applicable_synchronous_cpu,True,0.014906199998222291,0.0,0.0,0.05,80,Figure 3 root paired initializations,GFE,GFE
Conventional,Single,683188584,0.0,10000,10000,10000,7628,9490,-52.66593904004643,750.0335510181367,750.0335510181367,750.0335510181367,46.968922877641,154.3445369351421,False,N m^-1 rad^-1,native optimized-objective gradient,False,2,Desired error not necessarily achieved due to precision loss.,False,2,Desired error not necessarily achieved due to precision loss.,37.34050140000181,37.34050140000181,FESolveResult history interval; objective/transfer construction excluded; not used for cross-method ranking,000000000000080f7c84d49b22aa25c9,000000000000080fdff5caf5c0be0b65,0.0,0.0,cached,C:\RINENG_COMPACT_FULL_20260920\RINENG_GFE_Standalone_Run\production_outputs\cache\production_single_run\00000000000008a1d2ad84c8b106df8e.pkl,C:\RINENG_COMPACT_FULL_20260920\RINENG_GFE_Standalone_Run\production_outputs\cache\production_single_run\00000000000008a1d2ad84c8b106df8e.pkl,gfe-final-production-v2-00000000000003f329a2,same-machine protocol record replayed from cache,"{""protocol_id"": ""main-fig8-comparable-end-to-end-v2"", ""scope"": ""fresh command construction from declared inputs through terminal host phase: problem/objective initialization, acoustic transfer construction, applicable host-to-device transfer, compilation/warmup, device synchronization, native solve, and result extraction included; independent mechanical validation, cache retrieval, table export, and rendering excluded"", ""backend"": ""numpy/scipy-cpu"", ""problem_initialization_s"": 0.00039680000918451697, ""acoustic_transfer_construction_s"": 0.0025330000062240288, ""device_transfer_s"": null, ""compilation_warmup_s"": null, ""pre_solve_synchronization_s"": null, ""solve_s"": 37.40990050000255, ""post_solve_synchronization_s"": null, ""result_extraction_s"": 7.90000194683671e-06, ""orchestration_overhead_s"": 8.799979696050286e-06, ""total_s"": 37.4128469999996, ""device_transfer_status"": ""not_applicable_synchronous_cpu"", ""compilation_warmup_status"": ""not_applicable_synchronous_cpu"", ""pre_solve_synchronization_status"": ""not_applicable_synchronous_cpu"", ""post_solve_synchronization_status"": ""not_applicable_synchronous_cpu"", ""decomposition_complete"": true, ""comparable_total"": true, ""exclusion_reason"": null}",controlled,BFGS,{},native,True,full,PRODUCTION,True,False,main-fig8-comparable-end-to-end-v2,"fresh command construction from declared inputs through terminal host phase: problem/objective initialization, acoustic transfer construction, applicable host-to-device transfer, compilation/warmup, device synchronization, native solve, and result extraction included; independent mechanical validation, cache retrieval, table export, and rendering excluded",numpy/scipy-cpu,True,,0.00039680000918451697,0.0025330000062240288,N/A,N/A,N/A,37.40990050000255,N/A,7.90000194683671e-06,8.799979696050286e-06,37.4128469999996,not_applicable_synchronous_cpu,not_applicable_synchronous_cpu,not_applicable_synchronous_cpu,not_applicable_synchronous_cpu,True,37.4128469999996,0.0,0.0,0.05,81,Figure 3 root paired initializations,GFE,GFE
GFE,Single,683188584,10.0,10000,10000,10000,35,38,-0.05904367548493178,1.286242750751766e-08,1.286242750751766e-08,1.286242750751766e-08,8.054764547529373e-10,5.524905135183222e-09,True,N m^-1 rad^-1,native optimized-objective gradient,True,0,CONVERGENCE: NORM OF PROJECTED GRADIENT <= PGTOL,True,0,CONVERGENCE: NORM OF PROJECTED GRADIENT <= PGTOL,0.004166799990343861,0.004166799990343861,FESolveResult history interval; objective/transfer construction excluded; not used for cross-method ranking,000000000000080f82dce3bd71300b97,000000000000080fdff5caf5c0be0b65,1.1142852793561358e-06,1.1142852793561358e-06,cached,C:\RINENG_COMPACT_FULL_20260920\RINENG_GFE_Standalone_Run\production_outputs\cache\production_single_run\000000000000092d8e6d791e6d260f46.pkl,C:\RINENG_COMPACT_FULL_20260920\RINENG_GFE_Standalone_Run\production_outputs\cache\production_single_run\000000000000092d8e6d791e6d260f46.pkl,gfe-final-production-v2-00000000000003f329a2,same-machine protocol record replayed from cache,"{""protocol_id"": ""main-fig8-comparable-end-to-end-v2"", ""scope"": ""fresh command construction from declared inputs through terminal host phase: problem/objective initialization, acoustic transfer construction, applicable host-to-device transfer, compilation/warmup, device synchronization, native solve, and result extraction included; independent mechanical validation, cache retrieval, table export, and rendering excluded"", ""backend"": ""numpy/scipy-cpu"", ""problem_initialization_s"": 0.00047230000200215727, ""acoustic_transfer_construction_s"": 0.0038887999980943277, ""device_transfer_s"": null, ""compilation_warmup_s"": null, ""pre_solve_synchronization_s"": null, ""solve_s"": 0.004709000000730157, ""post_solve_synchronization_s"": null, ""result_extraction_s"": 2.5000044843181968e-06, ""orchestration_overhead_s"": 5.099995178170502e-06, ""total_s"": 0.00907770000048913, ""device_transfer_status"": ""not_applicable_synchronous_cpu"", ""compilation_warmup_status"": ""not_applicable_synchronous_cpu"", ""pre_solve_synchronization_status"": ""not_applicable_synchronous_cpu"", ""post_solve_synchronization_status"": ""not_applicable_synchronous_cpu"", ""decomposition_complete"": true, ""comparable_total"": true, ""exclusion_reason"": null}",controlled,L-BFGS-B,"{""ftol"": 0.0, ""maxcor"": 10, ""maxfun"": 1000000, ""maxls"": 40}",compact-single-float64-v1,True,full,PRODUCTION,True,True,main-fig8-comparable-end-to-end-v2,"fresh command construction from declared inputs through terminal host phase: problem/objective initialization, acoustic transfer construction, applicable host-to-device transfer, compilation/warmup, device synchronization, native solve, and result extraction included; independent mechanical validation, cache retrieval, table export, and rendering excluded",numpy/scipy-cpu,True,,0.00047230000200215727,0.0038887999980943277,N/A,N/A,N/A,0.004709000000730157,N/A,2.5000044843181968e-06,5.099995178170502e-06,0.00907770000048913,not_applicable_synchronous_cpu,not_applicable_synchronous_cpu,not_applicable_synchronous_cpu,not_applicable_synchronous_cpu,True,0.00907770000048913,0.0,0.0,0.05,81,Figure 3 root paired initializations,GFE,GFE
Conventional,Single,1592449659,0.0,10000,10000,10000,5797,7364,-54.40784554082196,652.7286022398697,652.7286022398697,652.7286022398697,40.875450620866296,129.78339387592655,False,N m^-1 rad^-1,native optimized-objective gradient,False,2,Desired error not necessarily achieved due to precision loss.,False,2,Desired error not necessarily achieved due to precision loss.,28.641041199996835,28.641041199996835,FESolveResult history interval; objective/transfer construction excluded; not used for cross-method ranking,000000000000080fd7e44f3accdc0f1e,000000000000080f0139164583ba02c2,0.0,0.0,cached,C:\RINENG_COMPACT_FULL_20260920\RINENG_GFE_Standalone_Run\production_outputs\cache\production_single_run\00000000000008a2879f07adb568de68.pkl,C:\RINENG_COMPACT_FULL_20260920\RINENG_GFE_Standalone_Run\production_outputs\cache\production_single_run\00000000000008a2879f07adb568de68.pkl,gfe-final-production-v2-00000000000003f329a2,same-machine protocol record replayed from cache,"{""protocol_id"": ""main-fig8-comparable-end-to-end-v2"", ""scope"": ""fresh command construction from declared inputs through terminal host phase: problem/objective initialization, acoustic transfer construction, applicable host-to-device transfer, compilation/warmup, device synchronization, native solve, and result extraction included; independent mechanical validation, cache retrieval, table export, and rendering excluded"", ""backend"": ""numpy/scipy-cpu"", ""problem_initialization_s"": 0.00036169998929835856, ""acoustic_transfer_construction_s"": 0.0026050000014947727, ""device_transfer_s"": null, ""compilation_warmup_s"": null, ""pre_solve_synchronization_s"": null, ""solve_s"": 28.693375999995624, ""post_solve_synchronization_s"": null, ""result_extraction_s"": 4.999994416721165e-06, ""orchestration_overhead_s"": 6.500020390376449e-06, ""total_s"": 28.696354200001224, ""device_transfer_status"": ""not_applicable_synchronous_cpu"", ""compilation_warmup_status"": ""not_applicable_synchronous_cpu"", ""pre_solve_synchronization_status"": ""not_applicable_synchronous_cpu"", ""post_solve_synchronization_status"": ""not_applicable_synchronous_cpu"", ""decomposition_complete"": true, ""comparable_total"": true, ""exclusion_reason"": null}",controlled,BFGS,{},native,True,full,PRODUCTION,True,False,main-fig8-comparable-end-to-end-v2,"fresh command construction from declared inputs through terminal host phase: problem/objective initialization, acoustic transfer construction, applicable host-to-device transfer, compilation/warmup, device synchronization, native solve, and result extraction included; independent mechanical validation, cache retrieval, table export, and rendering excluded",numpy/scipy-cpu,True,,0.00036169998929835856,0.0026050000014947727,N/A,N/A,N/A,28.693375999995624,N/A,4.999994416721165e-06,6.500020390376449e-06,28.696354200001224,not_applicable_synchronous_cpu,not_applicable_synchronous_cpu,not_applicable_synchronous_cpu,not_applicable_synchronous_cpu,True,28.696354200001224,0.0,0.0,0.05,82,Figure 3 root paired initializations,GFE,GFE
GFE,Single,1592449659,10.0,10000,10000,10000,35,38,-0.059043675484749335,1.56863740745781e-08,1.56863740745781e-08,1.56863740745781e-08,9.82318848454914e-10,7.59485113289454e-09,True,N m^-1 rad^-1,native optimized-objective gradient,True,0,CONVERGENCE: NORM OF PROJECTED GRADIENT <= PGTOL,True,0,CONVERGENCE: NORM OF PROJECTED GRADIENT <= PGTOL,0.005735500002629124,0.005735500002629124,FESolveResult history interval; objective/transfer construction excluded; not used for cross-method ranking,000000000000080f23ab7691d5131db6,000000000000080f0139164583ba02c2,1.1142852793561358e-06,1.1142852793561358e-06,cached,C:\RINENG_COMPACT_FULL_20260920\RINENG_GFE_Standalone_Run\production_outputs\cache\production_single_run\000000000000092e09fdbf4380d90e20.pkl,C:\RINENG_COMPACT_FULL_20260920\RINENG_GFE_Standalone_Run\production_outputs\cache\production_single_run\000000000000092e09fdbf4380d90e20.pkl,gfe-final-production-v2-00000000000003f329a2,same-machine protocol record replayed from cache,"{""protocol_id"": ""main-fig8-comparable-end-to-end-v2"", ""scope"": ""fresh command construction from declared inputs through terminal host phase: problem/objective initialization, acoustic transfer construction, applicable host-to-device transfer, compilation/warmup, device synchronization, native solve, and result extraction included; independent mechanical validation, cache retrieval, table export, and rendering excluded"", ""backend"": ""numpy/scipy-cpu"", ""problem_initialization_s"": 0.0007489999989047647, ""acoustic_transfer_construction_s"": 0.004487999991397373, ""device_transfer_s"": null, ""compilation_warmup_s"": null, ""pre_solve_synchronization_s"": null, ""solve_s"": 0.006891400000313297, ""post_solve_synchronization_s"": null, ""result_extraction_s"": 4.1000021155923605e-06, ""orchestration_overhead_s"": 8.100003469735384e-06, ""total_s"": 0.012140599996200763, ""device_transfer_status"": ""not_applicable_synchronous_cpu"", ""compilation_warmup_status"": ""not_applicable_synchronous_cpu"", ""pre_solve_synchronization_status"": ""not_applicable_synchronous_cpu"", ""post_solve_synchronization_status"": ""not_applicable_synchronous_cpu"", ""decomposition_complete"": true, ""comparable_total"": true, ""exclusion_reason"": null}",controlled,L-BFGS-B,"{""ftol"": 0.0, ""maxcor"": 10, ""maxfun"": 1000000, ""maxls"": 40}",compact-single-float64-v1,True,full,PRODUCTION,True,True,main-fig8-comparable-end-to-end-v2,"fresh command construction from declared inputs through terminal host phase: problem/objective initialization, acoustic transfer construction, applicable host-to-device transfer, compilation/warmup, device synchronization, native solve, and result extraction included; independent mechanical validation, cache retrieval, table export, and rendering excluded",numpy/scipy-cpu,True,,0.0007489999989047647,0.004487999991397373,N/A,N/A,N/A,0.006891400000313297,N/A,4.1000021155923605e-06,8.100003469735384e-06,0.012140599996200763,not_applicable_synchronous_cpu,not_applicable_synchronous_cpu,not_applicable_synchronous_cpu,not_applicable_synchronous_cpu,True,0.012140599996200763,0.0,0.0,0.05,82,Figure 3 root paired initializations,GFE,GFE
Conventional,Single,1722894495,0.0,10000,10000,10000,5796,7367,-53.52624187975028,687.2106307738911,687.2106307738911,687.2106307738911,43.03479900825584,129.11756233752047,False,N m^-1 rad^-1,native optimized-objective gradient,False,2,Desired error not necessarily achieved due to precision loss.,False,2,Desired error not necessarily achieved due to precision loss.,28.829277099997853,28.829277099997853,FESolveResult history interval; objective/transfer construction excluded; not used for cross-method ranking,000000000000080f261b6f1748580803,000000000000080f4677825cb6e21382,0.0,0.0,cached,C:\RINENG_COMPACT_FULL_20260920\RINENG_GFE_Standalone_Run\production_outputs\cache\production_single_run\00000000000008a2557dbba954e2de7a.pkl,C:\RINENG_COMPACT_FULL_20260920\RINENG_GFE_Standalone_Run\production_outputs\cache\production_single_run\00000000000008a2557dbba954e2de7a.pkl,gfe-final-production-v2-00000000000003f329a2,same-machine protocol record replayed from cache,"{""protocol_id"": ""main-fig8-comparable-end-to-end-v2"", ""scope"": ""fresh command construction from declared inputs through terminal host phase: problem/objective initialization, acoustic transfer construction, applicable host-to-device transfer, compilation/warmup, device synchronization, native solve, and result extraction included; independent mechanical validation, cache retrieval, table export, and rendering excluded"", ""backend"": ""numpy/scipy-cpu"", ""problem_initialization_s"": 0.00034890000824816525, ""acoustic_transfer_construction_s"": 0.0027148000081069767, ""device_transfer_s"": null, ""compilation_warmup_s"": null, ""pre_solve_synchronization_s"": null, ""solve_s"": 28.883333000005223, ""post_solve_synchronization_s"": null, ""result_extraction_s"": 6.400005077011883e-06, ""orchestration_overhead_s"": 7.899972843006253e-06, ""total_s"": 28.886410999999498, ""device_transfer_status"": ""not_applicable_synchronous_cpu"", ""compilation_warmup_status"": ""not_applicable_synchronous_cpu"", ""pre_solve_synchronization_status"": ""not_applicable_synchronous_cpu"", ""post_solve_synchronization_status"": ""not_applicable_synchronous_cpu"", ""decomposition_complete"": true, ""comparable_total"": true, ""exclusion_reason"": null}",controlled,BFGS,{},native,True,full,PRODUCTION,True,False,main-fig8-comparable-end-to-end-v2,"fresh command construction from declared inputs through terminal host phase: problem/objective initialization, acoustic transfer construction, applicable host-to-device transfer, compilation/warmup, device synchronization, native solve, and result extraction included; independent mechanical validation, cache retrieval, table export, and rendering excluded",numpy/scipy-cpu,True,,0.00034890000824816525,0.0027148000081069767,N/A,N/A,N/A,28.883333000005223,N/A,6.400005077011883e-06,7.899972843006253e-06,28.886410999999498,not_applicable_synchronous_cpu,not_applicable_synchronous_cpu,not_applicable_synchronous_cpu,not_applicable_synchronous_cpu,True,28.886410999999498,0.0,0.0,0.05,83,Figure 3 root paired initializations,GFE,GFE
GFE,Single,1722894495,10.0,10000,10000,10000,32,38,-0.05904367548511333,8.318628746067327e-09,8.318628746067327e-09,8.318628746067327e-09,5.209327389306558e-10,3.776534840540268e-09,True,N m^-1 rad^-1,native optimized-objective gradient,True,0,CONVERGENCE: NORM OF PROJECTED GRADIENT <= PGTOL,True,0,CONVERGENCE: NORM OF PROJECTED GRADIENT <= PGTOL,0.0038687000051140785,0.0038687000051140785,FESolveResult history interval; objective/transfer construction excluded; not used for cross-method ranking,000000000000080fb9c41552e24816f4,000000000000080f4677825cb6e21382,1.1142852793561358e-06,1.1142852793561358e-06,cached,C:\RINENG_COMPACT_FULL_20260920\RINENG_GFE_Standalone_Run\production_outputs\cache\production_single_run\000000000000092e6caf19eb224b0e32.pkl,C:\RINENG_COMPACT_FULL_20260920\RINENG_GFE_Standalone_Run\production_outputs\cache\production_single_run\000000000000092e6caf19eb224b0e32.pkl,gfe-final-production-v2-00000000000003f329a2,same-machine protocol record replayed from cache,"{""protocol_id"": ""main-fig8-comparable-end-to-end-v2"", ""scope"": ""fresh command construction from declared inputs through terminal host phase: problem/objective initialization, acoustic transfer construction, applicable host-to-device transfer, compilation/warmup, device synchronization, native solve, and result extraction included; independent mechanical validation, cache retrieval, table export, and rendering excluded"", ""backend"": ""numpy/scipy-cpu"", ""problem_initialization_s"": 0.00043149999692104757, ""acoustic_transfer_construction_s"": 0.0038884999958099797, ""device_transfer_s"": null, ""compilation_warmup_s"": null, ""pre_solve_synchronization_s"": null, ""solve_s"": 0.004469499996048398, ""post_solve_synchronization_s"": null, ""result_extraction_s"": 2.3000029614195228e-06, ""orchestration_overhead_s"": 5.700014298781753e-06, ""total_s"": 0.008797500006039627, ""device_transfer_status"": ""not_applicable_synchronous_cpu"", ""compilation_warmup_status"": ""not_applicable_synchronous_cpu"", ""pre_solve_synchronization_status"": ""not_applicable_synchronous_cpu"", ""post_solve_synchronization_status"": ""not_applicable_synchronous_cpu"", ""decomposition_complete"": true, ""comparable_total"": true, ""exclusion_reason"": null}",controlled,L-BFGS-B,"{""ftol"": 0.0, ""maxcor"": 10, ""maxfun"": 1000000, ""maxls"": 40}",compact-single-float64-v1,True,full,PRODUCTION,True,True,main-fig8-comparable-end-to-end-v2,"fresh command construction from declared inputs through terminal host phase: problem/objective initialization, acoustic transfer construction, applicable host-to-device transfer, compilation/warmup, device synchronization, native solve, and result extraction included; independent mechanical validation, cache retrieval, table export, and rendering excluded",numpy/scipy-cpu,True,,0.00043149999692104757,0.0038884999958099797,N/A,N/A,N/A,0.004469499996048398,N/A,2.3000029614195228e-06,5.700014298781753e-06,0.008797500006039627,not_applicable_synchronous_cpu,not_applicable_synchronous_cpu,not_applicable_synchronous_cpu,not_applicable_synchronous_cpu,True,0.008797500006039627,0.0,0.0,0.05,83,Figure 3 root paired initializations,GFE,GFE
Conventional,Single,1514949111,0.0,10000,10000,10000,5183,6646,-53.95268108740623,706.1563555849964,706.1563555849964,706.1563555849964,44.22122631714871,153.8998499693312,False,N m^-1 rad^-1,native optimized-objective gradient,False,2,Desired error not necessarily achieved due to precision loss.,False,2,Desired error not necessarily achieved due to precision loss.,25.639231100009056,25.639231100009056,FESolveResult history interval; objective/transfer construction excluded; not used for cross-method ranking,000000000000080f07338d96d581161d,000000000000080f4fe59d80bae30862,0.0,0.0,cached,C:\RINENG_COMPACT_FULL_20260920\RINENG_GFE_Standalone_Run\production_outputs\cache\production_single_run\00000000000008a2ce0ac18482f6def8.pkl,C:\RINENG_COMPACT_FULL_20260920\RINENG_GFE_Standalone_Run\production_outputs\cache\production_single_run\00000000000008a2ce0ac18482f6def8.pkl,gfe-final-production-v2-00000000000003f329a2,same-machine protocol record replayed from cache,"{""protocol_id"": ""main-fig8-comparable-end-to-end-v2"", ""scope"": ""fresh command construction from declared inputs through terminal host phase: problem/objective initialization, acoustic transfer construction, applicable host-to-device transfer, compilation/warmup, device synchronization, native solve, and result extraction included; independent mechanical validation, cache retrieval, table export, and rendering excluded"", ""backend"": ""numpy/scipy-cpu"", ""problem_initialization_s"": 0.0003654999891296029, ""acoustic_transfer_construction_s"": 0.002699299991945736, ""device_transfer_s"": null, ""compilation_warmup_s"": null, ""pre_solve_synchronization_s"": null, ""solve_s"": 25.689096100002644, ""post_solve_synchronization_s"": null, ""result_extraction_s"": 4.999994416721165e-06, ""orchestration_overhead_s"": 7.800015737302601e-06, ""total_s"": 25.692173699993873, ""device_transfer_status"": ""not_applicable_synchronous_cpu"", ""compilation_warmup_status"": ""not_applicable_synchronous_cpu"", ""pre_solve_synchronization_status"": ""not_applicable_synchronous_cpu"", ""post_solve_synchronization_status"": ""not_applicable_synchronous_cpu"", ""decomposition_complete"": true, ""comparable_total"": true, ""exclusion_reason"": null}",controlled,BFGS,{},native,True,full,PRODUCTION,True,False,main-fig8-comparable-end-to-end-v2,"fresh command construction from declared inputs through terminal host phase: problem/objective initialization, acoustic transfer construction, applicable host-to-device transfer, compilation/warmup, device synchronization, native solve, and result extraction included; independent mechanical validation, cache retrieval, table export, and rendering excluded",numpy/scipy-cpu,True,,0.0003654999891296029,0.002699299991945736,N/A,N/A,N/A,25.689096100002644,N/A,4.999994416721165e-06,7.800015737302601e-06,25.692173699993873,not_applicable_synchronous_cpu,not_applicable_synchronous_cpu,not_applicable_synchronous_cpu,not_applicable_synchronous_cpu,True,25.692173699993873,0.0,0.0,0.05,84,Figure 3 root paired initializations,GFE,GFE
GFE,Single,1514949111,10.0,10000,10000,10000,40,48,-0.059043675485154205,8.231493285967636e-09,8.231493285967636e-09,8.231493285967636e-09,5.154761047577251e-10,2.383986316773639e-09,True,N m^-1 rad^-1,native optimized-objective gradient,True,0,CONVERGENCE: NORM OF PROJECTED GRADIENT <= PGTOL,True,0,CONVERGENCE: NORM OF PROJECTED GRADIENT <= PGTOL,0.013991400002851151,0.013991400002851151,FESolveResult history interval; objective/transfer construction excluded; not used for cross-method ranking,000000000000080f2f843919d90e1326,000000000000080f4fe59d80bae30862,1.1142852793561358e-06,1.1142852793561358e-06,cached,C:\RINENG_COMPACT_FULL_20260920\RINENG_GFE_Standalone_Run\production_outputs\cache\production_single_run\000000000000092eb4ef80205d970eb0.pkl,C:\RINENG_COMPACT_FULL_20260920\RINENG_GFE_Standalone_Run\production_outputs\cache\production_single_run\000000000000092eb4ef80205d970eb0.pkl,gfe-final-production-v2-00000000000003f329a2,same-machine protocol record replayed from cache,"{""protocol_id"": ""main-fig8-comparable-end-to-end-v2"", ""scope"": ""fresh command construction from declared inputs through terminal host phase: problem/objective initialization, acoustic transfer construction, applicable host-to-device transfer, compilation/warmup, device synchronization, native solve, and result extraction included; independent mechanical validation, cache retrieval, table export, and rendering excluded"", ""backend"": ""numpy/scipy-cpu"", ""problem_initialization_s"": 0.0007234000077005476, ""acoustic_transfer_construction_s"": 0.007301199992070906, ""device_transfer_s"": null, ""compilation_warmup_s"": null, ""pre_solve_synchronization_s"": null, ""solve_s"": 0.015338299999712035, ""post_solve_synchronization_s"": null, ""result_extraction_s"": 3.40001133736223e-06, ""orchestration_overhead_s"": 1.0799980373121798e-05, ""total_s"": 0.023377099991193973, ""device_transfer_status"": ""not_applicable_synchronous_cpu"", ""compilation_warmup_status"": ""not_applicable_synchronous_cpu"", ""pre_solve_synchronization_status"": ""not_applicable_synchronous_cpu"", ""post_solve_synchronization_status"": ""not_applicable_synchronous_cpu"", ""decomposition_complete"": true, ""comparable_total"": true, ""exclusion_reason"": null}",controlled,L-BFGS-B,"{""ftol"": 0.0, ""maxcor"": 10, ""maxfun"": 1000000, ""maxls"": 40}",compact-single-float64-v1,True,full,PRODUCTION,True,True,main-fig8-comparable-end-to-end-v2,"fresh command construction from declared inputs through terminal host phase: problem/objective initialization, acoustic transfer construction, applicable host-to-device transfer, compilation/warmup, device synchronization, native solve, and result extraction included; independent mechanical validation, cache retrieval, table export, and rendering excluded",numpy/scipy-cpu,True,,0.0007234000077005476,0.007301199992070906,N/A,N/A,N/A,0.015338299999712035,N/A,3.40001133736223e-06,1.0799980373121798e-05,0.023377099991193973,not_applicable_synchronous_cpu,not_applicable_synchronous_cpu,not_applicable_synchronous_cpu,not_applicable_synchronous_cpu,True,0.023377099991193973,0.0,0.0,0.05,84,Figure 3 root paired initializations,GFE,GFE
Conventional,Single,484432774,0.0,10000,10000,10000,4571,5942,-54.31931528592289,637.5117343182116,637.5117343182116,637.5117343182116,39.92253338818862,156.19931601035998,False,N m^-1 rad^-1,native optimized-objective gradient,False,2,Desired error not necessarily achieved due to precision loss.,False,2,Desired error not necessarily achieved due to precision loss.,23.528018400000292,23.528018400000292,FESolveResult history interval; objective/transfer construction excluded; not used for cross-method ranking,000000000000080f86b91ea3b389120e,000000000000080f699e34c35a2102b5,0.0,0.0,cached,C:\RINENG_COMPACT_FULL_20260920\RINENG_GFE_Standalone_Run\production_outputs\cache\production_single_run\00000000000008a12584ce42e22dde67.pkl,C:\RINENG_COMPACT_FULL_20260920\RINENG_GFE_Standalone_Run\production_outputs\cache\production_single_run\00000000000008a12584ce42e22dde67.pkl,gfe-final-production-v2-00000000000003f329a2,same-machine protocol record replayed from cache,"{""protocol_id"": ""main-fig8-comparable-end-to-end-v2"", ""scope"": ""fresh command construction from declared inputs through terminal host phase: problem/objective initialization, acoustic transfer construction, applicable host-to-device transfer, compilation/warmup, device synchronization, native solve, and result extraction included; independent mechanical validation, cache retrieval, table export, and rendering excluded"", ""backend"": ""numpy/scipy-cpu"", ""problem_initialization_s"": 0.0003605999954743311, ""acoustic_transfer_construction_s"": 0.002588199989986606, ""device_transfer_s"": null, ""compilation_warmup_s"": null, ""pre_solve_synchronization_s"": null, ""solve_s"": 23.574550599994836, ""post_solve_synchronization_s"": null, ""result_extraction_s"": 6.599992047995329e-06, ""orchestration_overhead_s"": 6.40003418084234e-06, ""total_s"": 23.577512400006526, ""device_transfer_status"": ""not_applicable_synchronous_cpu"", ""compilation_warmup_status"": ""not_applicable_synchronous_cpu"", ""pre_solve_synchronization_status"": ""not_applicable_synchronous_cpu"", ""post_solve_synchronization_status"": ""not_applicable_synchronous_cpu"", ""decomposition_complete"": true, ""comparable_total"": true, ""exclusion_reason"": null}",controlled,BFGS,{},native,True,full,PRODUCTION,True,False,main-fig8-comparable-end-to-end-v2,"fresh command construction from declared inputs through terminal host phase: problem/objective initialization, acoustic transfer construction, applicable host-to-device transfer, compilation/warmup, device synchronization, native solve, and result extraction included; independent mechanical validation, cache retrieval, table export, and rendering excluded",numpy/scipy-cpu,True,,0.0003605999954743311,0.002588199989986606,N/A,N/A,N/A,23.574550599994836,N/A,6.599992047995329e-06,6.40003418084234e-06,23.577512400006526,not_applicable_synchronous_cpu,not_applicable_synchronous_cpu,not_applicable_synchronous_cpu,not_applicable_synchronous_cpu,True,23.577512400006526,0.0,0.0,0.05,85,Figure 3 root paired initializations,GFE,GFE
GFE,Single,484432774,10.0,10000,10000,10000,33,43,-0.05904367548436072,2.518981522178574e-08,2.518981522178574e-08,2.518981522178574e-08,1.5774474179828684e-09,7.687407076821438e-09,True,N m^-1 rad^-1,native optimized-objective gradient,True,0,CONVERGENCE: NORM OF PROJECTED GRADIENT <= PGTOL,True,0,CONVERGENCE: NORM OF PROJECTED GRADIENT <= PGTOL,0.004349499999079853,0.004349499999079853,FESolveResult history interval; objective/transfer construction excluded; not used for cross-method ranking,000000000000080f4d7115c0a16515ea,000000000000080f699e34c35a2102b5,1.1142852793561358e-06,1.1142852793561358e-06,cached,C:\RINENG_COMPACT_FULL_20260920\RINENG_GFE_Standalone_Run\production_outputs\cache\production_single_run\000000000000092d9c3af78d83650e1f.pkl,C:\RINENG_COMPACT_FULL_20260920\RINENG_GFE_Standalone_Run\production_outputs\cache\production_single_run\000000000000092d9c3af78d83650e1f.pkl,gfe-final-production-v2-00000000000003f329a2,same-machine protocol record replayed from cache,"{""protocol_id"": ""main-fig8-comparable-end-to-end-v2"", ""scope"": ""fresh command construction from declared inputs through terminal host phase: problem/objective initialization, acoustic transfer construction, applicable host-to-device transfer, compilation/warmup, device synchronization, native solve, and result extraction included; independent mechanical validation, cache retrieval, table export, and rendering excluded"", ""backend"": ""numpy/scipy-cpu"", ""problem_initialization_s"": 0.00038810000114608556, ""acoustic_transfer_construction_s"": 0.00365139999485109, ""device_transfer_s"": null, ""compilation_warmup_s"": null, ""pre_solve_synchronization_s"": null, ""solve_s"": 0.0049079000018537045, ""post_solve_synchronization_s"": null, ""result_extraction_s"": 2.2000021999701858e-06, ""orchestration_overhead_s"": 4.999994416721165e-06, ""total_s"": 0.008954599994467571, ""device_transfer_status"": ""not_applicable_synchronous_cpu"", ""compilation_warmup_status"": ""not_applicable_synchronous_cpu"", ""pre_solve_synchronization_status"": ""not_applicable_synchronous_cpu"", ""post_solve_synchronization_status"": ""not_applicable_synchronous_cpu"", ""decomposition_complete"": true, ""comparable_total"": true, ""exclusion_reason"": null}",controlled,L-BFGS-B,"{""ftol"": 0.0, ""maxcor"": 10, ""maxfun"": 1000000, ""maxls"": 40}",compact-single-float64-v1,True,full,PRODUCTION,True,True,main-fig8-comparable-end-to-end-v2,"fresh command construction from declared inputs through terminal host phase: problem/objective initialization, acoustic transfer construction, applicable host-to-device transfer, compilation/warmup, device synchronization, native solve, and result extraction included; independent mechanical validation, cache retrieval, table export, and rendering excluded",numpy/scipy-cpu,True,,0.00038810000114608556,0.00365139999485109,N/A,N/A,N/A,0.0049079000018537045,N/A,2.2000021999701858e-06,4.999994416721165e-06,0.008954599994467571,not_applicable_synchronous_cpu,not_applicable_synchronous_cpu,not_applicable_synchronous_cpu,not_applicable_synchronous_cpu,True,0.008954599994467571,0.0,0.0,0.05,85,Figure 3 root paired initializations,GFE,GFE
Conventional,Single,1215176815,0.0,10000,10000,10000,5498,6982,-54.00291904314799,642.1991177505635,642.1991177505635,642.1991177505635,40.2160687248855,123.66042914177042,False,N m^-1 rad^-1,native optimized-objective gradient,False,2,Desired error not necessarily achieved due to precision loss.,False,2,Desired error not necessarily achieved due to precision loss.,27.02584410000418,27.02584410000418,FESolveResult history interval; objective/transfer construction excluded; not used for cross-method ranking,000000000000080fb01076bb8aea0929,000000000000080fa57a7f031d370693,0.0,0.0,cached,C:\RINENG_COMPACT_FULL_20260920\RINENG_GFE_Standalone_Run\production_outputs\cache\production_single_run\00000000000008a28da21e11720dde94.pkl,C:\RINENG_COMPACT_FULL_20260920\RINENG_GFE_Standalone_Run\production_outputs\cache\production_single_run\00000000000008a28da21e11720dde94.pkl,gfe-final-production-v2-00000000000003f329a2,same-machine protocol record replayed from cache,"{""protocol_id"": ""main-fig8-comparable-end-to-end-v2"", ""scope"": ""fresh command construction from declared inputs through terminal host phase: problem/objective initialization, acoustic transfer construction, applicable host-to-device transfer, compilation/warmup, device synchronization, native solve, and result extraction included; independent mechanical validation, cache retrieval, table export, and rendering excluded"", ""backend"": ""numpy/scipy-cpu"", ""problem_initialization_s"": 0.00035140001273248345, ""acoustic_transfer_construction_s"": 0.0027221000054851174, ""device_transfer_s"": null, ""compilation_warmup_s"": null, ""pre_solve_synchronization_s"": null, ""solve_s"": 27.07725190000201, ""post_solve_synchronization_s"": null, ""result_extraction_s"": 5.699999746866524e-06, ""orchestration_overhead_s"": 6.0999736888334155e-06, ""total_s"": 27.080337199993664, ""device_transfer_status"": ""not_applicable_synchronous_cpu"", ""compilation_warmup_status"": ""not_applicable_synchronous_cpu"", ""pre_solve_synchronization_status"": ""not_applicable_synchronous_cpu"", ""post_solve_synchronization_status"": ""not_applicable_synchronous_cpu"", ""decomposition_complete"": true, ""comparable_total"": true, ""exclusion_reason"": null}",controlled,BFGS,{},native,True,full,PRODUCTION,True,False,main-fig8-comparable-end-to-end-v2,"fresh command construction from declared inputs through terminal host phase: problem/objective initialization, acoustic transfer construction, applicable host-to-device transfer, compilation/warmup, device synchronization, native solve, and result extraction included; independent mechanical validation, cache retrieval, table export, and rendering excluded",numpy/scipy-cpu,True,,0.00035140001273248345,0.0027221000054851174,N/A,N/A,N/A,27.07725190000201,N/A,5.699999746866524e-06,6.0999736888334155e-06,27.080337199993664,not_applicable_synchronous_cpu,not_applicable_synchronous_cpu,not_applicable_synchronous_cpu,not_applicable_synchronous_cpu,True,27.080337199993664,0.0,0.0,0.05,86,Figure 3 root paired initializations,GFE,GFE
GFE,Single,1215176815,10.0,10000,10000,10000,34,38,-0.05904367548516318,1.1856584398397066e-08,1.1856584398397066e-08,1.1856584398397066e-08,7.424881159577446e-10,2.1966430696341337e-09,True,N m^-1 rad^-1,native optimized-objective gradient,True,0,CONVERGENCE: NORM OF PROJECTED GRADIENT <= PGTOL,True,0,CONVERGENCE: NORM OF PROJECTED GRADIENT <= PGTOL,0.004514200001722202,0.004514200001722202,FESolveResult history interval; objective/transfer construction excluded; not used for cross-method ranking,000000000000080f71ff0fc95a3727ab,000000000000080fa57a7f031d370693,1.1142852793561358e-06,1.1142852793561358e-06,cached,C:\RINENG_COMPACT_FULL_20260920\RINENG_GFE_Standalone_Run\production_outputs\cache\production_single_run\000000000000092e9bffa96743360e4c.pkl,C:\RINENG_COMPACT_FULL_20260920\RINENG_GFE_Standalone_Run\production_outputs\cache\production_single_run\000000000000092e9bffa96743360e4c.pkl,gfe-final-production-v2-00000000000003f329a2,same-machine protocol record replayed from cache,"{""protocol_id"": ""main-fig8-comparable-end-to-end-v2"", ""scope"": ""fresh command construction from declared inputs through terminal host phase: problem/objective initialization, acoustic transfer construction, applicable host-to-device transfer, compilation/warmup, device synchronization, native solve, and result extraction included; independent mechanical validation, cache retrieval, table export, and rendering excluded"", ""backend"": ""numpy/scipy-cpu"", ""problem_initialization_s"": 0.0006283999973675236, ""acoustic_transfer_construction_s"": 0.004851899997447617, ""device_transfer_s"": null, ""compilation_warmup_s"": null, ""pre_solve_synchronization_s"": null, ""solve_s"": 0.004973299990524538, ""post_solve_synchronization_s"": null, ""result_extraction_s"": 2.0000006770715117e-06, ""orchestration_overhead_s"": 6.500020390376449e-06, ""total_s"": 0.010462100006407127, ""device_transfer_status"": ""not_applicable_synchronous_cpu"", ""compilation_warmup_status"": ""not_applicable_synchronous_cpu"", ""pre_solve_synchronization_status"": ""not_applicable_synchronous_cpu"", ""post_solve_synchronization_status"": ""not_applicable_synchronous_cpu"", ""decomposition_complete"": true, ""comparable_total"": true, ""exclusion_reason"": null}",controlled,L-BFGS-B,"{""ftol"": 0.0, ""maxcor"": 10, ""maxfun"": 1000000, ""maxls"": 40}",compact-single-float64-v1,True,full,PRODUCTION,True,True,main-fig8-comparable-end-to-end-v2,"fresh command construction from declared inputs through terminal host phase: problem/objective initialization, acoustic transfer construction, applicable host-to-device transfer, compilation/warmup, device synchronization, native solve, and result extraction included; independent mechanical validation, cache retrieval, table export, and rendering excluded",numpy/scipy-cpu,True,,0.0006283999973675236,0.004851899997447617,N/A,N/A,N/A,0.004973299990524538,N/A,2.0000006770715117e-06,6.500020390376449e-06,0.010462100006407127,not_applicable_synchronous_cpu,not_applicable_synchronous_cpu,not_applicable_synchronous_cpu,not_applicable_synchronous_cpu,True,0.010462100006407127,0.0,0.0,0.05,86,Figure 3 root paired initializations,GFE,GFE
Conventional,Single,418957950,0.0,10000,10000,10000,6176,7740,-53.98958035465114,674.9563467295562,674.9563467295562,674.9563467295562,42.267405974413876,156.25921232534645,False,N m^-1 rad^-1,native optimized-objective gradient,False,2,Desired error not necessarily achieved due to precision loss.,False,2,Desired error not necessarily achieved due to precision loss.,30.68809440000041,30.68809440000041,FESolveResult history interval; objective/transfer construction excluded; not used for cross-method ranking,000000000000080f7449f5623bae252f,000000000000080fdd3e87d5a54d175f,0.0,0.0,cached,C:\RINENG_COMPACT_FULL_20260920\RINENG_GFE_Standalone_Run\production_outputs\cache\production_single_run\00000000000008a1a3a1eaa0b4e4df09.pkl,C:\RINENG_COMPACT_FULL_20260920\RINENG_GFE_Standalone_Run\production_outputs\cache\production_single_run\00000000000008a1a3a1eaa0b4e4df09.pkl,gfe-final-production-v2-00000000000003f329a2,same-machine protocol record replayed from cache,"{""protocol_id"": ""main-fig8-comparable-end-to-end-v2"", ""scope"": ""fresh command construction from declared inputs through terminal host phase: problem/objective initialization, acoustic transfer construction, applicable host-to-device transfer, compilation/warmup, device synchronization, native solve, and result extraction included; independent mechanical validation, cache retrieval, table export, and rendering excluded"", ""backend"": ""numpy/scipy-cpu"", ""problem_initialization_s"": 0.00037980001070536673, ""acoustic_transfer_construction_s"": 0.0025231000036001205, ""device_transfer_s"": null, ""compilation_warmup_s"": null, ""pre_solve_synchronization_s"": null, ""solve_s"": 30.74433110000973, ""post_solve_synchronization_s"": null, ""result_extraction_s"": 5.2000104915350676e-06, ""orchestration_overhead_s"": 5.1999668357893825e-06, ""total_s"": 30.747244400001364, ""device_transfer_status"": ""not_applicable_synchronous_cpu"", ""compilation_warmup_status"": ""not_applicable_synchronous_cpu"", ""pre_solve_synchronization_status"": ""not_applicable_synchronous_cpu"", ""post_solve_synchronization_status"": ""not_applicable_synchronous_cpu"", ""decomposition_complete"": true, ""comparable_total"": true, ""exclusion_reason"": null}",controlled,BFGS,{},native,True,full,PRODUCTION,True,False,main-fig8-comparable-end-to-end-v2,"fresh command construction from declared inputs through terminal host phase: problem/objective initialization, acoustic transfer construction, applicable host-to-device transfer, compilation/warmup, device synchronization, native solve, and result extraction included; independent mechanical validation, cache retrieval, table export, and rendering excluded",numpy/scipy-cpu,True,,0.00037980001070536673,0.0025231000036001205,N/A,N/A,N/A,30.74433110000973,N/A,5.2000104915350676e-06,5.1999668357893825e-06,30.747244400001364,not_applicable_synchronous_cpu,not_applicable_synchronous_cpu,not_applicable_synchronous_cpu,not_applicable_synchronous_cpu,True,30.747244400001364,0.0,0.0,0.05,87,Figure 3 root paired initializations,GFE,GFE
GFE,Single,418957950,10.0,10000,10000,10000,34,41,-0.05904367548506433,1.0515267803121682e-08,1.0515267803121682e-08,1.0515267803121682e-08,6.584916125580372e-10,2.962539561441049e-09,True,N m^-1 rad^-1,native optimized-objective gradient,True,0,CONVERGENCE: NORM OF PROJECTED GRADIENT <= PGTOL,True,0,CONVERGENCE: NORM OF PROJECTED GRADIENT <= PGTOL,0.00572200000169687,0.00572200000169687,FESolveResult history interval; objective/transfer construction excluded; not used for cross-method ranking,000000000000080fac727d750e3718e9,000000000000080fdd3e87d5a54d175f,1.1142852793561358e-06,1.1142852793561358e-06,cached,C:\RINENG_COMPACT_FULL_20260920\RINENG_GFE_Standalone_Run\production_outputs\cache\production_single_run\000000000000092d5451f70564d40ec1.pkl,C:\RINENG_COMPACT_FULL_20260920\RINENG_GFE_Standalone_Run\production_outputs\cache\production_single_run\000000000000092d5451f70564d40ec1.pkl,gfe-final-production-v2-00000000000003f329a2,same-machine protocol record replayed from cache,"{""protocol_id"": ""main-fig8-comparable-end-to-end-v2"", ""scope"": ""fresh command construction from declared inputs through terminal host phase: problem/objective initialization, acoustic transfer construction, applicable host-to-device transfer, compilation/warmup, device synchronization, native solve, and result extraction included; independent mechanical validation, cache retrieval, table export, and rendering excluded"", ""backend"": ""numpy/scipy-cpu"", ""problem_initialization_s"": 0.0004507999983616173, ""acoustic_transfer_construction_s"": 0.003835700001218356, ""device_transfer_s"": null, ""compilation_warmup_s"": null, ""pre_solve_synchronization_s"": null, ""solve_s"": 0.006826600001659244, ""post_solve_synchronization_s"": null, ""result_extraction_s"": 3.6999990697950125e-06, ""orchestration_overhead_s"": 6.400005077011883e-06, ""total_s"": 0.011123200005386025, ""device_transfer_status"": ""not_applicable_synchronous_cpu"", ""compilation_warmup_status"": ""not_applicable_synchronous_cpu"", ""pre_solve_synchronization_status"": ""not_applicable_synchronous_cpu"", ""post_solve_synchronization_status"": ""not_applicable_synchronous_cpu"", ""decomposition_complete"": true, ""comparable_total"": true, ""exclusion_reason"": null}",controlled,L-BFGS-B,"{""ftol"": 0.0, ""maxcor"": 10, ""maxfun"": 1000000, ""maxls"": 40}",compact-single-float64-v1,True,full,PRODUCTION,True,True,main-fig8-comparable-end-to-end-v2,"fresh command construction from declared inputs through terminal host phase: problem/objective initialization, acoustic transfer construction, applicable host-to-device transfer, compilation/warmup, device synchronization, native solve, and result extraction included; independent mechanical validation, cache retrieval, table export, and rendering excluded",numpy/scipy-cpu,True,,0.0004507999983616173,0.003835700001218356,N/A,N/A,N/A,0.006826600001659244,N/A,3.6999990697950125e-06,6.400005077011883e-06,0.011123200005386025,not_applicable_synchronous_cpu,not_applicable_synchronous_cpu,not_applicable_synchronous_cpu,not_applicable_synchronous_cpu,True,0.011123200005386025,0.0,0.0,0.05,87,Figure 3 root paired initializations,GFE,GFE
Conventional,Single,1525774826,0.0,10000,10000,10000,7455,9249,-53.849084089359884,709.6362605645711,709.6362605645711,709.6362605645711,44.4391464200365,155.3367411412976,False,N m^-1 rad^-1,native optimized-objective gradient,False,2,Desired error not necessarily achieved due to precision loss.,False,2,Desired error not necessarily achieved due to precision loss.,36.288977500007604,36.288977500007604,FESolveResult history interval; objective/transfer construction excluded; not used for cross-method ranking,000000000000080f34dcc14d3d61066b,000000000000080fbf3672d040950ebb,0.0,0.0,cached,C:\RINENG_COMPACT_FULL_20260920\RINENG_GFE_Standalone_Run\production_outputs\cache\production_single_run\00000000000008a23dfe91364149def8.pkl,C:\RINENG_COMPACT_FULL_20260920\RINENG_GFE_Standalone_Run\production_outputs\cache\production_single_run\00000000000008a23dfe91364149def8.pkl,gfe-final-production-v2-00000000000003f329a2,same-machine protocol record replayed from cache,"{""protocol_id"": ""main-fig8-comparable-end-to-end-v2"", ""scope"": ""fresh command construction from declared inputs through terminal host phase: problem/objective initialization, acoustic transfer construction, applicable host-to-device transfer, compilation/warmup, device synchronization, native solve, and result extraction included; independent mechanical validation, cache retrieval, table export, and rendering excluded"", ""backend"": ""numpy/scipy-cpu"", ""problem_initialization_s"": 0.0003910999948857352, ""acoustic_transfer_construction_s"": 0.002677099997526966, ""device_transfer_s"": null, ""compilation_warmup_s"": null, ""pre_solve_synchronization_s"": null, ""solve_s"": 36.35817400000815, ""post_solve_synchronization_s"": null, ""result_extraction_s"": 6.200003554113209e-06, ""orchestration_overhead_s"": 6.000002031214535e-06, ""total_s"": 36.361254400006146, ""device_transfer_status"": ""not_applicable_synchronous_cpu"", ""compilation_warmup_status"": ""not_applicable_synchronous_cpu"", ""pre_solve_synchronization_status"": ""not_applicable_synchronous_cpu"", ""post_solve_synchronization_status"": ""not_applicable_synchronous_cpu"", ""decomposition_complete"": true, ""comparable_total"": true, ""exclusion_reason"": null}",controlled,BFGS,{},native,True,full,PRODUCTION,True,False,main-fig8-comparable-end-to-end-v2,"fresh command construction from declared inputs through terminal host phase: problem/objective initialization, acoustic transfer construction, applicable host-to-device transfer, compilation/warmup, device synchronization, native solve, and result extraction included; independent mechanical validation, cache retrieval, table export, and rendering excluded",numpy/scipy-cpu,True,,0.0003910999948857352,0.002677099997526966,N/A,N/A,N/A,36.35817400000815,N/A,6.200003554113209e-06,6.000002031214535e-06,36.361254400006146,not_applicable_synchronous_cpu,not_applicable_synchronous_cpu,not_applicable_synchronous_cpu,not_applicable_synchronous_cpu,True,36.361254400006146,0.0,0.0,0.05,88,Figure 3 root paired initializations,GFE,GFE
GFE,Single,1525774826,10.0,10000,10000,10000,47,62,-0.059043675484594806,2.228581609867815e-08,2.228581609867815e-08,2.228581609867815e-08,1.3955919387648737e-09,7.085126900492716e-09,True,N m^-1 rad^-1,native optimized-objective gradient,True,0,CONVERGENCE: NORM OF PROJECTED GRADIENT <= PGTOL,True,0,CONVERGENCE: NORM OF PROJECTED GRADIENT <= PGTOL,0.0062501999927917495,0.0062501999927917495,FESolveResult history interval; objective/transfer construction excluded; not used for cross-method ranking,000000000000080f5a2631e520be193d,000000000000080fbf3672d040950ebb,1.1142852793561358e-06,1.1142852793561358e-06,cached,C:\RINENG_COMPACT_FULL_20260920\RINENG_GFE_Standalone_Run\production_outputs\cache\production_single_run\000000000000092e65e31dff1ae20eb0.pkl,C:\RINENG_COMPACT_FULL_20260920\RINENG_GFE_Standalone_Run\production_outputs\cache\production_single_run\000000000000092e65e31dff1ae20eb0.pkl,gfe-final-production-v2-00000000000003f329a2,same-machine protocol record replayed from cache,"{""protocol_id"": ""main-fig8-comparable-end-to-end-v2"", ""scope"": ""fresh command construction from declared inputs through terminal host phase: problem/objective initialization, acoustic transfer construction, applicable host-to-device transfer, compilation/warmup, device synchronization, native solve, and result extraction included; independent mechanical validation, cache retrieval, table export, and rendering excluded"", ""backend"": ""numpy/scipy-cpu"", ""problem_initialization_s"": 0.0003544999926816672, ""acoustic_transfer_construction_s"": 0.003631300001870841, ""device_transfer_s"": null, ""compilation_warmup_s"": null, ""pre_solve_synchronization_s"": null, ""solve_s"": 0.006825499993283302, ""post_solve_synchronization_s"": null, ""result_extraction_s"": 1.8999999156221747e-06, ""orchestration_overhead_s"": 5.5000127758830786e-06, ""total_s"": 0.010818700000527315, ""device_transfer_status"": ""not_applicable_synchronous_cpu"", ""compilation_warmup_status"": ""not_applicable_synchronous_cpu"", ""pre_solve_synchronization_status"": ""not_applicable_synchronous_cpu"", ""post_solve_synchronization_status"": ""not_applicable_synchronous_cpu"", ""decomposition_complete"": true, ""comparable_total"": true, ""exclusion_reason"": null}",controlled,L-BFGS-B,"{""ftol"": 0.0, ""maxcor"": 10, ""maxfun"": 1000000, ""maxls"": 40}",compact-single-float64-v1,True,full,PRODUCTION,True,True,main-fig8-comparable-end-to-end-v2,"fresh command construction from declared inputs through terminal host phase: problem/objective initialization, acoustic transfer construction, applicable host-to-device transfer, compilation/warmup, device synchronization, native solve, and result extraction included; independent mechanical validation, cache retrieval, table export, and rendering excluded",numpy/scipy-cpu,True,,0.0003544999926816672,0.003631300001870841,N/A,N/A,N/A,0.006825499993283302,N/A,1.8999999156221747e-06,5.5000127758830786e-06,0.010818700000527315,not_applicable_synchronous_cpu,not_applicable_synchronous_cpu,not_applicable_synchronous_cpu,not_applicable_synchronous_cpu,True,0.010818700000527315,0.0,0.0,0.05,88,Figure 3 root paired initializations,GFE,GFE
Conventional,Single,109012891,0.0,10000,10000,10000,4020,5267,-53.83913824123621,736.233509793702,736.233509793702,736.233509793702,46.10473077436925,154.31925398172862,False,N m^-1 rad^-1,native optimized-objective gradient,False,2,Desired error not necessarily achieved due to precision loss.,False,2,Desired error not necessarily achieved due to precision loss.,20.62413799999922,20.62413799999922,FESolveResult history interval; objective/transfer construction excluded; not used for cross-method ranking,000000000000080f266d57b1934a1605,000000000000080f4a28cf7ebd531d94,0.0,0.0,cached,C:\RINENG_COMPACT_FULL_20260920\RINENG_GFE_Standalone_Run\production_outputs\cache\production_single_run\00000000000008a1451e533869efdef3.pkl,C:\RINENG_COMPACT_FULL_20260920\RINENG_GFE_Standalone_Run\production_outputs\cache\production_single_run\00000000000008a1451e533869efdef3.pkl,gfe-final-production-v2-00000000000003f329a2,same-machine protocol record replayed from cache,"{""protocol_id"": ""main-fig8-comparable-end-to-end-v2"", ""scope"": ""fresh command construction from declared inputs through terminal host phase: problem/objective initialization, acoustic transfer construction, applicable host-to-device transfer, compilation/warmup, device synchronization, native solve, and result extraction included; independent mechanical validation, cache retrieval, table export, and rendering excluded"", ""backend"": ""numpy/scipy-cpu"", ""problem_initialization_s"": 0.0003749000024981797, ""acoustic_transfer_construction_s"": 0.0026726999931270257, ""device_transfer_s"": null, ""compilation_warmup_s"": null, ""pre_solve_synchronization_s"": null, ""solve_s"": 20.663683400009177, ""post_solve_synchronization_s"": null, ""result_extraction_s"": 6.400005077011883e-06, ""orchestration_overhead_s"": 6.599992047995329e-06, ""total_s"": 20.666744000001927, ""device_transfer_status"": ""not_applicable_synchronous_cpu"", ""compilation_warmup_status"": ""not_applicable_synchronous_cpu"", ""pre_solve_synchronization_status"": ""not_applicable_synchronous_cpu"", ""post_solve_synchronization_status"": ""not_applicable_synchronous_cpu"", ""decomposition_complete"": true, ""comparable_total"": true, ""exclusion_reason"": null}",controlled,BFGS,{},native,True,full,PRODUCTION,True,False,main-fig8-comparable-end-to-end-v2,"fresh command construction from declared inputs through terminal host phase: problem/objective initialization, acoustic transfer construction, applicable host-to-device transfer, compilation/warmup, device synchronization, native solve, and result extraction included; independent mechanical validation, cache retrieval, table export, and rendering excluded",numpy/scipy-cpu,True,,0.0003749000024981797,0.0026726999931270257,N/A,N/A,N/A,20.663683400009177,N/A,6.400005077011883e-06,6.599992047995329e-06,20.666744000001927,not_applicable_synchronous_cpu,not_applicable_synchronous_cpu,not_applicable_synchronous_cpu,not_applicable_synchronous_cpu,True,20.666744000001927,0.0,0.0,0.05,89,Figure 3 root paired initializations,GFE,GFE
GFE,Single,109012891,10.0,10000,10000,10000,37,40,-0.05904367548519378,7.694950536029565e-09,7.694950536029565e-09,7.694950536029565e-09,4.818764944360406e-10,2.0733219380081594e-09,True,N m^-1 rad^-1,native optimized-objective gradient,True,0,CONVERGENCE: NORM OF PROJECTED GRADIENT <= PGTOL,True,0,CONVERGENCE: NORM OF PROJECTED GRADIENT <= PGTOL,0.005547599997953512,0.005547599997953512,FESolveResult history interval; objective/transfer construction excluded; not used for cross-method ranking,000000000000080fb92ce2af2a5e143c,000000000000080f4a28cf7ebd531d94,1.1142852793561358e-06,1.1142852793561358e-06,cached,C:\RINENG_COMPACT_FULL_20260920\RINENG_GFE_Standalone_Run\production_outputs\cache\production_single_run\000000000000092d8cb7103b19670eab.pkl,C:\RINENG_COMPACT_FULL_20260920\RINENG_GFE_Standalone_Run\production_outputs\cache\production_single_run\000000000000092d8cb7103b19670eab.pkl,gfe-final-production-v2-00000000000003f329a2,same-machine protocol record replayed from cache,"{""protocol_id"": ""main-fig8-comparable-end-to-end-v2"", ""scope"": ""fresh command construction from declared inputs through terminal host phase: problem/objective initialization, acoustic transfer construction, applicable host-to-device transfer, compilation/warmup, device synchronization, native solve, and result extraction included; independent mechanical validation, cache retrieval, table export, and rendering excluded"", ""backend"": ""numpy/scipy-cpu"", ""problem_initialization_s"": 0.0004152000037720427, ""acoustic_transfer_construction_s"": 0.0035844999947585166, ""device_transfer_s"": null, ""compilation_warmup_s"": null, ""pre_solve_synchronization_s"": null, ""solve_s"": 0.0060904999991180375, ""post_solve_synchronization_s"": null, ""result_extraction_s"": 2.3000029614195228e-06, ""orchestration_overhead_s"": 5.699999746866524e-06, ""total_s"": 0.010098200000356883, ""device_transfer_status"": ""not_applicable_synchronous_cpu"", ""compilation_warmup_status"": ""not_applicable_synchronous_cpu"", ""pre_solve_synchronization_status"": ""not_applicable_synchronous_cpu"", ""post_solve_synchronization_status"": ""not_applicable_synchronous_cpu"", ""decomposition_complete"": true, ""comparable_total"": true, ""exclusion_reason"": null}",controlled,L-BFGS-B,"{""ftol"": 0.0, ""maxcor"": 10, ""maxfun"": 1000000, ""maxls"": 40}",compact-single-float64-v1,True,full,PRODUCTION,True,True,main-fig8-comparable-end-to-end-v2,"fresh command construction from declared inputs through terminal host phase: problem/objective initialization, acoustic transfer construction, applicable host-to-device transfer, compilation/warmup, device synchronization, native solve, and result extraction included; independent mechanical validation, cache retrieval, table export, and rendering excluded",numpy/scipy-cpu,True,,0.0004152000037720427,0.0035844999947585166,N/A,N/A,N/A,0.0060904999991180375,N/A,2.3000029614195228e-06,5.699999746866524e-06,0.010098200000356883,not_applicable_synchronous_cpu,not_applicable_synchronous_cpu,not_applicable_synchronous_cpu,not_applicable_synchronous_cpu,True,0.010098200000356883,0.0,0.0,0.05,89,Figure 3 root paired initializations,GFE,GFE
Conventional,Single,2135552060,0.0,10000,10000,10000,6140,7835,-52.39802313601823,703.0285785612731,703.0285785612731,703.0285785612731,44.02535732221336,155.50904112011318,False,N m^-1 rad^-1,native optimized-objective gradient,False,2,Desired error not necessarily achieved due to precision loss.,False,2,Desired error not necessarily achieved due to precision loss.,30.321990800002823,30.321990800002823,FESolveResult history interval; objective/transfer construction excluded; not used for cross-method ranking,000000000000080fc423717409a91af7,000000000000080fb68ed5fe50c30387,0.0,0.0,cached,C:\RINENG_COMPACT_FULL_20260920\RINENG_GFE_Standalone_Run\production_outputs\cache\production_single_run\00000000000008a2847e2d7684cddef3.pkl,C:\RINENG_COMPACT_FULL_20260920\RINENG_GFE_Standalone_Run\production_outputs\cache\production_single_run\00000000000008a2847e2d7684cddef3.pkl,gfe-final-production-v2-00000000000003f329a2,same-machine protocol record replayed from cache,"{""protocol_id"": ""main-fig8-comparable-end-to-end-v2"", ""scope"": ""fresh command construction from declared inputs through terminal host phase: problem/objective initialization, acoustic transfer construction, applicable host-to-device transfer, compilation/warmup, device synchronization, native solve, and result extraction included; independent mechanical validation, cache retrieval, table export, and rendering excluded"", ""backend"": ""numpy/scipy-cpu"", ""problem_initialization_s"": 0.00035859999479725957, ""acoustic_transfer_construction_s"": 0.0026363000069977716, ""device_transfer_s"": null, ""compilation_warmup_s"": null, ""pre_solve_synchronization_s"": null, ""solve_s"": 30.3773327999952, ""post_solve_synchronization_s"": null, ""result_extraction_s"": 6.000002031214535e-06, ""orchestration_overhead_s"": 6.50000583846122e-06, ""total_s"": 30.380340200004866, ""device_transfer_status"": ""not_applicable_synchronous_cpu"", ""compilation_warmup_status"": ""not_applicable_synchronous_cpu"", ""pre_solve_synchronization_status"": ""not_applicable_synchronous_cpu"", ""post_solve_synchronization_status"": ""not_applicable_synchronous_cpu"", ""decomposition_complete"": true, ""comparable_total"": true, ""exclusion_reason"": null}",controlled,BFGS,{},native,True,full,PRODUCTION,True,False,main-fig8-comparable-end-to-end-v2,"fresh command construction from declared inputs through terminal host phase: problem/objective initialization, acoustic transfer construction, applicable host-to-device transfer, compilation/warmup, device synchronization, native solve, and result extraction included; independent mechanical validation, cache retrieval, table export, and rendering excluded",numpy/scipy-cpu,True,,0.00035859999479725957,0.0026363000069977716,N/A,N/A,N/A,30.3773327999952,N/A,6.000002031214535e-06,6.50000583846122e-06,30.380340200004866,not_applicable_synchronous_cpu,not_applicable_synchronous_cpu,not_applicable_synchronous_cpu,not_applicable_synchronous_cpu,True,30.380340200004866,0.0,0.0,0.05,90,Figure 3 root paired initializations,GFE,GFE
GFE,Single,2135552060,10.0,10000,10000,10000,38,44,-0.05904367548428582,2.4392475311719556e-08,2.4392475311719556e-08,2.4392475311719556e-08,1.5275160559893591e-09,6.5152641203598e-09,True,N m^-1 rad^-1,native optimized-objective gradient,True,0,CONVERGENCE: NORM OF PROJECTED GRADIENT <= PGTOL,True,0,CONVERGENCE: NORM OF PROJECTED GRADIENT <= PGTOL,0.004711600005975924,0.004711600005975924,FESolveResult history interval; objective/transfer construction excluded; not used for cross-method ranking,000000000000080f9f9ff940c02b0b04,000000000000080fb68ed5fe50c30387,1.1142852793561358e-06,1.1142852793561358e-06,cached,C:\RINENG_COMPACT_FULL_20260920\RINENG_GFE_Standalone_Run\production_outputs\cache\production_single_run\000000000000092eec627c155f9e0eab.pkl,C:\RINENG_COMPACT_FULL_20260920\RINENG_GFE_Standalone_Run\production_outputs\cache\production_single_run\000000000000092eec627c155f9e0eab.pkl,gfe-final-production-v2-00000000000003f329a2,same-machine protocol record replayed from cache,"{""protocol_id"": ""main-fig8-comparable-end-to-end-v2"", ""scope"": ""fresh command construction from declared inputs through terminal host phase: problem/objective initialization, acoustic transfer construction, applicable host-to-device transfer, compilation/warmup, device synchronization, native solve, and result extraction included; independent mechanical validation, cache retrieval, table export, and rendering excluded"", ""backend"": ""numpy/scipy-cpu"", ""problem_initialization_s"": 0.00045110000064596534, ""acoustic_transfer_construction_s"": 0.0035262999881524593, ""device_transfer_s"": null, ""compilation_warmup_s"": null, ""pre_solve_synchronization_s"": null, ""solve_s"": 0.00527969999529887, ""post_solve_synchronization_s"": null, ""result_extraction_s"": 2.1000014385208488e-06, ""orchestration_overhead_s"": 5.3000112529844046e-06, ""total_s"": 0.0092644999967888, ""device_transfer_status"": ""not_applicable_synchronous_cpu"", ""compilation_warmup_status"": ""not_applicable_synchronous_cpu"", ""pre_solve_synchronization_status"": ""not_applicable_synchronous_cpu"", ""post_solve_synchronization_status"": ""not_applicable_synchronous_cpu"", ""decomposition_complete"": true, ""comparable_total"": true, ""exclusion_reason"": null}",controlled,L-BFGS-B,"{""ftol"": 0.0, ""maxcor"": 10, ""maxfun"": 1000000, ""maxls"": 40}",compact-single-float64-v1,True,full,PRODUCTION,True,True,main-fig8-comparable-end-to-end-v2,"fresh command construction from declared inputs through terminal host phase: problem/objective initialization, acoustic transfer construction, applicable host-to-device transfer, compilation/warmup, device synchronization, native solve, and result extraction included; independent mechanical validation, cache retrieval, table export, and rendering excluded",numpy/scipy-cpu,True,,0.00045110000064596534,0.0035262999881524593,N/A,N/A,N/A,0.00527969999529887,N/A,2.1000014385208488e-06,5.3000112529844046e-06,0.0092644999967888,not_applicable_synchronous_cpu,not_applicable_synchronous_cpu,not_applicable_synchronous_cpu,not_applicable_synchronous_cpu,True,0.0092644999967888,0.0,0.0,0.05,90,Figure 3 root paired initializations,GFE,GFE
Conventional,Single,756780065,0.0,10000,10000,10000,7001,8738,-52.81490548491316,700.8845311959495,700.8845311959495,700.8845311959495,43.89109186807308,152.43791890143407,False,N m^-1 rad^-1,native optimized-objective gradient,False,2,Desired error not necessarily achieved due to precision loss.,False,2,Desired error not necessarily achieved due to precision loss.,34.462567199996556,34.462567199996556,FESolveResult history interval; objective/transfer construction excluded; not used for cross-method ranking,000000000000080f75e8a75796880800,000000000000080f1a010aa1d0b7153a,0.0,0.0,cached,C:\RINENG_COMPACT_FULL_20260920\RINENG_GFE_Standalone_Run\production_outputs\cache\production_single_run\00000000000008a143aaae3dde3ddea9.pkl,C:\RINENG_COMPACT_FULL_20260920\RINENG_GFE_Standalone_Run\production_outputs\cache\production_single_run\00000000000008a143aaae3dde3ddea9.pkl,gfe-final-production-v2-00000000000003f329a2,same-machine protocol record replayed from cache,"{""protocol_id"": ""main-fig8-comparable-end-to-end-v2"", ""scope"": ""fresh command construction from declared inputs through terminal host phase: problem/objective initialization, acoustic transfer construction, applicable host-to-device transfer, compilation/warmup, device synchronization, native solve, and result extraction included; independent mechanical validation, cache retrieval, table export, and rendering excluded"", ""backend"": ""numpy/scipy-cpu"", ""problem_initialization_s"": 0.0004135000053793192, ""acoustic_transfer_construction_s"": 0.002745699996012263, ""device_transfer_s"": null, ""compilation_warmup_s"": null, ""pre_solve_synchronization_s"": null, ""solve_s"": 34.525825399992755, ""post_solve_synchronization_s"": null, ""result_extraction_s"": 6.200003554113209e-06, ""orchestration_overhead_s"": 7.399998139590025e-06, ""total_s"": 34.52899819999584, ""device_transfer_status"": ""not_applicable_synchronous_cpu"", ""compilation_warmup_status"": ""not_applicable_synchronous_cpu"", ""pre_solve_synchronization_status"": ""not_applicable_synchronous_cpu"", ""post_solve_synchronization_status"": ""not_applicable_synchronous_cpu"", ""decomposition_complete"": true, ""comparable_total"": true, ""exclusion_reason"": null}",controlled,BFGS,{},native,True,full,PRODUCTION,True,False,main-fig8-comparable-end-to-end-v2,"fresh command construction from declared inputs through terminal host phase: problem/objective initialization, acoustic transfer construction, applicable host-to-device transfer, compilation/warmup, device synchronization, native solve, and result extraction included; independent mechanical validation, cache retrieval, table export, and rendering excluded",numpy/scipy-cpu,True,,0.0004135000053793192,0.002745699996012263,N/A,N/A,N/A,34.525825399992755,N/A,6.200003554113209e-06,7.399998139590025e-06,34.52899819999584,not_applicable_synchronous_cpu,not_applicable_synchronous_cpu,not_applicable_synchronous_cpu,not_applicable_synchronous_cpu,True,34.52899819999584,0.0,0.0,0.05,91,Figure 3 root paired initializations,GFE,GFE
GFE,Single,756780065,10.0,10000,10000,10000,32,34,-0.059043675483913066,4.687019113336078e-08,4.687019113336078e-08,4.687019113336078e-08,2.935125221551431e-09,7.132456165984909e-09,True,N m^-1 rad^-1,native optimized-objective gradient,True,0,CONVERGENCE: NORM OF PROJECTED GRADIENT <= PGTOL,True,0,CONVERGENCE: NORM OF PROJECTED GRADIENT <= PGTOL,0.003727000002982095,0.003727000002982095,FESolveResult history interval; objective/transfer construction excluded; not used for cross-method ranking,000000000000080fafd8cd6018ba1880,000000000000080f1a010aa1d0b7153a,1.1142852793561358e-06,1.1142852793561358e-06,cached,C:\RINENG_COMPACT_FULL_20260920\RINENG_GFE_Standalone_Run\production_outputs\cache\production_single_run\000000000000092de2e08d52858d0e61.pkl,C:\RINENG_COMPACT_FULL_20260920\RINENG_GFE_Standalone_Run\production_outputs\cache\production_single_run\000000000000092de2e08d52858d0e61.pkl,gfe-final-production-v2-00000000000003f329a2,same-machine protocol record replayed from cache,"{""protocol_id"": ""main-fig8-comparable-end-to-end-v2"", ""scope"": ""fresh command construction from declared inputs through terminal host phase: problem/objective initialization, acoustic transfer construction, applicable host-to-device transfer, compilation/warmup, device synchronization, native solve, and result extraction included; independent mechanical validation, cache retrieval, table export, and rendering excluded"", ""backend"": ""numpy/scipy-cpu"", ""problem_initialization_s"": 0.00042209999810438603, ""acoustic_transfer_construction_s"": 0.003801500002737157, ""device_transfer_s"": null, ""compilation_warmup_s"": null, ""pre_solve_synchronization_s"": null, ""solve_s"": 0.004205700010061264, ""post_solve_synchronization_s"": null, ""result_extraction_s"": 2.1000014385208488e-06, ""orchestration_overhead_s"": 4.599991370923817e-06, ""total_s"": 0.008436000003712252, ""device_transfer_status"": ""not_applicable_synchronous_cpu"", ""compilation_warmup_status"": ""not_applicable_synchronous_cpu"", ""pre_solve_synchronization_status"": ""not_applicable_synchronous_cpu"", ""post_solve_synchronization_status"": ""not_applicable_synchronous_cpu"", ""decomposition_complete"": true, ""comparable_total"": true, ""exclusion_reason"": null}",controlled,L-BFGS-B,"{""ftol"": 0.0, ""maxcor"": 10, ""maxfun"": 1000000, ""maxls"": 40}",compact-single-float64-v1,True,full,PRODUCTION,True,True,main-fig8-comparable-end-to-end-v2,"fresh command construction from declared inputs through terminal host phase: problem/objective initialization, acoustic transfer construction, applicable host-to-device transfer, compilation/warmup, device synchronization, native solve, and result extraction included; independent mechanical validation, cache retrieval, table export, and rendering excluded",numpy/scipy-cpu,True,,0.00042209999810438603,0.003801500002737157,N/A,N/A,N/A,0.004205700010061264,N/A,2.1000014385208488e-06,4.599991370923817e-06,0.008436000003712252,not_applicable_synchronous_cpu,not_applicable_synchronous_cpu,not_applicable_synchronous_cpu,not_applicable_synchronous_cpu,True,0.008436000003712252,0.0,0.0,0.05,91,Figure 3 root paired initializations,GFE,GFE
Conventional,Single,1392147482,0.0,10000,10000,10000,4818,6192,-53.73116502349068,667.7685651458619,667.7685651458619,667.7685651458619,41.81728963174148,155.9842330497938,False,N m^-1 rad^-1,native optimized-objective gradient,False,2,Desired error not necessarily achieved due to precision loss.,False,2,Desired error not necessarily achieved due to precision loss.,23.77050679999229,23.77050679999229,FESolveResult history interval; objective/transfer construction excluded; not used for cross-method ranking,000000000000080f757911dd584e16d1,000000000000080fc53611df4a1f0579,0.0,0.0,cached,C:\RINENG_COMPACT_FULL_20260920\RINENG_GFE_Standalone_Run\production_outputs\cache\production_single_run\00000000000008a295c617c6e6f8dec7.pkl,C:\RINENG_COMPACT_FULL_20260920\RINENG_GFE_Standalone_Run\production_outputs\cache\production_single_run\00000000000008a295c617c6e6f8dec7.pkl,gfe-final-production-v2-00000000000003f329a2,same-machine protocol record replayed from cache,"{""protocol_id"": ""main-fig8-comparable-end-to-end-v2"", ""scope"": ""fresh command construction from declared inputs through terminal host phase: problem/objective initialization, acoustic transfer construction, applicable host-to-device transfer, compilation/warmup, device synchronization, native solve, and result extraction included; independent mechanical validation, cache retrieval, table export, and rendering excluded"", ""backend"": ""numpy/scipy-cpu"", ""problem_initialization_s"": 0.0003556000010576099, ""acoustic_transfer_construction_s"": 0.0026485999987926334, ""device_transfer_s"": null, ""compilation_warmup_s"": null, ""pre_solve_synchronization_s"": null, ""solve_s"": 23.814296999989892, ""post_solve_synchronization_s"": null, ""result_extraction_s"": 6.199989002197981e-06, ""orchestration_overhead_s"": 7.300011930055916e-06, ""total_s"": 23.817314699990675, ""device_transfer_status"": ""not_applicable_synchronous_cpu"", ""compilation_warmup_status"": ""not_applicable_synchronous_cpu"", ""pre_solve_synchronization_status"": ""not_applicable_synchronous_cpu"", ""post_solve_synchronization_status"": ""not_applicable_synchronous_cpu"", ""decomposition_complete"": true, ""comparable_total"": true, ""exclusion_reason"": null}",controlled,BFGS,{},native,True,full,PRODUCTION,True,False,main-fig8-comparable-end-to-end-v2,"fresh command construction from declared inputs through terminal host phase: problem/objective initialization, acoustic transfer construction, applicable host-to-device transfer, compilation/warmup, device synchronization, native solve, and result extraction included; independent mechanical validation, cache retrieval, table export, and rendering excluded",numpy/scipy-cpu,True,,0.0003556000010576099,0.0026485999987926334,N/A,N/A,N/A,23.814296999989892,N/A,6.199989002197981e-06,7.300011930055916e-06,23.817314699990675,not_applicable_synchronous_cpu,not_applicable_synchronous_cpu,not_applicable_synchronous_cpu,not_applicable_synchronous_cpu,True,23.817314699990675,0.0,0.0,0.05,92,Figure 3 root paired initializations,GFE,GFE
GFE,Single,1392147482,10.0,10000,10000,10000,32,37,-0.05904367548356884,5.4480797663551484e-08,5.4480797663551484e-08,5.4480797663551484e-08,3.4117198894610997e-09,8.481045778473423e-09,True,N m^-1 rad^-1,native optimized-objective gradient,True,0,CONVERGENCE: NORM OF PROJECTED GRADIENT <= PGTOL,True,0,CONVERGENCE: NORM OF PROJECTED GRADIENT <= PGTOL,0.004080099999555387,0.004080099999555387,FESolveResult history interval; objective/transfer construction excluded; not used for cross-method ranking,000000000000080fa462b2f45bec0e42,000000000000080fc53611df4a1f0579,1.1142852793561358e-06,1.1142852793561358e-06,cached,C:\RINENG_COMPACT_FULL_20260920\RINENG_GFE_Standalone_Run\production_outputs\cache\production_single_run\000000000000092ef69e93cabc890e7f.pkl,C:\RINENG_COMPACT_FULL_20260920\RINENG_GFE_Standalone_Run\production_outputs\cache\production_single_run\000000000000092ef69e93cabc890e7f.pkl,gfe-final-production-v2-00000000000003f329a2,same-machine protocol record replayed from cache,"{""protocol_id"": ""main-fig8-comparable-end-to-end-v2"", ""scope"": ""fresh command construction from declared inputs through terminal host phase: problem/objective initialization, acoustic transfer construction, applicable host-to-device transfer, compilation/warmup, device synchronization, native solve, and result extraction included; independent mechanical validation, cache retrieval, table export, and rendering excluded"", ""backend"": ""numpy/scipy-cpu"", ""problem_initialization_s"": 0.0003730000025825575, ""acoustic_transfer_construction_s"": 0.0038666000036755577, ""device_transfer_s"": null, ""compilation_warmup_s"": null, ""pre_solve_synchronization_s"": null, ""solve_s"": 0.0045849000016460195, ""post_solve_synchronization_s"": null, ""result_extraction_s"": 2.2000021999701858e-06, ""orchestration_overhead_s"": 4.799992893822491e-06, ""total_s"": 0.008831500002997927, ""device_transfer_status"": ""not_applicable_synchronous_cpu"", ""compilation_warmup_status"": ""not_applicable_synchronous_cpu"", ""pre_solve_synchronization_status"": ""not_applicable_synchronous_cpu"", ""post_solve_synchronization_status"": ""not_applicable_synchronous_cpu"", ""decomposition_complete"": true, ""comparable_total"": true, ""exclusion_reason"": null}",controlled,L-BFGS-B,"{""ftol"": 0.0, ""maxcor"": 10, ""maxfun"": 1000000, ""maxls"": 40}",compact-single-float64-v1,True,full,PRODUCTION,True,True,main-fig8-comparable-end-to-end-v2,"fresh command construction from declared inputs through terminal host phase: problem/objective initialization, acoustic transfer construction, applicable host-to-device transfer, compilation/warmup, device synchronization, native solve, and result extraction included; independent mechanical validation, cache retrieval, table export, and rendering excluded",numpy/scipy-cpu,True,,0.0003730000025825575,0.0038666000036755577,N/A,N/A,N/A,0.0045849000016460195,N/A,2.2000021999701858e-06,4.799992893822491e-06,0.008831500002997927,not_applicable_synchronous_cpu,not_applicable_synchronous_cpu,not_applicable_synchronous_cpu,not_applicable_synchronous_cpu,True,0.008831500002997927,0.0,0.0,0.05,92,Figure 3 root paired initializations,GFE,GFE
Conventional,Single,1822421341,0.0,10000,10000,10000,6522,8115,-53.459436772718746,730.1905486589458,730.1905486589458,730.1905486589458,45.72630586910247,155.18747656484175,False,N m^-1 rad^-1,native optimized-objective gradient,False,2,Desired error not necessarily achieved due to precision loss.,False,2,Desired error not necessarily achieved due to precision loss.,32.21516469999915,32.21516469999915,FESolveResult history interval; objective/transfer construction excluded; not used for cross-method ranking,000000000000080f48da7b35c4cb0c27,000000000000080feb6b475733ce3090,0.0,0.0,cached,C:\RINENG_COMPACT_FULL_20260920\RINENG_GFE_Standalone_Run\production_outputs\cache\production_single_run\00000000000008a2b6f15dcfdd86debc.pkl,C:\RINENG_COMPACT_FULL_20260920\RINENG_GFE_Standalone_Run\production_outputs\cache\production_single_run\00000000000008a2b6f15dcfdd86debc.pkl,gfe-final-production-v2-00000000000003f329a2,same-machine protocol record replayed from cache,"{""protocol_id"": ""main-fig8-comparable-end-to-end-v2"", ""scope"": ""fresh command construction from declared inputs through terminal host phase: problem/objective initialization, acoustic transfer construction, applicable host-to-device transfer, compilation/warmup, device synchronization, native solve, and result extraction included; independent mechanical validation, cache retrieval, table export, and rendering excluded"", ""backend"": ""numpy/scipy-cpu"", ""problem_initialization_s"": 0.00036810000892728567, ""acoustic_transfer_construction_s"": 0.002776099994662218, ""device_transfer_s"": null, ""compilation_warmup_s"": null, ""pre_solve_synchronization_s"": null, ""solve_s"": 32.27637570000661, ""post_solve_synchronization_s"": null, ""result_extraction_s"": 6.300004315562546e-06, ""orchestration_overhead_s"": 7.399983587674797e-06, ""total_s"": 32.2795335999981, ""device_transfer_status"": ""not_applicable_synchronous_cpu"", ""compilation_warmup_status"": ""not_applicable_synchronous_cpu"", ""pre_solve_synchronization_status"": ""not_applicable_synchronous_cpu"", ""post_solve_synchronization_status"": ""not_applicable_synchronous_cpu"", ""decomposition_complete"": true, ""comparable_total"": true, ""exclusion_reason"": null}",controlled,BFGS,{},native,True,full,PRODUCTION,True,False,main-fig8-comparable-end-to-end-v2,"fresh command construction from declared inputs through terminal host phase: problem/objective initialization, acoustic transfer construction, applicable host-to-device transfer, compilation/warmup, device synchronization, native solve, and result extraction included; independent mechanical validation, cache retrieval, table export, and rendering excluded",numpy/scipy-cpu,True,,0.00036810000892728567,0.002776099994662218,N/A,N/A,N/A,32.27637570000661,N/A,6.300004315562546e-06,7.399983587674797e-06,32.2795335999981,not_applicable_synchronous_cpu,not_applicable_synchronous_cpu,not_applicable_synchronous_cpu,not_applicable_synchronous_cpu,True,32.2795335999981,0.0,0.0,0.05,93,Figure 3 root paired initializations,GFE,GFE
GFE,Single,1822421341,10.0,10000,10000,10000,44,55,-0.05904367548507793,9.830238004649743e-09,9.830238004649743e-09,9.830238004649743e-09,6.15593382566008e-10,4.521329776533955e-09,True,N m^-1 rad^-1,native optimized-objective gradient,True,0,CONVERGENCE: NORM OF PROJECTED GRADIENT <= PGTOL,True,0,CONVERGENCE: NORM OF PROJECTED GRADIENT <= PGTOL,0.0057133000082103536,0.0057133000082103536,FESolveResult history interval; objective/transfer construction excluded; not used for cross-method ranking,000000000000080f53456a5adb7017b2,000000000000080feb6b475733ce3090,1.1142852793561358e-06,1.1142852793561358e-06,cached,C:\RINENG_COMPACT_FULL_20260920\RINENG_GFE_Standalone_Run\production_outputs\cache\production_single_run\000000000000092ed1aa92b1b3470e74.pkl,C:\RINENG_COMPACT_FULL_20260920\RINENG_GFE_Standalone_Run\production_outputs\cache\production_single_run\000000000000092ed1aa92b1b3470e74.pkl,gfe-final-production-v2-00000000000003f329a2,same-machine protocol record replayed from cache,"{""protocol_id"": ""main-fig8-comparable-end-to-end-v2"", ""scope"": ""fresh command construction from declared inputs through terminal host phase: problem/objective initialization, acoustic transfer construction, applicable host-to-device transfer, compilation/warmup, device synchronization, native solve, and result extraction included; independent mechanical validation, cache retrieval, table export, and rendering excluded"", ""backend"": ""numpy/scipy-cpu"", ""problem_initialization_s"": 0.0004104999970877543, ""acoustic_transfer_construction_s"": 0.0036760999937541783, ""device_transfer_s"": null, ""compilation_warmup_s"": null, ""pre_solve_synchronization_s"": null, ""solve_s"": 0.006361399995512329, ""post_solve_synchronization_s"": null, ""result_extraction_s"": 2.2000021999701858e-06, ""orchestration_overhead_s"": 4.9000082071870565e-06, ""total_s"": 0.010455099996761419, ""device_transfer_status"": ""not_applicable_synchronous_cpu"", ""compilation_warmup_status"": ""not_applicable_synchronous_cpu"", ""pre_solve_synchronization_status"": ""not_applicable_synchronous_cpu"", ""post_solve_synchronization_status"": ""not_applicable_synchronous_cpu"", ""decomposition_complete"": true, ""comparable_total"": true, ""exclusion_reason"": null}",controlled,L-BFGS-B,"{""ftol"": 0.0, ""maxcor"": 10, ""maxfun"": 1000000, ""maxls"": 40}",compact-single-float64-v1,True,full,PRODUCTION,True,True,main-fig8-comparable-end-to-end-v2,"fresh command construction from declared inputs through terminal host phase: problem/objective initialization, acoustic transfer construction, applicable host-to-device transfer, compilation/warmup, device synchronization, native solve, and result extraction included; independent mechanical validation, cache retrieval, table export, and rendering excluded",numpy/scipy-cpu,True,,0.0004104999970877543,0.0036760999937541783,N/A,N/A,N/A,0.006361399995512329,N/A,2.2000021999701858e-06,4.9000082071870565e-06,0.010455099996761419,not_applicable_synchronous_cpu,not_applicable_synchronous_cpu,not_applicable_synchronous_cpu,not_applicable_synchronous_cpu,True,0.010455099996761419,0.0,0.0,0.05,93,Figure 3 root paired initializations,GFE,GFE
Conventional,Single,64012503,0.0,10000,10000,10000,5754,7320,-54.18818497928107,721.0385774051812,721.0385774051812,721.0385774051812,45.15318719806043,142.3089424342931,False,N m^-1 rad^-1,native optimized-objective gradient,False,2,Desired error not necessarily achieved due to precision loss.,False,2,Desired error not necessarily achieved due to precision loss.,28.485464000012144,28.485464000012144,FESolveResult history interval; objective/transfer construction excluded; not used for cross-method ranking,000000000000080f93700c81a2301348,000000000000080febc1f029dad211b8,0.0,0.0,cached,C:\RINENG_COMPACT_FULL_20260920\RINENG_GFE_Standalone_Run\production_outputs\cache\production_single_run\00000000000008a0b8a0b581c4b8ded8.pkl,C:\RINENG_COMPACT_FULL_20260920\RINENG_GFE_Standalone_Run\production_outputs\cache\production_single_run\00000000000008a0b8a0b581c4b8ded8.pkl,gfe-final-production-v2-00000000000003f329a2,same-machine protocol record replayed from cache,"{""protocol_id"": ""main-fig8-comparable-end-to-end-v2"", ""scope"": ""fresh command construction from declared inputs through terminal host phase: problem/objective initialization, acoustic transfer construction, applicable host-to-device transfer, compilation/warmup, device synchronization, native solve, and result extraction included; independent mechanical validation, cache retrieval, table export, and rendering excluded"", ""backend"": ""numpy/scipy-cpu"", ""problem_initialization_s"": 0.00033910000638570637, ""acoustic_transfer_construction_s"": 0.002691200003027916, ""device_transfer_s"": null, ""compilation_warmup_s"": null, ""pre_solve_synchronization_s"": null, ""solve_s"": 28.537616600006004, ""post_solve_synchronization_s"": null, ""result_extraction_s"": 6.50000583846122e-06, ""orchestration_overhead_s"": 6.7999790189787745e-06, ""total_s"": 28.540660200000275, ""device_transfer_status"": ""not_applicable_synchronous_cpu"", ""compilation_warmup_status"": ""not_applicable_synchronous_cpu"", ""pre_solve_synchronization_status"": ""not_applicable_synchronous_cpu"", ""post_solve_synchronization_status"": ""not_applicable_synchronous_cpu"", ""decomposition_complete"": true, ""comparable_total"": true, ""exclusion_reason"": null}",controlled,BFGS,{},native,True,full,PRODUCTION,True,False,main-fig8-comparable-end-to-end-v2,"fresh command construction from declared inputs through terminal host phase: problem/objective initialization, acoustic transfer construction, applicable host-to-device transfer, compilation/warmup, device synchronization, native solve, and result extraction included; independent mechanical validation, cache retrieval, table export, and rendering excluded",numpy/scipy-cpu,True,,0.00033910000638570637,0.002691200003027916,N/A,N/A,N/A,28.537616600006004,N/A,6.50000583846122e-06,6.7999790189787745e-06,28.540660200000275,not_applicable_synchronous_cpu,not_applicable_synchronous_cpu,not_applicable_synchronous_cpu,not_applicable_synchronous_cpu,True,28.540660200000275,0.0,0.0,0.05,94,Figure 3 root paired initializations,GFE,GFE
GFE,Single,64012503,10.0,10000,10000,10000,35,39,-0.059043675485129864,9.80596984658068e-09,9.80596984658068e-09,9.80596984658068e-09,6.140736515577339e-10,3.914388531364223e-09,True,N m^-1 rad^-1,native optimized-objective gradient,True,0,CONVERGENCE: NORM OF PROJECTED GRADIENT <= PGTOL,True,0,CONVERGENCE: NORM OF PROJECTED GRADIENT <= PGTOL,0.005256900010863319,0.005256900010863319,FESolveResult history interval; objective/transfer construction excluded; not used for cross-method ranking,000000000000080ffd72b062673f0832,000000000000080febc1f029dad211b8,1.1142852793561358e-06,1.1142852793561358e-06,cached,C:\RINENG_COMPACT_FULL_20260920\RINENG_GFE_Standalone_Run\production_outputs\cache\production_single_run\000000000000092c69fed9e1476f0e90.pkl,C:\RINENG_COMPACT_FULL_20260920\RINENG_GFE_Standalone_Run\production_outputs\cache\production_single_run\000000000000092c69fed9e1476f0e90.pkl,gfe-final-production-v2-00000000000003f329a2,same-machine protocol record replayed from cache,"{""protocol_id"": ""main-fig8-comparable-end-to-end-v2"", ""scope"": ""fresh command construction from declared inputs through terminal host phase: problem/objective initialization, acoustic transfer construction, applicable host-to-device transfer, compilation/warmup, device synchronization, native solve, and result extraction included; independent mechanical validation, cache retrieval, table export, and rendering excluded"", ""backend"": ""numpy/scipy-cpu"", ""problem_initialization_s"": 0.0004292000085115433, ""acoustic_transfer_construction_s"": 0.0038830999983474612, ""device_transfer_s"": null, ""compilation_warmup_s"": null, ""pre_solve_synchronization_s"": null, ""solve_s"": 0.005776200006948784, ""post_solve_synchronization_s"": null, ""result_extraction_s"": 1.8999999156221747e-06, ""orchestration_overhead_s"": 4.8999791033566e-06, ""total_s"": 0.010095299992826767, ""device_transfer_status"": ""not_applicable_synchronous_cpu"", ""compilation_warmup_status"": ""not_applicable_synchronous_cpu"", ""pre_solve_synchronization_status"": ""not_applicable_synchronous_cpu"", ""post_solve_synchronization_status"": ""not_applicable_synchronous_cpu"", ""decomposition_complete"": true, ""comparable_total"": true, ""exclusion_reason"": null}",controlled,L-BFGS-B,"{""ftol"": 0.0, ""maxcor"": 10, ""maxfun"": 1000000, ""maxls"": 40}",compact-single-float64-v1,True,full,PRODUCTION,True,True,main-fig8-comparable-end-to-end-v2,"fresh command construction from declared inputs through terminal host phase: problem/objective initialization, acoustic transfer construction, applicable host-to-device transfer, compilation/warmup, device synchronization, native solve, and result extraction included; independent mechanical validation, cache retrieval, table export, and rendering excluded",numpy/scipy-cpu,True,,0.0004292000085115433,0.0038830999983474612,N/A,N/A,N/A,0.005776200006948784,N/A,1.8999999156221747e-06,4.8999791033566e-06,0.010095299992826767,not_applicable_synchronous_cpu,not_applicable_synchronous_cpu,not_applicable_synchronous_cpu,not_applicable_synchronous_cpu,True,0.010095299992826767,0.0,0.0,0.05,94,Figure 3 root paired initializations,GFE,GFE
Conventional,Single,1107413022,0.0,10000,10000,10000,5071,6516,-53.70134606205633,686.6045812879173,686.6045812879173,686.6045812879173,42.99684671728419,153.25550451402006,False,N m^-1 rad^-1,native optimized-objective gradient,False,2,Desired error not necessarily achieved due to precision loss.,False,2,Desired error not necessarily achieved due to precision loss.,25.796292200000607,25.796292200000607,FESolveResult history interval; objective/transfer construction excluded; not used for cross-method ranking,000000000000080fff2982a0ce3904a7,000000000000080f4733441cc42a0046,0.0,0.0,cached,C:\RINENG_COMPACT_FULL_20260920\RINENG_GFE_Standalone_Run\production_outputs\cache\production_single_run\00000000000008a229bb73d86b02de46.pkl,C:\RINENG_COMPACT_FULL_20260920\RINENG_GFE_Standalone_Run\production_outputs\cache\production_single_run\00000000000008a229bb73d86b02de46.pkl,gfe-final-production-v2-00000000000003f329a2,same-machine protocol record replayed from cache,"{""protocol_id"": ""main-fig8-comparable-end-to-end-v2"", ""scope"": ""fresh command construction from declared inputs through terminal host phase: problem/objective initialization, acoustic transfer construction, applicable host-to-device transfer, compilation/warmup, device synchronization, native solve, and result extraction included; independent mechanical validation, cache retrieval, table export, and rendering excluded"", ""backend"": ""numpy/scipy-cpu"", ""problem_initialization_s"": 0.0003544999926816672, ""acoustic_transfer_construction_s"": 0.002529399993363768, ""device_transfer_s"": null, ""compilation_warmup_s"": null, ""pre_solve_synchronization_s"": null, ""solve_s"": 25.842192199997953, ""post_solve_synchronization_s"": null, ""result_extraction_s"": 5.800000508315861e-06, ""orchestration_overhead_s"": 5.900015821680427e-06, ""total_s"": 25.84508780000033, ""device_transfer_status"": ""not_applicable_synchronous_cpu"", ""compilation_warmup_status"": ""not_applicable_synchronous_cpu"", ""pre_solve_synchronization_status"": ""not_applicable_synchronous_cpu"", ""post_solve_synchronization_status"": ""not_applicable_synchronous_cpu"", ""decomposition_complete"": true, ""comparable_total"": true, ""exclusion_reason"": null}",controlled,BFGS,{},native,True,full,PRODUCTION,True,False,main-fig8-comparable-end-to-end-v2,"fresh command construction from declared inputs through terminal host phase: problem/objective initialization, acoustic transfer construction, applicable host-to-device transfer, compilation/warmup, device synchronization, native solve, and result extraction included; independent mechanical validation, cache retrieval, table export, and rendering excluded",numpy/scipy-cpu,True,,0.0003544999926816672,0.002529399993363768,N/A,N/A,N/A,25.842192199997953,N/A,5.800000508315861e-06,5.900015821680427e-06,25.84508780000033,not_applicable_synchronous_cpu,not_applicable_synchronous_cpu,not_applicable_synchronous_cpu,not_applicable_synchronous_cpu,True,25.84508780000033,0.0,0.0,0.05,95,Figure 3 root paired initializations,GFE,GFE
GFE,Single,1107413022,10.0,10000,10000,10000,34,40,-0.05904367548516638,9.053834426697813e-09,9.053834426697813e-09,9.053834426697813e-09,5.669731045461159e-10,2.1066448052349833e-09,True,N m^-1 rad^-1,native optimized-objective gradient,True,0,CONVERGENCE: NORM OF PROJECTED GRADIENT <= PGTOL,True,0,CONVERGENCE: NORM OF PROJECTED GRADIENT <= PGTOL,0.00406109998584725,0.00406109998584725,FESolveResult history interval; objective/transfer construction excluded; not used for cross-method ranking,000000000000080f338ee107e4a30d6c,000000000000080f4733441cc42a0046,1.1142852793561358e-06,1.1142852793561358e-06,cached,C:\RINENG_COMPACT_FULL_20260920\RINENG_GFE_Standalone_Run\production_outputs\cache\production_single_run\000000000000092e0f428fd8365b0dfe.pkl,C:\RINENG_COMPACT_FULL_20260920\RINENG_GFE_Standalone_Run\production_outputs\cache\production_single_run\000000000000092e0f428fd8365b0dfe.pkl,gfe-final-production-v2-00000000000003f329a2,same-machine protocol record replayed from cache,"{""protocol_id"": ""main-fig8-comparable-end-to-end-v2"", ""scope"": ""fresh command construction from declared inputs through terminal host phase: problem/objective initialization, acoustic transfer construction, applicable host-to-device transfer, compilation/warmup, device synchronization, native solve, and result extraction included; independent mechanical validation, cache retrieval, table export, and rendering excluded"", ""backend"": ""numpy/scipy-cpu"", ""problem_initialization_s"": 0.00044099999649915844, ""acoustic_transfer_construction_s"": 0.003912199987098575, ""device_transfer_s"": null, ""compilation_warmup_s"": null, ""pre_solve_synchronization_s"": null, ""solve_s"": 0.004630999988876283, ""post_solve_synchronization_s"": null, ""result_extraction_s"": 2.6999914553016424e-06, ""orchestration_overhead_s"": 4.900037311017513e-06, ""total_s"": 0.008991800001240335, ""device_transfer_status"": ""not_applicable_synchronous_cpu"", ""compilation_warmup_status"": ""not_applicable_synchronous_cpu"", ""pre_solve_synchronization_status"": ""not_applicable_synchronous_cpu"", ""post_solve_synchronization_status"": ""not_applicable_synchronous_cpu"", ""decomposition_complete"": true, ""comparable_total"": true, ""exclusion_reason"": null}",controlled,L-BFGS-B,"{""ftol"": 0.0, ""maxcor"": 10, ""maxfun"": 1000000, ""maxls"": 40}",compact-single-float64-v1,True,full,PRODUCTION,True,True,main-fig8-comparable-end-to-end-v2,"fresh command construction from declared inputs through terminal host phase: problem/objective initialization, acoustic transfer construction, applicable host-to-device transfer, compilation/warmup, device synchronization, native solve, and result extraction included; independent mechanical validation, cache retrieval, table export, and rendering excluded",numpy/scipy-cpu,True,,0.00044099999649915844,0.003912199987098575,N/A,N/A,N/A,0.004630999988876283,N/A,2.6999914553016424e-06,4.900037311017513e-06,0.008991800001240335,not_applicable_synchronous_cpu,not_applicable_synchronous_cpu,not_applicable_synchronous_cpu,not_applicable_synchronous_cpu,True,0.008991800001240335,0.0,0.0,0.05,95,Figure 3 root paired initializations,GFE,GFE
Conventional,Single,265653282,0.0,10000,10000,10000,3935,5199,-53.62186588774573,668.1117745439523,668.1117745439523,668.1117745439523,41.83878223794277,132.62218464761582,False,N m^-1 rad^-1,native optimized-objective gradient,False,2,Desired error not necessarily achieved due to precision loss.,False,2,Desired error not necessarily achieved due to precision loss.,20.403075099995476,20.403075099995476,FESolveResult history interval; objective/transfer construction excluded; not used for cross-method ranking,000000000000080f0be7334e68710052,000000000000080f8911c61e997c324a,0.0,0.0,cached,C:\RINENG_COMPACT_FULL_20260920\RINENG_GFE_Standalone_Run\production_outputs\cache\production_single_run\00000000000008a141476e70362cde6f.pkl,C:\RINENG_COMPACT_FULL_20260920\RINENG_GFE_Standalone_Run\production_outputs\cache\production_single_run\00000000000008a141476e70362cde6f.pkl,gfe-final-production-v2-00000000000003f329a2,same-machine protocol record replayed from cache,"{""protocol_id"": ""main-fig8-comparable-end-to-end-v2"", ""scope"": ""fresh command construction from declared inputs through terminal host phase: problem/objective initialization, acoustic transfer construction, applicable host-to-device transfer, compilation/warmup, device synchronization, native solve, and result extraction included; independent mechanical validation, cache retrieval, table export, and rendering excluded"", ""backend"": ""numpy/scipy-cpu"", ""problem_initialization_s"": 0.00033229999826289713, ""acoustic_transfer_construction_s"": 0.002859200001694262, ""device_transfer_s"": null, ""compilation_warmup_s"": null, ""pre_solve_synchronization_s"": null, ""solve_s"": 20.44207330000063, ""post_solve_synchronization_s"": null, ""result_extraction_s"": 8.300004992634058e-06, ""orchestration_overhead_s"": 9.700001101009548e-06, ""total_s"": 20.44528280000668, ""device_transfer_status"": ""not_applicable_synchronous_cpu"", ""compilation_warmup_status"": ""not_applicable_synchronous_cpu"", ""pre_solve_synchronization_status"": ""not_applicable_synchronous_cpu"", ""post_solve_synchronization_status"": ""not_applicable_synchronous_cpu"", ""decomposition_complete"": true, ""comparable_total"": true, ""exclusion_reason"": null}",controlled,BFGS,{},native,True,full,PRODUCTION,True,False,main-fig8-comparable-end-to-end-v2,"fresh command construction from declared inputs through terminal host phase: problem/objective initialization, acoustic transfer construction, applicable host-to-device transfer, compilation/warmup, device synchronization, native solve, and result extraction included; independent mechanical validation, cache retrieval, table export, and rendering excluded",numpy/scipy-cpu,True,,0.00033229999826289713,0.002859200001694262,N/A,N/A,N/A,20.44207330000063,N/A,8.300004992634058e-06,9.700001101009548e-06,20.44528280000668,not_applicable_synchronous_cpu,not_applicable_synchronous_cpu,not_applicable_synchronous_cpu,not_applicable_synchronous_cpu,True,20.44528280000668,0.0,0.0,0.05,96,Figure 3 root paired initializations,GFE,GFE
GFE,Single,265653282,10.0,10000,10000,10000,40,52,-0.05904367548295866,4.616307419869202e-08,4.616307419869202e-08,4.616307419869202e-08,2.8908438414387066e-09,8.605935636994e-09,True,N m^-1 rad^-1,native optimized-objective gradient,True,0,CONVERGENCE: NORM OF PROJECTED GRADIENT <= PGTOL,True,0,CONVERGENCE: NORM OF PROJECTED GRADIENT <= PGTOL,0.005263099999865517,0.005263099999865517,FESolveResult history interval; objective/transfer construction excluded; not used for cross-method ranking,000000000000080f6347f59251c8084e,000000000000080f8911c61e997c324a,1.1142852793561358e-06,1.1142852793561358e-06,cached,C:\RINENG_COMPACT_FULL_20260920\RINENG_GFE_Standalone_Run\production_outputs\cache\production_single_run\000000000000092d02e16bfcd8750e27.pkl,C:\RINENG_COMPACT_FULL_20260920\RINENG_GFE_Standalone_Run\production_outputs\cache\production_single_run\000000000000092d02e16bfcd8750e27.pkl,gfe-final-production-v2-00000000000003f329a2,same-machine protocol record replayed from cache,"{""protocol_id"": ""main-fig8-comparable-end-to-end-v2"", ""scope"": ""fresh command construction from declared inputs through terminal host phase: problem/objective initialization, acoustic transfer construction, applicable host-to-device transfer, compilation/warmup, device synchronization, native solve, and result extraction included; independent mechanical validation, cache retrieval, table export, and rendering excluded"", ""backend"": ""numpy/scipy-cpu"", ""problem_initialization_s"": 0.0004346000059740618, ""acoustic_transfer_construction_s"": 0.00358550000237301, ""device_transfer_s"": null, ""compilation_warmup_s"": null, ""pre_solve_synchronization_s"": null, ""solve_s"": 0.005851900001289323, ""post_solve_synchronization_s"": null, ""result_extraction_s"": 2.800006768666208e-06, ""orchestration_overhead_s"": 6.2999752117320895e-06, ""total_s"": 0.009881099991616793, ""device_transfer_status"": ""not_applicable_synchronous_cpu"", ""compilation_warmup_status"": ""not_applicable_synchronous_cpu"", ""pre_solve_synchronization_status"": ""not_applicable_synchronous_cpu"", ""post_solve_synchronization_status"": ""not_applicable_synchronous_cpu"", ""decomposition_complete"": true, ""comparable_total"": true, ""exclusion_reason"": null}",controlled,L-BFGS-B,"{""ftol"": 0.0, ""maxcor"": 10, ""maxfun"": 1000000, ""maxls"": 40}",compact-single-float64-v1,True,full,PRODUCTION,True,True,main-fig8-comparable-end-to-end-v2,"fresh command construction from declared inputs through terminal host phase: problem/objective initialization, acoustic transfer construction, applicable host-to-device transfer, compilation/warmup, device synchronization, native solve, and result extraction included; independent mechanical validation, cache retrieval, table export, and rendering excluded",numpy/scipy-cpu,True,,0.0004346000059740618,0.00358550000237301,N/A,N/A,N/A,0.005851900001289323,N/A,2.800006768666208e-06,6.2999752117320895e-06,0.009881099991616793,not_applicable_synchronous_cpu,not_applicable_synchronous_cpu,not_applicable_synchronous_cpu,not_applicable_synchronous_cpu,True,0.009881099991616793,0.0,0.0,0.05,96,Figure 3 root paired initializations,GFE,GFE
Conventional,Single,876841555,0.0,10000,10000,10000,6287,7952,-54.01753075279721,658.6926139253361,658.6926139253361,658.6926139253361,41.24893151984177,154.54933357486047,False,N m^-1 rad^-1,native optimized-objective gradient,False,2,Desired error not necessarily achieved due to precision loss.,False,2,Desired error not necessarily achieved due to precision loss.,31.15520860000106,31.15520860000106,FESolveResult history interval; objective/transfer construction excluded; not used for cross-method ranking,000000000000080f1eacb19636100d19,000000000000080fb174e4a941551ba6,0.0,0.0,cached,C:\RINENG_COMPACT_FULL_20260920\RINENG_GFE_Standalone_Run\production_outputs\cache\production_single_run\00000000000008a1ad5459a45511de9b.pkl,C:\RINENG_COMPACT_FULL_20260920\RINENG_GFE_Standalone_Run\production_outputs\cache\production_single_run\00000000000008a1ad5459a45511de9b.pkl,gfe-final-production-v2-00000000000003f329a2,same-machine protocol record replayed from cache,"{""protocol_id"": ""main-fig8-comparable-end-to-end-v2"", ""scope"": ""fresh command construction from declared inputs through terminal host phase: problem/objective initialization, acoustic transfer construction, applicable host-to-device transfer, compilation/warmup, device synchronization, native solve, and result extraction included; independent mechanical validation, cache retrieval, table export, and rendering excluded"", ""backend"": ""numpy/scipy-cpu"", ""problem_initialization_s"": 0.0003648999991128221, ""acoustic_transfer_construction_s"": 0.002719800002523698, ""device_transfer_s"": null, ""compilation_warmup_s"": null, ""pre_solve_synchronization_s"": null, ""solve_s"": 31.212329999994836, ""post_solve_synchronization_s"": null, ""result_extraction_s"": 5.900001269765198e-06, ""orchestration_overhead_s"": 6.499991286545992e-06, ""total_s"": 31.21542709998903, ""device_transfer_status"": ""not_applicable_synchronous_cpu"", ""compilation_warmup_status"": ""not_applicable_synchronous_cpu"", ""pre_solve_synchronization_status"": ""not_applicable_synchronous_cpu"", ""post_solve_synchronization_status"": ""not_applicable_synchronous_cpu"", ""decomposition_complete"": true, ""comparable_total"": true, ""exclusion_reason"": null}",controlled,BFGS,{},native,True,full,PRODUCTION,True,False,main-fig8-comparable-end-to-end-v2,"fresh command construction from declared inputs through terminal host phase: problem/objective initialization, acoustic transfer construction, applicable host-to-device transfer, compilation/warmup, device synchronization, native solve, and result extraction included; independent mechanical validation, cache retrieval, table export, and rendering excluded",numpy/scipy-cpu,True,,0.0003648999991128221,0.002719800002523698,N/A,N/A,N/A,31.212329999994836,N/A,5.900001269765198e-06,6.499991286545992e-06,31.21542709998903,not_applicable_synchronous_cpu,not_applicable_synchronous_cpu,not_applicable_synchronous_cpu,not_applicable_synchronous_cpu,True,31.21542709998903,0.0,0.0,0.05,97,Figure 3 root paired initializations,GFE,GFE
GFE,Single,876841555,10.0,10000,10000,10000,32,37,-0.059043675485068337,9.930287564777443e-09,9.930287564777443e-09,9.930287564777443e-09,6.21858729052443e-10,4.690541004968112e-09,True,N m^-1 rad^-1,native optimized-objective gradient,True,0,CONVERGENCE: NORM OF PROJECTED GRADIENT <= PGTOL,True,0,CONVERGENCE: NORM OF PROJECTED GRADIENT <= PGTOL,0.010084099994855933,0.010084099994855933,FESolveResult history interval; objective/transfer construction excluded; not used for cross-method ranking,000000000000080ff1817ce1147624c3,000000000000080fb174e4a941551ba6,1.1142852793561358e-06,1.1142852793561358e-06,cached,C:\RINENG_COMPACT_FULL_20260920\RINENG_GFE_Standalone_Run\production_outputs\cache\production_single_run\000000000000092dbe67881afa8a0e53.pkl,C:\RINENG_COMPACT_FULL_20260920\RINENG_GFE_Standalone_Run\production_outputs\cache\production_single_run\000000000000092dbe67881afa8a0e53.pkl,gfe-final-production-v2-00000000000003f329a2,same-machine protocol record replayed from cache,"{""protocol_id"": ""main-fig8-comparable-end-to-end-v2"", ""scope"": ""fresh command construction from declared inputs through terminal host phase: problem/objective initialization, acoustic transfer construction, applicable host-to-device transfer, compilation/warmup, device synchronization, native solve, and result extraction included; independent mechanical validation, cache retrieval, table export, and rendering excluded"", ""backend"": ""numpy/scipy-cpu"", ""problem_initialization_s"": 0.00045449999743141234, ""acoustic_transfer_construction_s"": 0.005983500013826415, ""device_transfer_s"": null, ""compilation_warmup_s"": null, ""pre_solve_synchronization_s"": null, ""solve_s"": 0.01119269999617245, ""post_solve_synchronization_s"": null, ""result_extraction_s"": 2.900007530115545e-06, ""orchestration_overhead_s"": 7.1999820647761226e-06, ""total_s"": 0.01764079999702517, ""device_transfer_status"": ""not_applicable_synchronous_cpu"", ""compilation_warmup_status"": ""not_applicable_synchronous_cpu"", ""pre_solve_synchronization_status"": ""not_applicable_synchronous_cpu"", ""post_solve_synchronization_status"": ""not_applicable_synchronous_cpu"", ""decomposition_complete"": true, ""comparable_total"": true, ""exclusion_reason"": null}",controlled,L-BFGS-B,"{""ftol"": 0.0, ""maxcor"": 10, ""maxfun"": 1000000, ""maxls"": 40}",compact-single-float64-v1,True,full,PRODUCTION,True,True,main-fig8-comparable-end-to-end-v2,"fresh command construction from declared inputs through terminal host phase: problem/objective initialization, acoustic transfer construction, applicable host-to-device transfer, compilation/warmup, device synchronization, native solve, and result extraction included; independent mechanical validation, cache retrieval, table export, and rendering excluded",numpy/scipy-cpu,True,,0.00045449999743141234,0.005983500013826415,N/A,N/A,N/A,0.01119269999617245,N/A,2.900007530115545e-06,7.1999820647761226e-06,0.01764079999702517,not_applicable_synchronous_cpu,not_applicable_synchronous_cpu,not_applicable_synchronous_cpu,not_applicable_synchronous_cpu,True,0.01764079999702517,0.0,0.0,0.05,97,Figure 3 root paired initializations,GFE,GFE
Conventional,Single,1708286263,0.0,10000,10000,10000,5625,7153,-52.30945164383155,687.9420433340337,687.9420433340337,687.9420433340337,43.08060183945244,126.1902209353955,False,N m^-1 rad^-1,native optimized-objective gradient,False,2,Desired error not necessarily achieved due to precision loss.,False,2,Desired error not necessarily achieved due to precision loss.,28.0492077999952,28.0492077999952,FESolveResult history interval; objective/transfer construction excluded; not used for cross-method ranking,000000000000080f6668724802db1b0f,000000000000080f50359da72864126a,0.0,0.0,cached,C:\RINENG_COMPACT_FULL_20260920\RINENG_GFE_Standalone_Run\production_outputs\cache\production_single_run\00000000000008a22f1475690d77de6b.pkl,C:\RINENG_COMPACT_FULL_20260920\RINENG_GFE_Standalone_Run\production_outputs\cache\production_single_run\00000000000008a22f1475690d77de6b.pkl,gfe-final-production-v2-00000000000003f329a2,same-machine protocol record replayed from cache,"{""protocol_id"": ""main-fig8-comparable-end-to-end-v2"", ""scope"": ""fresh command construction from declared inputs through terminal host phase: problem/objective initialization, acoustic transfer construction, applicable host-to-device transfer, compilation/warmup, device synchronization, native solve, and result extraction included; independent mechanical validation, cache retrieval, table export, and rendering excluded"", ""backend"": ""numpy/scipy-cpu"", ""problem_initialization_s"": 0.0003782999992836267, ""acoustic_transfer_construction_s"": 0.0025926999951479957, ""device_transfer_s"": null, ""compilation_warmup_s"": null, ""pre_solve_synchronization_s"": null, ""solve_s"": 28.100427500001388, ""post_solve_synchronization_s"": null, ""result_extraction_s"": 5.199995939619839e-06, ""orchestration_overhead_s"": 6.600006599910557e-06, ""total_s"": 28.10341029999836, ""device_transfer_status"": ""not_applicable_synchronous_cpu"", ""compilation_warmup_status"": ""not_applicable_synchronous_cpu"", ""pre_solve_synchronization_status"": ""not_applicable_synchronous_cpu"", ""post_solve_synchronization_status"": ""not_applicable_synchronous_cpu"", ""decomposition_complete"": true, ""comparable_total"": true, ""exclusion_reason"": null}",controlled,BFGS,{},native,True,full,PRODUCTION,True,False,main-fig8-comparable-end-to-end-v2,"fresh command construction from declared inputs through terminal host phase: problem/objective initialization, acoustic transfer construction, applicable host-to-device transfer, compilation/warmup, device synchronization, native solve, and result extraction included; independent mechanical validation, cache retrieval, table export, and rendering excluded",numpy/scipy-cpu,True,,0.0003782999992836267,0.0025926999951479957,N/A,N/A,N/A,28.100427500001388,N/A,5.199995939619839e-06,6.600006599910557e-06,28.10341029999836,not_applicable_synchronous_cpu,not_applicable_synchronous_cpu,not_applicable_synchronous_cpu,not_applicable_synchronous_cpu,True,28.10341029999836,0.0,0.0,0.05,98,Figure 3 root paired initializations,GFE,GFE
GFE,Single,1708286263,10.0,10000,10000,10000,34,41,-0.05904367548502588,1.1215476408962877e-08,1.1215476408962877e-08,1.1215476408962877e-08,7.023403763384996e-10,4.103798838716607e-09,True,N m^-1 rad^-1,native optimized-objective gradient,True,0,CONVERGENCE: NORM OF PROJECTED GRADIENT <= PGTOL,True,0,CONVERGENCE: NORM OF PROJECTED GRADIENT <= PGTOL,0.004835799991269596,0.004835799991269596,FESolveResult history interval; objective/transfer construction excluded; not used for cross-method ranking,000000000000080f04144b7347830827,000000000000080f50359da72864126a,1.1142852793561358e-06,1.1142852793561358e-06,cached,C:\RINENG_COMPACT_FULL_20260920\RINENG_GFE_Standalone_Run\production_outputs\cache\production_single_run\000000000000092e32753341da290e23.pkl,C:\RINENG_COMPACT_FULL_20260920\RINENG_GFE_Standalone_Run\production_outputs\cache\production_single_run\000000000000092e32753341da290e23.pkl,gfe-final-production-v2-00000000000003f329a2,same-machine protocol record replayed from cache,"{""protocol_id"": ""main-fig8-comparable-end-to-end-v2"", ""scope"": ""fresh command construction from declared inputs through terminal host phase: problem/objective initialization, acoustic transfer construction, applicable host-to-device transfer, compilation/warmup, device synchronization, native solve, and result extraction included; independent mechanical validation, cache retrieval, table export, and rendering excluded"", ""backend"": ""numpy/scipy-cpu"", ""problem_initialization_s"": 0.000370699999621138, ""acoustic_transfer_construction_s"": 0.004644200002076104, ""device_transfer_s"": null, ""compilation_warmup_s"": null, ""pre_solve_synchronization_s"": null, ""solve_s"": 0.0053447999962372705, ""post_solve_synchronization_s"": null, ""result_extraction_s"": 2.0000006770715117e-06, ""orchestration_overhead_s"": 5.3000112529844046e-06, ""total_s"": 0.010367000009864569, ""device_transfer_status"": ""not_applicable_synchronous_cpu"", ""compilation_warmup_status"": ""not_applicable_synchronous_cpu"", ""pre_solve_synchronization_status"": ""not_applicable_synchronous_cpu"", ""post_solve_synchronization_status"": ""not_applicable_synchronous_cpu"", ""decomposition_complete"": true, ""comparable_total"": true, ""exclusion_reason"": null}",controlled,L-BFGS-B,"{""ftol"": 0.0, ""maxcor"": 10, ""maxfun"": 1000000, ""maxls"": 40}",compact-single-float64-v1,True,full,PRODUCTION,True,True,main-fig8-comparable-end-to-end-v2,"fresh command construction from declared inputs through terminal host phase: problem/objective initialization, acoustic transfer construction, applicable host-to-device transfer, compilation/warmup, device synchronization, native solve, and result extraction included; independent mechanical validation, cache retrieval, table export, and rendering excluded",numpy/scipy-cpu,True,,0.000370699999621138,0.004644200002076104,N/A,N/A,N/A,0.0053447999962372705,N/A,2.0000006770715117e-06,5.3000112529844046e-06,0.010367000009864569,not_applicable_synchronous_cpu,not_applicable_synchronous_cpu,not_applicable_synchronous_cpu,not_applicable_synchronous_cpu,True,0.010367000009864569,0.0,0.0,0.05,98,Figure 3 root paired initializations,GFE,GFE
Conventional,Single,970466275,0.0,10000,10000,10000,5659,7183,-54.11461025305824,679.3793435374774,679.3793435374774,679.3793435374774,42.54438477846511,129.8131749813979,False,N m^-1 rad^-1,native optimized-objective gradient,False,2,Desired error not necessarily achieved due to precision loss.,False,2,Desired error not necessarily achieved due to precision loss.,28.208167199991294,28.208167199991294,FESolveResult history interval; objective/transfer construction excluded; not used for cross-method ranking,000000000000080f2e2cb1891b581321,000000000000080fea74bd40ee840c1a,0.0,0.0,cached,C:\RINENG_COMPACT_FULL_20260920\RINENG_GFE_Standalone_Run\production_outputs\cache\production_single_run\00000000000008a132e5cd259233df24.pkl,C:\RINENG_COMPACT_FULL_20260920\RINENG_GFE_Standalone_Run\production_outputs\cache\production_single_run\00000000000008a132e5cd259233df24.pkl,gfe-final-production-v2-00000000000003f329a2,same-machine protocol record replayed from cache,"{""protocol_id"": ""main-fig8-comparable-end-to-end-v2"", ""scope"": ""fresh command construction from declared inputs through terminal host phase: problem/objective initialization, acoustic transfer construction, applicable host-to-device transfer, compilation/warmup, device synchronization, native solve, and result extraction included; independent mechanical validation, cache retrieval, table export, and rendering excluded"", ""backend"": ""numpy/scipy-cpu"", ""problem_initialization_s"": 0.0004914999881293625, ""acoustic_transfer_construction_s"": 0.002664400002686307, ""device_transfer_s"": null, ""compilation_warmup_s"": null, ""pre_solve_synchronization_s"": null, ""solve_s"": 28.26567239999713, ""post_solve_synchronization_s"": null, ""result_extraction_s"": 8.300004992634058e-06, ""orchestration_overhead_s"": 1.060000795405358e-05, ""total_s"": 28.26884720000089, ""device_transfer_status"": ""not_applicable_synchronous_cpu"", ""compilation_warmup_status"": ""not_applicable_synchronous_cpu"", ""pre_solve_synchronization_status"": ""not_applicable_synchronous_cpu"", ""post_solve_synchronization_status"": ""not_applicable_synchronous_cpu"", ""decomposition_complete"": true, ""comparable_total"": true, ""exclusion_reason"": null}",controlled,BFGS,{},native,True,full,PRODUCTION,True,False,main-fig8-comparable-end-to-end-v2,"fresh command construction from declared inputs through terminal host phase: problem/objective initialization, acoustic transfer construction, applicable host-to-device transfer, compilation/warmup, device synchronization, native solve, and result extraction included; independent mechanical validation, cache retrieval, table export, and rendering excluded",numpy/scipy-cpu,True,,0.0004914999881293625,0.002664400002686307,N/A,N/A,N/A,28.26567239999713,N/A,8.300004992634058e-06,1.060000795405358e-05,28.26884720000089,not_applicable_synchronous_cpu,not_applicable_synchronous_cpu,not_applicable_synchronous_cpu,not_applicable_synchronous_cpu,True,28.26884720000089,0.0,0.0,0.05,99,Figure 3 root paired initializations,GFE,GFE
GFE,Single,970466275,10.0,10000,10000,10000,34,39,-0.05904367548480588,1.688375702267336e-08,1.688375702267336e-08,1.688375702267336e-08,1.057301877237754e-09,5.529203087681882e-09,True,N m^-1 rad^-1,native optimized-objective gradient,True,0,CONVERGENCE: NORM OF PROJECTED GRADIENT <= PGTOL,True,0,CONVERGENCE: NORM OF PROJECTED GRADIENT <= PGTOL,0.003851399989798665,0.003851399989798665,FESolveResult history interval; objective/transfer construction excluded; not used for cross-method ranking,000000000000080f8a68fe3a4c9010a7,000000000000080fea74bd40ee840c1a,1.1142852793561358e-06,1.1142852793561358e-06,cached,C:\RINENG_COMPACT_FULL_20260920\RINENG_GFE_Standalone_Run\production_outputs\cache\production_single_run\000000000000092d6ffb05ec44db0edc.pkl,C:\RINENG_COMPACT_FULL_20260920\RINENG_GFE_Standalone_Run\production_outputs\cache\production_single_run\000000000000092d6ffb05ec44db0edc.pkl,gfe-final-production-v2-00000000000003f329a2,same-machine protocol record replayed from cache,"{""protocol_id"": ""main-fig8-comparable-end-to-end-v2"", ""scope"": ""fresh command construction from declared inputs through terminal host phase: problem/objective initialization, acoustic transfer construction, applicable host-to-device transfer, compilation/warmup, device synchronization, native solve, and result extraction included; independent mechanical validation, cache retrieval, table export, and rendering excluded"", ""backend"": ""numpy/scipy-cpu"", ""problem_initialization_s"": 0.00038159999530762434, ""acoustic_transfer_construction_s"": 0.003723399990121834, ""device_transfer_s"": null, ""compilation_warmup_s"": null, ""pre_solve_synchronization_s"": null, ""solve_s"": 0.004303599998820573, ""post_solve_synchronization_s"": null, ""result_extraction_s"": 2.1000014385208488e-06, ""orchestration_overhead_s"": 5.2000104915350676e-06, ""total_s"": 0.008415899996180087, ""device_transfer_status"": ""not_applicable_synchronous_cpu"", ""compilation_warmup_status"": ""not_applicable_synchronous_cpu"", ""pre_solve_synchronization_status"": ""not_applicable_synchronous_cpu"", ""post_solve_synchronization_status"": ""not_applicable_synchronous_cpu"", ""decomposition_complete"": true, ""comparable_total"": true, ""exclusion_reason"": null}",controlled,L-BFGS-B,"{""ftol"": 0.0, ""maxcor"": 10, ""maxfun"": 1000000, ""maxls"": 40}",compact-single-float64-v1,True,full,PRODUCTION,True,True,main-fig8-comparable-end-to-end-v2,"fresh command construction from declared inputs through terminal host phase: problem/objective initialization, acoustic transfer construction, applicable host-to-device transfer, compilation/warmup, device synchronization, native solve, and result extraction included; independent mechanical validation, cache retrieval, table export, and rendering excluded",numpy/scipy-cpu,True,,0.00038159999530762434,0.003723399990121834,N/A,N/A,N/A,0.004303599998820573,N/A,2.1000014385208488e-06,5.2000104915350676e-06,0.008415899996180087,not_applicable_synchronous_cpu,not_applicable_synchronous_cpu,not_applicable_synchronous_cpu,not_applicable_synchronous_cpu,True,0.008415899996180087,0.0,0.0,0.05,99,Figure 3 root paired initializations,GFE,GFE
