objective,phase_gradient_rms,nit,nfev,runtime_s,scipy_success,status,message,posthoc_winding,posthoc_winding_loop_min_over_median,posthoc_winding_circulation_residual,posthoc_winding_robust,posthoc_legacy_winding_label,final_budget_state_iteration,final_state_is_early_terminal,array,array_label,ix,iy,xi,eta,target_id,target_x_m,target_y_m,target_z_m,method,method_short,replicate,seed,trajectory_id,cache_status,trajectory_index,component,iteration,selected_trajectory_index,mds1,mds2,mds3,similarity_to_matched_fe,distance_to_matched_fe,reference_method,similarity_to_matched_feg,distance_to_matched_feg,primary_method
-9524.122793375876,504.6757768849034,10000,11963,70.72936529999788,False,1,Maximum number of iterations has been exceeded.,1,0.7143243355192568,2.220446049250313e-16,True,w+,10000,False,square,Square,0,0,-1.0,-1.0,xi-1.000000_eta-1.000000,-0.012,-0.012,0.04,Conventional,C,7,278691174,square|xi-1.000000_eta-1.000000|C|r07,cached,7,B1,500,7,-0.009542681373381684,0.03150840910662244,-0.43817585127496794,0.957107053275541,0.2897345139437321,GFE,0.957107053275541,0.2897345139437321,GFE
-9524.122793375876,504.6757768849034,10000,11963,70.72936529999788,False,1,Maximum number of iterations has been exceeded.,1,0.7143243355192568,2.220446049250313e-16,True,w+,10000,False,square,Square,0,0,-1.0,-1.0,xi-1.000000_eta-1.000000,-0.012,-0.012,0.04,Conventional,C,7,278691174,square|xi-1.000000_eta-1.000000|C|r07,cached,7,B1,2000,7,-0.03261967798304362,0.05863532130443158,-0.46344456312090876,0.9923243957722511,0.12366201338825464,GFE,0.9923243957722511,0.12366201338825464,GFE
-9524.122793375876,504.6757768849034,10000,11963,70.72936529999788,False,1,Maximum number of iterations has been exceeded.,1,0.7143243355192568,2.220446049250313e-16,True,w+,10000,False,square,Square,0,0,-1.0,-1.0,xi-1.000000_eta-1.000000,-0.012,-0.012,0.04,Conventional,C,7,278691174,square|xi-1.000000_eta-1.000000|C|r07,cached,7,B1,10000,7,-0.034749782133663455,0.06360663083533266,-0.4682150179098103,0.9983641314845502,0.05717570257635514,GFE,0.9983641314845502,0.05717570257635514,GFE
-9522.758935945798,530.3991757770691,9104,10788,387.78528383900266,False,2,Desired error not necessarily achieved due to precision loss.,-1,0.7402974584049337,0.0,True,w-,9104,True,square,Square,0,0,-1.0,-1.0,xi-1.000000_eta-1.000000,-0.012,-0.012,0.04,Conventional,C,2,768986797,square|xi-1.000000_eta-1.000000|C|r02,new,2,B2,500,2,-0.13565001079882702,-0.1213938882108858,0.44938828470418407,0.9695384308885348,0.2449392394660314,GFE,0.9695384308885348,0.2449392394660314,GFE
-9522.758935945798,530.3991757770691,9104,10788,387.78528383900266,False,2,Desired error not necessarily achieved due to precision loss.,-1,0.7402974584049337,0.0,True,w-,9104,True,square,Square,0,0,-1.0,-1.0,xi-1.000000_eta-1.000000,-0.012,-0.012,0.04,Conventional,C,2,768986797,square|xi-1.000000_eta-1.000000|C|r02,new,2,B2,2000,2,-0.14828821915772133,-0.13832376369517133,0.4664850594381733,0.9955385386250276,0.09435580592811656,GFE,0.9955385386250276,0.09435580592811656,GFE
-9522.758935945798,530.3991757770691,9104,10788,387.78528383900266,False,2,Desired error not necessarily achieved due to precision loss.,-1,0.7402974584049337,0.0,True,w-,9104,True,square,Square,0,0,-1.0,-1.0,xi-1.000000_eta-1.000000,-0.012,-0.012,0.04,Conventional,C,2,768986797,square|xi-1.000000_eta-1.000000|C|r02,new,2,B2,10000,2,-0.15099413995682284,-0.139163218621432,0.4683763802016887,0.9985475692176666,0.05387719377890154,GFE,0.9985475692176666,0.05387719377890154,GFE
-9629.273851084205,500.9859053673089,10000,11862,181.21693700299875,False,1,Maximum number of iterations has been exceeded.,1,0.8075733190948086,2.220446049250313e-16,True,w+,10000,False,square,Square,0,1,-1.0,-0.6666666666666667,xi-1.000000_eta-0.666667,-0.012,-0.008,0.04,Conventional,C,3,385646498,square|xi-1.000000_eta-0.666667|C|r03,cached,73,B1,500,73,-0.05939200145869732,0.08015230412429766,-0.46081900092407063,0.9783136656824201,0.2071288766421186,GFE,0.9783136656824201,0.2071288766421186,GFE
-9629.273851084205,500.9859053673089,10000,11862,181.21693700299875,False,1,Maximum number of iterations has been exceeded.,1,0.8075733190948086,2.220446049250313e-16,True,w+,10000,False,square,Square,0,1,-1.0,-0.6666666666666667,xi-1.000000_eta-0.666667,-0.012,-0.008,0.04,Conventional,C,3,385646498,square|xi-1.000000_eta-0.666667|C|r03,cached,73,B1,2000,73,-0.06657016873214233,0.08901407970076418,-0.47519997219989935,0.9962001783908825,0.0870930799430927,GFE,0.9962001783908825,0.0870930799430927,GFE
-9629.273851084205,500.9859053673089,10000,11862,181.21693700299875,False,1,Maximum number of iterations has been exceeded.,1,0.8075733190948086,2.220446049250313e-16,True,w+,10000,False,square,Square,0,1,-1.0,-0.6666666666666667,xi-1.000000_eta-0.666667,-0.012,-0.008,0.04,Conventional,C,3,385646498,square|xi-1.000000_eta-0.666667|C|r03,cached,73,B1,10000,73,-0.0664522751726055,0.08802083594941391,-0.4772049322772345,0.9990435534106399,0.04372617509732572,GFE,0.9990435534106399,0.04372617509732572,GFE
-9557.7213405986,519.0305502258552,10000,11844,163.00520279400007,False,1,Maximum number of iterations has been exceeded.,-1,0.6691670852487488,2.220446049250313e-16,True,w-,10000,False,square,Square,0,1,-1.0,-0.6666666666666667,xi-1.000000_eta-0.666667,-0.012,-0.008,0.04,Conventional,C,5,281464496,square|xi-1.000000_eta-0.666667|C|r05,cached,75,B2,500,75,-0.06443982526900938,-0.061817653947764103,0.43013015392070636,0.9312401762200592,0.36440600186280286,GFE,0.9312401762200592,0.36440600186280286,GFE
-9557.7213405986,519.0305502258552,10000,11844,163.00520279400007,False,1,Maximum number of iterations has been exceeded.,-1,0.6691670852487488,2.220446049250313e-16,True,w-,10000,False,square,Square,0,1,-1.0,-0.6666666666666667,xi-1.000000_eta-0.666667,-0.012,-0.008,0.04,Conventional,C,5,281464496,square|xi-1.000000_eta-0.666667|C|r05,cached,75,B2,2000,75,-0.12563300353750753,-0.1236643828726081,0.469712501464901,0.9853443682448091,0.1705768916595623,GFE,0.9853443682448091,0.1705768916595623,GFE
-9557.7213405986,519.0305502258552,10000,11844,163.00520279400007,False,1,Maximum number of iterations has been exceeded.,-1,0.6691670852487488,2.220446049250313e-16,True,w-,10000,False,square,Square,0,1,-1.0,-0.6666666666666667,xi-1.000000_eta-0.666667,-0.012,-0.008,0.04,Conventional,C,5,281464496,square|xi-1.000000_eta-0.666667|C|r05,cached,75,B2,10000,75,-0.13212002756964877,-0.1264002639597534,0.47597105399351386,0.9949033974648206,0.10083268177013467,GFE,0.9949033974648206,0.10083268177013467,GFE
-9777.559817758029,509.4885394906357,10000,11864,78.47783910300495,False,1,Maximum number of iterations has been exceeded.,1,0.6777925919235107,2.220446049250313e-16,True,w+,10000,False,square,Square,0,2,-1.0,-0.3333333333333333,xi-1.000000_eta-0.333333,-0.012,-0.004,0.04,Conventional,C,8,819372224,square|xi-1.000000_eta-0.333333|C|r08,cached,149,B1,500,149,-0.053367463602832864,0.06609444725380184,-0.44825602678486376,0.959803392060268,0.28067320604148066,GFE,0.959803392060268,0.28067320604148066,GFE
-9777.559817758029,509.4885394906357,10000,11864,78.47783910300495,False,1,Maximum number of iterations has been exceeded.,1,0.6777925919235107,2.220446049250313e-16,True,w+,10000,False,square,Square,0,2,-1.0,-0.3333333333333333,xi-1.000000_eta-0.333333,-0.012,-0.004,0.04,Conventional,C,8,819372224,square|xi-1.000000_eta-0.333333|C|r08,cached,149,B1,2000,149,-0.06065264035136319,0.07682840306863442,-0.4777091821685782,0.9936801823116137,0.11224836426940982,GFE,0.9936801823116137,0.11224836426940982,GFE
-9777.559817758029,509.4885394906357,10000,11864,78.47783910300495,False,1,Maximum number of iterations has been exceeded.,1,0.6777925919235107,2.220446049250313e-16,True,w+,10000,False,square,Square,0,2,-1.0,-0.3333333333333333,xi-1.000000_eta-0.333333,-0.012,-0.004,0.04,Conventional,C,8,819372224,square|xi-1.000000_eta-0.333333|C|r08,cached,149,B1,10000,149,-0.07189203149448602,0.08869427311666847,-0.4812567672359097,0.9980925070895975,0.06173611011070999,GFE,0.9980925070895975,0.06173611011070999,GFE
-9795.239243895176,513.0003956248385,10000,11838,81.82258141200145,False,1,Maximum number of iterations has been exceeded.,-1,0.8091838669809397,2.220446049250313e-16,True,w-,10000,False,square,Square,0,2,-1.0,-0.3333333333333333,xi-1.000000_eta-0.333333,-0.012,-0.004,0.04,Conventional,C,3,539922479,square|xi-1.000000_eta-0.333333|C|r03,cached,144,B2,500,144,-0.09470709200332095,-0.09883164445967305,0.4596535344717816,0.9694837237859341,0.2451556838300077,GFE,0.9694837237859341,0.2451556838300077,GFE
-9795.239243895176,513.0003956248385,10000,11838,81.82258141200145,False,1,Maximum number of iterations has been exceeded.,-1,0.8091838669809397,2.220446049250313e-16,True,w-,10000,False,square,Square,0,2,-1.0,-0.3333333333333333,xi-1.000000_eta-0.333333,-0.012,-0.004,0.04,Conventional,C,3,539922479,square|xi-1.000000_eta-0.333333|C|r03,cached,144,B2,2000,144,-0.11186005907599823,-0.11473613932058939,0.481085741876986,0.9968730537581529,0.07901971077455737,GFE,0.9968730537581529,0.07901971077455737,GFE
-9795.239243895176,513.0003956248385,10000,11838,81.82258141200145,False,1,Maximum number of iterations has been exceeded.,-1,0.8091838669809397,2.220446049250313e-16,True,w-,10000,False,square,Square,0,2,-1.0,-0.3333333333333333,xi-1.000000_eta-0.333333,-0.012,-0.004,0.04,Conventional,C,3,539922479,square|xi-1.000000_eta-0.333333|C|r03,cached,144,B2,10000,144,-0.11475780516497569,-0.11861291983521216,0.48219825639291103,0.9990729745762377,0.04304871044977311,GFE,0.9990729745762377,0.04304871044977311,GFE
-9787.930625437208,525.7656821790779,10000,11866,59.95240640199336,False,1,Maximum number of iterations has been exceeded.,1,0.7052337599122965,0.0,True,w+,10000,False,square,Square,0,3,-1.0,0.0,xi-1.000000_eta+0.000000,-0.012,0.0,0.04,Conventional,C,8,35227093,square|xi-1.000000_eta+0.000000|C|r08,cached,219,B1,500,219,-0.06948177866145097,0.08339308436237365,-0.4640484390185387,0.9734641991235627,0.2288393607418107,GFE,0.9734641991235627,0.2288393607418107,GFE
-9787.930625437208,525.7656821790779,10000,11866,59.95240640199336,False,1,Maximum number of iterations has been exceeded.,1,0.7052337599122965,0.0,True,w+,10000,False,square,Square,0,3,-1.0,0.0,xi-1.000000_eta+0.000000,-0.012,0.0,0.04,Conventional,C,8,35227093,square|xi-1.000000_eta+0.000000|C|r08,cached,219,B1,2000,219,-0.094337955554302,0.10418444916071284,-0.47943469723001786,0.9933197125416695,0.11539475151034842,GFE,0.9933197125416695,0.11539475151034842,GFE
-9787.930625437208,525.7656821790779,10000,11866,59.95240640199336,False,1,Maximum number of iterations has been exceeded.,1,0.7052337599122965,0.0,True,w+,10000,False,square,Square,0,3,-1.0,0.0,xi-1.000000_eta+0.000000,-0.012,0.0,0.04,Conventional,C,8,35227093,square|xi-1.000000_eta+0.000000|C|r08,cached,219,B1,10000,219,-0.09766230583500068,0.10820116587793048,-0.48185884144443847,0.9964796999784271,0.08383440541271787,GFE,0.9964796999784271,0.08383440541271787,GFE
-9770.481891079342,524.2266726873507,10000,11787,59.69314594299794,False,1,Maximum number of iterations has been exceeded.,-1,0.6715783818887093,0.0,True,w-,10000,False,square,Square,0,3,-1.0,0.0,xi-1.000000_eta+0.000000,-0.012,0.0,0.04,Conventional,C,7,683455590,square|xi-1.000000_eta+0.000000|C|r07,cached,218,B2,500,218,-0.08908408582379376,-0.08721781663244423,0.452447275504565,0.9639617003490851,0.2660410499530112,GFE,0.9639617003490851,0.2660410499530112,GFE
-9770.481891079342,524.2266726873507,10000,11787,59.69314594299794,False,1,Maximum number of iterations has been exceeded.,-1,0.6715783818887093,0.0,True,w-,10000,False,square,Square,0,3,-1.0,0.0,xi-1.000000_eta+0.000000,-0.012,0.0,0.04,Conventional,C,7,683455590,square|xi-1.000000_eta+0.000000|C|r07,cached,218,B2,2000,218,-0.07984773513609746,-0.08995801488723393,0.47658148768312575,0.9893442860384349,0.14559493014215633,GFE,0.9893442860384349,0.14559493014215633,GFE
-9770.481891079342,524.2266726873507,10000,11787,59.69314594299794,False,1,Maximum number of iterations has been exceeded.,-1,0.6715783818887093,0.0,True,w-,10000,False,square,Square,0,3,-1.0,0.0,xi-1.000000_eta+0.000000,-0.012,0.0,0.04,Conventional,C,7,683455590,square|xi-1.000000_eta+0.000000|C|r07,cached,218,B2,10000,218,-0.09046414755933453,-0.10124349413724082,0.4804603029676805,0.9969564495277501,0.07796048835803099,GFE,0.9969564495277501,0.07796048835803099,GFE
-9797.886476866344,508.1770594533682,8502,10185,389.67387226099527,False,2,Desired error not necessarily achieved due to precision loss.,1,0.7840065640071386,3.3306690738754696e-16,True,w+,8502,True,square,Square,0,4,-1.0,0.3333333333333332,xi-1.000000_eta+0.333333,-0.012,0.0039999999999999,0.04,Conventional,C,3,998003505,square|xi-1.000000_eta+0.333333|C|r03,new,284,B1,500,284,-0.0803585986525506,0.08558963187103101,-0.4621154361701527,0.9740735909014769,0.22623138488791092,GFE,0.9740735909014769,0.22623138488791092,GFE
-9797.886476866344,508.1770594533682,8502,10185,389.67387226099527,False,2,Desired error not necessarily achieved due to precision loss.,1,0.7840065640071386,3.3306690738754696e-16,True,w+,8502,True,square,Square,0,4,-1.0,0.3333333333333332,xi-1.000000_eta+0.333333,-0.012,0.0039999999999999,0.04,Conventional,C,3,998003505,square|xi-1.000000_eta+0.333333|C|r03,new,284,B1,2000,284,-0.11636141772559079,0.11805745727130085,-0.4798273774409429,0.9972258284487063,0.07443552293623854,GFE,0.9972258284487063,0.07443552293623854,GFE
-9797.886476866344,508.1770594533682,8502,10185,389.67387226099527,False,2,Desired error not necessarily achieved due to precision loss.,1,0.7840065640071386,3.3306690738754696e-16,True,w+,8502,True,square,Square,0,4,-1.0,0.3333333333333332,xi-1.000000_eta+0.333333,-0.012,0.0039999999999999,0.04,Conventional,C,3,998003505,square|xi-1.000000_eta+0.333333|C|r03,new,284,B1,10000,284,-0.11720335209144006,0.12044338490858779,-0.4813053494934435,0.998871000229084,0.04750499869854966,GFE,0.998871000229084,0.04750499869854966,GFE
-9790.73313614894,508.96728971829816,8573,10264,63.97186480899836,False,2,Desired error not necessarily achieved due to precision loss.,-1,0.697773668947329,0.0,True,w-,8573,True,square,Square,0,4,-1.0,0.3333333333333332,xi-1.000000_eta+0.333333,-0.012,0.0039999999999999,0.04,Conventional,C,8,954199456,square|xi-1.000000_eta+0.333333|C|r08,new,289,B2,500,289,-0.0785386351394984,-0.0870571838881788,0.4487464622013918,0.956727395278374,0.2909857232302951,GFE,0.956727395278374,0.2909857232302951,GFE
-9790.73313614894,508.96728971829816,8573,10264,63.97186480899836,False,2,Desired error not necessarily achieved due to precision loss.,-1,0.697773668947329,0.0,True,w-,8573,True,square,Square,0,4,-1.0,0.3333333333333332,xi-1.000000_eta+0.333333,-0.012,0.0039999999999999,0.04,Conventional,C,8,954199456,square|xi-1.000000_eta+0.333333|C|r08,new,289,B2,2000,289,-0.06750655911666424,-0.08546662813558781,0.47796870271506087,0.9940510630643544,0.1089150311969236,GFE,0.9940510630643544,0.1089150311969236,GFE
-9790.73313614894,508.96728971829816,8573,10264,63.97186480899836,False,2,Desired error not necessarily achieved due to precision loss.,-1,0.697773668947329,0.0,True,w-,8573,True,square,Square,0,4,-1.0,0.3333333333333332,xi-1.000000_eta+0.333333,-0.012,0.0039999999999999,0.04,Conventional,C,8,954199456,square|xi-1.000000_eta+0.333333|C|r08,new,289,B2,10000,289,-0.07158151317696283,-0.08903246373399144,0.48196805157019623,0.9989369752600169,0.04609684868153512,GFE,0.9989369752600169,0.04609684868153512,GFE
-9586.6419128434,528.2566327923644,8697,10373,71.81549506599549,False,2,Desired error not necessarily achieved due to precision loss.,1,0.7803485744955801,0.0,True,w+,8697,True,square,Square,0,5,-1.0,0.6666666666666665,xi-1.000000_eta+0.666667,-0.012,0.0079999999999999,0.04,Conventional,C,2,957326707,square|xi-1.000000_eta+0.666667|C|r02,new,353,B1,500,353,-0.11142633543309216,0.10108850713780222,-0.4403688764138373,0.9524262272386964,0.30476922690433,GFE,0.9524262272386964,0.30476922690433,GFE
-9586.6419128434,528.2566327923644,8697,10373,71.81549506599549,False,2,Desired error not necessarily achieved due to precision loss.,1,0.7803485744955801,0.0,True,w+,8697,True,square,Square,0,5,-1.0,0.6666666666666665,xi-1.000000_eta+0.666667,-0.012,0.0079999999999999,0.04,Conventional,C,2,957326707,square|xi-1.000000_eta+0.666667|C|r02,new,353,B1,2000,353,-0.13270252471236724,0.12735352257311391,-0.47289253006299864,0.9929751882323782,0.11832276008812993,GFE,0.9929751882323782,0.11832276008812993,GFE
-9586.6419128434,528.2566327923644,8697,10373,71.81549506599549,False,2,Desired error not necessarily achieved due to precision loss.,1,0.7803485744955801,0.0,True,w+,8697,True,square,Square,0,5,-1.0,0.6666666666666665,xi-1.000000_eta+0.666667,-0.012,0.0079999999999999,0.04,Conventional,C,2,957326707,square|xi-1.000000_eta+0.666667|C|r02,new,353,B1,10000,353,-0.13198179368184434,0.12738728515841796,-0.4755392545169203,0.9961396892313388,0.0877822279171123,GFE,0.9961396892313388,0.0877822279171123,GFE
-9595.177518229146,520.6347648579764,10000,11792,129.15433069100254,False,1,Maximum number of iterations has been exceeded.,-1,0.6930539408244298,0.0,True,w-,10000,False,square,Square,0,5,-1.0,0.6666666666666665,xi-1.000000_eta+0.666667,-0.012,0.0079999999999999,0.04,Conventional,C,9,28826771,square|xi-1.000000_eta+0.666667|C|r09,cached,360,B2,500,360,-0.04915256376096167,-0.06436097755118879,0.44193464898694607,0.9519675056314421,0.30619906633079447,GFE,0.9519675056314421,0.30619906633079447,GFE
-9595.177518229146,520.6347648579764,10000,11792,129.15433069100254,False,1,Maximum number of iterations has been exceeded.,-1,0.6930539408244298,0.0,True,w-,10000,False,square,Square,0,5,-1.0,0.6666666666666665,xi-1.000000_eta+0.666667,-0.012,0.0079999999999999,0.04,Conventional,C,9,28826771,square|xi-1.000000_eta+0.666667|C|r09,cached,360,B2,2000,360,-0.05655166724772234,-0.07751116546862916,0.46830179195369737,0.9903103269397076,0.138872086311719,GFE,0.9903103269397076,0.138872086311719,GFE
-9595.177518229146,520.6347648579764,10000,11792,129.15433069100254,False,1,Maximum number of iterations has been exceeded.,-1,0.6930539408244298,0.0,True,w-,10000,False,square,Square,0,5,-1.0,0.6666666666666665,xi-1.000000_eta+0.666667,-0.012,0.0079999999999999,0.04,Conventional,C,9,28826771,square|xi-1.000000_eta+0.666667|C|r09,cached,360,B2,10000,360,-0.061763988137897415,-0.08294555758483506,0.4757807209798307,0.9956858226599758,0.092788698417033,GFE,0.9956858226599758,0.092788698417033,GFE
-9533.495473407644,505.9069658973042,10000,11857,124.06647658500152,False,1,Maximum number of iterations has been exceeded.,1,0.8026588687745835,3.3306690738754696e-16,True,w+,10000,False,square,Square,0,6,-1.0,1.0,xi-1.000000_eta+1.000000,-0.012,0.012,0.04,Conventional,C,7,800793033,square|xi-1.000000_eta+1.000000|C|r07,cached,428,B1,500,428,-0.1323739738588373,0.11986597131394978,-0.4383418490845906,0.9637654785583797,0.2667510118802502,GFE,0.9637654785583797,0.2667510118802502,GFE
-9533.495473407644,505.9069658973042,10000,11857,124.06647658500152,False,1,Maximum number of iterations has been exceeded.,1,0.8026588687745835,3.3306690738754696e-16,True,w+,10000,False,square,Square,0,6,-1.0,1.0,xi-1.000000_eta+1.000000,-0.012,0.012,0.04,Conventional,C,7,800793033,square|xi-1.000000_eta+1.000000|C|r07,cached,428,B1,2000,428,-0.1509251559434117,0.13688822576323423,-0.4668426286690365,0.9958078057272108,0.0914702905470269,GFE,0.9958078057272108,0.0914702905470269,GFE
-9533.495473407644,505.9069658973042,10000,11857,124.06647658500152,False,1,Maximum number of iterations has been exceeded.,1,0.8026588687745835,3.3306690738754696e-16,True,w+,10000,False,square,Square,0,6,-1.0,1.0,xi-1.000000_eta+1.000000,-0.012,0.012,0.04,Conventional,C,7,800793033,square|xi-1.000000_eta+1.000000|C|r07,cached,428,B1,10000,428,-0.14864240478779844,0.13696304392495248,-0.4691606367533251,0.999336616027763,0.036418784523640634,GFE,0.999336616027763,0.036418784523640634,GFE
-9483.105708825136,487.22222797968857,10000,11763,55.89237085700006,False,1,Maximum number of iterations has been exceeded.,-1,0.7851307225604717,3.3306690738754696e-16,True,w-,10000,False,square,Square,0,6,-1.0,1.0,xi-1.000000_eta+1.000000,-0.012,0.012,0.04,Conventional,C,1,425356296,square|xi-1.000000_eta+1.000000|C|r01,cached,422,B2,500,422,-0.018791478699953804,-0.03932768908019323,0.43388140439815803,0.9507888256735683,0.3098396504230486,GFE,0.9507888256735683,0.3098396504230486,GFE
-9483.105708825136,487.22222797968857,10000,11763,55.89237085700006,False,1,Maximum number of iterations has been exceeded.,-1,0.7851307225604717,3.3306690738754696e-16,True,w-,10000,False,square,Square,0,6,-1.0,1.0,xi-1.000000_eta+1.000000,-0.012,0.012,0.04,Conventional,C,1,425356296,square|xi-1.000000_eta+1.000000|C|r01,cached,422,B2,2000,422,-0.022190810145337282,-0.04419741744857649,0.4539020148162095,0.9763130666978862,0.2163626487981897,GFE,0.9763130666978862,0.2163626487981897,GFE
-9483.105708825136,487.22222797968857,10000,11763,55.89237085700006,False,1,Maximum number of iterations has been exceeded.,-1,0.7851307225604717,3.3306690738754696e-16,True,w-,10000,False,square,Square,0,6,-1.0,1.0,xi-1.000000_eta+1.000000,-0.012,0.012,0.04,Conventional,C,1,425356296,square|xi-1.000000_eta+1.000000|C|r01,cached,422,B2,10000,422,-0.024739514821486883,-0.05358323172672894,0.4665380687583877,0.994639176501118,0.10340652092193131,GFE,0.994639176501118,0.10340652092193131,GFE
-8960.023792146712,515.6023977048975,10000,11860,128.057685683998,False,1,Maximum number of iterations has been exceeded.,1,0.7885732913172784,4.440892098500626e-16,True,w+,10000,False,square,Square,1,0,-0.6666666666666667,-1.0,xi-0.666667_eta-1.000000,-0.008,-0.012,0.0433333333333333,Conventional,C,4,919159009,square|xi-0.666667_eta-1.000000|C|r04,cached,14,B1,500,14,-0.025548930827510336,0.04193017010347854,-0.43333565576255456,0.941701899345284,0.33644841026446315,GFE,0.941701899345284,0.33644841026446315,GFE
-8960.023792146712,515.6023977048975,10000,11860,128.057685683998,False,1,Maximum number of iterations has been exceeded.,1,0.7885732913172784,4.440892098500626e-16,True,w+,10000,False,square,Square,1,0,-0.6666666666666667,-1.0,xi-0.666667_eta-1.000000,-0.008,-0.012,0.0433333333333333,Conventional,C,4,919159009,square|xi-0.666667_eta-1.000000|C|r04,cached,14,B1,2000,14,-0.0036745728790746495,0.027732292387223568,-0.4719371727080249,0.9877607733441072,0.1559764554112297,GFE,0.9877607733441072,0.1559764554112297,GFE
-8960.023792146712,515.6023977048975,10000,11860,128.057685683998,False,1,Maximum number of iterations has been exceeded.,1,0.7885732913172784,4.440892098500626e-16,True,w+,10000,False,square,Square,1,0,-0.6666666666666667,-1.0,xi-0.666667_eta-1.000000,-0.008,-0.012,0.0433333333333333,Conventional,C,4,919159009,square|xi-0.666667_eta-1.000000|C|r04,cached,14,B1,10000,14,-0.0074845235988160695,0.031489681975849136,-0.47635255613513566,0.9943822895868102,0.10584829784220975,GFE,0.9943822895868102,0.10584829784220975,GFE
-8952.720202578756,520.1172331710474,10000,11823,127.16715327899874,False,1,Maximum number of iterations has been exceeded.,-1,0.7679395031152326,0.0,True,w-,10000,False,square,Square,1,0,-0.6666666666666667,-1.0,xi-0.666667_eta-1.000000,-0.008,-0.012,0.0433333333333333,Conventional,C,3,276793598,square|xi-0.666667_eta-1.000000|C|r03,cached,13,B2,500,13,-0.09009855063030715,-0.0738216767331592,0.4518188445931482,0.9558753715127287,0.29377248702933845,GFE,0.9558753715127287,0.29377248702933845,GFE
-8952.720202578756,520.1172331710474,10000,11823,127.16715327899874,False,1,Maximum number of iterations has been exceeded.,-1,0.7679395031152326,0.0,True,w-,10000,False,square,Square,1,0,-0.6666666666666667,-1.0,xi-0.666667_eta-1.000000,-0.008,-0.012,0.0433333333333333,Conventional,C,3,276793598,square|xi-0.666667_eta-1.000000|C|r03,cached,13,B2,2000,13,-0.10632847304252704,-0.08982984504096062,0.46718695109663466,0.9773270127403808,0.21173547215325897,GFE,0.9773270127403808,0.21173547215325897,GFE
-8952.720202578756,520.1172331710474,10000,11823,127.16715327899874,False,1,Maximum number of iterations has been exceeded.,-1,0.7679395031152326,0.0,True,w-,10000,False,square,Square,1,0,-0.6666666666666667,-1.0,xi-0.666667_eta-1.000000,-0.008,-0.012,0.0433333333333333,Conventional,C,3,276793598,square|xi-0.666667_eta-1.000000|C|r03,cached,13,B2,10000,13,-0.1119069500860383,-0.09760921646918919,0.47542118693340446,0.9932346419608369,0.1161247002533403,GFE,0.9932346419608369,0.1161247002533403,GFE
-9048.391512265633,495.8926542492734,10000,11875,127.43016406600144,False,1,Maximum number of iterations has been exceeded.,1,0.7756889723077625,2.220446049250313e-16,True,w+,10000,False,square,Square,1,1,-0.6666666666666667,-0.6666666666666667,xi-0.666667_eta-0.666667,-0.008,-0.008,0.0433333333333333,Conventional,C,9,943022669,square|xi-0.666667_eta-0.666667|C|r09,cached,89,B1,500,89,-0.018264310491516018,0.03507717332227643,-0.44930411009125043,0.9540342704875161,0.2996975320808513,GFE,0.9540342704875161,0.2996975320808513,GFE
-9048.391512265633,495.8926542492734,10000,11875,127.43016406600144,False,1,Maximum number of iterations has been exceeded.,1,0.7756889723077625,2.220446049250313e-16,True,w+,10000,False,square,Square,1,1,-0.6666666666666667,-0.6666666666666667,xi-0.666667_eta-0.666667,-0.008,-0.008,0.0433333333333333,Conventional,C,9,943022669,square|xi-0.666667_eta-0.666667|C|r09,cached,89,B1,2000,89,-0.0300241462583674,0.04999546358425535,-0.4742857713062991,0.985544005464558,0.16941963668027174,GFE,0.985544005464558,0.16941963668027174,GFE
-9048.391512265633,495.8926542492734,10000,11875,127.43016406600144,False,1,Maximum number of iterations has been exceeded.,1,0.7756889723077625,2.220446049250313e-16,True,w+,10000,False,square,Square,1,1,-0.6666666666666667,-0.6666666666666667,xi-0.666667_eta-0.666667,-0.008,-0.008,0.0433333333333333,Conventional,C,9,943022669,square|xi-0.666667_eta-0.666667|C|r09,cached,89,B1,10000,89,-0.027616129063805214,0.047637606450854485,-0.483357767734122,0.9968116812962792,0.07979017502979395,GFE,0.9968116812962792,0.07979017502979395,GFE
-9059.740650413833,522.3561173595932,9070,10877,160.6222446899992,False,2,Desired error not necessarily achieved due to precision loss.,-1,0.7312228452756138,4.440892098500626e-16,True,w-,9070,True,square,Square,1,1,-0.6666666666666667,-0.6666666666666667,xi-0.666667_eta-0.666667,-0.008,-0.008,0.0433333333333333,Conventional,C,2,469831423,square|xi-0.666667_eta-0.666667|C|r02,new,82,B2,500,82,-0.09053306137465776,-0.08276558714910381,0.45545314895512123,0.9627533085826995,0.27038133591848645,GFE,0.9627533085826995,0.27038133591848645,GFE
-9059.740650413833,522.3561173595932,9070,10877,160.6222446899992,False,2,Desired error not necessarily achieved due to precision loss.,-1,0.7312228452756138,4.440892098500626e-16,True,w-,9070,True,square,Square,1,1,-0.6666666666666667,-0.6666666666666667,xi-0.666667_eta-0.666667,-0.008,-0.008,0.0433333333333333,Conventional,C,2,469831423,square|xi-0.666667_eta-0.666667|C|r02,new,82,B2,2000,82,-0.10114560341766603,-0.09033526675985658,0.4772632398635988,0.9909323492533609,0.13436174754451166,GFE,0.9909323492533609,0.13436174754451166,GFE
-9059.740650413833,522.3561173595932,9070,10877,160.6222446899992,False,2,Desired error not necessarily achieved due to precision loss.,-1,0.7312228452756138,4.440892098500626e-16,True,w-,9070,True,square,Square,1,1,-0.6666666666666667,-0.6666666666666667,xi-0.666667_eta-0.666667,-0.008,-0.008,0.0433333333333333,Conventional,C,2,469831423,square|xi-0.666667_eta-0.666667|C|r02,new,82,B2,10000,82,-0.10352301651236948,-0.09417746937944847,0.48338540842077476,0.9967906865728147,0.08005202784250193,GFE,0.9967906865728147,0.08005202784250193,GFE
-9049.48077499852,503.8307088213184,10000,11768,72.31477022200124,False,1,Maximum number of iterations has been exceeded.,1,0.7325341966916505,1.1102230246251563e-16,True,w+,10000,False,square,Square,1,2,-0.6666666666666667,-0.3333333333333333,xi-0.666667_eta-0.333333,-0.008,-0.004,0.0433333333333333,Conventional,C,3,530760465,square|xi-0.666667_eta-0.333333|C|r03,cached,154,B1,500,154,-0.043468620601241285,0.05640107952732152,-0.4290855159200778,0.938150500536539,0.3462277261327309,GFE,0.938150500536539,0.3462277261327309,GFE
-9049.48077499852,503.8307088213184,10000,11768,72.31477022200124,False,1,Maximum number of iterations has been exceeded.,1,0.7325341966916505,1.1102230246251563e-16,True,w+,10000,False,square,Square,1,2,-0.6666666666666667,-0.3333333333333333,xi-0.666667_eta-0.333333,-0.008,-0.004,0.0433333333333333,Conventional,C,3,530760465,square|xi-0.666667_eta-0.333333|C|r03,cached,154,B1,2000,154,-0.05158717787951013,0.06104374067943007,-0.47398402583415705,0.9822168924375716,0.1877497702003385,GFE,0.9822168924375716,0.1877497702003385,GFE
-9049.48077499852,503.8307088213184,10000,11768,72.31477022200124,False,1,Maximum number of iterations has been exceeded.,1,0.7325341966916505,1.1102230246251563e-16,True,w+,10000,False,square,Square,1,2,-0.6666666666666667,-0.3333333333333333,xi-0.666667_eta-0.333333,-0.008,-0.004,0.0433333333333333,Conventional,C,3,530760465,square|xi-0.666667_eta-0.333333|C|r03,cached,154,B1,10000,154,-0.05333446122802067,0.06418264263556686,-0.4851206370592345,0.9972444638411058,0.07418543885605483,GFE,0.9972444638411058,0.07418543885605483,GFE
-9104.769222110988,499.7161255389154,8888,10560,147.74605982699725,False,2,Desired error not necessarily achieved due to precision loss.,-1,0.8152227433044025,0.0,True,w-,8888,True,square,Square,1,2,-0.6666666666666667,-0.3333333333333333,xi-0.666667_eta-0.333333,-0.008,-0.004,0.0433333333333333,Conventional,C,7,535720411,square|xi-0.666667_eta-0.333333|C|r07,new,158,B2,500,158,-0.06033797486655755,-0.06273599636554579,0.4617065222028395,0.9706478930434562,0.2405050264137929,GFE,0.9706478930434562,0.2405050264137929,GFE
-9104.769222110988,499.7161255389154,8888,10560,147.74605982699725,False,2,Desired error not necessarily achieved due to precision loss.,-1,0.8152227433044025,0.0,True,w-,8888,True,square,Square,1,2,-0.6666666666666667,-0.3333333333333333,xi-0.666667_eta-0.333333,-0.008,-0.004,0.0433333333333333,Conventional,C,7,535720411,square|xi-0.666667_eta-0.333333|C|r07,new,158,B2,2000,158,-0.07438126100644006,-0.07477167563038775,0.4836118110597978,0.9937539617869658,0.11159329474798016,GFE,0.9937539617869658,0.11159329474798016,GFE
-9104.769222110988,499.7161255389154,8888,10560,147.74605982699725,False,2,Desired error not necessarily achieved due to precision loss.,-1,0.8152227433044025,0.0,True,w-,8888,True,square,Square,1,2,-0.6666666666666667,-0.3333333333333333,xi-0.666667_eta-0.333333,-0.008,-0.004,0.0433333333333333,Conventional,C,7,535720411,square|xi-0.666667_eta-0.333333|C|r07,new,158,B2,10000,158,-0.07657788748937193,-0.0752836791698914,0.48727466492504745,0.9966507886786092,0.08177533507302912,GFE,0.9966507886786092,0.08177533507302912,GFE
-9152.185837322428,515.6177403371834,10000,11772,84.44726793000154,False,1,Maximum number of iterations has been exceeded.,1,0.7840883194509441,1.1102230246251563e-16,True,w+,10000,False,square,Square,1,3,-0.6666666666666667,0.0,xi-0.666667_eta+0.000000,-0.008,0.0,0.0433333333333333,Conventional,C,7,958212502,square|xi-0.666667_eta+0.000000|C|r07,cached,228,B1,500,228,-0.052692118274512055,0.06208849446527383,-0.46716178745532855,0.9736840052613919,0.22790229901897394,GFE,0.9736840052613919,0.22790229901897394,GFE
-9152.185837322428,515.6177403371834,10000,11772,84.44726793000154,False,1,Maximum number of iterations has been exceeded.,1,0.7840883194509441,1.1102230246251563e-16,True,w+,10000,False,square,Square,1,3,-0.6666666666666667,0.0,xi-0.666667_eta+0.000000,-0.008,0.0,0.0433333333333333,Conventional,C,7,958212502,square|xi-0.666667_eta+0.000000|C|r07,cached,228,B1,2000,228,-0.06220003276576667,0.06972375395704264,-0.4872962652945974,0.9936342632322186,0.11265412078999229,GFE,0.9936342632322186,0.11265412078999229,GFE
-9152.185837322428,515.6177403371834,10000,11772,84.44726793000154,False,1,Maximum number of iterations has been exceeded.,1,0.7840883194509441,1.1102230246251563e-16,True,w+,10000,False,square,Square,1,3,-0.6666666666666667,0.0,xi-0.666667_eta+0.000000,-0.008,0.0,0.0433333333333333,Conventional,C,7,958212502,square|xi-0.666667_eta+0.000000|C|r07,cached,228,B1,10000,228,-0.06598102682018428,0.07285137217841835,-0.4891116275634217,0.9974571057531978,0.07126936356144899,GFE,0.9974571057531978,0.07126936356144899,GFE
-9163.41616337874,501.72980479193376,10000,11746,73.32417289899604,False,1,Maximum number of iterations has been exceeded.,-1,0.8117699502540038,3.3306690738754696e-16,True,w-,10000,False,square,Square,1,3,-0.6666666666666667,0.0,xi-0.666667_eta+0.000000,-0.008,0.0,0.0433333333333333,Conventional,C,9,905620354,square|xi-0.666667_eta+0.000000|C|r09,cached,230,B2,500,230,-0.06381213599483164,-0.06154597199133751,0.4394301356793541,0.9399432952798018,0.34133063392925533,GFE,0.9399432952798018,0.34133063392925533,GFE
-9163.41616337874,501.72980479193376,10000,11746,73.32417289899604,False,1,Maximum number of iterations has been exceeded.,-1,0.8117699502540038,3.3306690738754696e-16,True,w-,10000,False,square,Square,1,3,-0.6666666666666667,0.0,xi-0.666667_eta+0.000000,-0.008,0.0,0.0433333333333333,Conventional,C,9,905620354,square|xi-0.666667_eta+0.000000|C|r09,cached,230,B2,2000,230,-0.06482156167449642,-0.0702021292495672,0.47877557877972593,0.9845553984879184,0.1750733198071489,GFE,0.9845553984879184,0.1750733198071489,GFE
-9163.41616337874,501.72980479193376,10000,11746,73.32417289899604,False,1,Maximum number of iterations has been exceeded.,-1,0.8117699502540038,3.3306690738754696e-16,True,w-,10000,False,square,Square,1,3,-0.6666666666666667,0.0,xi-0.666667_eta+0.000000,-0.008,0.0,0.0433333333333333,Conventional,C,9,905620354,square|xi-0.666667_eta+0.000000|C|r09,cached,230,B2,10000,230,-0.06808949701501504,-0.0744380991528615,0.48943076171495686,0.998654241433915,0.05186237620907655,GFE,0.998654241433915,0.05186237620907655,GFE
-9093.781207782487,512.9253772242794,10000,11794,62.70118469600129,False,1,Maximum number of iterations has been exceeded.,1,0.7492701132021158,0.0,True,w+,10000,False,square,Square,1,4,-0.6666666666666667,0.3333333333333332,xi-0.666667_eta+0.333333,-0.008,0.0039999999999999,0.0433333333333333,Conventional,C,6,682546510,square|xi-0.666667_eta+0.333333|C|r06,cached,297,B1,500,297,-0.07213581425948858,0.06901961110308759,-0.4624097296127326,0.9697809905765111,0.24397711023053134,GFE,0.9697809905765111,0.24397711023053134,GFE
-9093.781207782487,512.9253772242794,10000,11794,62.70118469600129,False,1,Maximum number of iterations has been exceeded.,1,0.7492701132021158,0.0,True,w+,10000,False,square,Square,1,4,-0.6666666666666667,0.3333333333333332,xi-0.666667_eta+0.333333,-0.008,0.0039999999999999,0.0433333333333333,Conventional,C,6,682546510,square|xi-0.666667_eta+0.333333|C|r06,cached,297,B1,2000,297,-0.06978721920774883,0.06836490144306347,-0.47874475054066784,0.9908150952111946,0.1352236928264843,GFE,0.9908150952111946,0.1352236928264843,GFE
-9093.781207782487,512.9253772242794,10000,11794,62.70118469600129,False,1,Maximum number of iterations has been exceeded.,1,0.7492701132021158,0.0,True,w+,10000,False,square,Square,1,4,-0.6666666666666667,0.3333333333333332,xi-0.666667_eta+0.333333,-0.008,0.0039999999999999,0.0433333333333333,Conventional,C,6,682546510,square|xi-0.666667_eta+0.333333|C|r06,cached,297,B1,10000,297,-0.07829872586870372,0.07653465978157578,-0.48637173207929874,0.9979376435454744,0.06419080615559825,GFE,0.9979376435454744,0.06419080615559825,GFE
-9068.41374722598,505.08375895745314,9660,11464,337.9357385850017,False,2,Desired error not necessarily achieved due to precision loss.,-1,0.7813770211051515,2.220446049250313e-16,True,w-,9660,True,square,Square,1,4,-0.6666666666666667,0.3333333333333332,xi-0.666667_eta+0.333333,-0.008,0.0039999999999999,0.0433333333333333,Conventional,C,5,201638251,square|xi-0.666667_eta+0.333333|C|r05,new,296,B2,500,296,-0.03176131691616403,-0.04314218547150357,0.4682976638813625,0.9703346945245065,0.2417655488319886,GFE,0.9703346945245065,0.2417655488319886,GFE
-9068.41374722598,505.08375895745314,9660,11464,337.9357385850017,False,2,Desired error not necessarily achieved due to precision loss.,-1,0.7813770211051515,2.220446049250313e-16,True,w-,9660,True,square,Square,1,4,-0.6666666666666667,0.3333333333333332,xi-0.666667_eta+0.333333,-0.008,0.0039999999999999,0.0433333333333333,Conventional,C,5,201638251,square|xi-0.666667_eta+0.333333|C|r05,new,296,B2,2000,296,-0.04158121863431854,-0.05299496513038196,0.4838264808208773,0.9907792858384491,0.13548581753620095,GFE,0.9907792858384491,0.13548581753620095,GFE
-9068.41374722598,505.08375895745314,9660,11464,337.9357385850017,False,2,Desired error not necessarily achieved due to precision loss.,-1,0.7813770211051515,2.220446049250313e-16,True,w-,9660,True,square,Square,1,4,-0.6666666666666667,0.3333333333333332,xi-0.666667_eta+0.333333,-0.008,0.0039999999999999,0.0433333333333333,Conventional,C,5,201638251,square|xi-0.666667_eta+0.333333|C|r05,new,296,B2,10000,296,-0.04823920346160013,-0.06066011152095806,0.48692685089435844,0.9973121546971034,0.07326981706965555,GFE,0.9973121546971034,0.07326981706965555,GFE
-9021.42140139556,527.1715708035383,10000,11815,175.09801171599975,False,1,Maximum number of iterations has been exceeded.,1,0.7337876139922481,0.0,True,w+,10000,False,square,Square,1,5,-0.6666666666666667,0.6666666666666665,xi-0.666667_eta+0.666667,-0.008,0.0079999999999999,0.0433333333333333,Conventional,C,6,940138240,square|xi-0.666667_eta+0.666667|C|r06,cached,367,B1,500,367,-0.08985072226015912,0.08243724982282212,-0.45221447857386643,0.9546379357615816,0.2977690575007187,GFE,0.9546379357615816,0.2977690575007187,GFE
-9021.42140139556,527.1715708035383,10000,11815,175.09801171599975,False,1,Maximum number of iterations has been exceeded.,1,0.7337876139922481,0.0,True,w+,10000,False,square,Square,1,5,-0.6666666666666667,0.6666666666666665,xi-0.666667_eta+0.666667,-0.008,0.0079999999999999,0.0433333333333333,Conventional,C,6,940138240,square|xi-0.666667_eta+0.666667|C|r06,cached,367,B1,2000,367,-0.08051178067813985,0.0731966031783018,-0.47407767002169837,0.9745013053631403,0.2243818304710425,GFE,0.9745013053631403,0.2243818304710425,GFE
-9021.42140139556,527.1715708035383,10000,11815,175.09801171599975,False,1,Maximum number of iterations has been exceeded.,1,0.7337876139922481,0.0,True,w+,10000,False,square,Square,1,5,-0.6666666666666667,0.6666666666666665,xi-0.666667_eta+0.666667,-0.008,0.0079999999999999,0.0433333333333333,Conventional,C,6,940138240,square|xi-0.666667_eta+0.666667|C|r06,cached,367,B1,10000,367,-0.09595846767086093,0.08674527369153759,-0.48224099567987916,0.987389221357066,0.1583114826785695,GFE,0.987389221357066,0.1583114826785695,GFE
-9049.97500277693,528.2306735098474,8084,9777,66.80134139599977,False,2,Desired error not necessarily achieved due to precision loss.,-1,0.7093694954552986,0.0,True,w-,8084,True,square,Square,1,5,-0.6666666666666667,0.6666666666666665,xi-0.666667_eta+0.666667,-0.008,0.0079999999999999,0.0433333333333333,Conventional,C,8,451026121,square|xi-0.666667_eta+0.666667|C|r08,new,369,B2,500,369,-0.017274664202096463,-0.0335327275440404,0.4456275301363046,0.9536330881015577,0.30097164862805054,GFE,0.9536330881015577,0.30097164862805054,GFE
-9049.97500277693,528.2306735098474,8084,9777,66.80134139599977,False,2,Desired error not necessarily achieved due to precision loss.,-1,0.7093694954552986,0.0,True,w-,8084,True,square,Square,1,5,-0.6666666666666667,0.6666666666666665,xi-0.666667_eta+0.666667,-0.008,0.0079999999999999,0.0433333333333333,Conventional,C,8,451026121,square|xi-0.666667_eta+0.666667|C|r08,new,369,B2,2000,369,-0.030756883803274647,-0.04663410373041984,0.4784847217248294,0.9837235082518434,0.1796887846046197,GFE,0.9837235082518434,0.1796887846046197,GFE
-9049.97500277693,528.2306735098474,8084,9777,66.80134139599977,False,2,Desired error not necessarily achieved due to precision loss.,-1,0.7093694954552986,0.0,True,w-,8084,True,square,Square,1,5,-0.6666666666666667,0.6666666666666665,xi-0.666667_eta+0.666667,-0.008,0.0079999999999999,0.0433333333333333,Conventional,C,8,451026121,square|xi-0.666667_eta+0.666667|C|r08,new,369,B2,10000,369,-0.0291118960381592,-0.04713344708430743,0.4820073105581051,0.9891624863108708,0.14682498314420597,GFE,0.9891624863108708,0.14682498314420597,GFE
-8946.249119151034,519.2750031550129,10000,11781,249.0216696819989,False,1,Maximum number of iterations has been exceeded.,1,0.709014603370146,0.0,True,w+,10000,False,square,Square,1,6,-0.6666666666666667,1.0,xi-0.666667_eta+1.000000,-0.008,0.012,0.0433333333333333,Conventional,C,1,73322669,square|xi-0.666667_eta+1.000000|C|r01,cached,432,B1,500,432,-0.09222809968577363,0.0716594474438711,-0.41944834066835246,0.9354558160794493,0.35344365344865314,GFE,0.9354558160794493,0.35344365344865314,GFE
-8946.249119151034,519.2750031550129,10000,11781,249.0216696819989,False,1,Maximum number of iterations has been exceeded.,1,0.709014603370146,0.0,True,w+,10000,False,square,Square,1,6,-0.6666666666666667,1.0,xi-0.666667_eta+1.000000,-0.008,0.012,0.0433333333333333,Conventional,C,1,73322669,square|xi-0.666667_eta+1.000000|C|r01,cached,432,B1,2000,432,-0.11306346161928704,0.09477655313975027,-0.4645600698796363,0.9825653983875787,0.18591728776920857,GFE,0.9825653983875787,0.18591728776920857,GFE
-8946.249119151034,519.2750031550129,10000,11781,249.0216696819989,False,1,Maximum number of iterations has been exceeded.,1,0.709014603370146,0.0,True,w+,10000,False,square,Square,1,6,-0.6666666666666667,1.0,xi-0.666667_eta+1.000000,-0.008,0.012,0.0433333333333333,Conventional,C,1,73322669,square|xi-0.666667_eta+1.000000|C|r01,cached,432,B1,10000,432,-0.11061228497359721,0.09653158017803647,-0.47679270831385917,0.9946233747943185,0.10355840049344452,GFE,0.9946233747943185,0.10355840049344452,GFE
-8971.578201745575,506.7983064076468,10000,11849,486.1022890449967,False,1,Maximum number of iterations has been exceeded.,-1,0.7776060716536368,2.220446049250313e-16,True,w-,10000,False,square,Square,1,6,-0.6666666666666667,1.0,xi-0.666667_eta+1.000000,-0.008,0.012,0.0433333333333333,Conventional,C,7,231290525,square|xi-0.666667_eta+1.000000|C|r07,cached,438,B2,500,438,-0.01867540976795966,-0.03578544007793469,0.45506385599329296,0.9708251359880046,0.2397885638096037,GFE,0.9708251359880046,0.2397885638096037,GFE
-8971.578201745575,506.7983064076468,10000,11849,486.1022890449967,False,1,Maximum number of iterations has been exceeded.,-1,0.7776060716536368,2.220446049250313e-16,True,w-,10000,False,square,Square,1,6,-0.6666666666666667,1.0,xi-0.666667_eta+1.000000,-0.008,0.012,0.0433333333333333,Conventional,C,7,231290525,square|xi-0.666667_eta+1.000000|C|r07,cached,438,B2,2000,438,-0.016698584631234772,-0.03890554502697866,0.47199592559200176,0.9921709320489279,0.1248873155975485,GFE,0.9921709320489279,0.1248873155975485,GFE
-8971.578201745575,506.7983064076468,10000,11849,486.1022890449967,False,1,Maximum number of iterations has been exceeded.,-1,0.7776060716536368,2.220446049250313e-16,True,w-,10000,False,square,Square,1,6,-0.6666666666666667,1.0,xi-0.666667_eta+1.000000,-0.008,0.012,0.0433333333333333,Conventional,C,7,231290525,square|xi-0.666667_eta+1.000000|C|r07,cached,438,B2,10000,438,-0.010648189303157526,-0.034851496874225715,0.4757618370482411,0.9971092165426014,0.07598164440047069,GFE,0.9971092165426014,0.07598164440047069,GFE
-8324.861295166436,511.3418379970389,10000,11889,76.44316792899917,False,1,Maximum number of iterations has been exceeded.,1,0.7438176750993815,0.0,True,w+,10000,False,square,Square,2,0,-0.3333333333333333,-1.0,xi-0.333333_eta-1.000000,-0.004,-0.012,0.0466666666666666,Conventional,C,8,498827338,square|xi-0.333333_eta-1.000000|C|r08,cached,28,B1,500,28,0.01557736138594341,0.0029807764575062404,-0.45199858740206,0.9597081260618779,0.28099877716957883,GFE,0.9597081260618779,0.28099877716957883,GFE
-8324.861295166436,511.3418379970389,10000,11889,76.44316792899917,False,1,Maximum number of iterations has been exceeded.,1,0.7438176750993815,0.0,True,w+,10000,False,square,Square,2,0,-0.3333333333333333,-1.0,xi-0.333333_eta-1.000000,-0.004,-0.012,0.0466666666666666,Conventional,C,8,498827338,square|xi-0.333333_eta-1.000000|C|r08,cached,28,B1,2000,28,0.024022488460554593,-0.002364761410263325,-0.47615456540045775,0.9855616130539185,0.16931717832091972,GFE,0.9855616130539185,0.16931717832091972,GFE
-8324.861295166436,511.3418379970389,10000,11889,76.44316792899917,False,1,Maximum number of iterations has been exceeded.,1,0.7438176750993815,0.0,True,w+,10000,False,square,Square,2,0,-0.3333333333333333,-1.0,xi-0.333333_eta-1.000000,-0.004,-0.012,0.0466666666666666,Conventional,C,8,498827338,square|xi-0.333333_eta-1.000000|C|r08,cached,28,B1,10000,28,0.02302869085107926,-0.0015486725644630664,-0.4801690115733392,0.9898690642901256,0.1419832228166107,GFE,0.9898690642901256,0.1419832228166107,GFE
-8321.52533158941,511.1065689811554,10000,11765,97.96580414799972,False,1,Maximum number of iterations has been exceeded.,-1,0.8052111559034768,3.3306690738754696e-16,True,w-,10000,False,square,Square,2,0,-0.3333333333333333,-1.0,xi-0.333333_eta-1.000000,-0.004,-0.012,0.0466666666666666,Conventional,C,6,611544801,square|xi-0.333333_eta-1.000000|C|r06,cached,26,B2,500,26,-0.0671744522482216,-0.05373533462533181,0.42340107075669564,0.9331825351079678,0.3594027770753399,GFE,0.9331825351079678,0.3594027770753399,GFE
-8321.52533158941,511.1065689811554,10000,11765,97.96580414799972,False,1,Maximum number of iterations has been exceeded.,-1,0.8052111559034768,3.3306690738754696e-16,True,w-,10000,False,square,Square,2,0,-0.3333333333333333,-1.0,xi-0.333333_eta-1.000000,-0.004,-0.012,0.0466666666666666,Conventional,C,6,611544801,square|xi-0.333333_eta-1.000000|C|r06,cached,26,B2,2000,26,-0.08205231091390942,-0.06684654843098156,0.46346016059795336,0.9834725896570152,0.1810570777222591,GFE,0.9834725896570152,0.1810570777222591,GFE
-8321.52533158941,511.1065689811554,10000,11765,97.96580414799972,False,1,Maximum number of iterations has been exceeded.,-1,0.8052111559034768,3.3306690738754696e-16,True,w-,10000,False,square,Square,2,0,-0.3333333333333333,-1.0,xi-0.333333_eta-1.000000,-0.004,-0.012,0.0466666666666666,Conventional,C,6,611544801,square|xi-0.333333_eta-1.000000|C|r06,cached,26,B2,10000,26,-0.08392005476999363,-0.06542211307985081,0.4757753782812927,0.9958622446536807,0.09087568251921248,GFE,0.9958622446536807,0.09087568251921248,GFE
-8455.380689639902,523.8240050411075,10000,11867,83.70059661699997,False,1,Maximum number of iterations has been exceeded.,1,0.7849463888214576,4.440892098500626e-16,True,w+,10000,False,square,Square,2,1,-0.3333333333333333,-0.6666666666666667,xi-0.333333_eta-0.666667,-0.004,-0.008,0.0466666666666666,Conventional,C,7,316431566,square|xi-0.333333_eta-0.666667|C|r07,cached,97,B1,500,97,0.009372433743868121,0.005899666025369422,-0.4602367908724741,0.9670347767857707,0.2546443411640924,GFE,0.9670347767857707,0.2546443411640924,GFE
-8455.380689639902,523.8240050411075,10000,11867,83.70059661699997,False,1,Maximum number of iterations has been exceeded.,1,0.7849463888214576,4.440892098500626e-16,True,w+,10000,False,square,Square,2,1,-0.3333333333333333,-0.6666666666666667,xi-0.333333_eta-0.666667,-0.004,-0.008,0.0466666666666666,Conventional,C,7,316431566,square|xi-0.333333_eta-0.666667|C|r07,cached,97,B1,2000,97,0.014045995227029028,0.0022116112418589153,-0.48362916558598545,0.9901758488178684,0.1398277097638873,GFE,0.9901758488178684,0.1398277097638873,GFE
-8455.380689639902,523.8240050411075,10000,11867,83.70059661699997,False,1,Maximum number of iterations has been exceeded.,1,0.7849463888214576,4.440892098500626e-16,True,w+,10000,False,square,Square,2,1,-0.3333333333333333,-0.6666666666666667,xi-0.333333_eta-0.666667,-0.004,-0.008,0.0466666666666666,Conventional,C,7,316431566,square|xi-0.333333_eta-0.666667|C|r07,cached,97,B1,10000,97,0.013860526551099182,0.0022864947414199597,-0.48678345484069413,0.9948284031086694,0.10156991861892402,GFE,0.9948284031086694,0.10156991861892402,GFE
-8420.16112316409,524.8696552810256,10000,11749,196.2545480299996,False,1,Maximum number of iterations has been exceeded.,-1,0.7837654678934355,2.220446049250313e-16,True,w-,10000,False,square,Square,2,1,-0.3333333333333333,-0.6666666666666667,xi-0.333333_eta-0.666667,-0.004,-0.008,0.0466666666666666,Conventional,C,9,287182643,square|xi-0.333333_eta-0.666667|C|r09,cached,99,B2,500,99,-0.054528117131581684,-0.04347108178148935,0.45404755140000863,0.9613386426794717,0.2753688691395436,GFE,0.9613386426794717,0.2753688691395436,GFE
-8420.16112316409,524.8696552810256,10000,11749,196.2545480299996,False,1,Maximum number of iterations has been exceeded.,-1,0.7837654678934355,2.220446049250313e-16,True,w-,10000,False,square,Square,2,1,-0.3333333333333333,-0.6666666666666667,xi-0.333333_eta-0.666667,-0.004,-0.008,0.0466666666666666,Conventional,C,9,287182643,square|xi-0.333333_eta-0.666667|C|r09,cached,99,B2,2000,99,-0.06714942413728192,-0.05709311719596488,0.47416863003214527,0.9847811818905442,0.17379880262609074,GFE,0.9847811818905442,0.17379880262609074,GFE
-8420.16112316409,524.8696552810256,10000,11749,196.2545480299996,False,1,Maximum number of iterations has been exceeded.,-1,0.7837654678934355,2.220446049250313e-16,True,w-,10000,False,square,Square,2,1,-0.3333333333333333,-0.6666666666666667,xi-0.333333_eta-0.666667,-0.004,-0.008,0.0466666666666666,Conventional,C,9,287182643,square|xi-0.333333_eta-0.666667|C|r09,cached,99,B2,10000,99,-0.06674450989441481,-0.0567655411099403,0.4835017610818014,0.9951162882358454,0.09870953797741068,GFE,0.9951162882358454,0.09870953797741068,GFE
-8481.310792388262,503.4934877682835,10000,11817,95.65095412500524,False,1,Maximum number of iterations has been exceeded.,1,0.8034091146372008,0.0,True,w+,10000,False,square,Square,2,2,-0.3333333333333333,-0.3333333333333333,xi-0.333333_eta-0.333333,-0.004,-0.004,0.0466666666666666,Conventional,C,0,143699840,square|xi-0.333333_eta-0.333333|C|r00,cached,161,B1,500,161,-0.005731933536000614,0.009950055613542433,-0.4487702189399377,0.9441929752890548,0.3293928132409728,GFE,0.9441929752890548,0.3293928132409728,GFE
-8481.310792388262,503.4934877682835,10000,11817,95.65095412500524,False,1,Maximum number of iterations has been exceeded.,1,0.8034091146372008,0.0,True,w+,10000,False,square,Square,2,2,-0.3333333333333333,-0.3333333333333333,xi-0.333333_eta-0.333333,-0.004,-0.004,0.0466666666666666,Conventional,C,0,143699840,square|xi-0.333333_eta-0.333333|C|r00,cached,161,B1,2000,161,-0.004596680403279161,0.014159732030597675,-0.48622695128230636,0.9890308089999982,0.14770937292131858,GFE,0.9890308089999982,0.14770937292131858,GFE
-8481.310792388262,503.4934877682835,10000,11817,95.65095412500524,False,1,Maximum number of iterations has been exceeded.,1,0.8034091146372008,0.0,True,w+,10000,False,square,Square,2,2,-0.3333333333333333,-0.3333333333333333,xi-0.333333_eta-0.333333,-0.004,-0.004,0.0466666666666666,Conventional,C,0,143699840,square|xi-0.333333_eta-0.333333|C|r00,cached,161,B1,10000,161,-0.002743975440915945,0.013424660969568679,-0.4913535105649183,0.9966910255929119,0.08128345159101816,GFE,0.9966910255929119,0.08128345159101816,GFE
-8479.928027548054,509.0790096611504,8197,9780,56.0694818760021,False,2,Desired error not necessarily achieved due to precision loss.,-1,0.8010239629633367,0.0,True,w-,8197,True,square,Square,2,2,-0.3333333333333333,-0.3333333333333333,xi-0.333333_eta-0.333333,-0.004,-0.004,0.0466666666666666,Conventional,C,2,334563589,square|xi-0.333333_eta-0.333333|C|r02,new,163,B2,500,163,-0.02936058228954858,-0.0261397637148306,0.46950438392759325,0.9710394643674418,0.23891914666052122,GFE,0.9710394643674418,0.23891914666052122,GFE
-8479.928027548054,509.0790096611504,8197,9780,56.0694818760021,False,2,Desired error not necessarily achieved due to precision loss.,-1,0.8010239629633367,0.0,True,w-,8197,True,square,Square,2,2,-0.3333333333333333,-0.3333333333333333,xi-0.333333_eta-0.333333,-0.004,-0.004,0.0466666666666666,Conventional,C,2,334563589,square|xi-0.333333_eta-0.333333|C|r02,new,163,B2,2000,163,-0.05123822859419043,-0.0471915891800248,0.4879782795438499,0.9937891036893767,0.111279905590656,GFE,0.9937891036893767,0.111279905590656,GFE
-8479.928027548054,509.0790096611504,8197,9780,56.0694818760021,False,2,Desired error not necessarily achieved due to precision loss.,-1,0.8010239629633367,0.0,True,w-,8197,True,square,Square,2,2,-0.3333333333333333,-0.3333333333333333,xi-0.333333_eta-0.333333,-0.004,-0.004,0.0466666666666666,Conventional,C,2,334563589,square|xi-0.333333_eta-0.333333|C|r02,new,163,B2,10000,163,-0.05477644708698746,-0.0501887272272211,0.49049196720818367,0.9972682739141682,0.07386467250489681,GFE,0.9972682739141682,0.07386467250489681,GFE
-8481.19025415998,498.9071166141111,10000,11764,67.9046706980007,False,1,Maximum number of iterations has been exceeded.,1,0.8120141599959979,0.0,True,w+,10000,False,square,Square,2,3,-0.3333333333333333,0.0,xi-0.333333_eta+0.000000,-0.004,0.0,0.0466666666666666,Conventional,C,1,659524972,square|xi-0.333333_eta+0.000000|C|r01,cached,232,B1,500,232,-0.019418255293155468,0.02408334093543588,-0.4630886761441672,0.9612569503607222,0.27565390507519383,GFE,0.9612569503607222,0.27565390507519383,GFE
-8481.19025415998,498.9071166141111,10000,11764,67.9046706980007,False,1,Maximum number of iterations has been exceeded.,1,0.8120141599959979,0.0,True,w+,10000,False,square,Square,2,3,-0.3333333333333333,0.0,xi-0.333333_eta+0.000000,-0.004,0.0,0.0466666666666666,Conventional,C,1,659524972,square|xi-0.333333_eta+0.000000|C|r01,cached,232,B1,2000,232,-0.034186742758828804,0.0379194021963884,-0.48724989023634835,0.9890115147659532,0.14783850533725906,GFE,0.9890115147659532,0.14783850533725906,GFE
-8481.19025415998,498.9071166141111,10000,11764,67.9046706980007,False,1,Maximum number of iterations has been exceeded.,1,0.8120141599959979,0.0,True,w+,10000,False,square,Square,2,3,-0.3333333333333333,0.0,xi-0.333333_eta+0.000000,-0.004,0.0,0.0466666666666666,Conventional,C,1,659524972,square|xi-0.333333_eta+0.000000|C|r01,cached,232,B1,10000,232,-0.03413916959095537,0.03696744267379201,-0.49243834091353333,0.9952655259981623,0.0971932752797295,GFE,0.9952655259981623,0.0971932752797295,GFE
-8467.115714161258,497.07451792325696,10000,11752,63.39857908500562,False,1,Maximum number of iterations has been exceeded.,-1,0.805083878906557,2.220446049250313e-16,True,w-,10000,False,square,Square,2,3,-0.3333333333333333,0.0,xi-0.333333_eta+0.000000,-0.004,0.0,0.0466666666666666,Conventional,C,5,404270058,square|xi-0.333333_eta+0.000000|C|r05,cached,236,B2,500,236,-0.008941418555314336,-0.012382624532020254,0.4362226653800128,0.9298570128212134,0.3679210998396394,GFE,0.9298570128212134,0.3679210998396394,GFE
-8467.115714161258,497.07451792325696,10000,11752,63.39857908500562,False,1,Maximum number of iterations has been exceeded.,-1,0.805083878906557,2.220446049250313e-16,True,w-,10000,False,square,Square,2,3,-0.3333333333333333,0.0,xi-0.333333_eta+0.000000,-0.004,0.0,0.0466666666666666,Conventional,C,5,404270058,square|xi-0.333333_eta+0.000000|C|r05,cached,236,B2,2000,236,-0.027015911602649902,-0.030432701184392816,0.4818176906306373,0.9802802154964279,0.1976124973433538,GFE,0.9802802154964279,0.1976124973433538,GFE
-8467.115714161258,497.07451792325696,10000,11752,63.39857908500562,False,1,Maximum number of iterations has been exceeded.,-1,0.805083878906557,2.220446049250313e-16,True,w-,10000,False,square,Square,2,3,-0.3333333333333333,0.0,xi-0.333333_eta+0.000000,-0.004,0.0,0.0466666666666666,Conventional,C,5,404270058,square|xi-0.333333_eta+0.000000|C|r05,cached,236,B2,10000,236,-0.031870429331919976,-0.035504054330934294,0.49104625556854625,0.993257004849927,0.11593326665177743,GFE,0.993257004849927,0.11593326665177743,GFE
-8476.184170737159,506.38174268679086,9258,11026,310.0347427320012,False,2,Desired error not necessarily achieved due to precision loss.,1,0.7580623335078847,2.220446049250313e-16,True,w+,9258,True,square,Square,2,4,-0.3333333333333333,0.3333333333333332,xi-0.333333_eta+0.333333,-0.004,0.0039999999999999,0.0466666666666666,Conventional,C,5,60802521,square|xi-0.333333_eta+0.333333|C|r05,new,306,B1,500,306,-0.041143061667760696,0.03884387530932518,-0.44920969328671556,0.9500822366368774,0.3119995891456725,GFE,0.9500822366368774,0.3119995891456725,GFE
-8476.184170737159,506.38174268679086,9258,11026,310.0347427320012,False,2,Desired error not necessarily achieved due to precision loss.,1,0.7580623335078847,2.220446049250313e-16,True,w+,9258,True,square,Square,2,4,-0.3333333333333333,0.3333333333333332,xi-0.333333_eta+0.333333,-0.004,0.0039999999999999,0.0466666666666666,Conventional,C,5,60802521,square|xi-0.333333_eta+0.333333|C|r05,new,306,B1,2000,306,-0.04820451945198232,0.04646148441564019,-0.48070131641133307,0.9847203874069465,0.1741429258543491,GFE,0.9847203874069465,0.1741429258543491,GFE
-8476.184170737159,506.38174268679086,9258,11026,310.0347427320012,False,2,Desired error not necessarily achieved due to precision loss.,1,0.7580623335078847,2.220446049250313e-16,True,w+,9258,True,square,Square,2,4,-0.3333333333333333,0.3333333333333332,xi-0.333333_eta+0.333333,-0.004,0.0039999999999999,0.0466666666666666,Conventional,C,5,60802521,square|xi-0.333333_eta+0.333333|C|r05,new,306,B1,10000,306,-0.04753446470418279,0.0444400001941947,-0.4903512531372197,0.9977774322918941,0.06663479278120904,GFE,0.9977774322918941,0.06663479278120904,GFE
-8471.125131195897,477.3810873909213,10000,11784,166.17312199400476,False,1,Maximum number of iterations has been exceeded.,-1,0.8229156285043355,0.0,True,w-,10000,False,square,Square,2,4,-0.3333333333333333,0.3333333333333332,xi-0.333333_eta+0.333333,-0.004,0.0039999999999999,0.0466666666666666,Conventional,C,3,601255829,square|xi-0.333333_eta+0.333333|C|r03,cached,304,B2,500,304,-2.509368179645586e-05,-0.0077243047927127795,0.44917758041767236,0.9479668440557429,0.31836906660508757,GFE,0.9479668440557429,0.31836906660508757,GFE
-8471.125131195897,477.3810873909213,10000,11784,166.17312199400476,False,1,Maximum number of iterations has been exceeded.,-1,0.8229156285043355,0.0,True,w-,10000,False,square,Square,2,4,-0.3333333333333333,0.3333333333333332,xi-0.333333_eta+0.333333,-0.004,0.0039999999999999,0.0466666666666666,Conventional,C,3,601255829,square|xi-0.333333_eta+0.333333|C|r03,cached,304,B2,2000,304,-0.00436750591195614,-0.015900294403747333,0.4815007365625624,0.9838826219148338,0.17881550909804272,GFE,0.9838826219148338,0.17881550909804272,GFE
-8471.125131195897,477.3810873909213,10000,11784,166.17312199400476,False,1,Maximum number of iterations has been exceeded.,-1,0.8229156285043355,0.0,True,w-,10000,False,square,Square,2,4,-0.3333333333333333,0.3333333333333332,xi-0.333333_eta+0.333333,-0.004,0.0039999999999999,0.0466666666666666,Conventional,C,3,601255829,square|xi-0.333333_eta+0.333333|C|r03,cached,304,B2,10000,304,-0.00691461903496949,-0.01831882627207948,0.48973338758304114,0.9945204038938775,0.10454265272489849,GFE,0.9945204038938775,0.10454265272489849,GFE
-8417.942856787518,501.9896451930053,10000,11791,71.20910272499896,False,1,Maximum number of iterations has been exceeded.,1,0.724994166397259,0.0,True,w+,10000,False,square,Square,2,5,-0.3333333333333333,0.6666666666666665,xi-0.333333_eta+0.666667,-0.004,0.0079999999999999,0.0466666666666666,Conventional,C,6,666844207,square|xi-0.333333_eta+0.666667|C|r06,cached,377,B1,500,377,-0.055143250166041984,0.04349575822211438,-0.4510939206156357,0.9545015712088847,0.2982058861923594,GFE,0.9545015712088847,0.2982058861923594,GFE
-8417.942856787518,501.9896451930053,10000,11791,71.20910272499896,False,1,Maximum number of iterations has been exceeded.,1,0.724994166397259,0.0,True,w+,10000,False,square,Square,2,5,-0.3333333333333333,0.6666666666666665,xi-0.333333_eta+0.666667,-0.004,0.0079999999999999,0.0466666666666666,Conventional,C,6,666844207,square|xi-0.333333_eta+0.666667|C|r06,cached,377,B1,2000,377,-0.060572768293269665,0.05027925938302913,-0.4789016121725303,0.9886546656779951,0.1502063648223061,GFE,0.9886546656779951,0.1502063648223061,GFE
-8417.942856787518,501.9896451930053,10000,11791,71.20910272499896,False,1,Maximum number of iterations has been exceeded.,1,0.724994166397259,0.0,True,w+,10000,False,square,Square,2,5,-0.3333333333333333,0.6666666666666665,xi-0.333333_eta+0.666667,-0.004,0.0079999999999999,0.0466666666666666,Conventional,C,6,666844207,square|xi-0.333333_eta+0.666667|C|r06,cached,377,B1,10000,377,-0.06626607234686475,0.05637905580338357,-0.4852988166975978,0.9951990860446396,0.0978712375313304,GFE,0.9951990860446396,0.0978712375313304,GFE
-8470.60728381353,491.12432987426666,6582,7980,54.981783579001785,False,2,Desired error not necessarily achieved due to precision loss.,-1,0.8377641435535149,2.220446049250313e-16,True,w-,6582,True,square,Square,2,5,-0.3333333333333333,0.6666666666666665,xi-0.333333_eta+0.666667,-0.004,0.0079999999999999,0.0466666666666666,Conventional,C,8,116943474,square|xi-0.333333_eta+0.666667|C|r08,new,379,B2,500,379,0.01678554533950554,0.0006700350367432795,0.4711282057450661,0.9822340802000896,0.18765982972784526,GFE,0.9822340802000896,0.18765982972784526,GFE
-8470.60728381353,491.12432987426666,6582,7980,54.981783579001785,False,2,Desired error not necessarily achieved due to precision loss.,-1,0.8377641435535149,2.220446049250313e-16,True,w-,6582,True,square,Square,2,5,-0.3333333333333333,0.6666666666666665,xi-0.333333_eta+0.666667,-0.004,0.0079999999999999,0.0466666666666666,Conventional,C,8,116943474,square|xi-0.333333_eta+0.666667|C|r08,new,379,B2,2000,379,0.007109864015619585,-0.009426190421767885,0.48390249340338287,0.9968281567774608,0.07958408041593497,GFE,0.9968281567774608,0.07958408041593497,GFE
-8470.60728381353,491.12432987426666,6582,7980,54.981783579001785,False,2,Desired error not necessarily achieved due to precision loss.,-1,0.8377641435535149,2.220446049250313e-16,True,w-,6582,True,square,Square,2,5,-0.3333333333333333,0.6666666666666665,xi-0.333333_eta+0.666667,-0.004,0.0079999999999999,0.0466666666666666,Conventional,C,8,116943474,square|xi-0.333333_eta+0.666667|C|r08,new,379,B2,10000,379,0.007282520810737619,-0.009275547015838383,0.48468871025372556,0.9976528417331694,0.06847486678871102,GFE,0.9976528417331694,0.06847486678871102,GFE
-8331.981629669273,515.4708629384692,10000,11783,137.62423600799957,False,1,Maximum number of iterations has been exceeded.,1,0.8336330503280158,2.220446049250313e-16,True,w+,10000,False,square,Square,2,6,-0.3333333333333333,1.0,xi-0.333333_eta+1.000000,-0.004,0.012,0.0466666666666666,Conventional,C,8,404539293,square|xi-0.333333_eta+1.000000|C|r08,cached,449,B1,500,449,-0.07111447210652443,0.05305180731231149,-0.43855908171475594,0.9487408905316697,0.31605493609999896,GFE,0.9487408905316697,0.31605493609999896,GFE
-8331.981629669273,515.4708629384692,10000,11783,137.62423600799957,False,1,Maximum number of iterations has been exceeded.,1,0.8336330503280158,2.220446049250313e-16,True,w+,10000,False,square,Square,2,6,-0.3333333333333333,1.0,xi-0.333333_eta+1.000000,-0.004,0.012,0.0466666666666666,Conventional,C,8,404539293,square|xi-0.333333_eta+1.000000|C|r08,cached,449,B1,2000,449,-0.08165314413230317,0.06204771985804754,-0.47466807641386954,0.9877741384876636,0.15589179367418288,GFE,0.9877741384876636,0.15589179367418288,GFE
-8331.981629669273,515.4708629384692,10000,11783,137.62423600799957,False,1,Maximum number of iterations has been exceeded.,1,0.8336330503280158,2.220446049250313e-16,True,w+,10000,False,square,Square,2,6,-0.3333333333333333,1.0,xi-0.333333_eta+1.000000,-0.004,0.012,0.0466666666666666,Conventional,C,8,404539293,square|xi-0.333333_eta+1.000000|C|r08,cached,449,B1,10000,449,-0.08176540775600227,0.06310027982215977,-0.47854401269506136,0.996580091067159,0.08263245178846623,GFE,0.996580091067159,0.08263245178846623,GFE
-8340.522703052571,533.2723636160199,10000,11893,135.22071374199732,False,1,Maximum number of iterations has been exceeded.,-1,0.7827456672932883,3.3306690738754696e-16,True,w-,10000,False,square,Square,2,6,-0.3333333333333333,1.0,xi-0.333333_eta+1.000000,-0.004,0.012,0.0466666666666666,Conventional,C,7,968436360,square|xi-0.333333_eta+1.000000|C|r07,cached,448,B2,500,448,0.023927076521192633,0.004829334656369722,0.45122408130482233,0.9600294316460732,0.2798990717621578,GFE,0.9600294316460732,0.2798990717621578,GFE
-8340.522703052571,533.2723636160199,10000,11893,135.22071374199732,False,1,Maximum number of iterations has been exceeded.,-1,0.7827456672932883,3.3306690738754696e-16,True,w-,10000,False,square,Square,2,6,-0.3333333333333333,1.0,xi-0.333333_eta+1.000000,-0.004,0.012,0.0466666666666666,Conventional,C,7,968436360,square|xi-0.333333_eta+1.000000|C|r07,cached,448,B2,2000,448,0.024838981079059543,0.004146099387442439,0.4772880467815444,0.984519096344782,0.17527734860059344,GFE,0.984519096344782,0.17527734860059344,GFE
-8340.522703052571,533.2723636160199,10000,11893,135.22071374199732,False,1,Maximum number of iterations has been exceeded.,-1,0.7827456672932883,3.3306690738754696e-16,True,w-,10000,False,square,Square,2,6,-0.3333333333333333,1.0,xi-0.333333_eta+1.000000,-0.004,0.012,0.0466666666666666,Conventional,C,7,968436360,square|xi-0.333333_eta+1.000000|C|r07,cached,448,B2,10000,448,0.023238688492888883,0.0033113437522540056,0.4793761817929543,0.9908740526863158,0.13479099269979553,GFE,0.9908740526863158,0.13479099269979553,GFE
-7754.210057542726,511.2846281373076,10000,11817,85.14758096699734,False,1,Maximum number of iterations has been exceeded.,1,0.8244398700262384,0.0,True,w+,10000,False,square,Square,3,0,0.0,-1.0,xi+0.000000_eta-1.000000,0.0,-0.012,0.05,Conventional,C,0,500345849,square|xi+0.000000_eta-1.000000|C|r00,cached,30,B1,500,30,0.02441194065719199,-0.007535478764204539,-0.4216837268461386,0.926760307353635,0.3756532080440628,GFE,0.926760307353635,0.3756532080440628,GFE
-7754.210057542726,511.2846281373076,10000,11817,85.14758096699734,False,1,Maximum number of iterations has been exceeded.,1,0.8244398700262384,0.0,True,w+,10000,False,square,Square,3,0,0.0,-1.0,xi+0.000000_eta-1.000000,0.0,-0.012,0.05,Conventional,C,0,500345849,square|xi+0.000000_eta-1.000000|C|r00,cached,30,B1,2000,30,0.03269930253889746,-0.015395303981435205,-0.46816167045105955,0.9808498240908564,0.19476555799456952,GFE,0.9808498240908564,0.19476555799456952,GFE
-7754.210057542726,511.2846281373076,10000,11817,85.14758096699734,False,1,Maximum number of iterations has been exceeded.,1,0.8244398700262384,0.0,True,w+,10000,False,square,Square,3,0,0.0,-1.0,xi+0.000000_eta-1.000000,0.0,-0.012,0.05,Conventional,C,0,500345849,square|xi+0.000000_eta-1.000000|C|r00,cached,30,B1,10000,30,0.050087831290436514,-0.031068689172055425,-0.4787869528152099,0.9940551006545584,0.1088781744090883,GFE,0.9940551006545584,0.1088781744090883,GFE
-7765.019240116962,495.7309968611371,10000,11802,62.91947487600192,False,1,Maximum number of iterations has been exceeded.,-1,0.8209129942813507,3.3306690738754696e-16,True,w-,10000,False,square,Square,3,0,0.0,-1.0,xi+0.000000_eta-1.000000,0.0,-0.012,0.05,Conventional,C,6,501868986,square|xi+0.000000_eta-1.000000|C|r06,cached,36,B2,500,36,-0.034961247022554647,-0.017468259032664493,0.40358370291017526,0.9168052010037523,0.3993347260287657,GFE,0.9168052010037523,0.3993347260287657,GFE
-7765.019240116962,495.7309968611371,10000,11802,62.91947487600192,False,1,Maximum number of iterations has been exceeded.,-1,0.8209129942813507,3.3306690738754696e-16,True,w-,10000,False,square,Square,3,0,0.0,-1.0,xi+0.000000_eta-1.000000,0.0,-0.012,0.05,Conventional,C,6,501868986,square|xi+0.000000_eta-1.000000|C|r06,cached,36,B2,2000,36,-0.054663873074924235,-0.03400295425138768,0.4660286197367303,0.9812287692357476,0.1928473552426891,GFE,0.9812287692357476,0.1928473552426891,GFE
-7765.019240116962,495.7309968611371,10000,11802,62.91947487600192,False,1,Maximum number of iterations has been exceeded.,-1,0.8209129942813507,3.3306690738754696e-16,True,w-,10000,False,square,Square,3,0,0.0,-1.0,xi+0.000000_eta-1.000000,0.0,-0.012,0.05,Conventional,C,6,501868986,square|xi+0.000000_eta-1.000000|C|r06,cached,36,B2,10000,36,-0.03917514458666304,-0.01827702502053978,0.47922626712931327,0.9971801393296071,0.07504511793971211,GFE,0.9971801393296071,0.07504511793971211,GFE
-7856.938048815431,494.9885511255838,7554,9099,52.51954247999674,False,2,Desired error not necessarily achieved due to precision loss.,1,0.8137466273916742,0.0,True,w+,7554,True,square,Square,3,1,0.0,-0.6666666666666667,xi+0.000000_eta-0.666667,0.0,-0.008,0.05,Conventional,C,0,917309121,square|xi+0.000000_eta-0.666667|C|r00,new,100,B1,500,100,0.02886312676044533,-0.018562470682301956,-0.43741085591305273,0.9374496538535744,0.3481208791351268,GFE,0.9374496538535744,0.3481208791351268,GFE
-7856.938048815431,494.9885511255838,7554,9099,52.51954247999674,False,2,Desired error not necessarily achieved due to precision loss.,1,0.8137466273916742,0.0,True,w+,7554,True,square,Square,3,1,0.0,-0.6666666666666667,xi+0.000000_eta-0.666667,0.0,-0.008,0.05,Conventional,C,0,917309121,square|xi+0.000000_eta-0.666667|C|r00,new,100,B1,2000,100,0.04195792290635817,-0.03073730466065273,-0.47910370730672475,0.9920162296723514,0.12611026947339615,GFE,0.9920162296723514,0.12611026947339615,GFE
-7856.938048815431,494.9885511255838,7554,9099,52.51954247999674,False,2,Desired error not necessarily achieved due to precision loss.,1,0.8137466273916742,0.0,True,w+,7554,True,square,Square,3,1,0.0,-0.6666666666666667,xi+0.000000_eta-0.666667,0.0,-0.008,0.05,Conventional,C,0,917309121,square|xi+0.000000_eta-0.666667|C|r00,new,100,B1,10000,100,0.04247551934170147,-0.030374983602845684,-0.48411118568081796,0.9973945240279113,0.0721398879894911,GFE,0.9973945240279113,0.0721398879894911,GFE
-7797.498956125092,498.0321573947505,10000,11816,172.76492951199907,False,1,Maximum number of iterations has been exceeded.,-1,0.7547353123171678,0.0,True,w-,10000,False,square,Square,3,1,0.0,-0.6666666666666667,xi+0.000000_eta-0.666667,0.0,-0.008,0.05,Conventional,C,3,743619750,square|xi+0.000000_eta-0.666667|C|r03,cached,103,B2,500,103,-0.02898797350444222,-0.020049382696236656,0.45533229341092846,0.9573269024518719,0.28900726953124234,GFE,0.9573269024518719,0.28900726953124234,GFE
-7797.498956125092,498.0321573947505,10000,11816,172.76492951199907,False,1,Maximum number of iterations has been exceeded.,-1,0.7547353123171678,0.0,True,w-,10000,False,square,Square,3,1,0.0,-0.6666666666666667,xi+0.000000_eta-0.666667,0.0,-0.008,0.05,Conventional,C,3,743619750,square|xi+0.000000_eta-0.666667|C|r03,cached,103,B2,2000,103,-0.034787342542315934,-0.022532098724724982,0.47872631502867435,0.9817045266827122,0.19041066748129407,GFE,0.9817045266827122,0.19041066748129407,GFE
-7797.498956125092,498.0321573947505,10000,11816,172.76492951199907,False,1,Maximum number of iterations has been exceeded.,-1,0.7547353123171678,0.0,True,w-,10000,False,square,Square,3,1,0.0,-0.6666666666666667,xi+0.000000_eta-0.666667,0.0,-0.008,0.05,Conventional,C,3,743619750,square|xi+0.000000_eta-0.666667|C|r03,cached,103,B2,10000,103,-0.03165936027323841,-0.019798643369169675,0.48016072043833014,0.9852291650082162,0.17124103602002969,GFE,0.9852291650082162,0.17124103602002969,GFE
-7841.401347348354,502.4800128727776,10000,11790,60.86087435700029,False,1,Maximum number of iterations has been exceeded.,1,0.779155242831681,2.220446049250313e-16,True,w+,10000,False,square,Square,3,2,0.0,-0.3333333333333333,xi+0.000000_eta-0.333333,0.0,-0.004,0.05,Conventional,C,7,76488506,square|xi+0.000000_eta-0.333333|C|r07,cached,178,B1,500,178,0.0070725778935886805,-0.006300631316518595,-0.45215771877677396,0.9412954837318076,0.33758378560899854,GFE,0.9412954837318076,0.33758378560899854,GFE
-7841.401347348354,502.4800128727776,10000,11790,60.86087435700029,False,1,Maximum number of iterations has been exceeded.,1,0.779155242831681,2.220446049250313e-16,True,w+,10000,False,square,Square,3,2,0.0,-0.3333333333333333,xi+0.000000_eta-0.333333,0.0,-0.004,0.05,Conventional,C,7,76488506,square|xi+0.000000_eta-0.333333|C|r07,cached,178,B1,2000,178,0.014816339556035271,-0.01093177206188669,-0.47867285155689526,0.9715543760013593,0.23681658403205078,GFE,0.9715543760013593,0.23681658403205078,GFE
-7841.401347348354,502.4800128727776,10000,11790,60.86087435700029,False,1,Maximum number of iterations has been exceeded.,1,0.779155242831681,2.220446049250313e-16,True,w+,10000,False,square,Square,3,2,0.0,-0.3333333333333333,xi+0.000000_eta-0.333333,0.0,-0.004,0.05,Conventional,C,7,76488506,square|xi+0.000000_eta-0.333333|C|r07,cached,178,B1,10000,178,0.024247483996411922,-0.018737958634188222,-0.48815330396767453,0.9860464735712816,0.16647027349541985,GFE,0.9860464735712816,0.16647027349541985,GFE
-7885.726107383699,520.6470628921667,9258,10971,299.6931071929939,False,2,Desired error not necessarily achieved due to precision loss.,-1,0.813156901942165,2.220446049250313e-16,True,w-,9258,True,square,Square,3,2,0.0,-0.3333333333333333,xi+0.000000_eta-0.333333,0.0,-0.004,0.05,Conventional,C,9,182254540,square|xi+0.000000_eta-0.333333|C|r09,new,180,B2,500,180,-0.005978631174109558,-0.001175846170225058,0.4408184394860785,0.9300259730453966,0.36749379513260255,GFE,0.9300259730453966,0.36749379513260255,GFE
-7885.726107383699,520.6470628921667,9258,10971,299.6931071929939,False,2,Desired error not necessarily achieved due to precision loss.,-1,0.813156901942165,2.220446049250313e-16,True,w-,9258,True,square,Square,3,2,0.0,-0.3333333333333333,xi+0.000000_eta-0.333333,0.0,-0.004,0.05,Conventional,C,9,182254540,square|xi+0.000000_eta-0.333333|C|r09,new,180,B2,2000,180,-0.015902674234098278,-0.00838125014053747,0.48611214714263884,0.9897291855073329,0.14295502563740614,GFE,0.9897291855073329,0.14295502563740614,GFE
-7885.726107383699,520.6470628921667,9258,10971,299.6931071929939,False,2,Desired error not necessarily achieved due to precision loss.,-1,0.813156901942165,2.220446049250313e-16,True,w-,9258,True,square,Square,3,2,0.0,-0.3333333333333333,xi+0.000000_eta-0.333333,0.0,-0.004,0.05,Conventional,C,9,182254540,square|xi+0.000000_eta-0.333333|C|r09,new,180,B2,10000,180,-0.014153879545148953,-0.005926940771478008,0.49176435670040813,0.9977090006978137,0.06765168088503115,GFE,0.9977090006978137,0.06765168088503115,GFE
-7888.947586389794,508.6114634313145,9234,10888,381.4336167959991,False,2,Desired error not necessarily achieved due to precision loss.,1,0.8312844715905845,0.0,True,w+,9234,True,square,Square,3,3,0.0,0.0,xi+0.000000_eta+0.000000,0.0,0.0,0.05,Conventional,C,2,469986874,square|xi+0.000000_eta+0.000000|C|r02,new,243,B1,500,243,0.018657504166063987,-0.018457422745031947,-0.4577091637304375,0.9557402352901068,0.29421183294968156,GFE,0.9557402352901068,0.29421183294968156,GFE
-7888.947586389794,508.6114634313145,9234,10888,381.4336167959991,False,2,Desired error not necessarily achieved due to precision loss.,1,0.8312844715905845,0.0,True,w+,9234,True,square,Square,3,3,0.0,0.0,xi+0.000000_eta+0.000000,0.0,0.0,0.05,Conventional,C,2,469986874,square|xi+0.000000_eta+0.000000|C|r02,new,243,B1,2000,243,0.006351309733962176,-0.006263543942600988,-0.4911008910930003,0.9937885134830096,0.11128517632295022,GFE,0.9937885134830096,0.11128517632295022,GFE
-7888.947586389794,508.6114634313145,9234,10888,381.4336167959991,False,2,Desired error not necessarily achieved due to precision loss.,1,0.8312844715905845,0.0,True,w+,9234,True,square,Square,3,3,0.0,0.0,xi+0.000000_eta+0.000000,0.0,0.0,0.05,Conventional,C,2,469986874,square|xi+0.000000_eta+0.000000|C|r02,new,243,B1,10000,243,0.006584826045584282,-0.007202044655654629,-0.49424999709643924,0.9975877057421635,0.06941735627410901,GFE,0.9975877057421635,0.06941735627410901,GFE
-7848.536763582208,517.2958165925446,10000,11792,110.60903639400205,False,1,Maximum number of iterations has been exceeded.,-1,0.8586526826348695,0.0,True,w-,10000,False,square,Square,3,3,0.0,0.0,xi+0.000000_eta+0.000000,0.0,0.0,0.05,Conventional,C,9,519693606,square|xi+0.000000_eta+0.000000|C|r09,cached,250,B2,500,250,-0.0032712152980916747,-0.00031532605661479537,0.4561115172022113,0.9559316972387008,0.2935891520719677,GFE,0.9559316972387008,0.2935891520719677,GFE
-7848.536763582208,517.2958165925446,10000,11792,110.60903639400205,False,1,Maximum number of iterations has been exceeded.,-1,0.8586526826348695,0.0,True,w-,10000,False,square,Square,3,3,0.0,0.0,xi+0.000000_eta+0.000000,0.0,0.0,0.05,Conventional,C,9,519693606,square|xi+0.000000_eta+0.000000|C|r09,cached,250,B2,2000,250,-0.002007222500462575,0.0006972952068258928,0.4812764222043954,0.9830551729424571,0.18330992049279735,GFE,0.9830551729424571,0.18330992049279735,GFE
-7848.536763582208,517.2958165925446,10000,11792,110.60903639400205,False,1,Maximum number of iterations has been exceeded.,-1,0.8586526826348695,0.0,True,w-,10000,False,square,Square,3,3,0.0,0.0,xi+0.000000_eta+0.000000,0.0,0.0,0.05,Conventional,C,9,519693606,square|xi+0.000000_eta+0.000000|C|r09,cached,250,B2,10000,250,0.0013842666041240256,0.001839019812623063,0.48915125968427464,0.9933288818871582,0.11531579427297962,GFE,0.9933288818871582,0.11531579427297962,GFE
-7875.922005632259,494.14542827137785,9607,11310,81.94536213300307,False,2,Desired error not necessarily achieved due to precision loss.,1,0.8207212169541398,1.1102230246251563e-16,True,w+,9607,True,square,Square,3,4,0.0,0.3333333333333332,xi+0.000000_eta+0.333333,0.0,0.0039999999999999,0.05,Conventional,C,9,414343826,square|xi+0.000000_eta+0.333333|C|r09,new,320,B1,500,320,0.00036103504205958775,-0.00576154256687059,-0.46610929106977117,0.9585927628275943,0.28478046817603114,GFE,0.9585927628275943,0.28478046817603114,GFE
-7875.922005632259,494.14542827137785,9607,11310,81.94536213300307,False,2,Desired error not necessarily achieved due to precision loss.,1,0.8207212169541398,1.1102230246251563e-16,True,w+,9607,True,square,Square,3,4,0.0,0.3333333333333332,xi+0.000000_eta+0.333333,0.0,0.0039999999999999,0.05,Conventional,C,9,414343826,square|xi+0.000000_eta+0.333333|C|r09,new,320,B1,2000,320,-0.01198292564133174,0.006177105651604735,-0.48932216457292693,0.9898221847667497,0.1423096712931995,GFE,0.9898221847667497,0.1423096712931995,GFE
-7875.922005632259,494.14542827137785,9607,11310,81.94536213300307,False,2,Desired error not necessarily achieved due to precision loss.,1,0.8207212169541398,1.1102230246251563e-16,True,w+,9607,True,square,Square,3,4,0.0,0.3333333333333332,xi+0.000000_eta+0.333333,0.0,0.0039999999999999,0.05,Conventional,C,9,414343826,square|xi+0.000000_eta+0.333333|C|r09,new,320,B1,10000,320,-0.017475909215701066,0.011341853102036666,-0.4913942110021614,0.995221759323237,0.09764041053560225,GFE,0.995221759323237,0.09764041053560225,GFE
-7880.657538772267,512.1547157427017,8937,10595,172.04994426799385,False,2,Desired error not necessarily achieved due to precision loss.,-1,0.8274595473555121,0.0,True,w-,8937,True,square,Square,3,4,0.0,0.3333333333333332,xi+0.000000_eta+0.333333,0.0,0.0039999999999999,0.05,Conventional,C,6,791971357,square|xi+0.000000_eta+0.333333|C|r06,new,317,B2,500,317,0.02056125993243939,0.018054854857309368,0.45620501990550894,0.956914619421388,0.29036943905586926,GFE,0.956914619421388,0.29036943905586926,GFE
-7880.657538772267,512.1547157427017,8937,10595,172.04994426799385,False,2,Desired error not necessarily achieved due to precision loss.,-1,0.8274595473555121,0.0,True,w-,8937,True,square,Square,3,4,0.0,0.3333333333333332,xi+0.000000_eta+0.333333,0.0,0.0039999999999999,0.05,Conventional,C,6,791971357,square|xi+0.000000_eta+0.333333|C|r06,new,317,B2,2000,317,0.0255212102253358,0.02110391873982615,0.4843441167254386,0.9868414105163631,0.161691157736207,GFE,0.9868414105163631,0.161691157736207,GFE
-7880.657538772267,512.1547157427017,8937,10595,172.04994426799385,False,2,Desired error not necessarily achieved due to precision loss.,-1,0.8274595473555121,0.0,True,w-,8937,True,square,Square,3,4,0.0,0.3333333333333332,xi+0.000000_eta+0.333333,0.0,0.0039999999999999,0.05,Conventional,C,6,791971357,square|xi+0.000000_eta+0.333333|C|r06,new,317,B2,10000,317,0.026252472516162723,0.020140933873886904,0.4924808505188697,0.9962491913750318,0.0865306228140959,GFE,0.9962491913750318,0.0865306228140959,GFE
-7853.904561482565,510.3122093639236,10000,11743,137.54766804800602,False,1,Maximum number of iterations has been exceeded.,1,0.8143389317048925,0.0,True,w+,10000,False,square,Square,3,5,0.0,0.6666666666666665,xi+0.000000_eta+0.666667,0.0,0.0079999999999999,0.05,Conventional,C,3,832715759,square|xi+0.000000_eta+0.666667|C|r03,cached,384,B1,500,384,-0.023384058873682313,0.014518341606900489,-0.4432102038027686,0.9408604181539667,0.33879444144073984,GFE,0.9408604181539667,0.33879444144073984,GFE
-7853.904561482565,510.3122093639236,10000,11743,137.54766804800602,False,1,Maximum number of iterations has been exceeded.,1,0.8143389317048925,0.0,True,w+,10000,False,square,Square,3,5,0.0,0.6666666666666665,xi+0.000000_eta+0.666667,0.0,0.0079999999999999,0.05,Conventional,C,3,832715759,square|xi+0.000000_eta+0.666667|C|r03,cached,384,B1,2000,384,-0.03424772462147002,0.020704921187381178,-0.48123901827501225,0.9878722726275971,0.1552687121527913,GFE,0.9878722726275971,0.1552687121527913,GFE
-7853.904561482565,510.3122093639236,10000,11743,137.54766804800602,False,1,Maximum number of iterations has been exceeded.,1,0.8143389317048925,0.0,True,w+,10000,False,square,Square,3,5,0.0,0.6666666666666665,xi+0.000000_eta+0.666667,0.0,0.0079999999999999,0.05,Conventional,C,3,832715759,square|xi+0.000000_eta+0.666667|C|r03,cached,384,B1,10000,384,-0.03590012596212768,0.02318406921837592,-0.4869220167826869,0.9963022708666115,0.08591731528646104,GFE,0.9963022708666115,0.08591731528646104,GFE
-7842.153263303308,519.5850989220356,10000,11880,462.0959420809959,False,1,Maximum number of iterations has been exceeded.,-1,0.8216553449246832,0.0,True,w-,10000,False,square,Square,3,5,0.0,0.6666666666666665,xi+0.000000_eta+0.666667,0.0,0.0079999999999999,0.05,Conventional,C,8,511467305,square|xi+0.000000_eta+0.666667|C|r08,cached,389,B2,500,389,0.03945908834238448,0.03451233277111659,0.448412339619191,0.9612524110022954,0.2756697341789159,GFE,0.9612524110022954,0.2756697341789159,GFE
-7842.153263303308,519.5850989220356,10000,11880,462.0959420809959,False,1,Maximum number of iterations has been exceeded.,-1,0.8216553449246832,0.0,True,w-,10000,False,square,Square,3,5,0.0,0.6666666666666665,xi+0.000000_eta+0.666667,0.0,0.0079999999999999,0.05,Conventional,C,8,511467305,square|xi+0.000000_eta+0.666667|C|r08,cached,389,B2,2000,389,0.04048133824907897,0.0307035158036132,0.47417589460848064,0.9861573553907264,0.16581215398386392,GFE,0.9861573553907264,0.16581215398386392,GFE
-7842.153263303308,519.5850989220356,10000,11880,462.0959420809959,False,1,Maximum number of iterations has been exceeded.,-1,0.8216553449246832,0.0,True,w-,10000,False,square,Square,3,5,0.0,0.6666666666666665,xi+0.000000_eta+0.666667,0.0,0.0079999999999999,0.05,Conventional,C,8,511467305,square|xi+0.000000_eta+0.666667|C|r08,cached,389,B2,10000,389,0.042868955467372266,0.03139353207985354,0.48365067950372626,0.9951490238490618,0.09837896285415601,GFE,0.9951490238490618,0.09837896285415601,GFE
-7750.762740556082,492.1288314689698,10000,11797,147.0110078910002,False,1,Maximum number of iterations has been exceeded.,1,0.8558517082853412,2.220446049250313e-16,True,w+,10000,False,square,Square,3,6,0.0,1.0,xi+0.000000_eta+1.000000,0.0,0.012,0.05,Conventional,C,3,983350860,square|xi+0.000000_eta+1.000000|C|r03,cached,454,B1,500,454,-0.03485656069835101,0.016424569482115507,-0.4551634581795753,0.9578763637929362,0.28718090411241237,GFE,0.9578763637929362,0.28718090411241237,GFE
-7750.762740556082,492.1288314689698,10000,11797,147.0110078910002,False,1,Maximum number of iterations has been exceeded.,1,0.8558517082853412,2.220446049250313e-16,True,w+,10000,False,square,Square,3,6,0.0,1.0,xi+0.000000_eta+1.000000,0.0,0.012,0.05,Conventional,C,3,983350860,square|xi+0.000000_eta+1.000000|C|r03,cached,454,B1,2000,454,-0.030798520185247195,0.011583969648362153,-0.47058692231792587,0.9812484841913054,0.19274701624737406,GFE,0.9812484841913054,0.19274701624737406,GFE
-7750.762740556082,492.1288314689698,10000,11797,147.0110078910002,False,1,Maximum number of iterations has been exceeded.,1,0.8558517082853412,2.220446049250313e-16,True,w+,10000,False,square,Square,3,6,0.0,1.0,xi+0.000000_eta+1.000000,0.0,0.012,0.05,Conventional,C,3,983350860,square|xi+0.000000_eta+1.000000|C|r03,cached,454,B1,10000,454,-0.03497126223904902,0.014274517744289322,-0.476385941770892,0.9915872075774865,0.12944037147923595,GFE,0.9915872075774865,0.12944037147923595,GFE
-7765.65682931889,501.7729953213482,10000,11765,145.60040109799593,False,1,Maximum number of iterations has been exceeded.,-1,0.7707237343341206,0.0,True,w-,10000,False,square,Square,3,6,0.0,1.0,xi+0.000000_eta+1.000000,0.0,0.012,0.05,Conventional,C,5,495012995,square|xi+0.000000_eta+1.000000|C|r05,cached,456,B2,500,456,0.02986846233570439,0.015959202134550945,0.4457391050152856,0.9466666423983332,0.32221463059623207,GFE,0.9466666423983332,0.32221463059623207,GFE
-7765.65682931889,501.7729953213482,10000,11765,145.60040109799593,False,1,Maximum number of iterations has been exceeded.,-1,0.7707237343341206,0.0,True,w-,10000,False,square,Square,3,6,0.0,1.0,xi+0.000000_eta+1.000000,0.0,0.012,0.05,Conventional,C,5,495012995,square|xi+0.000000_eta+1.000000|C|r05,cached,456,B2,2000,456,0.043615360589063124,0.026647010909999807,0.4707214311006218,0.9829714664169915,0.1837582548078572,GFE,0.9829714664169915,0.1837582548078572,GFE
-7765.65682931889,501.7729953213482,10000,11765,145.60040109799593,False,1,Maximum number of iterations has been exceeded.,-1,0.7707237343341206,0.0,True,w-,10000,False,square,Square,3,6,0.0,1.0,xi+0.000000_eta+1.000000,0.0,0.012,0.05,Conventional,C,5,495012995,square|xi+0.000000_eta+1.000000|C|r05,cached,456,B2,10000,456,0.052979267170082465,0.033459675034373096,0.4783000230844284,0.996688854273877,0.08131007173915428,GFE,0.996688854273877,0.08131007173915428,GFE
-7063.431750194381,500.7001829748907,9861,11681,64.58911588200135,False,2,Desired error not necessarily achieved due to precision loss.,1,0.8099399441334778,0.0,True,w+,9861,True,square,Square,4,0,0.3333333333333332,-1.0,xi+0.333333_eta-1.000000,0.0039999999999999,-0.012,0.0533333333333333,Conventional,C,5,248525377,square|xi+0.333333_eta-1.000000|C|r05,new,45,B1,500,45,0.06455051888962257,-0.05759208860840115,-0.44274449058279164,0.9467862188544015,0.32186310100318316,GFE,0.9467862188544015,0.32186310100318316,GFE
-7063.431750194381,500.7001829748907,9861,11681,64.58911588200135,False,2,Desired error not necessarily achieved due to precision loss.,1,0.8099399441334778,0.0,True,w+,9861,True,square,Square,4,0,0.3333333333333332,-1.0,xi+0.333333_eta-1.000000,0.0039999999999999,-0.012,0.0533333333333333,Conventional,C,5,248525377,square|xi+0.333333_eta-1.000000|C|r05,new,45,B1,2000,45,0.07954597265239126,-0.06578149179736248,-0.47097993685789535,0.9843154765495883,0.1764172401579758,GFE,0.9843154765495883,0.1764172401579758,GFE
-7063.431750194381,500.7001829748907,9861,11681,64.58911588200135,False,2,Desired error not necessarily achieved due to precision loss.,1,0.8099399441334778,0.0,True,w+,9861,True,square,Square,4,0,0.3333333333333332,-1.0,xi+0.333333_eta-1.000000,0.0039999999999999,-0.012,0.0533333333333333,Conventional,C,5,248525377,square|xi+0.333333_eta-1.000000|C|r05,new,45,B1,10000,45,0.08708455455773928,-0.07172247022012589,-0.48090054006824173,0.9969686535551121,0.07780426613307839,GFE,0.9969686535551121,0.07780426613307839,GFE
-7011.6841211143565,497.85148214913056,10000,11813,65.13340798199715,False,1,Maximum number of iterations has been exceeded.,-1,0.8344083758881756,0.0,True,w-,10000,False,square,Square,4,0,0.3333333333333332,-1.0,xi+0.333333_eta-1.000000,0.0039999999999999,-0.012,0.0533333333333333,Conventional,C,8,33343831,square|xi+0.333333_eta-1.000000|C|r08,cached,48,B2,500,48,-0.014955276797126375,0.0032631860027248763,0.4407788200470631,0.9528956936842128,0.303298198079189,GFE,0.9528956936842128,0.303298198079189,GFE
-7011.6841211143565,497.85148214913056,10000,11813,65.13340798199715,False,1,Maximum number of iterations has been exceeded.,-1,0.8344083758881756,0.0,True,w-,10000,False,square,Square,4,0,0.3333333333333332,-1.0,xi+0.333333_eta-1.000000,0.0039999999999999,-0.012,0.0533333333333333,Conventional,C,8,33343831,square|xi+0.333333_eta-1.000000|C|r08,cached,48,B2,2000,48,-0.015170111547271216,0.0049021456127725715,0.47026924219142086,0.9882788704332988,0.15265934054319472,GFE,0.9882788704332988,0.15265934054319472,GFE
-7011.6841211143565,497.85148214913056,10000,11813,65.13340798199715,False,1,Maximum number of iterations has been exceeded.,-1,0.8344083758881756,0.0,True,w-,10000,False,square,Square,4,0,0.3333333333333332,-1.0,xi+0.333333_eta-1.000000,0.0039999999999999,-0.012,0.0533333333333333,Conventional,C,8,33343831,square|xi+0.333333_eta-1.000000|C|r08,cached,48,B2,10000,48,-0.01048417072934924,0.010738157614290275,0.4770742439700795,0.9943286648691629,0.10635086374594195,GFE,0.9943286648691629,0.10635086374594195,GFE
-7138.281778013059,516.5594073447583,9337,11093,167.74169148099463,False,2,Desired error not necessarily achieved due to precision loss.,1,0.8556068257406426,1.1102230246251563e-16,True,w+,9337,True,square,Square,4,1,0.3333333333333332,-0.6666666666666667,xi+0.333333_eta-0.666667,0.0039999999999999,-0.008,0.0533333333333333,Conventional,C,5,214318534,square|xi+0.333333_eta-0.666667|C|r05,new,116,B1,500,116,0.06082772528577057,-0.053705594152428926,-0.44369186273447025,0.9413663130997395,0.33738622461654116,GFE,0.9413663130997395,0.33738622461654116,GFE
-7138.281778013059,516.5594073447583,9337,11093,167.74169148099463,False,2,Desired error not necessarily achieved due to precision loss.,1,0.8556068257406426,1.1102230246251563e-16,True,w+,9337,True,square,Square,4,1,0.3333333333333332,-0.6666666666666667,xi+0.333333_eta-0.666667,0.0039999999999999,-0.008,0.0533333333333333,Conventional,C,5,214318534,square|xi+0.333333_eta-0.666667|C|r05,new,116,B1,2000,116,0.07019404834612569,-0.05890561503371757,-0.4804587343013682,0.9880588599689953,0.15407689390940252,GFE,0.9880588599689953,0.15407689390940252,GFE
-7138.281778013059,516.5594073447583,9337,11093,167.74169148099463,False,2,Desired error not necessarily achieved due to precision loss.,1,0.8556068257406426,1.1102230246251563e-16,True,w+,9337,True,square,Square,4,1,0.3333333333333332,-0.6666666666666667,xi+0.333333_eta-0.666667,0.0039999999999999,-0.008,0.0533333333333333,Conventional,C,5,214318534,square|xi+0.333333_eta-0.666667|C|r05,new,116,B1,10000,116,0.07220893842592119,-0.06154475209983757,-0.485248142878722,0.9942030689182186,0.1075186390985108,GFE,0.9942030689182186,0.1075186390985108,GFE
-7159.355018246268,512.62117756322,10000,11740,106.37911655999778,False,1,Maximum number of iterations has been exceeded.,-1,0.7867743630306501,2.220446049250313e-16,True,w-,10000,False,square,Square,4,1,0.3333333333333332,-0.6666666666666667,xi+0.333333_eta-0.666667,0.0039999999999999,-0.008,0.0533333333333333,Conventional,C,1,742905979,square|xi+0.333333_eta-0.666667|C|r01,cached,112,B2,500,112,0.017164657899168295,0.029649732770598288,0.4479844866133396,0.9513482706055153,0.3081176204242388,GFE,0.9513482706055153,0.3081176204242388,GFE
-7159.355018246268,512.62117756322,10000,11740,106.37911655999778,False,1,Maximum number of iterations has been exceeded.,-1,0.7867743630306501,2.220446049250313e-16,True,w-,10000,False,square,Square,4,1,0.3333333333333332,-0.6666666666666667,xi+0.333333_eta-0.666667,0.0039999999999999,-0.008,0.0533333333333333,Conventional,C,1,742905979,square|xi+0.333333_eta-0.666667|C|r01,cached,112,B2,2000,112,0.018486602549065322,0.03229426255396951,0.477192950833526,0.9820587134035362,0.18857540515186777,GFE,0.9820587134035362,0.18857540515186777,GFE
-7159.355018246268,512.62117756322,10000,11740,106.37911655999778,False,1,Maximum number of iterations has been exceeded.,-1,0.7867743630306501,2.220446049250313e-16,True,w-,10000,False,square,Square,4,1,0.3333333333333332,-0.6666666666666667,xi+0.333333_eta-0.666667,0.0039999999999999,-0.008,0.0533333333333333,Conventional,C,1,742905979,square|xi+0.333333_eta-0.666667|C|r01,cached,112,B2,10000,112,0.018578561737808336,0.03412373057125837,0.4855423518852758,0.9911441685515214,0.13279019973745526,GFE,0.9911441685515214,0.13279019973745526,GFE
-7244.801254205933,513.3796882826387,10000,11721,70.71712742700038,False,1,Maximum number of iterations has been exceeded.,1,0.8259002219568657,0.0,True,w+,10000,False,square,Square,4,2,0.3333333333333332,-0.3333333333333333,xi+0.333333_eta-0.333333,0.0039999999999999,-0.004,0.0533333333333333,Conventional,C,1,580642527,square|xi+0.333333_eta-0.333333|C|r01,cached,182,B1,500,182,0.04411762367927085,-0.03538120913517176,-0.44539768129674434,0.9417666476351104,0.3362671280427598,GFE,0.9417666476351104,0.3362671280427598,GFE
-7244.801254205933,513.3796882826387,10000,11721,70.71712742700038,False,1,Maximum number of iterations has been exceeded.,1,0.8259002219568657,0.0,True,w+,10000,False,square,Square,4,2,0.3333333333333332,-0.3333333333333333,xi+0.333333_eta-0.333333,0.0039999999999999,-0.004,0.0533333333333333,Conventional,C,1,580642527,square|xi+0.333333_eta-0.333333|C|r01,cached,182,B1,2000,182,0.04865170827593341,-0.041761654834885385,-0.4726950250555532,0.9748112617054638,0.22303139700993146,GFE,0.9748112617054638,0.22303139700993146,GFE
-7244.801254205933,513.3796882826387,10000,11721,70.71712742700038,False,1,Maximum number of iterations has been exceeded.,1,0.8259002219568657,0.0,True,w+,10000,False,square,Square,4,2,0.3333333333333332,-0.3333333333333333,xi+0.333333_eta-0.333333,0.0039999999999999,-0.004,0.0533333333333333,Conventional,C,1,580642527,square|xi+0.333333_eta-0.333333|C|r01,cached,182,B1,10000,182,0.056777914848690915,-0.05326763023888926,-0.48673823380101605,0.9940088828576283,0.10929931747330211,GFE,0.9940088828576283,0.10929931747330211,GFE
-7277.756736799083,513.2338651745262,6272,7618,273.2423233869995,False,2,Desired error not necessarily achieved due to precision loss.,-1,0.8205405471308276,1.1102230246251563e-16,True,w-,6272,True,square,Square,4,2,0.3333333333333332,-0.3333333333333333,xi+0.333333_eta-0.333333,0.0039999999999999,-0.004,0.0533333333333333,Conventional,C,4,875773270,square|xi+0.333333_eta-0.333333|C|r04,new,185,B2,500,185,0.022005329475910412,0.027992363496783502,0.4553405327040573,0.9556720001892053,0.2944334017301087,GFE,0.9556720001892053,0.2944334017301087,GFE
-7277.756736799083,513.2338651745262,6272,7618,273.2423233869995,False,2,Desired error not necessarily achieved due to precision loss.,-1,0.8205405471308276,1.1102230246251563e-16,True,w-,6272,True,square,Square,4,2,0.3333333333333332,-0.3333333333333333,xi+0.333333_eta-0.333333,0.0039999999999999,-0.004,0.0533333333333333,Conventional,C,4,875773270,square|xi+0.333333_eta-0.333333|C|r04,new,185,B2,2000,185,0.025573423930519947,0.03584919694073676,0.48576556171111757,0.9932276767733862,0.11618425922362255,GFE,0.9932276767733862,0.11618425922362255,GFE
-7277.756736799083,513.2338651745262,6272,7618,273.2423233869995,False,2,Desired error not necessarily achieved due to precision loss.,-1,0.8205405471308276,1.1102230246251563e-16,True,w-,6272,True,square,Square,4,2,0.3333333333333332,-0.3333333333333333,xi+0.333333_eta-0.333333,0.0039999999999999,-0.004,0.0533333333333333,Conventional,C,4,875773270,square|xi+0.333333_eta-0.333333|C|r04,new,185,B2,10000,185,0.021090130343955692,0.03105291878973962,0.4900616576022781,0.9987105908169159,0.050765695012742015,GFE,0.9987105908169159,0.050765695012742015,GFE
-7277.129844650432,498.83157954066144,10000,11696,66.41512109400355,False,1,Maximum number of iterations has been exceeded.,1,0.8054929266966874,0.0,True,w+,10000,False,square,Square,4,3,0.3333333333333332,0.0,xi+0.333333_eta+0.000000,0.0039999999999999,0.0,0.0533333333333333,Conventional,C,7,533165284,square|xi+0.333333_eta+0.000000|C|r07,cached,258,B1,500,258,0.02096698106139293,-0.023606623316455872,-0.45232861842599303,0.9550497957736523,0.2964454209339468,GFE,0.9550497957736523,0.2964454209339468,GFE
-7277.129844650432,498.83157954066144,10000,11696,66.41512109400355,False,1,Maximum number of iterations has been exceeded.,1,0.8054929266966874,0.0,True,w+,10000,False,square,Square,4,3,0.3333333333333332,0.0,xi+0.333333_eta+0.000000,0.0039999999999999,0.0,0.0533333333333333,Conventional,C,7,533165284,square|xi+0.333333_eta+0.000000|C|r07,cached,258,B1,2000,258,0.022122419055985765,-0.026955241347436567,-0.47982204789064087,0.9798990036607346,0.1994942170206939,GFE,0.9798990036607346,0.1994942170206939,GFE
-7277.129844650432,498.83157954066144,10000,11696,66.41512109400355,False,1,Maximum number of iterations has been exceeded.,1,0.8054929266966874,0.0,True,w+,10000,False,square,Square,4,3,0.3333333333333332,0.0,xi+0.333333_eta+0.000000,0.0039999999999999,0.0,0.0533333333333333,Conventional,C,7,533165284,square|xi+0.333333_eta+0.000000|C|r07,cached,258,B1,10000,258,0.028807462103801015,-0.032882032802533295,-0.48939639629901144,0.9898138268175397,0.14236779214702128,GFE,0.9898138268175397,0.14236779214702128,GFE
-7298.738102101013,490.4158449679018,10000,11720,129.92939504600508,False,1,Maximum number of iterations has been exceeded.,-1,0.8523130637362156,3.3306690738754696e-16,True,w-,10000,False,square,Square,4,3,0.3333333333333332,0.0,xi+0.333333_eta+0.000000,0.0039999999999999,0.0,0.0533333333333333,Conventional,C,0,793429938,square|xi+0.333333_eta+0.000000|C|r00,cached,251,B2,500,251,0.03833741832505068,0.04478291306424527,0.4556730324575586,0.9568637030740598,0.2905371813372561,GFE,0.9568637030740598,0.2905371813372561,GFE
-7298.738102101013,490.4158449679018,10000,11720,129.92939504600508,False,1,Maximum number of iterations has been exceeded.,-1,0.8523130637362156,3.3306690738754696e-16,True,w-,10000,False,square,Square,4,3,0.3333333333333332,0.0,xi+0.333333_eta+0.000000,0.0039999999999999,0.0,0.0533333333333333,Conventional,C,0,793429938,square|xi+0.333333_eta+0.000000|C|r00,cached,251,B2,2000,251,0.04566243223440619,0.04910603385684372,0.4826123890793145,0.989529418603867,0.14433131925362877,GFE,0.989529418603867,0.14433131925362877,GFE
-7298.738102101013,490.4158449679018,10000,11720,129.92939504600508,False,1,Maximum number of iterations has been exceeded.,-1,0.8523130637362156,3.3306690738754696e-16,True,w-,10000,False,square,Square,4,3,0.3333333333333332,0.0,xi+0.333333_eta+0.000000,0.0039999999999999,0.0,0.0533333333333333,Conventional,C,0,793429938,square|xi+0.333333_eta+0.000000|C|r00,cached,251,B2,10000,251,0.04089573537035727,0.04397907273009534,0.4903105669656991,0.9965377429085348,0.08314160786731868,GFE,0.9965377429085348,0.08314160786731868,GFE
-7249.3701570497215,476.3930872537373,9325,11106,63.27207219900447,False,2,Desired error not necessarily achieved due to precision loss.,1,0.8084462996944128,0.0,True,w+,9325,True,square,Square,4,4,0.3333333333333332,0.3333333333333332,xi+0.333333_eta+0.333333,0.0039999999999999,0.0039999999999999,0.0533333333333333,Conventional,C,5,748236793,square|xi+0.333333_eta+0.333333|C|r05,new,326,B1,500,326,0.011010901109558121,-0.022384489165433622,-0.4589779196037851,0.9602954860090446,0.2789849091808604,GFE,0.9602954860090446,0.2789849091808604,GFE
-7249.3701570497215,476.3930872537373,9325,11106,63.27207219900447,False,2,Desired error not necessarily achieved due to precision loss.,1,0.8084462996944128,0.0,True,w+,9325,True,square,Square,4,4,0.3333333333333332,0.3333333333333332,xi+0.333333_eta+0.333333,0.0039999999999999,0.0039999999999999,0.0533333333333333,Conventional,C,5,748236793,square|xi+0.333333_eta+0.333333|C|r05,new,326,B1,2000,326,0.019723306715356537,-0.030348852626956697,-0.4812270106976912,0.9866814987071677,0.16266413282889808,GFE,0.9866814987071677,0.16266413282889808,GFE
-7249.3701570497215,476.3930872537373,9325,11106,63.27207219900447,False,2,Desired error not necessarily achieved due to precision loss.,1,0.8084462996944128,0.0,True,w+,9325,True,square,Square,4,4,0.3333333333333332,0.3333333333333332,xi+0.333333_eta+0.333333,0.0039999999999999,0.0039999999999999,0.0533333333333333,Conventional,C,5,748236793,square|xi+0.333333_eta+0.333333|C|r05,new,326,B1,10000,326,0.024158030103915137,-0.034348421179374915,-0.48541631181836775,0.9909426455296124,0.13428578953401196,GFE,0.9909426455296124,0.13428578953401196,GFE
-7252.270481966884,495.56431650134994,10000,11688,63.92433166800038,False,1,Maximum number of iterations has been exceeded.,-1,0.8359781253404098,0.0,True,w-,10000,False,square,Square,4,4,0.3333333333333332,0.3333333333333332,xi+0.333333_eta+0.333333,0.0039999999999999,0.0039999999999999,0.0533333333333333,Conventional,C,9,32448139,square|xi+0.333333_eta+0.333333|C|r09,cached,330,B2,500,330,0.03540285907712533,0.030768136250927263,0.443672045014924,0.950957425615105,0.3093217979184332,GFE,0.950957425615105,0.3093217979184332,GFE
-7252.270481966884,495.56431650134994,10000,11688,63.92433166800038,False,1,Maximum number of iterations has been exceeded.,-1,0.8359781253404098,0.0,True,w-,10000,False,square,Square,4,4,0.3333333333333332,0.3333333333333332,xi+0.333333_eta+0.333333,0.0039999999999999,0.0039999999999999,0.0533333333333333,Conventional,C,9,32448139,square|xi+0.333333_eta+0.333333|C|r09,cached,330,B2,2000,330,0.05975419564844779,0.055363203007766086,0.4794448139995405,0.9884822739969679,0.15133669083795695,GFE,0.9884822739969679,0.15133669083795695,GFE
-7252.270481966884,495.56431650134994,10000,11688,63.92433166800038,False,1,Maximum number of iterations has been exceeded.,-1,0.8359781253404098,0.0,True,w-,10000,False,square,Square,4,4,0.3333333333333332,0.3333333333333332,xi+0.333333_eta+0.333333,0.0039999999999999,0.0039999999999999,0.0533333333333333,Conventional,C,9,32448139,square|xi+0.333333_eta+0.333333|C|r09,cached,330,B2,10000,330,0.06134699674558654,0.05678385723636959,0.4846020602776742,0.9948533644488556,0.10132513629298737,GFE,0.9948533644488556,0.10132513629298737,GFE
-7175.594828394919,497.5928932123198,9836,11604,80.00024901299912,False,2,Desired error not necessarily achieved due to precision loss.,1,0.8435028481238451,2.220446049250313e-16,True,w+,9836,True,square,Square,4,5,0.3333333333333332,0.6666666666666665,xi+0.333333_eta+0.666667,0.0039999999999999,0.0079999999999999,0.0533333333333333,Conventional,C,3,925783093,square|xi+0.333333_eta+0.666667|C|r03,new,394,B1,500,394,-0.014078715017460082,0.0011888159227177906,-0.45804643307423826,0.9649729611487774,0.26234935534847453,GFE,0.9649729611487774,0.26234935534847453,GFE
-7175.594828394919,497.5928932123198,9836,11604,80.00024901299912,False,2,Desired error not necessarily achieved due to precision loss.,1,0.8435028481238451,2.220446049250313e-16,True,w+,9836,True,square,Square,4,5,0.3333333333333332,0.6666666666666665,xi+0.333333_eta+0.666667,0.0039999999999999,0.0079999999999999,0.0533333333333333,Conventional,C,3,925783093,square|xi+0.333333_eta+0.666667|C|r03,new,394,B1,2000,394,-0.005919801485981056,-0.010935338579303028,-0.481657588025863,0.9908912450460294,0.13466454801145553,GFE,0.9908912450460294,0.13466454801145553,GFE
-7175.594828394919,497.5928932123198,9836,11604,80.00024901299912,False,2,Desired error not necessarily achieved due to precision loss.,1,0.8435028481238451,2.220446049250313e-16,True,w+,9836,True,square,Square,4,5,0.3333333333333332,0.6666666666666665,xi+0.333333_eta+0.666667,0.0039999999999999,0.0079999999999999,0.0533333333333333,Conventional,C,3,925783093,square|xi+0.333333_eta+0.666667|C|r03,new,394,B1,10000,394,7.807945506676173e-05,-0.01654341334601156,-0.48485943633456197,0.9964275922495938,0.0844514855030821,GFE,0.9964275922495938,0.0844514855030821,GFE
-7151.209203235385,487.9855921339776,10000,11766,139.4781145379966,False,1,Maximum number of iterations has been exceeded.,-1,0.8173405109124026,0.0,True,w-,10000,False,square,Square,4,5,0.3333333333333332,0.6666666666666665,xi+0.333333_eta+0.666667,0.0039999999999999,0.0079999999999999,0.0533333333333333,Conventional,C,0,164757605,square|xi+0.333333_eta+0.666667|C|r00,cached,391,B2,500,391,0.05841260357094332,0.05175083629593977,0.451890077526705,0.9587839200516411,0.28413622551587503,GFE,0.9587839200516411,0.28413622551587503,GFE
-7151.209203235385,487.9855921339776,10000,11766,139.4781145379966,False,1,Maximum number of iterations has been exceeded.,-1,0.8173405109124026,0.0,True,w-,10000,False,square,Square,4,5,0.3333333333333332,0.6666666666666665,xi+0.333333_eta+0.666667,0.0039999999999999,0.0079999999999999,0.0533333333333333,Conventional,C,0,164757605,square|xi+0.333333_eta+0.666667|C|r00,cached,391,B2,2000,391,0.06871778129042472,0.05728401409846378,0.4796404866255592,0.9892019319528998,0.14655899092396374,GFE,0.9892019319528998,0.14655899092396374,GFE
-7151.209203235385,487.9855921339776,10000,11766,139.4781145379966,False,1,Maximum number of iterations has been exceeded.,-1,0.8173405109124026,0.0,True,w-,10000,False,square,Square,4,5,0.3333333333333332,0.6666666666666665,xi+0.333333_eta+0.666667,0.0039999999999999,0.0079999999999999,0.0533333333333333,Conventional,C,0,164757605,square|xi+0.333333_eta+0.666667|C|r00,cached,391,B2,10000,391,0.06971072190168913,0.058370262419396045,0.48308205201484145,0.9952820680620044,0.09702373417994035,GFE,0.9952820680620044,0.09702373417994035,GFE
-7030.130458625725,505.60123986453857,9235,10995,82.1483188179991,False,2,Desired error not necessarily achieved due to precision loss.,1,0.8125446166692452,2.220446049250313e-16,True,w+,9235,True,square,Square,4,6,0.3333333333333332,1.0,xi+0.333333_eta+1.000000,0.0039999999999999,0.012,0.0533333333333333,Conventional,C,8,117102811,square|xi+0.333333_eta+1.000000|C|r08,new,469,B1,500,469,-0.02168911882778402,0.004156666652371224,-0.4470564434830203,0.9560080264955041,0.29334050739059464,GFE,0.9560080264955041,0.29334050739059464,GFE
-7030.130458625725,505.60123986453857,9235,10995,82.1483188179991,False,2,Desired error not necessarily achieved due to precision loss.,1,0.8125446166692452,2.220446049250313e-16,True,w+,9235,True,square,Square,4,6,0.3333333333333332,1.0,xi+0.333333_eta+1.000000,0.0039999999999999,0.012,0.0533333333333333,Conventional,C,8,117102811,square|xi+0.333333_eta+1.000000|C|r08,new,469,B1,2000,469,-0.012725701499792857,-0.008297665763099335,-0.4723751822332507,0.9859129416806895,0.16725929399148268,GFE,0.9859129416806895,0.16725929399148268,GFE
-7030.130458625725,505.60123986453857,9235,10995,82.1483188179991,False,2,Desired error not necessarily achieved due to precision loss.,1,0.8125446166692452,2.220446049250313e-16,True,w+,9235,True,square,Square,4,6,0.3333333333333332,1.0,xi+0.333333_eta+1.000000,0.0039999999999999,0.012,0.0533333333333333,Conventional,C,8,117102811,square|xi+0.333333_eta+1.000000|C|r08,new,469,B1,10000,469,-0.003970304149366081,-0.01794477402846376,-0.4791128803308693,0.9967414524211813,0.08066273628704917,GFE,0.9967414524211813,0.08066273628704917,GFE
-7055.568040969216,493.80971349269777,10000,11830,105.9527995929966,False,1,Maximum number of iterations has been exceeded.,-1,0.7921253253842618,0.0,True,w-,10000,False,square,Square,4,6,0.3333333333333332,1.0,xi+0.333333_eta+1.000000,0.0039999999999999,0.012,0.0533333333333333,Conventional,C,2,917096011,square|xi+0.333333_eta+1.000000|C|r02,cached,463,B2,500,463,0.05609690639319927,0.04408616711491499,0.4378291558499838,0.9474152143060869,0.32000689320911746,GFE,0.9474152143060869,0.32000689320911746,GFE
-7055.568040969216,493.80971349269777,10000,11830,105.9527995929966,False,1,Maximum number of iterations has been exceeded.,-1,0.7921253253842618,0.0,True,w-,10000,False,square,Square,4,6,0.3333333333333332,1.0,xi+0.333333_eta+1.000000,0.0039999999999999,0.012,0.0533333333333333,Conventional,C,2,917096011,square|xi+0.333333_eta+1.000000|C|r02,cached,463,B2,2000,463,0.07630150830324602,0.06253956117525318,0.4751557147392693,0.9885232345325907,0.15106890742050338,GFE,0.9885232345325907,0.15106890742050338,GFE
-7055.568040969216,493.80971349269777,10000,11830,105.9527995929966,False,1,Maximum number of iterations has been exceeded.,-1,0.7921253253842618,0.0,True,w-,10000,False,square,Square,4,6,0.3333333333333332,1.0,xi+0.333333_eta+1.000000,0.0039999999999999,0.012,0.0533333333333333,Conventional,C,2,917096011,square|xi+0.333333_eta+1.000000|C|r02,cached,463,B2,10000,463,0.08350263584395454,0.06904305394324356,0.4793017631558353,0.9957477310463293,0.09212196326656855,GFE,0.9957477310463293,0.09212196326656855,GFE
-6397.991802527555,509.8747139812881,8813,10459,389.2919429449976,False,2,Desired error not necessarily achieved due to precision loss.,1,0.8599741270185887,1.1102230246251563e-16,True,w+,8813,True,square,Square,5,0,0.6666666666666665,-1.0,xi+0.666667_eta-1.000000,0.0079999999999999,-0.012,0.0566666666666666,Conventional,C,0,730591907,square|xi+0.666667_eta-1.000000|C|r00,new,50,B1,500,50,0.09745590134741966,-0.07953176994611509,-0.4438692197272384,0.9594056479295955,0.2820297904846102,GFE,0.9594056479295955,0.2820297904846102,GFE
-6397.991802527555,509.8747139812881,8813,10459,389.2919429449976,False,2,Desired error not necessarily achieved due to precision loss.,1,0.8599741270185887,1.1102230246251563e-16,True,w+,8813,True,square,Square,5,0,0.6666666666666665,-1.0,xi+0.666667_eta-1.000000,0.0079999999999999,-0.012,0.0566666666666666,Conventional,C,0,730591907,square|xi+0.666667_eta-1.000000|C|r00,new,50,B1,2000,50,0.10851841828867115,-0.09443137850686943,-0.4684164079514708,0.9879013143987773,0.15508382574971588,GFE,0.9879013143987773,0.15508382574971588,GFE
-6397.991802527555,509.8747139812881,8813,10459,389.2919429449976,False,2,Desired error not necessarily achieved due to precision loss.,1,0.8599741270185887,1.1102230246251563e-16,True,w+,8813,True,square,Square,5,0,0.6666666666666665,-1.0,xi+0.666667_eta-1.000000,0.0079999999999999,-0.012,0.0566666666666666,Conventional,C,0,730591907,square|xi+0.666667_eta-1.000000|C|r00,new,50,B1,10000,50,0.11581024811948284,-0.10424508085624654,-0.4728504747289297,0.9944826187332534,0.10490148253218601,GFE,0.9944826187332534,0.10490148253218601,GFE
-6417.43248294059,484.2664847250335,7978,9508,359.8550445719957,False,2,Desired error not necessarily achieved due to precision loss.,-1,0.8629234003466107,0.0,True,w-,7978,True,square,Square,5,0,0.6666666666666665,-1.0,xi+0.666667_eta-1.000000,0.0079999999999999,-0.012,0.0566666666666666,Conventional,C,6,204933609,square|xi+0.666667_eta-1.000000|C|r06,new,56,B2,500,56,0.017983176820207433,0.03664842191563571,0.4522371163403618,0.9707797437351732,0.23997226746745454,GFE,0.9707797437351732,0.23997226746745454,GFE
-6417.43248294059,484.2664847250335,7978,9508,359.8550445719957,False,2,Desired error not necessarily achieved due to precision loss.,-1,0.8629234003466107,0.0,True,w-,7978,True,square,Square,5,0,0.6666666666666665,-1.0,xi+0.666667_eta-1.000000,0.0079999999999999,-0.012,0.0566666666666666,Conventional,C,6,204933609,square|xi+0.666667_eta-1.000000|C|r06,new,56,B2,2000,56,0.008581821151563985,0.03223229968623474,0.4739674835594997,0.995875324881508,0.09073222851969907,GFE,0.995875324881508,0.09073222851969907,GFE
-6417.43248294059,484.2664847250335,7978,9508,359.8550445719957,False,2,Desired error not necessarily achieved due to precision loss.,-1,0.8629234003466107,0.0,True,w-,7978,True,square,Square,5,0,0.6666666666666665,-1.0,xi+0.666667_eta-1.000000,0.0079999999999999,-0.012,0.0566666666666666,Conventional,C,6,204933609,square|xi+0.666667_eta-1.000000|C|r06,new,56,B2,10000,56,0.005947753991878935,0.030545502215117835,0.47642332398839105,0.9986727145427226,0.051505429110626895,GFE,0.9986727145427226,0.051505429110626895,GFE
-6475.237285414531,500.7166706165885,10000,11826,70.88570521899965,False,1,Maximum number of iterations has been exceeded.,1,0.8295526187483089,0.0,True,w+,10000,False,square,Square,5,1,0.6666666666666665,-0.6666666666666667,xi+0.666667_eta-0.666667,0.0079999999999999,-0.008,0.0566666666666666,Conventional,C,5,404966448,square|xi+0.666667_eta-0.666667|C|r05,cached,126,B1,500,126,0.08180620163343282,-0.06700263330329131,-0.4230392988056428,0.9289176049352568,0.3702864880620764,GFE,0.9289176049352568,0.3702864880620764,GFE
-6475.237285414531,500.7166706165885,10000,11826,70.88570521899965,False,1,Maximum number of iterations has been exceeded.,1,0.8295526187483089,0.0,True,w+,10000,False,square,Square,5,1,0.6666666666666665,-0.6666666666666667,xi+0.666667_eta-0.666667,0.0079999999999999,-0.008,0.0566666666666666,Conventional,C,5,404966448,square|xi+0.666667_eta-0.666667|C|r05,cached,126,B1,2000,126,0.09077290000062117,-0.0846391841629133,-0.4696561095585418,0.9799603274376198,0.19919276254009063,GFE,0.9799603274376198,0.19919276254009063,GFE
-6475.237285414531,500.7166706165885,10000,11826,70.88570521899965,False,1,Maximum number of iterations has been exceeded.,1,0.8295526187483089,0.0,True,w+,10000,False,square,Square,5,1,0.6666666666666665,-0.6666666666666667,xi+0.666667_eta-0.666667,0.0079999999999999,-0.008,0.0566666666666666,Conventional,C,5,404966448,square|xi+0.666667_eta-0.666667|C|r05,cached,126,B1,10000,126,0.09725550258796944,-0.09051440659880308,-0.4762876387729908,0.9893754157962115,0.14538324049928744,GFE,0.9893754157962115,0.14538324049928744,GFE
-6503.496192281101,507.31979146464215,9847,11693,406.42923710500327,False,2,Desired error not necessarily achieved due to precision loss.,-1,0.8228181643422581,1.1102230246251563e-16,True,w-,9847,True,square,Square,5,1,0.6666666666666665,-0.6666666666666667,xi+0.666667_eta-0.666667,0.0079999999999999,-0.008,0.0566666666666666,Conventional,C,8,788374509,square|xi+0.666667_eta-0.666667|C|r08,new,129,B2,500,129,0.02570803263389556,0.03757770848066823,0.43829827581026765,0.9437641399354108,0.33061949151853465,GFE,0.9437641399354108,0.33061949151853465,GFE
-6503.496192281101,507.31979146464215,9847,11693,406.42923710500327,False,2,Desired error not necessarily achieved due to precision loss.,-1,0.8228181643422581,1.1102230246251563e-16,True,w-,9847,True,square,Square,5,1,0.6666666666666665,-0.6666666666666667,xi+0.666667_eta-0.666667,0.0079999999999999,-0.008,0.0566666666666666,Conventional,C,8,788374509,square|xi+0.666667_eta-0.666667|C|r08,new,129,B2,2000,129,0.02817970795077162,0.04398181422019929,0.4711450309375703,0.9803192851464113,0.19741858871451073,GFE,0.9803192851464113,0.19741858871451073,GFE
-6503.496192281101,507.31979146464215,9847,11693,406.42923710500327,False,2,Desired error not necessarily achieved due to precision loss.,-1,0.8228181643422581,1.1102230246251563e-16,True,w-,9847,True,square,Square,5,1,0.6666666666666665,-0.6666666666666667,xi+0.666667_eta-0.666667,0.0079999999999999,-0.008,0.0566666666666666,Conventional,C,8,788374509,square|xi+0.666667_eta-0.666667|C|r08,new,129,B2,10000,129,0.029005086314724694,0.04512255640165614,0.47931119569608704,0.9910466641283797,0.13351595230537258,GFE,0.9910466641283797,0.13351595230537258,GFE
-6586.894447558372,492.3573758302271,8867,10581,384.19585017400095,False,2,Desired error not necessarily achieved due to precision loss.,1,0.8145291687428956,2.220446049250313e-16,True,w+,8867,True,square,Square,5,2,0.6666666666666665,-0.3333333333333333,xi+0.666667_eta-0.333333,0.0079999999999999,-0.004,0.0566666666666666,Conventional,C,6,286532674,square|xi+0.666667_eta-0.333333|C|r06,new,197,B1,500,197,0.05377996287417293,-0.05690938007335956,-0.43395515947080904,0.935672681938878,0.3528691432717054,GFE,0.935672681938878,0.3528691432717054,GFE
-6586.894447558372,492.3573758302271,8867,10581,384.19585017400095,False,2,Desired error not necessarily achieved due to precision loss.,1,0.8145291687428956,2.220446049250313e-16,True,w+,8867,True,square,Square,5,2,0.6666666666666665,-0.3333333333333333,xi+0.666667_eta-0.333333,0.0079999999999999,-0.004,0.0566666666666666,Conventional,C,6,286532674,square|xi+0.666667_eta-0.333333|C|r06,new,197,B1,2000,197,0.062072174175873275,-0.06200497863282256,-0.4689779823556545,0.9764347380762634,0.21581288719151825,GFE,0.9764347380762634,0.21581288719151825,GFE
-6586.894447558372,492.3573758302271,8867,10581,384.19585017400095,False,2,Desired error not necessarily achieved due to precision loss.,1,0.8145291687428956,2.220446049250313e-16,True,w+,8867,True,square,Square,5,2,0.6666666666666665,-0.3333333333333333,xi+0.666667_eta-0.333333,0.0079999999999999,-0.004,0.0566666666666666,Conventional,C,6,286532674,square|xi+0.666667_eta-0.333333|C|r06,new,197,B1,10000,197,0.07408486930541079,-0.07485469274000467,-0.47913190113149906,0.9902427254962246,0.13935330854274225,GFE,0.9902427254962246,0.13935330854274225,GFE
-6601.754052192061,502.7395769058152,10000,11791,86.58566322600382,False,1,Maximum number of iterations has been exceeded.,-1,0.8608237573929454,4.440892098500626e-16,True,w-,10000,False,square,Square,5,2,0.6666666666666665,-0.3333333333333333,xi+0.666667_eta-0.333333,0.0079999999999999,-0.004,0.0566666666666666,Conventional,C,5,652559331,square|xi+0.666667_eta-0.333333|C|r05,cached,196,B2,500,196,0.009522176205285893,0.017141619039345468,0.4412935194355026,0.9495700497014485,0.3135549723891945,GFE,0.9495700497014485,0.3135549723891945,GFE
-6601.754052192061,502.7395769058152,10000,11791,86.58566322600382,False,1,Maximum number of iterations has been exceeded.,-1,0.8608237573929454,4.440892098500626e-16,True,w-,10000,False,square,Square,5,2,0.6666666666666665,-0.3333333333333333,xi+0.666667_eta-0.333333,0.0079999999999999,-0.004,0.0566666666666666,Conventional,C,5,652559331,square|xi+0.666667_eta-0.333333|C|r05,cached,196,B2,2000,196,0.02986218581880268,0.03969704537987083,0.4744426891697114,0.9850273835708427,0.17239795130911464,GFE,0.9850273835708427,0.17239795130911464,GFE
-6601.754052192061,502.7395769058152,10000,11791,86.58566322600382,False,1,Maximum number of iterations has been exceeded.,-1,0.8608237573929454,4.440892098500626e-16,True,w-,10000,False,square,Square,5,2,0.6666666666666665,-0.3333333333333333,xi+0.666667_eta-0.333333,0.0079999999999999,-0.004,0.0566666666666666,Conventional,C,5,652559331,square|xi+0.666667_eta-0.333333|C|r05,cached,196,B2,10000,196,0.03682440798592307,0.04763172283491551,0.4815725101127102,0.9932777655474753,0.1157552610856834,GFE,0.9932777655474753,0.1157552610856834,GFE
-6614.09524408161,510.1274303121255,10000,11775,73.03863183200156,False,1,Maximum number of iterations has been exceeded.,1,0.8402125494433605,3.3306690738754696e-16,True,w+,10000,False,square,Square,5,3,0.6666666666666665,0.0,xi+0.666667_eta+0.000000,0.0079999999999999,0.0,0.0566666666666666,Conventional,C,5,232528208,square|xi+0.666667_eta+0.000000|C|r05,cached,266,B1,500,266,0.05979215258080643,-0.056673692531214265,-0.4454713995246719,0.9523279485076629,0.30507618473290593,GFE,0.9523279485076629,0.30507618473290593,GFE
-6614.09524408161,510.1274303121255,10000,11775,73.03863183200156,False,1,Maximum number of iterations has been exceeded.,1,0.8402125494433605,3.3306690738754696e-16,True,w+,10000,False,square,Square,5,3,0.6666666666666665,0.0,xi+0.666667_eta+0.000000,0.0079999999999999,0.0,0.0566666666666666,Conventional,C,5,232528208,square|xi+0.666667_eta+0.000000|C|r05,cached,266,B1,2000,266,0.06648336175752108,-0.06726492449582055,-0.47651635782375995,0.9856753580632684,0.16865375331384577,GFE,0.9856753580632684,0.16865375331384577,GFE
-6614.09524408161,510.1274303121255,10000,11775,73.03863183200156,False,1,Maximum number of iterations has been exceeded.,1,0.8402125494433605,3.3306690738754696e-16,True,w+,10000,False,square,Square,5,3,0.6666666666666665,0.0,xi+0.666667_eta+0.000000,0.0079999999999999,0.0,0.0566666666666666,Conventional,C,5,232528208,square|xi+0.666667_eta+0.000000|C|r05,cached,266,B1,10000,266,0.06982542624719151,-0.07311353477029597,-0.4816246402177272,0.9912417930987689,0.1320594851358184,GFE,0.9912417930987689,0.1320594851358184,GFE
-6647.5115886077065,496.0993876523888,9909,11769,67.89296727100009,False,2,Desired error not necessarily achieved due to precision loss.,-1,0.8199013855509981,0.0,True,w-,9909,True,square,Square,5,3,0.6666666666666665,0.0,xi+0.666667_eta+0.000000,0.0079999999999999,0.0,0.0566666666666666,Conventional,C,1,218386111,square|xi+0.666667_eta+0.000000|C|r01,new,262,B2,500,262,0.06838480470808837,0.07223680410200095,0.4475323844726106,0.9468586280525735,0.3216500248443925,GFE,0.9468586280525735,0.3216500248443925,GFE
-6647.5115886077065,496.0993876523888,9909,11769,67.89296727100009,False,2,Desired error not necessarily achieved due to precision loss.,-1,0.8199013855509981,0.0,True,w-,9909,True,square,Square,5,3,0.6666666666666665,0.0,xi+0.666667_eta+0.000000,0.0079999999999999,0.0,0.0566666666666666,Conventional,C,1,218386111,square|xi+0.666667_eta+0.000000|C|r01,new,262,B2,2000,262,0.06539109139596563,0.07011680572010558,0.4798529804188214,0.9842572431541902,0.17674184365484422,GFE,0.9842572431541902,0.17674184365484422,GFE
-6647.5115886077065,496.0993876523888,9909,11769,67.89296727100009,False,2,Desired error not necessarily achieved due to precision loss.,-1,0.8199013855509981,0.0,True,w-,9909,True,square,Square,5,3,0.6666666666666665,0.0,xi+0.666667_eta+0.000000,0.0079999999999999,0.0,0.0566666666666666,Conventional,C,1,218386111,square|xi+0.666667_eta+0.000000|C|r01,new,262,B2,10000,262,0.06298736239775415,0.06852969055731513,0.48496204381562985,0.9923193149739787,0.12370277737210918,GFE,0.9923193149739787,0.12370277737210918,GFE
-6565.281683588113,485.76547533304375,10000,11818,74.613058652998,False,1,Maximum number of iterations has been exceeded.,1,0.8160513969394204,0.0,True,w+,10000,False,square,Square,5,4,0.6666666666666665,0.3333333333333332,xi+0.666667_eta+0.333333,0.0079999999999999,0.0039999999999999,0.0566666666666666,Conventional,C,1,259787182,square|xi+0.666667_eta+0.333333|C|r01,cached,332,B1,500,332,0.03434094794563942,-0.04329040146236555,-0.44825148774191176,0.9414242953992547,0.3372244001136587,GFE,0.9414242953992547,0.3372244001136587,GFE
-6565.281683588113,485.76547533304375,10000,11818,74.613058652998,False,1,Maximum number of iterations has been exceeded.,1,0.8160513969394204,0.0,True,w+,10000,False,square,Square,5,4,0.6666666666666665,0.3333333333333332,xi+0.666667_eta+0.333333,0.0079999999999999,0.0039999999999999,0.0566666666666666,Conventional,C,1,259787182,square|xi+0.666667_eta+0.333333|C|r01,cached,332,B1,2000,332,0.038514306018660266,-0.04878514671931104,-0.4730464535230574,0.9821687628850201,0.18800138619943527,GFE,0.9821687628850201,0.18800138619943527,GFE
-6565.281683588113,485.76547533304375,10000,11818,74.613058652998,False,1,Maximum number of iterations has been exceeded.,1,0.8160513969394204,0.0,True,w+,10000,False,square,Square,5,4,0.6666666666666665,0.3333333333333332,xi+0.666667_eta+0.333333,0.0079999999999999,0.0039999999999999,0.0566666666666666,Conventional,C,1,259787182,square|xi+0.666667_eta+0.333333|C|r01,cached,332,B1,10000,332,0.04633401782674953,-0.0568227163547378,-0.4756757704076045,0.9866002517601364,0.1631561927321037,GFE,0.9866002517601364,0.1631561927321037,GFE
-6611.6136142089545,489.2718464682721,9254,11032,77.17002814299485,False,2,Desired error not necessarily achieved due to precision loss.,-1,0.8664251626032252,1.1102230246251563e-16,True,w-,9254,True,square,Square,5,4,0.6666666666666665,0.3333333333333332,xi+0.666667_eta+0.333333,0.0079999999999999,0.0039999999999999,0.0566666666666666,Conventional,C,4,798400508,square|xi+0.666667_eta+0.333333|C|r04,new,335,B2,500,335,0.06824137717749632,0.06667212848480754,0.45548267566339773,0.9652777750486315,0.2612256055542096,GFE,0.9652777750486315,0.2612256055542096,GFE
-6611.6136142089545,489.2718464682721,9254,11032,77.17002814299485,False,2,Desired error not necessarily achieved due to precision loss.,-1,0.8664251626032252,1.1102230246251563e-16,True,w-,9254,True,square,Square,5,4,0.6666666666666665,0.3333333333333332,xi+0.666667_eta+0.333333,0.0079999999999999,0.0039999999999999,0.0566666666666666,Conventional,C,4,798400508,square|xi+0.666667_eta+0.333333|C|r04,new,335,B2,2000,335,0.07740713625289486,0.07830765470972288,0.4764564438984437,0.9881550856373835,0.15345855052415702,GFE,0.9881550856373835,0.15345855052415702,GFE
-6611.6136142089545,489.2718464682721,9254,11032,77.17002814299485,False,2,Desired error not necessarily achieved due to precision loss.,-1,0.8664251626032252,1.1102230246251563e-16,True,w-,9254,True,square,Square,5,4,0.6666666666666665,0.3333333333333332,xi+0.666667_eta+0.333333,0.0079999999999999,0.0039999999999999,0.0566666666666666,Conventional,C,4,798400508,square|xi+0.666667_eta+0.333333|C|r04,new,335,B2,10000,335,0.0875985177149881,0.08862915629012182,0.48255785012244284,0.9980617686537395,0.0622310690231926,GFE,0.9980617686537395,0.0622310690231926,GFE
-6517.437220439838,493.9924534587527,10000,11904,67.27521024299494,False,1,Maximum number of iterations has been exceeded.,1,0.8683572644064455,0.0,True,w+,10000,False,square,Square,5,5,0.6666666666666665,0.6666666666666665,xi+0.666667_eta+0.666667,0.0079999999999999,0.0079999999999999,0.0566666666666666,Conventional,C,5,185734694,square|xi+0.666667_eta+0.666667|C|r05,cached,406,B1,500,406,0.029970277386360406,-0.044047513363173536,-0.4357354817105302,0.9406319405347198,0.3394282729029617,GFE,0.9406319405347198,0.3394282729029617,GFE
-6517.437220439838,493.9924534587527,10000,11904,67.27521024299494,False,1,Maximum number of iterations has been exceeded.,1,0.8683572644064455,0.0,True,w+,10000,False,square,Square,5,5,0.6666666666666665,0.6666666666666665,xi+0.666667_eta+0.666667,0.0079999999999999,0.0079999999999999,0.0566666666666666,Conventional,C,5,185734694,square|xi+0.666667_eta+0.666667|C|r05,cached,406,B1,2000,406,0.029423106233823996,-0.046283094603313035,-0.4707396729978849,0.980026819619958,0.1988653635643733,GFE,0.980026819619958,0.1988653635643733,GFE
-6517.437220439838,493.9924534587527,10000,11904,67.27521024299494,False,1,Maximum number of iterations has been exceeded.,1,0.8683572644064455,0.0,True,w+,10000,False,square,Square,5,5,0.6666666666666665,0.6666666666666665,xi+0.666667_eta+0.666667,0.0079999999999999,0.0079999999999999,0.0566666666666666,Conventional,C,5,185734694,square|xi+0.666667_eta+0.666667|C|r05,cached,406,B1,10000,406,0.030084842545385456,-0.04878818875740411,-0.4820603820228611,0.995075863017723,0.09911622894124736,GFE,0.995075863017723,0.09911622894124736,GFE
-6511.623811025095,511.40521628872494,10000,11806,115.96208062699588,False,1,Maximum number of iterations has been exceeded.,-1,0.7992271236991587,1.1102230246251563e-16,True,w-,10000,False,square,Square,5,5,0.6666666666666665,0.6666666666666665,xi+0.666667_eta+0.666667,0.0079999999999999,0.0079999999999999,0.0566666666666666,Conventional,C,4,661948224,square|xi+0.666667_eta+0.666667|C|r04,cached,405,B2,500,405,0.06704227677893863,0.06475343069006231,0.4383183014315204,0.9440578331847329,0.3297799381444344,GFE,0.9440578331847329,0.3297799381444344,GFE
-6511.623811025095,511.40521628872494,10000,11806,115.96208062699588,False,1,Maximum number of iterations has been exceeded.,-1,0.7992271236991587,1.1102230246251563e-16,True,w-,10000,False,square,Square,5,5,0.6666666666666665,0.6666666666666665,xi+0.666667_eta+0.666667,0.0079999999999999,0.0079999999999999,0.0566666666666666,Conventional,C,4,661948224,square|xi+0.666667_eta+0.666667|C|r04,cached,405,B2,2000,405,0.08202581827422846,0.07605086472925864,0.46670195964349287,0.9806233345002857,0.19590272033216077,GFE,0.9806233345002857,0.19590272033216077,GFE
-6511.623811025095,511.40521628872494,10000,11806,115.96208062699588,False,1,Maximum number of iterations has been exceeded.,-1,0.7992271236991587,1.1102230246251563e-16,True,w-,10000,False,square,Square,5,5,0.6666666666666665,0.6666666666666665,xi+0.666667_eta+0.666667,0.0079999999999999,0.0079999999999999,0.0566666666666666,Conventional,C,4,661948224,square|xi+0.666667_eta+0.666667|C|r04,cached,405,B2,10000,405,0.0971158973749714,0.09034200994124218,0.4781250132674703,0.994004832969814,0.1093361423896606,GFE,0.994004832969814,0.1093361423896606,GFE
-6414.015350679965,491.84804234821655,8058,9625,71.34567584899924,False,2,Desired error not necessarily achieved due to precision loss.,1,0.8512226080107232,0.0,True,w+,8058,True,square,Square,5,6,0.6666666666666665,1.0,xi+0.666667_eta+1.000000,0.0079999999999999,0.012,0.0566666666666666,Conventional,C,7,715094545,square|xi+0.666667_eta+1.000000|C|r07,new,478,B1,500,478,0.011626438171882565,-0.029817060927825056,-0.4404231998128675,0.9480067798888572,0.3182501300624399,GFE,0.9480067798888572,0.3182501300624399,GFE
-6414.015350679965,491.84804234821655,8058,9625,71.34567584899924,False,2,Desired error not necessarily achieved due to precision loss.,1,0.8512226080107232,0.0,True,w+,8058,True,square,Square,5,6,0.6666666666666665,1.0,xi+0.666667_eta+1.000000,0.0079999999999999,0.012,0.0566666666666666,Conventional,C,7,715094545,square|xi+0.666667_eta+1.000000|C|r07,new,478,B1,2000,478,0.003781478488268341,-0.027578132007152433,-0.46920609873206154,0.9882244875598761,0.15301098714478073,GFE,0.9882244875598761,0.15301098714478073,GFE
-6414.015350679965,491.84804234821655,8058,9625,71.34567584899924,False,2,Desired error not necessarily achieved due to precision loss.,1,0.8512226080107232,0.0,True,w+,8058,True,square,Square,5,6,0.6666666666666665,1.0,xi+0.666667_eta+1.000000,0.0079999999999999,0.012,0.0566666666666666,Conventional,C,7,715094545,square|xi+0.666667_eta+1.000000|C|r07,new,478,B1,10000,478,0.009250889687643371,-0.03302056000449407,-0.47521730577591403,0.9968296065294662,0.07956591950269723,GFE,0.9968296065294662,0.07956591950269723,GFE
-6370.228567306333,506.08356619949217,10000,11759,288.49284138100484,False,1,Maximum number of iterations has been exceeded.,-1,0.8099861282042488,1.1102230246251563e-16,True,w-,10000,False,square,Square,5,6,0.6666666666666665,1.0,xi+0.666667_eta+1.000000,0.0079999999999999,0.012,0.0566666666666666,Conventional,C,5,445970841,square|xi+0.666667_eta+1.000000|C|r05,cached,476,B2,500,476,0.08754846089199006,0.07630650186547962,0.44169273743785725,0.9494588612210758,0.3138914953431805,GFE,0.9494588612210758,0.3138914953431805,GFE
-6370.228567306333,506.08356619949217,10000,11759,288.49284138100484,False,1,Maximum number of iterations has been exceeded.,-1,0.8099861282042488,1.1102230246251563e-16,True,w-,10000,False,square,Square,5,6,0.6666666666666665,1.0,xi+0.666667_eta+1.000000,0.0079999999999999,0.012,0.0566666666666666,Conventional,C,5,445970841,square|xi+0.666667_eta+1.000000|C|r05,cached,476,B2,2000,476,0.09377118275702885,0.08335932120853613,0.4623282261926676,0.9737614042906665,0.22757136795710747,GFE,0.9737614042906665,0.22757136795710747,GFE
-6370.228567306333,506.08356619949217,10000,11759,288.49284138100484,False,1,Maximum number of iterations has been exceeded.,-1,0.8099861282042488,1.1102230246251563e-16,True,w-,10000,False,square,Square,5,6,0.6666666666666665,1.0,xi+0.666667_eta+1.000000,0.0079999999999999,0.012,0.0566666666666666,Conventional,C,5,445970841,square|xi+0.666667_eta+1.000000|C|r05,cached,476,B2,10000,476,0.10741464379252517,0.09560049498758581,0.47453350761542745,0.9894100732020091,0.14514719096970127,GFE,0.9894100732020091,0.14514719096970127,GFE
-5694.608504106759,495.5699523773371,10000,11889,90.73041231800016,False,1,Maximum number of iterations has been exceeded.,1,0.7831369456393998,2.220446049250313e-16,True,w+,10000,False,square,Square,6,0,1.0,-1.0,xi+1.000000_eta-1.000000,0.012,-0.012,0.06,Conventional,C,6,957636010,square|xi+1.000000_eta-1.000000|C|r06,cached,66,B1,500,66,0.10878289505464887,-0.08475998555967958,-0.4214670082837657,0.9355640683374709,0.35315701045829484,GFE,0.9355640683374709,0.35315701045829484,GFE
-5694.608504106759,495.5699523773371,10000,11889,90.73041231800016,False,1,Maximum number of iterations has been exceeded.,1,0.7831369456393998,2.220446049250313e-16,True,w+,10000,False,square,Square,6,0,1.0,-1.0,xi+1.000000_eta-1.000000,0.012,-0.012,0.06,Conventional,C,6,957636010,square|xi+1.000000_eta-1.000000|C|r06,cached,66,B1,2000,66,0.10435598341662564,-0.09500983192886898,-0.457743225810468,0.9724569563928869,0.23308253465904083,GFE,0.9724569563928869,0.23308253465904083,GFE
-5694.608504106759,495.5699523773371,10000,11889,90.73041231800016,False,1,Maximum number of iterations has been exceeded.,1,0.7831369456393998,2.220446049250313e-16,True,w+,10000,False,square,Square,6,0,1.0,-1.0,xi+1.000000_eta-1.000000,0.012,-0.012,0.06,Conventional,C,6,957636010,square|xi+1.000000_eta-1.000000|C|r06,cached,66,B1,10000,66,0.1237516460121957,-0.11513069823594117,-0.47026245767933206,0.9920431033579343,0.12589869371823836,GFE,0.9920431033579343,0.12589869371823836,GFE
-5695.653867831177,481.2698549752941,10000,11830,300.64349386499816,False,1,Maximum number of iterations has been exceeded.,-1,0.8585995054049236,0.0,True,w-,10000,False,square,Square,6,0,1.0,-1.0,xi+1.000000_eta-1.000000,0.012,-0.012,0.06,Conventional,C,0,674608344,square|xi+1.000000_eta-1.000000|C|r00,cached,60,B2,500,60,0.02020709243303214,0.04302828053491486,0.4445582024207946,0.957179999988928,0.2894934327773185,GFE,0.957179999988928,0.2894934327773185,GFE
-5695.653867831177,481.2698549752941,10000,11830,300.64349386499816,False,1,Maximum number of iterations has been exceeded.,-1,0.8585995054049236,0.0,True,w-,10000,False,square,Square,6,0,1.0,-1.0,xi+1.000000_eta-1.000000,0.012,-0.012,0.06,Conventional,C,0,674608344,square|xi+1.000000_eta-1.000000|C|r00,cached,60,B2,2000,60,0.02762604532436989,0.05096388619074731,0.4609889915221627,0.9795758896425041,0.201074803073624,GFE,0.9795758896425041,0.201074803073624,GFE
-5695.653867831177,481.2698549752941,10000,11830,300.64349386499816,False,1,Maximum number of iterations has been exceeded.,-1,0.8585995054049236,0.0,True,w-,10000,False,square,Square,6,0,1.0,-1.0,xi+1.000000_eta-1.000000,0.012,-0.012,0.06,Conventional,C,0,674608344,square|xi+1.000000_eta-1.000000|C|r00,cached,60,B2,10000,60,0.04630432883961887,0.07088378926910488,0.46754884653036577,0.9932375691050689,0.11609966114616145,GFE,0.9932375691050689,0.11609966114616145,GFE
-5825.730615199251,477.5127272017456,10000,11920,83.83976214399445,False,1,Maximum number of iterations has been exceeded.,1,0.8265768537608121,3.3306690738754696e-16,True,w+,10000,False,square,Square,6,1,1.0,-0.6666666666666667,xi+1.000000_eta-0.666667,0.012,-0.008,0.06,Conventional,C,4,352392853,square|xi+1.000000_eta-0.666667|C|r04,cached,135,B1,500,135,0.07621660351187953,-0.07372481661416574,-0.4253883381319865,0.9375139398523169,0.3479477153001387,GFE,0.9375139398523169,0.3479477153001387,GFE
-5825.730615199251,477.5127272017456,10000,11920,83.83976214399445,False,1,Maximum number of iterations has been exceeded.,1,0.8265768537608121,3.3306690738754696e-16,True,w+,10000,False,square,Square,6,1,1.0,-0.6666666666666667,xi+1.000000_eta-0.666667,0.012,-0.008,0.06,Conventional,C,4,352392853,square|xi+1.000000_eta-0.666667|C|r04,cached,135,B1,2000,135,0.10625651685736034,-0.10390287752583942,-0.46037558623993285,0.9788965337823764,0.20435649279836643,GFE,0.9788965337823764,0.20435649279836643,GFE
-5825.730615199251,477.5127272017456,10000,11920,83.83976214399445,False,1,Maximum number of iterations has been exceeded.,1,0.8265768537608121,3.3306690738754696e-16,True,w+,10000,False,square,Square,6,1,1.0,-0.6666666666666667,xi+1.000000_eta-0.666667,0.012,-0.008,0.06,Conventional,C,4,352392853,square|xi+1.000000_eta-0.666667|C|r04,cached,135,B1,10000,135,0.11329131005716125,-0.11122800290791132,-0.474309519511146,0.9928463615694598,0.11939892092596753,GFE,0.9928463615694598,0.11939892092596753,GFE
-5789.451351357468,495.8823392296795,10000,11794,85.28671108999697,False,1,Maximum number of iterations has been exceeded.,-1,0.8241408939045015,0.0,True,w-,10000,False,square,Square,6,1,1.0,-0.6666666666666667,xi+1.000000_eta-0.666667,0.012,-0.008,0.06,Conventional,C,8,307708956,square|xi+1.000000_eta-0.666667|C|r08,cached,139,B2,500,139,0.012768145826115296,0.026734471982672512,0.42315526685954863,0.9198779812625292,0.39220466543422716,GFE,0.9198779812625292,0.39220466543422716,GFE
-5789.451351357468,495.8823392296795,10000,11794,85.28671108999697,False,1,Maximum number of iterations has been exceeded.,-1,0.8241408939045015,0.0,True,w-,10000,False,square,Square,6,1,1.0,-0.6666666666666667,xi+1.000000_eta-0.666667,0.012,-0.008,0.06,Conventional,C,8,307708956,square|xi+1.000000_eta-0.666667|C|r08,cached,139,B2,2000,139,0.060115505648306984,0.0746463422385837,0.4593131450002116,0.9740339343937481,0.22640206414570438,GFE,0.9740339343937481,0.22640206414570438,GFE
-5789.451351357468,495.8823392296795,10000,11794,85.28671108999697,False,1,Maximum number of iterations has been exceeded.,-1,0.8241408939045015,0.0,True,w-,10000,False,square,Square,6,1,1.0,-0.6666666666666667,xi+1.000000_eta-0.666667,0.012,-0.008,0.06,Conventional,C,8,307708956,square|xi+1.000000_eta-0.666667|C|r08,cached,139,B2,10000,139,0.06110940796464198,0.07760891097910075,0.46866098257035066,0.9867452114759881,0.16227719380494415,GFE,0.9867452114759881,0.16227719380494415,GFE
-5882.545994695229,501.00395415615407,10000,11801,104.5845432809947,False,1,Maximum number of iterations has been exceeded.,1,0.8242331033992502,6.661338147750939e-16,True,w+,10000,False,square,Square,6,2,1.0,-0.3333333333333333,xi+1.000000_eta-0.333333,0.012,-0.004,0.06,Conventional,C,7,609137663,square|xi+1.000000_eta-0.333333|C|r07,cached,208,B1,500,208,0.07549825295419532,-0.07627217276113468,-0.4334625180901748,0.9344778715057821,0.3560212179997465,GFE,0.9344778715057821,0.3560212179997465,GFE
-5882.545994695229,501.00395415615407,10000,11801,104.5845432809947,False,1,Maximum number of iterations has been exceeded.,1,0.8242331033992502,6.661338147750939e-16,True,w+,10000,False,square,Square,6,2,1.0,-0.3333333333333333,xi+1.000000_eta-0.333333,0.012,-0.004,0.06,Conventional,C,7,609137663,square|xi+1.000000_eta-0.333333|C|r07,cached,208,B1,2000,208,0.0901594086833661,-0.09229503981928074,-0.4675508946096409,0.9716509643012614,0.23641997287122085,GFE,0.9716509643012614,0.23641997287122085,GFE
-5882.545994695229,501.00395415615407,10000,11801,104.5845432809947,False,1,Maximum number of iterations has been exceeded.,1,0.8242331033992502,6.661338147750939e-16,True,w+,10000,False,square,Square,6,2,1.0,-0.3333333333333333,xi+1.000000_eta-0.333333,0.012,-0.004,0.06,Conventional,C,7,609137663,square|xi+1.000000_eta-0.333333|C|r07,cached,208,B1,10000,208,0.09648249569161614,-0.09999952855771864,-0.4772823277456349,0.9905494563603857,0.1371560224858693,GFE,0.9905494563603857,0.1371560224858693,GFE
-5901.64485193024,486.8308091358566,10000,11756,70.47190593599953,False,1,Maximum number of iterations has been exceeded.,-1,0.8450998193195706,0.0,True,w-,10000,False,square,Square,6,2,1.0,-0.3333333333333333,xi+1.000000_eta-0.333333,0.012,-0.004,0.06,Conventional,C,0,872025358,square|xi+1.000000_eta-0.333333|C|r00,cached,201,B2,500,201,0.03497944775822482,0.05555443320846891,0.43960679177134204,0.947894880362246,0.3185832635011502,GFE,0.947894880362246,0.3185832635011502,GFE
-5901.64485193024,486.8308091358566,10000,11756,70.47190593599953,False,1,Maximum number of iterations has been exceeded.,-1,0.8450998193195706,0.0,True,w-,10000,False,square,Square,6,2,1.0,-0.3333333333333333,xi+1.000000_eta-0.333333,0.012,-0.004,0.06,Conventional,C,0,872025358,square|xi+1.000000_eta-0.333333|C|r00,cached,201,B2,2000,201,0.06170513843404588,0.07771342034398195,0.47182339359686376,0.9818691878613962,0.189559747648076,GFE,0.9818691878613962,0.189559747648076,GFE
-5901.64485193024,486.8308091358566,10000,11756,70.47190593599953,False,1,Maximum number of iterations has been exceeded.,-1,0.8450998193195706,0.0,True,w-,10000,False,square,Square,6,2,1.0,-0.3333333333333333,xi+1.000000_eta-0.333333,0.012,-0.004,0.06,Conventional,C,0,872025358,square|xi+1.000000_eta-0.333333|C|r00,cached,201,B2,10000,201,0.0791848154003267,0.09371339303562931,0.4780112602772282,0.9956987959015325,0.09264938121886306,GFE,0.9956987959015325,0.09264938121886306,GFE
-5923.109344588174,491.7882283671567,10000,11764,65.9146301159999,False,1,Maximum number of iterations has been exceeded.,1,0.8543041753408326,3.3306690738754696e-16,True,w+,10000,False,square,Square,6,3,1.0,0.0,xi+1.000000_eta+0.000000,0.012,0.0,0.06,Conventional,C,8,664480377,square|xi+1.000000_eta+0.000000|C|r08,cached,279,B1,500,279,0.07784875444841642,-0.0848184184706978,-0.4420360149303762,0.952301380308444,0.3051591077825342,GFE,0.952301380308444,0.3051591077825342,GFE
-5923.109344588174,491.7882283671567,10000,11764,65.9146301159999,False,1,Maximum number of iterations has been exceeded.,1,0.8543041753408326,3.3306690738754696e-16,True,w+,10000,False,square,Square,6,3,1.0,0.0,xi+1.000000_eta+0.000000,0.012,0.0,0.06,Conventional,C,8,664480377,square|xi+1.000000_eta+0.000000|C|r08,cached,279,B1,2000,279,0.07764633783322902,-0.08701229567293814,-0.46949089682612194,0.9782923747387552,0.2072294127965599,GFE,0.9782923747387552,0.2072294127965599,GFE
-5923.109344588174,491.7882283671567,10000,11764,65.9146301159999,False,1,Maximum number of iterations has been exceeded.,1,0.8543041753408326,3.3306690738754696e-16,True,w+,10000,False,square,Square,6,3,1.0,0.0,xi+1.000000_eta+0.000000,0.012,0.0,0.06,Conventional,C,8,664480377,square|xi+1.000000_eta+0.000000|C|r08,cached,279,B1,10000,279,0.09307713938066114,-0.10068136988548847,-0.4741238519154788,0.9885788638262923,0.1507044458399185,GFE,0.9885788638262923,0.1507044458399185,GFE
-5946.345960973753,495.9950912185207,9917,11711,69.22530317199562,False,2,Desired error not necessarily achieved due to precision loss.,-1,0.8685018790249012,3.3306690738754696e-16,True,w-,9917,True,square,Square,6,3,1.0,0.0,xi+1.000000_eta+0.000000,0.012,0.0,0.06,Conventional,C,1,103867417,square|xi+1.000000_eta+0.000000|C|r01,new,272,B2,500,272,0.04225788443749237,0.04703520871534356,0.43880917177840423,0.9431451969414776,0.3323810125236119,GFE,0.9431451969414776,0.3323810125236119,GFE
-5946.345960973753,495.9950912185207,9917,11711,69.22530317199562,False,2,Desired error not necessarily achieved due to precision loss.,-1,0.8685018790249012,3.3306690738754696e-16,True,w-,9917,True,square,Square,6,3,1.0,0.0,xi+1.000000_eta+0.000000,0.012,0.0,0.06,Conventional,C,1,103867417,square|xi+1.000000_eta+0.000000|C|r01,new,272,B2,2000,272,0.07306517702915347,0.08208239276900917,0.4707248010377261,0.9818467048080812,0.18967616681468596,GFE,0.9818467048080812,0.18967616681468596,GFE
-5946.345960973753,495.9950912185207,9917,11711,69.22530317199562,False,2,Desired error not necessarily achieved due to precision loss.,-1,0.8685018790249012,3.3306690738754696e-16,True,w-,9917,True,square,Square,6,3,1.0,0.0,xi+1.000000_eta+0.000000,0.012,0.0,0.06,Conventional,C,1,103867417,square|xi+1.000000_eta+0.000000|C|r01,new,272,B2,10000,272,0.0922020166146212,0.10156259987050348,0.47913599131961704,0.9957334190392312,0.09227653118991218,GFE,0.9957334190392312,0.09227653118991218,GFE
-5900.144398396707,482.7714987876291,10000,11898,109.8458401290045,False,1,Maximum number of iterations has been exceeded.,1,0.8380498487203143,0.0,True,w+,10000,False,square,Square,6,4,1.0,0.3333333333333332,xi+1.000000_eta+0.333333,0.012,0.0039999999999999,0.06,Conventional,C,8,390240167,square|xi+1.000000_eta+0.333333|C|r08,cached,349,B1,500,349,0.06104322063546525,-0.06855453148493534,-0.4492667783169965,0.9522956208326421,0.3051770806318404,GFE,0.9522956208326421,0.3051770806318404,GFE
-5900.144398396707,482.7714987876291,10000,11898,109.8458401290045,False,1,Maximum number of iterations has been exceeded.,1,0.8380498487203143,0.0,True,w+,10000,False,square,Square,6,4,1.0,0.3333333333333332,xi+1.000000_eta+0.333333,0.012,0.0039999999999999,0.06,Conventional,C,8,390240167,square|xi+1.000000_eta+0.333333|C|r08,cached,349,B1,2000,349,0.07157117314752962,-0.0844064754205409,-0.46859628510605594,0.9795298487027819,0.20129897044025127,GFE,0.9795298487027819,0.20129897044025127,GFE
-5900.144398396707,482.7714987876291,10000,11898,109.8458401290045,False,1,Maximum number of iterations has been exceeded.,1,0.8380498487203143,0.0,True,w+,10000,False,square,Square,6,4,1.0,0.3333333333333332,xi+1.000000_eta+0.333333,0.012,0.0039999999999999,0.06,Conventional,C,8,390240167,square|xi+1.000000_eta+0.333333|C|r08,cached,349,B1,10000,349,0.07330394049107826,-0.0877848553171687,-0.4756595095148529,0.9885245056462774,0.15106058962145927,GFE,0.9885245056462774,0.15106058962145927,GFE
-5895.516698801607,494.9904947650022,10000,11814,70.25281293399894,False,1,Maximum number of iterations has been exceeded.,-1,0.8175147556166041,3.3306690738754696e-16,True,w-,10000,False,square,Square,6,4,1.0,0.3333333333333332,xi+1.000000_eta+0.333333,0.012,0.0039999999999999,0.06,Conventional,C,1,399186593,square|xi+1.000000_eta+0.333333|C|r01,cached,342,B2,500,342,0.09408854273390412,0.08098398279295266,0.40896705496367775,0.9213652302270939,0.38869797083156243,GFE,0.9213652302270939,0.38869797083156243,GFE
-5895.516698801607,494.9904947650022,10000,11814,70.25281293399894,False,1,Maximum number of iterations has been exceeded.,-1,0.8175147556166041,3.3306690738754696e-16,True,w-,10000,False,square,Square,6,4,1.0,0.3333333333333332,xi+1.000000_eta+0.333333,0.012,0.0039999999999999,0.06,Conventional,C,1,399186593,square|xi+1.000000_eta+0.333333|C|r01,cached,342,B2,2000,342,0.08619812392441488,0.09136921388451115,0.466574531001474,0.977954456637273,0.20881829599749197,GFE,0.977954456637273,0.20881829599749197,GFE
-5895.516698801607,494.9904947650022,10000,11814,70.25281293399894,False,1,Maximum number of iterations has been exceeded.,-1,0.8175147556166041,3.3306690738754696e-16,True,w-,10000,False,square,Square,6,4,1.0,0.3333333333333332,xi+1.000000_eta+0.333333,0.012,0.0039999999999999,0.06,Conventional,C,1,399186593,square|xi+1.000000_eta+0.333333|C|r01,cached,342,B2,10000,342,0.09881562934859418,0.10269838774461663,0.47924408948432734,0.9938306681075307,0.11090808414601301,GFE,0.9938306681075307,0.11090808414601301,GFE
-5811.6394371677325,478.21898586924425,10000,11703,68.84704212100041,False,1,Maximum number of iterations has been exceeded.,1,0.8167429371436957,0.0,True,w+,10000,False,square,Square,6,5,1.0,0.6666666666666665,xi+1.000000_eta+0.666667,0.012,0.0079999999999999,0.06,Conventional,C,8,996347916,square|xi+1.000000_eta+0.666667|C|r08,cached,419,B1,500,419,-0.000756360783950406,-0.01295702363838811,-0.4146902420157615,0.9315090990020137,0.3637180205550127,GFE,0.9315090990020137,0.3637180205550127,GFE
-5811.6394371677325,478.21898586924425,10000,11703,68.84704212100041,False,1,Maximum number of iterations has been exceeded.,1,0.8167429371436957,0.0,True,w+,10000,False,square,Square,6,5,1.0,0.6666666666666665,xi+1.000000_eta+0.666667,0.012,0.0079999999999999,0.06,Conventional,C,8,996347916,square|xi+1.000000_eta+0.666667|C|r08,cached,419,B1,2000,419,0.028986281506662697,-0.04861586582874463,-0.4600237479085393,0.9703694904840172,0.24162585113722582,GFE,0.9703694904840172,0.24162585113722582,GFE
-5811.6394371677325,478.21898586924425,10000,11703,68.84704212100041,False,1,Maximum number of iterations has been exceeded.,1,0.8167429371436957,0.0,True,w+,10000,False,square,Square,6,5,1.0,0.6666666666666665,xi+1.000000_eta+0.666667,0.012,0.0079999999999999,0.06,Conventional,C,8,996347916,square|xi+1.000000_eta+0.666667|C|r08,cached,419,B1,10000,419,0.059982759637211974,-0.08072750958016109,-0.47625631510943794,0.9927770193526858,0.11997412156459784,GFE,0.9927770193526858,0.11997412156459784,GFE
-5831.003070382528,471.6991637948359,9002,10732,74.78823575900606,False,2,Desired error not necessarily achieved due to precision loss.,-1,0.848500314379413,2.220446049250313e-16,True,w-,9002,True,square,Square,6,5,1.0,0.6666666666666665,xi+1.000000_eta+0.666667,0.012,0.0079999999999999,0.06,Conventional,C,9,20139910,square|xi+1.000000_eta+0.666667|C|r09,new,420,B2,500,420,0.08685612680383585,0.07705912409428589,0.43040803805571815,0.9459831097346462,0.32421590969100883,GFE,0.9459831097346462,0.32421590969100883,GFE
-5831.003070382528,471.6991637948359,9002,10732,74.78823575900606,False,2,Desired error not necessarily achieved due to precision loss.,-1,0.848500314379413,2.220446049250313e-16,True,w-,9002,True,square,Square,6,5,1.0,0.6666666666666665,xi+1.000000_eta+0.666667,0.012,0.0079999999999999,0.06,Conventional,C,9,20139910,square|xi+1.000000_eta+0.666667|C|r09,new,420,B2,2000,420,0.1073016012952305,0.10393527454126474,0.46607209882133,0.984907626296765,0.17308081251967797,GFE,0.984907626296765,0.17308081251967797,GFE
-5831.003070382528,471.6991637948359,9002,10732,74.78823575900606,False,2,Desired error not necessarily achieved due to precision loss.,-1,0.848500314379413,2.220446049250313e-16,True,w-,9002,True,square,Square,6,5,1.0,0.6666666666666665,xi+1.000000_eta+0.666667,0.012,0.0079999999999999,0.06,Conventional,C,9,20139910,square|xi+1.000000_eta+0.666667|C|r09,new,420,B2,10000,420,0.1205084978466581,0.11814123389455967,0.47453289276406435,0.9956753386504504,0.09290113025852177,GFE,0.9956753386504504,0.09290113025852177,GFE
-5697.153933111627,475.6627807576364,9023,10637,76.45059358299477,False,2,Desired error not necessarily achieved due to precision loss.,1,0.8647253816693272,3.3306690738754696e-16,True,w+,9023,True,square,Square,6,6,1.0,1.0,xi+1.000000_eta+1.000000,0.012,0.012,0.06,Conventional,C,2,307684928,square|xi+1.000000_eta+1.000000|C|r02,new,483,B1,500,483,0.021602477528483016,-0.03945077394428997,-0.42201711821380106,0.9384424768652739,0.34543554770024726,GFE,0.9384424768652739,0.34543554770024726,GFE
-5697.153933111627,475.6627807576364,9023,10637,76.45059358299477,False,2,Desired error not necessarily achieved due to precision loss.,1,0.8647253816693272,3.3306690738754696e-16,True,w+,9023,True,square,Square,6,6,1.0,1.0,xi+1.000000_eta+1.000000,0.012,0.012,0.06,Conventional,C,2,307684928,square|xi+1.000000_eta+1.000000|C|r02,new,483,B1,2000,483,0.02918686180785257,-0.05101035257661763,-0.46028555067826665,0.9789680445185264,0.20401364614057696,GFE,0.9789680445185264,0.20401364614057696,GFE
-5697.153933111627,475.6627807576364,9023,10637,76.45059358299477,False,2,Desired error not necessarily achieved due to precision loss.,1,0.8647253816693272,3.3306690738754696e-16,True,w+,9023,True,square,Square,6,6,1.0,1.0,xi+1.000000_eta+1.000000,0.012,0.012,0.06,Conventional,C,2,307684928,square|xi+1.000000_eta+1.000000|C|r02,new,483,B1,10000,483,0.038695754643357096,-0.06308664915466351,-0.468661867631178,0.9892341629220759,0.14634128230905946,GFE,0.9892341629220759,0.14634128230905946,GFE
-5693.485621929209,479.3619434480103,10000,11770,90.59558264699444,False,1,Maximum number of iterations has been exceeded.,-1,0.8529633704113155,1.1102230246251563e-16,True,w-,10000,False,square,Square,6,6,1.0,1.0,xi+1.000000_eta+1.000000,0.012,0.012,0.06,Conventional,C,3,910397780,square|xi+1.000000_eta+1.000000|C|r03,cached,484,B2,500,484,0.11198332411110311,0.10168361952750617,0.43554157780497527,0.94730545912583,0.3203316517461246,GFE,0.94730545912583,0.3203316517461246,GFE
-5693.485621929209,479.3619434480103,10000,11770,90.59558264699444,False,1,Maximum number of iterations has been exceeded.,-1,0.8529633704113155,1.1102230246251563e-16,True,w-,10000,False,square,Square,6,6,1.0,1.0,xi+1.000000_eta+1.000000,0.012,0.012,0.06,Conventional,C,3,910397780,square|xi+1.000000_eta+1.000000|C|r03,cached,484,B2,2000,484,0.11573905178312961,0.10736050747396356,0.4624803062903974,0.9799343772698034,0.19932038592387558,GFE,0.9799343772698034,0.19932038592387558,GFE
-5693.485621929209,479.3619434480103,10000,11770,90.59558264699444,False,1,Maximum number of iterations has been exceeded.,-1,0.8529633704113155,1.1102230246251563e-16,True,w-,10000,False,square,Square,6,6,1.0,1.0,xi+1.000000_eta+1.000000,0.012,0.012,0.06,Conventional,C,3,910397780,square|xi+1.000000_eta+1.000000|C|r03,cached,484,B2,10000,484,0.12409162417822835,0.11688133123373898,0.46766386442579944,0.9888909694423208,0.14864269425513962,GFE,0.9888909694423208,0.14864269425513962,GFE
