method,task,seed,alpha_per_m,iteration_cap,maxiter,cap,iterations,evaluations,objective,gradient_norm,terminal_gradient_norm,terminal_gradient_l2,terminal_gradient_rms,terminal_gradient_inf,stationary_gtol,terminal_gradient_units,terminal_gradient_status,optimizer_success,optimizer_status,optimizer_message,native_success,native_status,native_message,wall_time_s,native_reported_interval_s,native_reported_interval_scope,phase_content_id,initial_phase_content_id,actual_force_target_z_n,force_target_z_n,cache_status,cache_path,cache_source,timing_campaign,timing_observation_origin,timing_json,role,optimizer,optimizer_options_json,evaluator_backend,correct_sign_gorkov,run_mode,evidence_status,manuscript_numerics,near_stationary,timing_protocol_id,timing_scope,timing_backend,timing_comparable,timing_exclusion_reason,timing_problem_initialization_s,timing_acoustic_transfer_construction_s,timing_device_transfer_s,timing_compilation_warmup_s,timing_pre_solve_synchronization_s,timing_solve_s,timing_post_solve_synchronization_s,timing_result_extraction_s,timing_orchestration_overhead_s,timing_total_s,timing_device_transfer_status,timing_compilation_warmup_status,timing_pre_solve_synchronization_status,timing_post_solve_synchronization_status,timing_decomposition_complete,command_time_s,target_x_m,target_y_m,target_z_m,repeat,solver_metadata_json,terminal_projective_change_rad,timing_observation_count,timing_record_role,config_json,native_stage_records_json
Conventional,Single,172817509.0,0.0,10000.0,10000.0,10000.0,6130,7708.0,-55.45903871811982,696.9510597813381,696.9510597813381,696.9510597813381,43.64476833326121,151.0527752115831,False,N m^-1 rad^-1,native optimized-objective gradient,False,2.0,Desired error not necessarily achieved due to precision loss.,False,2.0,Desired error not necessarily achieved due to precision loss.,34.08955819999392,34.08955819999392,FESolveResult history interval; objective/transfer construction excluded; not used for cross-method ranking,000000000000080f1c962cbb4bdc0c96,000000000000080f71d09f64e6772173,0.0,0.0,cached,C:\RINENG_COMPACT_FULL_20260920\RINENG_GFE_Standalone_Run\production_outputs\cache\production_single_run\00000000000008b0d9390894038de217.pkl,C:\RINENG_COMPACT_FULL_20260920\RINENG_GFE_Standalone_Run\production_outputs\cache\production_single_run\00000000000008b0d9390894038de217.pkl,gfe-compact-v3-task-specific-20260920-00000000000003f329a2,same-machine protocol record replayed from cache,"{""protocol_id"": ""main-fig8-comparable-end-to-end-v2"", ""scope"": ""fresh command construction from declared inputs through terminal host phase: problem/objective initialization, acoustic transfer construction, applicable host-to-device transfer, compilation/warmup, device synchronization, native solve, and result extraction included; independent mechanical validation, cache retrieval, table export, and rendering excluded"", ""backend"": ""numpy/scipy-cpu"", ""problem_initialization_s"": 0.0004462999932002276, ""acoustic_transfer_construction_s"": 0.0032547999871894717, ""device_transfer_s"": null, ""compilation_warmup_s"": null, ""pre_solve_synchronization_s"": null, ""solve_s"": 34.15022679998947, ""post_solve_synchronization_s"": null, ""result_extraction_s"": 6.300004315562546e-06, ""orchestration_overhead_s"": 7.80003028921783e-06, ""total_s"": 34.15394200000446, ""device_transfer_status"": ""not_applicable_synchronous_cpu"", ""compilation_warmup_status"": ""not_applicable_synchronous_cpu"", ""pre_solve_synchronization_status"": ""not_applicable_synchronous_cpu"", ""post_solve_synchronization_status"": ""not_applicable_synchronous_cpu"", ""decomposition_complete"": true, ""comparable_total"": true, ""exclusion_reason"": null}",engineering,BFGS,{},native,True,full,PRODUCTION,True,False,main-fig8-comparable-end-to-end-v2,"fresh command construction from declared inputs through terminal host phase: problem/objective initialization, acoustic transfer construction, applicable host-to-device transfer, compilation/warmup, device synchronization, native solve, and result extraction included; independent mechanical validation, cache retrieval, table export, and rendering excluded",numpy/scipy-cpu,True,,0.0004462999932002276,0.0032547999871894717,N/A,N/A,N/A,34.15022679998947,N/A,6.300004315562546e-06,7.80003028921783e-06,34.15394200000446,not_applicable_synchronous_cpu,not_applicable_synchronous_cpu,not_applicable_synchronous_cpu,not_applicable_synchronous_cpu,True,34.15394200000446,0.0,0.0,0.05,,,,,,,
FE,Single,172817509.0,10.0,10000.0,10000.0,10000.0,31,36.0,-0.059054818336600354,3.619859556871251e-08,3.619859556871251e-08,3.619859556871251e-08,2.2668439848295026e-09,9.473746141774467e-09,True,N m^-1 rad^-1,native optimized-objective gradient,True,0.0,CONVERGENCE: NORM OF PROJECTED GRADIENT <= PGTOL,True,0.0,CONVERGENCE: NORM OF PROJECTED GRADIENT <= PGTOL,0.0037961999914841726,0.0037961999914841726,FESolveResult history interval; objective/transfer construction excluded; not used for cross-method ranking,000000000000080f88182c9c5dad1185,000000000000080f71d09f64e6772173,0.0,0.0,cached,C:\RINENG_COMPACT_FULL_20260920\RINENG_GFE_Standalone_Run\production_outputs\cache\production_single_run\0000000000000928908b589a32ef0d79.pkl,C:\RINENG_COMPACT_FULL_20260920\RINENG_GFE_Standalone_Run\production_outputs\cache\production_single_run\0000000000000928908b589a32ef0d79.pkl,gfe-compact-v3-task-specific-20260920-00000000000003f329a2,same-machine protocol record replayed from cache,"{""protocol_id"": ""main-fig8-comparable-end-to-end-v2"", ""scope"": ""fresh command construction from declared inputs through terminal host phase: problem/objective initialization, acoustic transfer construction, applicable host-to-device transfer, compilation/warmup, device synchronization, native solve, and result extraction included; independent mechanical validation, cache retrieval, table export, and rendering excluded"", ""backend"": ""numpy/scipy-cpu"", ""problem_initialization_s"": 0.0004191999905742705, ""acoustic_transfer_construction_s"": 0.00354989999323152, ""device_transfer_s"": null, ""compilation_warmup_s"": null, ""pre_solve_synchronization_s"": null, ""solve_s"": 0.004260800007614307, ""post_solve_synchronization_s"": null, ""result_extraction_s"": 2.2000021999701858e-06, ""orchestration_overhead_s"": 4.4000043999403715e-06, ""total_s"": 0.008236499998020008, ""device_transfer_status"": ""not_applicable_synchronous_cpu"", ""compilation_warmup_status"": ""not_applicable_synchronous_cpu"", ""pre_solve_synchronization_status"": ""not_applicable_synchronous_cpu"", ""post_solve_synchronization_status"": ""not_applicable_synchronous_cpu"", ""decomposition_complete"": true, ""comparable_total"": true, ""exclusion_reason"": null}",engineering,L-BFGS-B,"{""ftol"": 0.0, ""maxcor"": 10, ""maxfun"": 1000000, ""maxls"": 40}",compact-single-float64-v1,True,full,PRODUCTION,True,True,main-fig8-comparable-end-to-end-v2,"fresh command construction from declared inputs through terminal host phase: problem/objective initialization, acoustic transfer construction, applicable host-to-device transfer, compilation/warmup, device synchronization, native solve, and result extraction included; independent mechanical validation, cache retrieval, table export, and rendering excluded",numpy/scipy-cpu,True,,0.0004191999905742705,0.00354989999323152,N/A,N/A,N/A,0.004260800007614307,N/A,2.2000021999701858e-06,4.4000043999403715e-06,0.008236499998020008,not_applicable_synchronous_cpu,not_applicable_synchronous_cpu,not_applicable_synchronous_cpu,not_applicable_synchronous_cpu,True,0.008236499998020008,0.0,0.0,0.05,,,,,,,
GFE,Single,172817509.0,10.0,10000.0,10000.0,10000.0,31,36.0,-0.05904367548496645,1.3957500551841453e-08,1.3957500551841453e-08,1.3957500551841453e-08,8.740525888397497e-10,2.9416428029086287e-09,True,N m^-1 rad^-1,native optimized-objective gradient,True,0.0,CONVERGENCE: NORM OF PROJECTED GRADIENT <= PGTOL,True,0.0,CONVERGENCE: NORM OF PROJECTED GRADIENT <= PGTOL,0.00324400000681635,0.00324400000681635,FESolveResult history interval; objective/transfer construction excluded; not used for cross-method ranking,000000000000080f57f18575ab090e06,000000000000080f71d09f64e6772173,1.1142852793561358e-06,1.1142852793561358e-06,cached,C:\RINENG_COMPACT_FULL_20260920\RINENG_GFE_Standalone_Run\production_outputs\cache\production_single_run\000000000000093c42f49a1a6cb211cf.pkl,C:\RINENG_COMPACT_FULL_20260920\RINENG_GFE_Standalone_Run\production_outputs\cache\production_single_run\000000000000093c42f49a1a6cb211cf.pkl,gfe-compact-v3-task-specific-20260920-00000000000003f329a2,same-machine protocol record replayed from cache,"{""protocol_id"": ""main-fig8-comparable-end-to-end-v2"", ""scope"": ""fresh command construction from declared inputs through terminal host phase: problem/objective initialization, acoustic transfer construction, applicable host-to-device transfer, compilation/warmup, device synchronization, native solve, and result extraction included; independent mechanical validation, cache retrieval, table export, and rendering excluded"", ""backend"": ""numpy/scipy-cpu"", ""problem_initialization_s"": 0.000381499994546175, ""acoustic_transfer_construction_s"": 0.0033345999981975183, ""device_transfer_s"": null, ""compilation_warmup_s"": null, ""pre_solve_synchronization_s"": null, ""solve_s"": 0.0037065999931655824, ""post_solve_synchronization_s"": null, ""result_extraction_s"": 2.3000029614195228e-06, ""orchestration_overhead_s"": 5.2000104915350676e-06, ""total_s"": 0.00743019999936223, ""device_transfer_status"": ""not_applicable_synchronous_cpu"", ""compilation_warmup_status"": ""not_applicable_synchronous_cpu"", ""pre_solve_synchronization_status"": ""not_applicable_synchronous_cpu"", ""post_solve_synchronization_status"": ""not_applicable_synchronous_cpu"", ""decomposition_complete"": true, ""comparable_total"": true, ""exclusion_reason"": null}",engineering,L-BFGS-B,"{""ftol"": 0.0, ""maxcor"": 10, ""maxfun"": 1000000, ""maxls"": 40}",compact-single-float64-v1,True,full,PRODUCTION,True,True,main-fig8-comparable-end-to-end-v2,"fresh command construction from declared inputs through terminal host phase: problem/objective initialization, acoustic transfer construction, applicable host-to-device transfer, compilation/warmup, device synchronization, native solve, and result extraction included; independent mechanical validation, cache retrieval, table export, and rendering excluded",numpy/scipy-cpu,True,,0.000381499994546175,0.0033345999981975183,N/A,N/A,N/A,0.0037065999931655824,N/A,2.3000029614195228e-06,5.2000104915350676e-06,0.00743019999936223,not_applicable_synchronous_cpu,not_applicable_synchronous_cpu,not_applicable_synchronous_cpu,not_applicable_synchronous_cpu,True,0.00743019999936223,0.0,0.0,0.05,,,,,,,
AD,Single,172817509.0,,,,,150,,,,,7.481046498464711e-05,,,,dimensionless rad^-1,evaluated after and excluded from the common command-timing boundary,,,,,,,,0.6458039000135614,native AD invocation with device transfer/JIT/synchronization bundled; not used for cross-method ranking,000000000000080f8ff352403b7a0c48,,,,cached,C:\RINENG_COMPACT_FULL_20260920\RINENG_GFE_Standalone_Run\production_outputs\cache\production_holography_run\00000000000008401875b233f9f7c5a0.pkl,,gfe-compact-v3-task-specific-20260920-00000000000003f329a2,same-machine protocol record replayed from cache,"{""protocol_id"": ""main-fig8-comparable-end-to-end-v2"", ""scope"": ""fresh command construction from declared inputs through terminal host phase: problem/objective initialization, acoustic transfer construction, applicable host-to-device transfer, compilation/warmup, device synchronization, native solve, and result extraction included; independent mechanical validation, cache retrieval, table export, and rendering excluded"", ""backend"": ""jax-cpu"", ""problem_initialization_s"": 3.4999975468963385e-06, ""acoustic_transfer_construction_s"": 0.0006108999950811267, ""device_transfer_s"": null, ""compilation_warmup_s"": null, ""pre_solve_synchronization_s"": null, ""solve_s"": 0.6458039000135614, ""post_solve_synchronization_s"": null, ""result_extraction_s"": 1.1600001016631722e-05, ""orchestration_overhead_s"": 1.0799994925037026e-05, ""total_s"": 0.646440700002131, ""device_transfer_status"": ""included_unseparated_in_native_solve"", ""compilation_warmup_status"": ""included_unseparated_in_native_solve"", ""pre_solve_synchronization_status"": ""included_unseparated_in_native_solve"", ""post_solve_synchronization_status"": ""included_unseparated_in_native_solve"", ""decomposition_complete"": false, ""comparable_total"": true, ""exclusion_reason"": null}",,,,,,,PRODUCTION,,,main-fig8-comparable-end-to-end-v2,"fresh command construction from declared inputs through terminal host phase: problem/objective initialization, acoustic transfer construction, applicable host-to-device transfer, compilation/warmup, device synchronization, native solve, and result extraction included; independent mechanical validation, cache retrieval, table export, and rendering excluded",jax-cpu,True,,3.4999975468963385e-06,0.0006108999950811267,N/A,N/A,N/A,0.6458039000135614,N/A,1.1600001016631722e-05,1.0799994925037026e-05,0.646440700002131,included_unseparated_in_native_solve,included_unseparated_in_native_solve,included_unseparated_in_native_solve,included_unseparated_in_native_solve,False,0.646440700002131,,,,0.0,"{""algorithm"": ""Acoustic hologram optimisation using automatic differentiation"", ""task"": ""Single"", ""control_points"": 8, ""phase_only_commands"": true, ""loss_terms"": ""target_pressure_amplitude_only"", ""amplitude_normalization"": ""per-control-point phase-aligned row capacity"", ""base_seed"": 172817509, ""effective_seed"": 172817690, ""seed_offset"": 181, ""steps"": 150, ""learning_rate"": 0.1, ""beta1"": 0.9, ""beta2"": 0.999, ""epsilon"": 1e-08, ""initial_loss"": 0.8981953478528044, ""final_loss"": 0.2302333231847369, ""jit_sync_wall_s"": 0.1204277000069851, ""device_transfer_included"": true, ""jit_included"": true, ""device_synchronization_included"": true, ""loss_history"": ""[0.89819535 0.85295192 0.80968188 0.76874872 0.73023147 0.69416128\n 0.66050929 0.62921906 0.60024222 0.5735432  0.54908253 0.52679954\n 0.50660639 0.4883926  0.47203405 0.45740123 0.44436306 0.43278721\n 0.42253959 0.41348509 0.40548912 0.3984188  0.39214214 0.38652517\n 0.38142921 0.37671083 0.37222624 0.36783963 0.36343352 0.3589186\n 0.35424071 0.34938265 0.34435848 0.33920101 0.33394742 0.32862985\n 0.32327556 0.31791252 0.31257091 0.30728095 0.30207171 0.29697218\n 0.29201371 0.28723071 0.28265845 0.27832915 0.27426917 0.27049773\n 0.2670261  0.26385675 0.26098335 0.25839184 0.25606187 0.25396819\n 0.25208273 0.25037728 0.24882612 0.24740764 0.24610475 0.24490449\n 0.24379697 0.24277395 0.24182747 0.24094919 0.24013058 0.23936352\n 0.23864112 0.23795829 0.23731211 0.23670156 0.236127   0.2355893\n 0.23508913 0.23462653 0.2342007  0.23381022 0.23345339 0.23312864\n 0.23283457 0.23256986 0.23233314 0.23212291 0.23193757 0.23177529\n 0.23163399 0.23151136 0.23140497 0.23131234 0.23123105 0.23115878\n 0.23109348 0.23103342 0.23097724 0.23092401 0.23087321 0.23082459\n 0.2307781  0.23073373 0.23069149 0.23065138 0.2306134  0.23057748\n 0.23054358 0.23051165 0.23048166 0.23045359 0.23042742 0.23040314\n 0.23038075 0.23036025 0.23034164 0.23032492 0.23031006 0.23029702\n 0.23028574 0.23027611 0.23026805 0.23026142 0.23025609 0.23025191\n 0.23024873 0.23024639 0.23024473 0.23024362 0.2302429  0.23024243\n 0.23024211 0.23024185 0.23024157 0.23024124 0.23024083 0.23024035\n 0.23023982 0.23023923 0.23023863 0.23023802 0.23023743 0.23023686\n 0.23023633 0.23023585 0.23023541 0.23023503 0.23023469 0.2302344\n 0.23023415 0.23023393 0.23023375 0.2302336  0.23023348 0.23023339\n 0.23023332]""}",,,,,
Conventional,Single,425727192.0,0.0,10000.0,10000.0,10000.0,6299,7925.0,-53.961184057792345,702.7530809135001,702.7530809135001,702.7530809135001,44.00810499029613,138.7476513057158,False,N m^-1 rad^-1,native optimized-objective gradient,False,2.0,Desired error not necessarily achieved due to precision loss.,False,2.0,Desired error not necessarily achieved due to precision loss.,38.19275750000088,38.19275750000088,FESolveResult history interval; objective/transfer construction excluded; not used for cross-method ranking,000000000000080fd2e6b8d604c2fa1a,000000000000080f8a9832c090fd1e47,0.0,0.0,cached,C:\RINENG_COMPACT_FULL_20260920\RINENG_GFE_Standalone_Run\production_outputs\cache\production_single_run\00000000000008b0fcf90eddc994e271.pkl,C:\RINENG_COMPACT_FULL_20260920\RINENG_GFE_Standalone_Run\production_outputs\cache\production_single_run\00000000000008b0fcf90eddc994e271.pkl,gfe-compact-v3-task-specific-20260920-00000000000003f329a2,same-machine protocol record replayed from cache,"{""protocol_id"": ""main-fig8-comparable-end-to-end-v2"", ""scope"": ""fresh command construction from declared inputs through terminal host phase: problem/objective initialization, acoustic transfer construction, applicable host-to-device transfer, compilation/warmup, device synchronization, native solve, and result extraction included; independent mechanical validation, cache retrieval, table export, and rendering excluded"", ""backend"": ""numpy/scipy-cpu"", ""problem_initialization_s"": 0.0007178000087151304, ""acoustic_transfer_construction_s"": 0.005865400002221577, ""device_transfer_s"": null, ""compilation_warmup_s"": null, ""pre_solve_synchronization_s"": null, ""solve_s"": 38.261104699995485, ""post_solve_synchronization_s"": null, ""result_extraction_s"": 5.699999746866524e-06, ""orchestration_overhead_s"": 9.700001101009548e-06, ""total_s"": 38.26770330000727, ""device_transfer_status"": ""not_applicable_synchronous_cpu"", ""compilation_warmup_status"": ""not_applicable_synchronous_cpu"", ""pre_solve_synchronization_status"": ""not_applicable_synchronous_cpu"", ""post_solve_synchronization_status"": ""not_applicable_synchronous_cpu"", ""decomposition_complete"": true, ""comparable_total"": true, ""exclusion_reason"": null}",engineering,BFGS,{},native,True,full,PRODUCTION,True,False,main-fig8-comparable-end-to-end-v2,"fresh command construction from declared inputs through terminal host phase: problem/objective initialization, acoustic transfer construction, applicable host-to-device transfer, compilation/warmup, device synchronization, native solve, and result extraction included; independent mechanical validation, cache retrieval, table export, and rendering excluded",numpy/scipy-cpu,True,,0.0007178000087151304,0.005865400002221577,N/A,N/A,N/A,38.261104699995485,N/A,5.699999746866524e-06,9.700001101009548e-06,38.26770330000727,not_applicable_synchronous_cpu,not_applicable_synchronous_cpu,not_applicable_synchronous_cpu,not_applicable_synchronous_cpu,True,38.26770330000727,0.0,0.0,0.05,,,,,,,
FE,Single,425727192.0,10.0,10000.0,10000.0,10000.0,33,42.0,-0.05905481833727536,2.318129566250533e-08,2.318129566250533e-08,2.318129566250533e-08,1.451669044268765e-09,7.913714243441122e-09,True,N m^-1 rad^-1,native optimized-objective gradient,True,0.0,CONVERGENCE: NORM OF PROJECTED GRADIENT <= PGTOL,True,0.0,CONVERGENCE: NORM OF PROJECTED GRADIENT <= PGTOL,0.004313399986131117,0.004313399986131117,FESolveResult history interval; objective/transfer construction excluded; not used for cross-method ranking,000000000000080f9a1dee4d365f14ba,000000000000080f8a9832c090fd1e47,0.0,0.0,cached,C:\RINENG_COMPACT_FULL_20260920\RINENG_GFE_Standalone_Run\production_outputs\cache\production_single_run\000000000000092810ef323001320dd3.pkl,C:\RINENG_COMPACT_FULL_20260920\RINENG_GFE_Standalone_Run\production_outputs\cache\production_single_run\000000000000092810ef323001320dd3.pkl,gfe-compact-v3-task-specific-20260920-00000000000003f329a2,same-machine protocol record replayed from cache,"{""protocol_id"": ""main-fig8-comparable-end-to-end-v2"", ""scope"": ""fresh command construction from declared inputs through terminal host phase: problem/objective initialization, acoustic transfer construction, applicable host-to-device transfer, compilation/warmup, device synchronization, native solve, and result extraction included; independent mechanical validation, cache retrieval, table export, and rendering excluded"", ""backend"": ""numpy/scipy-cpu"", ""problem_initialization_s"": 0.0005596999981207773, ""acoustic_transfer_construction_s"": 0.0040576000028522685, ""device_transfer_s"": null, ""compilation_warmup_s"": null, ""pre_solve_synchronization_s"": null, ""solve_s"": 0.004761399992275983, ""post_solve_synchronization_s"": null, ""result_extraction_s"": 1.9999861251562834e-06, ""orchestration_overhead_s"": 6.400019628927112e-06, ""total_s"": 0.009387099999003112, ""device_transfer_status"": ""not_applicable_synchronous_cpu"", ""compilation_warmup_status"": ""not_applicable_synchronous_cpu"", ""pre_solve_synchronization_status"": ""not_applicable_synchronous_cpu"", ""post_solve_synchronization_status"": ""not_applicable_synchronous_cpu"", ""decomposition_complete"": true, ""comparable_total"": true, ""exclusion_reason"": null}",engineering,L-BFGS-B,"{""ftol"": 0.0, ""maxcor"": 10, ""maxfun"": 1000000, ""maxls"": 40}",compact-single-float64-v1,True,full,PRODUCTION,True,True,main-fig8-comparable-end-to-end-v2,"fresh command construction from declared inputs through terminal host phase: problem/objective initialization, acoustic transfer construction, applicable host-to-device transfer, compilation/warmup, device synchronization, native solve, and result extraction included; independent mechanical validation, cache retrieval, table export, and rendering excluded",numpy/scipy-cpu,True,,0.0005596999981207773,0.0040576000028522685,N/A,N/A,N/A,0.004761399992275983,N/A,1.9999861251562834e-06,6.400019628927112e-06,0.009387099999003112,not_applicable_synchronous_cpu,not_applicable_synchronous_cpu,not_applicable_synchronous_cpu,not_applicable_synchronous_cpu,True,0.009387099999003112,0.0,0.0,0.05,,,,,,,
GFE,Single,425727192.0,10.0,10000.0,10000.0,10000.0,31,40.0,-0.059043675485114536,1.0387381729228303e-08,1.0387381729228303e-08,1.0387381729228303e-08,6.504830759616828e-10,2.859275321420495e-09,True,N m^-1 rad^-1,native optimized-objective gradient,True,0.0,CONVERGENCE: NORM OF PROJECTED GRADIENT <= PGTOL,True,0.0,CONVERGENCE: NORM OF PROJECTED GRADIENT <= PGTOL,0.0037998999905539677,0.0037998999905539677,FESolveResult history interval; objective/transfer construction excluded; not used for cross-method ranking,000000000000080f9c4c4277cbd11d52,000000000000080f8a9832c090fd1e47,1.1142852793561358e-06,1.1142852793561358e-06,cached,C:\RINENG_COMPACT_FULL_20260920\RINENG_GFE_Standalone_Run\production_outputs\cache\production_single_run\000000000000093c063b7e6a3b501229.pkl,C:\RINENG_COMPACT_FULL_20260920\RINENG_GFE_Standalone_Run\production_outputs\cache\production_single_run\000000000000093c063b7e6a3b501229.pkl,gfe-compact-v3-task-specific-20260920-00000000000003f329a2,same-machine protocol record replayed from cache,"{""protocol_id"": ""main-fig8-comparable-end-to-end-v2"", ""scope"": ""fresh command construction from declared inputs through terminal host phase: problem/objective initialization, acoustic transfer construction, applicable host-to-device transfer, compilation/warmup, device synchronization, native solve, and result extraction included; independent mechanical validation, cache retrieval, table export, and rendering excluded"", ""backend"": ""numpy/scipy-cpu"", ""problem_initialization_s"": 0.00043650000588968396, ""acoustic_transfer_construction_s"": 0.0036545000039041042, ""device_transfer_s"": null, ""compilation_warmup_s"": null, ""pre_solve_synchronization_s"": null, ""solve_s"": 0.0042640999890863895, ""post_solve_synchronization_s"": null, ""result_extraction_s"": 2.4000037228688598e-06, ""orchestration_overhead_s"": 4.999994416721165e-06, ""total_s"": 0.008362499997019768, ""device_transfer_status"": ""not_applicable_synchronous_cpu"", ""compilation_warmup_status"": ""not_applicable_synchronous_cpu"", ""pre_solve_synchronization_status"": ""not_applicable_synchronous_cpu"", ""post_solve_synchronization_status"": ""not_applicable_synchronous_cpu"", ""decomposition_complete"": true, ""comparable_total"": true, ""exclusion_reason"": null}",engineering,L-BFGS-B,"{""ftol"": 0.0, ""maxcor"": 10, ""maxfun"": 1000000, ""maxls"": 40}",compact-single-float64-v1,True,full,PRODUCTION,True,True,main-fig8-comparable-end-to-end-v2,"fresh command construction from declared inputs through terminal host phase: problem/objective initialization, acoustic transfer construction, applicable host-to-device transfer, compilation/warmup, device synchronization, native solve, and result extraction included; independent mechanical validation, cache retrieval, table export, and rendering excluded",numpy/scipy-cpu,True,,0.00043650000588968396,0.0036545000039041042,N/A,N/A,N/A,0.0042640999890863895,N/A,2.4000037228688598e-06,4.999994416721165e-06,0.008362499997019768,not_applicable_synchronous_cpu,not_applicable_synchronous_cpu,not_applicable_synchronous_cpu,not_applicable_synchronous_cpu,True,0.008362499997019768,0.0,0.0,0.05,,,,,,,
AD,Single,425727192.0,,,,,150,,,,,2.2321995362313356e-05,,,,dimensionless rad^-1,evaluated after and excluded from the common command-timing boundary,,,,,,,,0.09924419999879319,native AD invocation with device transfer/JIT/synchronization bundled; not used for cross-method ranking,000000000000080fb187fa9db4b0160c,,,,cached,C:\RINENG_COMPACT_FULL_20260920\RINENG_GFE_Standalone_Run\production_outputs\cache\production_holography_run\000000000000084064c9cd45f55fc59e.pkl,,gfe-compact-v3-task-specific-20260920-00000000000003f329a2,same-machine protocol record replayed from cache,"{""protocol_id"": ""main-fig8-comparable-end-to-end-v2"", ""scope"": ""fresh command construction from declared inputs through terminal host phase: problem/objective initialization, acoustic transfer construction, applicable host-to-device transfer, compilation/warmup, device synchronization, native solve, and result extraction included; independent mechanical validation, cache retrieval, table export, and rendering excluded"", ""backend"": ""jax-cpu"", ""problem_initialization_s"": 4.0000013541430235e-06, ""acoustic_transfer_construction_s"": 0.0005731000128434971, ""device_transfer_s"": null, ""compilation_warmup_s"": null, ""pre_solve_synchronization_s"": null, ""solve_s"": 0.09924419999879319, ""post_solve_synchronization_s"": null, ""result_extraction_s"": 8.400005754083395e-06, ""orchestration_overhead_s"": 8.29999044071883e-06, ""total_s"": 0.09983800000918563, ""device_transfer_status"": ""included_unseparated_in_native_solve"", ""compilation_warmup_status"": ""included_unseparated_in_native_solve"", ""pre_solve_synchronization_status"": ""included_unseparated_in_native_solve"", ""post_solve_synchronization_status"": ""included_unseparated_in_native_solve"", ""decomposition_complete"": false, ""comparable_total"": true, ""exclusion_reason"": null}",,,,,,,PRODUCTION,,,main-fig8-comparable-end-to-end-v2,"fresh command construction from declared inputs through terminal host phase: problem/objective initialization, acoustic transfer construction, applicable host-to-device transfer, compilation/warmup, device synchronization, native solve, and result extraction included; independent mechanical validation, cache retrieval, table export, and rendering excluded",jax-cpu,True,,4.0000013541430235e-06,0.0005731000128434971,N/A,N/A,N/A,0.09924419999879319,N/A,8.400005754083395e-06,8.29999044071883e-06,0.09983800000918563,included_unseparated_in_native_solve,included_unseparated_in_native_solve,included_unseparated_in_native_solve,included_unseparated_in_native_solve,False,0.09983800000918563,,,,0.0,"{""algorithm"": ""Acoustic hologram optimisation using automatic differentiation"", ""task"": ""Single"", ""control_points"": 8, ""phase_only_commands"": true, ""loss_terms"": ""target_pressure_amplitude_only"", ""amplitude_normalization"": ""per-control-point phase-aligned row capacity"", ""base_seed"": 425727192, ""effective_seed"": 425727373, ""seed_offset"": 181, ""steps"": 150, ""learning_rate"": 0.1, ""beta1"": 0.9, ""beta2"": 0.999, ""epsilon"": 1e-08, ""initial_loss"": 0.8975272271690755, ""final_loss"": 0.23023227409496294, ""jit_sync_wall_s"": 0.09619139999267645, ""device_transfer_included"": true, ""jit_included"": true, ""device_synchronization_included"": true, ""loss_history"": ""[0.89752723 0.84709071 0.79657575 0.74763984 0.70106042 0.65722154\n 0.61631974 0.57841596 0.54345749 0.51131302 0.48181361 0.45478224\n 0.43004907 0.40745711 0.38686443 0.36814577 0.35119087 0.33589938\n 0.32217606 0.30992848 0.29906659 0.28950198 0.28114662 0.27391176\n 0.26770723 0.26244098 0.25801915 0.25434673 0.25132895 0.24887311\n 0.24689057 0.24529844 0.24402064 0.24298839 0.24214067 0.24142488\n 0.24079762 0.24022485 0.23968128 0.23914911 0.23861673 0.23807754\n 0.23752882 0.23697094 0.23640666 0.2358407  0.23527932 0.23472972\n 0.23419955 0.23369632 0.23322706 0.23279788 0.2324136  0.23207733\n 0.23179019 0.2315513  0.23135799 0.23120626 0.2310911  0.23100693\n 0.23094789 0.23090819 0.23088233 0.23086528 0.23085268 0.23084092\n 0.23082724 0.23080969 0.23078709 0.23075895 0.23072547 0.23068734\n 0.23064567 0.23060178 0.2305571  0.23051305 0.2304709  0.23043177\n 0.23039653 0.23036579 0.23033988 0.2303189  0.23030266 0.23029079\n 0.23028272 0.2302778  0.23027528 0.2302744  0.23027448 0.23027492\n 0.23027525 0.23027513 0.23027439 0.23027294 0.23027083 0.23026815\n 0.23026507 0.23026173 0.23025831 0.23025494 0.23025176 0.23024885\n 0.23024628 0.23024407 0.23024225 0.23024079 0.23023966 0.23023882\n 0.23023821 0.23023777 0.23023744 0.23023718 0.23023693 0.23023667\n 0.23023638 0.23023606 0.23023572 0.23023536 0.23023499 0.23023464\n 0.23023431 0.23023401 0.23023376 0.23023355 0.23023338 0.23023325\n 0.23023315 0.23023309 0.23023304 0.23023299 0.23023296 0.23023292\n 0.23023287 0.23023282 0.23023276 0.2302327  0.23023264 0.23023258\n 0.23023252 0.23023247 0.23023243 0.23023239 0.23023236 0.23023234\n 0.23023232 0.23023231 0.2302323  0.2302323  0.23023229 0.23023228\n 0.23023227]""}",,,,,
Conventional,Single,469986874.0,0.0,10000.0,10000.0,10000.0,4759,6124.0,-54.23648720528575,685.8810529087613,685.8810529087613,685.8810529087613,42.951537612652494,156.14696457158476,False,N m^-1 rad^-1,native optimized-objective gradient,False,2.0,Desired error not necessarily achieved due to precision loss.,False,2.0,Desired error not necessarily achieved due to precision loss.,30.855601000002935,30.855601000002935,FESolveResult history interval; objective/transfer construction excluded; not used for cross-method ranking,000000000000080f1716967ad8080c47,000000000000080f0fc66319e12e08e2,0.0,0.0,cached,C:\RINENG_COMPACT_FULL_20260920\RINENG_GFE_Standalone_Run\production_outputs\cache\production_single_run\00000000000008b0bf254b2eba80e27f.pkl,C:\RINENG_COMPACT_FULL_20260920\RINENG_GFE_Standalone_Run\production_outputs\cache\production_single_run\00000000000008b0bf254b2eba80e27f.pkl,gfe-compact-v3-task-specific-20260920-00000000000003f329a2,same-machine protocol record replayed from cache,"{""protocol_id"": ""main-fig8-comparable-end-to-end-v2"", ""scope"": ""fresh command construction from declared inputs through terminal host phase: problem/objective initialization, acoustic transfer construction, applicable host-to-device transfer, compilation/warmup, device synchronization, native solve, and result extraction included; independent mechanical validation, cache retrieval, table export, and rendering excluded"", ""backend"": ""numpy/scipy-cpu"", ""problem_initialization_s"": 0.0004462000069906935, ""acoustic_transfer_construction_s"": 0.005793699994683266, ""device_transfer_s"": null, ""compilation_warmup_s"": null, ""pre_solve_synchronization_s"": null, ""solve_s"": 30.907964699988952, ""post_solve_synchronization_s"": null, ""result_extraction_s"": 6.799993570894003e-06, ""orchestration_overhead_s"": 9.000024874694645e-06, ""total_s"": 30.91422040000907, ""device_transfer_status"": ""not_applicable_synchronous_cpu"", ""compilation_warmup_status"": ""not_applicable_synchronous_cpu"", ""pre_solve_synchronization_status"": ""not_applicable_synchronous_cpu"", ""post_solve_synchronization_status"": ""not_applicable_synchronous_cpu"", ""decomposition_complete"": true, ""comparable_total"": true, ""exclusion_reason"": null}",engineering,BFGS,{},native,True,full,PRODUCTION,True,False,main-fig8-comparable-end-to-end-v2,"fresh command construction from declared inputs through terminal host phase: problem/objective initialization, acoustic transfer construction, applicable host-to-device transfer, compilation/warmup, device synchronization, native solve, and result extraction included; independent mechanical validation, cache retrieval, table export, and rendering excluded",numpy/scipy-cpu,True,,0.0004462000069906935,0.005793699994683266,N/A,N/A,N/A,30.907964699988952,N/A,6.799993570894003e-06,9.000024874694645e-06,30.91422040000907,not_applicable_synchronous_cpu,not_applicable_synchronous_cpu,not_applicable_synchronous_cpu,not_applicable_synchronous_cpu,True,30.91422040000907,0.0,0.0,0.05,,,,,,,
FE,Single,469986874.0,10.0,10000.0,10000.0,10000.0,45,49.0,-0.05905481833765885,1.1531820591034981e-08,1.1531820591034981e-08,1.1531820591034981e-08,7.221506174542011e-10,8.394662014744819e-09,True,N m^-1 rad^-1,native optimized-objective gradient,True,0.0,CONVERGENCE: NORM OF PROJECTED GRADIENT <= PGTOL,True,0.0,CONVERGENCE: NORM OF PROJECTED GRADIENT <= PGTOL,0.005885799997486174,0.005885799997486174,FESolveResult history interval; objective/transfer construction excluded; not used for cross-method ranking,000000000000080fd486d2db16901958,000000000000080f0fc66319e12e08e2,0.0,0.0,cached,C:\RINENG_COMPACT_FULL_20260920\RINENG_GFE_Standalone_Run\production_outputs\cache\production_single_run\00000000000009286af39bc3f1570de1.pkl,C:\RINENG_COMPACT_FULL_20260920\RINENG_GFE_Standalone_Run\production_outputs\cache\production_single_run\00000000000009286af39bc3f1570de1.pkl,gfe-compact-v3-task-specific-20260920-00000000000003f329a2,same-machine protocol record replayed from cache,"{""protocol_id"": ""main-fig8-comparable-end-to-end-v2"", ""scope"": ""fresh command construction from declared inputs through terminal host phase: problem/objective initialization, acoustic transfer construction, applicable host-to-device transfer, compilation/warmup, device synchronization, native solve, and result extraction included; independent mechanical validation, cache retrieval, table export, and rendering excluded"", ""backend"": ""numpy/scipy-cpu"", ""problem_initialization_s"": 0.0004638999962480739, ""acoustic_transfer_construction_s"": 0.004497699992498383, ""device_transfer_s"": null, ""compilation_warmup_s"": null, ""pre_solve_synchronization_s"": null, ""solve_s"": 0.00678130000596866, ""post_solve_synchronization_s"": null, ""result_extraction_s"": 2.5000044843181968e-06, ""orchestration_overhead_s"": 5.699999746866524e-06, ""total_s"": 0.011751099998946302, ""device_transfer_status"": ""not_applicable_synchronous_cpu"", ""compilation_warmup_status"": ""not_applicable_synchronous_cpu"", ""pre_solve_synchronization_status"": ""not_applicable_synchronous_cpu"", ""post_solve_synchronization_status"": ""not_applicable_synchronous_cpu"", ""decomposition_complete"": true, ""comparable_total"": true, ""exclusion_reason"": null}",engineering,L-BFGS-B,"{""ftol"": 0.0, ""maxcor"": 10, ""maxfun"": 1000000, ""maxls"": 40}",compact-single-float64-v1,True,full,PRODUCTION,True,True,main-fig8-comparable-end-to-end-v2,"fresh command construction from declared inputs through terminal host phase: problem/objective initialization, acoustic transfer construction, applicable host-to-device transfer, compilation/warmup, device synchronization, native solve, and result extraction included; independent mechanical validation, cache retrieval, table export, and rendering excluded",numpy/scipy-cpu,True,,0.0004638999962480739,0.004497699992498383,N/A,N/A,N/A,0.00678130000596866,N/A,2.5000044843181968e-06,5.699999746866524e-06,0.011751099998946302,not_applicable_synchronous_cpu,not_applicable_synchronous_cpu,not_applicable_synchronous_cpu,not_applicable_synchronous_cpu,True,0.011751099998946302,0.0,0.0,0.05,,,,,,,
GFE,Single,469986874.0,10.0,10000.0,10000.0,10000.0,44,48.0,-0.05904367548518548,6.3738114022442725e-09,6.3738114022442725e-09,6.3738114022442725e-09,3.991435526880862e-10,2.1712546112284807e-09,True,N m^-1 rad^-1,native optimized-objective gradient,True,0.0,CONVERGENCE: NORM OF PROJECTED GRADIENT <= PGTOL,True,0.0,CONVERGENCE: NORM OF PROJECTED GRADIENT <= PGTOL,0.006700999991153367,0.006700999991153367,FESolveResult history interval; objective/transfer construction excluded; not used for cross-method ranking,000000000000080fbbb60d6c10681626,000000000000080f0fc66319e12e08e2,1.1142852793561358e-06,1.1142852793561358e-06,cached,C:\RINENG_COMPACT_FULL_20260920\RINENG_GFE_Standalone_Run\production_outputs\cache\production_single_run\000000000000093c598181582b7c1237.pkl,C:\RINENG_COMPACT_FULL_20260920\RINENG_GFE_Standalone_Run\production_outputs\cache\production_single_run\000000000000093c598181582b7c1237.pkl,gfe-compact-v3-task-specific-20260920-00000000000003f329a2,same-machine protocol record replayed from cache,"{""protocol_id"": ""main-fig8-comparable-end-to-end-v2"", ""scope"": ""fresh command construction from declared inputs through terminal host phase: problem/objective initialization, acoustic transfer construction, applicable host-to-device transfer, compilation/warmup, device synchronization, native solve, and result extraction included; independent mechanical validation, cache retrieval, table export, and rendering excluded"", ""backend"": ""numpy/scipy-cpu"", ""problem_initialization_s"": 0.0003581000055419281, ""acoustic_transfer_construction_s"": 0.005380800008424558, ""device_transfer_s"": null, ""compilation_warmup_s"": null, ""pre_solve_synchronization_s"": null, ""solve_s"": 0.007397100009256974, ""post_solve_synchronization_s"": null, ""result_extraction_s"": 2.1000014385208488e-06, ""orchestration_overhead_s"": 5.89998671784997e-06, ""total_s"": 0.01314400001137983, ""device_transfer_status"": ""not_applicable_synchronous_cpu"", ""compilation_warmup_status"": ""not_applicable_synchronous_cpu"", ""pre_solve_synchronization_status"": ""not_applicable_synchronous_cpu"", ""post_solve_synchronization_status"": ""not_applicable_synchronous_cpu"", ""decomposition_complete"": true, ""comparable_total"": true, ""exclusion_reason"": null}",engineering,L-BFGS-B,"{""ftol"": 0.0, ""maxcor"": 10, ""maxfun"": 1000000, ""maxls"": 40}",compact-single-float64-v1,True,full,PRODUCTION,True,True,main-fig8-comparable-end-to-end-v2,"fresh command construction from declared inputs through terminal host phase: problem/objective initialization, acoustic transfer construction, applicable host-to-device transfer, compilation/warmup, device synchronization, native solve, and result extraction included; independent mechanical validation, cache retrieval, table export, and rendering excluded",numpy/scipy-cpu,True,,0.0003581000055419281,0.005380800008424558,N/A,N/A,N/A,0.007397100009256974,N/A,2.1000014385208488e-06,5.89998671784997e-06,0.01314400001137983,not_applicable_synchronous_cpu,not_applicable_synchronous_cpu,not_applicable_synchronous_cpu,not_applicable_synchronous_cpu,True,0.01314400001137983,0.0,0.0,0.05,,,,,,,
AD,Single,469986874.0,,,,,150,,,,,9.936434855705821e-05,,,,dimensionless rad^-1,evaluated after and excluded from the common command-timing boundary,,,,,,,,0.09207070000411477,native AD invocation with device transfer/JIT/synchronization bundled; not used for cross-method ranking,000000000000080f298fd8bb41ae1aae,,,,cached,C:\RINENG_COMPACT_FULL_20260920\RINENG_GFE_Standalone_Run\production_outputs\cache\production_holography_run\00000000000008406ea3c6975c70c5ca.pkl,,gfe-compact-v3-task-specific-20260920-00000000000003f329a2,same-machine protocol record replayed from cache,"{""protocol_id"": ""main-fig8-comparable-end-to-end-v2"", ""scope"": ""fresh command construction from declared inputs through terminal host phase: problem/objective initialization, acoustic transfer construction, applicable host-to-device transfer, compilation/warmup, device synchronization, native solve, and result extraction included; independent mechanical validation, cache retrieval, table export, and rendering excluded"", ""backend"": ""jax-cpu"", ""problem_initialization_s"": 2.6000052457675338e-06, ""acoustic_transfer_construction_s"": 0.000665400002617389, ""device_transfer_s"": null, ""compilation_warmup_s"": null, ""pre_solve_synchronization_s"": null, ""solve_s"": 0.09207070000411477, ""post_solve_synchronization_s"": null, ""result_extraction_s"": 7.099995855242014e-06, ""orchestration_overhead_s"": 8.29999044071883e-06, ""total_s"": 0.09275409999827389, ""device_transfer_status"": ""included_unseparated_in_native_solve"", ""compilation_warmup_status"": ""included_unseparated_in_native_solve"", ""pre_solve_synchronization_status"": ""included_unseparated_in_native_solve"", ""post_solve_synchronization_status"": ""included_unseparated_in_native_solve"", ""decomposition_complete"": false, ""comparable_total"": true, ""exclusion_reason"": null}",,,,,,,PRODUCTION,,,main-fig8-comparable-end-to-end-v2,"fresh command construction from declared inputs through terminal host phase: problem/objective initialization, acoustic transfer construction, applicable host-to-device transfer, compilation/warmup, device synchronization, native solve, and result extraction included; independent mechanical validation, cache retrieval, table export, and rendering excluded",jax-cpu,True,,2.6000052457675338e-06,0.000665400002617389,N/A,N/A,N/A,0.09207070000411477,N/A,7.099995855242014e-06,8.29999044071883e-06,0.09275409999827389,included_unseparated_in_native_solve,included_unseparated_in_native_solve,included_unseparated_in_native_solve,included_unseparated_in_native_solve,False,0.09275409999827389,,,,0.0,"{""algorithm"": ""Acoustic hologram optimisation using automatic differentiation"", ""task"": ""Single"", ""control_points"": 8, ""phase_only_commands"": true, ""loss_terms"": ""target_pressure_amplitude_only"", ""amplitude_normalization"": ""per-control-point phase-aligned row capacity"", ""base_seed"": 469986874, ""effective_seed"": 469987055, ""seed_offset"": 181, ""steps"": 150, ""learning_rate"": 0.1, ""beta1"": 0.9, ""beta2"": 0.999, ""epsilon"": 1e-08, ""initial_loss"": 0.8345188113787925, ""final_loss"": 0.23023422976982125, ""jit_sync_wall_s"": 0.08893199999874923, ""device_transfer_included"": true, ""jit_included"": true, ""device_synchronization_included"": true, ""loss_history"": ""[0.83451881 0.79222575 0.75191011 0.71399276 0.6786809  0.64604422\n 0.6160444  0.58858946 0.56354982 0.54077102 0.52008981 0.50134308\n 0.48436779 0.46900225 0.45509167 0.4424946  0.4310854  0.4207509\n 0.41138495 0.40288548 0.395152   0.3880816  0.38156612 0.37549163\n 0.36974011 0.36419251 0.35873472 0.3532697  0.34772949 0.34207879\n 0.33631101 0.33044172 0.32450512 0.31855302 0.31264854 0.30685522\n 0.30122756 0.29580656 0.29062127 0.28569395 0.28104314 0.27668245\n 0.27261918 0.26885486 0.26538633 0.26220677 0.25930663 0.25667578\n 0.25430644 0.25219372 0.25033332 0.24871762 0.24733284 0.24615872\n 0.24516948 0.24433514 0.24362328 0.24300139 0.24243966 0.24191295\n 0.2414016  0.24089135 0.24037283 0.23984108 0.23929463 0.23873469\n 0.2381644  0.23758849 0.23701295 0.23644463 0.23589046 0.23535687\n 0.23484941 0.23437281 0.23393099 0.23352703 0.2331631  0.23284038\n 0.23255895 0.23231765 0.23211405 0.23194459 0.23180494 0.23169026\n 0.23159553 0.23151576 0.23144637 0.23138337 0.2313236  0.23126477\n 0.2312054  0.2311448  0.2310829  0.23102009 0.230957   0.2308944\n 0.23083308 0.23077377 0.23071709 0.23066353 0.23061347 0.23056716\n 0.23052472 0.23048616 0.23045138 0.23042024 0.23039253 0.23036807\n 0.23034663 0.23032803 0.23031204 0.23029848 0.2302871  0.23027767\n 0.23026995 0.23026371 0.23025873 0.23025478 0.2302517  0.2302493\n 0.23024745 0.23024602 0.2302449  0.23024399 0.23024323 0.23024255\n 0.23024191 0.23024129 0.23024066 0.23024003 0.2302394  0.23023877\n 0.23023817 0.23023762 0.23023711 0.23023666 0.23023628 0.23023596\n 0.2302357  0.2302355  0.23023533 0.23023521 0.2302351  0.23023501\n 0.23023493 0.23023484 0.23023474 0.23023463 0.23023451 0.23023438\n 0.23023423]""}",,,,,
Conventional,Single,519693606.0,0.0,10000.0,10000.0,10000.0,5420,6872.0,-54.01290157131446,709.000829276186,709.000829276186,709.000829276186,44.39935416922627,156.91231225232008,False,N m^-1 rad^-1,native optimized-objective gradient,False,2.0,Desired error not necessarily achieved due to precision loss.,False,2.0,Desired error not necessarily achieved due to precision loss.,34.40442310000071,34.40442310000071,FESolveResult history interval; objective/transfer construction excluded; not used for cross-method ranking,000000000000080fe46f2910576905c4,000000000000080f6c4093d91a3e0f1b,0.0,0.0,cached,C:\RINENG_COMPACT_FULL_20260920\RINENG_GFE_Standalone_Run\production_outputs\cache\production_single_run\00000000000008b078236cd6e7f2e29a.pkl,C:\RINENG_COMPACT_FULL_20260920\RINENG_GFE_Standalone_Run\production_outputs\cache\production_single_run\00000000000008b078236cd6e7f2e29a.pkl,gfe-compact-v3-task-specific-20260920-00000000000003f329a2,same-machine protocol record replayed from cache,"{""protocol_id"": ""main-fig8-comparable-end-to-end-v2"", ""scope"": ""fresh command construction from declared inputs through terminal host phase: problem/objective initialization, acoustic transfer construction, applicable host-to-device transfer, compilation/warmup, device synchronization, native solve, and result extraction included; independent mechanical validation, cache retrieval, table export, and rendering excluded"", ""backend"": ""numpy/scipy-cpu"", ""problem_initialization_s"": 0.0007735999970464036, ""acoustic_transfer_construction_s"": 0.006358400001772679, ""device_transfer_s"": null, ""compilation_warmup_s"": null, ""pre_solve_synchronization_s"": null, ""solve_s"": 34.46395740000298, ""post_solve_synchronization_s"": null, ""result_extraction_s"": 5.699999746866524e-06, ""orchestration_overhead_s"": 1.1099997209385037e-05, ""total_s"": 34.47110619999876, ""device_transfer_status"": ""not_applicable_synchronous_cpu"", ""compilation_warmup_status"": ""not_applicable_synchronous_cpu"", ""pre_solve_synchronization_status"": ""not_applicable_synchronous_cpu"", ""post_solve_synchronization_status"": ""not_applicable_synchronous_cpu"", ""decomposition_complete"": true, ""comparable_total"": true, ""exclusion_reason"": null}",engineering,BFGS,{},native,True,full,PRODUCTION,True,False,main-fig8-comparable-end-to-end-v2,"fresh command construction from declared inputs through terminal host phase: problem/objective initialization, acoustic transfer construction, applicable host-to-device transfer, compilation/warmup, device synchronization, native solve, and result extraction included; independent mechanical validation, cache retrieval, table export, and rendering excluded",numpy/scipy-cpu,True,,0.0007735999970464036,0.006358400001772679,N/A,N/A,N/A,34.46395740000298,N/A,5.699999746866524e-06,1.1099997209385037e-05,34.47110619999876,not_applicable_synchronous_cpu,not_applicable_synchronous_cpu,not_applicable_synchronous_cpu,not_applicable_synchronous_cpu,True,34.47110619999876,0.0,0.0,0.05,,,,,,,
FE,Single,519693606.0,10.0,10000.0,10000.0,10000.0,35,43.0,-0.05905481833772999,2.3473294244251932e-08,2.3473294244251932e-08,2.3473294244251932e-08,1.4699547047539785e-09,8.973679571237744e-09,True,N m^-1 rad^-1,native optimized-objective gradient,True,0.0,CONVERGENCE: NORM OF PROJECTED GRADIENT <= PGTOL,True,0.0,CONVERGENCE: NORM OF PROJECTED GRADIENT <= PGTOL,0.0049848000053316355,0.0049848000053316355,FESolveResult history interval; objective/transfer construction excluded; not used for cross-method ranking,000000000000080fe5b4b2c95db025bc,000000000000080f6c4093d91a3e0f1b,0.0,0.0,cached,C:\RINENG_COMPACT_FULL_20260920\RINENG_GFE_Standalone_Run\production_outputs\cache\production_single_run\0000000000000928a44c29e522b50dfc.pkl,C:\RINENG_COMPACT_FULL_20260920\RINENG_GFE_Standalone_Run\production_outputs\cache\production_single_run\0000000000000928a44c29e522b50dfc.pkl,gfe-compact-v3-task-specific-20260920-00000000000003f329a2,same-machine protocol record replayed from cache,"{""protocol_id"": ""main-fig8-comparable-end-to-end-v2"", ""scope"": ""fresh command construction from declared inputs through terminal host phase: problem/objective initialization, acoustic transfer construction, applicable host-to-device transfer, compilation/warmup, device synchronization, native solve, and result extraction included; independent mechanical validation, cache retrieval, table export, and rendering excluded"", ""backend"": ""numpy/scipy-cpu"", ""problem_initialization_s"": 0.00039450000622309744, ""acoustic_transfer_construction_s"": 0.003897100003086962, ""device_transfer_s"": null, ""compilation_warmup_s"": null, ""pre_solve_synchronization_s"": null, ""solve_s"": 0.0055155000009108335, ""post_solve_synchronization_s"": null, ""result_extraction_s"": 2.0000006770715117e-06, ""orchestration_overhead_s"": 4.799992893822491e-06, ""total_s"": 0.009813900003791787, ""device_transfer_status"": ""not_applicable_synchronous_cpu"", ""compilation_warmup_status"": ""not_applicable_synchronous_cpu"", ""pre_solve_synchronization_status"": ""not_applicable_synchronous_cpu"", ""post_solve_synchronization_status"": ""not_applicable_synchronous_cpu"", ""decomposition_complete"": true, ""comparable_total"": true, ""exclusion_reason"": null}",engineering,L-BFGS-B,"{""ftol"": 0.0, ""maxcor"": 10, ""maxfun"": 1000000, ""maxls"": 40}",compact-single-float64-v1,True,full,PRODUCTION,True,True,main-fig8-comparable-end-to-end-v2,"fresh command construction from declared inputs through terminal host phase: problem/objective initialization, acoustic transfer construction, applicable host-to-device transfer, compilation/warmup, device synchronization, native solve, and result extraction included; independent mechanical validation, cache retrieval, table export, and rendering excluded",numpy/scipy-cpu,True,,0.00039450000622309744,0.003897100003086962,N/A,N/A,N/A,0.0055155000009108335,N/A,2.0000006770715117e-06,4.799992893822491e-06,0.009813900003791787,not_applicable_synchronous_cpu,not_applicable_synchronous_cpu,not_applicable_synchronous_cpu,not_applicable_synchronous_cpu,True,0.009813900003791787,0.0,0.0,0.05,,,,,,,
GFE,Single,519693606.0,10.0,10000.0,10000.0,10000.0,34,42.0,-0.059043675485198954,6.1012496625783215e-09,6.1012496625783215e-09,6.1012496625783215e-09,3.820750744681617e-10,2.3289320945040706e-09,True,N m^-1 rad^-1,native optimized-objective gradient,True,0.0,CONVERGENCE: NORM OF PROJECTED GRADIENT <= PGTOL,True,0.0,CONVERGENCE: NORM OF PROJECTED GRADIENT <= PGTOL,0.01001489999180194,0.01001489999180194,FESolveResult history interval; objective/transfer construction excluded; not used for cross-method ranking,000000000000080fd0735bd3fcc41276,000000000000080f6c4093d91a3e0f1b,1.1142852793561358e-06,1.1142852793561358e-06,cached,C:\RINENG_COMPACT_FULL_20260920\RINENG_GFE_Standalone_Run\production_outputs\cache\production_single_run\000000000000093ccd134f935cf61252.pkl,C:\RINENG_COMPACT_FULL_20260920\RINENG_GFE_Standalone_Run\production_outputs\cache\production_single_run\000000000000093ccd134f935cf61252.pkl,gfe-compact-v3-task-specific-20260920-00000000000003f329a2,same-machine protocol record replayed from cache,"{""protocol_id"": ""main-fig8-comparable-end-to-end-v2"", ""scope"": ""fresh command construction from declared inputs through terminal host phase: problem/objective initialization, acoustic transfer construction, applicable host-to-device transfer, compilation/warmup, device synchronization, native solve, and result extraction included; independent mechanical validation, cache retrieval, table export, and rendering excluded"", ""backend"": ""numpy/scipy-cpu"", ""problem_initialization_s"": 0.0006666999979643151, ""acoustic_transfer_construction_s"": 0.003920699993614107, ""device_transfer_s"": null, ""compilation_warmup_s"": null, ""pre_solve_synchronization_s"": null, ""solve_s"": 0.011336499999742955, ""post_solve_synchronization_s"": null, ""result_extraction_s"": 3.9000005926936865e-06, ""orchestration_overhead_s"": 9.800016414374113e-06, ""total_s"": 0.015937600008328445, ""device_transfer_status"": ""not_applicable_synchronous_cpu"", ""compilation_warmup_status"": ""not_applicable_synchronous_cpu"", ""pre_solve_synchronization_status"": ""not_applicable_synchronous_cpu"", ""post_solve_synchronization_status"": ""not_applicable_synchronous_cpu"", ""decomposition_complete"": true, ""comparable_total"": true, ""exclusion_reason"": null}",engineering,L-BFGS-B,"{""ftol"": 0.0, ""maxcor"": 10, ""maxfun"": 1000000, ""maxls"": 40}",compact-single-float64-v1,True,full,PRODUCTION,True,True,main-fig8-comparable-end-to-end-v2,"fresh command construction from declared inputs through terminal host phase: problem/objective initialization, acoustic transfer construction, applicable host-to-device transfer, compilation/warmup, device synchronization, native solve, and result extraction included; independent mechanical validation, cache retrieval, table export, and rendering excluded",numpy/scipy-cpu,True,,0.0006666999979643151,0.003920699993614107,N/A,N/A,N/A,0.011336499999742955,N/A,3.9000005926936865e-06,9.800016414374113e-06,0.015937600008328445,not_applicable_synchronous_cpu,not_applicable_synchronous_cpu,not_applicable_synchronous_cpu,not_applicable_synchronous_cpu,True,0.015937600008328445,0.0,0.0,0.05,,,,,,,
AD,Single,519693606.0,,,,,150,,,,,2.2712972081000637e-05,,,,dimensionless rad^-1,evaluated after and excluded from the common command-timing boundary,,,,,,,,0.10591090000525583,native AD invocation with device transfer/JIT/synchronization bundled; not used for cross-method ranking,000000000000080feadd7825eef91a74,,,,cached,C:\RINENG_COMPACT_FULL_20260920\RINENG_GFE_Standalone_Run\production_outputs\cache\production_holography_run\0000000000000840a69d0e42119cc5aa.pkl,,gfe-compact-v3-task-specific-20260920-00000000000003f329a2,same-machine protocol record replayed from cache,"{""protocol_id"": ""main-fig8-comparable-end-to-end-v2"", ""scope"": ""fresh command construction from declared inputs through terminal host phase: problem/objective initialization, acoustic transfer construction, applicable host-to-device transfer, compilation/warmup, device synchronization, native solve, and result extraction included; independent mechanical validation, cache retrieval, table export, and rendering excluded"", ""backend"": ""jax-cpu"", ""problem_initialization_s"": 2.4000037228688598e-06, ""acoustic_transfer_construction_s"": 0.0007337999995797873, ""device_transfer_s"": null, ""compilation_warmup_s"": null, ""pre_solve_synchronization_s"": null, ""solve_s"": 0.10591090000525583, ""post_solve_synchronization_s"": null, ""result_extraction_s"": 7.599999662488699e-06, ""orchestration_overhead_s"": 8.399991202168167e-06, ""total_s"": 0.10666309999942314, ""device_transfer_status"": ""included_unseparated_in_native_solve"", ""compilation_warmup_status"": ""included_unseparated_in_native_solve"", ""pre_solve_synchronization_status"": ""included_unseparated_in_native_solve"", ""post_solve_synchronization_status"": ""included_unseparated_in_native_solve"", ""decomposition_complete"": false, ""comparable_total"": true, ""exclusion_reason"": null}",,,,,,,PRODUCTION,,,main-fig8-comparable-end-to-end-v2,"fresh command construction from declared inputs through terminal host phase: problem/objective initialization, acoustic transfer construction, applicable host-to-device transfer, compilation/warmup, device synchronization, native solve, and result extraction included; independent mechanical validation, cache retrieval, table export, and rendering excluded",jax-cpu,True,,2.4000037228688598e-06,0.0007337999995797873,N/A,N/A,N/A,0.10591090000525583,N/A,7.599999662488699e-06,8.399991202168167e-06,0.10666309999942314,included_unseparated_in_native_solve,included_unseparated_in_native_solve,included_unseparated_in_native_solve,included_unseparated_in_native_solve,False,0.10666309999942314,,,,0.0,"{""algorithm"": ""Acoustic hologram optimisation using automatic differentiation"", ""task"": ""Single"", ""control_points"": 8, ""phase_only_commands"": true, ""loss_terms"": ""target_pressure_amplitude_only"", ""amplitude_normalization"": ""per-control-point phase-aligned row capacity"", ""base_seed"": 519693606, ""effective_seed"": 519693787, ""seed_offset"": 181, ""steps"": 150, ""learning_rate"": 0.1, ""beta1"": 0.9, ""beta2"": 0.999, ""epsilon"": 1e-08, ""initial_loss"": 0.8660087073925116, ""final_loss"": 0.23023229149158106, ""jit_sync_wall_s"": 0.10261919999902602, ""device_transfer_included"": true, ""jit_included"": true, ""device_synchronization_included"": true, ""loss_history"": ""[0.86600871 0.82043191 0.77734856 0.73676927 0.69873531 0.66303966\n 0.62942451 0.59766531 0.56756292 0.53894262 0.51166804 0.48565492\n 0.46087353 0.43733988 0.41510569 0.3942454  0.37483543 0.35693401\n 0.34057318 0.32575906 0.31247273 0.30067159 0.29029286 0.28125878\n 0.27348157 0.26686714 0.2613176  0.25673276 0.25301043 0.2500464\n 0.2477356  0.24597438 0.24466247 0.24370401 0.24300887 0.24249513\n 0.24209212 0.24174216 0.24140068 0.24103521 0.24062411 0.24015562\n 0.23962684 0.23904223 0.23841137 0.23774679 0.2370623  0.23637219\n 0.23569057 0.23503083 0.23440501 0.23382335 0.23329379 0.2328217\n 0.23240984 0.23205843 0.23176539 0.23152661 0.2313364  0.23118819\n 0.23107514 0.23099052 0.23092803 0.23088191 0.2308472  0.23081975\n 0.23079614 0.23077369 0.23075042 0.230725   0.23069675 0.23066554\n 0.23063171 0.23059603 0.23055953 0.23052335 0.23048861 0.23045629\n 0.23042717 0.23040174 0.23038021 0.2303625  0.2303483  0.2303371\n 0.23032827 0.23032119 0.23031526 0.23030999 0.23030498 0.23029999\n 0.23029488 0.2302896  0.23028422 0.2302788  0.23027346 0.23026833\n 0.23026353 0.23025916 0.2302553  0.23025199 0.23024923 0.23024701\n 0.23024528 0.23024396 0.23024297 0.23024222 0.23024164 0.23024115\n 0.23024069 0.23024023 0.23023974 0.2302392  0.23023863 0.23023803\n 0.23023742 0.23023683 0.23023626 0.23023573 0.23023526 0.23023485\n 0.23023451 0.23023422 0.230234   0.23023382 0.23023369 0.23023358\n 0.2302335  0.23023342 0.23023335 0.23023327 0.23023319 0.2302331\n 0.23023301 0.23023292 0.23023283 0.23023274 0.23023267 0.2302326\n 0.23023254 0.23023249 0.23023245 0.23023241 0.23023239 0.23023237\n 0.23023235 0.23023234 0.23023233 0.23023232 0.23023231 0.2302323\n 0.23023229]""}",,,,,
Conventional,Single,681979972.0,0.0,10000.0,10000.0,10000.0,4995,6391.0,-53.87662574613004,724.0462446063104,724.0462446063104,724.0462446063104,45.341534624145154,156.5808912646245,False,N m^-1 rad^-1,native optimized-objective gradient,False,2.0,Desired error not necessarily achieved due to precision loss.,False,2.0,Desired error not necessarily achieved due to precision loss.,33.39767029999348,33.39767029999348,FESolveResult history interval; objective/transfer construction excluded; not used for cross-method ranking,000000000000080fcb20db530bb50cd1,000000000000080fc711211993ac1a94,0.0,0.0,cached,C:\RINENG_COMPACT_FULL_20260920\RINENG_GFE_Standalone_Run\production_outputs\cache\production_single_run\00000000000008b01451869e0b42e246.pkl,C:\RINENG_COMPACT_FULL_20260920\RINENG_GFE_Standalone_Run\production_outputs\cache\production_single_run\00000000000008b01451869e0b42e246.pkl,gfe-compact-v3-task-specific-20260920-00000000000003f329a2,same-machine protocol record replayed from cache,"{""protocol_id"": ""main-fig8-comparable-end-to-end-v2"", ""scope"": ""fresh command construction from declared inputs through terminal host phase: problem/objective initialization, acoustic transfer construction, applicable host-to-device transfer, compilation/warmup, device synchronization, native solve, and result extraction included; independent mechanical validation, cache retrieval, table export, and rendering excluded"", ""backend"": ""numpy/scipy-cpu"", ""problem_initialization_s"": 0.00041849999979604036, ""acoustic_transfer_construction_s"": 0.003700399989611469, ""device_transfer_s"": null, ""compilation_warmup_s"": null, ""pre_solve_synchronization_s"": null, ""solve_s"": 33.45609229999536, ""post_solve_synchronization_s"": null, ""result_extraction_s"": 6.100002792663872e-06, ""orchestration_overhead_s"": 8.100018021650612e-06, ""total_s"": 33.460225400005584, ""device_transfer_status"": ""not_applicable_synchronous_cpu"", ""compilation_warmup_status"": ""not_applicable_synchronous_cpu"", ""pre_solve_synchronization_status"": ""not_applicable_synchronous_cpu"", ""post_solve_synchronization_status"": ""not_applicable_synchronous_cpu"", ""decomposition_complete"": true, ""comparable_total"": true, ""exclusion_reason"": null}",engineering,BFGS,{},native,True,full,PRODUCTION,True,False,main-fig8-comparable-end-to-end-v2,"fresh command construction from declared inputs through terminal host phase: problem/objective initialization, acoustic transfer construction, applicable host-to-device transfer, compilation/warmup, device synchronization, native solve, and result extraction included; independent mechanical validation, cache retrieval, table export, and rendering excluded",numpy/scipy-cpu,True,,0.00041849999979604036,0.003700399989611469,N/A,N/A,N/A,33.45609229999536,N/A,6.100002792663872e-06,8.100018021650612e-06,33.460225400005584,not_applicable_synchronous_cpu,not_applicable_synchronous_cpu,not_applicable_synchronous_cpu,not_applicable_synchronous_cpu,True,33.460225400005584,0.0,0.0,0.05,,,,,,,
FE,Single,681979972.0,10.0,10000.0,10000.0,10000.0,38,47.0,-0.05905481833794994,8.72628993562041e-09,8.72628993562041e-09,8.72628993562041e-09,5.464614728737366e-10,2.4425377749636262e-09,True,N m^-1 rad^-1,native optimized-objective gradient,True,0.0,CONVERGENCE: NORM OF PROJECTED GRADIENT <= PGTOL,True,0.0,CONVERGENCE: NORM OF PROJECTED GRADIENT <= PGTOL,0.012640999993891455,0.012640999993891455,FESolveResult history interval; objective/transfer construction excluded; not used for cross-method ranking,000000000000080f144c7b4743e51dbf,000000000000080fc711211993ac1a94,0.0,0.0,cached,C:\RINENG_COMPACT_FULL_20260920\RINENG_GFE_Standalone_Run\production_outputs\cache\production_single_run\000000000000092845db5ea63d3f0da8.pkl,C:\RINENG_COMPACT_FULL_20260920\RINENG_GFE_Standalone_Run\production_outputs\cache\production_single_run\000000000000092845db5ea63d3f0da8.pkl,gfe-compact-v3-task-specific-20260920-00000000000003f329a2,same-machine protocol record replayed from cache,"{""protocol_id"": ""main-fig8-comparable-end-to-end-v2"", ""scope"": ""fresh command construction from declared inputs through terminal host phase: problem/objective initialization, acoustic transfer construction, applicable host-to-device transfer, compilation/warmup, device synchronization, native solve, and result extraction included; independent mechanical validation, cache retrieval, table export, and rendering excluded"", ""backend"": ""numpy/scipy-cpu"", ""problem_initialization_s"": 0.00042010001197922975, ""acoustic_transfer_construction_s"": 0.004706899999291636, ""device_transfer_s"": null, ""compilation_warmup_s"": null, ""pre_solve_synchronization_s"": null, ""solve_s"": 0.013976300004287623, ""post_solve_synchronization_s"": null, ""result_extraction_s"": 3.6999990697950125e-06, ""orchestration_overhead_s"": 8.69997893460095e-06, ""total_s"": 0.019115699993562885, ""device_transfer_status"": ""not_applicable_synchronous_cpu"", ""compilation_warmup_status"": ""not_applicable_synchronous_cpu"", ""pre_solve_synchronization_status"": ""not_applicable_synchronous_cpu"", ""post_solve_synchronization_status"": ""not_applicable_synchronous_cpu"", ""decomposition_complete"": true, ""comparable_total"": true, ""exclusion_reason"": null}",engineering,L-BFGS-B,"{""ftol"": 0.0, ""maxcor"": 10, ""maxfun"": 1000000, ""maxls"": 40}",compact-single-float64-v1,True,full,PRODUCTION,True,True,main-fig8-comparable-end-to-end-v2,"fresh command construction from declared inputs through terminal host phase: problem/objective initialization, acoustic transfer construction, applicable host-to-device transfer, compilation/warmup, device synchronization, native solve, and result extraction included; independent mechanical validation, cache retrieval, table export, and rendering excluded",numpy/scipy-cpu,True,,0.00042010001197922975,0.004706899999291636,N/A,N/A,N/A,0.013976300004287623,N/A,3.6999990697950125e-06,8.69997893460095e-06,0.019115699993562885,not_applicable_synchronous_cpu,not_applicable_synchronous_cpu,not_applicable_synchronous_cpu,not_applicable_synchronous_cpu,True,0.019115699993562885,0.0,0.0,0.05,,,,,,,
GFE,Single,681979972.0,10.0,10000.0,10000.0,10000.0,35,42.0,-0.05904367548508648,8.391063327411421e-09,8.391063327411421e-09,8.391063327411421e-09,5.254687683658813e-10,5.767289148447434e-09,True,N m^-1 rad^-1,native optimized-objective gradient,True,0.0,CONVERGENCE: NORM OF PROJECTED GRADIENT <= PGTOL,True,0.0,CONVERGENCE: NORM OF PROJECTED GRADIENT <= PGTOL,0.00414630000886973,0.00414630000886973,FESolveResult history interval; objective/transfer construction excluded; not used for cross-method ranking,000000000000080f59c6df543b031382,000000000000080fc711211993ac1a94,1.1142852793561358e-06,1.1142852793561358e-06,cached,C:\RINENG_COMPACT_FULL_20260920\RINENG_GFE_Standalone_Run\production_outputs\cache\production_single_run\000000000000093cee7dc3d7771f11fe.pkl,C:\RINENG_COMPACT_FULL_20260920\RINENG_GFE_Standalone_Run\production_outputs\cache\production_single_run\000000000000093cee7dc3d7771f11fe.pkl,gfe-compact-v3-task-specific-20260920-00000000000003f329a2,same-machine protocol record replayed from cache,"{""protocol_id"": ""main-fig8-comparable-end-to-end-v2"", ""scope"": ""fresh command construction from declared inputs through terminal host phase: problem/objective initialization, acoustic transfer construction, applicable host-to-device transfer, compilation/warmup, device synchronization, native solve, and result extraction included; independent mechanical validation, cache retrieval, table export, and rendering excluded"", ""backend"": ""numpy/scipy-cpu"", ""problem_initialization_s"": 0.00036499999987427145, ""acoustic_transfer_construction_s"": 0.0036469000042416155, ""device_transfer_s"": null, ""compilation_warmup_s"": null, ""pre_solve_synchronization_s"": null, ""solve_s"": 0.004706000006990507, ""post_solve_synchronization_s"": null, ""result_extraction_s"": 2.2000021999701858e-06, ""orchestration_overhead_s"": 4.699992132373154e-06, ""total_s"": 0.008724800005438738, ""device_transfer_status"": ""not_applicable_synchronous_cpu"", ""compilation_warmup_status"": ""not_applicable_synchronous_cpu"", ""pre_solve_synchronization_status"": ""not_applicable_synchronous_cpu"", ""post_solve_synchronization_status"": ""not_applicable_synchronous_cpu"", ""decomposition_complete"": true, ""comparable_total"": true, ""exclusion_reason"": null}",engineering,L-BFGS-B,"{""ftol"": 0.0, ""maxcor"": 10, ""maxfun"": 1000000, ""maxls"": 40}",compact-single-float64-v1,True,full,PRODUCTION,True,True,main-fig8-comparable-end-to-end-v2,"fresh command construction from declared inputs through terminal host phase: problem/objective initialization, acoustic transfer construction, applicable host-to-device transfer, compilation/warmup, device synchronization, native solve, and result extraction included; independent mechanical validation, cache retrieval, table export, and rendering excluded",numpy/scipy-cpu,True,,0.00036499999987427145,0.0036469000042416155,N/A,N/A,N/A,0.004706000006990507,N/A,2.2000021999701858e-06,4.699992132373154e-06,0.008724800005438738,not_applicable_synchronous_cpu,not_applicable_synchronous_cpu,not_applicable_synchronous_cpu,not_applicable_synchronous_cpu,True,0.008724800005438738,0.0,0.0,0.05,,,,,,,
AD,Single,681979972.0,,,,,150,,,,,9.104659027635756e-05,,,,dimensionless rad^-1,evaluated after and excluded from the common command-timing boundary,,,,,,,,0.12268350001249928,native AD invocation with device transfer/JIT/synchronization bundled; not used for cross-method ranking,000000000000080fedafa4ceace1f36b,,,,cached,C:\RINENG_COMPACT_FULL_20260920\RINENG_GFE_Standalone_Run\production_outputs\cache\production_holography_run\0000000000000840a5d9b2664e68c5c4.pkl,,gfe-compact-v3-task-specific-20260920-00000000000003f329a2,same-machine protocol record replayed from cache,"{""protocol_id"": ""main-fig8-comparable-end-to-end-v2"", ""scope"": ""fresh command construction from declared inputs through terminal host phase: problem/objective initialization, acoustic transfer construction, applicable host-to-device transfer, compilation/warmup, device synchronization, native solve, and result extraction included; independent mechanical validation, cache retrieval, table export, and rendering excluded"", ""backend"": ""jax-cpu"", ""problem_initialization_s"": 2.7999922167509794e-06, ""acoustic_transfer_construction_s"": 0.0006736999930581078, ""device_transfer_s"": null, ""compilation_warmup_s"": null, ""pre_solve_synchronization_s"": null, ""solve_s"": 0.12268350001249928, ""post_solve_synchronization_s"": null, ""result_extraction_s"": 1.4300007023848593e-05, ""orchestration_overhead_s"": 1.1799987987615168e-05, ""total_s"": 0.1233860999927856, ""device_transfer_status"": ""included_unseparated_in_native_solve"", ""compilation_warmup_status"": ""included_unseparated_in_native_solve"", ""pre_solve_synchronization_status"": ""included_unseparated_in_native_solve"", ""post_solve_synchronization_status"": ""included_unseparated_in_native_solve"", ""decomposition_complete"": false, ""comparable_total"": true, ""exclusion_reason"": null}",,,,,,,PRODUCTION,,,main-fig8-comparable-end-to-end-v2,"fresh command construction from declared inputs through terminal host phase: problem/objective initialization, acoustic transfer construction, applicable host-to-device transfer, compilation/warmup, device synchronization, native solve, and result extraction included; independent mechanical validation, cache retrieval, table export, and rendering excluded",jax-cpu,True,,2.7999922167509794e-06,0.0006736999930581078,N/A,N/A,N/A,0.12268350001249928,N/A,1.4300007023848593e-05,1.1799987987615168e-05,0.1233860999927856,included_unseparated_in_native_solve,included_unseparated_in_native_solve,included_unseparated_in_native_solve,included_unseparated_in_native_solve,False,0.1233860999927856,,,,0.0,"{""algorithm"": ""Acoustic hologram optimisation using automatic differentiation"", ""task"": ""Single"", ""control_points"": 8, ""phase_only_commands"": true, ""loss_terms"": ""target_pressure_amplitude_only"", ""amplitude_normalization"": ""per-control-point phase-aligned row capacity"", ""base_seed"": 681979972, ""effective_seed"": 681980153, ""seed_offset"": 181, ""steps"": 150, ""learning_rate"": 0.1, ""beta1"": 0.9, ""beta2"": 0.999, ""epsilon"": 1e-08, ""initial_loss"": 0.8624988200578847, ""final_loss"": 0.23023350511823432, ""jit_sync_wall_s"": 0.1191502000001492, ""device_transfer_included"": true, ""jit_included"": true, ""device_synchronization_included"": true, ""loss_history"": ""[0.86249882 0.819352   0.77782294 0.73828032 0.70086864 0.66570898\n 0.63288591 0.60242703 0.57431337 0.54849295 0.52488341 0.50337951\n 0.48386693 0.46623367 0.45037418 0.43618739 0.42357239 0.41242462\n 0.40263337 0.39408094 0.38664272 0.38018772 0.37457944 0.36967773\n 0.36534156 0.36143251 0.35781875 0.354379   0.35100561 0.34760646\n 0.34410589 0.34044605 0.33658943 0.33252137 0.3282503  0.32380377\n 0.31922153 0.31454837 0.30982917 0.30510674 0.30042258 0.29581874\n 0.29133916 0.28702894 0.28293178 0.27908681 0.27552578 0.27227091\n 0.26933288 0.26670959 0.2643865  0.26233859 0.2605332  0.25893261\n 0.25749634 0.25618341 0.25495484 0.25377614 0.25261945 0.25146475\n 0.2503002  0.24912154 0.24793101 0.24673628 0.24554918 0.24438432\n 0.24325746 0.2421841  0.24117818 0.2402508  0.23940887 0.23865381\n 0.23798088 0.23737959 0.23683523 0.23633132 0.23585228 0.23538568\n 0.23492365 0.23446319 0.23400564 0.23355556 0.23311944 0.23270448\n 0.2323177  0.23196527 0.23165198 0.23138097 0.23115353 0.23096912\n 0.23082556 0.23071923 0.23064545 0.23059877 0.23057337 0.23056347\n 0.2305636  0.2305689  0.2305753  0.23057964 0.2305797  0.23057418\n 0.23056261 0.23054516 0.23052256 0.2304959  0.23046653 0.23043585\n 0.23040526 0.230376   0.23034914 0.23032547 0.23030549 0.23028943\n 0.23027725 0.23026867 0.23026326 0.23026044 0.23025958 0.23026006\n 0.23026128 0.23026275 0.23026406 0.23026492 0.23026516 0.23026471\n 0.23026357 0.23026183 0.23025963 0.23025711 0.23025442 0.2302517\n 0.23024907 0.23024661 0.23024438 0.23024241 0.23024071 0.23023927\n 0.23023807 0.23023709 0.23023628 0.23023563 0.23023511 0.23023469\n 0.23023435 0.23023409 0.23023388 0.23023373 0.23023362 0.23023355\n 0.23023351]""}",,,,,
IB,Single,,,,,,1,,,,,,,,,N/A,not applicable: prescribed IB/GS command has no scalar optimized phase objective,,,,True,,,,0.00026059999072458595,native prescribed-field method invocation; not used for cross-method ranking,000000000000080f9e740f874ce918fc,,,,cached,C:\RINENG_COMPACT_FULL_20260920\RINENG_GFE_Standalone_Run\production_outputs\cache\production_holography_run\00000000000007dd9a0eaef6a1b5aa38.pkl,,gfe-compact-v3-task-specific-20260920-00000000000003f329a2,same-machine protocol record replayed from cache,"{""protocol_id"": ""main-fig8-comparable-end-to-end-v2"", ""aggregate"": ""median total over 5 complete observations"", ""observation_table"": ""production_timing_observations.csv""}",,,,,,,PRODUCTION,,,main-fig8-comparable-end-to-end-v2,"fresh command construction from declared inputs through terminal host phase: problem/objective initialization, acoustic transfer construction, applicable host-to-device transfer, compilation/warmup, device synchronization, native solve, and result extraction included; independent mechanical validation, cache retrieval, table export, and rendering excluded",numpy-cpu,True,,2.800006768666208e-06,0.0008677000005263835,N/A,N/A,N/A,0.00026059999072458595,N/A,3.7999998312443495e-06,6.300004315562546e-06,0.000833700003568083,not_applicable_synchronous_cpu,not_applicable_synchronous_cpu,not_applicable_synchronous_cpu,not_applicable_synchronous_cpu,True,0.000833700003568083,,,,0.0,{},4.0468734761841005e-16,5.0,one deterministic endpoint; command time is median of 5 protocol observations (fresh or same-machine replay),,
GS,Single,,,,,,100,,,,,,,,,N/A,not applicable: prescribed IB/GS command has no scalar optimized phase objective,,,,,,,,0.0007034999871393666,native prescribed-field method invocation; not used for cross-method ranking,000000000000080fc4cfe8b96a8c14df,,,,cached,C:\RINENG_COMPACT_FULL_20260920\RINENG_GFE_Standalone_Run\production_outputs\cache\production_holography_run\00000000000007cb196d58a52c34a4d2.pkl,,gfe-compact-v3-task-specific-20260920-00000000000003f329a2,same-machine protocol record replayed from cache,"{""protocol_id"": ""main-fig8-comparable-end-to-end-v2"", ""aggregate"": ""median total over 5 complete observations"", ""observation_table"": ""production_timing_observations.csv""}",,,,,,,PRODUCTION,,,main-fig8-comparable-end-to-end-v2,"fresh command construction from declared inputs through terminal host phase: problem/objective initialization, acoustic transfer construction, applicable host-to-device transfer, compilation/warmup, device synchronization, native solve, and result extraction included; independent mechanical validation, cache retrieval, table export, and rendering excluded",numpy-cpu,True,,4.599991370923817e-06,0.0014469999878201634,N/A,N/A,N/A,0.0007034999871393666,N/A,2.5000044843181968e-06,5.300025804899633e-06,0.0012639000051422045,not_applicable_synchronous_cpu,not_applicable_synchronous_cpu,not_applicable_synchronous_cpu,not_applicable_synchronous_cpu,True,0.0012639000051422045,,,,0.0,"{""native_clipped_source_power"": 4.218012046076554e-06, ""phase_only"": true}",,5.0,one deterministic endpoint; command time is median of 5 protocol observations (fresh or same-machine replay),,
Conventional,Triple,260869.0,,30000.0,30000.0,30000.0,30000,37514.0,-35.44113731450367,408.0589478841359,408.0589478841359,408.0589478841359,,,,N m^-1 rad^-1,native optimized-objective gradient,False,1.0,cumulative-accepted-iteration-cap,False,1.0,cumulative-accepted-iteration-cap,451.0540899000043,451.0540899000043,CumulativeBFGSResult.solve_sec; internal solve/checkpoint interval; not used for cross-method ranking,000000000000080f1d873a28ad371ffc,000000000000080f2d7b5efbd5a31fd5,,,cached,C:\RINENG_COMPACT_FULL_20260920\RINENG_GFE_Standalone_Run\production_outputs\cache\production_triple_run\00000000000009f81544da8adcdd4d98.pkl,C:\RINENG_COMPACT_FULL_20260920\RINENG_GFE_Standalone_Run\production_outputs\cache\production_triple_run\00000000000009f81544da8adcdd4d98.pkl,gfe-compact-v3-task-specific-20260920-00000000000003f329a2,same-machine protocol record replayed from cache,"{""protocol_id"": ""main-fig8-comparable-end-to-end-v2"", ""scope"": ""fresh command construction from declared inputs through terminal host phase: problem/objective initialization, acoustic transfer construction, applicable host-to-device transfer, compilation/warmup, device synchronization, native solve, and result extraction included; independent mechanical validation, cache retrieval, table export, and rendering excluded"", ""backend"": ""numpy/scipy-cpu"", ""problem_initialization_s"": 0.00042100000428035855, ""acoustic_transfer_construction_s"": 0.011949199993978254, ""device_transfer_s"": null, ""compilation_warmup_s"": null, ""pre_solve_synchronization_s"": null, ""solve_s"": 451.06892970000627, ""post_solve_synchronization_s"": null, ""result_extraction_s"": 1.1199997970834374e-05, ""orchestration_overhead_s"": 8.699993486516178e-06, ""total_s"": 451.081319799996, ""device_transfer_status"": ""not_applicable_synchronous_cpu"", ""compilation_warmup_status"": ""not_applicable_synchronous_cpu"", ""pre_solve_synchronization_status"": ""not_applicable_synchronous_cpu"", ""post_solve_synchronization_status"": ""not_applicable_synchronous_cpu"", ""decomposition_complete"": true, ""comparable_total"": true, ""exclusion_reason"": null}",engineering,BFGS,{},native,,,PRODUCTION,True,,main-fig8-comparable-end-to-end-v2,"fresh command construction from declared inputs through terminal host phase: problem/objective initialization, acoustic transfer construction, applicable host-to-device transfer, compilation/warmup, device synchronization, native solve, and result extraction included; independent mechanical validation, cache retrieval, table export, and rendering excluded",numpy/scipy-cpu,True,,0.00042100000428035855,0.011949199993978254,N/A,N/A,N/A,451.06892970000627,N/A,1.1199997970834374e-05,8.699993486516178e-06,451.081319799996,not_applicable_synchronous_cpu,not_applicable_synchronous_cpu,not_applicable_synchronous_cpu,not_applicable_synchronous_cpu,True,451.081319799996,,,,,,,,,"{""method"": ""Conventional"", ""components"": {""force_smoothing"": false, ""pressure_retention"": true, ""uniformity"": true}, ""alpha_force"": 0.0, ""beta_pressure"": 1.0, ""gamma_uniformity"": 1.0, ""curvature_weight_override"": [[1000.0, 0.0, 0.0], [0.0, 1000.0, 0.0], [0.0, 0.0, 10.0]], ""pressure_epsilon_rel"": 0.0, ""smooth_stage_factors"": [0.01], ""smooth_stage_maxiters"": [30000], ""smooth_scale_floor"": 1e-20, ""gtol"": 1e-08, ""report_gradient_tol"": 0.001}","[{""segment_index"": 0, ""cumulative_start_iteration"": 0, ""accepted_iterations"": 15280, ""cumulative_end_iteration"": 15280, ""requested_remaining_iterations"": 30000, ""start_phase_content_id"": ""000000000000080f39c73a676fbaf763"", ""terminal_phase_content_id"": ""000000000000080fb88db40be00e1e79"", ""objective"": -31.307337709211925, ""gradient_norm"": 399.6124254588934, ""success"": false, ""status"": 2, ""message"": ""Desired error not necessarily achieved due to precision loss."", ""nfev"": 18911, ""njev"": 18899, ""runtime_sec"": 228.04392660000303, ""restart_from_identical_terminal_phase"": false}, {""segment_index"": 1, ""cumulative_start_iteration"": 15280, ""accepted_iterations"": 5522, ""cumulative_end_iteration"": 20802, ""requested_remaining_iterations"": 14720, ""start_phase_content_id"": ""000000000000080fb88db40be00e1e79"", ""terminal_phase_content_id"": ""000000000000080f31a7271105c52693"", ""objective"": -34.13403625121677, ""gradient_norm"": 422.9691967389039, ""success"": false, ""status"": 2, ""message"": ""Desired error not necessarily achieved due to precision loss."", ""nfev"": 6481, ""njev"": 6469, ""runtime_sec"": 77.88182219999726, ""restart_from_identical_terminal_phase"": true}, {""segment_index"": 2, ""cumulative_start_iteration"": 20802, ""accepted_iterations"": 3213, ""cumulative_end_iteration"": 24015, ""requested_remaining_iterations"": 9198, ""start_phase_content_id"": ""000000000000080f31a7271105c52693"", ""terminal_phase_content_id"": ""000000000000080f6cedc5c09e801875"", ""objective"": -34.93334899470728, ""gradient_norm"": 444.67626851849275, ""success"": false, ""status"": 2, ""message"": ""Desired error not necessarily achieved due to precision loss."", ""nfev"": 3860, ""njev"": 3848, ""runtime_sec"": 48.22823380000773, ""restart_from_identical_terminal_phase"": true}, {""segment_index"": 3, ""cumulative_start_iteration"": 24015, ""accepted_iterations"": 1234, ""cumulative_end_iteration"": 25249, ""requested_remaining_iterations"": 5985, ""start_phase_content_id"": ""000000000000080f6cedc5c09e801875"", ""terminal_phase_content_id"": ""000000000000080fcc2469b146381490"", ""objective"": -35.21655964775932, ""gradient_norm"": 413.468540444858, ""success"": false, ""status"": 2, ""message"": ""Desired error not necessarily achieved due to precision loss."", ""nfev"": 1626, ""njev"": 1614, ""runtime_sec"": 19.18459730000177, ""restart_from_identical_terminal_phase"": true}, {""segment_index"": 4, ""cumulative_start_iteration"": 25249, ""accepted_iterations"": 1185, ""cumulative_end_iteration"": 26434, ""requested_remaining_iterations"": 4751, ""start_phase_content_id"": ""000000000000080fcc2469b146381490"", ""terminal_phase_content_id"": ""000000000000080f0b645d3a40b30c17"", ""objective"": -35.30786173653079, ""gradient_norm"": 445.8540095825875, ""success"": false, ""status"": 2, ""message"": ""Desired error not necessarily achieved due to precision loss."", ""nfev"": 1613, ""njev"": 1601, ""runtime_sec"": 19.12179119999928, ""restart_from_identical_terminal_phase"": true}, {""segment_index"": 5, ""cumulative_start_iteration"": 26434, ""accepted_iterations"": 811, ""cumulative_end_iteration"": 27245, ""requested_remaining_iterations"": 3566, ""start_phase_content_id"": ""000000000000080f0b645d3a40b30c17"", ""terminal_phase_content_id"": ""000000000000080fc0f1130bc1d616a5"", ""objective"": -35.36237378110755, ""gradient_norm"": 391.19647072468445, ""success"": false, ""status"": 2, ""message"": ""Desired error not necessarily achieved due to precision loss."", ""nfev"": 1134, ""njev"": 1122, ""runtime_sec"": 13.235700000004726, ""restart_from_identical_terminal_phase"": true}, {""segment_index"": 6, ""cumulative_start_iteration"": 27245, ""accepted_iterations"": 858, ""cumulative_end_iteration"": 28103, ""requested_remaining_iterations"": 2755, ""start_phase_content_id"": ""000000000000080fc0f1130bc1d616a5"", ""terminal_phase_content_id"": ""000000000000080fc241f4eb40151811"", ""objective"": -35.399396703027925, ""gradient_norm"": 415.20254760462456, ""success"": false, ""status"": 2, ""message"": ""Desired error not necessarily achieved due to precision loss."", ""nfev"": 1172, ""njev"": 1160, ""runtime_sec"": 13.845802899988485, ""restart_from_identical_terminal_phase"": true}, {""segment_index"": 7, ""cumulative_start_iteration"": 28103, ""accepted_iterations"": 937, ""cumulative_end_iteration"": 29040, ""requested_remaining_iterations"": 1897, ""start_phase_content_id"": ""000000000000080fc241f4eb40151811"", ""terminal_phase_content_id"": ""000000000000080f1cc41190d3822851"", ""objective"": -35.42305211563984, ""gradient_norm"": 439.4921712851997, ""success"": false, ""status"": 2, ""message"": ""Desired error not necessarily achieved due to precision loss."", ""nfev"": 1305, ""njev"": 1293, ""runtime_sec"": 15.458885300002294, ""restart_from_identical_terminal_phase"": true}, {""segment_index"": 8, ""cumulative_start_iteration"": 29040, ""accepted_iterations"": 533, ""cumulative_end_iteration"": 29573, ""requested_remaining_iterations"": 960, ""start_phase_content_id"": ""000000000000080f1cc41190d3822851"", ""terminal_phase_content_id"": ""000000000000080fdb0954a77fa638c5"", ""objective"": -35.43398710489285, ""gradient_norm"": 432.6149517332907, ""success"": false, ""status"": 2, ""message"": ""Desired error not necessarily achieved due to precision loss."", ""nfev"": 774, ""njev"": 762, ""runtime_sec"": 8.647187700000359, ""restart_from_identical_terminal_phase"": true}, {""segment_index"": 9, ""cumulative_start_iteration"": 29573, ""accepted_iterations"": 427, ""cumulative_end_iteration"": 30000, ""requested_remaining_iterations"": 427, ""start_phase_content_id"": ""000000000000080fdb0954a77fa638c5"", ""terminal_phase_content_id"": ""000000000000080f1d873a28ad371ffc"", ""objective"": -35.44113731450367, ""gradient_norm"": 408.0589478841359, ""success"": false, ""status"": 1, ""message"": ""Maximum number of iterations has been exceeded."", ""nfev"": 638, ""njev"": 638, ""runtime_sec"": 7.396493500011275, ""restart_from_identical_terminal_phase"": true}]"
FE,Triple,260869.0,,30000.0,30000.0,30000.0,3669,3810.0,-0.05047948340068004,3.793735168439169e-08,3.793735168439169e-08,3.793735168439169e-08,,9.860952200319397e-09,True,N m^-1 rad^-1,native optimized-objective gradient,True,0.0,Optimization terminated successfully.,True,0.0,Optimization terminated successfully.,12.4647444000002,12.4647444000002,MultitrapRunResult.end_to_end_sec after a prepared problem; not used for cross-method ranking,000000000000080ffa85ea9a82131d42,000000000000080f2d7b5efbd5a31fd5,,,cached,C:\RINENG_COMPACT_FULL_20260920\RINENG_GFE_Standalone_Run\production_outputs\cache\production_triple_run\0000000000000a4d537a0d5202b46d13.pkl,C:\RINENG_COMPACT_FULL_20260920\RINENG_GFE_Standalone_Run\production_outputs\cache\production_triple_run\0000000000000a4d537a0d5202b46d13.pkl,gfe-compact-v3-task-specific-20260920-00000000000003f329a2,same-machine protocol record replayed from cache,"{""protocol_id"": ""main-fig8-comparable-end-to-end-v2"", ""scope"": ""fresh command construction from declared inputs through terminal host phase: problem/objective initialization, acoustic transfer construction, applicable host-to-device transfer, compilation/warmup, device synchronization, native solve, and result extraction included; independent mechanical validation, cache retrieval, table export, and rendering excluded"", ""backend"": ""numpy/scipy-cpu"", ""problem_initialization_s"": 0.0007096999906934798, ""acoustic_transfer_construction_s"": 0.010933099998510443, ""device_transfer_s"": null, ""compilation_warmup_s"": null, ""pre_solve_synchronization_s"": null, ""solve_s"": 12.486697100001038, ""post_solve_synchronization_s"": null, ""result_extraction_s"": 2.5000001187436283e-05, ""orchestration_overhead_s"": 9.500014130026102e-06, ""total_s"": 12.49837440000556, ""device_transfer_status"": ""not_applicable_synchronous_cpu"", ""compilation_warmup_status"": ""not_applicable_synchronous_cpu"", ""pre_solve_synchronization_status"": ""not_applicable_synchronous_cpu"", ""post_solve_synchronization_status"": ""not_applicable_synchronous_cpu"", ""decomposition_complete"": true, ""comparable_total"": true, ""exclusion_reason"": null}",engineering,BFGS,{},compact-multitrap-discrete-v1,,,PRODUCTION,True,,main-fig8-comparable-end-to-end-v2,"fresh command construction from declared inputs through terminal host phase: problem/objective initialization, acoustic transfer construction, applicable host-to-device transfer, compilation/warmup, device synchronization, native solve, and result extraction included; independent mechanical validation, cache retrieval, table export, and rendering excluded",numpy/scipy-cpu,True,,0.0007096999906934798,0.010933099998510443,N/A,N/A,N/A,12.486697100001038,N/A,2.5000001187436283e-05,9.500014130026102e-06,12.49837440000556,not_applicable_synchronous_cpu,not_applicable_synchronous_cpu,not_applicable_synchronous_cpu,not_applicable_synchronous_cpu,True,12.49837440000556,,,,,,,,,"{""method"": ""Regularized-FE"", ""components"": {""force_smoothing"": true, ""pressure_retention"": true, ""uniformity"": true}, ""alpha_force"": 3000.0, ""beta_pressure"": 5e-05, ""gamma_uniformity"": 1.0, ""curvature_weight_override"": [[1.0, 0.0, 0.0], [0.0, 1.0, 0.0], [0.0, 0.0, 10.0]], ""pressure_epsilon_rel"": 0.001, ""smooth_stage_factors"": [0.05, 0.01], ""smooth_stage_maxiters"": [250, 29750], ""smooth_scale_floor"": 1e-20, ""gtol"": 1e-08, ""report_gradient_tol"": 0.001}","[{""stage_index"": 0, ""stage_factor"": 0.05, ""maxiter"": 250, ""iterations"": 250, ""nfev"": 293, ""njev"": 293, ""runtime_sec"": 0.8783261000062339, ""objective"": -0.019101220912277207, ""gradient_norm"": 0.011316669851080718, ""success"": false, ""status"": 1, ""message"": ""Maximum number of iterations has been exceeded."", ""force_epsilon"": 1.523759806889276e-08, ""uniformity_epsilon"": 0.0005715670427457971, ""gradient_inf_norm"": 0.004017088400458547}, {""stage_index"": 1, ""stage_factor"": 0.01, ""maxiter"": 29750, ""iterations"": 3419, ""nfev"": 3517, ""njev"": 3517, ""runtime_sec"": 11.554815199997392, ""objective"": -0.05047948340067951, ""gradient_norm"": 3.793737215887195e-08, ""success"": true, ""status"": 0, ""message"": ""Optimization terminated successfully."", ""force_epsilon"": 3.047519613778552e-09, ""uniformity_epsilon"": 0.0001143134085491594, ""gradient_inf_norm"": 9.860947602826153e-09}]"
GFE,Triple,260869.0,,30000.0,30000.0,30000.0,2482,2570.0,-0.04964893226826652,2.921422360633565e-08,2.921422360633565e-08,2.921422360633565e-08,,8.046987238502506e-09,True,N m^-1 rad^-1,native optimized-objective gradient,True,0.0,Optimization terminated successfully.,True,0.0,Optimization terminated successfully.,8.129935800010571,8.129935800010571,MultitrapRunResult.end_to_end_sec after a prepared problem; not used for cross-method ranking,000000000000080f41d566cd4e7b05fe,000000000000080f2d7b5efbd5a31fd5,,,cached,C:\RINENG_COMPACT_FULL_20260920\RINENG_GFE_Standalone_Run\production_outputs\cache\production_triple_run\0000000000000a7282adaefbdee47b68.pkl,C:\RINENG_COMPACT_FULL_20260920\RINENG_GFE_Standalone_Run\production_outputs\cache\production_triple_run\0000000000000a7282adaefbdee47b68.pkl,gfe-compact-v3-task-specific-20260920-00000000000003f329a2,same-machine protocol record replayed from cache,"{""protocol_id"": ""main-fig8-comparable-end-to-end-v2"", ""scope"": ""fresh command construction from declared inputs through terminal host phase: problem/objective initialization, acoustic transfer construction, applicable host-to-device transfer, compilation/warmup, device synchronization, native solve, and result extraction included; independent mechanical validation, cache retrieval, table export, and rendering excluded"", ""backend"": ""numpy/scipy-cpu"", ""problem_initialization_s"": 0.0003727000002982095, ""acoustic_transfer_construction_s"": 0.008716700001969002, ""device_transfer_s"": null, ""compilation_warmup_s"": null, ""pre_solve_synchronization_s"": null, ""solve_s"": 8.142566599999554, ""post_solve_synchronization_s"": null, ""result_extraction_s"": 1.6400008462369442e-05, ""orchestration_overhead_s"": 7.2999828262254596e-06, ""total_s"": 8.15167969999311, ""device_transfer_status"": ""not_applicable_synchronous_cpu"", ""compilation_warmup_status"": ""not_applicable_synchronous_cpu"", ""pre_solve_synchronization_status"": ""not_applicable_synchronous_cpu"", ""post_solve_synchronization_status"": ""not_applicable_synchronous_cpu"", ""decomposition_complete"": true, ""comparable_total"": true, ""exclusion_reason"": null}",engineering,BFGS,{},compact-multitrap-discrete-v1,,,PRODUCTION,True,,main-fig8-comparable-end-to-end-v2,"fresh command construction from declared inputs through terminal host phase: problem/objective initialization, acoustic transfer construction, applicable host-to-device transfer, compilation/warmup, device synchronization, native solve, and result extraction included; independent mechanical validation, cache retrieval, table export, and rendering excluded",numpy/scipy-cpu,True,,0.0003727000002982095,0.008716700001969002,N/A,N/A,N/A,8.142566599999554,N/A,1.6400008462369442e-05,7.2999828262254596e-06,8.15167969999311,not_applicable_synchronous_cpu,not_applicable_synchronous_cpu,not_applicable_synchronous_cpu,not_applicable_synchronous_cpu,True,8.15167969999311,,,,,,,,,"{""method"": ""Regularized-FE"", ""components"": {""force_smoothing"": true, ""pressure_retention"": true, ""uniformity"": true}, ""alpha_force"": 3000.0, ""beta_pressure"": 5e-05, ""gamma_uniformity"": 1.0, ""curvature_weight_override"": [[1.0, 0.0, 0.0], [0.0, 1.0, 0.0], [0.0, 0.0, 10.0]], ""pressure_epsilon_rel"": 0.001, ""smooth_stage_factors"": [0.05, 0.01], ""smooth_stage_maxiters"": [250, 29750], ""smooth_scale_floor"": 1e-20, ""gtol"": 1e-08, ""report_gradient_tol"": 0.001, ""compensate_effective_gravity"": true}","[{""stage_index"": 0, ""stage_factor"": 0.05, ""maxiter"": 250, ""iterations"": 250, ""nfev"": 287, ""njev"": 287, ""runtime_sec"": 0.8828970000031404, ""objective"": -0.025263699702974096, ""gradient_norm"": 0.012892523244950379, ""success"": false, ""status"": 1, ""message"": ""Maximum number of iterations has been exceeded."", ""force_epsilon"": 6.467464577569612e-08, ""uniformity_epsilon"": 0.0005633276970247384, ""gradient_inf_norm"": 0.0036548613415339753}, {""stage_index"": 1, ""stage_factor"": 0.01, ""maxiter"": 29750, ""iterations"": 2232, ""nfev"": 2283, ""njev"": 2283, ""runtime_sec"": 7.205129499998293, ""objective"": -0.049648932268266825, ""gradient_norm"": 2.921422150885048e-08, ""success"": true, ""status"": 0, ""message"": ""Optimization terminated successfully."", ""force_epsilon"": 1.2934929155139225e-08, ""uniformity_epsilon"": 0.00011266553940494768, ""gradient_inf_norm"": 8.04698555354391e-09}]"
AD,Triple,260869.0,,,,,150,,,,,0.00018953053216083114,,,,dimensionless rad^-1,evaluated after and excluded from the common command-timing boundary,,,,,,,,0.16397939999296796,native AD invocation with device transfer/JIT/synchronization bundled; not used for cross-method ranking,000000000000080fdabcb4c10ca415ba,,,,cached,C:\RINENG_COMPACT_FULL_20260920\RINENG_GFE_Standalone_Run\production_outputs\cache\production_holography_run\0000000000000894224a2c236dced6d2.pkl,,gfe-compact-v3-task-specific-20260920-00000000000003f329a2,same-machine protocol record replayed from cache,"{""protocol_id"": ""main-fig8-comparable-end-to-end-v2"", ""scope"": ""fresh command construction from declared inputs through terminal host phase: problem/objective initialization, acoustic transfer construction, applicable host-to-device transfer, compilation/warmup, device synchronization, native solve, and result extraction included; independent mechanical validation, cache retrieval, table export, and rendering excluded"", ""backend"": ""jax-cpu"", ""problem_initialization_s"": 3.260000084992498e-05, ""acoustic_transfer_construction_s"": 0.0012456999975256622, ""device_transfer_s"": null, ""compilation_warmup_s"": null, ""pre_solve_synchronization_s"": null, ""solve_s"": 0.16397939999296796, ""post_solve_synchronization_s"": null, ""result_extraction_s"": 9.2999980552122e-06, ""orchestration_overhead_s"": 1.1000010999850929e-05, ""total_s"": 0.1652780000003986, ""device_transfer_status"": ""included_unseparated_in_native_solve"", ""compilation_warmup_status"": ""included_unseparated_in_native_solve"", ""pre_solve_synchronization_status"": ""included_unseparated_in_native_solve"", ""post_solve_synchronization_status"": ""included_unseparated_in_native_solve"", ""decomposition_complete"": false, ""comparable_total"": true, ""exclusion_reason"": null}",,,,,,,PRODUCTION,,,main-fig8-comparable-end-to-end-v2,"fresh command construction from declared inputs through terminal host phase: problem/objective initialization, acoustic transfer construction, applicable host-to-device transfer, compilation/warmup, device synchronization, native solve, and result extraction included; independent mechanical validation, cache retrieval, table export, and rendering excluded",jax-cpu,True,,3.260000084992498e-05,0.0012456999975256622,N/A,N/A,N/A,0.16397939999296796,N/A,9.2999980552122e-06,1.1000010999850929e-05,0.1652780000003986,included_unseparated_in_native_solve,included_unseparated_in_native_solve,included_unseparated_in_native_solve,included_unseparated_in_native_solve,False,0.1652780000003986,,,,0.0,"{""algorithm"": ""Acoustic hologram optimisation using automatic differentiation"", ""task"": ""Triple"", ""control_points"": 24, ""phase_only_commands"": true, ""loss_terms"": ""target_pressure_amplitude_only"", ""amplitude_normalization"": ""per-control-point phase-aligned row capacity"", ""base_seed"": 260869, ""effective_seed"": 261050, ""seed_offset"": 181, ""steps"": 150, ""learning_rate"": 0.1, ""beta1"": 0.9, ""beta2"": 0.999, ""epsilon"": 1e-08, ""initial_loss"": 0.832546338767263, ""final_loss"": 0.5034826373533796, ""jit_sync_wall_s"": 0.10415159999683965, ""device_transfer_included"": true, ""jit_included"": true, ""device_synchronization_included"": true, ""loss_history"": ""[0.83254634 0.80809051 0.78488773 0.76302205 0.74255509 0.723571\n 0.70607349 0.68999197 0.67521282 0.66160727 0.64905849 0.63748192\n 0.62681695 0.61700048 0.60795144 0.59957949 0.5918029  0.58455581\n 0.5777883  0.57146807 0.56558243 0.56013572 0.55514171 0.55061518\n 0.54656486 0.5429888  0.53987341 0.53719463 0.53491896 0.53300497\n 0.53140687 0.53007907 0.52897878 0.52806652 0.52730573 0.52666231\n 0.5261048  0.52560559 0.5251412  0.5246919  0.52424214 0.52378081\n 0.52330085 0.52279935 0.52227834 0.52174507 0.5212111  0.52069025\n 0.52019602 0.51973956 0.51932805 0.51896353 0.51864303 0.51835977\n 0.51810464 0.51786777 0.51763977 0.51741261 0.51718005 0.51693773\n 0.51668301 0.51641488 0.51613392 0.51584226 0.51554342 0.51524174\n 0.51494174 0.51464727 0.51436063 0.51408195 0.5138091  0.51353798\n 0.51326316 0.51297875 0.51267927 0.51236047 0.51202002 0.51165808\n 0.51127757 0.51088409 0.51048511 0.51008878 0.50970231 0.50933059\n 0.50897548 0.50863599 0.50830934 0.50799236 0.50768265 0.50737929\n 0.5070829  0.50679526 0.50651882 0.5062562  0.50600974 0.50578111\n 0.50557112 0.50537958 0.50520547 0.50504727 0.50490334 0.50477213\n 0.50465235 0.50454287 0.50444272 0.50435091 0.50426654 0.50418888\n 0.50411741 0.50405198 0.50399264 0.50393965 0.50389322 0.50385341\n 0.50381996 0.5037923  0.50376955 0.50375064 0.50373448 0.50372011\n 0.50370681 0.50369415 0.50368197 0.50367031 0.50365927 0.50364894\n 0.50363935 0.50363043 0.50362206 0.50361408 0.50360639 0.50359888\n 0.50359155 0.50358442 0.50357755 0.50357098 0.50356473 0.50355878\n 0.50355307 0.50354752 0.50354205 0.50353661 0.50353115 0.50352564\n 0.50352006 0.50351436 0.50350852 0.50350249 0.50349621 0.50348961\n 0.50348264]""}",,,,,
Conventional,Triple,260870.0,,30000.0,30000.0,30000.0,30000,36470.0,-35.392153775199716,461.8015757441925,461.8015757441925,461.8015757441925,,,,N m^-1 rad^-1,native optimized-objective gradient,False,1.0,cumulative-accepted-iteration-cap,False,1.0,cumulative-accepted-iteration-cap,407.06103959999746,407.06103959999746,CumulativeBFGSResult.solve_sec; internal solve/checkpoint interval; not used for cross-method ranking,000000000000080f1955ff792d851588,000000000000080f65c048ed9e7206a6,,,cached,C:\RINENG_COMPACT_FULL_20260920\RINENG_GFE_Standalone_Run\production_outputs\cache\production_triple_run\00000000000009f85c8e69fbbfaa4cd9.pkl,C:\RINENG_COMPACT_FULL_20260920\RINENG_GFE_Standalone_Run\production_outputs\cache\production_triple_run\00000000000009f85c8e69fbbfaa4cd9.pkl,gfe-compact-v3-task-specific-20260920-00000000000003f329a2,same-machine protocol record replayed from cache,"{""protocol_id"": ""main-fig8-comparable-end-to-end-v2"", ""scope"": ""fresh command construction from declared inputs through terminal host phase: problem/objective initialization, acoustic transfer construction, applicable host-to-device transfer, compilation/warmup, device synchronization, native solve, and result extraction included; independent mechanical validation, cache retrieval, table export, and rendering excluded"", ""backend"": ""numpy/scipy-cpu"", ""problem_initialization_s"": 0.0007199999963631853, ""acoustic_transfer_construction_s"": 0.01781420000770595, ""device_transfer_s"": null, ""compilation_warmup_s"": null, ""pre_solve_synchronization_s"": null, ""solve_s"": 407.0801969000022, ""post_solve_synchronization_s"": null, ""result_extraction_s"": 8.699993486516178e-06, ""orchestration_overhead_s"": 8.199989679269493e-06, ""total_s"": 407.0987479999894, ""device_transfer_status"": ""not_applicable_synchronous_cpu"", ""compilation_warmup_status"": ""not_applicable_synchronous_cpu"", ""pre_solve_synchronization_status"": ""not_applicable_synchronous_cpu"", ""post_solve_synchronization_status"": ""not_applicable_synchronous_cpu"", ""decomposition_complete"": true, ""comparable_total"": true, ""exclusion_reason"": null}",engineering,BFGS,{},native,,,PRODUCTION,True,,main-fig8-comparable-end-to-end-v2,"fresh command construction from declared inputs through terminal host phase: problem/objective initialization, acoustic transfer construction, applicable host-to-device transfer, compilation/warmup, device synchronization, native solve, and result extraction included; independent mechanical validation, cache retrieval, table export, and rendering excluded",numpy/scipy-cpu,True,,0.0007199999963631853,0.01781420000770595,N/A,N/A,N/A,407.0801969000022,N/A,8.699993486516178e-06,8.199989679269493e-06,407.0987479999894,not_applicable_synchronous_cpu,not_applicable_synchronous_cpu,not_applicable_synchronous_cpu,not_applicable_synchronous_cpu,True,407.0987479999894,,,,,,,,,"{""method"": ""Conventional"", ""components"": {""force_smoothing"": false, ""pressure_retention"": true, ""uniformity"": true}, ""alpha_force"": 0.0, ""beta_pressure"": 1.0, ""gamma_uniformity"": 1.0, ""curvature_weight_override"": [[1000.0, 0.0, 0.0], [0.0, 1000.0, 0.0], [0.0, 0.0, 10.0]], ""pressure_epsilon_rel"": 0.0, ""smooth_stage_factors"": [0.01], ""smooth_stage_maxiters"": [30000], ""smooth_scale_floor"": 1e-20, ""gtol"": 1e-08, ""report_gradient_tol"": 0.001}","[{""segment_index"": 0, ""cumulative_start_iteration"": 0, ""accepted_iterations"": 11560, ""cumulative_end_iteration"": 11560, ""requested_remaining_iterations"": 30000, ""start_phase_content_id"": ""000000000000080f61d8da7de12a0272"", ""terminal_phase_content_id"": ""000000000000080f398247941a67f66c"", ""objective"": -27.805398352301765, ""gradient_norm"": 444.5689589749282, ""success"": false, ""status"": 2, ""message"": ""Desired error not necessarily achieved due to precision loss."", ""nfev"": 14157, ""njev"": 14145, ""runtime_sec"": 156.73686789999192, ""restart_from_identical_terminal_phase"": false}, {""segment_index"": 1, ""cumulative_start_iteration"": 11560, ""accepted_iterations"": 8525, ""cumulative_end_iteration"": 20085, ""requested_remaining_iterations"": 18440, ""start_phase_content_id"": ""000000000000080f398247941a67f66c"", ""terminal_phase_content_id"": ""000000000000080fa01fa06c786a1030"", ""objective"": -32.98012557904354, ""gradient_norm"": 471.46405394808056, ""success"": false, ""status"": 2, ""message"": ""Desired error not necessarily achieved due to precision loss."", ""nfev"": 9945, ""njev"": 9933, ""runtime_sec"": 111.63970060000429, ""restart_from_identical_terminal_phase"": true}, {""segment_index"": 2, ""cumulative_start_iteration"": 20085, ""accepted_iterations"": 5515, ""cumulative_end_iteration"": 25600, ""requested_remaining_iterations"": 9915, ""start_phase_content_id"": ""000000000000080fa01fa06c786a1030"", ""terminal_phase_content_id"": ""000000000000080f5a405dc59b1f1142"", ""objective"": -34.771542280878634, ""gradient_norm"": 413.52711637746165, ""success"": false, ""status"": 2, ""message"": ""Desired error not necessarily achieved due to precision loss."", ""nfev"": 6509, ""njev"": 6497, ""runtime_sec"": 73.89786480000475, ""restart_from_identical_terminal_phase"": true}, {""segment_index"": 3, ""cumulative_start_iteration"": 25600, ""accepted_iterations"": 1287, ""cumulative_end_iteration"": 26887, ""requested_remaining_iterations"": 4400, ""start_phase_content_id"": ""000000000000080f5a405dc59b1f1142"", ""terminal_phase_content_id"": ""000000000000080f3a8c38875f0114b4"", ""objective"": -35.111147663108895, ""gradient_norm"": 424.8382112270723, ""success"": false, ""status"": 2, ""message"": ""Desired error not necessarily achieved due to precision loss."", ""nfev"": 1691, ""njev"": 1679, ""runtime_sec"": 18.615257600002224, ""restart_from_identical_terminal_phase"": true}, {""segment_index"": 4, ""cumulative_start_iteration"": 26887, ""accepted_iterations"": 1747, ""cumulative_end_iteration"": 28634, ""requested_remaining_iterations"": 3113, ""start_phase_content_id"": ""000000000000080f3a8c38875f0114b4"", ""terminal_phase_content_id"": ""000000000000080f143d2652c2c101a5"", ""objective"": -35.278115230640665, ""gradient_norm"": 422.5020183368987, ""success"": false, ""status"": 2, ""message"": ""Desired error not necessarily achieved due to precision loss."", ""nfev"": 2252, ""njev"": 2240, ""runtime_sec"": 24.997185900007025, ""restart_from_identical_terminal_phase"": true}, {""segment_index"": 5, ""cumulative_start_iteration"": 28634, ""accepted_iterations"": 1031, ""cumulative_end_iteration"": 29665, ""requested_remaining_iterations"": 1366, ""start_phase_content_id"": ""000000000000080f143d2652c2c101a5"", ""terminal_phase_content_id"": ""000000000000080f22db2f58047a1990"", ""objective"": -35.353446178106545, ""gradient_norm"": 423.6657160618994, ""success"": false, ""status"": 2, ""message"": ""Desired error not necessarily achieved due to precision loss."", ""nfev"": 1392, ""njev"": 1380, ""runtime_sec"": 15.457974499993725, ""restart_from_identical_terminal_phase"": true}, {""segment_index"": 6, ""cumulative_start_iteration"": 29665, ""accepted_iterations"": 335, ""cumulative_end_iteration"": 30000, ""requested_remaining_iterations"": 335, ""start_phase_content_id"": ""000000000000080f22db2f58047a1990"", ""terminal_phase_content_id"": ""000000000000080f1955ff792d851588"", ""objective"": -35.392153775199716, ""gradient_norm"": 461.8015757441925, ""success"": false, ""status"": 1, ""message"": ""Maximum number of iterations has been exceeded."", ""nfev"": 524, ""njev"": 524, ""runtime_sec"": 5.706784200010588, ""restart_from_identical_terminal_phase"": true}]"
FE,Triple,260870.0,,30000.0,30000.0,30000.0,4775,4914.0,-0.050479879294609196,3.352026521983008e-08,3.352026521983008e-08,3.352026521983008e-08,,9.231713736473129e-09,True,N m^-1 rad^-1,native optimized-objective gradient,True,0.0,Optimization terminated successfully.,True,0.0,Optimization terminated successfully.,14.311086800007615,14.311086800007615,MultitrapRunResult.end_to_end_sec after a prepared problem; not used for cross-method ranking,000000000000080f3975e09ebbb9086a,000000000000080f65c048ed9e7206a6,,,cached,C:\RINENG_COMPACT_FULL_20260920\RINENG_GFE_Standalone_Run\production_outputs\cache\production_triple_run\0000000000000a4da7a12f20ec986c54.pkl,C:\RINENG_COMPACT_FULL_20260920\RINENG_GFE_Standalone_Run\production_outputs\cache\production_triple_run\0000000000000a4da7a12f20ec986c54.pkl,gfe-compact-v3-task-specific-20260920-00000000000003f329a2,same-machine protocol record replayed from cache,"{""protocol_id"": ""main-fig8-comparable-end-to-end-v2"", ""scope"": ""fresh command construction from declared inputs through terminal host phase: problem/objective initialization, acoustic transfer construction, applicable host-to-device transfer, compilation/warmup, device synchronization, native solve, and result extraction included; independent mechanical validation, cache retrieval, table export, and rendering excluded"", ""backend"": ""numpy/scipy-cpu"", ""problem_initialization_s"": 0.0004495000030146912, ""acoustic_transfer_construction_s"": 0.009309900007792749, ""device_transfer_s"": null, ""compilation_warmup_s"": null, ""pre_solve_synchronization_s"": null, ""solve_s"": 14.337401900003897, ""post_solve_synchronization_s"": null, ""result_extraction_s"": 1.5199999324977398e-05, ""orchestration_overhead_s"": 8.99998121894896e-06, ""total_s"": 14.347185499995248, ""device_transfer_status"": ""not_applicable_synchronous_cpu"", ""compilation_warmup_status"": ""not_applicable_synchronous_cpu"", ""pre_solve_synchronization_status"": ""not_applicable_synchronous_cpu"", ""post_solve_synchronization_status"": ""not_applicable_synchronous_cpu"", ""decomposition_complete"": true, ""comparable_total"": true, ""exclusion_reason"": null}",engineering,BFGS,{},compact-multitrap-discrete-v1,,,PRODUCTION,True,,main-fig8-comparable-end-to-end-v2,"fresh command construction from declared inputs through terminal host phase: problem/objective initialization, acoustic transfer construction, applicable host-to-device transfer, compilation/warmup, device synchronization, native solve, and result extraction included; independent mechanical validation, cache retrieval, table export, and rendering excluded",numpy/scipy-cpu,True,,0.0004495000030146912,0.009309900007792749,N/A,N/A,N/A,14.337401900003897,N/A,1.5199999324977398e-05,8.99998121894896e-06,14.347185499995248,not_applicable_synchronous_cpu,not_applicable_synchronous_cpu,not_applicable_synchronous_cpu,not_applicable_synchronous_cpu,True,14.347185499995248,,,,,,,,,"{""method"": ""Regularized-FE"", ""components"": {""force_smoothing"": true, ""pressure_retention"": true, ""uniformity"": true}, ""alpha_force"": 3000.0, ""beta_pressure"": 5e-05, ""gamma_uniformity"": 1.0, ""curvature_weight_override"": [[1.0, 0.0, 0.0], [0.0, 1.0, 0.0], [0.0, 0.0, 10.0]], ""pressure_epsilon_rel"": 0.001, ""smooth_stage_factors"": [0.05, 0.01], ""smooth_stage_maxiters"": [250, 29750], ""smooth_scale_floor"": 1e-20, ""gtol"": 1e-08, ""report_gradient_tol"": 0.001}","[{""stage_index"": 0, ""stage_factor"": 0.05, ""maxiter"": 250, ""iterations"": 250, ""nfev"": 285, ""njev"": 285, ""runtime_sec"": 0.7764727000030689, ""objective"": -0.019598208789111227, ""gradient_norm"": 0.0231459600511021, ""success"": false, ""status"": 1, ""message"": ""Maximum number of iterations has been exceeded."", ""force_epsilon"": 2.758495867319493e-08, ""uniformity_epsilon"": 0.00021541560587238695, ""gradient_inf_norm"": 0.006109712196108416}, {""stage_index"": 1, ""stage_factor"": 0.01, ""maxiter"": 29750, ""iterations"": 4525, ""nfev"": 4629, ""njev"": 4629, ""runtime_sec"": 13.50479729998915, ""objective"": -0.050479879294609294, ""gradient_norm"": 3.3520265053770327e-08, ""success"": true, ""status"": 0, ""message"": ""Optimization terminated successfully."", ""force_epsilon"": 5.516991734638986e-09, ""uniformity_epsilon"": 4.308312117447739e-05, ""gradient_inf_norm"": 9.23170942529735e-09}]"
GFE,Triple,260870.0,,30000.0,30000.0,30000.0,3342,3492.0,-0.045548300322132966,3.04385103967114e-08,3.04385103967114e-08,3.04385103967114e-08,,9.355239889426748e-09,True,N m^-1 rad^-1,native optimized-objective gradient,True,0.0,Optimization terminated successfully.,True,0.0,Optimization terminated successfully.,9.99638359999517,9.99638359999517,MultitrapRunResult.end_to_end_sec after a prepared problem; not used for cross-method ranking,000000000000080f9ce305b1153f0604,000000000000080f65c048ed9e7206a6,,,cached,C:\RINENG_COMPACT_FULL_20260920\RINENG_GFE_Standalone_Run\production_outputs\cache\production_triple_run\0000000000000a7214e70c17c8207aa9.pkl,C:\RINENG_COMPACT_FULL_20260920\RINENG_GFE_Standalone_Run\production_outputs\cache\production_triple_run\0000000000000a7214e70c17c8207aa9.pkl,gfe-compact-v3-task-specific-20260920-00000000000003f329a2,same-machine protocol record replayed from cache,"{""protocol_id"": ""main-fig8-comparable-end-to-end-v2"", ""scope"": ""fresh command construction from declared inputs through terminal host phase: problem/objective initialization, acoustic transfer construction, applicable host-to-device transfer, compilation/warmup, device synchronization, native solve, and result extraction included; independent mechanical validation, cache retrieval, table export, and rendering excluded"", ""backend"": ""numpy/scipy-cpu"", ""problem_initialization_s"": 0.000421199991251342, ""acoustic_transfer_construction_s"": 0.009124799995333888, ""device_transfer_s"": null, ""compilation_warmup_s"": null, ""pre_solve_synchronization_s"": null, ""solve_s"": 10.016565800004173, ""post_solve_synchronization_s"": null, ""result_extraction_s"": 1.4200006262399256e-05, ""orchestration_overhead_s"": 8.90000956133008e-06, ""total_s"": 10.026134900006582, ""device_transfer_status"": ""not_applicable_synchronous_cpu"", ""compilation_warmup_status"": ""not_applicable_synchronous_cpu"", ""pre_solve_synchronization_status"": ""not_applicable_synchronous_cpu"", ""post_solve_synchronization_status"": ""not_applicable_synchronous_cpu"", ""decomposition_complete"": true, ""comparable_total"": true, ""exclusion_reason"": null}",engineering,BFGS,{},compact-multitrap-discrete-v1,,,PRODUCTION,True,,main-fig8-comparable-end-to-end-v2,"fresh command construction from declared inputs through terminal host phase: problem/objective initialization, acoustic transfer construction, applicable host-to-device transfer, compilation/warmup, device synchronization, native solve, and result extraction included; independent mechanical validation, cache retrieval, table export, and rendering excluded",numpy/scipy-cpu,True,,0.000421199991251342,0.009124799995333888,N/A,N/A,N/A,10.016565800004173,N/A,1.4200006262399256e-05,8.90000956133008e-06,10.026134900006582,not_applicable_synchronous_cpu,not_applicable_synchronous_cpu,not_applicable_synchronous_cpu,not_applicable_synchronous_cpu,True,10.026134900006582,,,,,,,,,"{""method"": ""Regularized-FE"", ""components"": {""force_smoothing"": true, ""pressure_retention"": true, ""uniformity"": true}, ""alpha_force"": 3000.0, ""beta_pressure"": 5e-05, ""gamma_uniformity"": 1.0, ""curvature_weight_override"": [[1.0, 0.0, 0.0], [0.0, 1.0, 0.0], [0.0, 0.0, 10.0]], ""pressure_epsilon_rel"": 0.001, ""smooth_stage_factors"": [0.05, 0.01], ""smooth_stage_maxiters"": [250, 29750], ""smooth_scale_floor"": 1e-20, ""gtol"": 1e-08, ""report_gradient_tol"": 0.001, ""compensate_effective_gravity"": true}","[{""stage_index"": 0, ""stage_factor"": 0.05, ""maxiter"": 250, ""iterations"": 250, ""nfev"": 300, ""njev"": 300, ""runtime_sec"": 0.7869213999947533, ""objective"": -0.0186250765423094, ""gradient_norm"": 0.018959832563659098, ""success"": false, ""status"": 1, ""message"": ""Maximum number of iterations has been exceeded."", ""force_epsilon"": 5.1198535625620806e-08, ""uniformity_epsilon"": 0.00018883894902693417, ""gradient_inf_norm"": 0.007383634858624122}, {""stage_index"": 1, ""stage_factor"": 0.01, ""maxiter"": 29750, ""iterations"": 3092, ""nfev"": 3192, ""njev"": 3192, ""runtime_sec"": 9.181939100002637, ""objective"": -0.04554830032213315, ""gradient_norm"": 3.0438500456076246e-08, ""success"": true, ""status"": 0, ""message"": ""Optimization terminated successfully."", ""force_epsilon"": 1.023970712512416e-08, ""uniformity_epsilon"": 3.776778980538683e-05, ""gradient_inf_norm"": 9.35523497127817e-09}]"
AD,Triple,260870.0,,,,,150,,,,,1.6202812030502672e-05,,,,dimensionless rad^-1,evaluated after and excluded from the common command-timing boundary,,,,,,,,0.09974410000722855,native AD invocation with device transfer/JIT/synchronization bundled; not used for cross-method ranking,000000000000080fea7548b5a500167e,,,,cached,C:\RINENG_COMPACT_FULL_20260920\RINENG_GFE_Standalone_Run\production_outputs\cache\production_holography_run\00000000000008941bb9f38a4318d6c2.pkl,,gfe-compact-v3-task-specific-20260920-00000000000003f329a2,same-machine protocol record replayed from cache,"{""protocol_id"": ""main-fig8-comparable-end-to-end-v2"", ""scope"": ""fresh command construction from declared inputs through terminal host phase: problem/objective initialization, acoustic transfer construction, applicable host-to-device transfer, compilation/warmup, device synchronization, native solve, and result extraction included; independent mechanical validation, cache retrieval, table export, and rendering excluded"", ""backend"": ""jax-cpu"", ""problem_initialization_s"": 2.8700000257231295e-05, ""acoustic_transfer_construction_s"": 0.0010040000051958486, ""device_transfer_s"": null, ""compilation_warmup_s"": null, ""pre_solve_synchronization_s"": null, ""solve_s"": 0.09974410000722855, ""post_solve_synchronization_s"": null, ""result_extraction_s"": 9.60000033956021e-06, ""orchestration_overhead_s"": 9.399998816661537e-06, ""total_s"": 0.10079580001183785, ""device_transfer_status"": ""included_unseparated_in_native_solve"", ""compilation_warmup_status"": ""included_unseparated_in_native_solve"", ""pre_solve_synchronization_status"": ""included_unseparated_in_native_solve"", ""post_solve_synchronization_status"": ""included_unseparated_in_native_solve"", ""decomposition_complete"": false, ""comparable_total"": true, ""exclusion_reason"": null}",,,,,,,PRODUCTION,,,main-fig8-comparable-end-to-end-v2,"fresh command construction from declared inputs through terminal host phase: problem/objective initialization, acoustic transfer construction, applicable host-to-device transfer, compilation/warmup, device synchronization, native solve, and result extraction included; independent mechanical validation, cache retrieval, table export, and rendering excluded",jax-cpu,True,,2.8700000257231295e-05,0.0010040000051958486,N/A,N/A,N/A,0.09974410000722855,N/A,9.60000033956021e-06,9.399998816661537e-06,0.10079580001183785,included_unseparated_in_native_solve,included_unseparated_in_native_solve,included_unseparated_in_native_solve,included_unseparated_in_native_solve,False,0.10079580001183785,,,,0.0,"{""algorithm"": ""Acoustic hologram optimisation using automatic differentiation"", ""task"": ""Triple"", ""control_points"": 24, ""phase_only_commands"": true, ""loss_terms"": ""target_pressure_amplitude_only"", ""amplitude_normalization"": ""per-control-point phase-aligned row capacity"", ""base_seed"": 260870, ""effective_seed"": 261051, ""seed_offset"": 181, ""steps"": 150, ""learning_rate"": 0.1, ""beta1"": 0.9, ""beta2"": 0.999, ""epsilon"": 1e-08, ""initial_loss"": 0.8722180159640511, ""final_loss"": 0.4937562591087424, ""jit_sync_wall_s"": 0.09293679999245796, ""device_transfer_included"": true, ""jit_included"": true, ""device_synchronization_included"": true, ""loss_history"": ""[0.87221802 0.84807586 0.82408323 0.80090446 0.77849739 0.75679409\n 0.73573173 0.71533569 0.69569136 0.67691846 0.65913923 0.64244421\n 0.62688377 0.61247654 0.59922004 0.58709642 0.57607363 0.56610661\n 0.55714089 0.54911837 0.54198356 0.53568753 0.53018784 0.52544534\n 0.5214194  0.51806362 0.51532324 0.51313453 0.51142593 0.51012045\n 0.50913869 0.50840234 0.50783781 0.50737944 0.50697199 0.50657195\n 0.50614779 0.50567909 0.50515512 0.50457326 0.50393729 0.50325557\n 0.50253886 0.5017986  0.50104573 0.50029065 0.49954358 0.49881512\n 0.4981164  0.49745871 0.49685295 0.49630881 0.49583417 0.49543452\n 0.49511235 0.4948667  0.49469287 0.49458254 0.49452433 0.49450482\n 0.49450988 0.49452611 0.49454212 0.49454941 0.49454269 0.4945197\n 0.4944807  0.49442779 0.49436427 0.49429406 0.49422128 0.49414981\n 0.49408297 0.49402331 0.49397247 0.49393127 0.4938997  0.49387714\n 0.49386246 0.49385416 0.49385057 0.49384998 0.49385082 0.49385176\n 0.49385181 0.49385034 0.49384704 0.49384192 0.4938352  0.49382722\n 0.49381844 0.49380935 0.49380046 0.49379221 0.49378495 0.49377892\n 0.49377421 0.49377079 0.49376854 0.49376727 0.49376674 0.49376672\n 0.49376697 0.49376729 0.49376751 0.49376752 0.49376726 0.49376672\n 0.49376592 0.49376492 0.4937638  0.49376266 0.49376157 0.49376059\n 0.49375977 0.49375913 0.49375865 0.49375833 0.49375813 0.49375802\n 0.49375797 0.49375793 0.4937579  0.49375785 0.49375778 0.49375767\n 0.49375755 0.4937574  0.49375725 0.4937571  0.49375696 0.49375683\n 0.49375673 0.49375665 0.4937566  0.49375656 0.49375654 0.49375652\n 0.49375651 0.4937565  0.49375649 0.49375647 0.49375645 0.49375643\n 0.4937564  0.49375637 0.49375634 0.49375631 0.49375629 0.49375627\n 0.49375626]""}",,,,,
Conventional,Triple,260871.0,,30000.0,30000.0,30000.0,26747,49454.0,-35.452326942151814,389.5643736438122,389.5643736438122,389.5643736438122,,,,N m^-1 rad^-1,native optimized-objective gradient,False,2.0,zero-accepted-restart-stall: Desired error not necessarily achieved due to precision loss.,False,2.0,zero-accepted-restart-stall: Desired error not necessarily achieved due to precision loss.,475.5770065999968,475.5770065999968,CumulativeBFGSResult.solve_sec; internal solve/checkpoint interval; not used for cross-method ranking,000000000000080f99fdf2e7d5190e67,000000000000080fb2ba3a6fe7ab1052,,,cached,C:\RINENG_COMPACT_FULL_20260920\RINENG_GFE_Standalone_Run\production_outputs\cache\production_triple_run\00000000000009f819eb33110cd24d51.pkl,C:\RINENG_COMPACT_FULL_20260920\RINENG_GFE_Standalone_Run\production_outputs\cache\production_triple_run\00000000000009f819eb33110cd24d51.pkl,gfe-compact-v3-task-specific-20260920-00000000000003f329a2,same-machine protocol record replayed from cache,"{""protocol_id"": ""main-fig8-comparable-end-to-end-v2"", ""scope"": ""fresh command construction from declared inputs through terminal host phase: problem/objective initialization, acoustic transfer construction, applicable host-to-device transfer, compilation/warmup, device synchronization, native solve, and result extraction included; independent mechanical validation, cache retrieval, table export, and rendering excluded"", ""backend"": ""numpy/scipy-cpu"", ""problem_initialization_s"": 0.0006996000010985881, ""acoustic_transfer_construction_s"": 0.0181287000013981, ""device_transfer_s"": null, ""compilation_warmup_s"": null, ""pre_solve_synchronization_s"": null, ""solve_s"": 475.5884948000021, ""post_solve_synchronization_s"": null, ""result_extraction_s"": 6.200003554113209e-06, ""orchestration_overhead_s"": 7.800001185387373e-06, ""total_s"": 475.6073371000093, ""device_transfer_status"": ""not_applicable_synchronous_cpu"", ""compilation_warmup_status"": ""not_applicable_synchronous_cpu"", ""pre_solve_synchronization_status"": ""not_applicable_synchronous_cpu"", ""post_solve_synchronization_status"": ""not_applicable_synchronous_cpu"", ""decomposition_complete"": true, ""comparable_total"": true, ""exclusion_reason"": null}",engineering,BFGS,{},native,,,PRODUCTION,True,,main-fig8-comparable-end-to-end-v2,"fresh command construction from declared inputs through terminal host phase: problem/objective initialization, acoustic transfer construction, applicable host-to-device transfer, compilation/warmup, device synchronization, native solve, and result extraction included; independent mechanical validation, cache retrieval, table export, and rendering excluded",numpy/scipy-cpu,True,,0.0006996000010985881,0.0181287000013981,N/A,N/A,N/A,475.5884948000021,N/A,6.200003554113209e-06,7.800001185387373e-06,475.6073371000093,not_applicable_synchronous_cpu,not_applicable_synchronous_cpu,not_applicable_synchronous_cpu,not_applicable_synchronous_cpu,True,475.6073371000093,,,,,,,,,"{""method"": ""Conventional"", ""components"": {""force_smoothing"": false, ""pressure_retention"": true, ""uniformity"": true}, ""alpha_force"": 0.0, ""beta_pressure"": 1.0, ""gamma_uniformity"": 1.0, ""curvature_weight_override"": [[1000.0, 0.0, 0.0], [0.0, 1000.0, 0.0], [0.0, 0.0, 10.0]], ""pressure_epsilon_rel"": 0.0, ""smooth_stage_factors"": [0.01], ""smooth_stage_maxiters"": [30000], ""smooth_scale_floor"": 1e-20, ""gtol"": 1e-08, ""report_gradient_tol"": 0.001}","[{""segment_index"": 0, ""cumulative_start_iteration"": 0, ""accepted_iterations"": 11784, ""cumulative_end_iteration"": 11784, ""requested_remaining_iterations"": 30000, ""start_phase_content_id"": ""000000000000080f9fd6097af3af022b"", ""terminal_phase_content_id"": ""000000000000080f523410417b27163d"", ""objective"": -31.685423394418127, ""gradient_norm"": 409.37258310105335, ""success"": false, ""status"": 2, ""message"": ""Desired error not necessarily achieved due to precision loss."", ""nfev"": 14554, ""njev"": 14542, ""runtime_sec"": 166.57674279999628, ""restart_from_identical_terminal_phase"": false}, {""segment_index"": 1, ""cumulative_start_iteration"": 11784, ""accepted_iterations"": 5923, ""cumulative_end_iteration"": 17707, ""requested_remaining_iterations"": 18216, ""start_phase_content_id"": ""000000000000080f523410417b27163d"", ""terminal_phase_content_id"": ""000000000000080fb1d688a3de7d1400"", ""objective"": -34.92550446737836, ""gradient_norm"": 452.7356256337135, ""success"": false, ""status"": 2, ""message"": ""Desired error not necessarily achieved due to precision loss."", ""nfev"": 6910, ""njev"": 6898, ""runtime_sec"": 72.27958760000183, ""restart_from_identical_terminal_phase"": true}, {""segment_index"": 2, ""cumulative_start_iteration"": 17707, ""accepted_iterations"": 1261, ""cumulative_end_iteration"": 18968, ""requested_remaining_iterations"": 12293, ""start_phase_content_id"": ""000000000000080fb1d688a3de7d1400"", ""terminal_phase_content_id"": ""000000000000080f8dc6a80280641dc0"", ""objective"": -35.34107561253959, ""gradient_norm"": 414.2249677927521, ""success"": false, ""status"": 2, ""message"": ""Desired error not necessarily achieved due to precision loss."", ""nfev"": 1651, ""njev"": 1639, ""runtime_sec"": 15.09312580000551, ""restart_from_identical_terminal_phase"": true}, {""segment_index"": 3, ""cumulative_start_iteration"": 18968, ""accepted_iterations"": 903, ""cumulative_end_iteration"": 19871, ""requested_remaining_iterations"": 11032, ""start_phase_content_id"": ""000000000000080f8dc6a80280641dc0"", ""terminal_phase_content_id"": ""000000000000080f0b37c69e8ff110e8"", ""objective"": -35.414386841845634, ""gradient_norm"": 440.0758646617485, ""success"": false, ""status"": 2, ""message"": ""Desired error not necessarily achieved due to precision loss."", ""nfev"": 1295, ""njev"": 1283, ""runtime_sec"": 11.554568799998378, ""restart_from_identical_terminal_phase"": true}, {""segment_index"": 4, ""cumulative_start_iteration"": 19871, ""accepted_iterations"": 531, ""cumulative_end_iteration"": 20402, ""requested_remaining_iterations"": 10129, ""start_phase_content_id"": ""000000000000080f0b37c69e8ff110e8"", ""terminal_phase_content_id"": ""000000000000080f58e7752d03b00f9a"", ""objective"": -35.437734444188145, ""gradient_norm"": 361.40915296493677, ""success"": false, ""status"": 2, ""message"": ""Desired error not necessarily achieved due to precision loss."", ""nfev"": 775, ""njev"": 763, ""runtime_sec"": 7.059766899998067, ""restart_from_identical_terminal_phase"": true}, {""segment_index"": 5, ""cumulative_start_iteration"": 20402, ""accepted_iterations"": 423, ""cumulative_end_iteration"": 20825, ""requested_remaining_iterations"": 9598, ""start_phase_content_id"": ""000000000000080f58e7752d03b00f9a"", ""terminal_phase_content_id"": ""000000000000080fff17af5a8fcd1654"", ""objective"": -35.4458987045811, ""gradient_norm"": 463.4271267743594, ""success"": false, ""status"": 2, ""message"": ""Desired error not necessarily achieved due to precision loss."", ""nfev"": 672, ""njev"": 660, ""runtime_sec"": 5.946523599995999, ""restart_from_identical_terminal_phase"": true}, {""segment_index"": 6, ""cumulative_start_iteration"": 20825, ""accepted_iterations"": 388, ""cumulative_end_iteration"": 21213, ""requested_remaining_iterations"": 9175, ""start_phase_content_id"": ""000000000000080fff17af5a8fcd1654"", ""terminal_phase_content_id"": ""000000000000080fd8a1f47fa7ff1e82"", ""objective"": -35.44926160890925, ""gradient_norm"": 460.84794795621553, ""success"": false, ""status"": 2, ""message"": ""Desired error not necessarily achieved due to precision loss."", ""nfev"": 613, ""njev"": 601, ""runtime_sec"": 5.766993500001263, ""restart_from_identical_terminal_phase"": true}, {""segment_index"": 7, ""cumulative_start_iteration"": 21213, ""accepted_iterations"": 398, ""cumulative_end_iteration"": 21611, ""requested_remaining_iterations"": 8787, ""start_phase_content_id"": ""000000000000080fd8a1f47fa7ff1e82"", ""terminal_phase_content_id"": ""000000000000080ffc7a694cca0f1ffd"", ""objective"": -35.45071316386491, ""gradient_norm"": 430.1055303991131, ""success"": false, ""status"": 2, ""message"": ""Desired error not necessarily achieved due to precision loss."", ""nfev"": 626, ""njev"": 614, ""runtime_sec"": 5.8108820999914315, ""restart_from_identical_terminal_phase"": true}, {""segment_index"": 8, ""cumulative_start_iteration"": 21611, ""accepted_iterations"": 338, ""cumulative_end_iteration"": 21949, ""requested_remaining_iterations"": 8389, ""start_phase_content_id"": ""000000000000080ffc7a694cca0f1ffd"", ""terminal_phase_content_id"": ""000000000000080fbafdc760f808040d"", ""objective"": -35.451499251939964, ""gradient_norm"": 432.35763711678726, ""success"": false, ""status"": 2, ""message"": ""Desired error not necessarily achieved due to precision loss."", ""nfev"": 539, ""njev"": 527, ""runtime_sec"": 4.866020400004345, ""restart_from_identical_terminal_phase"": true}, {""segment_index"": 9, ""cumulative_start_iteration"": 21949, ""accepted_iterations"": 289, ""cumulative_end_iteration"": 22238, ""requested_remaining_iterations"": 8051, ""start_phase_content_id"": ""000000000000080fbafdc760f808040d"", ""terminal_phase_content_id"": ""000000000000080f0368da6f025d0af9"", ""objective"": -35.45189185720555, ""gradient_norm"": 414.5025081503261, ""success"": false, ""status"": 2, ""message"": ""Desired error not necessarily achieved due to precision loss."", ""nfev"": 447, ""njev"": 435, ""runtime_sec"": 3.935751100012567, ""restart_from_identical_terminal_phase"": true}, {""segment_index"": 10, ""cumulative_start_iteration"": 22238, ""accepted_iterations"": 196, ""cumulative_end_iteration"": 22434, ""requested_remaining_iterations"": 7762, ""start_phase_content_id"": ""000000000000080f0368da6f025d0af9"", ""terminal_phase_content_id"": ""000000000000080f86a3c108bb9a1912"", ""objective"": -35.45209827276855, ""gradient_norm"": 447.0911771789823, ""success"": false, ""status"": 2, ""message"": ""Desired error not necessarily achieved due to precision loss."", ""nfev"": 372, ""njev"": 360, ""runtime_sec"": 3.2002722000033827, ""restart_from_identical_terminal_phase"": true}, {""segment_index"": 11, ""cumulative_start_iteration"": 22434, ""accepted_iterations"": 186, ""cumulative_end_iteration"": 22620, ""requested_remaining_iterations"": 7566, ""start_phase_content_id"": ""000000000000080f86a3c108bb9a1912"", ""terminal_phase_content_id"": ""000000000000080f4fdb46a715fa1329"", ""objective"": -35.452199589447794, ""gradient_norm"": 436.6684708687177, ""success"": false, ""status"": 2, ""message"": ""Desired error not necessarily achieved due to precision loss."", ""nfev"": 338, ""njev"": 326, ""runtime_sec"": 2.9461999000050128, ""restart_from_identical_terminal_phase"": true}, {""segment_index"": 12, ""cumulative_start_iteration"": 22620, ""accepted_iterations"": 123, ""cumulative_end_iteration"": 22743, ""requested_remaining_iterations"": 7380, ""start_phase_content_id"": ""000000000000080f4fdb46a715fa1329"", ""terminal_phase_content_id"": ""000000000000080ffa726eb85d531872"", ""objective"": -35.4522401964315, ""gradient_norm"": 422.85197656169487, ""success"": false, ""status"": 2, ""message"": ""Desired error not necessarily achieved due to precision loss."", ""nfev"": 233, ""njev"": 221, ""runtime_sec"": 2.103576699999394, ""restart_from_identical_terminal_phase"": true}, {""segment_index"": 13, ""cumulative_start_iteration"": 22743, ""accepted_iterations"": 113, ""cumulative_end_iteration"": 22856, ""requested_remaining_iterations"": 7257, ""start_phase_content_id"": ""000000000000080ffa726eb85d531872"", ""terminal_phase_content_id"": ""000000000000080f686680bd6d710c88"", ""objective"": -35.452261633042355, ""gradient_norm"": 401.1800248919477, ""success"": false, ""status"": 2, ""message"": ""Desired error not necessarily achieved due to precision loss."", ""nfev"": 208, ""njev"": 196, ""runtime_sec"": 1.7959873000072548, ""restart_from_identical_terminal_phase"": true}, {""segment_index"": 14, ""cumulative_start_iteration"": 22856, ""accepted_iterations"": 73, ""cumulative_end_iteration"": 22929, ""requested_remaining_iterations"": 7144, ""start_phase_content_id"": ""000000000000080f686680bd6d710c88"", ""terminal_phase_content_id"": ""000000000000080f4cca98fbb4f31406"", ""objective"": -35.45227459904526, ""gradient_norm"": 468.81318884603485, ""success"": false, ""status"": 2, ""message"": ""Desired error not necessarily achieved due to precision loss."", ""nfev"": 161, ""njev"": 149, ""runtime_sec"": 1.3885653000033926, ""restart_from_identical_terminal_phase"": true}, {""segment_index"": 15, ""cumulative_start_iteration"": 22929, ""accepted_iterations"": 26, ""cumulative_end_iteration"": 22955, ""requested_remaining_iterations"": 7071, ""start_phase_content_id"": ""000000000000080f4cca98fbb4f31406"", ""terminal_phase_content_id"": ""000000000000080fb9b1116818ac234c"", ""objective"": -35.452275995110654, ""gradient_norm"": 391.8929125463493, ""success"": false, ""status"": 2, ""message"": ""Desired error not necessarily achieved due to precision loss."", ""nfev"": 84, ""njev"": 72, ""runtime_sec"": 0.6918431000085548, ""restart_from_identical_terminal_phase"": true}, {""segment_index"": 16, ""cumulative_start_iteration"": 22955, ""accepted_iterations"": 93, ""cumulative_end_iteration"": 23048, ""requested_remaining_iterations"": 7045, ""start_phase_content_id"": ""000000000000080fb9b1116818ac234c"", ""terminal_phase_content_id"": ""000000000000080f0cf9903d9a1215f0"", ""objective"": -35.452284069807945, ""gradient_norm"": 363.02172015687864, ""success"": false, ""status"": 2, ""message"": ""Desired error not necessarily achieved due to precision loss."", ""nfev"": 184, ""njev"": 172, ""runtime_sec"": 1.5717357999965316, ""restart_from_identical_terminal_phase"": true}, {""segment_index"": 17, ""cumulative_start_iteration"": 23048, ""accepted_iterations"": 45, ""cumulative_end_iteration"": 23093, ""requested_remaining_iterations"": 6952, ""start_phase_content_id"": ""000000000000080f0cf9903d9a1215f0"", ""terminal_phase_content_id"": ""000000000000080fc2e627c86ebc1588"", ""objective"": -35.45228992460479, ""gradient_norm"": 400.6566047823128, ""success"": false, ""status"": 2, ""message"": ""Desired error not necessarily achieved due to precision loss."", ""nfev"": 106, ""njev"": 94, ""runtime_sec"": 0.9827893000037875, ""restart_from_identical_terminal_phase"": true}, {""segment_index"": 18, ""cumulative_start_iteration"": 23093, ""accepted_iterations"": 34, ""cumulative_end_iteration"": 23127, ""requested_remaining_iterations"": 6907, ""start_phase_content_id"": ""000000000000080fc2e627c86ebc1588"", ""terminal_phase_content_id"": ""000000000000080f7cd7d6ff27a91e26"", ""objective"": -35.45229208242991, ""gradient_norm"": 467.6086032094276, ""success"": false, ""status"": 2, ""message"": ""Desired error not necessarily achieved due to precision loss."", ""nfev"": 98, ""njev"": 86, ""runtime_sec"": 0.8166261000005761, ""restart_from_identical_terminal_phase"": true}, {""segment_index"": 19, ""cumulative_start_iteration"": 23127, ""accepted_iterations"": 32, ""cumulative_end_iteration"": 23159, ""requested_remaining_iterations"": 6873, ""start_phase_content_id"": ""000000000000080f7cd7d6ff27a91e26"", ""terminal_phase_content_id"": ""000000000000080f9ebcfe4d6057131b"", ""objective"": -35.45229282760732, ""gradient_norm"": 418.51392105423196, ""success"": false, ""status"": 2, ""message"": ""Desired error not necessarily achieved due to precision loss."", ""nfev"": 112, ""njev"": 100, ""runtime_sec"": 0.918052599998191, ""restart_from_identical_terminal_phase"": true}, {""segment_index"": 20, ""cumulative_start_iteration"": 23159, ""accepted_iterations"": 17, ""cumulative_end_iteration"": 23176, ""requested_remaining_iterations"": 6841, ""start_phase_content_id"": ""000000000000080f9ebcfe4d6057131b"", ""terminal_phase_content_id"": ""000000000000080f53e41a18c12017f1"", ""objective"": -35.452293356207804, ""gradient_norm"": 384.72386520914705, ""success"": false, ""status"": 2, ""message"": ""Desired error not necessarily achieved due to precision loss."", ""nfev"": 59, ""njev"": 47, ""runtime_sec"": 0.48692619999928866, ""restart_from_identical_terminal_phase"": true}, {""segment_index"": 21, ""cumulative_start_iteration"": 23176, ""accepted_iterations"": 36, ""cumulative_end_iteration"": 23212, ""requested_remaining_iterations"": 6824, ""start_phase_content_id"": ""000000000000080f53e41a18c12017f1"", ""terminal_phase_content_id"": ""000000000000080f0ca40a1728272011"", ""objective"": -35.452294627326594, ""gradient_norm"": 354.4373401391101, ""success"": false, ""status"": 2, ""message"": ""Desired error not necessarily achieved due to precision loss."", ""nfev"": 105, ""njev"": 93, ""runtime_sec"": 0.8637105999951018, ""restart_from_identical_terminal_phase"": true}, {""segment_index"": 22, ""cumulative_start_iteration"": 23212, ""accepted_iterations"": 17, ""cumulative_end_iteration"": 23229, ""requested_remaining_iterations"": 6788, ""start_phase_content_id"": ""000000000000080f0ca40a1728272011"", ""terminal_phase_content_id"": ""000000000000080fd2efae1a66e114be"", ""objective"": -35.45229498350827, ""gradient_norm"": 397.9984125815761, ""success"": false, ""status"": 2, ""message"": ""Desired error not necessarily achieved due to precision loss."", ""nfev"": 79, ""njev"": 67, ""runtime_sec"": 0.6352370000095107, ""restart_from_identical_terminal_phase"": true}, {""segment_index"": 23, ""cumulative_start_iteration"": 23229, ""accepted_iterations"": 49, ""cumulative_end_iteration"": 23278, ""requested_remaining_iterations"": 6771, ""start_phase_content_id"": ""000000000000080fd2efae1a66e114be"", ""terminal_phase_content_id"": ""000000000000080f2dec11a95e3421a9"", ""objective"": -35.45229574957366, ""gradient_norm"": 445.2247776101746, ""success"": false, ""status"": 2, ""message"": ""Desired error not necessarily achieved due to precision loss."", ""nfev"": 115, ""njev"": 103, ""runtime_sec"": 0.9730566000071121, ""restart_from_identical_terminal_phase"": true}, {""segment_index"": 24, ""cumulative_start_iteration"": 23278, ""accepted_iterations"": 20, ""cumulative_end_iteration"": 23298, ""requested_remaining_iterations"": 6722, ""start_phase_content_id"": ""000000000000080f2dec11a95e3421a9"", ""terminal_phase_content_id"": ""000000000000080f54eca39fd3850b97"", ""objective"": -35.452295901026936, ""gradient_norm"": 420.85916834942424, ""success"": false, ""status"": 2, ""message"": ""Desired error not necessarily achieved due to precision loss."", ""nfev"": 63, ""njev"": 51, ""runtime_sec"": 0.5393194999924162, ""restart_from_identical_terminal_phase"": true}, {""segment_index"": 25, ""cumulative_start_iteration"": 23298, ""accepted_iterations"": 11, ""cumulative_end_iteration"": 23309, ""requested_remaining_iterations"": 6702, ""start_phase_content_id"": ""000000000000080f54eca39fd3850b97"", ""terminal_phase_content_id"": ""000000000000080f838c7b3db2fd17c9"", ""objective"": -35.4522960144894, ""gradient_norm"": 434.15123161185505, ""success"": false, ""status"": 2, ""message"": ""Desired error not necessarily achieved due to precision loss."", ""nfev"": 52, ""njev"": 40, ""runtime_sec"": 0.4630784000037238, ""restart_from_identical_terminal_phase"": true}, {""segment_index"": 26, ""cumulative_start_iteration"": 23309, ""accepted_iterations"": 13, ""cumulative_end_iteration"": 23322, ""requested_remaining_iterations"": 6691, ""start_phase_content_id"": ""000000000000080f838c7b3db2fd17c9"", ""terminal_phase_content_id"": ""000000000000080f166fc70c97300e01"", ""objective"": -35.45229611582733, ""gradient_norm"": 425.87451314006825, ""success"": false, ""status"": 2, ""message"": ""Desired error not necessarily achieved due to precision loss."", ""nfev"": 55, ""njev"": 43, ""runtime_sec"": 0.5100919000105932, ""restart_from_identical_terminal_phase"": true}, {""segment_index"": 27, ""cumulative_start_iteration"": 23322, ""accepted_iterations"": 21, ""cumulative_end_iteration"": 23343, ""requested_remaining_iterations"": 6678, ""start_phase_content_id"": ""000000000000080f166fc70c97300e01"", ""terminal_phase_content_id"": ""000000000000080f6084617a411717dc"", ""objective"": -35.45229649849844, ""gradient_norm"": 453.4409561935102, ""success"": false, ""status"": 2, ""message"": ""Desired error not necessarily achieved due to precision loss."", ""nfev"": 65, ""njev"": 53, ""runtime_sec"": 0.5513035000039963, ""restart_from_identical_terminal_phase"": true}, {""segment_index"": 28, ""cumulative_start_iteration"": 23343, ""accepted_iterations"": 9, ""cumulative_end_iteration"": 23352, ""requested_remaining_iterations"": 6657, ""start_phase_content_id"": ""000000000000080f6084617a411717dc"", ""terminal_phase_content_id"": ""000000000000080f2af12fad98a909bd"", ""objective"": -35.45229662367253, ""gradient_norm"": 420.83289545500463, ""success"": false, ""status"": 2, ""message"": ""Desired error not necessarily achieved due to precision loss."", ""nfev"": 51, ""njev"": 39, ""runtime_sec"": 0.41115610000269953, ""restart_from_identical_terminal_phase"": true}, {""segment_index"": 29, ""cumulative_start_iteration"": 23352, ""accepted_iterations"": 17, ""cumulative_end_iteration"": 23369, ""requested_remaining_iterations"": 6648, ""start_phase_content_id"": ""000000000000080f2af12fad98a909bd"", ""terminal_phase_content_id"": ""000000000000080faad85c24b15d12c2"", ""objective"": -35.45229681668416, ""gradient_norm"": 427.58986566476176, ""success"": false, ""status"": 2, ""message"": ""Desired error not necessarily achieved due to precision loss."", ""nfev"": 63, ""njev"": 51, ""runtime_sec"": 0.5136993000051007, ""restart_from_identical_terminal_phase"": true}, {""segment_index"": 30, ""cumulative_start_iteration"": 23369, ""accepted_iterations"": 9, ""cumulative_end_iteration"": 23378, ""requested_remaining_iterations"": 6631, ""start_phase_content_id"": ""000000000000080faad85c24b15d12c2"", ""terminal_phase_content_id"": ""000000000000080f68d9eda559aa207e"", ""objective"": -35.45229695596362, ""gradient_norm"": 426.7237550598989, ""success"": false, ""status"": 2, ""message"": ""Desired error not necessarily achieved due to precision loss."", ""nfev"": 51, ""njev"": 39, ""runtime_sec"": 0.4136246999987634, ""restart_from_identical_terminal_phase"": true}, {""segment_index"": 31, ""cumulative_start_iteration"": 23378, ""accepted_iterations"": 11, ""cumulative_end_iteration"": 23389, ""requested_remaining_iterations"": 6622, ""start_phase_content_id"": ""000000000000080f68d9eda559aa207e"", ""terminal_phase_content_id"": ""000000000000080f79b28637d3ff0a00"", ""objective"": -35.45229708492766, ""gradient_norm"": 425.21175001453014, ""success"": false, ""status"": 2, ""message"": ""Desired error not necessarily achieved due to precision loss."", ""nfev"": 49, ""njev"": 37, ""runtime_sec"": 0.3993603999988409, ""restart_from_identical_terminal_phase"": true}, {""segment_index"": 32, ""cumulative_start_iteration"": 23389, ""accepted_iterations"": 8, ""cumulative_end_iteration"": 23397, ""requested_remaining_iterations"": 6611, ""start_phase_content_id"": ""000000000000080f79b28637d3ff0a00"", ""terminal_phase_content_id"": ""000000000000080f90f3a380b47b15f6"", ""objective"": -35.45229718068864, ""gradient_norm"": 423.8382951641532, ""success"": false, ""status"": 2, ""message"": ""Desired error not necessarily achieved due to precision loss."", ""nfev"": 43, ""njev"": 31, ""runtime_sec"": 0.3497012000007089, ""restart_from_identical_terminal_phase"": true}, {""segment_index"": 33, ""cumulative_start_iteration"": 23397, ""accepted_iterations"": 9, ""cumulative_end_iteration"": 23406, ""requested_remaining_iterations"": 6603, ""start_phase_content_id"": ""000000000000080f90f3a380b47b15f6"", ""terminal_phase_content_id"": ""000000000000080fd17f1240a66a1d11"", ""objective"": -35.452297261607164, ""gradient_norm"": 435.3699666809254, ""success"": false, ""status"": 2, ""message"": ""Desired error not necessarily achieved due to precision loss."", ""nfev"": 47, ""njev"": 35, ""runtime_sec"": 0.3841493999934755, ""restart_from_identical_terminal_phase"": true}, {""segment_index"": 34, ""cumulative_start_iteration"": 23406, ""accepted_iterations"": 8, ""cumulative_end_iteration"": 23414, ""requested_remaining_iterations"": 6594, ""start_phase_content_id"": ""000000000000080fd17f1240a66a1d11"", ""terminal_phase_content_id"": ""000000000000080fceb786c3f7ae12d9"", ""objective"": -35.452297389507336, ""gradient_norm"": 392.2943649873744, ""success"": false, ""status"": 2, ""message"": ""Desired error not necessarily achieved due to precision loss."", ""nfev"": 45, ""njev"": 33, ""runtime_sec"": 0.36171710000780877, ""restart_from_identical_terminal_phase"": true}, {""segment_index"": 35, ""cumulative_start_iteration"": 23414, ""accepted_iterations"": 8, ""cumulative_end_iteration"": 23422, ""requested_remaining_iterations"": 6586, ""start_phase_content_id"": ""000000000000080fceb786c3f7ae12d9"", ""terminal_phase_content_id"": ""000000000000080fa59bbac4ea0f1889"", ""objective"": -35.452297482361296, ""gradient_norm"": 429.0197709894481, ""success"": false, ""status"": 2, ""message"": ""Desired error not necessarily achieved due to precision loss."", ""nfev"": 45, ""njev"": 33, ""runtime_sec"": 0.3673719000071287, ""restart_from_identical_terminal_phase"": true}, {""segment_index"": 36, ""cumulative_start_iteration"": 23422, ""accepted_iterations"": 9, ""cumulative_end_iteration"": 23431, ""requested_remaining_iterations"": 6578, ""start_phase_content_id"": ""000000000000080fa59bbac4ea0f1889"", ""terminal_phase_content_id"": ""000000000000080f52a58e2743561b36"", ""objective"": -35.45229757680099, ""gradient_norm"": 428.47257999155386, ""success"": false, ""status"": 2, ""message"": ""Desired error not necessarily achieved due to precision loss."", ""nfev"": 48, ""njev"": 36, ""runtime_sec"": 0.3973113999963971, ""restart_from_identical_terminal_phase"": true}, {""segment_index"": 37, ""cumulative_start_iteration"": 23431, ""accepted_iterations"": 38, ""cumulative_end_iteration"": 23469, ""requested_remaining_iterations"": 6569, ""start_phase_content_id"": ""000000000000080f52a58e2743561b36"", ""terminal_phase_content_id"": ""000000000000080f615a7f1646fa20a0"", ""objective"": -35.452298148633524, ""gradient_norm"": 403.5908659580935, ""success"": false, ""status"": 2, ""message"": ""Desired error not necessarily achieved due to precision loss."", ""nfev"": 89, ""njev"": 77, ""runtime_sec"": 0.7637293000007048, ""restart_from_identical_terminal_phase"": true}, {""segment_index"": 38, ""cumulative_start_iteration"": 23469, ""accepted_iterations"": 9, ""cumulative_end_iteration"": 23478, ""requested_remaining_iterations"": 6531, ""start_phase_content_id"": ""000000000000080f615a7f1646fa20a0"", ""terminal_phase_content_id"": ""000000000000080f42960e5285fa16a4"", ""objective"": -35.452298315851394, ""gradient_norm"": 436.8806173836497, ""success"": false, ""status"": 2, ""message"": ""Desired error not necessarily achieved due to precision loss."", ""nfev"": 48, ""njev"": 36, ""runtime_sec"": 0.3944158999947831, ""restart_from_identical_terminal_phase"": true}, {""segment_index"": 39, ""cumulative_start_iteration"": 23478, ""accepted_iterations"": 13, ""cumulative_end_iteration"": 23491, ""requested_remaining_iterations"": 6522, ""start_phase_content_id"": ""000000000000080f42960e5285fa16a4"", ""terminal_phase_content_id"": ""000000000000080fd874ff11e4cb1916"", ""objective"": -35.45229846374667, ""gradient_norm"": 425.24294243913357, ""success"": false, ""status"": 2, ""message"": ""Desired error not necessarily achieved due to precision loss."", ""nfev"": 55, ""njev"": 43, ""runtime_sec"": 0.45301099999051075, ""restart_from_identical_terminal_phase"": true}, {""segment_index"": 40, ""cumulative_start_iteration"": 23491, ""accepted_iterations"": 19, ""cumulative_end_iteration"": 23510, ""requested_remaining_iterations"": 6509, ""start_phase_content_id"": ""000000000000080fd874ff11e4cb1916"", ""terminal_phase_content_id"": ""000000000000080f2814ec11a9731938"", ""objective"": -35.4522987377444, ""gradient_norm"": 437.6549304956171, ""success"": false, ""status"": 2, ""message"": ""Desired error not necessarily achieved due to precision loss."", ""nfev"": 107, ""njev"": 91, ""runtime_sec"": 0.860074899988831, ""restart_from_identical_terminal_phase"": true}, {""segment_index"": 41, ""cumulative_start_iteration"": 23510, ""accepted_iterations"": 19, ""cumulative_end_iteration"": 23529, ""requested_remaining_iterations"": 6490, ""start_phase_content_id"": ""000000000000080f2814ec11a9731938"", ""terminal_phase_content_id"": ""000000000000080f274e67767b811e27"", ""objective"": -35.45229899223323, ""gradient_norm"": 420.35544573773944, ""success"": false, ""status"": 2, ""message"": ""Desired error not necessarily achieved due to precision loss."", ""nfev"": 61, ""njev"": 49, ""runtime_sec"": 0.5023068000009516, ""restart_from_identical_terminal_phase"": true}, {""segment_index"": 42, ""cumulative_start_iteration"": 23529, ""accepted_iterations"": 24, ""cumulative_end_iteration"": 23553, ""requested_remaining_iterations"": 6471, ""start_phase_content_id"": ""000000000000080f274e67767b811e27"", ""terminal_phase_content_id"": ""000000000000080fd5ad05ac675a12b9"", ""objective"": -35.4522991645852, ""gradient_norm"": 360.7522450872253, ""success"": false, ""status"": 2, ""message"": ""Desired error not necessarily achieved due to precision loss."", ""nfev"": 73, ""njev"": 61, ""runtime_sec"": 0.6210135000001173, ""restart_from_identical_terminal_phase"": true}, {""segment_index"": 43, ""cumulative_start_iteration"": 23553, ""accepted_iterations"": 7, ""cumulative_end_iteration"": 23560, ""requested_remaining_iterations"": 6447, ""start_phase_content_id"": ""000000000000080fd5ad05ac675a12b9"", ""terminal_phase_content_id"": ""000000000000080f57a5fb2cb0bd21e4"", ""objective"": -35.45229919112063, ""gradient_norm"": 406.1011210818474, ""success"": false, ""status"": 2, ""message"": ""Desired error not necessarily achieved due to precision loss."", ""nfev"": 73, ""njev"": 59, ""runtime_sec"": 0.5687877000018489, ""restart_from_identical_terminal_phase"": true}, {""segment_index"": 44, ""cumulative_start_iteration"": 23560, ""accepted_iterations"": 9, ""cumulative_end_iteration"": 23569, ""requested_remaining_iterations"": 6440, ""start_phase_content_id"": ""000000000000080f57a5fb2cb0bd21e4"", ""terminal_phase_content_id"": ""000000000000080f6a42dce77e4c0fc7"", ""objective"": -35.45229926467422, ""gradient_norm"": 428.10297548825844, ""success"": false, ""status"": 2, ""message"": ""Desired error not necessarily achieved due to precision loss."", ""nfev"": 47, ""njev"": 35, ""runtime_sec"": 0.3810910999891348, ""restart_from_identical_terminal_phase"": true}, {""segment_index"": 45, ""cumulative_start_iteration"": 23569, ""accepted_iterations"": 11, ""cumulative_end_iteration"": 23580, ""requested_remaining_iterations"": 6431, ""start_phase_content_id"": ""000000000000080f6a42dce77e4c0fc7"", ""terminal_phase_content_id"": ""000000000000080f3c0ce63cbbd82168"", ""objective"": -35.45229942524405, ""gradient_norm"": 435.85231788707495, ""success"": false, ""status"": 2, ""message"": ""Desired error not necessarily achieved due to precision loss."", ""nfev"": 49, ""njev"": 37, ""runtime_sec"": 0.40042279999761377, ""restart_from_identical_terminal_phase"": true}, {""segment_index"": 46, ""cumulative_start_iteration"": 23580, ""accepted_iterations"": 21, ""cumulative_end_iteration"": 23601, ""requested_remaining_iterations"": 6420, ""start_phase_content_id"": ""000000000000080f3c0ce63cbbd82168"", ""terminal_phase_content_id"": ""000000000000080fccae9aa247a7091f"", ""objective"": -35.45229966715002, ""gradient_norm"": 474.4475380992886, ""success"": false, ""status"": 2, ""message"": ""Desired error not necessarily achieved due to precision loss."", ""nfev"": 66, ""njev"": 54, ""runtime_sec"": 0.5483451000036439, ""restart_from_identical_terminal_phase"": true}, {""segment_index"": 47, ""cumulative_start_iteration"": 23601, ""accepted_iterations"": 28, ""cumulative_end_iteration"": 23629, ""requested_remaining_iterations"": 6399, ""start_phase_content_id"": ""000000000000080fccae9aa247a7091f"", ""terminal_phase_content_id"": ""000000000000080f9b5517b980ee297f"", ""objective"": -35.45229992683367, ""gradient_norm"": 433.50013635252236, ""success"": false, ""status"": 2, ""message"": ""Desired error not necessarily achieved due to precision loss."", ""nfev"": 82, ""njev"": 70, ""runtime_sec"": 0.6757683000032557, ""restart_from_identical_terminal_phase"": true}, {""segment_index"": 48, ""cumulative_start_iteration"": 23629, ""accepted_iterations"": 25, ""cumulative_end_iteration"": 23654, ""requested_remaining_iterations"": 6371, ""start_phase_content_id"": ""000000000000080f9b5517b980ee297f"", ""terminal_phase_content_id"": ""000000000000080f87f69825f0e51dc1"", ""objective"": -35.452300345172844, ""gradient_norm"": 455.5310523329587, ""success"": false, ""status"": 2, ""message"": ""Desired error not necessarily achieved due to precision loss."", ""nfev"": 74, ""njev"": 62, ""runtime_sec"": 0.6167327000002842, ""restart_from_identical_terminal_phase"": true}, {""segment_index"": 49, ""cumulative_start_iteration"": 23654, ""accepted_iterations"": 16, ""cumulative_end_iteration"": 23670, ""requested_remaining_iterations"": 6346, ""start_phase_content_id"": ""000000000000080f87f69825f0e51dc1"", ""terminal_phase_content_id"": ""000000000000080f0ddeb094f9e626db"", ""objective"": -35.452300473416976, ""gradient_norm"": 451.4221464476637, ""success"": false, ""status"": 2, ""message"": ""Desired error not necessarily achieved due to precision loss."", ""nfev"": 64, ""njev"": 52, ""runtime_sec"": 0.5363217999984045, ""restart_from_identical_terminal_phase"": true}, {""segment_index"": 50, ""cumulative_start_iteration"": 23670, ""accepted_iterations"": 6, ""cumulative_end_iteration"": 23676, ""requested_remaining_iterations"": 6330, ""start_phase_content_id"": ""000000000000080f0ddeb094f9e626db"", ""terminal_phase_content_id"": ""000000000000080fbf00a6cf2e5c2153"", ""objective"": -35.452300511959066, ""gradient_norm"": 457.5864620353531, ""success"": false, ""status"": 2, ""message"": ""Desired error not necessarily achieved due to precision loss."", ""nfev"": 111, ""njev"": 95, ""runtime_sec"": 0.8863165999937337, ""restart_from_identical_terminal_phase"": true}, {""segment_index"": 51, ""cumulative_start_iteration"": 23676, ""accepted_iterations"": 8, ""cumulative_end_iteration"": 23684, ""requested_remaining_iterations"": 6324, ""start_phase_content_id"": ""000000000000080fbf00a6cf2e5c2153"", ""terminal_phase_content_id"": ""000000000000080ff57aaf28f5ee1af0"", ""objective"": -35.45230058989944, ""gradient_norm"": 423.6770590514574, ""success"": false, ""status"": 2, ""message"": ""Desired error not necessarily achieved due to precision loss."", ""nfev"": 47, ""njev"": 35, ""runtime_sec"": 0.3729063000064343, ""restart_from_identical_terminal_phase"": true}, {""segment_index"": 52, ""cumulative_start_iteration"": 23684, ""accepted_iterations"": 15, ""cumulative_end_iteration"": 23699, ""requested_remaining_iterations"": 6316, ""start_phase_content_id"": ""000000000000080ff57aaf28f5ee1af0"", ""terminal_phase_content_id"": ""000000000000080f72d5447f3ff3280b"", ""objective"": -35.45230070821667, ""gradient_norm"": 420.9449546337724, ""success"": false, ""status"": 2, ""message"": ""Desired error not necessarily achieved due to precision loss."", ""nfev"": 63, ""njev"": 51, ""runtime_sec"": 0.5197006000089459, ""restart_from_identical_terminal_phase"": true}, {""segment_index"": 53, ""cumulative_start_iteration"": 23699, ""accepted_iterations"": 19, ""cumulative_end_iteration"": 23718, ""requested_remaining_iterations"": 6301, ""start_phase_content_id"": ""000000000000080f72d5447f3ff3280b"", ""terminal_phase_content_id"": ""000000000000080fb5fc22be08322182"", ""objective"": -35.4523009903332, ""gradient_norm"": 402.1100774262408, ""success"": false, ""status"": 2, ""message"": ""Desired error not necessarily achieved due to precision loss."", ""nfev"": 64, ""njev"": 52, ""runtime_sec"": 0.5286258999985876, ""restart_from_identical_terminal_phase"": true}, {""segment_index"": 54, ""cumulative_start_iteration"": 23718, ""accepted_iterations"": 10, ""cumulative_end_iteration"": 23728, ""requested_remaining_iterations"": 6282, ""start_phase_content_id"": ""000000000000080fb5fc22be08322182"", ""terminal_phase_content_id"": ""000000000000080f5bccabf138cd1ec0"", ""objective"": -35.45230110255552, ""gradient_norm"": 410.272927550927, ""success"": false, ""status"": 2, ""message"": ""Desired error not necessarily achieved due to precision loss."", ""nfev"": 48, ""njev"": 36, ""runtime_sec"": 0.39650499999697786, ""restart_from_identical_terminal_phase"": true}, {""segment_index"": 55, ""cumulative_start_iteration"": 23728, ""accepted_iterations"": 24, ""cumulative_end_iteration"": 23752, ""requested_remaining_iterations"": 6272, ""start_phase_content_id"": ""000000000000080f5bccabf138cd1ec0"", ""terminal_phase_content_id"": ""000000000000080f60f8ee8667d2fe3c"", ""objective"": -35.4523013507916, ""gradient_norm"": 454.68421497502425, ""success"": false, ""status"": 2, ""message"": ""Desired error not necessarily achieved due to precision loss."", ""nfev"": 76, ""njev"": 64, ""runtime_sec"": 0.650582200003555, ""restart_from_identical_terminal_phase"": true}, {""segment_index"": 56, ""cumulative_start_iteration"": 23752, ""accepted_iterations"": 9, ""cumulative_end_iteration"": 23761, ""requested_remaining_iterations"": 6248, ""start_phase_content_id"": ""000000000000080f60f8ee8667d2fe3c"", ""terminal_phase_content_id"": ""000000000000080fc11cddedc82e2512"", ""objective"": -35.4523014504847, ""gradient_norm"": 421.0233715965165, ""success"": false, ""status"": 2, ""message"": ""Desired error not necessarily achieved due to precision loss."", ""nfev"": 47, ""njev"": 35, ""runtime_sec"": 0.38716529999510385, ""restart_from_identical_terminal_phase"": true}, {""segment_index"": 57, ""cumulative_start_iteration"": 23761, ""accepted_iterations"": 59, ""cumulative_end_iteration"": 23820, ""requested_remaining_iterations"": 6239, ""start_phase_content_id"": ""000000000000080fc11cddedc82e2512"", ""terminal_phase_content_id"": ""000000000000080f8bed8d6b9fee1742"", ""objective"": -35.45230439606339, ""gradient_norm"": 393.8936765379546, ""success"": false, ""status"": 2, ""message"": ""Desired error not necessarily achieved due to precision loss."", ""nfev"": 127, ""njev"": 115, ""runtime_sec"": 1.1382610000000568, ""restart_from_identical_terminal_phase"": true}, {""segment_index"": 58, ""cumulative_start_iteration"": 23820, ""accepted_iterations"": 10, ""cumulative_end_iteration"": 23830, ""requested_remaining_iterations"": 6180, ""start_phase_content_id"": ""000000000000080f8bed8d6b9fee1742"", ""terminal_phase_content_id"": ""000000000000080fe3b80bb4022711a0"", ""objective"": -35.45230460617935, ""gradient_norm"": 426.2296485576034, ""success"": false, ""status"": 2, ""message"": ""Desired error not necessarily achieved due to precision loss."", ""nfev"": 52, ""njev"": 40, ""runtime_sec"": 0.4419507999991765, ""restart_from_identical_terminal_phase"": true}, {""segment_index"": 59, ""cumulative_start_iteration"": 23830, ""accepted_iterations"": 22, ""cumulative_end_iteration"": 23852, ""requested_remaining_iterations"": 6170, ""start_phase_content_id"": ""000000000000080fe3b80bb4022711a0"", ""terminal_phase_content_id"": ""000000000000080fe995f2d3c9b71394"", ""objective"": -35.45230505111968, ""gradient_norm"": 420.04397350920357, ""success"": false, ""status"": 2, ""message"": ""Desired error not necessarily achieved due to precision loss."", ""nfev"": 84, ""njev"": 72, ""runtime_sec"": 0.6940486000094097, ""restart_from_identical_terminal_phase"": true}, {""segment_index"": 60, ""cumulative_start_iteration"": 23852, ""accepted_iterations"": 17, ""cumulative_end_iteration"": 23869, ""requested_remaining_iterations"": 6148, ""start_phase_content_id"": ""000000000000080fe995f2d3c9b71394"", ""terminal_phase_content_id"": ""000000000000080feef21bc4e62117fb"", ""objective"": -35.45230528725222, ""gradient_norm"": 374.0533878978578, ""success"": false, ""status"": 2, ""message"": ""Desired error not necessarily achieved due to precision loss."", ""nfev"": 53, ""njev"": 41, ""runtime_sec"": 0.44870280000031926, ""restart_from_identical_terminal_phase"": true}, {""segment_index"": 61, ""cumulative_start_iteration"": 23869, ""accepted_iterations"": 11, ""cumulative_end_iteration"": 23880, ""requested_remaining_iterations"": 6131, ""start_phase_content_id"": ""000000000000080feef21bc4e62117fb"", ""terminal_phase_content_id"": ""000000000000080fc42c69a739a81c8c"", ""objective"": -35.45230545477775, ""gradient_norm"": 418.5571863090324, ""success"": false, ""status"": 2, ""message"": ""Desired error not necessarily achieved due to precision loss."", ""nfev"": 77, ""njev"": 65, ""runtime_sec"": 0.6316903999977512, ""restart_from_identical_terminal_phase"": true}, {""segment_index"": 62, ""cumulative_start_iteration"": 23880, ""accepted_iterations"": 23, ""cumulative_end_iteration"": 23903, ""requested_remaining_iterations"": 6120, ""start_phase_content_id"": ""000000000000080fc42c69a739a81c8c"", ""terminal_phase_content_id"": ""000000000000080f960aff1cc09705ca"", ""objective"": -35.45230586651402, ""gradient_norm"": 420.29483878629196, ""success"": false, ""status"": 2, ""message"": ""Desired error not necessarily achieved due to precision loss."", ""nfev"": 74, ""njev"": 62, ""runtime_sec"": 0.6359484999993583, ""restart_from_identical_terminal_phase"": true}, {""segment_index"": 63, ""cumulative_start_iteration"": 23903, ""accepted_iterations"": 33, ""cumulative_end_iteration"": 23936, ""requested_remaining_iterations"": 6097, ""start_phase_content_id"": ""000000000000080f960aff1cc09705ca"", ""terminal_phase_content_id"": ""000000000000080fda9e2b5ea3ca1436"", ""objective"": -35.452306233961664, ""gradient_norm"": 434.2385448716421, ""success"": false, ""status"": 2, ""message"": ""Desired error not necessarily achieved due to precision loss."", ""nfev"": 79, ""njev"": 67, ""runtime_sec"": 0.678339700010838, ""restart_from_identical_terminal_phase"": true}, {""segment_index"": 64, ""cumulative_start_iteration"": 23936, ""accepted_iterations"": 7, ""cumulative_end_iteration"": 23943, ""requested_remaining_iterations"": 6064, ""start_phase_content_id"": ""000000000000080fda9e2b5ea3ca1436"", ""terminal_phase_content_id"": ""000000000000080f5e5e971322b70ac5"", ""objective"": -35.45230631041821, ""gradient_norm"": 416.1286058426996, ""success"": false, ""status"": 2, ""message"": ""Desired error not necessarily achieved due to precision loss."", ""nfev"": 43, ""njev"": 31, ""runtime_sec"": 0.38527659999090247, ""restart_from_identical_terminal_phase"": true}, {""segment_index"": 65, ""cumulative_start_iteration"": 23943, ""accepted_iterations"": 13, ""cumulative_end_iteration"": 23956, ""requested_remaining_iterations"": 6057, ""start_phase_content_id"": ""000000000000080f5e5e971322b70ac5"", ""terminal_phase_content_id"": ""000000000000080f7604d97384de1b96"", ""objective"": -35.452306430811106, ""gradient_norm"": 430.42387352595273, ""success"": false, ""status"": 2, ""message"": ""Desired error not necessarily achieved due to precision loss."", ""nfev"": 53, ""njev"": 41, ""runtime_sec"": 0.4405213999998523, ""restart_from_identical_terminal_phase"": true}, {""segment_index"": 66, ""cumulative_start_iteration"": 23956, ""accepted_iterations"": 27, ""cumulative_end_iteration"": 23983, ""requested_remaining_iterations"": 6044, ""start_phase_content_id"": ""000000000000080f7604d97384de1b96"", ""terminal_phase_content_id"": ""000000000000080ff0d46920b1000825"", ""objective"": -35.45230665354093, ""gradient_norm"": 383.71853212081635, ""success"": false, ""status"": 2, ""message"": ""Desired error not necessarily achieved due to precision loss."", ""nfev"": 77, ""njev"": 65, ""runtime_sec"": 0.644304600005853, ""restart_from_identical_terminal_phase"": true}, {""segment_index"": 67, ""cumulative_start_iteration"": 23983, ""accepted_iterations"": 11, ""cumulative_end_iteration"": 23994, ""requested_remaining_iterations"": 6017, ""start_phase_content_id"": ""000000000000080ff0d46920b1000825"", ""terminal_phase_content_id"": ""000000000000080fb99a357c8c4b1928"", ""objective"": -35.45230674439586, ""gradient_norm"": 380.35045960743474, ""success"": false, ""status"": 2, ""message"": ""Desired error not necessarily achieved due to precision loss."", ""nfev"": 51, ""njev"": 39, ""runtime_sec"": 0.4138820999942254, ""restart_from_identical_terminal_phase"": true}, {""segment_index"": 68, ""cumulative_start_iteration"": 23994, ""accepted_iterations"": 14, ""cumulative_end_iteration"": 24008, ""requested_remaining_iterations"": 6006, ""start_phase_content_id"": ""000000000000080fb99a357c8c4b1928"", ""terminal_phase_content_id"": ""000000000000080f16c2385ede292770"", ""objective"": -35.4523069210303, ""gradient_norm"": 421.722614358666, ""success"": false, ""status"": 2, ""message"": ""Desired error not necessarily achieved due to precision loss."", ""nfev"": 53, ""njev"": 41, ""runtime_sec"": 0.43716370000038296, ""restart_from_identical_terminal_phase"": true}, {""segment_index"": 69, ""cumulative_start_iteration"": 24008, ""accepted_iterations"": 13, ""cumulative_end_iteration"": 24021, ""requested_remaining_iterations"": 5992, ""start_phase_content_id"": ""000000000000080f16c2385ede292770"", ""terminal_phase_content_id"": ""000000000000080fb1baf1a7cf550138"", ""objective"": -35.45230708276575, ""gradient_norm"": 391.7692945558908, ""success"": false, ""status"": 2, ""message"": ""Desired error not necessarily achieved due to precision loss."", ""nfev"": 51, ""njev"": 39, ""runtime_sec"": 0.4252710000000661, ""restart_from_identical_terminal_phase"": true}, {""segment_index"": 70, ""cumulative_start_iteration"": 24021, ""accepted_iterations"": 9, ""cumulative_end_iteration"": 24030, ""requested_remaining_iterations"": 5979, ""start_phase_content_id"": ""000000000000080fb1baf1a7cf550138"", ""terminal_phase_content_id"": ""000000000000080f0f767e63019a1bb6"", ""objective"": -35.452307159171454, ""gradient_norm"": 425.1194342908025, ""success"": false, ""status"": 2, ""message"": ""Desired error not necessarily achieved due to precision loss."", ""nfev"": 49, ""njev"": 37, ""runtime_sec"": 0.39944399999512825, ""restart_from_identical_terminal_phase"": true}, {""segment_index"": 71, ""cumulative_start_iteration"": 24030, ""accepted_iterations"": 13, ""cumulative_end_iteration"": 24043, ""requested_remaining_iterations"": 5970, ""start_phase_content_id"": ""000000000000080f0f767e63019a1bb6"", ""terminal_phase_content_id"": ""000000000000080f9b211b6e43e81cf7"", ""objective"": -35.45230725743305, ""gradient_norm"": 418.73813795382506, ""success"": false, ""status"": 2, ""message"": ""Desired error not necessarily achieved due to precision loss."", ""nfev"": 52, ""njev"": 40, ""runtime_sec"": 0.42709260000265203, ""restart_from_identical_terminal_phase"": true}, {""segment_index"": 72, ""cumulative_start_iteration"": 24043, ""accepted_iterations"": 5, ""cumulative_end_iteration"": 24048, ""requested_remaining_iterations"": 5957, ""start_phase_content_id"": ""000000000000080f9b211b6e43e81cf7"", ""terminal_phase_content_id"": ""000000000000080f2a3b3cba93da14f9"", ""objective"": -35.45230726186218, ""gradient_norm"": 413.92065650364566, ""success"": false, ""status"": 2, ""message"": ""Desired error not necessarily achieved due to precision loss."", ""nfev"": 71, ""njev"": 63, ""runtime_sec"": 0.5569685000082245, ""restart_from_identical_terminal_phase"": true}, {""segment_index"": 73, ""cumulative_start_iteration"": 24048, ""accepted_iterations"": 15, ""cumulative_end_iteration"": 24063, ""requested_remaining_iterations"": 5952, ""start_phase_content_id"": ""000000000000080f2a3b3cba93da14f9"", ""terminal_phase_content_id"": ""000000000000080f727fd29d58ab1014"", ""objective"": -35.452307427784376, ""gradient_norm"": 464.41825990978924, ""success"": false, ""status"": 2, ""message"": ""Desired error not necessarily achieved due to precision loss."", ""nfev"": 55, ""njev"": 43, ""runtime_sec"": 0.45367230000556447, ""restart_from_identical_terminal_phase"": true}, {""segment_index"": 74, ""cumulative_start_iteration"": 24063, ""accepted_iterations"": 26, ""cumulative_end_iteration"": 24089, ""requested_remaining_iterations"": 5937, ""start_phase_content_id"": ""000000000000080f727fd29d58ab1014"", ""terminal_phase_content_id"": ""000000000000080f5696901e7ed7138f"", ""objective"": -35.45230822487701, ""gradient_norm"": 438.02107020986864, ""success"": false, ""status"": 2, ""message"": ""Desired error not necessarily achieved due to precision loss."", ""nfev"": 114, ""njev"": 98, ""runtime_sec"": 0.9508296999993036, ""restart_from_identical_terminal_phase"": true}, {""segment_index"": 75, ""cumulative_start_iteration"": 24089, ""accepted_iterations"": 16, ""cumulative_end_iteration"": 24105, ""requested_remaining_iterations"": 5911, ""start_phase_content_id"": ""000000000000080f5696901e7ed7138f"", ""terminal_phase_content_id"": ""000000000000080f5a9c7ba1c24b00fb"", ""objective"": -35.45230873682138, ""gradient_norm"": 372.88367627090616, ""success"": false, ""status"": 2, ""message"": ""Desired error not necessarily achieved due to precision loss."", ""nfev"": 67, ""njev"": 55, ""runtime_sec"": 0.5626720000000205, ""restart_from_identical_terminal_phase"": true}, {""segment_index"": 76, ""cumulative_start_iteration"": 24105, ""accepted_iterations"": 15, ""cumulative_end_iteration"": 24120, ""requested_remaining_iterations"": 5895, ""start_phase_content_id"": ""000000000000080f5a9c7ba1c24b00fb"", ""terminal_phase_content_id"": ""000000000000080f823d9c923ebefb60"", ""objective"": -35.452308904547465, ""gradient_norm"": 445.5495120811461, ""success"": false, ""status"": 2, ""message"": ""Desired error not necessarily achieved due to precision loss."", ""nfev"": 60, ""njev"": 48, ""runtime_sec"": 0.5036429000028875, ""restart_from_identical_terminal_phase"": true}, {""segment_index"": 77, ""cumulative_start_iteration"": 24120, ""accepted_iterations"": 8, ""cumulative_end_iteration"": 24128, ""requested_remaining_iterations"": 5880, ""start_phase_content_id"": ""000000000000080f823d9c923ebefb60"", ""terminal_phase_content_id"": ""000000000000080f7d28e8b6439c0784"", ""objective"": -35.452308972166136, ""gradient_norm"": 403.97883573851607, ""success"": false, ""status"": 2, ""message"": ""Desired error not necessarily achieved due to precision loss."", ""nfev"": 54, ""njev"": 42, ""runtime_sec"": 0.4300359000044409, ""restart_from_identical_terminal_phase"": true}, {""segment_index"": 78, ""cumulative_start_iteration"": 24128, ""accepted_iterations"": 5, ""cumulative_end_iteration"": 24133, ""requested_remaining_iterations"": 5872, ""start_phase_content_id"": ""000000000000080f7d28e8b6439c0784"", ""terminal_phase_content_id"": ""000000000000080fa4624515a87108e1"", ""objective"": -35.45230899110599, ""gradient_norm"": 405.47589574926633, ""success"": false, ""status"": 2, ""message"": ""Desired error not necessarily achieved due to precision loss."", ""nfev"": 120, ""njev"": 98, ""runtime_sec"": 0.9204966999968747, ""restart_from_identical_terminal_phase"": true}, {""segment_index"": 79, ""cumulative_start_iteration"": 24133, ""accepted_iterations"": 8, ""cumulative_end_iteration"": 24141, ""requested_remaining_iterations"": 5867, ""start_phase_content_id"": ""000000000000080fa4624515a87108e1"", ""terminal_phase_content_id"": ""000000000000080fbc5ba616a9a622ff"", ""objective"": -35.45230901767398, ""gradient_norm"": 432.4172312179873, ""success"": false, ""status"": 2, ""message"": ""Desired error not necessarily achieved due to precision loss."", ""nfev"": 47, ""njev"": 35, ""runtime_sec"": 0.3788501999952132, ""restart_from_identical_terminal_phase"": true}, {""segment_index"": 80, ""cumulative_start_iteration"": 24141, ""accepted_iterations"": 11, ""cumulative_end_iteration"": 24152, ""requested_remaining_iterations"": 5859, ""start_phase_content_id"": ""000000000000080fbc5ba616a9a622ff"", ""terminal_phase_content_id"": ""000000000000080f9b0c36268aac18cf"", ""objective"": -35.452309108935665, ""gradient_norm"": 425.37524342228295, ""success"": false, ""status"": 2, ""message"": ""Desired error not necessarily achieved due to precision loss."", ""nfev"": 55, ""njev"": 43, ""runtime_sec"": 0.442413700002362, ""restart_from_identical_terminal_phase"": true}, {""segment_index"": 81, ""cumulative_start_iteration"": 24152, ""accepted_iterations"": 8, ""cumulative_end_iteration"": 24160, ""requested_remaining_iterations"": 5848, ""start_phase_content_id"": ""000000000000080f9b0c36268aac18cf"", ""terminal_phase_content_id"": ""000000000000080fd6811427570a0b44"", ""objective"": -35.45230918882822, ""gradient_norm"": 411.07334582926654, ""success"": false, ""status"": 2, ""message"": ""Desired error not necessarily achieved due to precision loss."", ""nfev"": 46, ""njev"": 34, ""runtime_sec"": 0.3722453999944264, ""restart_from_identical_terminal_phase"": true}, {""segment_index"": 82, ""cumulative_start_iteration"": 24160, ""accepted_iterations"": 8, ""cumulative_end_iteration"": 24168, ""requested_remaining_iterations"": 5840, ""start_phase_content_id"": ""000000000000080fd6811427570a0b44"", ""terminal_phase_content_id"": ""000000000000080f62528c9d99e80a62"", ""objective"": -35.45230923876203, ""gradient_norm"": 419.8821145345464, ""success"": false, ""status"": 2, ""message"": ""Desired error not necessarily achieved due to precision loss."", ""nfev"": 48, ""njev"": 36, ""runtime_sec"": 0.3860428000043612, ""restart_from_identical_terminal_phase"": true}, {""segment_index"": 83, ""cumulative_start_iteration"": 24168, ""accepted_iterations"": 4, ""cumulative_end_iteration"": 24172, ""requested_remaining_iterations"": 5832, ""start_phase_content_id"": ""000000000000080f62528c9d99e80a62"", ""terminal_phase_content_id"": ""000000000000080f59dc03920aed0f2a"", ""objective"": -35.45230925153023, ""gradient_norm"": 416.34032115597716, ""success"": false, ""status"": 2, ""message"": ""Desired error not necessarily achieved due to precision loss."", ""nfev"": 68, ""njev"": 58, ""runtime_sec"": 0.534861300009652, ""restart_from_identical_terminal_phase"": true}, {""segment_index"": 84, ""cumulative_start_iteration"": 24172, ""accepted_iterations"": 17, ""cumulative_end_iteration"": 24189, ""requested_remaining_iterations"": 5828, ""start_phase_content_id"": ""000000000000080f59dc03920aed0f2a"", ""terminal_phase_content_id"": ""000000000000080ff9429cb4ed2a1056"", ""objective"": -35.45230933927823, ""gradient_norm"": 436.1806055424878, ""success"": false, ""status"": 2, ""message"": ""Desired error not necessarily achieved due to precision loss."", ""nfev"": 60, ""njev"": 48, ""runtime_sec"": 0.5007425000076182, ""restart_from_identical_terminal_phase"": true}, {""segment_index"": 85, ""cumulative_start_iteration"": 24189, ""accepted_iterations"": 17, ""cumulative_end_iteration"": 24206, ""requested_remaining_iterations"": 5811, ""start_phase_content_id"": ""000000000000080ff9429cb4ed2a1056"", ""terminal_phase_content_id"": ""000000000000080ff568891bf4ca145d"", ""objective"": -35.452309522508855, ""gradient_norm"": 437.66925635455107, ""success"": false, ""status"": 2, ""message"": ""Desired error not necessarily achieved due to precision loss."", ""nfev"": 56, ""njev"": 44, ""runtime_sec"": 0.46949589998985175, ""restart_from_identical_terminal_phase"": true}, {""segment_index"": 86, ""cumulative_start_iteration"": 24206, ""accepted_iterations"": 14, ""cumulative_end_iteration"": 24220, ""requested_remaining_iterations"": 5794, ""start_phase_content_id"": ""000000000000080ff568891bf4ca145d"", ""terminal_phase_content_id"": ""000000000000080f0cd7d96953ae0c96"", ""objective"": -35.45230963481612, ""gradient_norm"": 393.96214890846073, ""success"": false, ""status"": 2, ""message"": ""Desired error not necessarily achieved due to precision loss."", ""nfev"": 54, ""njev"": 42, ""runtime_sec"": 0.44189230000483803, ""restart_from_identical_terminal_phase"": true}, {""segment_index"": 87, ""cumulative_start_iteration"": 24220, ""accepted_iterations"": 9, ""cumulative_end_iteration"": 24229, ""requested_remaining_iterations"": 5780, ""start_phase_content_id"": ""000000000000080f0cd7d96953ae0c96"", ""terminal_phase_content_id"": ""000000000000080fb6bb31af3e6c1289"", ""objective"": -35.45230971074559, ""gradient_norm"": 395.9779254161451, ""success"": false, ""status"": 2, ""message"": ""Desired error not necessarily achieved due to precision loss."", ""nfev"": 49, ""njev"": 37, ""runtime_sec"": 0.3978101999964565, ""restart_from_identical_terminal_phase"": true}, {""segment_index"": 88, ""cumulative_start_iteration"": 24229, ""accepted_iterations"": 8, ""cumulative_end_iteration"": 24237, ""requested_remaining_iterations"": 5771, ""start_phase_content_id"": ""000000000000080fb6bb31af3e6c1289"", ""terminal_phase_content_id"": ""000000000000080fc5b16d67c08c0d6e"", ""objective"": -35.45230980175214, ""gradient_norm"": 418.4567420136453, ""success"": false, ""status"": 2, ""message"": ""Desired error not necessarily achieved due to precision loss."", ""nfev"": 49, ""njev"": 37, ""runtime_sec"": 0.4009024999977555, ""restart_from_identical_terminal_phase"": true}, {""segment_index"": 89, ""cumulative_start_iteration"": 24237, ""accepted_iterations"": 8, ""cumulative_end_iteration"": 24245, ""requested_remaining_iterations"": 5763, ""start_phase_content_id"": ""000000000000080fc5b16d67c08c0d6e"", ""terminal_phase_content_id"": ""000000000000080f0e222235fc890b56"", ""objective"": -35.45230989322941, ""gradient_norm"": 430.32644026575286, ""success"": false, ""status"": 2, ""message"": ""Desired error not necessarily achieved due to precision loss."", ""nfev"": 43, ""njev"": 31, ""runtime_sec"": 0.3517369999899529, ""restart_from_identical_terminal_phase"": true}, {""segment_index"": 90, ""cumulative_start_iteration"": 24245, ""accepted_iterations"": 11, ""cumulative_end_iteration"": 24256, ""requested_remaining_iterations"": 5755, ""start_phase_content_id"": ""000000000000080f0e222235fc890b56"", ""terminal_phase_content_id"": ""000000000000080fb71c2edbb33612a5"", ""objective"": -35.45230994958483, ""gradient_norm"": 449.3297508231111, ""success"": false, ""status"": 2, ""message"": ""Desired error not necessarily achieved due to precision loss."", ""nfev"": 53, ""njev"": 41, ""runtime_sec"": 0.4326191000000108, ""restart_from_identical_terminal_phase"": true}, {""segment_index"": 91, ""cumulative_start_iteration"": 24256, ""accepted_iterations"": 12, ""cumulative_end_iteration"": 24268, ""requested_remaining_iterations"": 5744, ""start_phase_content_id"": ""000000000000080fb71c2edbb33612a5"", ""terminal_phase_content_id"": ""000000000000080f406006d2861804c8"", ""objective"": -35.452310013764254, ""gradient_norm"": 437.70871185935925, ""success"": false, ""status"": 2, ""message"": ""Desired error not necessarily achieved due to precision loss."", ""nfev"": 53, ""njev"": 41, ""runtime_sec"": 0.4334264000062831, ""restart_from_identical_terminal_phase"": true}, {""segment_index"": 92, ""cumulative_start_iteration"": 24268, ""accepted_iterations"": 8, ""cumulative_end_iteration"": 24276, ""requested_remaining_iterations"": 5732, ""start_phase_content_id"": ""000000000000080f406006d2861804c8"", ""terminal_phase_content_id"": ""000000000000080f6ada12600336092d"", ""objective"": -35.45231014573156, ""gradient_norm"": 422.5516456119571, ""success"": false, ""status"": 2, ""message"": ""Desired error not necessarily achieved due to precision loss."", ""nfev"": 46, ""njev"": 34, ""runtime_sec"": 0.3670354999921983, ""restart_from_identical_terminal_phase"": true}, {""segment_index"": 93, ""cumulative_start_iteration"": 24276, ""accepted_iterations"": 8, ""cumulative_end_iteration"": 24284, ""requested_remaining_iterations"": 5724, ""start_phase_content_id"": ""000000000000080f6ada12600336092d"", ""terminal_phase_content_id"": ""000000000000080f08554f7d83a51faf"", ""objective"": -35.452310239116855, ""gradient_norm"": 416.49756758504253, ""success"": false, ""status"": 2, ""message"": ""Desired error not necessarily achieved due to precision loss."", ""nfev"": 45, ""njev"": 33, ""runtime_sec"": 0.3636326999985613, ""restart_from_identical_terminal_phase"": true}, {""segment_index"": 94, ""cumulative_start_iteration"": 24284, ""accepted_iterations"": 10, ""cumulative_end_iteration"": 24294, ""requested_remaining_iterations"": 5716, ""start_phase_content_id"": ""000000000000080f08554f7d83a51faf"", ""terminal_phase_content_id"": ""000000000000080f1d26aa5bf5e20f39"", ""objective"": -35.452310396879064, ""gradient_norm"": 395.38379476216596, ""success"": false, ""status"": 2, ""message"": ""Desired error not necessarily achieved due to precision loss."", ""nfev"": 47, ""njev"": 35, ""runtime_sec"": 0.3894451999949524, ""restart_from_identical_terminal_phase"": true}, {""segment_index"": 95, ""cumulative_start_iteration"": 24294, ""accepted_iterations"": 7, ""cumulative_end_iteration"": 24301, ""requested_remaining_iterations"": 5706, ""start_phase_content_id"": ""000000000000080f1d26aa5bf5e20f39"", ""terminal_phase_content_id"": ""000000000000080f2380b4867493129f"", ""objective"": -35.452310429031584, ""gradient_norm"": 448.47517712028116, ""success"": false, ""status"": 2, ""message"": ""Desired error not necessarily achieved due to precision loss."", ""nfev"": 52, ""njev"": 40, ""runtime_sec"": 0.5280045999970753, ""restart_from_identical_terminal_phase"": true}, {""segment_index"": 96, ""cumulative_start_iteration"": 24301, ""accepted_iterations"": 8, ""cumulative_end_iteration"": 24309, ""requested_remaining_iterations"": 5699, ""start_phase_content_id"": ""000000000000080f2380b4867493129f"", ""terminal_phase_content_id"": ""000000000000080f5502e4f48266f9f7"", ""objective"": -35.45231047961356, ""gradient_norm"": 419.93408525457085, ""success"": false, ""status"": 2, ""message"": ""Desired error not necessarily achieved due to precision loss."", ""nfev"": 48, ""njev"": 36, ""runtime_sec"": 0.4099962000036612, ""restart_from_identical_terminal_phase"": true}, {""segment_index"": 97, ""cumulative_start_iteration"": 24309, ""accepted_iterations"": 9, ""cumulative_end_iteration"": 24318, ""requested_remaining_iterations"": 5691, ""start_phase_content_id"": ""000000000000080f5502e4f48266f9f7"", ""terminal_phase_content_id"": ""000000000000080f17b9bd5c0e210f76"", ""objective"": -35.45231055525015, ""gradient_norm"": 420.893628375486, ""success"": false, ""status"": 2, ""message"": ""Desired error not necessarily achieved due to precision loss."", ""nfev"": 51, ""njev"": 39, ""runtime_sec"": 0.4328670999966562, ""restart_from_identical_terminal_phase"": true}, {""segment_index"": 98, ""cumulative_start_iteration"": 24318, ""accepted_iterations"": 10, ""cumulative_end_iteration"": 24328, ""requested_remaining_iterations"": 5682, ""start_phase_content_id"": ""000000000000080f17b9bd5c0e210f76"", ""terminal_phase_content_id"": ""000000000000080fff873d13c0640071"", ""objective"": -35.452310634901764, ""gradient_norm"": 411.4599420848835, ""success"": false, ""status"": 2, ""message"": ""Desired error not necessarily achieved due to precision loss."", ""nfev"": 68, ""njev"": 56, ""runtime_sec"": 0.5867667999991681, ""restart_from_identical_terminal_phase"": true}, {""segment_index"": 99, ""cumulative_start_iteration"": 24328, ""accepted_iterations"": 11, ""cumulative_end_iteration"": 24339, ""requested_remaining_iterations"": 5672, ""start_phase_content_id"": ""000000000000080fff873d13c0640071"", ""terminal_phase_content_id"": ""000000000000080fc14926293d5b0a64"", ""objective"": -35.452310757404014, ""gradient_norm"": 418.64255795923947, ""success"": false, ""status"": 2, ""message"": ""Desired error not necessarily achieved due to precision loss."", ""nfev"": 48, ""njev"": 36, ""runtime_sec"": 0.4118537999893306, ""restart_from_identical_terminal_phase"": true}, {""segment_index"": 100, ""cumulative_start_iteration"": 24339, ""accepted_iterations"": 10, ""cumulative_end_iteration"": 24349, ""requested_remaining_iterations"": 5661, ""start_phase_content_id"": ""000000000000080fc14926293d5b0a64"", ""terminal_phase_content_id"": ""000000000000080fd93ac266ac451271"", ""objective"": -35.45231083353084, ""gradient_norm"": 395.3352832681524, ""success"": false, ""status"": 2, ""message"": ""Desired error not necessarily achieved due to precision loss."", ""nfev"": 49, ""njev"": 37, ""runtime_sec"": 0.41363369999453425, ""restart_from_identical_terminal_phase"": true}, {""segment_index"": 101, ""cumulative_start_iteration"": 24349, ""accepted_iterations"": 6, ""cumulative_end_iteration"": 24355, ""requested_remaining_iterations"": 5651, ""start_phase_content_id"": ""000000000000080fd93ac266ac451271"", ""terminal_phase_content_id"": ""000000000000080fcb917c36506d0f22"", ""objective"": -35.45231084016792, ""gradient_norm"": 403.3650526613492, ""success"": false, ""status"": 2, ""message"": ""Desired error not necessarily achieved due to precision loss."", ""nfev"": 26, ""njev"": 26, ""runtime_sec"": 0.21508469998661894, ""restart_from_identical_terminal_phase"": true}, {""segment_index"": 102, ""cumulative_start_iteration"": 24355, ""accepted_iterations"": 7, ""cumulative_end_iteration"": 24362, ""requested_remaining_iterations"": 5645, ""start_phase_content_id"": ""000000000000080fcb917c36506d0f22"", ""terminal_phase_content_id"": ""000000000000080fbaf87beaf9eb0aa0"", ""objective"": -35.45231085653389, ""gradient_norm"": 385.0257523547312, ""success"": false, ""status"": 2, ""message"": ""Desired error not necessarily achieved due to precision loss."", ""nfev"": 43, ""njev"": 31, ""runtime_sec"": 0.34704300000157673, ""restart_from_identical_terminal_phase"": true}, {""segment_index"": 103, ""cumulative_start_iteration"": 24362, ""accepted_iterations"": 10, ""cumulative_end_iteration"": 24372, ""requested_remaining_iterations"": 5638, ""start_phase_content_id"": ""000000000000080fbaf87beaf9eb0aa0"", ""terminal_phase_content_id"": ""000000000000080f9fa6bf73b5ff0f1d"", ""objective"": -35.452310900942315, ""gradient_norm"": 388.01613104853914, ""success"": false, ""status"": 2, ""message"": ""Desired error not necessarily achieved due to precision loss."", ""nfev"": 92, ""njev"": 76, ""runtime_sec"": 0.7211774999886984, ""restart_from_identical_terminal_phase"": true}, {""segment_index"": 104, ""cumulative_start_iteration"": 24372, ""accepted_iterations"": 8, ""cumulative_end_iteration"": 24380, ""requested_remaining_iterations"": 5628, ""start_phase_content_id"": ""000000000000080f9fa6bf73b5ff0f1d"", ""terminal_phase_content_id"": ""000000000000080fdf75e6886ca10c3e"", ""objective"": -35.45231095604144, ""gradient_norm"": 384.7797227270317, ""success"": false, ""status"": 2, ""message"": ""Desired error not necessarily achieved due to precision loss."", ""nfev"": 43, ""njev"": 31, ""runtime_sec"": 0.3513281000050483, ""restart_from_identical_terminal_phase"": true}, {""segment_index"": 105, ""cumulative_start_iteration"": 24380, ""accepted_iterations"": 9, ""cumulative_end_iteration"": 24389, ""requested_remaining_iterations"": 5620, ""start_phase_content_id"": ""000000000000080fdf75e6886ca10c3e"", ""terminal_phase_content_id"": ""000000000000080fe84915056d1605e2"", ""objective"": -35.452311095748925, ""gradient_norm"": 433.1299950160691, ""success"": false, ""status"": 2, ""message"": ""Desired error not necessarily achieved due to precision loss."", ""nfev"": 47, ""njev"": 35, ""runtime_sec"": 0.37858000000414904, ""restart_from_identical_terminal_phase"": true}, {""segment_index"": 106, ""cumulative_start_iteration"": 24389, ""accepted_iterations"": 13, ""cumulative_end_iteration"": 24402, ""requested_remaining_iterations"": 5611, ""start_phase_content_id"": ""000000000000080fe84915056d1605e2"", ""terminal_phase_content_id"": ""000000000000080f92017125011a09f5"", ""objective"": -35.452311184617024, ""gradient_norm"": 446.184293686797, ""success"": false, ""status"": 2, ""message"": ""Desired error not necessarily achieved due to precision loss."", ""nfev"": 63, ""njev"": 51, ""runtime_sec"": 0.5029126000008546, ""restart_from_identical_terminal_phase"": true}, {""segment_index"": 107, ""cumulative_start_iteration"": 24402, ""accepted_iterations"": 13, ""cumulative_end_iteration"": 24415, ""requested_remaining_iterations"": 5598, ""start_phase_content_id"": ""000000000000080f92017125011a09f5"", ""terminal_phase_content_id"": ""000000000000080fe09fa0fe360d157e"", ""objective"": -35.45231125300909, ""gradient_norm"": 425.2234163876713, ""success"": false, ""status"": 2, ""message"": ""Desired error not necessarily achieved due to precision loss."", ""nfev"": 57, ""njev"": 45, ""runtime_sec"": 0.46773920000123326, ""restart_from_identical_terminal_phase"": true}, {""segment_index"": 108, ""cumulative_start_iteration"": 24415, ""accepted_iterations"": 9, ""cumulative_end_iteration"": 24424, ""requested_remaining_iterations"": 5585, ""start_phase_content_id"": ""000000000000080fe09fa0fe360d157e"", ""terminal_phase_content_id"": ""000000000000080f712f0403d01c06f7"", ""objective"": -35.452311342479746, ""gradient_norm"": 424.3150713173402, ""success"": false, ""status"": 2, ""message"": ""Desired error not necessarily achieved due to precision loss."", ""nfev"": 48, ""njev"": 36, ""runtime_sec"": 0.38547180000750814, ""restart_from_identical_terminal_phase"": true}, {""segment_index"": 109, ""cumulative_start_iteration"": 24424, ""accepted_iterations"": 8, ""cumulative_end_iteration"": 24432, ""requested_remaining_iterations"": 5576, ""start_phase_content_id"": ""000000000000080f712f0403d01c06f7"", ""terminal_phase_content_id"": ""000000000000080f68b590c3d31f09b7"", ""objective"": -35.45231146138167, ""gradient_norm"": 411.87795201826094, ""success"": false, ""status"": 2, ""message"": ""Desired error not necessarily achieved due to precision loss."", ""nfev"": 49, ""njev"": 37, ""runtime_sec"": 0.3958436000102665, ""restart_from_identical_terminal_phase"": true}, {""segment_index"": 110, ""cumulative_start_iteration"": 24432, ""accepted_iterations"": 10, ""cumulative_end_iteration"": 24442, ""requested_remaining_iterations"": 5568, ""start_phase_content_id"": ""000000000000080f68b590c3d31f09b7"", ""terminal_phase_content_id"": ""000000000000080f90baa9474f66feea"", ""objective"": -35.452311524373854, ""gradient_norm"": 414.82731948353523, ""success"": false, ""status"": 2, ""message"": ""Desired error not necessarily achieved due to precision loss."", ""nfev"": 76, ""njev"": 61, ""runtime_sec"": 0.6050641999900108, ""restart_from_identical_terminal_phase"": true}, {""segment_index"": 111, ""cumulative_start_iteration"": 24442, ""accepted_iterations"": 17, ""cumulative_end_iteration"": 24459, ""requested_remaining_iterations"": 5558, ""start_phase_content_id"": ""000000000000080f90baa9474f66feea"", ""terminal_phase_content_id"": ""000000000000080fd6709bcfaedd1438"", ""objective"": -35.45231165300205, ""gradient_norm"": 463.96576166538074, ""success"": false, ""status"": 2, ""message"": ""Desired error not necessarily achieved due to precision loss."", ""nfev"": 71, ""njev"": 59, ""runtime_sec"": 0.5755274999974063, ""restart_from_identical_terminal_phase"": true}, {""segment_index"": 112, ""cumulative_start_iteration"": 24459, ""accepted_iterations"": 11, ""cumulative_end_iteration"": 24470, ""requested_remaining_iterations"": 5541, ""start_phase_content_id"": ""000000000000080fd6709bcfaedd1438"", ""terminal_phase_content_id"": ""000000000000080f9e45a844f012091d"", ""objective"": -35.45231171815001, ""gradient_norm"": 424.90314464741806, ""success"": false, ""status"": 2, ""message"": ""Desired error not necessarily achieved due to precision loss."", ""nfev"": 53, ""njev"": 41, ""runtime_sec"": 0.4282030000031227, ""restart_from_identical_terminal_phase"": true}, {""segment_index"": 113, ""cumulative_start_iteration"": 24470, ""accepted_iterations"": 13, ""cumulative_end_iteration"": 24483, ""requested_remaining_iterations"": 5530, ""start_phase_content_id"": ""000000000000080f9e45a844f012091d"", ""terminal_phase_content_id"": ""000000000000080ff1a911e14a8d0514"", ""objective"": -35.45231181830221, ""gradient_norm"": 439.1509244917363, ""success"": false, ""status"": 2, ""message"": ""Desired error not necessarily achieved due to precision loss."", ""nfev"": 54, ""njev"": 42, ""runtime_sec"": 0.4442527000064729, ""restart_from_identical_terminal_phase"": true}, {""segment_index"": 114, ""cumulative_start_iteration"": 24483, ""accepted_iterations"": 8, ""cumulative_end_iteration"": 24491, ""requested_remaining_iterations"": 5517, ""start_phase_content_id"": ""000000000000080ff1a911e14a8d0514"", ""terminal_phase_content_id"": ""000000000000080fdc31110220aefd07"", ""objective"": -35.45231189535409, ""gradient_norm"": 423.56517848289997, ""success"": false, ""status"": 2, ""message"": ""Desired error not necessarily achieved due to precision loss."", ""nfev"": 42, ""njev"": 30, ""runtime_sec"": 0.35039590000815224, ""restart_from_identical_terminal_phase"": true}, {""segment_index"": 115, ""cumulative_start_iteration"": 24491, ""accepted_iterations"": 9, ""cumulative_end_iteration"": 24500, ""requested_remaining_iterations"": 5509, ""start_phase_content_id"": ""000000000000080fdc31110220aefd07"", ""terminal_phase_content_id"": ""000000000000080f1aa4ae1bbd14f880"", ""objective"": -35.452312016075815, ""gradient_norm"": 407.7484908608591, ""success"": false, ""status"": 2, ""message"": ""Desired error not necessarily achieved due to precision loss."", ""nfev"": 45, ""njev"": 33, ""runtime_sec"": 0.363250499998685, ""restart_from_identical_terminal_phase"": true}, {""segment_index"": 116, ""cumulative_start_iteration"": 24500, ""accepted_iterations"": 8, ""cumulative_end_iteration"": 24508, ""requested_remaining_iterations"": 5500, ""start_phase_content_id"": ""000000000000080f1aa4ae1bbd14f880"", ""terminal_phase_content_id"": ""000000000000080ff05105256619161d"", ""objective"": -35.45231209991015, ""gradient_norm"": 403.38750361902726, ""success"": false, ""status"": 2, ""message"": ""Desired error not necessarily achieved due to precision loss."", ""nfev"": 125, ""njev"": 108, ""runtime_sec"": 0.9620071000099415, ""restart_from_identical_terminal_phase"": true}, {""segment_index"": 117, ""cumulative_start_iteration"": 24508, ""accepted_iterations"": 8, ""cumulative_end_iteration"": 24516, ""requested_remaining_iterations"": 5492, ""start_phase_content_id"": ""000000000000080ff05105256619161d"", ""terminal_phase_content_id"": ""000000000000080f051db4606e1918d6"", ""objective"": -35.45231217785059, ""gradient_norm"": 431.51887799435235, ""success"": false, ""status"": 2, ""message"": ""Desired error not necessarily achieved due to precision loss."", ""nfev"": 43, ""njev"": 31, ""runtime_sec"": 0.3476419999933569, ""restart_from_identical_terminal_phase"": true}, {""segment_index"": 118, ""cumulative_start_iteration"": 24516, ""accepted_iterations"": 4, ""cumulative_end_iteration"": 24520, ""requested_remaining_iterations"": 5484, ""start_phase_content_id"": ""000000000000080f051db4606e1918d6"", ""terminal_phase_content_id"": ""000000000000080ff07d1ca7cdcd15af"", ""objective"": -35.45231222007298, ""gradient_norm"": 429.4283221794677, ""success"": false, ""status"": 2, ""message"": ""Desired error not necessarily achieved due to precision loss."", ""nfev"": 64, ""njev"": 60, ""runtime_sec"": 0.5069605000026058, ""restart_from_identical_terminal_phase"": true}, {""segment_index"": 119, ""cumulative_start_iteration"": 24520, ""accepted_iterations"": 5, ""cumulative_end_iteration"": 24525, ""requested_remaining_iterations"": 5480, ""start_phase_content_id"": ""000000000000080ff07d1ca7cdcd15af"", ""terminal_phase_content_id"": ""000000000000080f5ad5cbd41a4a10b9"", ""objective"": -35.45231222435429, ""gradient_norm"": 433.5930316696978, ""success"": false, ""status"": 2, ""message"": ""Desired error not necessarily achieved due to precision loss."", ""nfev"": 61, ""njev"": 52, ""runtime_sec"": 0.4853123999928357, ""restart_from_identical_terminal_phase"": true}, {""segment_index"": 120, ""cumulative_start_iteration"": 24525, ""accepted_iterations"": 8, ""cumulative_end_iteration"": 24533, ""requested_remaining_iterations"": 5475, ""start_phase_content_id"": ""000000000000080f5ad5cbd41a4a10b9"", ""terminal_phase_content_id"": ""000000000000080fca5ffb579a2711ed"", ""objective"": -35.45231226379615, ""gradient_norm"": 430.59646715274414, ""success"": false, ""status"": 2, ""message"": ""Desired error not necessarily achieved due to precision loss."", ""nfev"": 48, ""njev"": 36, ""runtime_sec"": 0.38776359999610577, ""restart_from_identical_terminal_phase"": true}, {""segment_index"": 121, ""cumulative_start_iteration"": 24533, ""accepted_iterations"": 5, ""cumulative_end_iteration"": 24538, ""requested_remaining_iterations"": 5467, ""start_phase_content_id"": ""000000000000080fca5ffb579a2711ed"", ""terminal_phase_content_id"": ""000000000000080fd5d592dfcb95188f"", ""objective"": -35.452312271872444, ""gradient_norm"": 438.5923028846189, ""success"": false, ""status"": 2, ""message"": ""Desired error not necessarily achieved due to precision loss."", ""nfev"": 65, ""njev"": 57, ""runtime_sec"": 0.5168893999943975, ""restart_from_identical_terminal_phase"": true}, {""segment_index"": 122, ""cumulative_start_iteration"": 24538, ""accepted_iterations"": 4, ""cumulative_end_iteration"": 24542, ""requested_remaining_iterations"": 5462, ""start_phase_content_id"": ""000000000000080fd5d592dfcb95188f"", ""terminal_phase_content_id"": ""000000000000080ff224a2b789161e91"", ""objective"": -35.452312272216666, ""gradient_norm"": 446.2254672593521, ""success"": false, ""status"": 2, ""message"": ""Desired error not necessarily achieved due to precision loss."", ""nfev"": 62, ""njev"": 53, ""runtime_sec"": 0.492231800002628, ""restart_from_identical_terminal_phase"": true}, {""segment_index"": 123, ""cumulative_start_iteration"": 24542, ""accepted_iterations"": 8, ""cumulative_end_iteration"": 24550, ""requested_remaining_iterations"": 5458, ""start_phase_content_id"": ""000000000000080ff224a2b789161e91"", ""terminal_phase_content_id"": ""000000000000080fd87858248a331957"", ""objective"": -35.4523123100798, ""gradient_norm"": 415.18418094878973, ""success"": false, ""status"": 2, ""message"": ""Desired error not necessarily achieved due to precision loss."", ""nfev"": 51, ""njev"": 39, ""runtime_sec"": 0.4101068000018131, ""restart_from_identical_terminal_phase"": true}, {""segment_index"": 124, ""cumulative_start_iteration"": 24550, ""accepted_iterations"": 8, ""cumulative_end_iteration"": 24558, ""requested_remaining_iterations"": 5450, ""start_phase_content_id"": ""000000000000080fd87858248a331957"", ""terminal_phase_content_id"": ""000000000000080f866d641182061782"", ""objective"": -35.452312366973075, ""gradient_norm"": 405.1931798476431, ""success"": false, ""status"": 2, ""message"": ""Desired error not necessarily achieved due to precision loss."", ""nfev"": 78, ""njev"": 65, ""runtime_sec"": 0.6225737000058871, ""restart_from_identical_terminal_phase"": true}, {""segment_index"": 125, ""cumulative_start_iteration"": 24558, ""accepted_iterations"": 7, ""cumulative_end_iteration"": 24565, ""requested_remaining_iterations"": 5442, ""start_phase_content_id"": ""000000000000080f866d641182061782"", ""terminal_phase_content_id"": ""000000000000080f3254f751e8ee1a60"", ""objective"": -35.45231244303599, ""gradient_norm"": 414.63613200902955, ""success"": false, ""status"": 2, ""message"": ""Desired error not necessarily achieved due to precision loss."", ""nfev"": 43, ""njev"": 31, ""runtime_sec"": 0.34691610001027584, ""restart_from_identical_terminal_phase"": true}, {""segment_index"": 126, ""cumulative_start_iteration"": 24565, ""accepted_iterations"": 8, ""cumulative_end_iteration"": 24573, ""requested_remaining_iterations"": 5435, ""start_phase_content_id"": ""000000000000080f3254f751e8ee1a60"", ""terminal_phase_content_id"": ""000000000000080f664d914d4e181237"", ""objective"": -35.452312518551885, ""gradient_norm"": 410.0611446823985, ""success"": false, ""status"": 2, ""message"": ""Desired error not necessarily achieved due to precision loss."", ""nfev"": 44, ""njev"": 32, ""runtime_sec"": 0.3580424999963725, ""restart_from_identical_terminal_phase"": true}, {""segment_index"": 127, ""cumulative_start_iteration"": 24573, ""accepted_iterations"": 8, ""cumulative_end_iteration"": 24581, ""requested_remaining_iterations"": 5427, ""start_phase_content_id"": ""000000000000080f664d914d4e181237"", ""terminal_phase_content_id"": ""000000000000080febe643bc31d00274"", ""objective"": -35.45231261020559, ""gradient_norm"": 414.79291323986735, ""success"": false, ""status"": 2, ""message"": ""Desired error not necessarily achieved due to precision loss."", ""nfev"": 46, ""njev"": 34, ""runtime_sec"": 0.3737305999966338, ""restart_from_identical_terminal_phase"": true}, {""segment_index"": 128, ""cumulative_start_iteration"": 24581, ""accepted_iterations"": 11, ""cumulative_end_iteration"": 24592, ""requested_remaining_iterations"": 5419, ""start_phase_content_id"": ""000000000000080febe643bc31d00274"", ""terminal_phase_content_id"": ""000000000000080f20efed94b31f063a"", ""objective"": -35.452312710383254, ""gradient_norm"": 434.8388646342239, ""success"": false, ""status"": 2, ""message"": ""Desired error not necessarily achieved due to precision loss."", ""nfev"": 49, ""njev"": 37, ""runtime_sec"": 0.40658779999648686, ""restart_from_identical_terminal_phase"": true}, {""segment_index"": 129, ""cumulative_start_iteration"": 24592, ""accepted_iterations"": 21, ""cumulative_end_iteration"": 24613, ""requested_remaining_iterations"": 5408, ""start_phase_content_id"": ""000000000000080f20efed94b31f063a"", ""terminal_phase_content_id"": ""000000000000080f56d0e0e78f63173d"", ""objective"": -35.45231287962423, ""gradient_norm"": 430.16723140301883, ""success"": false, ""status"": 2, ""message"": ""Desired error not necessarily achieved due to precision loss."", ""nfev"": 73, ""njev"": 61, ""runtime_sec"": 0.5960969000007026, ""restart_from_identical_terminal_phase"": true}, {""segment_index"": 130, ""cumulative_start_iteration"": 24613, ""accepted_iterations"": 23, ""cumulative_end_iteration"": 24636, ""requested_remaining_iterations"": 5387, ""start_phase_content_id"": ""000000000000080f56d0e0e78f63173d"", ""terminal_phase_content_id"": ""000000000000080ffd1477b7af2f197e"", ""objective"": -35.45231302854655, ""gradient_norm"": 429.8038571147055, ""success"": false, ""status"": 2, ""message"": ""Desired error not necessarily achieved due to precision loss."", ""nfev"": 70, ""njev"": 58, ""runtime_sec"": 0.5950297999952454, ""restart_from_identical_terminal_phase"": true}, {""segment_index"": 131, ""cumulative_start_iteration"": 24636, ""accepted_iterations"": 9, ""cumulative_end_iteration"": 24645, ""requested_remaining_iterations"": 5364, ""start_phase_content_id"": ""000000000000080ffd1477b7af2f197e"", ""terminal_phase_content_id"": ""000000000000080fb63acdb61efd167d"", ""objective"": -35.452313094468494, ""gradient_norm"": 407.4900384544265, ""success"": false, ""status"": 2, ""message"": ""Desired error not necessarily achieved due to precision loss."", ""nfev"": 47, ""njev"": 35, ""runtime_sec"": 0.37665830001060385, ""restart_from_identical_terminal_phase"": true}, {""segment_index"": 132, ""cumulative_start_iteration"": 24645, ""accepted_iterations"": 11, ""cumulative_end_iteration"": 24656, ""requested_remaining_iterations"": 5355, ""start_phase_content_id"": ""000000000000080fb63acdb61efd167d"", ""terminal_phase_content_id"": ""000000000000080fcfddbfa330830787"", ""objective"": -35.452313171678654, ""gradient_norm"": 376.41554640781925, ""success"": false, ""status"": 2, ""message"": ""Desired error not necessarily achieved due to precision loss."", ""nfev"": 55, ""njev"": 43, ""runtime_sec"": 0.4555787999997847, ""restart_from_identical_terminal_phase"": true}, {""segment_index"": 133, ""cumulative_start_iteration"": 24656, ""accepted_iterations"": 7, ""cumulative_end_iteration"": 24663, ""requested_remaining_iterations"": 5344, ""start_phase_content_id"": ""000000000000080fcfddbfa330830787"", ""terminal_phase_content_id"": ""000000000000080f973a95e8822b08b4"", ""objective"": -35.45231321382073, ""gradient_norm"": 423.6898766545034, ""success"": false, ""status"": 2, ""message"": ""Desired error not necessarily achieved due to precision loss."", ""nfev"": 44, ""njev"": 32, ""runtime_sec"": 0.3559975999960443, ""restart_from_identical_terminal_phase"": true}, {""segment_index"": 134, ""cumulative_start_iteration"": 24663, ""accepted_iterations"": 7, ""cumulative_end_iteration"": 24670, ""requested_remaining_iterations"": 5337, ""start_phase_content_id"": ""000000000000080f973a95e8822b08b4"", ""terminal_phase_content_id"": ""000000000000080f6df25d5135611de9"", ""objective"": -35.45231327514169, ""gradient_norm"": 403.4786322366631, ""success"": false, ""status"": 2, ""message"": ""Desired error not necessarily achieved due to precision loss."", ""nfev"": 41, ""njev"": 29, ""runtime_sec"": 0.3287973999977112, ""restart_from_identical_terminal_phase"": true}, {""segment_index"": 135, ""cumulative_start_iteration"": 24670, ""accepted_iterations"": 8, ""cumulative_end_iteration"": 24678, ""requested_remaining_iterations"": 5330, ""start_phase_content_id"": ""000000000000080f6df25d5135611de9"", ""terminal_phase_content_id"": ""000000000000080f963aa66b6f8d104d"", ""objective"": -35.4523133546666, ""gradient_norm"": 424.74498844037333, ""success"": false, ""status"": 2, ""message"": ""Desired error not necessarily achieved due to precision loss."", ""nfev"": 48, ""njev"": 36, ""runtime_sec"": 0.3903003000013996, ""restart_from_identical_terminal_phase"": true}, {""segment_index"": 136, ""cumulative_start_iteration"": 24678, ""accepted_iterations"": 13, ""cumulative_end_iteration"": 24691, ""requested_remaining_iterations"": 5322, ""start_phase_content_id"": ""000000000000080f963aa66b6f8d104d"", ""terminal_phase_content_id"": ""000000000000080f14ff87c203991107"", ""objective"": -35.452313482342575, ""gradient_norm"": 450.8010832247413, ""success"": false, ""status"": 2, ""message"": ""Desired error not necessarily achieved due to precision loss."", ""nfev"": 51, ""njev"": 39, ""runtime_sec"": 0.42131430000881664, ""restart_from_identical_terminal_phase"": true}, {""segment_index"": 137, ""cumulative_start_iteration"": 24691, ""accepted_iterations"": 7, ""cumulative_end_iteration"": 24698, ""requested_remaining_iterations"": 5309, ""start_phase_content_id"": ""000000000000080f14ff87c203991107"", ""terminal_phase_content_id"": ""000000000000080f96aa80e4295e23d7"", ""objective"": -35.4523135710109, ""gradient_norm"": 458.4003352578774, ""success"": false, ""status"": 2, ""message"": ""Desired error not necessarily achieved due to precision loss."", ""nfev"": 42, ""njev"": 30, ""runtime_sec"": 0.3382568000088213, ""restart_from_identical_terminal_phase"": true}, {""segment_index"": 138, ""cumulative_start_iteration"": 24698, ""accepted_iterations"": 12, ""cumulative_end_iteration"": 24710, ""requested_remaining_iterations"": 5302, ""start_phase_content_id"": ""000000000000080f96aa80e4295e23d7"", ""terminal_phase_content_id"": ""000000000000080f79aa87122df60450"", ""objective"": -35.45231368617679, ""gradient_norm"": 412.9190605289498, ""success"": false, ""status"": 2, ""message"": ""Desired error not necessarily achieved due to precision loss."", ""nfev"": 55, ""njev"": 43, ""runtime_sec"": 0.45212079999328125, ""restart_from_identical_terminal_phase"": true}, {""segment_index"": 139, ""cumulative_start_iteration"": 24710, ""accepted_iterations"": 10, ""cumulative_end_iteration"": 24720, ""requested_remaining_iterations"": 5290, ""start_phase_content_id"": ""000000000000080f79aa87122df60450"", ""terminal_phase_content_id"": ""000000000000080fc3b1b2718e1c10c2"", ""objective"": -35.45231383087951, ""gradient_norm"": 426.20289730953687, ""success"": false, ""status"": 2, ""message"": ""Desired error not necessarily achieved due to precision loss."", ""nfev"": 48, ""njev"": 36, ""runtime_sec"": 0.38854909999645315, ""restart_from_identical_terminal_phase"": true}, {""segment_index"": 140, ""cumulative_start_iteration"": 24720, ""accepted_iterations"": 8, ""cumulative_end_iteration"": 24728, ""requested_remaining_iterations"": 5280, ""start_phase_content_id"": ""000000000000080fc3b1b2718e1c10c2"", ""terminal_phase_content_id"": ""000000000000080fb2c9ad43645e122c"", ""objective"": -35.45231396156162, ""gradient_norm"": 421.3616507226394, ""success"": false, ""status"": 2, ""message"": ""Desired error not necessarily achieved due to precision loss."", ""nfev"": 64, ""njev"": 51, ""runtime_sec"": 0.511016299991752, ""restart_from_identical_terminal_phase"": true}, {""segment_index"": 141, ""cumulative_start_iteration"": 24728, ""accepted_iterations"": 18, ""cumulative_end_iteration"": 24746, ""requested_remaining_iterations"": 5272, ""start_phase_content_id"": ""000000000000080fb2c9ad43645e122c"", ""terminal_phase_content_id"": ""000000000000080ff0ef583d5fd01002"", ""objective"": -35.45231423515842, ""gradient_norm"": 441.4672383368697, ""success"": false, ""status"": 2, ""message"": ""Desired error not necessarily achieved due to precision loss."", ""nfev"": 66, ""njev"": 54, ""runtime_sec"": 0.5972253999934765, ""restart_from_identical_terminal_phase"": true}, {""segment_index"": 142, ""cumulative_start_iteration"": 24746, ""accepted_iterations"": 9, ""cumulative_end_iteration"": 24755, ""requested_remaining_iterations"": 5254, ""start_phase_content_id"": ""000000000000080ff0ef583d5fd01002"", ""terminal_phase_content_id"": ""000000000000080fe053756e10881758"", ""objective"": -35.45231433919762, ""gradient_norm"": 452.32126814751615, ""success"": false, ""status"": 2, ""message"": ""Desired error not necessarily achieved due to precision loss."", ""nfev"": 44, ""njev"": 32, ""runtime_sec"": 0.3622392000106629, ""restart_from_identical_terminal_phase"": true}, {""segment_index"": 143, ""cumulative_start_iteration"": 24755, ""accepted_iterations"": 8, ""cumulative_end_iteration"": 24763, ""requested_remaining_iterations"": 5245, ""start_phase_content_id"": ""000000000000080fe053756e10881758"", ""terminal_phase_content_id"": ""000000000000080f1efb7e4236ef0efe"", ""objective"": -35.4523144284712, ""gradient_norm"": 400.69242836114995, ""success"": false, ""status"": 2, ""message"": ""Desired error not necessarily achieved due to precision loss."", ""nfev"": 46, ""njev"": 34, ""runtime_sec"": 0.36325829999987036, ""restart_from_identical_terminal_phase"": true}, {""segment_index"": 144, ""cumulative_start_iteration"": 24763, ""accepted_iterations"": 9, ""cumulative_end_iteration"": 24772, ""requested_remaining_iterations"": 5237, ""start_phase_content_id"": ""000000000000080f1efb7e4236ef0efe"", ""terminal_phase_content_id"": ""000000000000080f20c9be8a1e9c181e"", ""objective"": -35.45231453044598, ""gradient_norm"": 429.7194177249427, ""success"": false, ""status"": 2, ""message"": ""Desired error not necessarily achieved due to precision loss."", ""nfev"": 48, ""njev"": 36, ""runtime_sec"": 0.3938068999996176, ""restart_from_identical_terminal_phase"": true}, {""segment_index"": 145, ""cumulative_start_iteration"": 24772, ""accepted_iterations"": 10, ""cumulative_end_iteration"": 24782, ""requested_remaining_iterations"": 5228, ""start_phase_content_id"": ""000000000000080f20c9be8a1e9c181e"", ""terminal_phase_content_id"": ""000000000000080fd2a39211a81e0a97"", ""objective"": -35.4523146209431, ""gradient_norm"": 399.9109975317362, ""success"": false, ""status"": 2, ""message"": ""Desired error not necessarily achieved due to precision loss."", ""nfev"": 50, ""njev"": 38, ""runtime_sec"": 0.40484529999957886, ""restart_from_identical_terminal_phase"": true}, {""segment_index"": 146, ""cumulative_start_iteration"": 24782, ""accepted_iterations"": 8, ""cumulative_end_iteration"": 24790, ""requested_remaining_iterations"": 5218, ""start_phase_content_id"": ""000000000000080fd2a39211a81e0a97"", ""terminal_phase_content_id"": ""000000000000080f8ce3da45b1d00889"", ""objective"": -35.452314775106444, ""gradient_norm"": 438.3088599801309, ""success"": false, ""status"": 2, ""message"": ""Desired error not necessarily achieved due to precision loss."", ""nfev"": 48, ""njev"": 36, ""runtime_sec"": 0.37982870000996627, ""restart_from_identical_terminal_phase"": true}, {""segment_index"": 147, ""cumulative_start_iteration"": 24790, ""accepted_iterations"": 8, ""cumulative_end_iteration"": 24798, ""requested_remaining_iterations"": 5210, ""start_phase_content_id"": ""000000000000080f8ce3da45b1d00889"", ""terminal_phase_content_id"": ""000000000000080f7dacb811c7d9193b"", ""objective"": -35.45231484554462, ""gradient_norm"": 398.5619716835037, ""success"": false, ""status"": 2, ""message"": ""Desired error not necessarily achieved due to precision loss."", ""nfev"": 81, ""njev"": 68, ""runtime_sec"": 0.6351452999952016, ""restart_from_identical_terminal_phase"": true}, {""segment_index"": 148, ""cumulative_start_iteration"": 24798, ""accepted_iterations"": 12, ""cumulative_end_iteration"": 24810, ""requested_remaining_iterations"": 5202, ""start_phase_content_id"": ""000000000000080f7dacb811c7d9193b"", ""terminal_phase_content_id"": ""000000000000080f43d55198f5ba1a21"", ""objective"": -35.452314945080914, ""gradient_norm"": 454.838460784372, ""success"": false, ""status"": 2, ""message"": ""Desired error not necessarily achieved due to precision loss."", ""nfev"": 52, ""njev"": 40, ""runtime_sec"": 0.42511269998794887, ""restart_from_identical_terminal_phase"": true}, {""segment_index"": 149, ""cumulative_start_iteration"": 24810, ""accepted_iterations"": 14, ""cumulative_end_iteration"": 24824, ""requested_remaining_iterations"": 5190, ""start_phase_content_id"": ""000000000000080f43d55198f5ba1a21"", ""terminal_phase_content_id"": ""000000000000080f9f78fff142530c63"", ""objective"": -35.45231502472734, ""gradient_norm"": 411.0227189674635, ""success"": false, ""status"": 2, ""message"": ""Desired error not necessarily achieved due to precision loss."", ""nfev"": 56, ""njev"": 44, ""runtime_sec"": 0.4548620999994455, ""restart_from_identical_terminal_phase"": true}, {""segment_index"": 150, ""cumulative_start_iteration"": 24824, ""accepted_iterations"": 9, ""cumulative_end_iteration"": 24833, ""requested_remaining_iterations"": 5176, ""start_phase_content_id"": ""000000000000080f9f78fff142530c63"", ""terminal_phase_content_id"": ""000000000000080ffa78b72a9e29081d"", ""objective"": -35.45231514740475, ""gradient_norm"": 419.0172219951883, ""success"": false, ""status"": 2, ""message"": ""Desired error not necessarily achieved due to precision loss."", ""nfev"": 53, ""njev"": 41, ""runtime_sec"": 0.42992599999706727, ""restart_from_identical_terminal_phase"": true}, {""segment_index"": 151, ""cumulative_start_iteration"": 24833, ""accepted_iterations"": 9, ""cumulative_end_iteration"": 24842, ""requested_remaining_iterations"": 5167, ""start_phase_content_id"": ""000000000000080ffa78b72a9e29081d"", ""terminal_phase_content_id"": ""000000000000080fd994266bcbb51a13"", ""objective"": -35.452315243409416, ""gradient_norm"": 421.73122299515126, ""success"": false, ""status"": 2, ""message"": ""Desired error not necessarily achieved due to precision loss."", ""nfev"": 46, ""njev"": 34, ""runtime_sec"": 0.372426899994025, ""restart_from_identical_terminal_phase"": true}, {""segment_index"": 152, ""cumulative_start_iteration"": 24842, ""accepted_iterations"": 9, ""cumulative_end_iteration"": 24851, ""requested_remaining_iterations"": 5158, ""start_phase_content_id"": ""000000000000080fd994266bcbb51a13"", ""terminal_phase_content_id"": ""000000000000080fcb1b1924f9f917e4"", ""objective"": -35.452315324127014, ""gradient_norm"": 386.4860627257943, ""success"": false, ""status"": 2, ""message"": ""Desired error not necessarily achieved due to precision loss."", ""nfev"": 47, ""njev"": 35, ""runtime_sec"": 0.38212119998934213, ""restart_from_identical_terminal_phase"": true}, {""segment_index"": 153, ""cumulative_start_iteration"": 24851, ""accepted_iterations"": 15, ""cumulative_end_iteration"": 24866, ""requested_remaining_iterations"": 5149, ""start_phase_content_id"": ""000000000000080fcb1b1924f9f917e4"", ""terminal_phase_content_id"": ""000000000000080f261120c6007d1ad3"", ""objective"": -35.4523154420795, ""gradient_norm"": 420.63597600958553, ""success"": false, ""status"": 2, ""message"": ""Desired error not necessarily achieved due to precision loss."", ""nfev"": 54, ""njev"": 42, ""runtime_sec"": 0.44426709999970626, ""restart_from_identical_terminal_phase"": true}, {""segment_index"": 154, ""cumulative_start_iteration"": 24866, ""accepted_iterations"": 7, ""cumulative_end_iteration"": 24873, ""requested_remaining_iterations"": 5134, ""start_phase_content_id"": ""000000000000080f261120c6007d1ad3"", ""terminal_phase_content_id"": ""000000000000080fbd82d467a5ac1221"", ""objective"": -35.452315562842934, ""gradient_norm"": 448.7144418784593, ""success"": false, ""status"": 2, ""message"": ""Desired error not necessarily achieved due to precision loss."", ""nfev"": 41, ""njev"": 29, ""runtime_sec"": 0.3352028000081191, ""restart_from_identical_terminal_phase"": true}, {""segment_index"": 155, ""cumulative_start_iteration"": 24873, ""accepted_iterations"": 8, ""cumulative_end_iteration"": 24881, ""requested_remaining_iterations"": 5127, ""start_phase_content_id"": ""000000000000080fbd82d467a5ac1221"", ""terminal_phase_content_id"": ""000000000000080f2e5a507895560a28"", ""objective"": -35.452315640175776, ""gradient_norm"": 414.9942466337019, ""success"": false, ""status"": 2, ""message"": ""Desired error not necessarily achieved due to precision loss."", ""nfev"": 45, ""njev"": 33, ""runtime_sec"": 0.3640999000053853, ""restart_from_identical_terminal_phase"": true}, {""segment_index"": 156, ""cumulative_start_iteration"": 24881, ""accepted_iterations"": 8, ""cumulative_end_iteration"": 24889, ""requested_remaining_iterations"": 5119, ""start_phase_content_id"": ""000000000000080f2e5a507895560a28"", ""terminal_phase_content_id"": ""000000000000080f97de1523fb7008bc"", ""objective"": -35.45231571410315, ""gradient_norm"": 409.9660764763123, ""success"": false, ""status"": 2, ""message"": ""Desired error not necessarily achieved due to precision loss."", ""nfev"": 46, ""njev"": 34, ""runtime_sec"": 0.369117099995492, ""restart_from_identical_terminal_phase"": true}, {""segment_index"": 157, ""cumulative_start_iteration"": 24889, ""accepted_iterations"": 9, ""cumulative_end_iteration"": 24898, ""requested_remaining_iterations"": 5111, ""start_phase_content_id"": ""000000000000080f97de1523fb7008bc"", ""terminal_phase_content_id"": ""000000000000080ff47c460c6a810e2c"", ""objective"": -35.45231585282021, ""gradient_norm"": 417.7608190613418, ""success"": false, ""status"": 2, ""message"": ""Desired error not necessarily achieved due to precision loss."", ""nfev"": 46, ""njev"": 34, ""runtime_sec"": 0.38604599999962375, ""restart_from_identical_terminal_phase"": true}, {""segment_index"": 158, ""cumulative_start_iteration"": 24898, ""accepted_iterations"": 12, ""cumulative_end_iteration"": 24910, ""requested_remaining_iterations"": 5102, ""start_phase_content_id"": ""000000000000080ff47c460c6a810e2c"", ""terminal_phase_content_id"": ""000000000000080f8ec12f44058d0a7a"", ""objective"": -35.45231592377545, ""gradient_norm"": 414.65520279171915, ""success"": false, ""status"": 2, ""message"": ""Desired error not necessarily achieved due to precision loss."", ""nfev"": 48, ""njev"": 36, ""runtime_sec"": 0.39970319998974446, ""restart_from_identical_terminal_phase"": true}, {""segment_index"": 159, ""cumulative_start_iteration"": 24910, ""accepted_iterations"": 25, ""cumulative_end_iteration"": 24935, ""requested_remaining_iterations"": 5090, ""start_phase_content_id"": ""000000000000080f8ec12f44058d0a7a"", ""terminal_phase_content_id"": ""000000000000080fb80b183375ec1b0b"", ""objective"": -35.45231618852321, ""gradient_norm"": 412.5296972779461, ""success"": false, ""status"": 2, ""message"": ""Desired error not necessarily achieved due to precision loss."", ""nfev"": 82, ""njev"": 70, ""runtime_sec"": 0.6772258999990299, ""restart_from_identical_terminal_phase"": true}, {""segment_index"": 160, ""cumulative_start_iteration"": 24935, ""accepted_iterations"": 7, ""cumulative_end_iteration"": 24942, ""requested_remaining_iterations"": 5065, ""start_phase_content_id"": ""000000000000080fb80b183375ec1b0b"", ""terminal_phase_content_id"": ""000000000000080f645c320ca99e0d7e"", ""objective"": -35.45231628269871, ""gradient_norm"": 397.37188993285184, ""success"": false, ""status"": 2, ""message"": ""Desired error not necessarily achieved due to precision loss."", ""nfev"": 39, ""njev"": 27, ""runtime_sec"": 0.31393560000287835, ""restart_from_identical_terminal_phase"": true}, {""segment_index"": 161, ""cumulative_start_iteration"": 24942, ""accepted_iterations"": 8, ""cumulative_end_iteration"": 24950, ""requested_remaining_iterations"": 5058, ""start_phase_content_id"": ""000000000000080f645c320ca99e0d7e"", ""terminal_phase_content_id"": ""000000000000080ff3637174d8591235"", ""objective"": -35.45231637467246, ""gradient_norm"": 409.4767456718905, ""success"": false, ""status"": 2, ""message"": ""Desired error not necessarily achieved due to precision loss."", ""nfev"": 46, ""njev"": 34, ""runtime_sec"": 0.3680068000103347, ""restart_from_identical_terminal_phase"": true}, {""segment_index"": 162, ""cumulative_start_iteration"": 24950, ""accepted_iterations"": 14, ""cumulative_end_iteration"": 24964, ""requested_remaining_iterations"": 5050, ""start_phase_content_id"": ""000000000000080ff3637174d8591235"", ""terminal_phase_content_id"": ""000000000000080f9399494957351e7e"", ""objective"": -35.45231654926701, ""gradient_norm"": 475.27480766368615, ""success"": false, ""status"": 2, ""message"": ""Desired error not necessarily achieved due to precision loss."", ""nfev"": 58, ""njev"": 46, ""runtime_sec"": 0.47062399999413174, ""restart_from_identical_terminal_phase"": true}, {""segment_index"": 163, ""cumulative_start_iteration"": 24964, ""accepted_iterations"": 20, ""cumulative_end_iteration"": 24984, ""requested_remaining_iterations"": 5036, ""start_phase_content_id"": ""000000000000080f9399494957351e7e"", ""terminal_phase_content_id"": ""000000000000080f561f0736d9601978"", ""objective"": -35.4523166705508, ""gradient_norm"": 448.4617264892583, ""success"": false, ""status"": 2, ""message"": ""Desired error not necessarily achieved due to precision loss."", ""nfev"": 79, ""njev"": 67, ""runtime_sec"": 0.6361340000003111, ""restart_from_identical_terminal_phase"": true}, {""segment_index"": 164, ""cumulative_start_iteration"": 24984, ""accepted_iterations"": 9, ""cumulative_end_iteration"": 24993, ""requested_remaining_iterations"": 5016, ""start_phase_content_id"": ""000000000000080f561f0736d9601978"", ""terminal_phase_content_id"": ""000000000000080f015cbbbaeb320ef5"", ""objective"": -35.45231671398669, ""gradient_norm"": 450.45809355217824, ""success"": false, ""status"": 2, ""message"": ""Desired error not necessarily achieved due to precision loss."", ""nfev"": 48, ""njev"": 36, ""runtime_sec"": 0.38419699999212753, ""restart_from_identical_terminal_phase"": true}, {""segment_index"": 165, ""cumulative_start_iteration"": 24993, ""accepted_iterations"": 18, ""cumulative_end_iteration"": 25011, ""requested_remaining_iterations"": 5007, ""start_phase_content_id"": ""000000000000080f015cbbbaeb320ef5"", ""terminal_phase_content_id"": ""000000000000080fa80de2e91ddb0c45"", ""objective"": -35.45231679721451, ""gradient_norm"": 445.26524179838964, ""success"": false, ""status"": 2, ""message"": ""Desired error not necessarily achieved due to precision loss."", ""nfev"": 69, ""njev"": 57, ""runtime_sec"": 0.563106899993727, ""restart_from_identical_terminal_phase"": true}, {""segment_index"": 166, ""cumulative_start_iteration"": 25011, ""accepted_iterations"": 14, ""cumulative_end_iteration"": 25025, ""requested_remaining_iterations"": 4989, ""start_phase_content_id"": ""000000000000080fa80de2e91ddb0c45"", ""terminal_phase_content_id"": ""000000000000080f9be84a1731750ad7"", ""objective"": -35.452316927996556, ""gradient_norm"": 429.6405221574655, ""success"": false, ""status"": 2, ""message"": ""Desired error not necessarily achieved due to precision loss."", ""nfev"": 51, ""njev"": 39, ""runtime_sec"": 0.41593710001325235, ""restart_from_identical_terminal_phase"": true}, {""segment_index"": 167, ""cumulative_start_iteration"": 25025, ""accepted_iterations"": 29, ""cumulative_end_iteration"": 25054, ""requested_remaining_iterations"": 4975, ""start_phase_content_id"": ""000000000000080f9be84a1731750ad7"", ""terminal_phase_content_id"": ""000000000000080f203c46270b9e1942"", ""objective"": -35.45231728191883, ""gradient_norm"": 370.4967666435617, ""success"": false, ""status"": 2, ""message"": ""Desired error not necessarily achieved due to precision loss."", ""nfev"": 78, ""njev"": 66, ""runtime_sec"": 0.6531565000041155, ""restart_from_identical_terminal_phase"": true}, {""segment_index"": 168, ""cumulative_start_iteration"": 25054, ""accepted_iterations"": 7, ""cumulative_end_iteration"": 25061, ""requested_remaining_iterations"": 4946, ""start_phase_content_id"": ""000000000000080f203c46270b9e1942"", ""terminal_phase_content_id"": ""000000000000080fb1660876b8c7116e"", ""objective"": -35.45231739516721, ""gradient_norm"": 403.5211060342092, ""success"": false, ""status"": 2, ""message"": ""Desired error not necessarily achieved due to precision loss."", ""nfev"": 45, ""njev"": 33, ""runtime_sec"": 0.3589551999903051, ""restart_from_identical_terminal_phase"": true}, {""segment_index"": 169, ""cumulative_start_iteration"": 25061, ""accepted_iterations"": 17, ""cumulative_end_iteration"": 25078, ""requested_remaining_iterations"": 4939, ""start_phase_content_id"": ""000000000000080fb1660876b8c7116e"", ""terminal_phase_content_id"": ""000000000000080fc8a8327d21de0ea6"", ""objective"": -35.45231762732265, ""gradient_norm"": 392.7681865306184, ""success"": false, ""status"": 2, ""message"": ""Desired error not necessarily achieved due to precision loss."", ""nfev"": 61, ""njev"": 49, ""runtime_sec"": 0.5026721000031102, ""restart_from_identical_terminal_phase"": true}, {""segment_index"": 170, ""cumulative_start_iteration"": 25078, ""accepted_iterations"": 20, ""cumulative_end_iteration"": 25098, ""requested_remaining_iterations"": 4922, ""start_phase_content_id"": ""000000000000080fc8a8327d21de0ea6"", ""terminal_phase_content_id"": ""000000000000080f0894a35fce8914d8"", ""objective"": -35.45231792916583, ""gradient_norm"": 435.1571077023293, ""success"": false, ""status"": 2, ""message"": ""Desired error not necessarily achieved due to precision loss."", ""nfev"": 109, ""njev"": 94, ""runtime_sec"": 0.8755441999965115, ""restart_from_identical_terminal_phase"": true}, {""segment_index"": 171, ""cumulative_start_iteration"": 25098, ""accepted_iterations"": 10, ""cumulative_end_iteration"": 25108, ""requested_remaining_iterations"": 4902, ""start_phase_content_id"": ""000000000000080f0894a35fce8914d8"", ""terminal_phase_content_id"": ""000000000000080ff2772143f8101c4b"", ""objective"": -35.45231802239414, ""gradient_norm"": 403.2748115832668, ""success"": false, ""status"": 2, ""message"": ""Desired error not necessarily achieved due to precision loss."", ""nfev"": 50, ""njev"": 38, ""runtime_sec"": 0.4037349999998696, ""restart_from_identical_terminal_phase"": true}, {""segment_index"": 172, ""cumulative_start_iteration"": 25108, ""accepted_iterations"": 9, ""cumulative_end_iteration"": 25117, ""requested_remaining_iterations"": 4892, ""start_phase_content_id"": ""000000000000080ff2772143f8101c4b"", ""terminal_phase_content_id"": ""000000000000080fd5a8e81bd33115e7"", ""objective"": -35.4523180598592, ""gradient_norm"": 431.8678069814525, ""success"": false, ""status"": 2, ""message"": ""Desired error not necessarily achieved due to precision loss."", ""nfev"": 46, ""njev"": 34, ""runtime_sec"": 0.36558710000826977, ""restart_from_identical_terminal_phase"": true}, {""segment_index"": 173, ""cumulative_start_iteration"": 25117, ""accepted_iterations"": 10, ""cumulative_end_iteration"": 25127, ""requested_remaining_iterations"": 4883, ""start_phase_content_id"": ""000000000000080fd5a8e81bd33115e7"", ""terminal_phase_content_id"": ""000000000000080f98b4c059a694120e"", ""objective"": -35.45231813066977, ""gradient_norm"": 417.5109886388772, ""success"": false, ""status"": 2, ""message"": ""Desired error not necessarily achieved due to precision loss."", ""nfev"": 51, ""njev"": 39, ""runtime_sec"": 0.4132839999947464, ""restart_from_identical_terminal_phase"": true}, {""segment_index"": 174, ""cumulative_start_iteration"": 25127, ""accepted_iterations"": 12, ""cumulative_end_iteration"": 25139, ""requested_remaining_iterations"": 4873, ""start_phase_content_id"": ""000000000000080f98b4c059a694120e"", ""terminal_phase_content_id"": ""000000000000080f17e579b660f20d7a"", ""objective"": -35.45231822120194, ""gradient_norm"": 407.8775643735059, ""success"": false, ""status"": 2, ""message"": ""Desired error not necessarily achieved due to precision loss."", ""nfev"": 53, ""njev"": 41, ""runtime_sec"": 0.4279633999976795, ""restart_from_identical_terminal_phase"": true}, {""segment_index"": 175, ""cumulative_start_iteration"": 25139, ""accepted_iterations"": 10, ""cumulative_end_iteration"": 25149, ""requested_remaining_iterations"": 4861, ""start_phase_content_id"": ""000000000000080f17e579b660f20d7a"", ""terminal_phase_content_id"": ""000000000000080f2cbfb1e570e80e8d"", ""objective"": -35.45231838006407, ""gradient_norm"": 411.2419733099879, ""success"": false, ""status"": 2, ""message"": ""Desired error not necessarily achieved due to precision loss."", ""nfev"": 48, ""njev"": 36, ""runtime_sec"": 0.38526750000892207, ""restart_from_identical_terminal_phase"": true}, {""segment_index"": 176, ""cumulative_start_iteration"": 25149, ""accepted_iterations"": 9, ""cumulative_end_iteration"": 25158, ""requested_remaining_iterations"": 4851, ""start_phase_content_id"": ""000000000000080f2cbfb1e570e80e8d"", ""terminal_phase_content_id"": ""000000000000080f527b5c2eac6101e3"", ""objective"": -35.45231846777839, ""gradient_norm"": 428.1559278530065, ""success"": false, ""status"": 2, ""message"": ""Desired error not necessarily achieved due to precision loss."", ""nfev"": 51, ""njev"": 39, ""runtime_sec"": 0.41266539999924134, ""restart_from_identical_terminal_phase"": true}, {""segment_index"": 177, ""cumulative_start_iteration"": 25158, ""accepted_iterations"": 8, ""cumulative_end_iteration"": 25166, ""requested_remaining_iterations"": 4842, ""start_phase_content_id"": ""000000000000080f527b5c2eac6101e3"", ""terminal_phase_content_id"": ""000000000000080fa0f03731a48a0855"", ""objective"": -35.45231854345655, ""gradient_norm"": 405.74908078566, ""success"": false, ""status"": 2, ""message"": ""Desired error not necessarily achieved due to precision loss."", ""nfev"": 92, ""njev"": 75, ""runtime_sec"": 0.7183024999976624, ""restart_from_identical_terminal_phase"": true}, {""segment_index"": 178, ""cumulative_start_iteration"": 25166, ""accepted_iterations"": 11, ""cumulative_end_iteration"": 25177, ""requested_remaining_iterations"": 4834, ""start_phase_content_id"": ""000000000000080fa0f03731a48a0855"", ""terminal_phase_content_id"": ""000000000000080f68232b6ec6dd19d2"", ""objective"": -35.452318627850865, ""gradient_norm"": 405.8711757008851, ""success"": false, ""status"": 2, ""message"": ""Desired error not necessarily achieved due to precision loss."", ""nfev"": 50, ""njev"": 38, ""runtime_sec"": 0.4135207000072114, ""restart_from_identical_terminal_phase"": true}, {""segment_index"": 179, ""cumulative_start_iteration"": 25177, ""accepted_iterations"": 8, ""cumulative_end_iteration"": 25185, ""requested_remaining_iterations"": 4823, ""start_phase_content_id"": ""000000000000080f68232b6ec6dd19d2"", ""terminal_phase_content_id"": ""000000000000080f73b49473ef0d0423"", ""objective"": -35.45231871565175, ""gradient_norm"": 419.8538593313659, ""success"": false, ""status"": 2, ""message"": ""Desired error not necessarily achieved due to precision loss."", ""nfev"": 49, ""njev"": 37, ""runtime_sec"": 0.39970809999795165, ""restart_from_identical_terminal_phase"": true}, {""segment_index"": 180, ""cumulative_start_iteration"": 25185, ""accepted_iterations"": 8, ""cumulative_end_iteration"": 25193, ""requested_remaining_iterations"": 4815, ""start_phase_content_id"": ""000000000000080f73b49473ef0d0423"", ""terminal_phase_content_id"": ""000000000000080ff7181f93ce820b99"", ""objective"": -35.45231877679076, ""gradient_norm"": 397.04061756999823, ""success"": false, ""status"": 2, ""message"": ""Desired error not necessarily achieved due to precision loss."", ""nfev"": 42, ""njev"": 30, ""runtime_sec"": 0.35323560000688303, ""restart_from_identical_terminal_phase"": true}, {""segment_index"": 181, ""cumulative_start_iteration"": 25193, ""accepted_iterations"": 8, ""cumulative_end_iteration"": 25201, ""requested_remaining_iterations"": 4807, ""start_phase_content_id"": ""000000000000080ff7181f93ce820b99"", ""terminal_phase_content_id"": ""000000000000080f729ca4bbdfee0bc0"", ""objective"": -35.45231884342483, ""gradient_norm"": 436.525821056243, ""success"": false, ""status"": 2, ""message"": ""Desired error not necessarily achieved due to precision loss."", ""nfev"": 49, ""njev"": 37, ""runtime_sec"": 0.39002110000001267, ""restart_from_identical_terminal_phase"": true}, {""segment_index"": 182, ""cumulative_start_iteration"": 25201, ""accepted_iterations"": 7, ""cumulative_end_iteration"": 25208, ""requested_remaining_iterations"": 4799, ""start_phase_content_id"": ""000000000000080f729ca4bbdfee0bc0"", ""terminal_phase_content_id"": ""000000000000080f85bdb4c7876e16c7"", ""objective"": -35.45231889160556, ""gradient_norm"": 404.7532696724044, ""success"": false, ""status"": 2, ""message"": ""Desired error not necessarily achieved due to precision loss."", ""nfev"": 48, ""njev"": 36, ""runtime_sec"": 0.3900130999973044, ""restart_from_identical_terminal_phase"": true}, {""segment_index"": 183, ""cumulative_start_iteration"": 25208, ""accepted_iterations"": 12, ""cumulative_end_iteration"": 25220, ""requested_remaining_iterations"": 4792, ""start_phase_content_id"": ""000000000000080f85bdb4c7876e16c7"", ""terminal_phase_content_id"": ""000000000000080f56cabb6d868b171d"", ""objective"": -35.45231895426815, ""gradient_norm"": 409.5888194898714, ""success"": false, ""status"": 2, ""message"": ""Desired error not necessarily achieved due to precision loss."", ""nfev"": 56, ""njev"": 44, ""runtime_sec"": 0.5074012999975821, ""restart_from_identical_terminal_phase"": true}, {""segment_index"": 184, ""cumulative_start_iteration"": 25220, ""accepted_iterations"": 15, ""cumulative_end_iteration"": 25235, ""requested_remaining_iterations"": 4780, ""start_phase_content_id"": ""000000000000080f56cabb6d868b171d"", ""terminal_phase_content_id"": ""000000000000080f482aa6d7b1a10dc1"", ""objective"": -35.452319054602675, ""gradient_norm"": 430.68171572698674, ""success"": false, ""status"": 2, ""message"": ""Desired error not necessarily achieved due to precision loss."", ""nfev"": 56, ""njev"": 44, ""runtime_sec"": 0.5153539999882923, ""restart_from_identical_terminal_phase"": true}, {""segment_index"": 185, ""cumulative_start_iteration"": 25235, ""accepted_iterations"": 16, ""cumulative_end_iteration"": 25251, ""requested_remaining_iterations"": 4765, ""start_phase_content_id"": ""000000000000080f482aa6d7b1a10dc1"", ""terminal_phase_content_id"": ""000000000000080f6e84f3d867d40f19"", ""objective"": -35.45231915791184, ""gradient_norm"": 413.0885128194587, ""success"": false, ""status"": 2, ""message"": ""Desired error not necessarily achieved due to precision loss."", ""nfev"": 63, ""njev"": 51, ""runtime_sec"": 0.5656022000039229, ""restart_from_identical_terminal_phase"": true}, {""segment_index"": 186, ""cumulative_start_iteration"": 25251, ""accepted_iterations"": 12, ""cumulative_end_iteration"": 25263, ""requested_remaining_iterations"": 4749, ""start_phase_content_id"": ""000000000000080f6e84f3d867d40f19"", ""terminal_phase_content_id"": ""000000000000080fdeafc5734e730518"", ""objective"": -35.4523192750794, ""gradient_norm"": 480.47267453007294, ""success"": false, ""status"": 2, ""message"": ""Desired error not necessarily achieved due to precision loss."", ""nfev"": 54, ""njev"": 42, ""runtime_sec"": 0.4877694999886444, ""restart_from_identical_terminal_phase"": true}, {""segment_index"": 187, ""cumulative_start_iteration"": 25263, ""accepted_iterations"": 8, ""cumulative_end_iteration"": 25271, ""requested_remaining_iterations"": 4737, ""start_phase_content_id"": ""000000000000080fdeafc5734e730518"", ""terminal_phase_content_id"": ""000000000000080f7089cfdb8c1c15ab"", ""objective"": -35.452319308327105, ""gradient_norm"": 404.03092696766026, ""success"": false, ""status"": 2, ""message"": ""Desired error not necessarily achieved due to precision loss."", ""nfev"": 54, ""njev"": 42, ""runtime_sec"": 0.4598675000015646, ""restart_from_identical_terminal_phase"": true}, {""segment_index"": 188, ""cumulative_start_iteration"": 25271, ""accepted_iterations"": 8, ""cumulative_end_iteration"": 25279, ""requested_remaining_iterations"": 4729, ""start_phase_content_id"": ""000000000000080f7089cfdb8c1c15ab"", ""terminal_phase_content_id"": ""000000000000080faf1340553e5b007e"", ""objective"": -35.45231935898661, ""gradient_norm"": 392.32037772442374, ""success"": false, ""status"": 2, ""message"": ""Desired error not necessarily achieved due to precision loss."", ""nfev"": 46, ""njev"": 34, ""runtime_sec"": 0.39030210000055376, ""restart_from_identical_terminal_phase"": true}, {""segment_index"": 189, ""cumulative_start_iteration"": 25279, ""accepted_iterations"": 8, ""cumulative_end_iteration"": 25287, ""requested_remaining_iterations"": 4721, ""start_phase_content_id"": ""000000000000080faf1340553e5b007e"", ""terminal_phase_content_id"": ""000000000000080ff7cde1a11a98f8e1"", ""objective"": -35.45231942195019, ""gradient_norm"": 393.71528168251535, ""success"": false, ""status"": 2, ""message"": ""Desired error not necessarily achieved due to precision loss."", ""nfev"": 77, ""njev"": 62, ""runtime_sec"": 0.6307245000061812, ""restart_from_identical_terminal_phase"": true}, {""segment_index"": 190, ""cumulative_start_iteration"": 25287, ""accepted_iterations"": 8, ""cumulative_end_iteration"": 25295, ""requested_remaining_iterations"": 4713, ""start_phase_content_id"": ""000000000000080ff7cde1a11a98f8e1"", ""terminal_phase_content_id"": ""000000000000080f840b6265961d04af"", ""objective"": -35.45231948007758, ""gradient_norm"": 419.1345122214662, ""success"": false, ""status"": 2, ""message"": ""Desired error not necessarily achieved due to precision loss."", ""nfev"": 50, ""njev"": 38, ""runtime_sec"": 0.4015895000047749, ""restart_from_identical_terminal_phase"": true}, {""segment_index"": 191, ""cumulative_start_iteration"": 25295, ""accepted_iterations"": 14, ""cumulative_end_iteration"": 25309, ""requested_remaining_iterations"": 4705, ""start_phase_content_id"": ""000000000000080f840b6265961d04af"", ""terminal_phase_content_id"": ""000000000000080f8c341e0cad990f83"", ""objective"": -35.452319560642685, ""gradient_norm"": 417.82670682072927, ""success"": false, ""status"": 2, ""message"": ""Desired error not necessarily achieved due to precision loss."", ""nfev"": 56, ""njev"": 44, ""runtime_sec"": 0.4665200999879744, ""restart_from_identical_terminal_phase"": true}, {""segment_index"": 192, ""cumulative_start_iteration"": 25309, ""accepted_iterations"": 8, ""cumulative_end_iteration"": 25317, ""requested_remaining_iterations"": 4691, ""start_phase_content_id"": ""000000000000080f8c341e0cad990f83"", ""terminal_phase_content_id"": ""000000000000080fefb7140e4f1610a5"", ""objective"": -35.45231960601499, ""gradient_norm"": 438.0589667661957, ""success"": false, ""status"": 2, ""message"": ""Desired error not necessarily achieved due to precision loss."", ""nfev"": 44, ""njev"": 32, ""runtime_sec"": 0.36642700000084005, ""restart_from_identical_terminal_phase"": true}, {""segment_index"": 193, ""cumulative_start_iteration"": 25317, ""accepted_iterations"": 11, ""cumulative_end_iteration"": 25328, ""requested_remaining_iterations"": 4683, ""start_phase_content_id"": ""000000000000080fefb7140e4f1610a5"", ""terminal_phase_content_id"": ""000000000000080f9a42b16711271a53"", ""objective"": -35.452319670602066, ""gradient_norm"": 416.74567974578633, ""success"": false, ""status"": 2, ""message"": ""Desired error not necessarily achieved due to precision loss."", ""nfev"": 54, ""njev"": 42, ""runtime_sec"": 0.44865520000166725, ""restart_from_identical_terminal_phase"": true}, {""segment_index"": 194, ""cumulative_start_iteration"": 25328, ""accepted_iterations"": 8, ""cumulative_end_iteration"": 25336, ""requested_remaining_iterations"": 4672, ""start_phase_content_id"": ""000000000000080f9a42b16711271a53"", ""terminal_phase_content_id"": ""000000000000080f818c3d6360c612f6"", ""objective"": -35.452319734837666, ""gradient_norm"": 395.4314891813044, ""success"": false, ""status"": 2, ""message"": ""Desired error not necessarily achieved due to precision loss."", ""nfev"": 50, ""njev"": 38, ""runtime_sec"": 0.4120200999896042, ""restart_from_identical_terminal_phase"": true}, {""segment_index"": 195, ""cumulative_start_iteration"": 25336, ""accepted_iterations"": 7, ""cumulative_end_iteration"": 25343, ""requested_remaining_iterations"": 4664, ""start_phase_content_id"": ""000000000000080f818c3d6360c612f6"", ""terminal_phase_content_id"": ""000000000000080f7d85283274ca1066"", ""objective"": -35.452319757009406, ""gradient_norm"": 445.0748105151394, ""success"": false, ""status"": 2, ""message"": ""Desired error not necessarily achieved due to precision loss."", ""nfev"": 44, ""njev"": 32, ""runtime_sec"": 0.36370180000085384, ""restart_from_identical_terminal_phase"": true}, {""segment_index"": 196, ""cumulative_start_iteration"": 25343, ""accepted_iterations"": 6, ""cumulative_end_iteration"": 25349, ""requested_remaining_iterations"": 4657, ""start_phase_content_id"": ""000000000000080f7d85283274ca1066"", ""terminal_phase_content_id"": ""000000000000080f7b50a426e7bc0708"", ""objective"": -35.45231975829547, ""gradient_norm"": 445.2020181126977, ""success"": false, ""status"": 2, ""message"": ""Desired error not necessarily achieved due to precision loss."", ""nfev"": 97, ""njev"": 78, ""runtime_sec"": 0.7709413999982644, ""restart_from_identical_terminal_phase"": true}, {""segment_index"": 197, ""cumulative_start_iteration"": 25349, ""accepted_iterations"": 7, ""cumulative_end_iteration"": 25356, ""requested_remaining_iterations"": 4651, ""start_phase_content_id"": ""000000000000080f7b50a426e7bc0708"", ""terminal_phase_content_id"": ""000000000000080fed082e68048e0c5d"", ""objective"": -35.45231976742133, ""gradient_norm"": 411.8550616262529, ""success"": false, ""status"": 2, ""message"": ""Desired error not necessarily achieved due to precision loss."", ""nfev"": 43, ""njev"": 31, ""runtime_sec"": 0.3720974000025308, ""restart_from_identical_terminal_phase"": true}, {""segment_index"": 198, ""cumulative_start_iteration"": 25356, ""accepted_iterations"": 9, ""cumulative_end_iteration"": 25365, ""requested_remaining_iterations"": 4644, ""start_phase_content_id"": ""000000000000080fed082e68048e0c5d"", ""terminal_phase_content_id"": ""000000000000080f45c86c4ad41a1470"", ""objective"": -35.45231978348336, ""gradient_norm"": 427.0792310141143, ""success"": false, ""status"": 2, ""message"": ""Desired error not necessarily achieved due to precision loss."", ""nfev"": 86, ""njev"": 71, ""runtime_sec"": 0.6899511999945389, ""restart_from_identical_terminal_phase"": true}, {""segment_index"": 199, ""cumulative_start_iteration"": 25365, ""accepted_iterations"": 8, ""cumulative_end_iteration"": 25373, ""requested_remaining_iterations"": 4635, ""start_phase_content_id"": ""000000000000080f45c86c4ad41a1470"", ""terminal_phase_content_id"": ""000000000000080fa28ec041925103e5"", ""objective"": -35.45231979560361, ""gradient_norm"": 406.3547777746415, ""success"": false, ""status"": 2, ""message"": ""Desired error not necessarily achieved due to precision loss."", ""nfev"": 48, ""njev"": 36, ""runtime_sec"": 0.3795457000087481, ""restart_from_identical_terminal_phase"": true}, {""segment_index"": 200, ""cumulative_start_iteration"": 25373, ""accepted_iterations"": 7, ""cumulative_end_iteration"": 25380, ""requested_remaining_iterations"": 4627, ""start_phase_content_id"": ""000000000000080fa28ec041925103e5"", ""terminal_phase_content_id"": ""000000000000080fdf6037715b18172c"", ""objective"": -35.45231980598091, ""gradient_norm"": 414.9605406439093, ""success"": false, ""status"": 2, ""message"": ""Desired error not necessarily achieved due to precision loss."", ""nfev"": 47, ""njev"": 35, ""runtime_sec"": 0.37697169999592006, ""restart_from_identical_terminal_phase"": true}, {""segment_index"": 201, ""cumulative_start_iteration"": 25380, ""accepted_iterations"": 7, ""cumulative_end_iteration"": 25387, ""requested_remaining_iterations"": 4620, ""start_phase_content_id"": ""000000000000080fdf6037715b18172c"", ""terminal_phase_content_id"": ""000000000000080f6ba0b56f605503c3"", ""objective"": -35.45231981813429, ""gradient_norm"": 410.59686737332754, ""success"": false, ""status"": 2, ""message"": ""Desired error not necessarily achieved due to precision loss."", ""nfev"": 50, ""njev"": 38, ""runtime_sec"": 0.410916199994972, ""restart_from_identical_terminal_phase"": true}, {""segment_index"": 202, ""cumulative_start_iteration"": 25387, ""accepted_iterations"": 8, ""cumulative_end_iteration"": 25395, ""requested_remaining_iterations"": 4613, ""start_phase_content_id"": ""000000000000080f6ba0b56f605503c3"", ""terminal_phase_content_id"": ""000000000000080f21e1b693da3f062c"", ""objective"": -35.45231984529577, ""gradient_norm"": 456.4948311386877, ""success"": false, ""status"": 2, ""message"": ""Desired error not necessarily achieved due to precision loss."", ""nfev"": 46, ""njev"": 34, ""runtime_sec"": 0.37672960000054445, ""restart_from_identical_terminal_phase"": true}, {""segment_index"": 203, ""cumulative_start_iteration"": 25395, ""accepted_iterations"": 10, ""cumulative_end_iteration"": 25405, ""requested_remaining_iterations"": 4605, ""start_phase_content_id"": ""000000000000080f21e1b693da3f062c"", ""terminal_phase_content_id"": ""000000000000080fc7909cba86c00721"", ""objective"": -35.45231990052109, ""gradient_norm"": 391.2275620728025, ""success"": false, ""status"": 2, ""message"": ""Desired error not necessarily achieved due to precision loss."", ""nfev"": 47, ""njev"": 35, ""runtime_sec"": 0.3931276000075741, ""restart_from_identical_terminal_phase"": true}, {""segment_index"": 204, ""cumulative_start_iteration"": 25405, ""accepted_iterations"": 8, ""cumulative_end_iteration"": 25413, ""requested_remaining_iterations"": 4595, ""start_phase_content_id"": ""000000000000080fc7909cba86c00721"", ""terminal_phase_content_id"": ""000000000000080fd16abbf37f7027da"", ""objective"": -35.452319970568745, ""gradient_norm"": 376.11815462422175, ""success"": false, ""status"": 2, ""message"": ""Desired error not necessarily achieved due to precision loss."", ""nfev"": 82, ""njev"": 68, ""runtime_sec"": 0.659346699991147, ""restart_from_identical_terminal_phase"": true}, {""segment_index"": 205, ""cumulative_start_iteration"": 25413, ""accepted_iterations"": 10, ""cumulative_end_iteration"": 25423, ""requested_remaining_iterations"": 4587, ""start_phase_content_id"": ""000000000000080fd16abbf37f7027da"", ""terminal_phase_content_id"": ""000000000000080f9e6bc464681005d0"", ""objective"": -35.452320035090395, ""gradient_norm"": 439.14287315645106, ""success"": false, ""status"": 2, ""message"": ""Desired error not necessarily achieved due to precision loss."", ""nfev"": 46, ""njev"": 34, ""runtime_sec"": 0.389439400008996, ""restart_from_identical_terminal_phase"": true}, {""segment_index"": 206, ""cumulative_start_iteration"": 25423, ""accepted_iterations"": 10, ""cumulative_end_iteration"": 25433, ""requested_remaining_iterations"": 4577, ""start_phase_content_id"": ""000000000000080f9e6bc464681005d0"", ""terminal_phase_content_id"": ""000000000000080f0427dd64b436070b"", ""objective"": -35.452320118036944, ""gradient_norm"": 391.3129319675907, ""success"": false, ""status"": 2, ""message"": ""Desired error not necessarily achieved due to precision loss."", ""nfev"": 47, ""njev"": 35, ""runtime_sec"": 0.41999460000079125, ""restart_from_identical_terminal_phase"": true}, {""segment_index"": 207, ""cumulative_start_iteration"": 25433, ""accepted_iterations"": 8, ""cumulative_end_iteration"": 25441, ""requested_remaining_iterations"": 4567, ""start_phase_content_id"": ""000000000000080f0427dd64b436070b"", ""terminal_phase_content_id"": ""000000000000080f712d30e050ba0a38"", ""objective"": -35.45232018124536, ""gradient_norm"": 406.2537571051923, ""success"": false, ""status"": 2, ""message"": ""Desired error not necessarily achieved due to precision loss."", ""nfev"": 47, ""njev"": 35, ""runtime_sec"": 0.4251661000016611, ""restart_from_identical_terminal_phase"": true}, {""segment_index"": 208, ""cumulative_start_iteration"": 25441, ""accepted_iterations"": 7, ""cumulative_end_iteration"": 25448, ""requested_remaining_iterations"": 4559, ""start_phase_content_id"": ""000000000000080f712d30e050ba0a38"", ""terminal_phase_content_id"": ""000000000000080f3250c6f32b760f04"", ""objective"": -35.452320244561804, ""gradient_norm"": 416.56652062645406, ""success"": false, ""status"": 2, ""message"": ""Desired error not necessarily achieved due to precision loss."", ""nfev"": 42, ""njev"": 30, ""runtime_sec"": 0.3762204000086058, ""restart_from_identical_terminal_phase"": true}, {""segment_index"": 209, ""cumulative_start_iteration"": 25448, ""accepted_iterations"": 13, ""cumulative_end_iteration"": 25461, ""requested_remaining_iterations"": 4552, ""start_phase_content_id"": ""000000000000080f3250c6f32b760f04"", ""terminal_phase_content_id"": ""000000000000080f038895fda4c6131b"", ""objective"": -35.45232031354193, ""gradient_norm"": 402.94386446736064, ""success"": false, ""status"": 2, ""message"": ""Desired error not necessarily achieved due to precision loss."", ""nfev"": 52, ""njev"": 40, ""runtime_sec"": 0.46381129999645054, ""restart_from_identical_terminal_phase"": true}, {""segment_index"": 210, ""cumulative_start_iteration"": 25461, ""accepted_iterations"": 7, ""cumulative_end_iteration"": 25468, ""requested_remaining_iterations"": 4539, ""start_phase_content_id"": ""000000000000080f038895fda4c6131b"", ""terminal_phase_content_id"": ""000000000000080f09c4e0ddc0020a9b"", ""objective"": -35.452320373623785, ""gradient_norm"": 380.04642189908253, ""success"": false, ""status"": 2, ""message"": ""Desired error not necessarily achieved due to precision loss."", ""nfev"": 40, ""njev"": 28, ""runtime_sec"": 0.3432743000012124, ""restart_from_identical_terminal_phase"": true}, {""segment_index"": 211, ""cumulative_start_iteration"": 25468, ""accepted_iterations"": 9, ""cumulative_end_iteration"": 25477, ""requested_remaining_iterations"": 4532, ""start_phase_content_id"": ""000000000000080f09c4e0ddc0020a9b"", ""terminal_phase_content_id"": ""000000000000080f61d999d5af5c1ef8"", ""objective"": -35.45232042768066, ""gradient_norm"": 431.2245820432437, ""success"": false, ""status"": 2, ""message"": ""Desired error not necessarily achieved due to precision loss."", ""nfev"": 44, ""njev"": 32, ""runtime_sec"": 0.39089969999622554, ""restart_from_identical_terminal_phase"": true}, {""segment_index"": 212, ""cumulative_start_iteration"": 25477, ""accepted_iterations"": 6, ""cumulative_end_iteration"": 25483, ""requested_remaining_iterations"": 4523, ""start_phase_content_id"": ""000000000000080f61d999d5af5c1ef8"", ""terminal_phase_content_id"": ""000000000000080fef78e2db53db1d0d"", ""objective"": -35.452320471291344, ""gradient_norm"": 423.1459025111625, ""success"": false, ""status"": 2, ""message"": ""Desired error not necessarily achieved due to precision loss."", ""nfev"": 101, ""njev"": 82, ""runtime_sec"": 0.8720455000002403, ""restart_from_identical_terminal_phase"": true}, {""segment_index"": 213, ""cumulative_start_iteration"": 25483, ""accepted_iterations"": 5, ""cumulative_end_iteration"": 25488, ""requested_remaining_iterations"": 4517, ""start_phase_content_id"": ""000000000000080fef78e2db53db1d0d"", ""terminal_phase_content_id"": ""000000000000080f7500f18308bc1def"", ""objective"": -35.452320473562175, ""gradient_norm"": 428.6294413950966, ""success"": false, ""status"": 2, ""message"": ""Desired error not necessarily achieved due to precision loss."", ""nfev"": 59, ""njev"": 51, ""runtime_sec"": 0.49473049999505747, ""restart_from_identical_terminal_phase"": true}, {""segment_index"": 214, ""cumulative_start_iteration"": 25488, ""accepted_iterations"": 6, ""cumulative_end_iteration"": 25494, ""requested_remaining_iterations"": 4512, ""start_phase_content_id"": ""000000000000080f7500f18308bc1def"", ""terminal_phase_content_id"": ""000000000000080fe24fa2e5de0e15fa"", ""objective"": -35.452320474553005, ""gradient_norm"": 432.7501370141383, ""success"": false, ""status"": 2, ""message"": ""Desired error not necessarily achieved due to precision loss."", ""nfev"": 73, ""njev"": 63, ""runtime_sec"": 0.6112098000012338, ""restart_from_identical_terminal_phase"": true}, {""segment_index"": 215, ""cumulative_start_iteration"": 25494, ""accepted_iterations"": 5, ""cumulative_end_iteration"": 25499, ""requested_remaining_iterations"": 4506, ""start_phase_content_id"": ""000000000000080fe24fa2e5de0e15fa"", ""terminal_phase_content_id"": ""000000000000080fa6fd508e5daf1507"", ""objective"": -35.4523204746413, ""gradient_norm"": 440.2553140725327, ""success"": false, ""status"": 2, ""message"": ""Desired error not necessarily achieved due to precision loss."", ""nfev"": 96, ""njev"": 83, ""runtime_sec"": 0.8191097999952035, ""restart_from_identical_terminal_phase"": true}, {""segment_index"": 216, ""cumulative_start_iteration"": 25499, ""accepted_iterations"": 4, ""cumulative_end_iteration"": 25503, ""requested_remaining_iterations"": 4501, ""start_phase_content_id"": ""000000000000080fa6fd508e5daf1507"", ""terminal_phase_content_id"": ""000000000000080f8c65035df6121a08"", ""objective"": -35.45232047479048, ""gradient_norm"": 437.8639476643596, ""success"": false, ""status"": 2, ""message"": ""Desired error not necessarily achieved due to precision loss."", ""nfev"": 57, ""njev"": 48, ""runtime_sec"": 0.4735876000049757, ""restart_from_identical_terminal_phase"": true}, {""segment_index"": 217, ""cumulative_start_iteration"": 25503, ""accepted_iterations"": 7, ""cumulative_end_iteration"": 25510, ""requested_remaining_iterations"": 4497, ""start_phase_content_id"": ""000000000000080f8c65035df6121a08"", ""terminal_phase_content_id"": ""000000000000080f7e2e4f9ede471a7f"", ""objective"": -35.452320490586516, ""gradient_norm"": 414.23984336225925, ""success"": false, ""status"": 2, ""message"": ""Desired error not necessarily achieved due to precision loss."", ""nfev"": 47, ""njev"": 35, ""runtime_sec"": 0.40347420000762213, ""restart_from_identical_terminal_phase"": true}, {""segment_index"": 218, ""cumulative_start_iteration"": 25510, ""accepted_iterations"": 7, ""cumulative_end_iteration"": 25517, ""requested_remaining_iterations"": 4490, ""start_phase_content_id"": ""000000000000080f7e2e4f9ede471a7f"", ""terminal_phase_content_id"": ""000000000000080ffe9965846fd92275"", ""objective"": -35.4523205208553, ""gradient_norm"": 413.6165967268682, ""success"": false, ""status"": 2, ""message"": ""Desired error not necessarily achieved due to precision loss."", ""nfev"": 77, ""njev"": 65, ""runtime_sec"": 0.6951669999980368, ""restart_from_identical_terminal_phase"": true}, {""segment_index"": 219, ""cumulative_start_iteration"": 25517, ""accepted_iterations"": 7, ""cumulative_end_iteration"": 25524, ""requested_remaining_iterations"": 4483, ""start_phase_content_id"": ""000000000000080ffe9965846fd92275"", ""terminal_phase_content_id"": ""000000000000080fea6fadfd7d631a88"", ""objective"": -35.452320558680896, ""gradient_norm"": 415.1501013647588, ""success"": false, ""status"": 2, ""message"": ""Desired error not necessarily achieved due to precision loss."", ""nfev"": 46, ""njev"": 34, ""runtime_sec"": 0.3964240999921458, ""restart_from_identical_terminal_phase"": true}, {""segment_index"": 220, ""cumulative_start_iteration"": 25524, ""accepted_iterations"": 13, ""cumulative_end_iteration"": 25537, ""requested_remaining_iterations"": 4476, ""start_phase_content_id"": ""000000000000080fea6fadfd7d631a88"", ""terminal_phase_content_id"": ""000000000000080f5f3d7aff1bba0e4c"", ""objective"": -35.45232061609024, ""gradient_norm"": 438.8902907173588, ""success"": false, ""status"": 2, ""message"": ""Desired error not necessarily achieved due to precision loss."", ""nfev"": 54, ""njev"": 42, ""runtime_sec"": 0.4962262000044575, ""restart_from_identical_terminal_phase"": true}, {""segment_index"": 221, ""cumulative_start_iteration"": 25537, ""accepted_iterations"": 5, ""cumulative_end_iteration"": 25542, ""requested_remaining_iterations"": 4463, ""start_phase_content_id"": ""000000000000080f5f3d7aff1bba0e4c"", ""terminal_phase_content_id"": ""000000000000080f5ba864a0902d10a6"", ""objective"": -35.45232064205952, ""gradient_norm"": 446.85579633436595, ""success"": false, ""status"": 2, ""message"": ""Desired error not necessarily achieved due to precision loss."", ""nfev"": 77, ""njev"": 66, ""runtime_sec"": 0.6399491999909515, ""restart_from_identical_terminal_phase"": true}, {""segment_index"": 222, ""cumulative_start_iteration"": 25542, ""accepted_iterations"": 8, ""cumulative_end_iteration"": 25550, ""requested_remaining_iterations"": 4458, ""start_phase_content_id"": ""000000000000080f5ba864a0902d10a6"", ""terminal_phase_content_id"": ""000000000000080f2a58afc35e8410b0"", ""objective"": -35.45232067707051, ""gradient_norm"": 423.6145667517183, ""success"": false, ""status"": 2, ""message"": ""Desired error not necessarily achieved due to precision loss."", ""nfev"": 43, ""njev"": 31, ""runtime_sec"": 0.3842210000002524, ""restart_from_identical_terminal_phase"": true}, {""segment_index"": 223, ""cumulative_start_iteration"": 25550, ""accepted_iterations"": 13, ""cumulative_end_iteration"": 25563, ""requested_remaining_iterations"": 4450, ""start_phase_content_id"": ""000000000000080f2a58afc35e8410b0"", ""terminal_phase_content_id"": ""000000000000080f6739e8a1afef116b"", ""objective"": -35.45232074448982, ""gradient_norm"": 425.6030646511005, ""success"": false, ""status"": 2, ""message"": ""Desired error not necessarily achieved due to precision loss."", ""nfev"": 59, ""njev"": 47, ""runtime_sec"": 0.5098512999975355, ""restart_from_identical_terminal_phase"": true}, {""segment_index"": 224, ""cumulative_start_iteration"": 25563, ""accepted_iterations"": 8, ""cumulative_end_iteration"": 25571, ""requested_remaining_iterations"": 4437, ""start_phase_content_id"": ""000000000000080f6739e8a1afef116b"", ""terminal_phase_content_id"": ""000000000000080fcf9f2ffeda291ed8"", ""objective"": -35.45232082817455, ""gradient_norm"": 411.54723047136565, ""success"": false, ""status"": 2, ""message"": ""Desired error not necessarily achieved due to precision loss."", ""nfev"": 46, ""njev"": 34, ""runtime_sec"": 0.4019835999934003, ""restart_from_identical_terminal_phase"": true}, {""segment_index"": 225, ""cumulative_start_iteration"": 25571, ""accepted_iterations"": 14, ""cumulative_end_iteration"": 25585, ""requested_remaining_iterations"": 4429, ""start_phase_content_id"": ""000000000000080fcf9f2ffeda291ed8"", ""terminal_phase_content_id"": ""000000000000080fdebecb5c178113f7"", ""objective"": -35.4523209661814, ""gradient_norm"": 418.34962275111184, ""success"": false, ""status"": 2, ""message"": ""Desired error not necessarily achieved due to precision loss."", ""nfev"": 54, ""njev"": 42, ""runtime_sec"": 0.48453580000204965, ""restart_from_identical_terminal_phase"": true}, {""segment_index"": 226, ""cumulative_start_iteration"": 25585, ""accepted_iterations"": 8, ""cumulative_end_iteration"": 25593, ""requested_remaining_iterations"": 4415, ""start_phase_content_id"": ""000000000000080fdebecb5c178113f7"", ""terminal_phase_content_id"": ""000000000000080ff31f6fd2aa371e97"", ""objective"": -35.45232108550104, ""gradient_norm"": 409.9176935982355, ""success"": false, ""status"": 2, ""message"": ""Desired error not necessarily achieved due to precision loss."", ""nfev"": 48, ""njev"": 36, ""runtime_sec"": 0.42145110000274144, ""restart_from_identical_terminal_phase"": true}, {""segment_index"": 227, ""cumulative_start_iteration"": 25593, ""accepted_iterations"": 9, ""cumulative_end_iteration"": 25602, ""requested_remaining_iterations"": 4407, ""start_phase_content_id"": ""000000000000080ff31f6fd2aa371e97"", ""terminal_phase_content_id"": ""000000000000080f69582c6fe0b01434"", ""objective"": -35.452321189077836, ""gradient_norm"": 415.23703019072076, ""success"": false, ""status"": 2, ""message"": ""Desired error not necessarily achieved due to precision loss."", ""nfev"": 47, ""njev"": 35, ""runtime_sec"": 0.4322402000107104, ""restart_from_identical_terminal_phase"": true}, {""segment_index"": 228, ""cumulative_start_iteration"": 25602, ""accepted_iterations"": 9, ""cumulative_end_iteration"": 25611, ""requested_remaining_iterations"": 4398, ""start_phase_content_id"": ""000000000000080f69582c6fe0b01434"", ""terminal_phase_content_id"": ""000000000000080f313c938205ca0523"", ""objective"": -35.45232128155132, ""gradient_norm"": 413.68682030644203, ""success"": false, ""status"": 2, ""message"": ""Desired error not necessarily achieved due to precision loss."", ""nfev"": 51, ""njev"": 39, ""runtime_sec"": 0.4269246999901952, ""restart_from_identical_terminal_phase"": true}, {""segment_index"": 229, ""cumulative_start_iteration"": 25611, ""accepted_iterations"": 8, ""cumulative_end_iteration"": 25619, ""requested_remaining_iterations"": 4389, ""start_phase_content_id"": ""000000000000080f313c938205ca0523"", ""terminal_phase_content_id"": ""000000000000080f55c46a37f4a11b64"", ""objective"": -35.45232132898374, ""gradient_norm"": 408.344065307458, ""success"": false, ""status"": 2, ""message"": ""Desired error not necessarily achieved due to precision loss."", ""nfev"": 49, ""njev"": 37, ""runtime_sec"": 0.39435499999672174, ""restart_from_identical_terminal_phase"": true}, {""segment_index"": 230, ""cumulative_start_iteration"": 25619, ""accepted_iterations"": 11, ""cumulative_end_iteration"": 25630, ""requested_remaining_iterations"": 4381, ""start_phase_content_id"": ""000000000000080f55c46a37f4a11b64"", ""terminal_phase_content_id"": ""000000000000080fb268fd156448125d"", ""objective"": -35.452321444737194, ""gradient_norm"": 423.8463552585138, ""success"": false, ""status"": 2, ""message"": ""Desired error not necessarily achieved due to precision loss."", ""nfev"": 56, ""njev"": 44, ""runtime_sec"": 0.46012220000557136, ""restart_from_identical_terminal_phase"": true}, {""segment_index"": 231, ""cumulative_start_iteration"": 25630, ""accepted_iterations"": 10, ""cumulative_end_iteration"": 25640, ""requested_remaining_iterations"": 4370, ""start_phase_content_id"": ""000000000000080fb268fd156448125d"", ""terminal_phase_content_id"": ""000000000000080f29bee0d4f99009f1"", ""objective"": -35.452321567505976, ""gradient_norm"": 405.50845296751464, ""success"": false, ""status"": 2, ""message"": ""Desired error not necessarily achieved due to precision loss."", ""nfev"": 56, ""njev"": 44, ""runtime_sec"": 0.4747684999892954, ""restart_from_identical_terminal_phase"": true}, {""segment_index"": 232, ""cumulative_start_iteration"": 25640, ""accepted_iterations"": 11, ""cumulative_end_iteration"": 25651, ""requested_remaining_iterations"": 4360, ""start_phase_content_id"": ""000000000000080f29bee0d4f99009f1"", ""terminal_phase_content_id"": ""000000000000080f0cde0684f1a6098a"", ""objective"": -35.45232165575891, ""gradient_norm"": 441.92991257571316, ""success"": false, ""status"": 2, ""message"": ""Desired error not necessarily achieved due to precision loss."", ""nfev"": 51, ""njev"": 39, ""runtime_sec"": 0.41900100000202656, ""restart_from_identical_terminal_phase"": true}, {""segment_index"": 233, ""cumulative_start_iteration"": 25651, ""accepted_iterations"": 14, ""cumulative_end_iteration"": 25665, ""requested_remaining_iterations"": 4349, ""start_phase_content_id"": ""000000000000080f0cde0684f1a6098a"", ""terminal_phase_content_id"": ""000000000000080f589f5dca14d1fda7"", ""objective"": -35.4523217205969, ""gradient_norm"": 417.7546650313598, ""success"": false, ""status"": 2, ""message"": ""Desired error not necessarily achieved due to precision loss."", ""nfev"": 59, ""njev"": 47, ""runtime_sec"": 0.484728700001142, ""restart_from_identical_terminal_phase"": true}, {""segment_index"": 234, ""cumulative_start_iteration"": 25665, ""accepted_iterations"": 8, ""cumulative_end_iteration"": 25673, ""requested_remaining_iterations"": 4335, ""start_phase_content_id"": ""000000000000080f589f5dca14d1fda7"", ""terminal_phase_content_id"": ""000000000000080f7dce98dc4dea110e"", ""objective"": -35.45232176549885, ""gradient_norm"": 417.0961221820107, ""success"": false, ""status"": 2, ""message"": ""Desired error not necessarily achieved due to precision loss."", ""nfev"": 50, ""njev"": 38, ""runtime_sec"": 0.4077136999985669, ""restart_from_identical_terminal_phase"": true}, {""segment_index"": 235, ""cumulative_start_iteration"": 25673, ""accepted_iterations"": 9, ""cumulative_end_iteration"": 25682, ""requested_remaining_iterations"": 4327, ""start_phase_content_id"": ""000000000000080f7dce98dc4dea110e"", ""terminal_phase_content_id"": ""000000000000080f9dbde57606431d36"", ""objective"": -35.45232184159628, ""gradient_norm"": 431.13484092800155, ""success"": false, ""status"": 2, ""message"": ""Desired error not necessarily achieved due to precision loss."", ""nfev"": 42, ""njev"": 30, ""runtime_sec"": 0.34361330000683665, ""restart_from_identical_terminal_phase"": true}, {""segment_index"": 236, ""cumulative_start_iteration"": 25682, ""accepted_iterations"": 7, ""cumulative_end_iteration"": 25689, ""requested_remaining_iterations"": 4318, ""start_phase_content_id"": ""000000000000080f9dbde57606431d36"", ""terminal_phase_content_id"": ""000000000000080f51efc7d31ecf058a"", ""objective"": -35.452321928596376, ""gradient_norm"": 398.82717379898054, ""success"": false, ""status"": 2, ""message"": ""Desired error not necessarily achieved due to precision loss."", ""nfev"": 44, ""njev"": 32, ""runtime_sec"": 0.37255040000309236, ""restart_from_identical_terminal_phase"": true}, {""segment_index"": 237, ""cumulative_start_iteration"": 25689, ""accepted_iterations"": 9, ""cumulative_end_iteration"": 25698, ""requested_remaining_iterations"": 4311, ""start_phase_content_id"": ""000000000000080f51efc7d31ecf058a"", ""terminal_phase_content_id"": ""000000000000080f7f9d4e39983903ca"", ""objective"": -35.452321995128855, ""gradient_norm"": 430.46309082251497, ""success"": false, ""status"": 2, ""message"": ""Desired error not necessarily achieved due to precision loss."", ""nfev"": 48, ""njev"": 36, ""runtime_sec"": 0.39444960000400897, ""restart_from_identical_terminal_phase"": true}, {""segment_index"": 238, ""cumulative_start_iteration"": 25698, ""accepted_iterations"": 10, ""cumulative_end_iteration"": 25708, ""requested_remaining_iterations"": 4302, ""start_phase_content_id"": ""000000000000080f7f9d4e39983903ca"", ""terminal_phase_content_id"": ""000000000000080fbe69bfa4413b0fac"", ""objective"": -35.4523220756422, ""gradient_norm"": 427.37960050458463, ""success"": false, ""status"": 2, ""message"": ""Desired error not necessarily achieved due to precision loss."", ""nfev"": 48, ""njev"": 36, ""runtime_sec"": 0.3980068999953801, ""restart_from_identical_terminal_phase"": true}, {""segment_index"": 239, ""cumulative_start_iteration"": 25708, ""accepted_iterations"": 7, ""cumulative_end_iteration"": 25715, ""requested_remaining_iterations"": 4292, ""start_phase_content_id"": ""000000000000080fbe69bfa4413b0fac"", ""terminal_phase_content_id"": ""000000000000080f498f668b74e0192a"", ""objective"": -35.452322116814436, ""gradient_norm"": 424.54706729086985, ""success"": false, ""status"": 2, ""message"": ""Desired error not necessarily achieved due to precision loss."", ""nfev"": 43, ""njev"": 31, ""runtime_sec"": 0.34445449999475386, ""restart_from_identical_terminal_phase"": true}, {""segment_index"": 240, ""cumulative_start_iteration"": 25715, ""accepted_iterations"": 8, ""cumulative_end_iteration"": 25723, ""requested_remaining_iterations"": 4285, ""start_phase_content_id"": ""000000000000080f498f668b74e0192a"", ""terminal_phase_content_id"": ""000000000000080f0ceddbb4ad7e130d"", ""objective"": -35.45232215829051, ""gradient_norm"": 438.8853492934245, ""success"": false, ""status"": 2, ""message"": ""Desired error not necessarily achieved due to precision loss."", ""nfev"": 50, ""njev"": 38, ""runtime_sec"": 0.4069729000038933, ""restart_from_identical_terminal_phase"": true}, {""segment_index"": 241, ""cumulative_start_iteration"": 25723, ""accepted_iterations"": 10, ""cumulative_end_iteration"": 25733, ""requested_remaining_iterations"": 4277, ""start_phase_content_id"": ""000000000000080f0ceddbb4ad7e130d"", ""terminal_phase_content_id"": ""000000000000080f831b45cfdad4076f"", ""objective"": -35.45232222792037, ""gradient_norm"": 419.4807735809021, ""success"": false, ""status"": 2, ""message"": ""Desired error not necessarily achieved due to precision loss."", ""nfev"": 49, ""njev"": 37, ""runtime_sec"": 0.45359030000690836, ""restart_from_identical_terminal_phase"": true}, {""segment_index"": 242, ""cumulative_start_iteration"": 25733, ""accepted_iterations"": 8, ""cumulative_end_iteration"": 25741, ""requested_remaining_iterations"": 4267, ""start_phase_content_id"": ""000000000000080f831b45cfdad4076f"", ""terminal_phase_content_id"": ""000000000000080fe02bc492d99314d0"", ""objective"": -35.45232228082424, ""gradient_norm"": 388.2622706884021, ""success"": false, ""status"": 2, ""message"": ""Desired error not necessarily achieved due to precision loss."", ""nfev"": 45, ""njev"": 33, ""runtime_sec"": 0.3682933999953093, ""restart_from_identical_terminal_phase"": true}, {""segment_index"": 243, ""cumulative_start_iteration"": 25741, ""accepted_iterations"": 8, ""cumulative_end_iteration"": 25749, ""requested_remaining_iterations"": 4259, ""start_phase_content_id"": ""000000000000080fe02bc492d99314d0"", ""terminal_phase_content_id"": ""000000000000080f3809a679f4861d63"", ""objective"": -35.45232233291178, ""gradient_norm"": 444.5309731242369, ""success"": false, ""status"": 2, ""message"": ""Desired error not necessarily achieved due to precision loss."", ""nfev"": 52, ""njev"": 40, ""runtime_sec"": 0.42521809999016114, ""restart_from_identical_terminal_phase"": true}, {""segment_index"": 244, ""cumulative_start_iteration"": 25749, ""accepted_iterations"": 9, ""cumulative_end_iteration"": 25758, ""requested_remaining_iterations"": 4251, ""start_phase_content_id"": ""000000000000080f3809a679f4861d63"", ""terminal_phase_content_id"": ""000000000000080f251f3be06d6a1d08"", ""objective"": -35.45232237412553, ""gradient_norm"": 401.6306934238406, ""success"": false, ""status"": 2, ""message"": ""Desired error not necessarily achieved due to precision loss."", ""nfev"": 49, ""njev"": 37, ""runtime_sec"": 0.39757789998839144, ""restart_from_identical_terminal_phase"": true}, {""segment_index"": 245, ""cumulative_start_iteration"": 25758, ""accepted_iterations"": 18, ""cumulative_end_iteration"": 25776, ""requested_remaining_iterations"": 4242, ""start_phase_content_id"": ""000000000000080f251f3be06d6a1d08"", ""terminal_phase_content_id"": ""000000000000080f5868a10602dd128b"", ""objective"": -35.45232245063255, ""gradient_norm"": 434.4131902583569, ""success"": false, ""status"": 2, ""message"": ""Desired error not necessarily achieved due to precision loss."", ""nfev"": 71, ""njev"": 59, ""runtime_sec"": 0.5775833999941824, ""restart_from_identical_terminal_phase"": true}, {""segment_index"": 246, ""cumulative_start_iteration"": 25776, ""accepted_iterations"": 8, ""cumulative_end_iteration"": 25784, ""requested_remaining_iterations"": 4224, ""start_phase_content_id"": ""000000000000080f5868a10602dd128b"", ""terminal_phase_content_id"": ""000000000000080f3ef913de7a680d03"", ""objective"": -35.452322526043154, ""gradient_norm"": 388.4835415614464, ""success"": false, ""status"": 2, ""message"": ""Desired error not necessarily achieved due to precision loss."", ""nfev"": 49, ""njev"": 37, ""runtime_sec"": 0.4017716000089422, ""restart_from_identical_terminal_phase"": true}, {""segment_index"": 247, ""cumulative_start_iteration"": 25784, ""accepted_iterations"": 10, ""cumulative_end_iteration"": 25794, ""requested_remaining_iterations"": 4216, ""start_phase_content_id"": ""000000000000080f3ef913de7a680d03"", ""terminal_phase_content_id"": ""000000000000080fe436e2a29dbd14b2"", ""objective"": -35.452322589327345, ""gradient_norm"": 410.4179156060716, ""success"": false, ""status"": 2, ""message"": ""Desired error not necessarily achieved due to precision loss."", ""nfev"": 76, ""njev"": 61, ""runtime_sec"": 0.6172414000029676, ""restart_from_identical_terminal_phase"": true}, {""segment_index"": 248, ""cumulative_start_iteration"": 25794, ""accepted_iterations"": 9, ""cumulative_end_iteration"": 25803, ""requested_remaining_iterations"": 4206, ""start_phase_content_id"": ""000000000000080fe436e2a29dbd14b2"", ""terminal_phase_content_id"": ""000000000000080f0cc46be8e44319c5"", ""objective"": -35.45232266555701, ""gradient_norm"": 423.80824455865246, ""success"": false, ""status"": 2, ""message"": ""Desired error not necessarily achieved due to precision loss."", ""nfev"": 48, ""njev"": 36, ""runtime_sec"": 0.39203550000092946, ""restart_from_identical_terminal_phase"": true}, {""segment_index"": 249, ""cumulative_start_iteration"": 25803, ""accepted_iterations"": 7, ""cumulative_end_iteration"": 25810, ""requested_remaining_iterations"": 4197, ""start_phase_content_id"": ""000000000000080f0cc46be8e44319c5"", ""terminal_phase_content_id"": ""000000000000080f18ff15857361017f"", ""objective"": -35.452322723606386, ""gradient_norm"": 410.4302470390973, ""success"": false, ""status"": 2, ""message"": ""Desired error not necessarily achieved due to precision loss."", ""nfev"": 45, ""njev"": 33, ""runtime_sec"": 0.37410270000691526, ""restart_from_identical_terminal_phase"": true}, {""segment_index"": 250, ""cumulative_start_iteration"": 25810, ""accepted_iterations"": 7, ""cumulative_end_iteration"": 25817, ""requested_remaining_iterations"": 4190, ""start_phase_content_id"": ""000000000000080f18ff15857361017f"", ""terminal_phase_content_id"": ""000000000000080f6355912f94921b18"", ""objective"": -35.452322819074034, ""gradient_norm"": 445.1948900585817, ""success"": false, ""status"": 2, ""message"": ""Desired error not necessarily achieved due to precision loss."", ""nfev"": 40, ""njev"": 28, ""runtime_sec"": 0.32942130000446923, ""restart_from_identical_terminal_phase"": true}, {""segment_index"": 251, ""cumulative_start_iteration"": 25817, ""accepted_iterations"": 7, ""cumulative_end_iteration"": 25824, ""requested_remaining_iterations"": 4183, ""start_phase_content_id"": ""000000000000080f6355912f94921b18"", ""terminal_phase_content_id"": ""000000000000080f1d05319766d523fc"", ""objective"": -35.45232284286412, ""gradient_norm"": 407.1284262856384, ""success"": false, ""status"": 2, ""message"": ""Desired error not necessarily achieved due to precision loss."", ""nfev"": 42, ""njev"": 30, ""runtime_sec"": 0.34529089998977724, ""restart_from_identical_terminal_phase"": true}, {""segment_index"": 252, ""cumulative_start_iteration"": 25824, ""accepted_iterations"": 7, ""cumulative_end_iteration"": 25831, ""requested_remaining_iterations"": 4176, ""start_phase_content_id"": ""000000000000080f1d05319766d523fc"", ""terminal_phase_content_id"": ""000000000000080fcf0098889dc61487"", ""objective"": -35.45232285911795, ""gradient_norm"": 383.8067779180664, ""success"": false, ""status"": 2, ""message"": ""Desired error not necessarily achieved due to precision loss."", ""nfev"": 45, ""njev"": 33, ""runtime_sec"": 0.37155949999578297, ""restart_from_identical_terminal_phase"": true}, {""segment_index"": 253, ""cumulative_start_iteration"": 25831, ""accepted_iterations"": 7, ""cumulative_end_iteration"": 25838, ""requested_remaining_iterations"": 4169, ""start_phase_content_id"": ""000000000000080fcf0098889dc61487"", ""terminal_phase_content_id"": ""000000000000080f4198a99c6be92861"", ""objective"": -35.452322878480906, ""gradient_norm"": 412.45269700256694, ""success"": false, ""status"": 2, ""message"": ""Desired error not necessarily achieved due to precision loss."", ""nfev"": 48, ""njev"": 36, ""runtime_sec"": 0.38465130000258796, ""restart_from_identical_terminal_phase"": true}, {""segment_index"": 254, ""cumulative_start_iteration"": 25838, ""accepted_iterations"": 10, ""cumulative_end_iteration"": 25848, ""requested_remaining_iterations"": 4162, ""start_phase_content_id"": ""000000000000080f4198a99c6be92861"", ""terminal_phase_content_id"": ""000000000000080fe87159ffbee214a7"", ""objective"": -35.45232290491159, ""gradient_norm"": 393.07254808199036, ""success"": false, ""status"": 2, ""message"": ""Desired error not necessarily achieved due to precision loss."", ""nfev"": 60, ""njev"": 48, ""runtime_sec"": 0.4829077999893343, ""restart_from_identical_terminal_phase"": true}, {""segment_index"": 255, ""cumulative_start_iteration"": 25848, ""accepted_iterations"": 10, ""cumulative_end_iteration"": 25858, ""requested_remaining_iterations"": 4152, ""start_phase_content_id"": ""000000000000080fe87159ffbee214a7"", ""terminal_phase_content_id"": ""000000000000080f0392555e2ae40ebf"", ""objective"": -35.452322946315334, ""gradient_norm"": 420.88252802429776, ""success"": false, ""status"": 2, ""message"": ""Desired error not necessarily achieved due to precision loss."", ""nfev"": 58, ""njev"": 46, ""runtime_sec"": 0.4591391999856569, ""restart_from_identical_terminal_phase"": true}, {""segment_index"": 256, ""cumulative_start_iteration"": 25858, ""accepted_iterations"": 8, ""cumulative_end_iteration"": 25866, ""requested_remaining_iterations"": 4142, ""start_phase_content_id"": ""000000000000080f0392555e2ae40ebf"", ""terminal_phase_content_id"": ""000000000000080f88d357851df90812"", ""objective"": -35.452323013084104, ""gradient_norm"": 390.78434419445864, ""success"": false, ""status"": 2, ""message"": ""Desired error not necessarily achieved due to precision loss."", ""nfev"": 44, ""njev"": 32, ""runtime_sec"": 0.35903540000435896, ""restart_from_identical_terminal_phase"": true}, {""segment_index"": 257, ""cumulative_start_iteration"": 25866, ""accepted_iterations"": 8, ""cumulative_end_iteration"": 25874, ""requested_remaining_iterations"": 4134, ""start_phase_content_id"": ""000000000000080f88d357851df90812"", ""terminal_phase_content_id"": ""000000000000080f363f4677369e0eea"", ""objective"": -35.452323076054995, ""gradient_norm"": 402.89149510778213, ""success"": false, ""status"": 2, ""message"": ""Desired error not necessarily achieved due to precision loss."", ""nfev"": 48, ""njev"": 36, ""runtime_sec"": 0.38761930000327993, ""restart_from_identical_terminal_phase"": true}, {""segment_index"": 258, ""cumulative_start_iteration"": 25874, ""accepted_iterations"": 9, ""cumulative_end_iteration"": 25883, ""requested_remaining_iterations"": 4126, ""start_phase_content_id"": ""000000000000080f363f4677369e0eea"", ""terminal_phase_content_id"": ""000000000000080f9fa1f2ec460c1d83"", ""objective"": -35.45232313167869, ""gradient_norm"": 411.3021223501516, ""success"": false, ""status"": 2, ""message"": ""Desired error not necessarily achieved due to precision loss."", ""nfev"": 47, ""njev"": 35, ""runtime_sec"": 0.37934620000305586, ""restart_from_identical_terminal_phase"": true}, {""segment_index"": 259, ""cumulative_start_iteration"": 25883, ""accepted_iterations"": 9, ""cumulative_end_iteration"": 25892, ""requested_remaining_iterations"": 4117, ""start_phase_content_id"": ""000000000000080f9fa1f2ec460c1d83"", ""terminal_phase_content_id"": ""000000000000080fdae2ccfc548121e3"", ""objective"": -35.45232319190152, ""gradient_norm"": 404.74049543518805, ""success"": false, ""status"": 2, ""message"": ""Desired error not necessarily achieved due to precision loss."", ""nfev"": 45, ""njev"": 33, ""runtime_sec"": 0.36715629999525845, ""restart_from_identical_terminal_phase"": true}, {""segment_index"": 260, ""cumulative_start_iteration"": 25892, ""accepted_iterations"": 7, ""cumulative_end_iteration"": 25899, ""requested_remaining_iterations"": 4108, ""start_phase_content_id"": ""000000000000080fdae2ccfc548121e3"", ""terminal_phase_content_id"": ""000000000000080f88db68d3f982161b"", ""objective"": -35.45232326823987, ""gradient_norm"": 421.73879201435267, ""success"": false, ""status"": 2, ""message"": ""Desired error not necessarily achieved due to precision loss."", ""nfev"": 45, ""njev"": 33, ""runtime_sec"": 0.3621872999938205, ""restart_from_identical_terminal_phase"": true}, {""segment_index"": 261, ""cumulative_start_iteration"": 25899, ""accepted_iterations"": 6, ""cumulative_end_iteration"": 25905, ""requested_remaining_iterations"": 4101, ""start_phase_content_id"": ""000000000000080f88db68d3f982161b"", ""terminal_phase_content_id"": ""000000000000080f2af7ad40bd2c1661"", ""objective"": -35.452323274253, ""gradient_norm"": 443.7026550499464, ""success"": false, ""status"": 2, ""message"": ""Desired error not necessarily achieved due to precision loss."", ""nfev"": 70, ""njev"": 60, ""runtime_sec"": 0.5529083000001265, ""restart_from_identical_terminal_phase"": true}, {""segment_index"": 262, ""cumulative_start_iteration"": 25905, ""accepted_iterations"": 7, ""cumulative_end_iteration"": 25912, ""requested_remaining_iterations"": 4095, ""start_phase_content_id"": ""000000000000080f2af7ad40bd2c1661"", ""terminal_phase_content_id"": ""000000000000080fc9382964be452356"", ""objective"": -35.45232328774688, ""gradient_norm"": 431.3124192025018, ""success"": false, ""status"": 2, ""message"": ""Desired error not necessarily achieved due to precision loss."", ""nfev"": 42, ""njev"": 30, ""runtime_sec"": 0.34473440000147093, ""restart_from_identical_terminal_phase"": true}, {""segment_index"": 263, ""cumulative_start_iteration"": 25912, ""accepted_iterations"": 8, ""cumulative_end_iteration"": 25920, ""requested_remaining_iterations"": 4088, ""start_phase_content_id"": ""000000000000080fc9382964be452356"", ""terminal_phase_content_id"": ""000000000000080fcad8f77c53681fc9"", ""objective"": -35.452323311006445, ""gradient_norm"": 385.9466086607783, ""success"": false, ""status"": 2, ""message"": ""Desired error not necessarily achieved due to precision loss."", ""nfev"": 47, ""njev"": 35, ""runtime_sec"": 0.38580329999967944, ""restart_from_identical_terminal_phase"": true}, {""segment_index"": 264, ""cumulative_start_iteration"": 25920, ""accepted_iterations"": 8, ""cumulative_end_iteration"": 25928, ""requested_remaining_iterations"": 4080, ""start_phase_content_id"": ""000000000000080fcad8f77c53681fc9"", ""terminal_phase_content_id"": ""000000000000080f7898eed25197198d"", ""objective"": -35.45232333989555, ""gradient_norm"": 419.2417650949028, ""success"": false, ""status"": 2, ""message"": ""Desired error not necessarily achieved due to precision loss."", ""nfev"": 91, ""njev"": 75, ""runtime_sec"": 0.713283599994611, ""restart_from_identical_terminal_phase"": true}, {""segment_index"": 265, ""cumulative_start_iteration"": 25928, ""accepted_iterations"": 7, ""cumulative_end_iteration"": 25935, ""requested_remaining_iterations"": 4072, ""start_phase_content_id"": ""000000000000080f7898eed25197198d"", ""terminal_phase_content_id"": ""000000000000080fdc73c0cec19c24ca"", ""objective"": -35.45232337198481, ""gradient_norm"": 408.1235226913133, ""success"": false, ""status"": 2, ""message"": ""Desired error not necessarily achieved due to precision loss."", ""nfev"": 45, ""njev"": 33, ""runtime_sec"": 0.3688891999918269, ""restart_from_identical_terminal_phase"": true}, {""segment_index"": 266, ""cumulative_start_iteration"": 25935, ""accepted_iterations"": 10, ""cumulative_end_iteration"": 25945, ""requested_remaining_iterations"": 4065, ""start_phase_content_id"": ""000000000000080fdc73c0cec19c24ca"", ""terminal_phase_content_id"": ""000000000000080f2eba06803fd9315f"", ""objective"": -35.45232340964566, ""gradient_norm"": 434.095044566991, ""success"": false, ""status"": 2, ""message"": ""Desired error not necessarily achieved due to precision loss."", ""nfev"": 49, ""njev"": 37, ""runtime_sec"": 0.41381310000724625, ""restart_from_identical_terminal_phase"": true}, {""segment_index"": 267, ""cumulative_start_iteration"": 25945, ""accepted_iterations"": 11, ""cumulative_end_iteration"": 25956, ""requested_remaining_iterations"": 4055, ""start_phase_content_id"": ""000000000000080f2eba06803fd9315f"", ""terminal_phase_content_id"": ""000000000000080f9b10e30eaaaa19a8"", ""objective"": -35.452323473273175, ""gradient_norm"": 385.4989174810741, ""success"": false, ""status"": 2, ""message"": ""Desired error not necessarily achieved due to precision loss."", ""nfev"": 53, ""njev"": 41, ""runtime_sec"": 0.4332834999950137, ""restart_from_identical_terminal_phase"": true}, {""segment_index"": 268, ""cumulative_start_iteration"": 25956, ""accepted_iterations"": 7, ""cumulative_end_iteration"": 25963, ""requested_remaining_iterations"": 4044, ""start_phase_content_id"": ""000000000000080f9b10e30eaaaa19a8"", ""terminal_phase_content_id"": ""000000000000080fd83a388a0d5917e3"", ""objective"": -35.45232352954603, ""gradient_norm"": 405.98081313243756, ""success"": false, ""status"": 2, ""message"": ""Desired error not necessarily achieved due to precision loss."", ""nfev"": 44, ""njev"": 32, ""runtime_sec"": 0.35365199999068864, ""restart_from_identical_terminal_phase"": true}, {""segment_index"": 269, ""cumulative_start_iteration"": 25963, ""accepted_iterations"": 9, ""cumulative_end_iteration"": 25972, ""requested_remaining_iterations"": 4037, ""start_phase_content_id"": ""000000000000080fd83a388a0d5917e3"", ""terminal_phase_content_id"": ""000000000000080f6bdb9150e6f1182d"", ""objective"": -35.45232357904433, ""gradient_norm"": 409.0845446509932, ""success"": false, ""status"": 2, ""message"": ""Desired error not necessarily achieved due to precision loss."", ""nfev"": 47, ""njev"": 35, ""runtime_sec"": 0.3801298000034876, ""restart_from_identical_terminal_phase"": true}, {""segment_index"": 270, ""cumulative_start_iteration"": 25972, ""accepted_iterations"": 8, ""cumulative_end_iteration"": 25980, ""requested_remaining_iterations"": 4028, ""start_phase_content_id"": ""000000000000080f6bdb9150e6f1182d"", ""terminal_phase_content_id"": ""000000000000080fec549a4e6f8d08f3"", ""objective"": -35.452323635952425, ""gradient_norm"": 417.52982296563863, ""success"": false, ""status"": 2, ""message"": ""Desired error not necessarily achieved due to precision loss."", ""nfev"": 44, ""njev"": 32, ""runtime_sec"": 0.3642820999957621, ""restart_from_identical_terminal_phase"": true}, {""segment_index"": 271, ""cumulative_start_iteration"": 25980, ""accepted_iterations"": 9, ""cumulative_end_iteration"": 25989, ""requested_remaining_iterations"": 4020, ""start_phase_content_id"": ""000000000000080fec549a4e6f8d08f3"", ""terminal_phase_content_id"": ""000000000000080f05232637140c1e8b"", ""objective"": -35.45232371919769, ""gradient_norm"": 378.93356467666473, ""success"": false, ""status"": 2, ""message"": ""Desired error not necessarily achieved due to precision loss."", ""nfev"": 45, ""njev"": 33, ""runtime_sec"": 0.36596969999664, ""restart_from_identical_terminal_phase"": true}, {""segment_index"": 272, ""cumulative_start_iteration"": 25989, ""accepted_iterations"": 7, ""cumulative_end_iteration"": 25996, ""requested_remaining_iterations"": 4011, ""start_phase_content_id"": ""000000000000080f05232637140c1e8b"", ""terminal_phase_content_id"": ""000000000000080f0a70ab18155f146d"", ""objective"": -35.45232374372218, ""gradient_norm"": 423.32832445585166, ""success"": false, ""status"": 2, ""message"": ""Desired error not necessarily achieved due to precision loss."", ""nfev"": 45, ""njev"": 33, ""runtime_sec"": 0.3634650000021793, ""restart_from_identical_terminal_phase"": true}, {""segment_index"": 273, ""cumulative_start_iteration"": 25996, ""accepted_iterations"": 13, ""cumulative_end_iteration"": 26009, ""requested_remaining_iterations"": 4004, ""start_phase_content_id"": ""000000000000080f0a70ab18155f146d"", ""terminal_phase_content_id"": ""000000000000080f67960ef2675d2179"", ""objective"": -35.452323790914235, ""gradient_norm"": 426.6485428202604, ""success"": false, ""status"": 2, ""message"": ""Desired error not necessarily achieved due to precision loss."", ""nfev"": 56, ""njev"": 44, ""runtime_sec"": 0.4593117999902461, ""restart_from_identical_terminal_phase"": true}, {""segment_index"": 274, ""cumulative_start_iteration"": 26009, ""accepted_iterations"": 17, ""cumulative_end_iteration"": 26026, ""requested_remaining_iterations"": 3991, ""start_phase_content_id"": ""000000000000080f67960ef2675d2179"", ""terminal_phase_content_id"": ""000000000000080f8dbdcc107da607a8"", ""objective"": -35.45232391063688, ""gradient_norm"": 400.1117973765442, ""success"": false, ""status"": 2, ""message"": ""Desired error not necessarily achieved due to precision loss."", ""nfev"": 61, ""njev"": 49, ""runtime_sec"": 0.5061614000005648, ""restart_from_identical_terminal_phase"": true}, {""segment_index"": 275, ""cumulative_start_iteration"": 26026, ""accepted_iterations"": 9, ""cumulative_end_iteration"": 26035, ""requested_remaining_iterations"": 3974, ""start_phase_content_id"": ""000000000000080f8dbdcc107da607a8"", ""terminal_phase_content_id"": ""000000000000080fe8477674dbd50f24"", ""objective"": -35.4523239887316, ""gradient_norm"": 395.6026836931063, ""success"": false, ""status"": 2, ""message"": ""Desired error not necessarily achieved due to precision loss."", ""nfev"": 46, ""njev"": 34, ""runtime_sec"": 0.37391890000435524, ""restart_from_identical_terminal_phase"": true}, {""segment_index"": 276, ""cumulative_start_iteration"": 26035, ""accepted_iterations"": 8, ""cumulative_end_iteration"": 26043, ""requested_remaining_iterations"": 3965, ""start_phase_content_id"": ""000000000000080fe8477674dbd50f24"", ""terminal_phase_content_id"": ""000000000000080fb3b4c60ba7170a06"", ""objective"": -35.45232405025267, ""gradient_norm"": 383.2268570944449, ""success"": false, ""status"": 2, ""message"": ""Desired error not necessarily achieved due to precision loss."", ""nfev"": 45, ""njev"": 33, ""runtime_sec"": 0.36871249999967404, ""restart_from_identical_terminal_phase"": true}, {""segment_index"": 277, ""cumulative_start_iteration"": 26043, ""accepted_iterations"": 18, ""cumulative_end_iteration"": 26061, ""requested_remaining_iterations"": 3957, ""start_phase_content_id"": ""000000000000080fb3b4c60ba7170a06"", ""terminal_phase_content_id"": ""000000000000080fef07ffd5ff89082f"", ""objective"": -35.45232415054035, ""gradient_norm"": 356.0763766964753, ""success"": false, ""status"": 2, ""message"": ""Desired error not necessarily achieved due to precision loss."", ""nfev"": 76, ""njev"": 64, ""runtime_sec"": 0.6201045999914641, ""restart_from_identical_terminal_phase"": true}, {""segment_index"": 278, ""cumulative_start_iteration"": 26061, ""accepted_iterations"": 8, ""cumulative_end_iteration"": 26069, ""requested_remaining_iterations"": 3939, ""start_phase_content_id"": ""000000000000080fef07ffd5ff89082f"", ""terminal_phase_content_id"": ""000000000000080fc68895acd9a71695"", ""objective"": -35.452324186994936, ""gradient_norm"": 431.23121758230576, ""success"": false, ""status"": 2, ""message"": ""Desired error not necessarily achieved due to precision loss."", ""nfev"": 46, ""njev"": 34, ""runtime_sec"": 0.37116699999023695, ""restart_from_identical_terminal_phase"": true}, {""segment_index"": 279, ""cumulative_start_iteration"": 26069, ""accepted_iterations"": 8, ""cumulative_end_iteration"": 26077, ""requested_remaining_iterations"": 3931, ""start_phase_content_id"": ""000000000000080fc68895acd9a71695"", ""terminal_phase_content_id"": ""000000000000080f8ef6515674c91de7"", ""objective"": -35.45232422773883, ""gradient_norm"": 416.01969999498914, ""success"": false, ""status"": 2, ""message"": ""Desired error not necessarily achieved due to precision loss."", ""nfev"": 46, ""njev"": 34, ""runtime_sec"": 0.37568779999855906, ""restart_from_identical_terminal_phase"": true}, {""segment_index"": 280, ""cumulative_start_iteration"": 26077, ""accepted_iterations"": 8, ""cumulative_end_iteration"": 26085, ""requested_remaining_iterations"": 3923, ""start_phase_content_id"": ""000000000000080f8ef6515674c91de7"", ""terminal_phase_content_id"": ""000000000000080fa15126ccf38019fa"", ""objective"": -35.45232428531234, ""gradient_norm"": 409.74690261355323, ""success"": false, ""status"": 2, ""message"": ""Desired error not necessarily achieved due to precision loss."", ""nfev"": 48, ""njev"": 36, ""runtime_sec"": 0.38880909999716096, ""restart_from_identical_terminal_phase"": true}, {""segment_index"": 281, ""cumulative_start_iteration"": 26085, ""accepted_iterations"": 10, ""cumulative_end_iteration"": 26095, ""requested_remaining_iterations"": 3915, ""start_phase_content_id"": ""000000000000080fa15126ccf38019fa"", ""terminal_phase_content_id"": ""000000000000080f6098a3b17d4b1cc5"", ""objective"": -35.45232434255695, ""gradient_norm"": 417.08181164546716, ""success"": false, ""status"": 2, ""message"": ""Desired error not necessarily achieved due to precision loss."", ""nfev"": 47, ""njev"": 35, ""runtime_sec"": 0.389778099997784, ""restart_from_identical_terminal_phase"": true}, {""segment_index"": 282, ""cumulative_start_iteration"": 26095, ""accepted_iterations"": 8, ""cumulative_end_iteration"": 26103, ""requested_remaining_iterations"": 3905, ""start_phase_content_id"": ""000000000000080f6098a3b17d4b1cc5"", ""terminal_phase_content_id"": ""000000000000080f939e50a0d76e1ff1"", ""objective"": -35.45232444112314, ""gradient_norm"": 415.3258239568603, ""success"": false, ""status"": 2, ""message"": ""Desired error not necessarily achieved due to precision loss."", ""nfev"": 49, ""njev"": 37, ""runtime_sec"": 0.4000535000086529, ""restart_from_identical_terminal_phase"": true}, {""segment_index"": 283, ""cumulative_start_iteration"": 26103, ""accepted_iterations"": 8, ""cumulative_end_iteration"": 26111, ""requested_remaining_iterations"": 3897, ""start_phase_content_id"": ""000000000000080f939e50a0d76e1ff1"", ""terminal_phase_content_id"": ""000000000000080ff6288c605572fc6b"", ""objective"": -35.452324503900854, ""gradient_norm"": 432.9903834342267, ""success"": false, ""status"": 2, ""message"": ""Desired error not necessarily achieved due to precision loss."", ""nfev"": 44, ""njev"": 32, ""runtime_sec"": 0.3561978000070667, ""restart_from_identical_terminal_phase"": true}, {""segment_index"": 284, ""cumulative_start_iteration"": 26111, ""accepted_iterations"": 7, ""cumulative_end_iteration"": 26118, ""requested_remaining_iterations"": 3889, ""start_phase_content_id"": ""000000000000080ff6288c605572fc6b"", ""terminal_phase_content_id"": ""000000000000080f7ead27a03acc1747"", ""objective"": -35.45232456678316, ""gradient_norm"": 382.875191240815, ""success"": false, ""status"": 2, ""message"": ""Desired error not necessarily achieved due to precision loss."", ""nfev"": 44, ""njev"": 32, ""runtime_sec"": 0.35995549999643117, ""restart_from_identical_terminal_phase"": true}, {""segment_index"": 285, ""cumulative_start_iteration"": 26118, ""accepted_iterations"": 8, ""cumulative_end_iteration"": 26126, ""requested_remaining_iterations"": 3882, ""start_phase_content_id"": ""000000000000080f7ead27a03acc1747"", ""terminal_phase_content_id"": ""000000000000080f7fd08a62619a091a"", ""objective"": -35.45232461049713, ""gradient_norm"": 418.56839976006074, ""success"": false, ""status"": 2, ""message"": ""Desired error not necessarily achieved due to precision loss."", ""nfev"": 47, ""njev"": 35, ""runtime_sec"": 0.38431099998706486, ""restart_from_identical_terminal_phase"": true}, {""segment_index"": 286, ""cumulative_start_iteration"": 26126, ""accepted_iterations"": 7, ""cumulative_end_iteration"": 26133, ""requested_remaining_iterations"": 3874, ""start_phase_content_id"": ""000000000000080f7fd08a62619a091a"", ""terminal_phase_content_id"": ""000000000000080fd89e83ac3b840bc9"", ""objective"": -35.45232463416177, ""gradient_norm"": 405.7393806192586, ""success"": false, ""status"": 2, ""message"": ""Desired error not necessarily achieved due to precision loss."", ""nfev"": 52, ""njev"": 40, ""runtime_sec"": 0.4152717999968445, ""restart_from_identical_terminal_phase"": true}, {""segment_index"": 287, ""cumulative_start_iteration"": 26133, ""accepted_iterations"": 12, ""cumulative_end_iteration"": 26145, ""requested_remaining_iterations"": 3867, ""start_phase_content_id"": ""000000000000080fd89e83ac3b840bc9"", ""terminal_phase_content_id"": ""000000000000080fdf6163c958aa13e6"", ""objective"": -35.45232467198478, ""gradient_norm"": 377.9965139885094, ""success"": false, ""status"": 2, ""message"": ""Desired error not necessarily achieved due to precision loss."", ""nfev"": 52, ""njev"": 40, ""runtime_sec"": 0.4241520999930799, ""restart_from_identical_terminal_phase"": true}, {""segment_index"": 288, ""cumulative_start_iteration"": 26145, ""accepted_iterations"": 13, ""cumulative_end_iteration"": 26158, ""requested_remaining_iterations"": 3855, ""start_phase_content_id"": ""000000000000080fdf6163c958aa13e6"", ""terminal_phase_content_id"": ""000000000000080f0fb8cd5318ad20ea"", ""objective"": -35.45232473237855, ""gradient_norm"": 394.24494631552034, ""success"": false, ""status"": 2, ""message"": ""Desired error not necessarily achieved due to precision loss."", ""nfev"": 53, ""njev"": 41, ""runtime_sec"": 0.43339950000518, ""restart_from_identical_terminal_phase"": true}, {""segment_index"": 289, ""cumulative_start_iteration"": 26158, ""accepted_iterations"": 11, ""cumulative_end_iteration"": 26169, ""requested_remaining_iterations"": 3842, ""start_phase_content_id"": ""000000000000080f0fb8cd5318ad20ea"", ""terminal_phase_content_id"": ""000000000000080f4e594e2858c91459"", ""objective"": -35.452324799461714, ""gradient_norm"": 421.4397144509317, ""success"": false, ""status"": 2, ""message"": ""Desired error not necessarily achieved due to precision loss."", ""nfev"": 51, ""njev"": 39, ""runtime_sec"": 0.4146687999891583, ""restart_from_identical_terminal_phase"": true}, {""segment_index"": 290, ""cumulative_start_iteration"": 26169, ""accepted_iterations"": 10, ""cumulative_end_iteration"": 26179, ""requested_remaining_iterations"": 3831, ""start_phase_content_id"": ""000000000000080f4e594e2858c91459"", ""terminal_phase_content_id"": ""000000000000080f6574a2cffa2f182e"", ""objective"": -35.4523248944176, ""gradient_norm"": 427.316377763072, ""success"": false, ""status"": 2, ""message"": ""Desired error not necessarily achieved due to precision loss."", ""nfev"": 52, ""njev"": 40, ""runtime_sec"": 0.42181129999517, ""restart_from_identical_terminal_phase"": true}, {""segment_index"": 291, ""cumulative_start_iteration"": 26179, ""accepted_iterations"": 8, ""cumulative_end_iteration"": 26187, ""requested_remaining_iterations"": 3821, ""start_phase_content_id"": ""000000000000080f6574a2cffa2f182e"", ""terminal_phase_content_id"": ""000000000000080f36c56024170e2092"", ""objective"": -35.452325006525335, ""gradient_norm"": 412.6041961886819, ""success"": false, ""status"": 2, ""message"": ""Desired error not necessarily achieved due to precision loss."", ""nfev"": 46, ""njev"": 34, ""runtime_sec"": 0.3723692000057781, ""restart_from_identical_terminal_phase"": true}, {""segment_index"": 292, ""cumulative_start_iteration"": 26187, ""accepted_iterations"": 19, ""cumulative_end_iteration"": 26206, ""requested_remaining_iterations"": 3813, ""start_phase_content_id"": ""000000000000080f36c56024170e2092"", ""terminal_phase_content_id"": ""000000000000080f9880102ce303163e"", ""objective"": -35.45232510150049, ""gradient_norm"": 405.7339779703167, ""success"": false, ""status"": 2, ""message"": ""Desired error not necessarily achieved due to precision loss."", ""nfev"": 69, ""njev"": 57, ""runtime_sec"": 0.5651049000007333, ""restart_from_identical_terminal_phase"": true}, {""segment_index"": 293, ""cumulative_start_iteration"": 26206, ""accepted_iterations"": 11, ""cumulative_end_iteration"": 26217, ""requested_remaining_iterations"": 3794, ""start_phase_content_id"": ""000000000000080f9880102ce303163e"", ""terminal_phase_content_id"": ""000000000000080fbbcee98f129f038f"", ""objective"": -35.452325165596754, ""gradient_norm"": 437.5941881936043, ""success"": false, ""status"": 2, ""message"": ""Desired error not necessarily achieved due to precision loss."", ""nfev"": 48, ""njev"": 36, ""runtime_sec"": 0.39162120000401046, ""restart_from_identical_terminal_phase"": true}, {""segment_index"": 294, ""cumulative_start_iteration"": 26217, ""accepted_iterations"": 8, ""cumulative_end_iteration"": 26225, ""requested_remaining_iterations"": 3783, ""start_phase_content_id"": ""000000000000080fbbcee98f129f038f"", ""terminal_phase_content_id"": ""000000000000080f3985fd4206f40955"", ""objective"": -35.45232522357303, ""gradient_norm"": 426.9315410716235, ""success"": false, ""status"": 2, ""message"": ""Desired error not necessarily achieved due to precision loss."", ""nfev"": 46, ""njev"": 34, ""runtime_sec"": 0.38040389999514446, ""restart_from_identical_terminal_phase"": true}, {""segment_index"": 295, ""cumulative_start_iteration"": 26225, ""accepted_iterations"": 8, ""cumulative_end_iteration"": 26233, ""requested_remaining_iterations"": 3775, ""start_phase_content_id"": ""000000000000080f3985fd4206f40955"", ""terminal_phase_content_id"": ""000000000000080ff057d1ca5f5a0ffd"", ""objective"": -35.45232525731886, ""gradient_norm"": 438.6107175230745, ""success"": false, ""status"": 2, ""message"": ""Desired error not necessarily achieved due to precision loss."", ""nfev"": 44, ""njev"": 32, ""runtime_sec"": 0.3614261000038823, ""restart_from_identical_terminal_phase"": true}, {""segment_index"": 296, ""cumulative_start_iteration"": 26233, ""accepted_iterations"": 8, ""cumulative_end_iteration"": 26241, ""requested_remaining_iterations"": 3767, ""start_phase_content_id"": ""000000000000080ff057d1ca5f5a0ffd"", ""terminal_phase_content_id"": ""000000000000080fed94bc9f13131b49"", ""objective"": -35.452325329614055, ""gradient_norm"": 412.4013537063626, ""success"": false, ""status"": 2, ""message"": ""Desired error not necessarily achieved due to precision loss."", ""nfev"": 89, ""njev"": 72, ""runtime_sec"": 0.7101684999943245, ""restart_from_identical_terminal_phase"": true}, {""segment_index"": 297, ""cumulative_start_iteration"": 26241, ""accepted_iterations"": 12, ""cumulative_end_iteration"": 26253, ""requested_remaining_iterations"": 3759, ""start_phase_content_id"": ""000000000000080fed94bc9f13131b49"", ""terminal_phase_content_id"": ""000000000000080f0934bf2a4e430cef"", ""objective"": -35.45232537307714, ""gradient_norm"": 422.31617067050917, ""success"": false, ""status"": 2, ""message"": ""Desired error not necessarily achieved due to precision loss."", ""nfev"": 85, ""njev"": 68, ""runtime_sec"": 0.6779971000069054, ""restart_from_identical_terminal_phase"": true}, {""segment_index"": 298, ""cumulative_start_iteration"": 26253, ""accepted_iterations"": 10, ""cumulative_end_iteration"": 26263, ""requested_remaining_iterations"": 3747, ""start_phase_content_id"": ""000000000000080f0934bf2a4e430cef"", ""terminal_phase_content_id"": ""000000000000080f07aa9aa72c801b61"", ""objective"": -35.45232542567932, ""gradient_norm"": 395.48084248525305, ""success"": false, ""status"": 2, ""message"": ""Desired error not necessarily achieved due to precision loss."", ""nfev"": 45, ""njev"": 33, ""runtime_sec"": 0.3893947000033222, ""restart_from_identical_terminal_phase"": true}, {""segment_index"": 299, ""cumulative_start_iteration"": 26263, ""accepted_iterations"": 6, ""cumulative_end_iteration"": 26269, ""requested_remaining_iterations"": 3737, ""start_phase_content_id"": ""000000000000080f07aa9aa72c801b61"", ""terminal_phase_content_id"": ""000000000000080f00a65d62381613e6"", ""objective"": -35.45232544094107, ""gradient_norm"": 403.024401659257, ""success"": false, ""status"": 2, ""message"": ""Desired error not necessarily achieved due to precision loss."", ""nfev"": 61, ""njev"": 49, ""runtime_sec"": 0.5440492000052473, ""restart_from_identical_terminal_phase"": true}, {""segment_index"": 300, ""cumulative_start_iteration"": 26269, ""accepted_iterations"": 7, ""cumulative_end_iteration"": 26276, ""requested_remaining_iterations"": 3731, ""start_phase_content_id"": ""000000000000080f00a65d62381613e6"", ""terminal_phase_content_id"": ""000000000000080fabb94edaeea21619"", ""objective"": -35.45232545752844, ""gradient_norm"": 395.3635016613296, ""success"": false, ""status"": 2, ""message"": ""Desired error not necessarily achieved due to precision loss."", ""nfev"": 43, ""njev"": 31, ""runtime_sec"": 0.37982809999084566, ""restart_from_identical_terminal_phase"": true}, {""segment_index"": 301, ""cumulative_start_iteration"": 26276, ""accepted_iterations"": 7, ""cumulative_end_iteration"": 26283, ""requested_remaining_iterations"": 3724, ""start_phase_content_id"": ""000000000000080fabb94edaeea21619"", ""terminal_phase_content_id"": ""000000000000080fd15179fbe0760947"", ""objective"": -35.452325475580594, ""gradient_norm"": 400.0887720384842, ""success"": false, ""status"": 2, ""message"": ""Desired error not necessarily achieved due to precision loss."", ""nfev"": 46, ""njev"": 34, ""runtime_sec"": 0.4253047999955015, ""restart_from_identical_terminal_phase"": true}, {""segment_index"": 302, ""cumulative_start_iteration"": 26283, ""accepted_iterations"": 9, ""cumulative_end_iteration"": 26292, ""requested_remaining_iterations"": 3717, ""start_phase_content_id"": ""000000000000080fd15179fbe0760947"", ""terminal_phase_content_id"": ""000000000000080f0a4931973c570ac0"", ""objective"": -35.452325496435286, ""gradient_norm"": 432.86037586820675, ""success"": false, ""status"": 2, ""message"": ""Desired error not necessarily achieved due to precision loss."", ""nfev"": 51, ""njev"": 39, ""runtime_sec"": 0.4331654999987222, ""restart_from_identical_terminal_phase"": true}, {""segment_index"": 303, ""cumulative_start_iteration"": 26292, ""accepted_iterations"": 9, ""cumulative_end_iteration"": 26301, ""requested_remaining_iterations"": 3708, ""start_phase_content_id"": ""000000000000080f0a4931973c570ac0"", ""terminal_phase_content_id"": ""000000000000080f701f8090a9b40b55"", ""objective"": -35.45232552842411, ""gradient_norm"": 410.9045557905967, ""success"": false, ""status"": 2, ""message"": ""Desired error not necessarily achieved due to precision loss."", ""nfev"": 52, ""njev"": 40, ""runtime_sec"": 0.4172243999928469, ""restart_from_identical_terminal_phase"": true}, {""segment_index"": 304, ""cumulative_start_iteration"": 26301, ""accepted_iterations"": 7, ""cumulative_end_iteration"": 26308, ""requested_remaining_iterations"": 3699, ""start_phase_content_id"": ""000000000000080f701f8090a9b40b55"", ""terminal_phase_content_id"": ""000000000000080f5bd4ef3dfa9e19a5"", ""objective"": -35.45232555802849, ""gradient_norm"": 414.04072570313036, ""success"": false, ""status"": 2, ""message"": ""Desired error not necessarily achieved due to precision loss."", ""nfev"": 42, ""njev"": 30, ""runtime_sec"": 0.34001460000581574, ""restart_from_identical_terminal_phase"": true}, {""segment_index"": 305, ""cumulative_start_iteration"": 26308, ""accepted_iterations"": 8, ""cumulative_end_iteration"": 26316, ""requested_remaining_iterations"": 3692, ""start_phase_content_id"": ""000000000000080f5bd4ef3dfa9e19a5"", ""terminal_phase_content_id"": ""000000000000080fd65fc7f530c11617"", ""objective"": -35.45232559296289, ""gradient_norm"": 396.7978561322894, ""success"": false, ""status"": 2, ""message"": ""Desired error not necessarily achieved due to precision loss."", ""nfev"": 44, ""njev"": 32, ""runtime_sec"": 0.3556475000077626, ""restart_from_identical_terminal_phase"": true}, {""segment_index"": 306, ""cumulative_start_iteration"": 26316, ""accepted_iterations"": 10, ""cumulative_end_iteration"": 26326, ""requested_remaining_iterations"": 3684, ""start_phase_content_id"": ""000000000000080fd65fc7f530c11617"", ""terminal_phase_content_id"": ""000000000000080f5a7a6b107a5d163e"", ""objective"": -35.452325662429814, ""gradient_norm"": 422.6514028430682, ""success"": false, ""status"": 2, ""message"": ""Desired error not necessarily achieved due to precision loss."", ""nfev"": 48, ""njev"": 36, ""runtime_sec"": 0.38716319999366533, ""restart_from_identical_terminal_phase"": true}, {""segment_index"": 307, ""cumulative_start_iteration"": 26326, ""accepted_iterations"": 9, ""cumulative_end_iteration"": 26335, ""requested_remaining_iterations"": 3674, ""start_phase_content_id"": ""000000000000080f5a7a6b107a5d163e"", ""terminal_phase_content_id"": ""000000000000080f486b4d5548d40e37"", ""objective"": -35.45232573493338, ""gradient_norm"": 421.56170672522444, ""success"": false, ""status"": 2, ""message"": ""Desired error not necessarily achieved due to precision loss."", ""nfev"": 76, ""njev"": 60, ""runtime_sec"": 0.598356500006048, ""restart_from_identical_terminal_phase"": true}, {""segment_index"": 308, ""cumulative_start_iteration"": 26335, ""accepted_iterations"": 8, ""cumulative_end_iteration"": 26343, ""requested_remaining_iterations"": 3665, ""start_phase_content_id"": ""000000000000080f486b4d5548d40e37"", ""terminal_phase_content_id"": ""000000000000080f80eda6b1ef8b2055"", ""objective"": -35.45232578556794, ""gradient_norm"": 396.870162828263, ""success"": false, ""status"": 2, ""message"": ""Desired error not necessarily achieved due to precision loss."", ""nfev"": 49, ""njev"": 37, ""runtime_sec"": 0.39764279998780694, ""restart_from_identical_terminal_phase"": true}, {""segment_index"": 309, ""cumulative_start_iteration"": 26343, ""accepted_iterations"": 14, ""cumulative_end_iteration"": 26357, ""requested_remaining_iterations"": 3657, ""start_phase_content_id"": ""000000000000080f80eda6b1ef8b2055"", ""terminal_phase_content_id"": ""000000000000080f55e0483a37850788"", ""objective"": -35.452325837903075, ""gradient_norm"": 414.05090747330445, ""success"": false, ""status"": 2, ""message"": ""Desired error not necessarily achieved due to precision loss."", ""nfev"": 56, ""njev"": 44, ""runtime_sec"": 0.4636434999993071, ""restart_from_identical_terminal_phase"": true}, {""segment_index"": 310, ""cumulative_start_iteration"": 26357, ""accepted_iterations"": 16, ""cumulative_end_iteration"": 26373, ""requested_remaining_iterations"": 3643, ""start_phase_content_id"": ""000000000000080f55e0483a37850788"", ""terminal_phase_content_id"": ""000000000000080f0a53142ad5cf1233"", ""objective"": -35.452325900371825, ""gradient_norm"": 423.3222256361736, ""success"": false, ""status"": 2, ""message"": ""Desired error not necessarily achieved due to precision loss."", ""nfev"": 60, ""njev"": 48, ""runtime_sec"": 0.490722900009132, ""restart_from_identical_terminal_phase"": true}, {""segment_index"": 311, ""cumulative_start_iteration"": 26373, ""accepted_iterations"": 13, ""cumulative_end_iteration"": 26386, ""requested_remaining_iterations"": 3627, ""start_phase_content_id"": ""000000000000080f0a53142ad5cf1233"", ""terminal_phase_content_id"": ""000000000000080f8c4a2ed9a1070937"", ""objective"": -35.452325974326776, ""gradient_norm"": 455.9737102173463, ""success"": false, ""status"": 2, ""message"": ""Desired error not necessarily achieved due to precision loss."", ""nfev"": 54, ""njev"": 42, ""runtime_sec"": 0.43919479999749456, ""restart_from_identical_terminal_phase"": true}, {""segment_index"": 312, ""cumulative_start_iteration"": 26386, ""accepted_iterations"": 6, ""cumulative_end_iteration"": 26392, ""requested_remaining_iterations"": 3614, ""start_phase_content_id"": ""000000000000080f8c4a2ed9a1070937"", ""terminal_phase_content_id"": ""000000000000080f6fa6ea911aed0357"", ""objective"": -35.45232598382545, ""gradient_norm"": 451.80442718385433, ""success"": false, ""status"": 2, ""message"": ""Desired error not necessarily achieved due to precision loss."", ""nfev"": 104, ""njev"": 92, ""runtime_sec"": 0.823997599989525, ""restart_from_identical_terminal_phase"": true}, {""segment_index"": 313, ""cumulative_start_iteration"": 26392, ""accepted_iterations"": 9, ""cumulative_end_iteration"": 26401, ""requested_remaining_iterations"": 3608, ""start_phase_content_id"": ""000000000000080f6fa6ea911aed0357"", ""terminal_phase_content_id"": ""000000000000080f4f2dae528a160fc7"", ""objective"": -35.45232600146086, ""gradient_norm"": 428.8876479954684, ""success"": false, ""status"": 2, ""message"": ""Desired error not necessarily achieved due to precision loss."", ""nfev"": 86, ""njev"": 76, ""runtime_sec"": 0.6784856000012951, ""restart_from_identical_terminal_phase"": true}, {""segment_index"": 314, ""cumulative_start_iteration"": 26401, ""accepted_iterations"": 7, ""cumulative_end_iteration"": 26408, ""requested_remaining_iterations"": 3599, ""start_phase_content_id"": ""000000000000080f4f2dae528a160fc7"", ""terminal_phase_content_id"": ""000000000000080f1b97e27c0e481180"", ""objective"": -35.452326015711726, ""gradient_norm"": 408.81169781677613, ""success"": false, ""status"": 2, ""message"": ""Desired error not necessarily achieved due to precision loss."", ""nfev"": 46, ""njev"": 34, ""runtime_sec"": 0.36414249999506865, ""restart_from_identical_terminal_phase"": true}, {""segment_index"": 315, ""cumulative_start_iteration"": 26408, ""accepted_iterations"": 7, ""cumulative_end_iteration"": 26415, ""requested_remaining_iterations"": 3592, ""start_phase_content_id"": ""000000000000080f1b97e27c0e481180"", ""terminal_phase_content_id"": ""000000000000080f416be94ea8bf192f"", ""objective"": -35.45232602657967, ""gradient_norm"": 419.1401341939736, ""success"": false, ""status"": 2, ""message"": ""Desired error not necessarily achieved due to precision loss."", ""nfev"": 48, ""njev"": 36, ""runtime_sec"": 0.38369309999688994, ""restart_from_identical_terminal_phase"": true}, {""segment_index"": 316, ""cumulative_start_iteration"": 26415, ""accepted_iterations"": 7, ""cumulative_end_iteration"": 26422, ""requested_remaining_iterations"": 3585, ""start_phase_content_id"": ""000000000000080f416be94ea8bf192f"", ""terminal_phase_content_id"": ""000000000000080ff9032d7f922b047c"", ""objective"": -35.4523260423971, ""gradient_norm"": 414.9252740280814, ""success"": false, ""status"": 2, ""message"": ""Desired error not necessarily achieved due to precision loss."", ""nfev"": 45, ""njev"": 33, ""runtime_sec"": 0.3575878000119701, ""restart_from_identical_terminal_phase"": true}, {""segment_index"": 317, ""cumulative_start_iteration"": 26422, ""accepted_iterations"": 10, ""cumulative_end_iteration"": 26432, ""requested_remaining_iterations"": 3578, ""start_phase_content_id"": ""000000000000080ff9032d7f922b047c"", ""terminal_phase_content_id"": ""000000000000080f4bcf88e08ef216f2"", ""objective"": -35.45232607104552, ""gradient_norm"": 401.0005787169449, ""success"": false, ""status"": 2, ""message"": ""Desired error not necessarily achieved due to precision loss."", ""nfev"": 51, ""njev"": 39, ""runtime_sec"": 0.40995449999172706, ""restart_from_identical_terminal_phase"": true}, {""segment_index"": 318, ""cumulative_start_iteration"": 26432, ""accepted_iterations"": 8, ""cumulative_end_iteration"": 26440, ""requested_remaining_iterations"": 3568, ""start_phase_content_id"": ""000000000000080f4bcf88e08ef216f2"", ""terminal_phase_content_id"": ""000000000000080fdd7d139bd00515e4"", ""objective"": -35.452326106321564, ""gradient_norm"": 416.7157699887933, ""success"": false, ""status"": 2, ""message"": ""Desired error not necessarily achieved due to precision loss."", ""nfev"": 42, ""njev"": 30, ""runtime_sec"": 0.34855740000784863, ""restart_from_identical_terminal_phase"": true}, {""segment_index"": 319, ""cumulative_start_iteration"": 26440, ""accepted_iterations"": 8, ""cumulative_end_iteration"": 26448, ""requested_remaining_iterations"": 3560, ""start_phase_content_id"": ""000000000000080fdd7d139bd00515e4"", ""terminal_phase_content_id"": ""000000000000080f4f9e8ed3bbf4169e"", ""objective"": -35.452326204091456, ""gradient_norm"": 420.87096606112505, ""success"": false, ""status"": 2, ""message"": ""Desired error not necessarily achieved due to precision loss."", ""nfev"": 44, ""njev"": 32, ""runtime_sec"": 0.3584770000015851, ""restart_from_identical_terminal_phase"": true}, {""segment_index"": 320, ""cumulative_start_iteration"": 26448, ""accepted_iterations"": 8, ""cumulative_end_iteration"": 26456, ""requested_remaining_iterations"": 3552, ""start_phase_content_id"": ""000000000000080f4f9e8ed3bbf4169e"", ""terminal_phase_content_id"": ""000000000000080f5ff86ead8333115b"", ""objective"": -35.45232624400157, ""gradient_norm"": 396.4847542487547, ""success"": false, ""status"": 2, ""message"": ""Desired error not necessarily achieved due to precision loss."", ""nfev"": 46, ""njev"": 34, ""runtime_sec"": 0.36998550000134856, ""restart_from_identical_terminal_phase"": true}, {""segment_index"": 321, ""cumulative_start_iteration"": 26456, ""accepted_iterations"": 6, ""cumulative_end_iteration"": 26462, ""requested_remaining_iterations"": 3544, ""start_phase_content_id"": ""000000000000080f5ff86ead8333115b"", ""terminal_phase_content_id"": ""000000000000080f4465ae5eb0290a33"", ""objective"": -35.4523262515296, ""gradient_norm"": 396.236507260618, ""success"": false, ""status"": 2, ""message"": ""Desired error not necessarily achieved due to precision loss."", ""nfev"": 121, ""njev"": 106, ""runtime_sec"": 0.9356095999974059, ""restart_from_identical_terminal_phase"": true}, {""segment_index"": 322, ""cumulative_start_iteration"": 26462, ""accepted_iterations"": 8, ""cumulative_end_iteration"": 26470, ""requested_remaining_iterations"": 3538, ""start_phase_content_id"": ""000000000000080f4465ae5eb0290a33"", ""terminal_phase_content_id"": ""000000000000080fe756973fffb61be2"", ""objective"": -35.452326271164786, ""gradient_norm"": 402.9670748733673, ""success"": false, ""status"": 2, ""message"": ""Desired error not necessarily achieved due to precision loss."", ""nfev"": 48, ""njev"": 36, ""runtime_sec"": 0.3865090000035707, ""restart_from_identical_terminal_phase"": true}, {""segment_index"": 323, ""cumulative_start_iteration"": 26470, ""accepted_iterations"": 9, ""cumulative_end_iteration"": 26479, ""requested_remaining_iterations"": 3530, ""start_phase_content_id"": ""000000000000080fe756973fffb61be2"", ""terminal_phase_content_id"": ""000000000000080f3c96d6dfa5a50eb8"", ""objective"": -35.45232629462618, ""gradient_norm"": 396.70227342082103, ""success"": false, ""status"": 2, ""message"": ""Desired error not necessarily achieved due to precision loss."", ""nfev"": 49, ""njev"": 37, ""runtime_sec"": 0.4006612000084715, ""restart_from_identical_terminal_phase"": true}, {""segment_index"": 324, ""cumulative_start_iteration"": 26479, ""accepted_iterations"": 5, ""cumulative_end_iteration"": 26484, ""requested_remaining_iterations"": 3521, ""start_phase_content_id"": ""000000000000080f3c96d6dfa5a50eb8"", ""terminal_phase_content_id"": ""000000000000080ff56411ce4b670dcb"", ""objective"": -35.452326298526465, ""gradient_norm"": 396.0067745184213, ""success"": false, ""status"": 2, ""message"": ""Desired error not necessarily achieved due to precision loss."", ""nfev"": 62, ""njev"": 58, ""runtime_sec"": 0.492845100001432, ""restart_from_identical_terminal_phase"": true}, {""segment_index"": 325, ""cumulative_start_iteration"": 26484, ""accepted_iterations"": 7, ""cumulative_end_iteration"": 26491, ""requested_remaining_iterations"": 3516, ""start_phase_content_id"": ""000000000000080ff56411ce4b670dcb"", ""terminal_phase_content_id"": ""000000000000080f1bc90b3a31f01852"", ""objective"": -35.45232630517089, ""gradient_norm"": 407.0548605740501, ""success"": false, ""status"": 2, ""message"": ""Desired error not necessarily achieved due to precision loss."", ""nfev"": 45, ""njev"": 33, ""runtime_sec"": 0.35731350000423845, ""restart_from_identical_terminal_phase"": true}, {""segment_index"": 326, ""cumulative_start_iteration"": 26491, ""accepted_iterations"": 7, ""cumulative_end_iteration"": 26498, ""requested_remaining_iterations"": 3509, ""start_phase_content_id"": ""000000000000080f1bc90b3a31f01852"", ""terminal_phase_content_id"": ""000000000000080f8d915272965214bd"", ""objective"": -35.4523263157765, ""gradient_norm"": 414.00170476000693, ""success"": false, ""status"": 2, ""message"": ""Desired error not necessarily achieved due to precision loss."", ""nfev"": 47, ""njev"": 35, ""runtime_sec"": 0.37799290000111796, ""restart_from_identical_terminal_phase"": true}, {""segment_index"": 327, ""cumulative_start_iteration"": 26498, ""accepted_iterations"": 8, ""cumulative_end_iteration"": 26506, ""requested_remaining_iterations"": 3502, ""start_phase_content_id"": ""000000000000080f8d915272965214bd"", ""terminal_phase_content_id"": ""000000000000080f743e24b691d01462"", ""objective"": -35.452326338772885, ""gradient_norm"": 450.6090959339866, ""success"": false, ""status"": 2, ""message"": ""Desired error not necessarily achieved due to precision loss."", ""nfev"": 45, ""njev"": 33, ""runtime_sec"": 0.36354400000709575, ""restart_from_identical_terminal_phase"": true}, {""segment_index"": 328, ""cumulative_start_iteration"": 26506, ""accepted_iterations"": 6, ""cumulative_end_iteration"": 26512, ""requested_remaining_iterations"": 3494, ""start_phase_content_id"": ""000000000000080f743e24b691d01462"", ""terminal_phase_content_id"": ""000000000000080fa8e8bf64e5b60bfd"", ""objective"": -35.452326348412555, ""gradient_norm"": 453.89476346157034, ""success"": false, ""status"": 2, ""message"": ""Desired error not necessarily achieved due to precision loss."", ""nfev"": 81, ""njev"": 66, ""runtime_sec"": 0.6312022000056459, ""restart_from_identical_terminal_phase"": true}, {""segment_index"": 329, ""cumulative_start_iteration"": 26512, ""accepted_iterations"": 10, ""cumulative_end_iteration"": 26522, ""requested_remaining_iterations"": 3488, ""start_phase_content_id"": ""000000000000080fa8e8bf64e5b60bfd"", ""terminal_phase_content_id"": ""000000000000080ff9204607fbb8132c"", ""objective"": -35.4523263569975, ""gradient_norm"": 442.5823690114955, ""success"": false, ""status"": 2, ""message"": ""Desired error not necessarily achieved due to precision loss."", ""nfev"": 49, ""njev"": 37, ""runtime_sec"": 0.3985906000016257, ""restart_from_identical_terminal_phase"": true}, {""segment_index"": 330, ""cumulative_start_iteration"": 26522, ""accepted_iterations"": 6, ""cumulative_end_iteration"": 26528, ""requested_remaining_iterations"": 3478, ""start_phase_content_id"": ""000000000000080ff9204607fbb8132c"", ""terminal_phase_content_id"": ""000000000000080f9d8b07dde89d12db"", ""objective"": -35.452326357564125, ""gradient_norm"": 448.5149558096447, ""success"": false, ""status"": 2, ""message"": ""Desired error not necessarily achieved due to precision loss."", ""nfev"": 68, ""njev"": 60, ""runtime_sec"": 0.5465658000030089, ""restart_from_identical_terminal_phase"": true}, {""segment_index"": 331, ""cumulative_start_iteration"": 26528, ""accepted_iterations"": 9, ""cumulative_end_iteration"": 26537, ""requested_remaining_iterations"": 3472, ""start_phase_content_id"": ""000000000000080f9d8b07dde89d12db"", ""terminal_phase_content_id"": ""000000000000080f2fcd5400782e1acb"", ""objective"": -35.45232637366235, ""gradient_norm"": 394.38456121243354, ""success"": false, ""status"": 2, ""message"": ""Desired error not necessarily achieved due to precision loss."", ""nfev"": 46, ""njev"": 34, ""runtime_sec"": 0.3685598000010941, ""restart_from_identical_terminal_phase"": true}, {""segment_index"": 332, ""cumulative_start_iteration"": 26537, ""accepted_iterations"": 11, ""cumulative_end_iteration"": 26548, ""requested_remaining_iterations"": 3463, ""start_phase_content_id"": ""000000000000080f2fcd5400782e1acb"", ""terminal_phase_content_id"": ""000000000000080f4a12ed3a75d21dd9"", ""objective"": -35.45232640403734, ""gradient_norm"": 412.92251316274746, ""success"": false, ""status"": 2, ""message"": ""Desired error not necessarily achieved due to precision loss."", ""nfev"": 56, ""njev"": 44, ""runtime_sec"": 0.46183380000002217, ""restart_from_identical_terminal_phase"": true}, {""segment_index"": 333, ""cumulative_start_iteration"": 26548, ""accepted_iterations"": 9, ""cumulative_end_iteration"": 26557, ""requested_remaining_iterations"": 3452, ""start_phase_content_id"": ""000000000000080f4a12ed3a75d21dd9"", ""terminal_phase_content_id"": ""000000000000080f1426db9c2aa90c1a"", ""objective"": -35.45232644397818, ""gradient_norm"": 402.12124221173013, ""success"": false, ""status"": 2, ""message"": ""Desired error not necessarily achieved due to precision loss."", ""nfev"": 50, ""njev"": 38, ""runtime_sec"": 0.40213309999671765, ""restart_from_identical_terminal_phase"": true}, {""segment_index"": 334, ""cumulative_start_iteration"": 26557, ""accepted_iterations"": 14, ""cumulative_end_iteration"": 26571, ""requested_remaining_iterations"": 3443, ""start_phase_content_id"": ""000000000000080f1426db9c2aa90c1a"", ""terminal_phase_content_id"": ""000000000000080f4a190090b3a413e4"", ""objective"": -35.452326496141694, ""gradient_norm"": 403.4341236361327, ""success"": false, ""status"": 2, ""message"": ""Desired error not necessarily achieved due to precision loss."", ""nfev"": 53, ""njev"": 41, ""runtime_sec"": 0.4517943999962881, ""restart_from_identical_terminal_phase"": true}, {""segment_index"": 335, ""cumulative_start_iteration"": 26571, ""accepted_iterations"": 7, ""cumulative_end_iteration"": 26578, ""requested_remaining_iterations"": 3429, ""start_phase_content_id"": ""000000000000080f4a190090b3a413e4"", ""terminal_phase_content_id"": ""000000000000080ff684d5a96ecffb60"", ""objective"": -35.452326517065906, ""gradient_norm"": 397.0058645593869, ""success"": false, ""status"": 2, ""message"": ""Desired error not necessarily achieved due to precision loss."", ""nfev"": 45, ""njev"": 33, ""runtime_sec"": 0.35299450000457, ""restart_from_identical_terminal_phase"": true}, {""segment_index"": 336, ""cumulative_start_iteration"": 26578, ""accepted_iterations"": 7, ""cumulative_end_iteration"": 26585, ""requested_remaining_iterations"": 3422, ""start_phase_content_id"": ""000000000000080ff684d5a96ecffb60"", ""terminal_phase_content_id"": ""000000000000080fa9b904b06cc308f1"", ""objective"": -35.45232653261391, ""gradient_norm"": 389.9282280127841, ""success"": false, ""status"": 2, ""message"": ""Desired error not necessarily achieved due to precision loss."", ""nfev"": 43, ""njev"": 31, ""runtime_sec"": 0.3466354000120191, ""restart_from_identical_terminal_phase"": true}, {""segment_index"": 337, ""cumulative_start_iteration"": 26585, ""accepted_iterations"": 7, ""cumulative_end_iteration"": 26592, ""requested_remaining_iterations"": 3415, ""start_phase_content_id"": ""000000000000080fa9b904b06cc308f1"", ""terminal_phase_content_id"": ""000000000000080f1e4ff7771d3116c0"", ""objective"": -35.45232655626397, ""gradient_norm"": 418.5609629887358, ""success"": false, ""status"": 2, ""message"": ""Desired error not necessarily achieved due to precision loss."", ""nfev"": 43, ""njev"": 31, ""runtime_sec"": 0.3471298999938881, ""restart_from_identical_terminal_phase"": true}, {""segment_index"": 338, ""cumulative_start_iteration"": 26592, ""accepted_iterations"": 14, ""cumulative_end_iteration"": 26606, ""requested_remaining_iterations"": 3408, ""start_phase_content_id"": ""000000000000080f1e4ff7771d3116c0"", ""terminal_phase_content_id"": ""000000000000080f9af0cc92b5dd0990"", ""objective"": -35.45232659231358, ""gradient_norm"": 425.40057022892745, ""success"": false, ""status"": 2, ""message"": ""Desired error not necessarily achieved due to precision loss."", ""nfev"": 61, ""njev"": 49, ""runtime_sec"": 0.5043452999962028, ""restart_from_identical_terminal_phase"": true}, {""segment_index"": 339, ""cumulative_start_iteration"": 26606, ""accepted_iterations"": 6, ""cumulative_end_iteration"": 26612, ""requested_remaining_iterations"": 3394, ""start_phase_content_id"": ""000000000000080f9af0cc92b5dd0990"", ""terminal_phase_content_id"": ""000000000000080fc0ae1e68a2c41100"", ""objective"": -35.45232659899329, ""gradient_norm"": 444.5038917133536, ""success"": false, ""status"": 2, ""message"": ""Desired error not necessarily achieved due to precision loss."", ""nfev"": 114, ""njev"": 97, ""runtime_sec"": 0.8839043000043603, ""restart_from_identical_terminal_phase"": true}, {""segment_index"": 340, ""cumulative_start_iteration"": 26612, ""accepted_iterations"": 6, ""cumulative_end_iteration"": 26618, ""requested_remaining_iterations"": 3388, ""start_phase_content_id"": ""000000000000080fc0ae1e68a2c41100"", ""terminal_phase_content_id"": ""000000000000080f24c8b652ac5a187d"", ""objective"": -35.45232660473416, ""gradient_norm"": 459.6444115984496, ""success"": false, ""status"": 2, ""message"": ""Desired error not necessarily achieved due to precision loss."", ""nfev"": 58, ""njev"": 47, ""runtime_sec"": 0.4573409000004176, ""restart_from_identical_terminal_phase"": true}, {""segment_index"": 341, ""cumulative_start_iteration"": 26618, ""accepted_iterations"": 7, ""cumulative_end_iteration"": 26625, ""requested_remaining_iterations"": 3382, ""start_phase_content_id"": ""000000000000080f24c8b652ac5a187d"", ""terminal_phase_content_id"": ""000000000000080f46d13547374e18db"", ""objective"": -35.4523266214442, ""gradient_norm"": 407.0622301150317, ""success"": false, ""status"": 2, ""message"": ""Desired error not necessarily achieved due to precision loss."", ""nfev"": 46, ""njev"": 34, ""runtime_sec"": 0.4048336999985622, ""restart_from_identical_terminal_phase"": true}, {""segment_index"": 342, ""cumulative_start_iteration"": 26625, ""accepted_iterations"": 8, ""cumulative_end_iteration"": 26633, ""requested_remaining_iterations"": 3375, ""start_phase_content_id"": ""000000000000080f46d13547374e18db"", ""terminal_phase_content_id"": ""000000000000080f9688fc81882a17b4"", ""objective"": -35.45232664653151, ""gradient_norm"": 406.19404994309593, ""success"": false, ""status"": 2, ""message"": ""Desired error not necessarily achieved due to precision loss."", ""nfev"": 83, ""njev"": 69, ""runtime_sec"": 0.7063270999933593, ""restart_from_identical_terminal_phase"": true}, {""segment_index"": 343, ""cumulative_start_iteration"": 26633, ""accepted_iterations"": 10, ""cumulative_end_iteration"": 26643, ""requested_remaining_iterations"": 3367, ""start_phase_content_id"": ""000000000000080f9688fc81882a17b4"", ""terminal_phase_content_id"": ""000000000000080f0b81d39a8ef10735"", ""objective"": -35.452326710952846, ""gradient_norm"": 426.0945012776351, ""success"": false, ""status"": 2, ""message"": ""Desired error not necessarily achieved due to precision loss."", ""nfev"": 48, ""njev"": 36, ""runtime_sec"": 0.4053264000103809, ""restart_from_identical_terminal_phase"": true}, {""segment_index"": 344, ""cumulative_start_iteration"": 26643, ""accepted_iterations"": 7, ""cumulative_end_iteration"": 26650, ""requested_remaining_iterations"": 3357, ""start_phase_content_id"": ""000000000000080f0b81d39a8ef10735"", ""terminal_phase_content_id"": ""000000000000080fd2f88434805f18dc"", ""objective"": -35.45232676681522, ""gradient_norm"": 407.0836638010832, ""success"": false, ""status"": 2, ""message"": ""Desired error not necessarily achieved due to precision loss."", ""nfev"": 43, ""njev"": 31, ""runtime_sec"": 0.35415139999531675, ""restart_from_identical_terminal_phase"": true}, {""segment_index"": 345, ""cumulative_start_iteration"": 26650, ""accepted_iterations"": 9, ""cumulative_end_iteration"": 26659, ""requested_remaining_iterations"": 3350, ""start_phase_content_id"": ""000000000000080fd2f88434805f18dc"", ""terminal_phase_content_id"": ""000000000000080f03c26db671f01400"", ""objective"": -35.45232682564704, ""gradient_norm"": 388.0140030820042, ""success"": false, ""status"": 2, ""message"": ""Desired error not necessarily achieved due to precision loss."", ""nfev"": 46, ""njev"": 34, ""runtime_sec"": 0.38689540000632405, ""restart_from_identical_terminal_phase"": true}, {""segment_index"": 346, ""cumulative_start_iteration"": 26659, ""accepted_iterations"": 5, ""cumulative_end_iteration"": 26664, ""requested_remaining_iterations"": 3341, ""start_phase_content_id"": ""000000000000080f03c26db671f01400"", ""terminal_phase_content_id"": ""000000000000080fac36d5359f79161c"", ""objective"": -35.45232683772368, ""gradient_norm"": 393.44236502353874, ""success"": false, ""status"": 2, ""message"": ""Desired error not necessarily achieved due to precision loss."", ""nfev"": 70, ""njev"": 58, ""runtime_sec"": 0.5655912999936845, ""restart_from_identical_terminal_phase"": true}, {""segment_index"": 347, ""cumulative_start_iteration"": 26664, ""accepted_iterations"": 6, ""cumulative_end_iteration"": 26670, ""requested_remaining_iterations"": 3336, ""start_phase_content_id"": ""000000000000080fac36d5359f79161c"", ""terminal_phase_content_id"": ""000000000000080f61b13383cb811982"", ""objective"": -35.45232684082852, ""gradient_norm"": 402.2907554911913, ""success"": false, ""status"": 2, ""message"": ""Desired error not necessarily achieved due to precision loss."", ""nfev"": 63, ""njev"": 54, ""runtime_sec"": 0.5324803000112297, ""restart_from_identical_terminal_phase"": true}, {""segment_index"": 348, ""cumulative_start_iteration"": 26670, ""accepted_iterations"": 7, ""cumulative_end_iteration"": 26677, ""requested_remaining_iterations"": 3330, ""start_phase_content_id"": ""000000000000080f61b13383cb811982"", ""terminal_phase_content_id"": ""000000000000080f09a100a34e7cfaea"", ""objective"": -35.45232686473805, ""gradient_norm"": 407.87091086553744, ""success"": false, ""status"": 2, ""message"": ""Desired error not necessarily achieved due to precision loss."", ""nfev"": 70, ""njev"": 54, ""runtime_sec"": 0.5620332000107737, ""restart_from_identical_terminal_phase"": true}, {""segment_index"": 349, ""cumulative_start_iteration"": 26677, ""accepted_iterations"": 5, ""cumulative_end_iteration"": 26682, ""requested_remaining_iterations"": 3323, ""start_phase_content_id"": ""000000000000080f09a100a34e7cfaea"", ""terminal_phase_content_id"": ""000000000000080ff8be377da3b6075c"", ""objective"": -35.452326866873285, ""gradient_norm"": 428.24680145699614, ""success"": false, ""status"": 2, ""message"": ""Desired error not necessarily achieved due to precision loss."", ""nfev"": 65, ""njev"": 55, ""runtime_sec"": 0.5284839999949327, ""restart_from_identical_terminal_phase"": true}, {""segment_index"": 350, ""cumulative_start_iteration"": 26682, ""accepted_iterations"": 8, ""cumulative_end_iteration"": 26690, ""requested_remaining_iterations"": 3318, ""start_phase_content_id"": ""000000000000080ff8be377da3b6075c"", ""terminal_phase_content_id"": ""000000000000080f1fa93c549974164d"", ""objective"": -35.45232687862351, ""gradient_norm"": 426.8322392134994, ""success"": false, ""status"": 2, ""message"": ""Desired error not necessarily achieved due to precision loss."", ""nfev"": 47, ""njev"": 35, ""runtime_sec"": 0.38308349999715574, ""restart_from_identical_terminal_phase"": true}, {""segment_index"": 351, ""cumulative_start_iteration"": 26690, ""accepted_iterations"": 8, ""cumulative_end_iteration"": 26698, ""requested_remaining_iterations"": 3310, ""start_phase_content_id"": ""000000000000080f1fa93c549974164d"", ""terminal_phase_content_id"": ""000000000000080f46ff2af60c3c1440"", ""objective"": -35.452326898001935, ""gradient_norm"": 438.23939053389887, ""success"": false, ""status"": 2, ""message"": ""Desired error not necessarily achieved due to precision loss."", ""nfev"": 47, ""njev"": 35, ""runtime_sec"": 0.38595040001382586, ""restart_from_identical_terminal_phase"": true}, {""segment_index"": 352, ""cumulative_start_iteration"": 26698, ""accepted_iterations"": 7, ""cumulative_end_iteration"": 26705, ""requested_remaining_iterations"": 3302, ""start_phase_content_id"": ""000000000000080f46ff2af60c3c1440"", ""terminal_phase_content_id"": ""000000000000080f66fe65b1be041c24"", ""objective"": -35.45232692306162, ""gradient_norm"": 396.625937248054, ""success"": false, ""status"": 2, ""message"": ""Desired error not necessarily achieved due to precision loss."", ""nfev"": 43, ""njev"": 31, ""runtime_sec"": 0.35094620000745635, ""restart_from_identical_terminal_phase"": true}, {""segment_index"": 353, ""cumulative_start_iteration"": 26705, ""accepted_iterations"": 7, ""cumulative_end_iteration"": 26712, ""requested_remaining_iterations"": 3295, ""start_phase_content_id"": ""000000000000080f66fe65b1be041c24"", ""terminal_phase_content_id"": ""000000000000080f1e2c5a472b3415c8"", ""objective"": -35.452326940452615, ""gradient_norm"": 411.64508720587304, ""success"": false, ""status"": 2, ""message"": ""Desired error not necessarily achieved due to precision loss."", ""nfev"": 45, ""njev"": 33, ""runtime_sec"": 0.36132919999363367, ""restart_from_identical_terminal_phase"": true}, {""segment_index"": 354, ""cumulative_start_iteration"": 26712, ""accepted_iterations"": 5, ""cumulative_end_iteration"": 26717, ""requested_remaining_iterations"": 3288, ""start_phase_content_id"": ""000000000000080f1e2c5a472b3415c8"", ""terminal_phase_content_id"": ""000000000000080f2f7b5810aa171029"", ""objective"": -35.45232694167813, ""gradient_norm"": 427.26055417041243, ""success"": false, ""status"": 2, ""message"": ""Desired error not necessarily achieved due to precision loss."", ""nfev"": 57, ""njev"": 45, ""runtime_sec"": 0.4599006000062218, ""restart_from_identical_terminal_phase"": true}, {""segment_index"": 355, ""cumulative_start_iteration"": 26717, ""accepted_iterations"": 4, ""cumulative_end_iteration"": 26721, ""requested_remaining_iterations"": 3283, ""start_phase_content_id"": ""000000000000080f2f7b5810aa171029"", ""terminal_phase_content_id"": ""000000000000080f9ec8fedc8cbf122a"", ""objective"": -35.452326941927794, ""gradient_norm"": 440.33813689535754, ""success"": false, ""status"": 2, ""message"": ""Desired error not necessarily achieved due to precision loss."", ""nfev"": 23, ""njev"": 23, ""runtime_sec"": 0.17960689999745227, ""restart_from_identical_terminal_phase"": true}, {""segment_index"": 356, ""cumulative_start_iteration"": 26721, ""accepted_iterations"": 6, ""cumulative_end_iteration"": 26727, ""requested_remaining_iterations"": 3279, ""start_phase_content_id"": ""000000000000080f9ec8fedc8cbf122a"", ""terminal_phase_content_id"": ""000000000000080f5f3dab6b223c0dbd"", ""objective"": -35.45232694208532, ""gradient_norm"": 444.8642615506653, ""success"": false, ""status"": 2, ""message"": ""Desired error not necessarily achieved due to precision loss."", ""nfev"": 61, ""njev"": 49, ""runtime_sec"": 0.4851335999992443, ""restart_from_identical_terminal_phase"": true}, {""segment_index"": 357, ""cumulative_start_iteration"": 26727, ""accepted_iterations"": 2, ""cumulative_end_iteration"": 26729, ""requested_remaining_iterations"": 3273, ""start_phase_content_id"": ""000000000000080f5f3dab6b223c0dbd"", ""terminal_phase_content_id"": ""000000000000080ff6e911a9f17f0f3b"", ""objective"": -35.45232694212286, ""gradient_norm"": 450.1429029760453, ""success"": false, ""status"": 2, ""message"": ""Desired error not necessarily achieved due to precision loss."", ""nfev"": 60, ""njev"": 50, ""runtime_sec"": 0.46389780000026803, ""restart_from_identical_terminal_phase"": true}, {""segment_index"": 358, ""cumulative_start_iteration"": 26729, ""accepted_iterations"": 5, ""cumulative_end_iteration"": 26734, ""requested_remaining_iterations"": 3271, ""start_phase_content_id"": ""000000000000080ff6e911a9f17f0f3b"", ""terminal_phase_content_id"": ""000000000000080f34f756da32f10ea5"", ""objective"": -35.45232694214223, ""gradient_norm"": 451.25948749282276, ""success"": false, ""status"": 2, ""message"": ""Desired error not necessarily achieved due to precision loss."", ""nfev"": 93, ""njev"": 82, ""runtime_sec"": 0.7801825000060489, ""restart_from_identical_terminal_phase"": true}, {""segment_index"": 359, ""cumulative_start_iteration"": 26734, ""accepted_iterations"": 6, ""cumulative_end_iteration"": 26740, ""requested_remaining_iterations"": 3266, ""start_phase_content_id"": ""000000000000080f34f756da32f10ea5"", ""terminal_phase_content_id"": ""000000000000080fbf750f417fd21071"", ""objective"": -35.45232694214975, ""gradient_norm"": 424.11723610113654, ""success"": false, ""status"": 2, ""message"": ""Desired error not necessarily achieved due to precision loss."", ""nfev"": 73, ""njev"": 62, ""runtime_sec"": 0.6092209000053117, ""restart_from_identical_terminal_phase"": true}, {""segment_index"": 360, ""cumulative_start_iteration"": 26740, ""accepted_iterations"": 4, ""cumulative_end_iteration"": 26744, ""requested_remaining_iterations"": 3260, ""start_phase_content_id"": ""000000000000080fbf750f417fd21071"", ""terminal_phase_content_id"": ""000000000000080f8bd32d3ff9700dd7"", ""objective"": -35.45232694215116, ""gradient_norm"": 435.7664984253615, ""success"": false, ""status"": 2, ""message"": ""Desired error not necessarily achieved due to precision loss."", ""nfev"": 54, ""njev"": 53, ""runtime_sec"": 0.4963827999890782, ""restart_from_identical_terminal_phase"": true}, {""segment_index"": 361, ""cumulative_start_iteration"": 26744, ""accepted_iterations"": 2, ""cumulative_end_iteration"": 26746, ""requested_remaining_iterations"": 3256, ""start_phase_content_id"": ""000000000000080f8bd32d3ff9700dd7"", ""terminal_phase_content_id"": ""000000000000080f4faaaf56d7e10e68"", ""objective"": -35.45232694215177, ""gradient_norm"": 422.31447970175606, ""success"": false, ""status"": 2, ""message"": ""Desired error not necessarily achieved due to precision loss."", ""nfev"": 65, ""njev"": 59, ""runtime_sec"": 0.5060751999990316, ""restart_from_identical_terminal_phase"": true}, {""segment_index"": 362, ""cumulative_start_iteration"": 26746, ""accepted_iterations"": 1, ""cumulative_end_iteration"": 26747, ""requested_remaining_iterations"": 3254, ""start_phase_content_id"": ""000000000000080f4faaaf56d7e10e68"", ""terminal_phase_content_id"": ""000000000000080f99fdf2e7d5190e67"", ""objective"": -35.452326942151814, ""gradient_norm"": 389.5643736438122, ""success"": false, ""status"": 2, ""message"": ""Desired error not necessarily achieved due to precision loss."", ""nfev"": 62, ""njev"": 58, ""runtime_sec"": 0.4881481000047643, ""restart_from_identical_terminal_phase"": true}, {""segment_index"": 363, ""cumulative_start_iteration"": 26747, ""accepted_iterations"": 0, ""cumulative_end_iteration"": 26747, ""requested_remaining_iterations"": 3253, ""start_phase_content_id"": ""000000000000080f99fdf2e7d5190e67"", ""terminal_phase_content_id"": ""000000000000080f99fdf2e7d5190e67"", ""objective"": -35.452326942151814, ""gradient_norm"": 389.5643736438122, ""success"": false, ""status"": 2, ""message"": ""Desired error not necessarily achieved due to precision loss."", ""nfev"": 53, ""njev"": 41, ""runtime_sec"": 0.4180801999900723, ""restart_from_identical_terminal_phase"": true}]"
FE,Triple,260871.0,,30000.0,30000.0,30000.0,2382,2482.0,-0.05047969206715781,3.339344757689992e-08,3.339344757689992e-08,3.339344757689992e-08,,9.657981278138545e-09,True,N m^-1 rad^-1,native optimized-objective gradient,True,0.0,Optimization terminated successfully.,True,0.0,Optimization terminated successfully.,6.135696700002882,6.135696700002882,MultitrapRunResult.end_to_end_sec after a prepared problem; not used for cross-method ranking,000000000000080f42ff90d2b9380bed,000000000000080fb2ba3a6fe7ab1052,,,cached,C:\RINENG_COMPACT_FULL_20260920\RINENG_GFE_Standalone_Run\production_outputs\cache\production_triple_run\0000000000000a4d4554b421351a6ccc.pkl,C:\RINENG_COMPACT_FULL_20260920\RINENG_GFE_Standalone_Run\production_outputs\cache\production_triple_run\0000000000000a4d4554b421351a6ccc.pkl,gfe-compact-v3-task-specific-20260920-00000000000003f329a2,same-machine protocol record replayed from cache,"{""protocol_id"": ""main-fig8-comparable-end-to-end-v2"", ""scope"": ""fresh command construction from declared inputs through terminal host phase: problem/objective initialization, acoustic transfer construction, applicable host-to-device transfer, compilation/warmup, device synchronization, native solve, and result extraction included; independent mechanical validation, cache retrieval, table export, and rendering excluded"", ""backend"": ""numpy/scipy-cpu"", ""problem_initialization_s"": 0.0003662999952211976, ""acoustic_transfer_construction_s"": 0.008378900005482137, ""device_transfer_s"": null, ""compilation_warmup_s"": null, ""pre_solve_synchronization_s"": null, ""solve_s"": 6.146315199992387, ""post_solve_synchronization_s"": null, ""result_extraction_s"": 1.5400000847876072e-05, ""orchestration_overhead_s"": 9.200011845678091e-06, ""total_s"": 6.1550850000057835, ""device_transfer_status"": ""not_applicable_synchronous_cpu"", ""compilation_warmup_status"": ""not_applicable_synchronous_cpu"", ""pre_solve_synchronization_status"": ""not_applicable_synchronous_cpu"", ""post_solve_synchronization_status"": ""not_applicable_synchronous_cpu"", ""decomposition_complete"": true, ""comparable_total"": true, ""exclusion_reason"": null}",engineering,BFGS,{},compact-multitrap-discrete-v1,,,PRODUCTION,True,,main-fig8-comparable-end-to-end-v2,"fresh command construction from declared inputs through terminal host phase: problem/objective initialization, acoustic transfer construction, applicable host-to-device transfer, compilation/warmup, device synchronization, native solve, and result extraction included; independent mechanical validation, cache retrieval, table export, and rendering excluded",numpy/scipy-cpu,True,,0.0003662999952211976,0.008378900005482137,N/A,N/A,N/A,6.146315199992387,N/A,1.5400000847876072e-05,9.200011845678091e-06,6.1550850000057835,not_applicable_synchronous_cpu,not_applicable_synchronous_cpu,not_applicable_synchronous_cpu,not_applicable_synchronous_cpu,True,6.1550850000057835,,,,,,,,,"{""method"": ""Regularized-FE"", ""components"": {""force_smoothing"": true, ""pressure_retention"": true, ""uniformity"": true}, ""alpha_force"": 3000.0, ""beta_pressure"": 5e-05, ""gamma_uniformity"": 1.0, ""curvature_weight_override"": [[1.0, 0.0, 0.0], [0.0, 1.0, 0.0], [0.0, 0.0, 10.0]], ""pressure_epsilon_rel"": 0.001, ""smooth_stage_factors"": [0.05, 0.01], ""smooth_stage_maxiters"": [250, 29750], ""smooth_scale_floor"": 1e-20, ""gtol"": 1e-08, ""report_gradient_tol"": 0.001}","[{""stage_index"": 0, ""stage_factor"": 0.05, ""maxiter"": 250, ""iterations"": 250, ""nfev"": 296, ""njev"": 296, ""runtime_sec"": 0.7397591000044486, ""objective"": -0.026059734836822605, ""gradient_norm"": 0.011639160587090525, ""success"": false, ""status"": 1, ""message"": ""Maximum number of iterations has been exceeded."", ""force_epsilon"": 1.8255424908216542e-08, ""uniformity_epsilon"": 0.0018796079452960439, ""gradient_inf_norm"": 0.004830971830384791}, {""stage_index"": 1, ""stage_factor"": 0.01, ""maxiter"": 29750, ""iterations"": 2132, ""nfev"": 2186, ""njev"": 2186, ""runtime_sec"": 5.367732400001842, ""objective"": -0.05047969206715773, ""gradient_norm"": 3.3393382323347174e-08, ""success"": true, ""status"": 0, ""message"": ""Optimization terminated successfully."", ""force_epsilon"": 3.6510849816433085e-09, ""uniformity_epsilon"": 0.0003759215890592087, ""gradient_inf_norm"": 9.65797580038664e-09}]"
GFE,Triple,260871.0,,30000.0,30000.0,30000.0,2063,2170.0,-0.04964863024891057,3.5614781688798925e-08,3.5614781688798925e-08,3.5614781688798925e-08,,9.691950958539656e-09,True,N m^-1 rad^-1,native optimized-objective gradient,True,0.0,Optimization terminated successfully.,True,0.0,Optimization terminated successfully.,6.598176800005604,6.598176800005604,MultitrapRunResult.end_to_end_sec after a prepared problem; not used for cross-method ranking,000000000000080f29f0359371651085,000000000000080fb2ba3a6fe7ab1052,,,cached,C:\RINENG_COMPACT_FULL_20260920\RINENG_GFE_Standalone_Run\production_outputs\cache\production_triple_run\0000000000000a7215361e6611197b21.pkl,C:\RINENG_COMPACT_FULL_20260920\RINENG_GFE_Standalone_Run\production_outputs\cache\production_triple_run\0000000000000a7215361e6611197b21.pkl,gfe-compact-v3-task-specific-20260920-00000000000003f329a2,same-machine protocol record replayed from cache,"{""protocol_id"": ""main-fig8-comparable-end-to-end-v2"", ""scope"": ""fresh command construction from declared inputs through terminal host phase: problem/objective initialization, acoustic transfer construction, applicable host-to-device transfer, compilation/warmup, device synchronization, native solve, and result extraction included; independent mechanical validation, cache retrieval, table export, and rendering excluded"", ""backend"": ""numpy/scipy-cpu"", ""problem_initialization_s"": 0.001188099995488301, ""acoustic_transfer_construction_s"": 0.012119299994083121, ""device_transfer_s"": null, ""compilation_warmup_s"": null, ""pre_solve_synchronization_s"": null, ""solve_s"": 6.609086399999796, ""post_solve_synchronization_s"": null, ""result_extraction_s"": 1.3500000932253897e-05, ""orchestration_overhead_s"": 9.500014130026102e-06, ""total_s"": 6.62241680000443, ""device_transfer_status"": ""not_applicable_synchronous_cpu"", ""compilation_warmup_status"": ""not_applicable_synchronous_cpu"", ""pre_solve_synchronization_status"": ""not_applicable_synchronous_cpu"", ""post_solve_synchronization_status"": ""not_applicable_synchronous_cpu"", ""decomposition_complete"": true, ""comparable_total"": true, ""exclusion_reason"": null}",engineering,BFGS,{},compact-multitrap-discrete-v1,,,PRODUCTION,True,,main-fig8-comparable-end-to-end-v2,"fresh command construction from declared inputs through terminal host phase: problem/objective initialization, acoustic transfer construction, applicable host-to-device transfer, compilation/warmup, device synchronization, native solve, and result extraction included; independent mechanical validation, cache retrieval, table export, and rendering excluded",numpy/scipy-cpu,True,,0.001188099995488301,0.012119299994083121,N/A,N/A,N/A,6.609086399999796,N/A,1.3500000932253897e-05,9.500014130026102e-06,6.62241680000443,not_applicable_synchronous_cpu,not_applicable_synchronous_cpu,not_applicable_synchronous_cpu,not_applicable_synchronous_cpu,True,6.62241680000443,,,,,,,,,"{""method"": ""Regularized-FE"", ""components"": {""force_smoothing"": true, ""pressure_retention"": true, ""uniformity"": true}, ""alpha_force"": 3000.0, ""beta_pressure"": 5e-05, ""gamma_uniformity"": 1.0, ""curvature_weight_override"": [[1.0, 0.0, 0.0], [0.0, 1.0, 0.0], [0.0, 0.0, 10.0]], ""pressure_epsilon_rel"": 0.001, ""smooth_stage_factors"": [0.05, 0.01], ""smooth_stage_maxiters"": [250, 29750], ""smooth_scale_floor"": 1e-20, ""gtol"": 1e-08, ""report_gradient_tol"": 0.001, ""compensate_effective_gravity"": true}","[{""stage_index"": 0, ""stage_factor"": 0.05, ""maxiter"": 250, ""iterations"": 250, ""nfev"": 306, ""njev"": 306, ""runtime_sec"": 0.8384462999965763, ""objective"": -0.03517958382726689, ""gradient_norm"": 0.011539097675938945, ""success"": false, ""status"": 1, ""message"": ""Maximum number of iterations has been exceeded."", ""force_epsilon"": 6.108055262935204e-08, ""uniformity_epsilon"": 0.0018362793624443652, ""gradient_inf_norm"": 0.005643837836448303}, {""stage_index"": 1, ""stage_factor"": 0.01, ""maxiter"": 29750, ""iterations"": 1813, ""nfev"": 1864, ""njev"": 1864, ""runtime_sec"": 5.725060600001598, ""objective"": -0.04964863024891083, ""gradient_norm"": 3.5614781226631975e-08, ""success"": true, ""status"": 0, ""message"": ""Optimization terminated successfully."", ""force_epsilon"": 1.2216110525870408e-08, ""uniformity_epsilon"": 0.00036725587248887307, ""gradient_inf_norm"": 9.691951344881547e-09}]"
AD,Triple,260871.0,,,,,150,,,,,0.0008925572060425692,,,,dimensionless rad^-1,evaluated after and excluded from the common command-timing boundary,,,,,,,,0.11426510001183487,native AD invocation with device transfer/JIT/synchronization bundled; not used for cross-method ranking,000000000000080f8e71f8aeb6cc21ef,,,,cached,C:\RINENG_COMPACT_FULL_20260920\RINENG_GFE_Standalone_Run\production_outputs\cache\production_holography_run\0000000000000894af482a71486fd6c4.pkl,,gfe-compact-v3-task-specific-20260920-00000000000003f329a2,same-machine protocol record replayed from cache,"{""protocol_id"": ""main-fig8-comparable-end-to-end-v2"", ""scope"": ""fresh command construction from declared inputs through terminal host phase: problem/objective initialization, acoustic transfer construction, applicable host-to-device transfer, compilation/warmup, device synchronization, native solve, and result extraction included; independent mechanical validation, cache retrieval, table export, and rendering excluded"", ""backend"": ""jax-cpu"", ""problem_initialization_s"": 2.6999987312592566e-05, ""acoustic_transfer_construction_s"": 0.000945699997828342, ""device_transfer_s"": null, ""compilation_warmup_s"": null, ""pre_solve_synchronization_s"": null, ""solve_s"": 0.11426510001183487, ""post_solve_synchronization_s"": null, ""result_extraction_s"": 1.0799994925037026e-05, ""orchestration_overhead_s"": 1.0400006431154907e-05, ""total_s"": 0.115258999998332, ""device_transfer_status"": ""included_unseparated_in_native_solve"", ""compilation_warmup_status"": ""included_unseparated_in_native_solve"", ""pre_solve_synchronization_status"": ""included_unseparated_in_native_solve"", ""post_solve_synchronization_status"": ""included_unseparated_in_native_solve"", ""decomposition_complete"": false, ""comparable_total"": true, ""exclusion_reason"": null}",,,,,,,PRODUCTION,,,main-fig8-comparable-end-to-end-v2,"fresh command construction from declared inputs through terminal host phase: problem/objective initialization, acoustic transfer construction, applicable host-to-device transfer, compilation/warmup, device synchronization, native solve, and result extraction included; independent mechanical validation, cache retrieval, table export, and rendering excluded",jax-cpu,True,,2.6999987312592566e-05,0.000945699997828342,N/A,N/A,N/A,0.11426510001183487,N/A,1.0799994925037026e-05,1.0400006431154907e-05,0.115258999998332,included_unseparated_in_native_solve,included_unseparated_in_native_solve,included_unseparated_in_native_solve,included_unseparated_in_native_solve,False,0.115258999998332,,,,0.0,"{""algorithm"": ""Acoustic hologram optimisation using automatic differentiation"", ""task"": ""Triple"", ""control_points"": 24, ""phase_only_commands"": true, ""loss_terms"": ""target_pressure_amplitude_only"", ""amplitude_normalization"": ""per-control-point phase-aligned row capacity"", ""base_seed"": 260871, ""effective_seed"": 261052, ""seed_offset"": 181, ""steps"": 150, ""learning_rate"": 0.1, ""beta1"": 0.9, ""beta2"": 0.999, ""epsilon"": 1e-08, ""initial_loss"": 0.8395855997856394, ""final_loss"": 0.49421892329649203, ""jit_sync_wall_s"": 0.10648960000253282, ""device_transfer_included"": true, ""jit_included"": true, ""device_synchronization_included"": true, ""loss_history"": ""[0.8395856  0.8120612  0.78636195 0.76259627 0.74073159 0.72071068\n 0.70245268 0.68582205 0.67064019 0.65672237 0.64391158 0.63209035\n 0.62117818 0.61112057 0.60187476 0.59340063 0.58566013 0.5786201\n 0.57225293 0.56653448 0.56144074 0.55694482 0.55301531 0.54961576\n 0.5467045  0.54423454 0.54215348 0.54040421 0.53892673 0.53766087\n 0.53654882 0.53553666 0.5345753  0.53362115 0.53263681 0.53159214\n 0.53046553 0.52924522 0.52793012 0.52653004 0.52506507 0.52356402\n 0.5220615  0.52059402 0.51919587 0.51789564 0.51671403 0.51566305\n 0.51474604 0.51395836 0.51328866 0.51272069 0.5122357  0.51181469\n 0.51144016 0.51109708 0.5107734  0.51046018 0.51015167 0.50984511\n 0.50954048 0.5092399  0.50894704 0.50866629 0.50840192 0.50815731\n 0.50793438 0.50773328 0.50755233 0.50738825 0.50723664 0.50709262\n 0.50695162 0.50681002 0.50666553 0.5065174  0.50636622 0.50621357\n 0.50606155 0.50591225 0.5057673  0.50562765 0.50549358 0.50536475\n 0.5052404  0.50511943 0.50500058 0.50488257 0.50476422 0.50464452\n 0.5045227  0.50439825 0.50427092 0.50414077 0.50400808 0.5038733\n 0.50373694 0.50359951 0.50346137 0.50332276 0.50318367 0.50304391\n 0.50290313 0.50276081 0.50261635 0.50246905 0.50231818 0.50216297\n 0.50200265 0.5018364  0.50166339 0.50148271 0.50129339 0.50109438\n 0.50088453 0.50066266 0.5004276  0.50017833 0.49991411 0.49963472\n 0.49934065 0.49903336 0.49871537 0.49839038 0.49806316 0.49773924\n 0.49742457 0.49712498 0.4968457  0.49659095 0.49636363 0.49616514\n 0.49599543 0.49585304 0.4957353  0.49563862 0.4955587  0.4954909\n 0.49543041 0.49537254 0.49531284 0.49524729 0.49517249 0.49508586\n 0.49498598 0.49487282 0.49474801 0.49461487 0.49447827 0.49434416\n 0.49421892]""}",,,,,
Conventional,Triple,260872.0,,30000.0,30000.0,30000.0,30000,38550.0,-35.452126433679695,400.9971258012558,400.9971258012558,400.9971258012558,,,,N m^-1 rad^-1,native optimized-objective gradient,False,1.0,cumulative-accepted-iteration-cap,False,1.0,cumulative-accepted-iteration-cap,374.5975254000077,374.5975254000077,CumulativeBFGSResult.solve_sec; internal solve/checkpoint interval; not used for cross-method ranking,000000000000080f4cce7462f7490e14,000000000000080f9526ce94e352f991,,,cached,C:\RINENG_COMPACT_FULL_20260920\RINENG_GFE_Standalone_Run\production_outputs\cache\production_triple_run\00000000000009f8737cec18c5d84cb7.pkl,C:\RINENG_COMPACT_FULL_20260920\RINENG_GFE_Standalone_Run\production_outputs\cache\production_triple_run\00000000000009f8737cec18c5d84cb7.pkl,gfe-compact-v3-task-specific-20260920-00000000000003f329a2,same-machine protocol record replayed from cache,"{""protocol_id"": ""main-fig8-comparable-end-to-end-v2"", ""scope"": ""fresh command construction from declared inputs through terminal host phase: problem/objective initialization, acoustic transfer construction, applicable host-to-device transfer, compilation/warmup, device synchronization, native solve, and result extraction included; independent mechanical validation, cache retrieval, table export, and rendering excluded"", ""backend"": ""numpy/scipy-cpu"", ""problem_initialization_s"": 0.0003271000023232773, ""acoustic_transfer_construction_s"": 0.008820600007311441, ""device_transfer_s"": null, ""compilation_warmup_s"": null, ""pre_solve_synchronization_s"": null, ""solve_s"": 374.6065757999895, ""post_solve_synchronization_s"": null, ""result_extraction_s"": 1.2200005585327744e-05, ""orchestration_overhead_s"": 7.299997378140688e-06, ""total_s"": 374.6157430000021, ""device_transfer_status"": ""not_applicable_synchronous_cpu"", ""compilation_warmup_status"": ""not_applicable_synchronous_cpu"", ""pre_solve_synchronization_status"": ""not_applicable_synchronous_cpu"", ""post_solve_synchronization_status"": ""not_applicable_synchronous_cpu"", ""decomposition_complete"": true, ""comparable_total"": true, ""exclusion_reason"": null}",engineering,BFGS,{},native,,,PRODUCTION,True,,main-fig8-comparable-end-to-end-v2,"fresh command construction from declared inputs through terminal host phase: problem/objective initialization, acoustic transfer construction, applicable host-to-device transfer, compilation/warmup, device synchronization, native solve, and result extraction included; independent mechanical validation, cache retrieval, table export, and rendering excluded",numpy/scipy-cpu,True,,0.0003271000023232773,0.008820600007311441,N/A,N/A,N/A,374.6065757999895,N/A,1.2200005585327744e-05,7.299997378140688e-06,374.6157430000021,not_applicable_synchronous_cpu,not_applicable_synchronous_cpu,not_applicable_synchronous_cpu,not_applicable_synchronous_cpu,True,374.6157430000021,,,,,,,,,"{""method"": ""Conventional"", ""components"": {""force_smoothing"": false, ""pressure_retention"": true, ""uniformity"": true}, ""alpha_force"": 0.0, ""beta_pressure"": 1.0, ""gamma_uniformity"": 1.0, ""curvature_weight_override"": [[1000.0, 0.0, 0.0], [0.0, 1000.0, 0.0], [0.0, 0.0, 10.0]], ""pressure_epsilon_rel"": 0.0, ""smooth_stage_factors"": [0.01], ""smooth_stage_maxiters"": [30000], ""smooth_scale_floor"": 1e-20, ""gtol"": 1e-08, ""report_gradient_tol"": 0.001}","[{""segment_index"": 0, ""cumulative_start_iteration"": 0, ""accepted_iterations"": 13229, ""cumulative_end_iteration"": 13229, ""requested_remaining_iterations"": 30000, ""start_phase_content_id"": ""000000000000080fdccae6b41be90459"", ""terminal_phase_content_id"": ""000000000000080fca7718e925891074"", ""objective"": -30.702369972040707, ""gradient_norm"": 438.51249108806024, ""success"": false, ""status"": 2, ""message"": ""Desired error not necessarily achieved due to precision loss."", ""nfev"": 16380, ""njev"": 16368, ""runtime_sec"": 158.38708270000643, ""restart_from_identical_terminal_phase"": false}, {""segment_index"": 1, ""cumulative_start_iteration"": 13229, ""accepted_iterations"": 4507, ""cumulative_end_iteration"": 17736, ""requested_remaining_iterations"": 16771, ""start_phase_content_id"": ""000000000000080fca7718e925891074"", ""terminal_phase_content_id"": ""000000000000080faa3814455e4008cd"", ""objective"": -33.83154483764014, ""gradient_norm"": 446.82100724219316, ""success"": false, ""status"": 2, ""message"": ""Desired error not necessarily achieved due to precision loss."", ""nfev"": 5270, ""njev"": 5258, ""runtime_sec"": 51.99784250000084, ""restart_from_identical_terminal_phase"": true}, {""segment_index"": 2, ""cumulative_start_iteration"": 17736, ""accepted_iterations"": 2901, ""cumulative_end_iteration"": 20637, ""requested_remaining_iterations"": 12264, ""start_phase_content_id"": ""000000000000080faa3814455e4008cd"", ""terminal_phase_content_id"": ""000000000000080f103e2d9334b82614"", ""objective"": -34.85163321186122, ""gradient_norm"": 415.8498553162286, ""success"": false, ""status"": 2, ""message"": ""Desired error not necessarily achieved due to precision loss."", ""nfev"": 3561, ""njev"": 3549, ""runtime_sec"": 36.295706499993685, ""restart_from_identical_terminal_phase"": true}, {""segment_index"": 3, ""cumulative_start_iteration"": 20637, ""accepted_iterations"": 2769, ""cumulative_end_iteration"": 23406, ""requested_remaining_iterations"": 9363, ""start_phase_content_id"": ""000000000000080f103e2d9334b82614"", ""terminal_phase_content_id"": ""000000000000080f4063b7a91b131160"", ""objective"": -35.25361086700583, ""gradient_norm"": 453.7639216097168, ""success"": false, ""status"": 2, ""message"": ""Desired error not necessarily achieved due to precision loss."", ""nfev"": 3354, ""njev"": 3342, ""runtime_sec"": 32.946469899994554, ""restart_from_identical_terminal_phase"": true}, {""segment_index"": 4, ""cumulative_start_iteration"": 23406, ""accepted_iterations"": 743, ""cumulative_end_iteration"": 24149, ""requested_remaining_iterations"": 6594, ""start_phase_content_id"": ""000000000000080f4063b7a91b131160"", ""terminal_phase_content_id"": ""000000000000080f311efa79e55b12e8"", ""objective"": -35.37825648106092, ""gradient_norm"": 442.1147978895414, ""success"": false, ""status"": 2, ""message"": ""Desired error not necessarily achieved due to precision loss."", ""nfev"": 1060, ""njev"": 1048, ""runtime_sec"": 9.922787300005439, ""restart_from_identical_terminal_phase"": true}, {""segment_index"": 5, ""cumulative_start_iteration"": 24149, ""accepted_iterations"": 917, ""cumulative_end_iteration"": 25066, ""requested_remaining_iterations"": 5851, ""start_phase_content_id"": ""000000000000080f311efa79e55b12e8"", ""terminal_phase_content_id"": ""000000000000080f159ca4b8d420180a"", ""objective"": -35.40907382686261, ""gradient_norm"": 455.42842678213344, ""success"": false, ""status"": 2, ""message"": ""Desired error not necessarily achieved due to precision loss."", ""nfev"": 1267, ""njev"": 1255, ""runtime_sec"": 12.427626000004238, ""restart_from_identical_terminal_phase"": true}, {""segment_index"": 6, ""cumulative_start_iteration"": 25066, ""accepted_iterations"": 1001, ""cumulative_end_iteration"": 26067, ""requested_remaining_iterations"": 4934, ""start_phase_content_id"": ""000000000000080f159ca4b8d420180a"", ""terminal_phase_content_id"": ""000000000000080f401d851f061b079a"", ""objective"": -35.42504234982001, ""gradient_norm"": 398.20748118114517, ""success"": false, ""status"": 2, ""message"": ""Desired error not necessarily achieved due to precision loss."", ""nfev"": 1382, ""njev"": 1370, ""runtime_sec"": 13.822711700006039, ""restart_from_identical_terminal_phase"": true}, {""segment_index"": 7, ""cumulative_start_iteration"": 26067, ""accepted_iterations"": 531, ""cumulative_end_iteration"": 26598, ""requested_remaining_iterations"": 3933, ""start_phase_content_id"": ""000000000000080f401d851f061b079a"", ""terminal_phase_content_id"": ""000000000000080f1be33247718905eb"", ""objective"": -35.434740187629465, ""gradient_norm"": 416.3514901566522, ""success"": false, ""status"": 2, ""message"": ""Desired error not necessarily achieved due to precision loss."", ""nfev"": 810, ""njev"": 798, ""runtime_sec"": 7.316258999999263, ""restart_from_identical_terminal_phase"": true}, {""segment_index"": 8, ""cumulative_start_iteration"": 26598, ""accepted_iterations"": 521, ""cumulative_end_iteration"": 27119, ""requested_remaining_iterations"": 3402, ""start_phase_content_id"": ""000000000000080f1be33247718905eb"", ""terminal_phase_content_id"": ""000000000000080fe59739de9a4c1df9"", ""objective"": -35.44152692169036, ""gradient_norm"": 403.67729996770373, ""success"": false, ""status"": 2, ""message"": ""Desired error not necessarily achieved due to precision loss."", ""nfev"": 740, ""njev"": 728, ""runtime_sec"": 6.75649539999722, ""restart_from_identical_terminal_phase"": true}, {""segment_index"": 9, ""cumulative_start_iteration"": 27119, ""accepted_iterations"": 449, ""cumulative_end_iteration"": 27568, ""requested_remaining_iterations"": 2881, ""start_phase_content_id"": ""000000000000080fe59739de9a4c1df9"", ""terminal_phase_content_id"": ""000000000000080fc4aaaa5ef2ec2052"", ""objective"": -35.44564239278835, ""gradient_norm"": 456.7673675507603, ""success"": false, ""status"": 2, ""message"": ""Desired error not necessarily achieved due to precision loss."", ""nfev"": 670, ""njev"": 658, ""runtime_sec"": 5.9340125000017, ""restart_from_identical_terminal_phase"": true}, {""segment_index"": 10, ""cumulative_start_iteration"": 27568, ""accepted_iterations"": 431, ""cumulative_end_iteration"": 27999, ""requested_remaining_iterations"": 2432, ""start_phase_content_id"": ""000000000000080fc4aaaa5ef2ec2052"", ""terminal_phase_content_id"": ""000000000000080f1ae338773c091d5c"", ""objective"": -35.44790292460276, ""gradient_norm"": 413.46756084647274, ""success"": false, ""status"": 2, ""message"": ""Desired error not necessarily achieved due to precision loss."", ""nfev"": 644, ""njev"": 632, ""runtime_sec"": 5.804667399992468, ""restart_from_identical_terminal_phase"": true}, {""segment_index"": 11, ""cumulative_start_iteration"": 27999, ""accepted_iterations"": 377, ""cumulative_end_iteration"": 28376, ""requested_remaining_iterations"": 2001, ""start_phase_content_id"": ""000000000000080f1ae338773c091d5c"", ""terminal_phase_content_id"": ""000000000000080f64cb8e9433030f3f"", ""objective"": -35.44943088121016, ""gradient_norm"": 423.97320306508175, ""success"": false, ""status"": 2, ""message"": ""Desired error not necessarily achieved due to precision loss."", ""nfev"": 588, ""njev"": 576, ""runtime_sec"": 5.425391299999319, ""restart_from_identical_terminal_phase"": true}, {""segment_index"": 12, ""cumulative_start_iteration"": 28376, ""accepted_iterations"": 392, ""cumulative_end_iteration"": 28768, ""requested_remaining_iterations"": 1624, ""start_phase_content_id"": ""000000000000080f64cb8e9433030f3f"", ""terminal_phase_content_id"": ""000000000000080f6e891499f5a40ecc"", ""objective"": -35.4505241524559, ""gradient_norm"": 455.7048977075886, ""success"": false, ""status"": 2, ""message"": ""Desired error not necessarily achieved due to precision loss."", ""nfev"": 610, ""njev"": 598, ""runtime_sec"": 5.623574700002791, ""restart_from_identical_terminal_phase"": true}, {""segment_index"": 13, ""cumulative_start_iteration"": 28768, ""accepted_iterations"": 287, ""cumulative_end_iteration"": 29055, ""requested_remaining_iterations"": 1232, ""start_phase_content_id"": ""000000000000080f6e891499f5a40ecc"", ""terminal_phase_content_id"": ""000000000000080ff8ba9a15ddf4075a"", ""objective"": -35.451197085693664, ""gradient_norm"": 464.6006645020662, ""success"": false, ""status"": 2, ""message"": ""Desired error not necessarily achieved due to precision loss."", ""nfev"": 489, ""njev"": 475, ""runtime_sec"": 4.241872099999455, ""restart_from_identical_terminal_phase"": true}, {""segment_index"": 14, ""cumulative_start_iteration"": 29055, ""accepted_iterations"": 239, ""cumulative_end_iteration"": 29294, ""requested_remaining_iterations"": 945, ""start_phase_content_id"": ""000000000000080ff8ba9a15ddf4075a"", ""terminal_phase_content_id"": ""000000000000080f54d59ef2792a122d"", ""objective"": -35.45160761238754, ""gradient_norm"": 407.48141846360795, ""success"": false, ""status"": 2, ""message"": ""Desired error not necessarily achieved due to precision loss."", ""nfev"": 411, ""njev"": 399, ""runtime_sec"": 3.7524283999955514, ""restart_from_identical_terminal_phase"": true}, {""segment_index"": 15, ""cumulative_start_iteration"": 29294, ""accepted_iterations"": 274, ""cumulative_end_iteration"": 29568, ""requested_remaining_iterations"": 706, ""start_phase_content_id"": ""000000000000080f54d59ef2792a122d"", ""terminal_phase_content_id"": ""000000000000080fdf8cc981699f0991"", ""objective"": -35.45186615865809, ""gradient_norm"": 414.02283431224487, ""success"": false, ""status"": 2, ""message"": ""Desired error not necessarily achieved due to precision loss."", ""nfev"": 442, ""njev"": 430, ""runtime_sec"": 4.769666299995151, ""restart_from_identical_terminal_phase"": true}, {""segment_index"": 16, ""cumulative_start_iteration"": 29568, ""accepted_iterations"": 126, ""cumulative_end_iteration"": 29694, ""requested_remaining_iterations"": 432, ""start_phase_content_id"": ""000000000000080fdf8cc981699f0991"", ""terminal_phase_content_id"": ""000000000000080f18c275ba50272054"", ""objective"": -35.451994410571146, ""gradient_norm"": 453.68490925135677, ""success"": false, ""status"": 2, ""message"": ""Desired error not necessarily achieved due to precision loss."", ""nfev"": 229, ""njev"": 217, ""runtime_sec"": 2.6849860999936936, ""restart_from_identical_terminal_phase"": true}, {""segment_index"": 17, ""cumulative_start_iteration"": 29694, ""accepted_iterations"": 115, ""cumulative_end_iteration"": 29809, ""requested_remaining_iterations"": 306, ""start_phase_content_id"": ""000000000000080f18c275ba50272054"", ""terminal_phase_content_id"": ""000000000000080f4f0cb75b3a751214"", ""objective"": -35.45205920572777, ""gradient_norm"": 405.27745716323477, ""success"": false, ""status"": 2, ""message"": ""Desired error not necessarily achieved due to precision loss."", ""nfev"": 225, ""njev"": 213, ""runtime_sec"": 2.2268604999990202, ""restart_from_identical_terminal_phase"": true}, {""segment_index"": 18, ""cumulative_start_iteration"": 29809, ""accepted_iterations"": 32, ""cumulative_end_iteration"": 29841, ""requested_remaining_iterations"": 191, ""start_phase_content_id"": ""000000000000080f4f0cb75b3a751214"", ""terminal_phase_content_id"": ""000000000000080fb63615314ac62d6e"", ""objective"": -35.45206178182007, ""gradient_norm"": 425.4540999524755, ""success"": false, ""status"": 2, ""message"": ""Desired error not necessarily achieved due to precision loss."", ""nfev"": 116, ""njev"": 104, ""runtime_sec"": 1.0347544999967795, ""restart_from_identical_terminal_phase"": true}, {""segment_index"": 19, ""cumulative_start_iteration"": 29841, ""accepted_iterations"": 158, ""cumulative_end_iteration"": 29999, ""requested_remaining_iterations"": 159, ""start_phase_content_id"": ""000000000000080fb63615314ac62d6e"", ""terminal_phase_content_id"": ""000000000000080f8d08d4949b210de6"", ""objective"": -35.45212642035437, ""gradient_norm"": 474.0572469531907, ""success"": false, ""status"": 2, ""message"": ""Desired error not necessarily achieved due to precision loss."", ""nfev"": 288, ""njev"": 276, ""runtime_sec"": 3.062672300002305, ""restart_from_identical_terminal_phase"": true}, {""segment_index"": 20, ""cumulative_start_iteration"": 29999, ""accepted_iterations"": 1, ""cumulative_end_iteration"": 30000, ""requested_remaining_iterations"": 1, ""start_phase_content_id"": ""000000000000080f8d08d4949b210de6"", ""terminal_phase_content_id"": ""000000000000080f4cce7462f7490e14"", ""objective"": -35.452126433679695, ""gradient_norm"": 400.9971258012558, ""success"": false, ""status"": 1, ""message"": ""Maximum number of iterations has been exceeded."", ""nfev"": 14, ""njev"": 14, ""runtime_sec"": 0.15118230000371113, ""restart_from_identical_terminal_phase"": true}]"
FE,Triple,260872.0,,30000.0,30000.0,30000.0,2183,2274.0,-0.05048019221039915,3.2930946353628257e-08,3.2930946353628257e-08,3.2930946353628257e-08,,9.025221171711946e-09,True,N m^-1 rad^-1,native optimized-objective gradient,True,0.0,Optimization terminated successfully.,True,0.0,Optimization terminated successfully.,6.706506000002264,6.706506000002264,MultitrapRunResult.end_to_end_sec after a prepared problem; not used for cross-method ranking,000000000000080fc4a41241ee0d16fd,000000000000080f9526ce94e352f991,,,cached,C:\RINENG_COMPACT_FULL_20260920\RINENG_GFE_Standalone_Run\production_outputs\cache\production_triple_run\0000000000000a4dcf38c02cf42e6c32.pkl,C:\RINENG_COMPACT_FULL_20260920\RINENG_GFE_Standalone_Run\production_outputs\cache\production_triple_run\0000000000000a4dcf38c02cf42e6c32.pkl,gfe-compact-v3-task-specific-20260920-00000000000003f329a2,same-machine protocol record replayed from cache,"{""protocol_id"": ""main-fig8-comparable-end-to-end-v2"", ""scope"": ""fresh command construction from declared inputs through terminal host phase: problem/objective initialization, acoustic transfer construction, applicable host-to-device transfer, compilation/warmup, device synchronization, native solve, and result extraction included; independent mechanical validation, cache retrieval, table export, and rendering excluded"", ""backend"": ""numpy/scipy-cpu"", ""problem_initialization_s"": 0.0004130000015720725, ""acoustic_transfer_construction_s"": 0.009849999987636693, ""device_transfer_s"": null, ""compilation_warmup_s"": null, ""pre_solve_synchronization_s"": null, ""solve_s"": 6.716270800010534, ""post_solve_synchronization_s"": null, ""result_extraction_s"": 1.4999997802078724e-05, ""orchestration_overhead_s"": 7.800001185387373e-06, ""total_s"": 6.72655659999873, ""device_transfer_status"": ""not_applicable_synchronous_cpu"", ""compilation_warmup_status"": ""not_applicable_synchronous_cpu"", ""pre_solve_synchronization_status"": ""not_applicable_synchronous_cpu"", ""post_solve_synchronization_status"": ""not_applicable_synchronous_cpu"", ""decomposition_complete"": true, ""comparable_total"": true, ""exclusion_reason"": null}",engineering,BFGS,{},compact-multitrap-discrete-v1,,,PRODUCTION,True,,main-fig8-comparable-end-to-end-v2,"fresh command construction from declared inputs through terminal host phase: problem/objective initialization, acoustic transfer construction, applicable host-to-device transfer, compilation/warmup, device synchronization, native solve, and result extraction included; independent mechanical validation, cache retrieval, table export, and rendering excluded",numpy/scipy-cpu,True,,0.0004130000015720725,0.009849999987636693,N/A,N/A,N/A,6.716270800010534,N/A,1.4999997802078724e-05,7.800001185387373e-06,6.72655659999873,not_applicable_synchronous_cpu,not_applicable_synchronous_cpu,not_applicable_synchronous_cpu,not_applicable_synchronous_cpu,True,6.72655659999873,,,,,,,,,"{""method"": ""Regularized-FE"", ""components"": {""force_smoothing"": true, ""pressure_retention"": true, ""uniformity"": true}, ""alpha_force"": 3000.0, ""beta_pressure"": 5e-05, ""gamma_uniformity"": 1.0, ""curvature_weight_override"": [[1.0, 0.0, 0.0], [0.0, 1.0, 0.0], [0.0, 0.0, 10.0]], ""pressure_epsilon_rel"": 0.001, ""smooth_stage_factors"": [0.05, 0.01], ""smooth_stage_maxiters"": [250, 29750], ""smooth_scale_floor"": 1e-20, ""gtol"": 1e-08, ""report_gradient_tol"": 0.001}","[{""stage_index"": 0, ""stage_factor"": 0.05, ""maxiter"": 250, ""iterations"": 250, ""nfev"": 286, ""njev"": 286, ""runtime_sec"": 0.9409607999987202, ""objective"": -0.021076957022371022, ""gradient_norm"": 0.015171196552293964, ""success"": false, ""status"": 1, ""message"": ""Maximum number of iterations has been exceeded."", ""force_epsilon"": 3.345528507397075e-08, ""uniformity_epsilon"": 0.001598869899293727, ""gradient_inf_norm"": 0.00399450714696966}, {""stage_index"": 1, ""stage_factor"": 0.01, ""maxiter"": 29750, ""iterations"": 1933, ""nfev"": 1988, ""njev"": 1988, ""runtime_sec"": 5.7321446999994805, ""objective"": -0.05048019221039911, ""gradient_norm"": 3.293094153712841e-08, ""success"": true, ""status"": 0, ""message"": ""Optimization terminated successfully."", ""force_epsilon"": 6.691057014794149e-09, ""uniformity_epsilon"": 0.0003197739798587454, ""gradient_inf_norm"": 9.02521715084104e-09}]"
GFE,Triple,260872.0,,30000.0,30000.0,30000.0,1979,2059.0,-0.04964898880573283,2.9454279423493008e-08,2.9454279423493008e-08,2.9454279423493008e-08,,7.530790011336288e-09,True,N m^-1 rad^-1,native optimized-objective gradient,True,0.0,Optimization terminated successfully.,True,0.0,Optimization terminated successfully.,6.411524900002405,6.411524900002405,MultitrapRunResult.end_to_end_sec after a prepared problem; not used for cross-method ranking,000000000000080f3c93eb2da86c1416,000000000000080f9526ce94e352f991,,,cached,C:\RINENG_COMPACT_FULL_20260920\RINENG_GFE_Standalone_Run\production_outputs\cache\production_triple_run\0000000000000a72f150772bcf927a87.pkl,C:\RINENG_COMPACT_FULL_20260920\RINENG_GFE_Standalone_Run\production_outputs\cache\production_triple_run\0000000000000a72f150772bcf927a87.pkl,gfe-compact-v3-task-specific-20260920-00000000000003f329a2,same-machine protocol record replayed from cache,"{""protocol_id"": ""main-fig8-comparable-end-to-end-v2"", ""scope"": ""fresh command construction from declared inputs through terminal host phase: problem/objective initialization, acoustic transfer construction, applicable host-to-device transfer, compilation/warmup, device synchronization, native solve, and result extraction included; independent mechanical validation, cache retrieval, table export, and rendering excluded"", ""backend"": ""numpy/scipy-cpu"", ""problem_initialization_s"": 0.00040940000326372683, ""acoustic_transfer_construction_s"": 0.008266200005891733, ""device_transfer_s"": null, ""compilation_warmup_s"": null, ""pre_solve_synchronization_s"": null, ""solve_s"": 6.423297799992724, ""post_solve_synchronization_s"": null, ""result_extraction_s"": 1.550000160932541e-05, ""orchestration_overhead_s"": 8.300004992634058e-06, ""total_s"": 6.431997200008482, ""device_transfer_status"": ""not_applicable_synchronous_cpu"", ""compilation_warmup_status"": ""not_applicable_synchronous_cpu"", ""pre_solve_synchronization_status"": ""not_applicable_synchronous_cpu"", ""post_solve_synchronization_status"": ""not_applicable_synchronous_cpu"", ""decomposition_complete"": true, ""comparable_total"": true, ""exclusion_reason"": null}",engineering,BFGS,{},compact-multitrap-discrete-v1,,,PRODUCTION,True,,main-fig8-comparable-end-to-end-v2,"fresh command construction from declared inputs through terminal host phase: problem/objective initialization, acoustic transfer construction, applicable host-to-device transfer, compilation/warmup, device synchronization, native solve, and result extraction included; independent mechanical validation, cache retrieval, table export, and rendering excluded",numpy/scipy-cpu,True,,0.00040940000326372683,0.008266200005891733,N/A,N/A,N/A,6.423297799992724,N/A,1.550000160932541e-05,8.300004992634058e-06,6.431997200008482,not_applicable_synchronous_cpu,not_applicable_synchronous_cpu,not_applicable_synchronous_cpu,not_applicable_synchronous_cpu,True,6.431997200008482,,,,,,,,,"{""method"": ""Regularized-FE"", ""components"": {""force_smoothing"": true, ""pressure_retention"": true, ""uniformity"": true}, ""alpha_force"": 3000.0, ""beta_pressure"": 5e-05, ""gamma_uniformity"": 1.0, ""curvature_weight_override"": [[1.0, 0.0, 0.0], [0.0, 1.0, 0.0], [0.0, 0.0, 10.0]], ""pressure_epsilon_rel"": 0.001, ""smooth_stage_factors"": [0.05, 0.01], ""smooth_stage_maxiters"": [250, 29750], ""smooth_scale_floor"": 1e-20, ""gtol"": 1e-08, ""report_gradient_tol"": 0.001, ""compensate_effective_gravity"": true}","[{""stage_index"": 0, ""stage_factor"": 0.05, ""maxiter"": 250, ""iterations"": 250, ""nfev"": 291, ""njev"": 291, ""runtime_sec"": 0.8357856999937212, ""objective"": -0.0231442115642657, ""gradient_norm"": 0.024543788603992377, ""success"": false, ""status"": 1, ""message"": ""Maximum number of iterations has been exceeded."", ""force_epsilon"": 6.428546853503229e-08, ""uniformity_epsilon"": 0.0015683254785060195, ""gradient_inf_norm"": 0.00780475922282501}, {""stage_index"": 1, ""stage_factor"": 0.01, ""maxiter"": 29750, ""iterations"": 1729, ""nfev"": 1768, ""njev"": 1768, ""runtime_sec"": 5.542869600001723, ""objective"": -0.04964898880573262, ""gradient_norm"": 2.945427560984962e-08, ""success"": true, ""status"": 0, ""message"": ""Optimization terminated successfully."", ""force_epsilon"": 1.2857093707006457e-08, ""uniformity_epsilon"": 0.0003136650957012039, ""gradient_inf_norm"": 7.530788888714395e-09}]"
AD,Triple,260872.0,,,,,150,,,,,0.00036308553328442776,,,,dimensionless rad^-1,evaluated after and excluded from the common command-timing boundary,,,,,,,,0.07675779999408405,native AD invocation with device transfer/JIT/synchronization bundled; not used for cross-method ranking,000000000000080f4cc66b8940f92b06,,,,cached,C:\RINENG_COMPACT_FULL_20260920\RINENG_GFE_Standalone_Run\production_outputs\cache\production_holography_run\0000000000000894a92b463d4dc6d6c6.pkl,,gfe-compact-v3-task-specific-20260920-00000000000003f329a2,same-machine protocol record replayed from cache,"{""protocol_id"": ""main-fig8-comparable-end-to-end-v2"", ""scope"": ""fresh command construction from declared inputs through terminal host phase: problem/objective initialization, acoustic transfer construction, applicable host-to-device transfer, compilation/warmup, device synchronization, native solve, and result extraction included; independent mechanical validation, cache retrieval, table export, and rendering excluded"", ""backend"": ""jax-cpu"", ""problem_initialization_s"": 3.700000524986535e-05, ""acoustic_transfer_construction_s"": 0.001022299999021925, ""device_transfer_s"": null, ""compilation_warmup_s"": null, ""pre_solve_synchronization_s"": null, ""solve_s"": 0.07675779999408405, ""post_solve_synchronization_s"": null, ""result_extraction_s"": 6.799993570894003e-06, ""orchestration_overhead_s"": 7.50001345295459e-06, ""total_s"": 0.07783140000537969, ""device_transfer_status"": ""included_unseparated_in_native_solve"", ""compilation_warmup_status"": ""included_unseparated_in_native_solve"", ""pre_solve_synchronization_status"": ""included_unseparated_in_native_solve"", ""post_solve_synchronization_status"": ""included_unseparated_in_native_solve"", ""decomposition_complete"": false, ""comparable_total"": true, ""exclusion_reason"": null}",,,,,,,PRODUCTION,,,main-fig8-comparable-end-to-end-v2,"fresh command construction from declared inputs through terminal host phase: problem/objective initialization, acoustic transfer construction, applicable host-to-device transfer, compilation/warmup, device synchronization, native solve, and result extraction included; independent mechanical validation, cache retrieval, table export, and rendering excluded",jax-cpu,True,,3.700000524986535e-05,0.001022299999021925,N/A,N/A,N/A,0.07675779999408405,N/A,6.799993570894003e-06,7.50001345295459e-06,0.07783140000537969,included_unseparated_in_native_solve,included_unseparated_in_native_solve,included_unseparated_in_native_solve,included_unseparated_in_native_solve,False,0.07783140000537969,,,,0.0,"{""algorithm"": ""Acoustic hologram optimisation using automatic differentiation"", ""task"": ""Triple"", ""control_points"": 24, ""phase_only_commands"": true, ""loss_terms"": ""target_pressure_amplitude_only"", ""amplitude_normalization"": ""per-control-point phase-aligned row capacity"", ""base_seed"": 260872, ""effective_seed"": 261053, ""seed_offset"": 181, ""steps"": 150, ""learning_rate"": 0.1, ""beta1"": 0.9, ""beta2"": 0.999, ""epsilon"": 1e-08, ""initial_loss"": 0.8758631450026364, ""final_loss"": 0.5091622399729743, ""jit_sync_wall_s"": 0.07435960001021158, ""device_transfer_included"": true, ""jit_included"": true, ""device_synchronization_included"": true, ""loss_history"": ""[0.87586315 0.84895694 0.82257042 0.79700477 0.77244004 0.74904741\n 0.72697978 0.70631655 0.68708063 0.66926484 0.65284741 0.63780046\n 0.62408963 0.61167224 0.60049781 0.59050816 0.58163573 0.57380407\n 0.56693027 0.56092673 0.55570281 0.55116712 0.5472297  0.54380454\n 0.540812   0.53818095 0.53585113 0.53377503 0.53191732 0.53025146\n 0.5287555  0.52740878 0.52619066 0.52508125 0.52406281 0.523121\n 0.52224559 0.52143019 0.52067127 0.51996677 0.51931478 0.51871254\n 0.51815615 0.51764085 0.51716172 0.51671449 0.51629597 0.5159042\n 0.51553836 0.51519856 0.51488531 0.514599   0.51433944 0.51410574\n 0.5138963  0.51370894 0.51354112 0.5133901  0.51325294 0.51312643\n 0.51300705 0.51289112 0.51277507 0.51265572 0.51253054 0.51239787\n 0.51225701 0.51210841 0.51195362 0.51179515 0.5116362  0.51148047\n 0.5113319  0.51119436 0.51107127 0.51096521 0.51087765 0.51080886\n 0.51075789 0.5107227  0.51070042 0.51068766 0.51068092 0.51067695\n 0.51067301 0.51066711 0.51065796 0.51064499 0.51062823 0.51060817\n 0.51058561 0.51056149 0.51053676 0.51051228 0.51048875 0.51046661\n 0.51044608 0.51042712 0.51040952 0.51039293 0.5103769  0.51036094\n 0.5103446  0.51032745 0.51030917 0.51028948 0.51026823 0.51024533\n 0.51022079 0.51019468 0.51016713 0.51013831 0.5101084  0.5100776\n 0.51004611 0.51001414 0.50998188 0.50994951 0.5099172  0.50988512\n 0.50985338 0.50982213 0.50979148 0.50976154 0.5097324  0.50970414\n 0.50967683 0.5096505  0.50962516 0.50960079 0.50957735 0.50955477\n 0.50953296 0.50951183 0.50949127 0.50947115 0.50945137 0.50943182\n 0.5094124  0.50939302 0.50937358 0.50935402 0.50933427 0.50931427\n 0.50929395 0.50927326 0.50925213 0.50923052 0.50920836 0.50918562\n 0.50916224]""}",,,,,
Conventional,Triple,260873.0,,30000.0,30000.0,30000.0,30000,36900.0,-35.38416347291625,432.8785061834484,432.8785061834484,432.8785061834484,,,,N m^-1 rad^-1,native optimized-objective gradient,False,1.0,cumulative-accepted-iteration-cap,False,1.0,cumulative-accepted-iteration-cap,338.68073269999877,338.68073269999877,CumulativeBFGSResult.solve_sec; internal solve/checkpoint interval; not used for cross-method ranking,000000000000080fd0a8216d4de6099e,000000000000080f02712b5425fbffaf,,,cached,C:\RINENG_COMPACT_FULL_20260920\RINENG_GFE_Standalone_Run\production_outputs\cache\production_triple_run\00000000000009f89396b56203af4d2e.pkl,C:\RINENG_COMPACT_FULL_20260920\RINENG_GFE_Standalone_Run\production_outputs\cache\production_triple_run\00000000000009f89396b56203af4d2e.pkl,gfe-compact-v3-task-specific-20260920-00000000000003f329a2,same-machine protocol record replayed from cache,"{""protocol_id"": ""main-fig8-comparable-end-to-end-v2"", ""scope"": ""fresh command construction from declared inputs through terminal host phase: problem/objective initialization, acoustic transfer construction, applicable host-to-device transfer, compilation/warmup, device synchronization, native solve, and result extraction included; independent mechanical validation, cache retrieval, table export, and rendering excluded"", ""backend"": ""numpy/scipy-cpu"", ""problem_initialization_s"": 0.00035570000181905925, ""acoustic_transfer_construction_s"": 0.008659900006023236, ""device_transfer_s"": null, ""compilation_warmup_s"": null, ""pre_solve_synchronization_s"": null, ""solve_s"": 338.68963310000254, ""post_solve_synchronization_s"": null, ""result_extraction_s"": 6.900008884258568e-06, ""orchestration_overhead_s"": 4.999994416721165e-06, ""total_s"": 338.6986606000137, ""device_transfer_status"": ""not_applicable_synchronous_cpu"", ""compilation_warmup_status"": ""not_applicable_synchronous_cpu"", ""pre_solve_synchronization_status"": ""not_applicable_synchronous_cpu"", ""post_solve_synchronization_status"": ""not_applicable_synchronous_cpu"", ""decomposition_complete"": true, ""comparable_total"": true, ""exclusion_reason"": null}",engineering,BFGS,{},native,,,PRODUCTION,True,,main-fig8-comparable-end-to-end-v2,"fresh command construction from declared inputs through terminal host phase: problem/objective initialization, acoustic transfer construction, applicable host-to-device transfer, compilation/warmup, device synchronization, native solve, and result extraction included; independent mechanical validation, cache retrieval, table export, and rendering excluded",numpy/scipy-cpu,True,,0.00035570000181905925,0.008659900006023236,N/A,N/A,N/A,338.68963310000254,N/A,6.900008884258568e-06,4.999994416721165e-06,338.6986606000137,not_applicable_synchronous_cpu,not_applicable_synchronous_cpu,not_applicable_synchronous_cpu,not_applicable_synchronous_cpu,True,338.6986606000137,,,,,,,,,"{""method"": ""Conventional"", ""components"": {""force_smoothing"": false, ""pressure_retention"": true, ""uniformity"": true}, ""alpha_force"": 0.0, ""beta_pressure"": 1.0, ""gamma_uniformity"": 1.0, ""curvature_weight_override"": [[1000.0, 0.0, 0.0], [0.0, 1000.0, 0.0], [0.0, 0.0, 10.0]], ""pressure_epsilon_rel"": 0.0, ""smooth_stage_factors"": [0.01], ""smooth_stage_maxiters"": [30000], ""smooth_scale_floor"": 1e-20, ""gtol"": 1e-08, ""report_gradient_tol"": 0.001}","[{""segment_index"": 0, ""cumulative_start_iteration"": 0, ""accepted_iterations"": 14515, ""cumulative_end_iteration"": 14515, ""requested_remaining_iterations"": 30000, ""start_phase_content_id"": ""000000000000080f42950e71d9ed26d8"", ""terminal_phase_content_id"": ""000000000000080f617a9430a61c15a2"", ""objective"": -30.65629462512946, ""gradient_norm"": 482.3005996573134, ""success"": false, ""status"": 2, ""message"": ""Desired error not necessarily achieved due to precision loss."", ""nfev"": 17803, ""njev"": 17791, ""runtime_sec"": 164.75691609999922, ""restart_from_identical_terminal_phase"": false}, {""segment_index"": 1, ""cumulative_start_iteration"": 14515, ""accepted_iterations"": 3291, ""cumulative_end_iteration"": 17806, ""requested_remaining_iterations"": 15485, ""start_phase_content_id"": ""000000000000080f617a9430a61c15a2"", ""terminal_phase_content_id"": ""000000000000080f1f7e4e7e105917f7"", ""objective"": -32.56970981146845, ""gradient_norm"": 419.30865012250456, ""success"": false, ""status"": 2, ""message"": ""Desired error not necessarily achieved due to precision loss."", ""nfev"": 3928, ""njev"": 3916, ""runtime_sec"": 37.79086979999556, ""restart_from_identical_terminal_phase"": true}, {""segment_index"": 2, ""cumulative_start_iteration"": 17806, ""accepted_iterations"": 2647, ""cumulative_end_iteration"": 20453, ""requested_remaining_iterations"": 12194, ""start_phase_content_id"": ""000000000000080f1f7e4e7e105917f7"", ""terminal_phase_content_id"": ""000000000000080f768376ecdbda0a96"", ""objective"": -33.11985249455341, ""gradient_norm"": 346.3391627113012, ""success"": false, ""status"": 2, ""message"": ""Desired error not necessarily achieved due to precision loss."", ""nfev"": 3203, ""njev"": 3191, ""runtime_sec"": 29.518675700004678, ""restart_from_identical_terminal_phase"": true}, {""segment_index"": 3, ""cumulative_start_iteration"": 20453, ""accepted_iterations"": 1641, ""cumulative_end_iteration"": 22094, ""requested_remaining_iterations"": 9547, ""start_phase_content_id"": ""000000000000080f768376ecdbda0a96"", ""terminal_phase_content_id"": ""000000000000080fe57056e4cc102c63"", ""objective"": -33.76765038411856, ""gradient_norm"": 415.54795741508593, ""success"": false, ""status"": 2, ""message"": ""Desired error not necessarily achieved due to precision loss."", ""nfev"": 2097, ""njev"": 2085, ""runtime_sec"": 18.603194399998756, ""restart_from_identical_terminal_phase"": true}, {""segment_index"": 4, ""cumulative_start_iteration"": 22094, ""accepted_iterations"": 3418, ""cumulative_end_iteration"": 25512, ""requested_remaining_iterations"": 7906, ""start_phase_content_id"": ""000000000000080fe57056e4cc102c63"", ""terminal_phase_content_id"": ""000000000000080fb74d367f22ea0c43"", ""objective"": -34.42890107073563, ""gradient_norm"": 446.3346409716409, ""success"": false, ""status"": 2, ""message"": ""Desired error not necessarily achieved due to precision loss."", ""nfev"": 4069, ""njev"": 4057, ""runtime_sec"": 36.522380900001735, ""restart_from_identical_terminal_phase"": true}, {""segment_index"": 5, ""cumulative_start_iteration"": 25512, ""accepted_iterations"": 2602, ""cumulative_end_iteration"": 28114, ""requested_remaining_iterations"": 4488, ""start_phase_content_id"": ""000000000000080fb74d367f22ea0c43"", ""terminal_phase_content_id"": ""000000000000080fe60ffa28ecad2dd8"", ""objective"": -35.00386099276579, ""gradient_norm"": 410.9669758294857, ""success"": false, ""status"": 2, ""message"": ""Desired error not necessarily achieved due to precision loss."", ""nfev"": 3233, ""njev"": 3221, ""runtime_sec"": 28.82015329999558, ""restart_from_identical_terminal_phase"": true}, {""segment_index"": 6, ""cumulative_start_iteration"": 28114, ""accepted_iterations"": 1280, ""cumulative_end_iteration"": 29394, ""requested_remaining_iterations"": 1886, ""start_phase_content_id"": ""000000000000080fe60ffa28ecad2dd8"", ""terminal_phase_content_id"": ""000000000000080f7fadf9db88ce20c4"", ""objective"": -35.27801956507012, ""gradient_norm"": 446.8613852526463, ""success"": false, ""status"": 2, ""message"": ""Desired error not necessarily achieved due to precision loss."", ""nfev"": 1711, ""njev"": 1699, ""runtime_sec"": 15.19501890000538, ""restart_from_identical_terminal_phase"": true}, {""segment_index"": 7, ""cumulative_start_iteration"": 29394, ""accepted_iterations"": 606, ""cumulative_end_iteration"": 30000, ""requested_remaining_iterations"": 606, ""start_phase_content_id"": ""000000000000080f7fadf9db88ce20c4"", ""terminal_phase_content_id"": ""000000000000080fd0a8216d4de6099e"", ""objective"": -35.38416347291625, ""gradient_norm"": 432.8785061834484, ""success"": false, ""status"": 1, ""message"": ""Maximum number of iterations has been exceeded."", ""nfev"": 856, ""njev"": 856, ""runtime_sec"": 7.464144800003851, ""restart_from_identical_terminal_phase"": true}]"
FE,Triple,260873.0,,30000.0,30000.0,30000.0,3107,3213.0,-0.05047934626361262,5.012448368419999e-08,5.012448368419999e-08,5.012448368419999e-08,,8.819416023727876e-09,True,N m^-1 rad^-1,native optimized-objective gradient,True,0.0,Optimization terminated successfully.,True,0.0,Optimization terminated successfully.,7.766832399996929,7.766832399996929,MultitrapRunResult.end_to_end_sec after a prepared problem; not used for cross-method ranking,000000000000080fba5dea05ab4b081c,000000000000080f02712b5425fbffaf,,,cached,C:\RINENG_COMPACT_FULL_20260920\RINENG_GFE_Standalone_Run\production_outputs\cache\production_triple_run\0000000000000a4d7a7c49b12d696ca9.pkl,C:\RINENG_COMPACT_FULL_20260920\RINENG_GFE_Standalone_Run\production_outputs\cache\production_triple_run\0000000000000a4d7a7c49b12d696ca9.pkl,gfe-compact-v3-task-specific-20260920-00000000000003f329a2,same-machine protocol record replayed from cache,"{""protocol_id"": ""main-fig8-comparable-end-to-end-v2"", ""scope"": ""fresh command construction from declared inputs through terminal host phase: problem/objective initialization, acoustic transfer construction, applicable host-to-device transfer, compilation/warmup, device synchronization, native solve, and result extraction included; independent mechanical validation, cache retrieval, table export, and rendering excluded"", ""backend"": ""numpy/scipy-cpu"", ""problem_initialization_s"": 0.0003626000107033178, ""acoustic_transfer_construction_s"": 0.008005600000615232, ""device_transfer_s"": null, ""compilation_warmup_s"": null, ""pre_solve_synchronization_s"": null, ""solve_s"": 7.780663199999253, ""post_solve_synchronization_s"": null, ""result_extraction_s"": 1.550000160932541e-05, ""orchestration_overhead_s"": 7.699985872022808e-06, ""total_s"": 7.789054599998053, ""device_transfer_status"": ""not_applicable_synchronous_cpu"", ""compilation_warmup_status"": ""not_applicable_synchronous_cpu"", ""pre_solve_synchronization_status"": ""not_applicable_synchronous_cpu"", ""post_solve_synchronization_status"": ""not_applicable_synchronous_cpu"", ""decomposition_complete"": true, ""comparable_total"": true, ""exclusion_reason"": null}",engineering,BFGS,{},compact-multitrap-discrete-v1,,,PRODUCTION,True,,main-fig8-comparable-end-to-end-v2,"fresh command construction from declared inputs through terminal host phase: problem/objective initialization, acoustic transfer construction, applicable host-to-device transfer, compilation/warmup, device synchronization, native solve, and result extraction included; independent mechanical validation, cache retrieval, table export, and rendering excluded",numpy/scipy-cpu,True,,0.0003626000107033178,0.008005600000615232,N/A,N/A,N/A,7.780663199999253,N/A,1.550000160932541e-05,7.699985872022808e-06,7.789054599998053,not_applicable_synchronous_cpu,not_applicable_synchronous_cpu,not_applicable_synchronous_cpu,not_applicable_synchronous_cpu,True,7.789054599998053,,,,,,,,,"{""method"": ""Regularized-FE"", ""components"": {""force_smoothing"": true, ""pressure_retention"": true, ""uniformity"": true}, ""alpha_force"": 3000.0, ""beta_pressure"": 5e-05, ""gamma_uniformity"": 1.0, ""curvature_weight_override"": [[1.0, 0.0, 0.0], [0.0, 1.0, 0.0], [0.0, 0.0, 10.0]], ""pressure_epsilon_rel"": 0.001, ""smooth_stage_factors"": [0.05, 0.01], ""smooth_stage_maxiters"": [250, 29750], ""smooth_scale_floor"": 1e-20, ""gtol"": 1e-08, ""report_gradient_tol"": 0.001}","[{""stage_index"": 0, ""stage_factor"": 0.05, ""maxiter"": 250, ""iterations"": 250, ""nfev"": 290, ""njev"": 290, ""runtime_sec"": 0.6441874000011012, ""objective"": -0.028876624818338855, ""gradient_norm"": 0.009492102898214689, ""success"": false, ""status"": 1, ""message"": ""Maximum number of iterations has been exceeded."", ""force_epsilon"": 1.1140803066029554e-08, ""uniformity_epsilon"": 0.0006187833153023401, ""gradient_inf_norm"": 0.002944998113378155}, {""stage_index"": 1, ""stage_factor"": 0.01, ""maxiter"": 29750, ""iterations"": 2857, ""nfev"": 2923, ""njev"": 2923, ""runtime_sec"": 7.094088200014085, ""objective"": -0.05047934626361252, ""gradient_norm"": 5.012450298298176e-08, ""success"": true, ""status"": 0, ""message"": ""Optimization terminated successfully."", ""force_epsilon"": 2.228160613205911e-09, ""uniformity_epsilon"": 0.000123756663060468, ""gradient_inf_norm"": 8.819401750543394e-09}]"
GFE,Triple,260873.0,,30000.0,30000.0,30000.0,3523,3629.0,-0.04964826738727459,3.208661386611917e-08,3.208661386611917e-08,3.208661386611917e-08,,8.358797306233043e-09,True,N m^-1 rad^-1,native optimized-objective gradient,True,0.0,Optimization terminated successfully.,True,0.0,Optimization terminated successfully.,8.997988199989777,8.997988199989777,MultitrapRunResult.end_to_end_sec after a prepared problem; not used for cross-method ranking,000000000000080f6be3b674086f0551,000000000000080f02712b5425fbffaf,,,cached,C:\RINENG_COMPACT_FULL_20260920\RINENG_GFE_Standalone_Run\production_outputs\cache\production_triple_run\0000000000000a72096f0b2709437afe.pkl,C:\RINENG_COMPACT_FULL_20260920\RINENG_GFE_Standalone_Run\production_outputs\cache\production_triple_run\0000000000000a72096f0b2709437afe.pkl,gfe-compact-v3-task-specific-20260920-00000000000003f329a2,same-machine protocol record replayed from cache,"{""protocol_id"": ""main-fig8-comparable-end-to-end-v2"", ""scope"": ""fresh command construction from declared inputs through terminal host phase: problem/objective initialization, acoustic transfer construction, applicable host-to-device transfer, compilation/warmup, device synchronization, native solve, and result extraction included; independent mechanical validation, cache retrieval, table export, and rendering excluded"", ""backend"": ""numpy/scipy-cpu"", ""problem_initialization_s"": 0.00038100000529084355, ""acoustic_transfer_construction_s"": 0.00846510000701528, ""device_transfer_s"": null, ""compilation_warmup_s"": null, ""pre_solve_synchronization_s"": null, ""solve_s"": 9.016457199992146, ""post_solve_synchronization_s"": null, ""result_extraction_s"": 2.2100008209235966e-05, ""orchestration_overhead_s"": 1.1099997209385037e-05, ""total_s"": 9.025336500009871, ""device_transfer_status"": ""not_applicable_synchronous_cpu"", ""compilation_warmup_status"": ""not_applicable_synchronous_cpu"", ""pre_solve_synchronization_status"": ""not_applicable_synchronous_cpu"", ""post_solve_synchronization_status"": ""not_applicable_synchronous_cpu"", ""decomposition_complete"": true, ""comparable_total"": true, ""exclusion_reason"": null}",engineering,BFGS,{},compact-multitrap-discrete-v1,,,PRODUCTION,True,,main-fig8-comparable-end-to-end-v2,"fresh command construction from declared inputs through terminal host phase: problem/objective initialization, acoustic transfer construction, applicable host-to-device transfer, compilation/warmup, device synchronization, native solve, and result extraction included; independent mechanical validation, cache retrieval, table export, and rendering excluded",numpy/scipy-cpu,True,,0.00038100000529084355,0.00846510000701528,N/A,N/A,N/A,9.016457199992146,N/A,2.2100008209235966e-05,1.1099997209385037e-05,9.025336500009871,not_applicable_synchronous_cpu,not_applicable_synchronous_cpu,not_applicable_synchronous_cpu,not_applicable_synchronous_cpu,True,9.025336500009871,,,,,,,,,"{""method"": ""Regularized-FE"", ""components"": {""force_smoothing"": true, ""pressure_retention"": true, ""uniformity"": true}, ""alpha_force"": 3000.0, ""beta_pressure"": 5e-05, ""gamma_uniformity"": 1.0, ""curvature_weight_override"": [[1.0, 0.0, 0.0], [0.0, 1.0, 0.0], [0.0, 0.0, 10.0]], ""pressure_epsilon_rel"": 0.001, ""smooth_stage_factors"": [0.05, 0.01], ""smooth_stage_maxiters"": [250, 29750], ""smooth_scale_floor"": 1e-20, ""gtol"": 1e-08, ""report_gradient_tol"": 0.001, ""compensate_effective_gravity"": true}","[{""stage_index"": 0, ""stage_factor"": 0.05, ""maxiter"": 250, ""iterations"": 250, ""nfev"": 291, ""njev"": 291, ""runtime_sec"": 0.6456881000049179, ""objective"": -0.031057915333761888, ""gradient_norm"": 0.015054756979088717, ""success"": false, ""status"": 1, ""message"": ""Maximum number of iterations has been exceeded."", ""force_epsilon"": 5.9113149407299544e-08, ""uniformity_epsilon"": 0.0006123304599523548, ""gradient_inf_norm"": 0.004516444276514466}, {""stage_index"": 1, ""stage_factor"": 0.01, ""maxiter"": 29750, ""iterations"": 3273, ""nfev"": 3338, ""njev"": 3338, ""runtime_sec"": 8.319716400001198, ""objective"": -0.04964826738727462, ""gradient_norm"": 3.2086614875623926e-08, ""success"": true, ""status"": 0, ""message"": ""Optimization terminated successfully."", ""force_epsilon"": 1.1822629881459908e-08, ""uniformity_epsilon"": 0.00012246609199047096, ""gradient_inf_norm"": 8.358796733952173e-09}]"
AD,Triple,260873.0,,,,,150,,,,,0.0005138859546120871,,,,dimensionless rad^-1,evaluated after and excluded from the common command-timing boundary,,,,,,,,0.0816867999965325,native AD invocation with device transfer/JIT/synchronization bundled; not used for cross-method ranking,000000000000080f516e78d8ae6ff1fc,,,,cached,C:\RINENG_COMPACT_FULL_20260920\RINENG_GFE_Standalone_Run\production_outputs\cache\production_holography_run\00000000000008941dda9fc6531dd6c8.pkl,,gfe-compact-v3-task-specific-20260920-00000000000003f329a2,same-machine protocol record replayed from cache,"{""protocol_id"": ""main-fig8-comparable-end-to-end-v2"", ""scope"": ""fresh command construction from declared inputs through terminal host phase: problem/objective initialization, acoustic transfer construction, applicable host-to-device transfer, compilation/warmup, device synchronization, native solve, and result extraction included; independent mechanical validation, cache retrieval, table export, and rendering excluded"", ""backend"": ""jax-cpu"", ""problem_initialization_s"": 3.1400006264448166e-05, ""acoustic_transfer_construction_s"": 0.0010157000069739297, ""device_transfer_s"": null, ""compilation_warmup_s"": null, ""pre_solve_synchronization_s"": null, ""solve_s"": 0.0816867999965325, ""post_solve_synchronization_s"": null, ""result_extraction_s"": 7.299997378140688e-06, ""orchestration_overhead_s"": 7.90000194683671e-06, ""total_s"": 0.08274910000909586, ""device_transfer_status"": ""included_unseparated_in_native_solve"", ""compilation_warmup_status"": ""included_unseparated_in_native_solve"", ""pre_solve_synchronization_status"": ""included_unseparated_in_native_solve"", ""post_solve_synchronization_status"": ""included_unseparated_in_native_solve"", ""decomposition_complete"": false, ""comparable_total"": true, ""exclusion_reason"": null}",,,,,,,PRODUCTION,,,main-fig8-comparable-end-to-end-v2,"fresh command construction from declared inputs through terminal host phase: problem/objective initialization, acoustic transfer construction, applicable host-to-device transfer, compilation/warmup, device synchronization, native solve, and result extraction included; independent mechanical validation, cache retrieval, table export, and rendering excluded",jax-cpu,True,,3.1400006264448166e-05,0.0010157000069739297,N/A,N/A,N/A,0.0816867999965325,N/A,7.299997378140688e-06,7.90000194683671e-06,0.08274910000909586,included_unseparated_in_native_solve,included_unseparated_in_native_solve,included_unseparated_in_native_solve,included_unseparated_in_native_solve,False,0.08274910000909586,,,,0.0,"{""algorithm"": ""Acoustic hologram optimisation using automatic differentiation"", ""task"": ""Triple"", ""control_points"": 24, ""phase_only_commands"": true, ""loss_terms"": ""target_pressure_amplitude_only"", ""amplitude_normalization"": ""per-control-point phase-aligned row capacity"", ""base_seed"": 260873, ""effective_seed"": 261054, ""seed_offset"": 181, ""steps"": 150, ""learning_rate"": 0.1, ""beta1"": 0.9, ""beta2"": 0.999, ""epsilon"": 1e-08, ""initial_loss"": 0.8753844848733403, ""final_loss"": 0.5089346954255581, ""jit_sync_wall_s"": 0.07695529999909922, ""device_transfer_included"": true, ""jit_included"": true, ""device_synchronization_included"": true, ""loss_history"": ""[0.87538448 0.85119945 0.82747227 0.80444809 0.78241465 0.76158347\n 0.74205871 0.72384323 0.70686573 0.69104605 0.67634494 0.66275508\n 0.6502776  0.63890472 0.62861689 0.61938366 0.61116039 0.60388824\n 0.59749855 0.59191956 0.58708138 0.58291539 0.57935213 0.57632287\n 0.57376223 0.57160737 0.56979546 0.56826205 0.56694296 0.56577829\n 0.56471452 0.56370511 0.56271246 0.56171065 0.56068623 0.5596361\n 0.55856433 0.55748016 0.5563966  0.5553282  0.55428824 0.5532873\n 0.55233282 0.55142857 0.55057461 0.54976826 0.54900494 0.54827845\n 0.5475812  0.54690501 0.5462416  0.54558271 0.54492094 0.54425118\n 0.54357128 0.54288216 0.54218778 0.54149456 0.54080976 0.54013992\n 0.53948973 0.53886118 0.53825309 0.53766115 0.53707831 0.53649552\n 0.53590296 0.53529139 0.53465329 0.53398383 0.53328159 0.53254882\n 0.53179128 0.53101818 0.53024169 0.52947594 0.52873577 0.52803519\n 0.5273858  0.5267954  0.5262671  0.52579893 0.5253846  0.52501509\n 0.52468072 0.52437277 0.52408433 0.52381034 0.52354721 0.52329238\n 0.523044   0.52280062 0.5225611  0.52232448 0.5220898  0.52185595\n 0.52162156 0.52138497 0.52114401 0.52089582 0.52063672 0.52036203\n 0.52006616 0.51974267 0.51938463 0.51898498 0.5185372  0.51803619\n 0.51747954 0.51686899 0.51621187 0.51552204 0.51481992 0.51413119\n 0.51348407 0.51290552 0.51241691 0.51203013 0.51174526 0.51155075\n 0.51142612 0.51134654 0.51128764 0.51122924 0.5111573  0.5110642\n 0.51094803 0.51081134 0.51065962 0.51049996 0.51033976 0.5101857\n 0.51004297 0.50991489 0.50980284 0.50970637 0.50962369 0.50955213\n 0.50948872 0.50943065 0.50937568 0.50932227 0.5092697  0.50921793\n 0.50916744 0.50911904 0.50907362 0.509032   0.50899482 0.50896237\n 0.5089347 ]""}",,,,,
IB,Triple,,,,,,200,,,,,,,,,N/A,not applicable: prescribed IB/GS command has no scalar optimized phase objective,,,,False,,,,0.009899900003802031,native prescribed-field method invocation; not used for cross-method ranking,000000000000080f94150315ffcd25f7,,,,cached,C:\RINENG_COMPACT_FULL_20260920\RINENG_GFE_Standalone_Run\production_outputs\cache\production_holography_run\000000000000084e4fed7961b7dac517.pkl,,gfe-compact-v3-task-specific-20260920-00000000000003f329a2,same-machine protocol record replayed from cache,"{""protocol_id"": ""main-fig8-comparable-end-to-end-v2"", ""aggregate"": ""median total over 5 complete observations"", ""observation_table"": ""production_timing_observations.csv""}",,,,,,,PRODUCTION,,,main-fig8-comparable-end-to-end-v2,"fresh command construction from declared inputs through terminal host phase: problem/objective initialization, acoustic transfer construction, applicable host-to-device transfer, compilation/warmup, device synchronization, native solve, and result extraction included; independent mechanical validation, cache retrieval, table export, and rendering excluded",numpy-cpu,True,,3.2500000088475645e-05,0.0010588999866740778,N/A,N/A,N/A,0.009899900003802031,N/A,2.900007530115545e-06,5.599998985417187e-06,0.010999799997080117,not_applicable_synchronous_cpu,not_applicable_synchronous_cpu,not_applicable_synchronous_cpu,not_applicable_synchronous_cpu,True,0.010999799997080117,,,,0.0,"{""control_group_size"": 8}",1.4757793599241393,5.0,one deterministic endpoint; command time is median of 5 protocol observations (fresh or same-machine replay),,
GS,Triple,,,,,,100,,,,,,,,,N/A,not applicable: prescribed IB/GS command has no scalar optimized phase objective,,,,,,,,0.0026184000016655773,native prescribed-field method invocation; not used for cross-method ranking,000000000000080f1cec1a23196a228d,,,,cached,C:\RINENG_COMPACT_FULL_20260920\RINENG_GFE_Standalone_Run\production_outputs\cache\production_holography_run\000000000000083c7d30ade7c407bfb1.pkl,,gfe-compact-v3-task-specific-20260920-00000000000003f329a2,same-machine protocol record replayed from cache,"{""protocol_id"": ""main-fig8-comparable-end-to-end-v2"", ""aggregate"": ""median total over 5 complete observations"", ""observation_table"": ""production_timing_observations.csv""}",,,,,,,PRODUCTION,,,main-fig8-comparable-end-to-end-v2,"fresh command construction from declared inputs through terminal host phase: problem/objective initialization, acoustic transfer construction, applicable host-to-device transfer, compilation/warmup, device synchronization, native solve, and result extraction included; independent mechanical validation, cache retrieval, table export, and rendering excluded",numpy-cpu,True,,3.37999954354018e-05,0.0010850999969989061,N/A,N/A,N/A,0.0026184000016655773,N/A,3.3999967854470015e-06,6.300018867477775e-06,0.0026553000061539933,not_applicable_synchronous_cpu,not_applicable_synchronous_cpu,not_applicable_synchronous_cpu,not_applicable_synchronous_cpu,True,0.0026553000061539933,,,,0.0,"{""native_clipped_source_power"": 1.1153774951043847e-05, ""phase_only"": true, ""control_group_size"": 8}",,5.0,one deterministic endpoint; command time is median of 5 protocol observations (fresh or same-machine replay),,
