task,method,seed,alpha_factor,lambda_pressure_factor,beta_factor,gamma_uniformity,epsilon_pressure_rel,epsilon_force_factor,epsilon_std_factor,axial_ratio_factor,transverse_ratio_factor,stencil_factor,first_stage_iterations,first_stage_factor,cap,optimizer,gtol,c1,c2,maxcor,maxls,ftol,maxfun,learning_rate,beta1,beta2,adam_epsilon,learning_rate_end_ratio,schedule,weight_decay,section,parameter,parameter_value,run_id,phase_content_id,initial_phase_content_id,objective_n_m,initial_objective_final_stage_n_m,terminal_gradient_l2,terminal_gradient_inf,relative_gradient_l2,initial_gradient_l2,native_success,native_status,native_message,raw_gtol_met,legacy_reporting_threshold_met,iterations,evaluations,solve_wall_s,initialization_s,objective_setup_s,actual_config_json,stages_json,cache_status,stationarity_scope,same_objective_optimizer_control,surrogate_residual_n,weighted_curvature_n_m,target_pressure_pa,command_cosine_to_fixed_GFE,field_cosine_to_fixed_GFE,fixed_reference_run_id,fixed_reference_phase_content_id,mechanics_evaluated,all_roots,all_locally_restoring,worst_displacement_a,minimum_stiffness_n_m,timing_comparison_eligible,timing_note,evidence_mode,common_nominal_loss_std_n_m,local_loss_std_n_m,worst_displacement_m
Single,FE,260828,0.01,1.0,1.0,1.0,0.001,1.0,1.0,1.0,1.0,1.0,250,0.05,10000,L-BFGS-B,1e-08,0.0001,0.9,10,40,0.0,1000000,0.03,0.9,0.999,1e-12,0.0001,cosine,0.0,continuous,alpha_factor,0.01,000000000000049706a9fe6dbae4,000000000000080f84a2ff9c0706356e,000000000000080f897ccb5ce6f61803,-0.0590588300834772,-9.99990114728142e-05,3.045019105794264e-08,9.884599138917748e-09,6.668140530177087e-05,0.0004566519094811,True,0,CONVERGENCE: NORM OF PROJECTED GRADIENT <= PGTOL,True,True,39,47,0.0049713000043993,0.0001041000068653,0.0056146000133594,"{""alpha_per_m"": 0.1, ""beta_n_per_m_pa"": 0.0, ""curvature_weight"": [[1.0, 0.0, 0.0], [0.0, 1.0, 0.0], [0.0, 0.0, 1.0]], ""h_m"": 0.0005, ""force_target_n"": [0.0, 0.0, 0.0]}","[{""stage"": 0, ""cap"": 10000, ""force_epsilon"": 0.0, ""uniformity_epsilon"": 0.0, ""iterations"": 39, ""evaluations"": 47, ""success"": true, ""status"": 0, ""message"": ""CONVERGENCE: NORM OF PROJECTED GRADIENT <= PGTOL"", ""terminal_value"": -0.059058830083477204, ""terminal_gradient_l2"": 3.045019105794264e-08, ""terminal_gradient_inf"": 9.884599138917748e-09}]",computed,"original loss, reduced gauge, raw SI units",True,4.235786367395535e-07,0.0590588724413409,0.0038066951747375,0.9999982840734234,0.9999989937437184,0000000000000497820ea2851766,000000000000080f98b9c37edcbb222a,True,True,True,0.0729945731983744,0.0022434349879098,False,Co-scheduled sensitivity workers; use C7 serial timings for optimizer cost comparisons.,smoke,,,4.744647257894335e-05
Single,FE,260828,0.03,1.0,1.0,1.0,0.001,1.0,1.0,1.0,1.0,1.0,250,0.05,10000,L-BFGS-B,1e-08,0.0001,0.9,10,40,0.0,1000000,0.03,0.9,0.999,1e-12,0.0001,cosine,0.0,continuous,alpha_factor,0.03,0000000000000497a444010dc17a,000000000000080f5af2ce4c0804223c,000000000000080f897ccb5ce6f61803,-0.059058745445127,-9.996644488995909e-05,1.5032221332948537e-08,5.2088193285241745e-09,3.29192574942394e-05,0.0004566391370029,True,0,CONVERGENCE: NORM OF PROJECTED GRADIENT <= PGTOL,True,True,37,44,0.0052418999985093,0.0001417000021319,0.0062574000039603,"{""alpha_per_m"": 0.3, ""beta_n_per_m_pa"": 0.0, ""curvature_weight"": [[1.0, 0.0, 0.0], [0.0, 1.0, 0.0], [0.0, 0.0, 1.0]], ""h_m"": 0.0005, ""force_target_n"": [0.0, 0.0, 0.0]}","[{""stage"": 0, ""cap"": 10000, ""force_epsilon"": 0.0, ""uniformity_epsilon"": 0.0, ""iterations"": 37, ""evaluations"": 44, ""success"": true, ""status"": 0, ""message"": ""CONVERGENCE: NORM OF PROJECTED GRADIENT <= PGTOL"", ""terminal_value"": -0.059058745445127, ""terminal_gradient_l2"": 1.5032221332948537e-08, ""terminal_gradient_inf"": 5.208819328524174e-09}]",computed,"original loss, reduced gauge, raw SI units",True,4.228240021160905e-07,0.0590588722923277,0.006082354465309,0.9999983546003072,0.9999990350052828,0000000000000497820ea2851766,000000000000080f98b9c37edcbb222a,True,True,True,0.0724493539337303,0.0022442578356948,False,Co-scheduled sensitivity workers; use C7 serial timings for optimizer cost comparisons.,smoke,,,4.709208005692469e-05
Single,FE,260828,0.1,1.0,1.0,1.0,0.001,1.0,1.0,1.0,1.0,1.0,250,0.05,10000,L-BFGS-B,1e-08,0.0001,0.9,10,40,0.0,1000000,0.03,0.9,0.999,1e-12,0.0001,cosine,0.0,continuous,alpha_factor,0.1,00000000000004967c43462ebaf0,000000000000080fae6f2e7370aa1402,000000000000080f897ccb5ce6f61803,-0.0590584503733396,-9.98524618499661e-05,1.3697522641656441e-08,6.247832982807435e-09,2.999931561392593e-05,0.0004565945042858,True,0,CONVERGENCE: NORM OF PROJECTED GRADIENT <= PGTOL,True,True,38,48,0.0098181999928783,0.0001083999959519,0.0065430999966338,"{""alpha_per_m"": 1.0, ""beta_n_per_m_pa"": 0.0, ""curvature_weight"": [[1.0, 0.0, 0.0], [0.0, 1.0, 0.0], [0.0, 0.0, 1.0]], ""h_m"": 0.0005, ""force_target_n"": [0.0, 0.0, 0.0]}","[{""stage"": 0, ""cap"": 10000, ""force_epsilon"": 0.0, ""uniformity_epsilon"": 0.0, ""iterations"": 38, ""evaluations"": 48, ""success"": true, ""status"": 0, ""message"": ""CONVERGENCE: NORM OF PROJECTED GRADIENT <= PGTOL"", ""terminal_value"": -0.05905845037333969, ""terminal_gradient_l2"": 1.369752264165644e-08, ""terminal_gradient_inf"": 6.247832982807435e-09}]",computed,"original loss, reduced gauge, raw SI units",True,4.2023337880011836e-07,0.0590588706067188,0.0081046481864345,0.9999985830461936,0.9999991690544175,0000000000000497820ea2851766,000000000000080f98b9c37edcbb222a,True,True,True,0.0707403722630719,0.0022469845191314,False,Co-scheduled sensitivity workers; use C7 serial timings for optimizer cost comparisons.,smoke,,,4.5981241970996726e-05
Single,FE,260828,0.3,1.0,1.0,1.0,0.001,1.0,1.0,1.0,1.0,1.0,250,0.05,10000,L-BFGS-B,1e-08,0.0001,0.9,10,40,0.0,1000000,0.03,0.9,0.999,1e-12,0.0001,cosine,0.0,continuous,alpha_factor,0.3,0000000000000496deaeb94ec186,000000000000080f630ea349d41611ac,000000000000080f897ccb5ce6f61803,-0.0590576173144973,-9.952679602141471e-05,3.9471668639962e-08,7.28604056728567e-09,8.647200687554081e-05,0.0004564675906825,True,0,CONVERGENCE: NORM OF PROJECTED GRADIENT <= PGTOL,True,True,37,43,0.0046208999992813,0.0001072000013664,0.0063209000072674,"{""alpha_per_m"": 3.0, ""beta_n_per_m_pa"": 0.0, ""curvature_weight"": [[1.0, 0.0, 0.0], [0.0, 1.0, 0.0], [0.0, 0.0, 1.0]], ""h_m"": 0.0005, ""force_target_n"": [0.0, 0.0, 0.0]}","[{""stage"": 0, ""cap"": 10000, ""force_epsilon"": 0.0, ""uniformity_epsilon"": 0.0, ""iterations"": 37, ""evaluations"": 43, ""success"": true, ""status"": 0, ""message"": ""CONVERGENCE: NORM OF PROJECTED GRADIENT <= PGTOL"", ""terminal_value"": -0.05905761731449738, ""terminal_gradient_l2"": 3.9471668639962e-08, ""terminal_gradient_inf"": 7.2860405672856706e-09}]",computed,"original loss, reduced gauge, raw SI units",True,4.128251607369829e-07,0.0590588557899787,0.0133092593177216,0.9999991423508924,0.9999994970752208,0000000000000497820ea2851766,000000000000080f98b9c37edcbb222a,True,True,True,0.0652219381347909,0.002238556234276,False,Co-scheduled sensitivity workers; use C7 serial timings for optimizer cost comparisons.,smoke,,,4.239425978761408e-05
Single,FE,260828,1.0,1.0,1.0,1.0,0.001,1.0,1.0,1.0,1.0,1.0,250,0.05,10000,L-BFGS-B,1e-08,0.0001,0.9,10,40,0.0,1000000,0.03,0.9,0.999,1e-12,0.0001,cosine,0.0,continuous,alpha_factor,1.0,0000000000000496e4f2a9ddbaf2,000000000000080fb976a51c19e61b3c,000000000000080f897ccb5ce6f61803,-0.0590548183379147,-9.838696562148496e-05,1.0398147832830404e-08,3.0444834542058702e-09,2.280143062159324e-05,0.0004560305011293,True,0,CONVERGENCE: NORM OF PROJECTED GRADIENT <= PGTOL,True,True,38,44,0.0104415999958291,0.0001420000044163,0.0061741999961668,"{""alpha_per_m"": 10.0, ""beta_n_per_m_pa"": 0.0, ""curvature_weight"": [[1.0, 0.0, 0.0], [0.0, 1.0, 0.0], [0.0, 0.0, 1.0]], ""h_m"": 0.0005, ""force_target_n"": [0.0, 0.0, 0.0]}","[{""stage"": 0, ""cap"": 10000, ""force_epsilon"": 0.0, ""uniformity_epsilon"": 0.0, ""iterations"": 38, ""evaluations"": 44, ""success"": true, ""status"": 0, ""message"": ""CONVERGENCE: NORM OF PROJECTED GRADIENT <= PGTOL"", ""terminal_value"": -0.059054818337914726, ""terminal_gradient_l2"": 1.0398147832830404e-08, ""terminal_gradient_inf"": 3.04448345420587e-09}]",computed,"original loss, reduced gauge, raw SI units",True,3.8688706635093405e-07,0.0590586872085779,0.002451129242206,0.9999999999843132,0.9999999999946316,0000000000000497820ea2851766,000000000000080f98b9c37edcbb222a,True,True,True,0.0448576223062241,0.0022533028191058,False,Co-scheduled sensitivity workers; use C7 serial timings for optimizer cost comparisons.,smoke,,,2.9157454499045664e-05
Single,FE,260828,10.0,1.0,1.0,1.0,0.001,1.0,1.0,1.0,1.0,1.0,250,0.05,10000,L-BFGS-B,1e-08,0.0001,0.9,10,40,0.0,1000000,0.03,0.9,0.999,1e-12,0.0001,cosine,0.0,continuous,alpha_factor,10.0,00000000000004978e30d2c7bae9,000000000000080f63d553304f190a26,000000000000080f897ccb5ce6f61803,-0.059035005861566,-8.373200333667357e-05,4.4592229395513654e-08,6.9878616843201265e-09,9.878471972686304e-05,0.0004514081683767,True,0,CONVERGENCE: NORM OF PROJECTED GRADIENT <= PGTOL,True,True,122,139,0.0201038000086555,9.889999637380242e-05,0.0053861999913351,"{""alpha_per_m"": 100.0, ""beta_n_per_m_pa"": 0.0, ""curvature_weight"": [[1.0, 0.0, 0.0], [0.0, 1.0, 0.0], [0.0, 0.0, 1.0]], ""h_m"": 0.0005, ""force_target_n"": [0.0, 0.0, 0.0]}","[{""stage"": 0, ""cap"": 10000, ""force_epsilon"": 0.0, ""uniformity_epsilon"": 0.0, ""iterations"": 122, ""evaluations"": 139, ""success"": true, ""status"": 0, ""message"": ""CONVERGENCE: NORM OF PROJECTED GRADIENT <= PGTOL"", ""terminal_value"": -0.059035005861566084, ""terminal_gradient_l2"": 4.459222939551365e-08, ""terminal_gradient_inf"": 6.9878616843201265e-09}]",computed,"original loss, reduced gauge, raw SI units",True,5.34668789405289e-08,0.0590403525494602,0.0089917532839439,0.999858479818835,0.9999172152254622,0000000000000497820ea2851766,000000000000080f98b9c37edcbb222a,True,True,True,0.1895028251771037,0.0020698406542915,False,Co-scheduled sensitivity workers; use C7 serial timings for optimizer cost comparisons.,smoke,,,0.0001231768363651174
Single,FE,260828,100.0,1.0,1.0,1.0,0.001,1.0,1.0,1.0,1.0,1.0,250,0.05,10000,L-BFGS-B,1e-08,0.0001,0.9,10,40,0.0,1000000,0.03,0.9,0.999,1e-12,0.0001,cosine,0.0,continuous,alpha_factor,100.0,00000000000004987338e9c6bb10,000000000000080fa9995d645f14173d,000000000000080f897ccb5ce6f61803,-0.0560086767262067,6.281761951144042e-05,0.0052459729559573,0.0006311011944992,10.346069742763389,0.0005070498349991,True,0,CONVERGENCE: RELATIVE REDUCTION OF F <= FACTR*EPSMCH,False,False,246,471,0.0447589000104926,0.0001152999902842,0.0049201999936485,"{""alpha_per_m"": 1000.0, ""beta_n_per_m_pa"": 0.0, ""curvature_weight"": [[1.0, 0.0, 0.0], [0.0, 1.0, 0.0], [0.0, 0.0, 1.0]], ""h_m"": 0.0005, ""force_target_n"": [0.0, 0.0, 0.0]}","[{""stage"": 0, ""cap"": 10000, ""force_epsilon"": 0.0, ""uniformity_epsilon"": 0.0, ""iterations"": 246, ""evaluations"": 471, ""success"": true, ""status"": 0, ""message"": ""CONVERGENCE: RELATIVE REDUCTION OF F <= FACTR*EPSMCH"", ""terminal_value"": -0.05600867672620673, ""terminal_gradient_l2"": 0.005245972955957381, ""terminal_gradient_inf"": 0.0006311011944992761}]",computed,"original loss, reduced gauge, raw SI units",True,1.5263219506185476e-19,0.0560086767262069,259.5219380785455,0.0420235141879326,0.0442030165433051,0000000000000497820ea2851766,000000000000080f98b9c37edcbb222a,True,True,True,0.1842039725991069,0.001964992416802,False,Co-scheduled sensitivity workers; use C7 serial timings for optimizer cost comparisons.,smoke,,,0.00011973258218941947
Single,FE,260828,3.0,1.0,1.0,1.0,0.001,1.0,1.0,1.0,1.0,1.0,250,0.05,10000,L-BFGS-B,1e-08,0.0001,0.9,10,40,0.0,1000000,0.03,0.9,0.999,1e-12,0.0001,cosine,0.0,continuous,alpha_factor,3.0,0000000000000496ac0d8f1ac18c,000000000000080f71db880c7d0a05d8,000000000000080f897ccb5ce6f61803,-0.0590478218458623,-9.513030733597132e-05,2.0181881234217097e-08,8.994972261611747e-09,4.437110913644709e-05,0.0004548428386623,True,0,CONVERGENCE: NORM OF PROJECTED GRADIENT <= PGTOL,True,True,42,47,0.0051402999961283,0.0001281000004382,0.0059790999948745,"{""alpha_per_m"": 30.0, ""beta_n_per_m_pa"": 0.0, ""curvature_weight"": [[1.0, 0.0, 0.0], [0.0, 1.0, 0.0], [0.0, 0.0, 1.0]], ""h_m"": 0.0005, ""force_target_n"": [0.0, 0.0, 0.0]}","[{""stage"": 0, ""cap"": 10000, ""force_epsilon"": 0.0, ""uniformity_epsilon"": 0.0, ""iterations"": 42, ""evaluations"": 47, ""success"": true, ""status"": 0, ""message"": ""CONVERGENCE: NORM OF PROJECTED GRADIENT <= PGTOL"", ""terminal_value"": -0.059047821845862325, ""terminal_gradient_l2"": 2.0181881234217097e-08, ""terminal_gradient_inf"": 8.994972261611747e-09}]",computed,"original loss, reduced gauge, raw SI units",True,3.127728686897605e-07,0.059057205031923,0.0105685443303487,0.999993010329572,0.9999959026141232,0000000000000497820ea2851766,000000000000080f98b9c37edcbb222a,True,True,True,0.0035341233737664,0.0022440491754247,False,Co-scheduled sensitivity workers; use C7 serial timings for optimizer cost comparisons.,smoke,,,2.2971801929481597e-06
Single,FE,260828,30.0,1.0,1.0,1.0,0.001,1.0,1.0,1.0,1.0,1.0,250,0.05,10000,L-BFGS-B,1e-08,0.0001,0.9,10,40,0.0,1000000,0.03,0.9,0.999,1e-12,0.0001,cosine,0.0,continuous,alpha_factor,30.0,00000000000004978b787af2c185,000000000000080f1f9d2465130009a4,000000000000080f897ccb5ce6f61803,-0.0583189958193148,-5.116542048153712e-05,0.0014812444160744,0.0001655450015373,3.3067921581217394,0.0004479399808773,True,0,CONVERGENCE: RELATIVE REDUCTION OF F <= FACTR*EPSMCH,False,False,230,410,0.0433180999971227,9.979998867493124e-05,0.0047678999981144,"{""alpha_per_m"": 300.0, ""beta_n_per_m_pa"": 0.0, ""curvature_weight"": [[1.0, 0.0, 0.0], [0.0, 1.0, 0.0], [0.0, 0.0, 1.0]], ""h_m"": 0.0005, ""force_target_n"": [0.0, 0.0, 0.0]}","[{""stage"": 0, ""cap"": 10000, ""force_epsilon"": 0.0, ""uniformity_epsilon"": 0.0, ""iterations"": 230, ""evaluations"": 410, ""success"": true, ""status"": 0, ""message"": ""CONVERGENCE: RELATIVE REDUCTION OF F <= FACTR*EPSMCH"", ""terminal_value"": -0.05831899581931484, ""terminal_gradient_l2"": 0.0014812444160744855, ""terminal_gradient_inf"": 0.00016554500153739393}]",computed,"original loss, reduced gauge, raw SI units",True,4.519283695181594e-19,0.0583189958193147,23.005777830511587,0.0116449878292677,0.0064228426550968,0000000000000497820ea2851766,000000000000080f98b9c37edcbb222a,True,True,True,0.2268175333012275,0.0020645194914101,False,Co-scheduled sensitivity workers; use C7 serial timings for optimizer cost comparisons.,smoke,,,0.00014743139664579786
Single,GFE,260828,0.01,1.0,1.0,1.0,0.001,1.0,1.0,1.0,1.0,1.0,250,0.05,10000,L-BFGS-B,1e-08,0.0001,0.9,10,40,0.0,1000000,0.03,0.9,0.999,1e-12,0.0001,cosine,0.0,continuous,alpha_factor,0.01,0000000000000498498d4a5e1788,000000000000080f19459864f85318b0,000000000000080f897ccb5ce6f61803,-0.0590587186559922,-9.989786619961252e-05,2.5383685372490563e-08,5.869068758238621e-09,5.55862156160591e-05,0.0004566543178225,True,0,CONVERGENCE: NORM OF PROJECTED GRADIENT <= PGTOL,True,True,38,47,0.0056161999964388,0.0001332999963779,0.0065713999938452,"{""alpha_per_m"": 0.1, ""beta_n_per_m_pa"": 0.0, ""curvature_weight"": [[1.0, 0.0, 0.0], [0.0, 1.0, 0.0], [0.0, 0.0, 1.0]], ""h_m"": 0.0005, ""force_target_n"": [0.0, 0.0, 1.1142852793561358e-06]}","[{""stage"": 0, ""cap"": 10000, ""force_epsilon"": 0.0, ""uniformity_epsilon"": 0.0, ""iterations"": 38, ""evaluations"": 47, ""success"": true, ""status"": 0, ""message"": ""CONVERGENCE: NORM OF PROJECTED GRADIENT <= PGTOL"", ""terminal_value"": -0.05905871865599225, ""terminal_gradient_l2"": 2.5383685372490563e-08, ""terminal_gradient_inf"": 5.869068758238621e-09}]",computed,"original loss, reduced gauge, raw SI units",True,1.5378545497564209e-06,0.0590588724414474,0.0126166454344287,0.999998285212728,0.9999989943824182,0000000000000497820ea2851766,000000000000080f98b9c37edcbb222a,True,True,True,0.0729879129183269,0.0022434442485752,False,Co-scheduled sensitivity workers; use C7 serial timings for optimizer cost comparisons.,smoke,,,4.7442143396912485e-05
Single,GFE,260828,0.03,1.0,1.0,1.0,0.001,1.0,1.0,1.0,1.0,1.0,250,0.05,10000,L-BFGS-B,1e-08,0.0001,0.9,10,40,0.0,1000000,0.03,0.9,0.999,1e-12,0.0001,cosine,0.0,continuous,alpha_factor,0.03,0000000000000498049dc6f91e20,000000000000080face532349ee20d0f,000000000000080f897ccb5ce6f61803,-0.0590584111598083,-9.9663009070354e-05,3.9969195475963986e-09,1.123062131205425e-09,8.75276785988619e-06,0.0004566463559389,True,0,CONVERGENCE: NORM OF PROJECTED GRADIENT <= PGTOL,True,True,40,48,0.0077221999963512,0.0001168000017059,0.0061360999970929,"{""alpha_per_m"": 0.3, ""beta_n_per_m_pa"": 0.0, ""curvature_weight"": [[1.0, 0.0, 0.0], [0.0, 1.0, 0.0], [0.0, 0.0, 1.0]], ""h_m"": 0.0005, ""force_target_n"": [0.0, 0.0, 1.1142852793561358e-06]}","[{""stage"": 0, ""cap"": 10000, ""force_epsilon"": 0.0, ""uniformity_epsilon"": 0.0, ""iterations"": 40, ""evaluations"": 48, ""success"": true, ""status"": 0, ""message"": ""CONVERGENCE: NORM OF PROJECTED GRADIENT <= PGTOL"", ""terminal_value"": -0.05905841115980839, ""terminal_gradient_l2"": 3.9969195475963986e-09, ""terminal_gradient_inf"": 1.123062131205425e-09}]",computed,"original loss, reduced gauge, raw SI units",True,1.53711333113345e-06,0.0590588722938078,0.0018418375643881,0.99999835390235,0.99999903462605,0000000000000497820ea2851766,000000000000080f98b9c37edcbb222a,True,True,True,0.072452524806515,0.0022442527580856,False,Co-scheduled sensitivity workers; use C7 serial timings for optimizer cost comparisons.,smoke,,,4.709414112423475e-05
Single,GFE,260828,0.1,1.0,1.0,1.0,0.001,1.0,1.0,1.0,1.0,1.0,250,0.05,10000,L-BFGS-B,1e-08,0.0001,0.9,10,40,0.0,1000000,0.03,0.9,0.999,1e-12,0.0001,cosine,0.0,continuous,alpha_factor,0.1,0000000000000497a622b0cc1764,000000000000080fbabb1c72c01b0dda,000000000000080f897ccb5ce6f61803,-0.059057336088029,-9.88410091179492e-05,1.780805897170708e-08,5.9165786680354555e-09,3.899986337259781e-05,0.0004566184963668,True,0,CONVERGENCE: NORM OF PROJECTED GRADIENT <= PGTOL,True,True,37,44,0.0050428999966243,0.0001267999905394,0.0064356000075349,"{""alpha_per_m"": 1.0, ""beta_n_per_m_pa"": 0.0, ""curvature_weight"": [[1.0, 0.0, 0.0], [0.0, 1.0, 0.0], [0.0, 0.0, 1.0]], ""h_m"": 0.0005, ""force_target_n"": [0.0, 0.0, 1.1142852793561358e-06]}","[{""stage"": 0, ""cap"": 10000, ""force_epsilon"": 0.0, ""uniformity_epsilon"": 0.0, ""iterations"": 37, ""evaluations"": 44, ""success"": true, ""status"": 0, ""message"": ""CONVERGENCE: NORM OF PROJECTED GRADIENT <= PGTOL"", ""terminal_value"": -0.05905733608802909, ""terminal_gradient_l2"": 1.780805897170708e-08, ""terminal_gradient_inf"": 5.9165786680354555e-09}]",computed,"original loss, reduced gauge, raw SI units",True,1.5345147580456623e-06,0.0590588706027869,0.0082167756138122,0.9999985835167782,0.999999169273084,0000000000000497820ea2851766,000000000000080f98b9c37edcbb222a,True,True,True,0.0707372335661725,0.00224698908598,False,Co-scheduled sensitivity workers; use C7 serial timings for optimizer cost comparisons.,smoke,,,4.597920181801212e-05
Single,GFE,260828,0.3,1.0,1.0,1.0,0.001,1.0,1.0,1.0,1.0,1.0,250,0.05,10000,L-BFGS-B,1e-08,0.0001,0.9,10,40,0.0,1000000,0.03,0.9,0.999,1e-12,0.0001,cosine,0.0,continuous,alpha_factor,0.3,0000000000000497eb323c6b1dfc,000000000000080fe8d604893e7c1002,000000000000080f897ccb5ce6f61803,-0.0590542744598186,-9.649243782536404e-05,1.1990476391396436e-08,8.420759166044639e-09,2.6263862452508908e-05,0.0004565389577819,True,0,CONVERGENCE: NORM OF PROJECTED GRADIENT <= PGTOL,True,True,39,46,0.0052922000031685,0.0001170000032288,0.0064814999932423,"{""alpha_per_m"": 3.0, ""beta_n_per_m_pa"": 0.0, ""curvature_weight"": [[1.0, 0.0, 0.0], [0.0, 1.0, 0.0], [0.0, 0.0, 1.0]], ""h_m"": 0.0005, ""force_target_n"": [0.0, 0.0, 1.1142852793561358e-06]}","[{""stage"": 0, ""cap"": 10000, ""force_epsilon"": 0.0, ""uniformity_epsilon"": 0.0, ""iterations"": 39, ""evaluations"": 46, ""success"": true, ""status"": 0, ""message"": ""CONVERGENCE: NORM OF PROJECTED GRADIENT <= PGTOL"", ""terminal_value"": -0.05905427445981868, ""terminal_gradient_l2"": 1.1990476391396435e-08, ""terminal_gradient_inf"": 8.420759166044639e-09}]",computed,"original loss, reduced gauge, raw SI units",True,1.5271125918559446e-06,0.0590588557975944,0.0108512974547897,0.9999991419447044,0.999999496950114,0000000000000497820ea2851766,000000000000080f98b9c37edcbb222a,True,True,True,0.0652247497116419,0.0022385575346157,False,Co-scheduled sensitivity workers; use C7 serial timings for optimizer cost comparisons.,smoke,,,4.239608731256723e-05
Single,GFE,260828,1.0,1.0,1.0,1.0,0.001,1.0,1.0,1.0,1.0,1.0,250,0.05,10000,L-BFGS-B,1e-08,0.0001,0.9,10,40,0.0,1000000,0.03,0.9,0.999,1e-12,0.0001,cosine,0.0,continuous,alpha_factor,1.0,0000000000000497820ea2851766,000000000000080f98b9c37edcbb222a,000000000000080f897ccb5ce6f61803,-0.0590436754844043,-8.8272438301316e-05,3.0990934113049095e-08,6.320541914298822e-09,6.792365640503582e-05,0.0004562612755745,True,0,CONVERGENCE: NORM OF PROJECTED GRADIENT <= PGTOL,True,True,37,44,0.0051513999933376,0.0001343000039923,0.0061320999957388,"{""alpha_per_m"": 10.0, ""beta_n_per_m_pa"": 0.0, ""curvature_weight"": [[1.0, 0.0, 0.0], [0.0, 1.0, 0.0], [0.0, 0.0, 1.0]], ""h_m"": 0.0005, ""force_target_n"": [0.0, 0.0, 1.1142852793561358e-06]}","[{""stage"": 0, ""cap"": 10000, ""force_epsilon"": 0.0, ""uniformity_epsilon"": 0.0, ""iterations"": 37, ""evaluations"": 44, ""success"": true, ""status"": 0, ""message"": ""CONVERGENCE: NORM OF PROJECTED GRADIENT <= PGTOL"", ""terminal_value"": -0.059043675484404375, ""terminal_gradient_l2"": 3.0990934113049095e-08, ""terminal_gradient_inf"": 6.320541914298822e-09}]",reused,"original loss, reduced gauge, raw SI units",True,1.501168349117218e-06,0.0590586871678959,0.0072828264000504,1.0,0.9999999999999992,0000000000000497820ea2851766,000000000000080f98b9c37edcbb222a,True,True,True,0.0448537974323708,0.0022533208137982,False,Co-scheduled sensitivity workers; use C7 serial timings for optimizer cost comparisons.,smoke,,,2.915496833104102e-05
Single,GFE,260828,10.0,1.0,1.0,1.0,0.001,1.0,1.0,1.0,1.0,1.0,250,0.05,10000,L-BFGS-B,1e-08,0.0001,0.9,10,40,0.0,1000000,0.03,0.9,0.999,1e-12,0.0001,cosine,0.0,continuous,alpha_factor,10.0,00000000000004987f069984178d,000000000000080fc6a593dc71f115be,000000000000080f897ccb5ce6f61803,-0.0589235773339589,1.7413269865015985e-05,1.7614416304779053e-08,7.318678711799505e-09,3.890201505786423e-05,0.0004527893035509,True,0,CONVERGENCE: NORM OF PROJECTED GRADIENT <= PGTOL,True,True,41,50,0.0051536999962991,0.0001023999939206,0.0055071999959181,"{""alpha_per_m"": 100.0, ""beta_n_per_m_pa"": 0.0, ""curvature_weight"": [[1.0, 0.0, 0.0], [0.0, 1.0, 0.0], [0.0, 0.0, 1.0]], ""h_m"": 0.0005, ""force_target_n"": [0.0, 0.0, 1.1142852793561358e-06]}","[{""stage"": 0, ""cap"": 10000, ""force_epsilon"": 0.0, ""uniformity_epsilon"": 0.0, ""iterations"": 41, ""evaluations"": 50, ""success"": true, ""status"": 0, ""message"": ""CONVERGENCE: NORM OF PROJECTED GRADIENT <= PGTOL"", ""terminal_value"": -0.05892357733395897, ""terminal_gradient_l2"": 1.7614416304779053e-08, ""terminal_gradient_inf"": 7.318678711799505e-09}]",computed,"original loss, reduced gauge, raw SI units",True,1.1677696414063185e-06,0.0590403542980994,0.0048059536459022,0.999858511796582,0.999917231230758,0000000000000497820ea2851766,000000000000080f98b9c37edcbb222a,True,True,True,0.1894872809879448,0.0020697103207807,False,Co-scheduled sensitivity workers; use C7 serial timings for optimizer cost comparisons.,smoke,,,0.0001231667326421641
Single,GFE,260828,100.0,1.0,1.0,1.0,0.001,1.0,1.0,1.0,1.0,1.0,250,0.05,10000,L-BFGS-B,1e-08,0.0001,0.9,10,40,0.0,1000000,0.03,0.9,0.999,1e-12,0.0001,cosine,0.0,continuous,alpha_factor,100.0,000000000000049908fca12917e4,000000000000080fa12ab163d4241c9e,000000000000080f897ccb5ce6f61803,-0.0586201576286261,0.0010742703515283,0.0057316814144178,0.0007076440901685,13.364376031959752,0.000428877592243,True,0,CONVERGENCE: RELATIVE REDUCTION OF F <= FACTR*EPSMCH,False,False,281,486,0.0436969000002136,0.0001182999985758,0.005679300011252,"{""alpha_per_m"": 1000.0, ""beta_n_per_m_pa"": 0.0, ""curvature_weight"": [[1.0, 0.0, 0.0], [0.0, 1.0, 0.0], [0.0, 0.0, 1.0]], ""h_m"": 0.0005, ""force_target_n"": [0.0, 0.0, 1.1142852793561358e-06]}","[{""stage"": 0, ""cap"": 10000, ""force_epsilon"": 0.0, ""uniformity_epsilon"": 0.0, ""iterations"": 281, ""evaluations"": 486, ""success"": true, ""status"": 0, ""message"": ""CONVERGENCE: RELATIVE REDUCTION OF F <= FACTR*EPSMCH"", ""terminal_value"": -0.058620157628626185, ""terminal_gradient_l2"": 0.005731681414417832, ""terminal_gradient_inf"": 0.0007076440901685918}]",computed,"original loss, reduced gauge, raw SI units",True,3.080286330193031e-19,0.0586201576286262,112.31834803119378,0.9954471293270692,0.998068872646658,0000000000000497820ea2851766,000000000000080f98b9c37edcbb222a,True,True,True,1.00604548086481,0.0021233833008069,False,Co-scheduled sensitivity workers; use C7 serial timings for optimizer cost comparisons.,smoke,,,0.0006539295625621265
Single,GFE,260828,3.0,1.0,1.0,1.0,0.001,1.0,1.0,1.0,1.0,1.0,250,0.05,10000,L-BFGS-B,1e-08,0.0001,0.9,10,40,0.0,1000000,0.03,0.9,0.999,1e-12,0.0001,cosine,0.0,continuous,alpha_factor,3.0,000000000000049787460ab01e02,000000000000080fc61dcd0763420812,000000000000080f897ccb5ce6f61803,-0.059014393288138,-6.478672537546445e-05,1.254302113821853e-08,3.860750094375266e-09,2.753839486624195e-05,0.0004554739373569,True,0,CONVERGENCE: NORM OF PROJECTED GRADIENT <= PGTOL,True,True,40,47,0.0048731999995652,0.0001018000039039,0.0052150999981677,"{""alpha_per_m"": 30.0, ""beta_n_per_m_pa"": 0.0, ""curvature_weight"": [[1.0, 0.0, 0.0], [0.0, 1.0, 0.0], [0.0, 0.0, 1.0]], ""h_m"": 0.0005, ""force_target_n"": [0.0, 0.0, 1.1142852793561358e-06]}","[{""stage"": 0, ""cap"": 10000, ""force_epsilon"": 0.0, ""uniformity_epsilon"": 0.0, ""iterations"": 40, ""evaluations"": 47, ""success"": true, ""status"": 0, ""message"": ""CONVERGENCE: NORM OF PROJECTED GRADIENT <= PGTOL"", ""terminal_value"": -0.05901439328813805, ""terminal_gradient_l2"": 1.254302113821853e-08, ""terminal_gradient_inf"": 3.860750094375266e-09}]",computed,"original loss, reduced gauge, raw SI units",True,1.4270487040696932e-06,0.0590572047492607,0.0011241644257841,0.9999930073246271,0.9999959012082468,0000000000000497820ea2851766,000000000000080f98b9c37edcbb222a,True,True,True,0.0035407118419123,0.0022440329555923,False,Co-scheduled sensitivity workers; use C7 serial timings for optimizer cost comparisons.,smoke,,,2.301462697242995e-06
Single,GFE,260828,30.0,1.0,1.0,1.0,0.001,1.0,1.0,1.0,1.0,1.0,250,0.05,10000,L-BFGS-B,1e-08,0.0001,0.9,10,40,0.0,1000000,0.03,0.9,0.999,1e-12,0.0001,cosine,0.0,continuous,alpha_factor,30.0,000000000000049829b0150f1e2b,000000000000080fb9401b888fa9106a,000000000000080f897ccb5ce6f61803,-0.058763685675815,0.0002522703991235,2.4559517358496833e-08,6.8845029413434255e-09,5.509796695885096e-05,0.0004457427145513,True,0,CONVERGENCE: NORM OF PROJECTED GRADIENT <= PGTOL,True,True,84,98,0.0106541999994078,0.0001098000066122,0.0059700999991036,"{""alpha_per_m"": 300.0, ""beta_n_per_m_pa"": 0.0, ""curvature_weight"": [[1.0, 0.0, 0.0], [0.0, 1.0, 0.0], [0.0, 0.0, 1.0]], ""h_m"": 0.0005, ""force_target_n"": [0.0, 0.0, 1.1142852793561358e-06]}","[{""stage"": 0, ""cap"": 10000, ""force_epsilon"": 0.0, ""uniformity_epsilon"": 0.0, ""iterations"": 84, ""evaluations"": 98, ""success"": true, ""status"": 0, ""message"": ""CONVERGENCE: NORM OF PROJECTED GRADIENT <= PGTOL"", ""terminal_value"": -0.05876368567581506, ""terminal_gradient_l2"": 2.455951735849683e-08, ""terminal_gradient_inf"": 6.884502941343425e-09}]",computed,"original loss, reduced gauge, raw SI units",True,4.335474758355181e-07,0.0588937499185649,0.0014078347927958,0.9985467380078876,0.9991543724378222,0000000000000497820ea2851766,000000000000080f98b9c37edcbb222a,True,True,True,0.7107243021719083,0.0022292997037439,False,Co-scheduled sensitivity workers; use C7 serial timings for optimizer cost comparisons.,smoke,,,0.00046197079641174034
Triple,FE,260869,0.01,1.0,1.0,1.0,0.001,1.0,1.0,1.0,1.0,1.0,250,0.05,30000,BFGS,1e-08,0.0001,0.9,10,40,0.0,1000000,0.03,0.9,0.999,1e-12,0.0001,cosine,0.0,continuous,alpha_factor,0.01,0000000000000493f5cb0e28e851,000000000000080f6e77576983f31d08,000000000000080f2d7b5efbd5a31fd5,-0.0531251832376408,0.0564402610998249,3.2981997725674394e-08,9.771031702011532e-09,1.1172085896159702e-06,0.0295217903193992,True,0,Optimization terminated successfully.,True,True,1716,1813,6.937551099996199,0.0001401999907102,0.0209503999940352,"{""method"": ""Regularized-FE"", ""components"": {""force_smoothing"": true, ""pressure_retention"": true, ""uniformity"": true}, ""alpha_force"": 30.0, ""beta_pressure"": 5e-05, ""gamma_uniformity"": 1.0, ""curvature_weight_override"": [[1.0, 0.0, 0.0], [0.0, 1.0, 0.0], [0.0, 0.0, 10.0]], ""pressure_epsilon_rel"": 0.001, ""smooth_stage_factors"": [0.05, 0.01], ""smooth_stage_maxiters"": [250, 29750], ""smooth_scale_floor"": 1e-20, ""gtol"": 1e-08, ""report_gradient_tol"": 0.001, ""h_m"": 0.0005, ""initial_force_scale_n"": 3.047519613778484e-07, ""initial_loss_std_scale_n_m"": 0.011262513352775214, ""epsilon_force_multiplier"": 1.0, ""epsilon_std_multiplier"": 1.0, ""smooth_scale_floor_activated"": false}","[{""stage"": 0, ""cap"": 250, ""force_epsilon"": 1.523759806889242e-08, ""uniformity_epsilon"": 0.0005631256676387607, ""iterations"": 250, ""evaluations"": 300, ""success"": false, ""status"": 1, ""message"": ""Maximum number of iterations has been exceeded."", ""terminal_value"": -0.031497862062910185, ""terminal_gradient_l2"": 0.02587845316454611, ""terminal_gradient_inf"": 0.009289020673849537}, {""stage"": 1, ""cap"": 29750, ""force_epsilon"": 3.047519613778484e-09, ""uniformity_epsilon"": 0.00011262513352775214, ""iterations"": 1466, ""evaluations"": 1513, ""success"": true, ""status"": 0, ""message"": ""Optimization terminated successfully."", ""terminal_value"": -0.05312518323764087, ""terminal_gradient_l2"": 3.2981997725674394e-08, ""terminal_gradient_inf"": 9.771031702011532e-09}]",computed,"original loss, reduced gauge, raw SI units",True,6.434577517315057e-06,,,0.8947767619049094,0.9358979598699142,000000000000049382001b184479,000000000000080f5c41bca175fe30e1,True,True,True,1.7474969550565174,0.0013290504919123,False,Co-scheduled sensitivity workers; use C7 serial timings for optimizer cost comparisons.,smoke,0.004924608130612,4.746382518414463e-07,0.0011358730207867362
Triple,FE,260869,0.03,1.0,1.0,1.0,0.001,1.0,1.0,1.0,1.0,1.0,250,0.05,30000,BFGS,1e-08,0.0001,0.9,10,40,0.0,1000000,0.03,0.9,0.999,1e-12,0.0001,cosine,0.0,continuous,alpha_factor,0.03,00000000000004936cae2f0aeedf,000000000000080f09efb8acbe310939,000000000000080f2d7b5efbd5a31fd5,-0.0528256298383575,0.0564640110276723,3.209171062563173e-08,8.963998663707351e-09,1.0863268819675766e-06,0.0295414862306514,True,0,Optimization terminated successfully.,True,True,1686,1775,6.357369699995616,0.0001041999930748,0.0226025000010849,"{""method"": ""Regularized-FE"", ""components"": {""force_smoothing"": true, ""pressure_retention"": true, ""uniformity"": true}, ""alpha_force"": 90.0, ""beta_pressure"": 5e-05, ""gamma_uniformity"": 1.0, ""curvature_weight_override"": [[1.0, 0.0, 0.0], [0.0, 1.0, 0.0], [0.0, 0.0, 10.0]], ""pressure_epsilon_rel"": 0.001, ""smooth_stage_factors"": [0.05, 0.01], ""smooth_stage_maxiters"": [250, 29750], ""smooth_scale_floor"": 1e-20, ""gtol"": 1e-08, ""report_gradient_tol"": 0.001, ""h_m"": 0.0005, ""initial_force_scale_n"": 3.047519613778484e-07, ""initial_loss_std_scale_n_m"": 0.011265923098202074, ""epsilon_force_multiplier"": 1.0, ""epsilon_std_multiplier"": 1.0, ""smooth_scale_floor_activated"": false}","[{""stage"": 0, ""cap"": 250, ""force_epsilon"": 1.523759806889242e-08, ""uniformity_epsilon"": 0.0005632961549101038, ""iterations"": 250, ""evaluations"": 299, ""success"": false, ""status"": 1, ""message"": ""Maximum number of iterations has been exceeded."", ""terminal_value"": -0.032016412732366585, ""terminal_gradient_l2"": 0.005404082863569006, ""terminal_gradient_inf"": 0.00219303329324242}, {""stage"": 1, ""cap"": 29750, ""force_epsilon"": 3.047519613778484e-09, ""uniformity_epsilon"": 0.00011265923098202073, ""iterations"": 1436, ""evaluations"": 1476, ""success"": true, ""status"": 0, ""message"": ""Optimization terminated successfully."", ""terminal_value"": -0.05282562983835755, ""terminal_gradient_l2"": 3.209171062563173e-08, ""terminal_gradient_inf"": 8.96399866370735e-09}]",computed,"original loss, reduced gauge, raw SI units",True,6.103630373881254e-06,,,0.8968882266570869,0.9372912749880912,000000000000049382001b184479,000000000000080f5c41bca175fe30e1,True,True,True,1.711938159070966,0.0013531761960732,False,Co-scheduled sensitivity workers; use C7 serial timings for optimizer cost comparisons.,smoke,0.0051797770015206,2.529664876755803e-08,0.001112759803396128
Triple,FE,260869,0.1,1.0,1.0,1.0,0.001,1.0,1.0,1.0,1.0,1.0,250,0.05,30000,BFGS,1e-08,0.0001,0.9,10,40,0.0,1000000,0.03,0.9,0.999,1e-12,0.0001,cosine,0.0,continuous,alpha_factor,0.1,0000000000000492f0c0746ae89a,000000000000080f0ddc1af1baff381a,000000000000080f2d7b5efbd5a31fd5,-0.051966622764964,0.0565471360720602,2.6780466634025213e-08,9.077561576410016e-09,9.04416878172305e-07,0.0296107550404683,True,0,Optimization terminated successfully.,True,True,2162,2267,9.103882900002644,0.0001083999959519,0.0217295000038575,"{""method"": ""Regularized-FE"", ""components"": {""force_smoothing"": true, ""pressure_retention"": true, ""uniformity"": true}, ""alpha_force"": 300.0, ""beta_pressure"": 5e-05, ""gamma_uniformity"": 1.0, ""curvature_weight_override"": [[1.0, 0.0, 0.0], [0.0, 1.0, 0.0], [0.0, 0.0, 10.0]], ""pressure_epsilon_rel"": 0.001, ""smooth_stage_factors"": [0.05, 0.01], ""smooth_stage_maxiters"": [250, 29750], ""smooth_scale_floor"": 1e-20, ""gtol"": 1e-08, ""report_gradient_tol"": 0.001, ""h_m"": 0.0005, ""initial_force_scale_n"": 3.047519613778484e-07, ""initial_loss_std_scale_n_m"": 0.011277857507121788, ""epsilon_force_multiplier"": 1.0, ""epsilon_std_multiplier"": 1.0, ""smooth_scale_floor_activated"": false}","[{""stage"": 0, ""cap"": 250, ""force_epsilon"": 1.523759806889242e-08, ""uniformity_epsilon"": 0.0005638928753560895, ""iterations"": 250, ""evaluations"": 299, ""success"": false, ""status"": 1, ""message"": ""Maximum number of iterations has been exceeded."", ""terminal_value"": -0.028249479826636354, ""terminal_gradient_l2"": 0.016323155060100816, ""terminal_gradient_inf"": 0.0071269485036141115}, {""stage"": 1, ""cap"": 29750, ""force_epsilon"": 3.047519613778484e-09, ""uniformity_epsilon"": 0.00011277857507121788, ""iterations"": 1912, ""evaluations"": 1968, ""success"": true, ""status"": 0, ""message"": ""Optimization terminated successfully."", ""terminal_value"": -0.05196662276496404, ""terminal_gradient_l2"": 2.6780466634025213e-08, ""terminal_gradient_inf"": 9.077561576410016e-09}]",computed,"original loss, reduced gauge, raw SI units",True,5.056479129803886e-06,,,0.9019891476058646,0.9408290897111502,000000000000049382001b184479,000000000000080f5c41bca175fe30e1,True,True,True,1.6004008382855934,0.0013304780747401,False,Co-scheduled sensitivity workers; use C7 serial timings for optimizer cost comparisons.,smoke,0.0048819787164695,2.094585493140761e-06,0.0010402605448856356
Triple,FE,260869,0.3,1.0,1.0,1.0,0.001,1.0,1.0,1.0,1.0,1.0,250,0.05,30000,BFGS,1e-08,0.0001,0.9,10,40,0.0,1000000,0.03,0.9,0.999,1e-12,0.0001,cosine,0.0,continuous,alpha_factor,0.3,000000000000049269a55548ef28,000000000000080f8686ad3b30ce0d9c,000000000000080f2d7b5efbd5a31fd5,-0.0505865764226315,0.0567846387328016,2.988692234876763e-08,8.947005698225536e-09,1.002530179561496e-06,0.0298114939161632,True,0,Optimization terminated successfully.,True,True,2367,2485,17.736246300002676,0.0001635000080568,0.0311877000058302,"{""method"": ""Regularized-FE"", ""components"": {""force_smoothing"": true, ""pressure_retention"": true, ""uniformity"": true}, ""alpha_force"": 900.0, ""beta_pressure"": 5e-05, ""gamma_uniformity"": 1.0, ""curvature_weight_override"": [[1.0, 0.0, 0.0], [0.0, 1.0, 0.0], [0.0, 0.0, 10.0]], ""pressure_epsilon_rel"": 0.001, ""smooth_stage_factors"": [0.05, 0.01], ""smooth_stage_maxiters"": [250, 29750], ""smooth_scale_floor"": 1e-20, ""gtol"": 1e-08, ""report_gradient_tol"": 0.001, ""h_m"": 0.0005, ""initial_force_scale_n"": 3.047519613778484e-07, ""initial_loss_std_scale_n_m"": 0.011311958377876009, ""epsilon_force_multiplier"": 1.0, ""epsilon_std_multiplier"": 1.0, ""smooth_scale_floor_activated"": false}","[{""stage"": 0, ""cap"": 250, ""force_epsilon"": 1.523759806889242e-08, ""uniformity_epsilon"": 0.0005655979188938005, ""iterations"": 250, ""evaluations"": 298, ""success"": false, ""status"": 1, ""message"": ""Maximum number of iterations has been exceeded."", ""terminal_value"": -0.02788953400872492, ""terminal_gradient_l2"": 0.018342366008604595, ""terminal_gradient_inf"": 0.005949578909458467}, {""stage"": 1, ""cap"": 29750, ""force_epsilon"": 3.047519613778484e-09, ""uniformity_epsilon"": 0.00011311958377876009, ""iterations"": 2117, ""evaluations"": 2187, ""success"": true, ""status"": 0, ""message"": ""Optimization terminated successfully."", ""terminal_value"": -0.05058657642263152, ""terminal_gradient_l2"": 2.988692234876763e-08, ""terminal_gradient_inf"": 8.947005698225536e-09}]",computed,"original loss, reduced gauge, raw SI units",True,1.3522624633238472e-06,,,0.9874571858535556,0.9916349719382976,000000000000049382001b184479,000000000000080f5c41bca175fe30e1,True,True,True,1.005134826415398,0.0013202675343275,False,Co-scheduled sensitivity workers; use C7 serial timings for optimizer cost comparisons.,smoke,0.0004145247097866,5.25041106198486e-06,0.0006533376371700087
Triple,FE,260869,1.0,1.0,1.0,1.0,0.001,1.0,1.0,1.0,1.0,1.0,250,0.05,30000,BFGS,1e-08,0.0001,0.9,10,40,0.0,1000000,0.03,0.9,0.999,1e-12,0.0001,cosine,0.0,continuous,alpha_factor,1.0,000000000000049224278056e89c,000000000000080fd38d6a57982a20c4,000000000000080f2d7b5efbd5a31fd5,-0.0504794834004168,0.0576159271800527,4.8181267188444775e-08,1.1246668452800821e-08,1.5773339634921577e-06,0.0305460151772635,False,2,Desired error not necessarily achieved due to precision loss.,False,True,3642,3819,14.719502800013288,9.940000018104912e-05,0.0154314999963389,"{""method"": ""Regularized-FE"", ""components"": {""force_smoothing"": true, ""pressure_retention"": true, ""uniformity"": true}, ""alpha_force"": 3000.0, ""beta_pressure"": 5e-05, ""gamma_uniformity"": 1.0, ""curvature_weight_override"": [[1.0, 0.0, 0.0], [0.0, 1.0, 0.0], [0.0, 0.0, 10.0]], ""pressure_epsilon_rel"": 0.001, ""smooth_stage_factors"": [0.05, 0.01], ""smooth_stage_maxiters"": [250, 29750], ""smooth_scale_floor"": 1e-20, ""gtol"": 1e-08, ""report_gradient_tol"": 0.001, ""h_m"": 0.0005, ""initial_force_scale_n"": 3.047519613778484e-07, ""initial_loss_std_scale_n_m"": 0.011431340854916011, ""epsilon_force_multiplier"": 1.0, ""epsilon_std_multiplier"": 1.0, ""smooth_scale_floor_activated"": false}","[{""stage"": 0, ""cap"": 250, ""force_epsilon"": 1.523759806889242e-08, ""uniformity_epsilon"": 0.0005715670427458005, ""iterations"": 250, ""evaluations"": 295, ""success"": false, ""status"": 1, ""message"": ""Maximum number of iterations has been exceeded."", ""terminal_value"": -0.01912736355340098, ""terminal_gradient_l2"": 0.009499841524755701, ""terminal_gradient_inf"": 0.0037809262198638923}, {""stage"": 1, ""cap"": 29750, ""force_epsilon"": 3.047519613778484e-09, ""uniformity_epsilon"": 0.00011431340854916011, ""iterations"": 3392, ""evaluations"": 3524, ""success"": false, ""status"": 2, ""message"": ""Desired error not necessarily achieved due to precision loss."", ""terminal_value"": -0.05047948340041685, ""terminal_gradient_l2"": 4.8181267188444775e-08, ""terminal_gradient_inf"": 1.124666845280082e-08}]",computed,"original loss, reduced gauge, raw SI units",True,1.3882097552492843e-09,,,0.9920837356567056,0.9945269808412464,000000000000049382001b184479,000000000000080f5c41bca175fe30e1,True,True,True,0.9534037226993098,0.0013625665577333,False,Co-scheduled sensitivity workers; use C7 serial timings for optimizer cost comparisons.,smoke,3.358415026223173e-06,3.2411783365558084e-06,0.0006197124197545513
Triple,FE,260869,10.0,1.0,1.0,1.0,0.001,1.0,1.0,1.0,1.0,1.0,250,0.05,30000,BFGS,1e-08,0.0001,0.9,10,40,0.0,1000000,0.03,0.9,0.999,1e-12,0.0001,cosine,0.0,continuous,alpha_factor,10.0,0000000000000493810cdf23e856,000000000000080ff6bb1229323c1917,000000000000080f2d7b5efbd5a31fd5,-0.0504790156547557,0.068307432560216,1.0524618620453385e-07,2.438329232402577e-08,2.4390377325711936e-06,0.0431507002942447,False,2,Desired error not necessarily achieved due to precision loss.,False,True,8482,8754,39.93460490000143,0.0001163999986601,0.0159523999900557,"{""method"": ""Regularized-FE"", ""components"": {""force_smoothing"": true, ""pressure_retention"": true, ""uniformity"": true}, ""alpha_force"": 30000.0, ""beta_pressure"": 5e-05, ""gamma_uniformity"": 1.0, ""curvature_weight_override"": [[1.0, 0.0, 0.0], [0.0, 1.0, 0.0], [0.0, 0.0, 10.0]], ""pressure_epsilon_rel"": 0.001, ""smooth_stage_factors"": [0.05, 0.01], ""smooth_stage_maxiters"": [250, 29750], ""smooth_scale_floor"": 1e-20, ""gtol"": 1e-08, ""report_gradient_tol"": 0.001, ""h_m"": 0.0005, ""initial_force_scale_n"": 3.047519613778484e-07, ""initial_loss_std_scale_n_m"": 0.012969804978261978, ""epsilon_force_multiplier"": 1.0, ""epsilon_std_multiplier"": 1.0, ""smooth_scale_floor_activated"": false}","[{""stage"": 0, ""cap"": 250, ""force_epsilon"": 1.523759806889242e-08, ""uniformity_epsilon"": 0.000648490248913099, ""iterations"": 250, ""evaluations"": 273, ""success"": false, ""status"": 1, ""message"": ""Maximum number of iterations has been exceeded."", ""terminal_value"": -0.018731698258638085, ""terminal_gradient_l2"": 0.03670651871954034, ""terminal_gradient_inf"": 0.009546257011199134}, {""stage"": 1, ""cap"": 29750, ""force_epsilon"": 3.047519613778484e-09, ""uniformity_epsilon"": 0.0001296980497826198, ""iterations"": 8232, ""evaluations"": 8481, ""success"": false, ""status"": 2, ""message"": ""Desired error not necessarily achieved due to precision loss."", ""terminal_value"": -0.05047901565475579, ""terminal_gradient_l2"": 1.0524618620453385e-07, ""terminal_gradient_inf"": 2.438329232402577e-08}]",computed,"original loss, reduced gauge, raw SI units",True,1.264945475735199e-10,,,0.9920832799804272,0.9945265404999972,000000000000049382001b184479,000000000000080f5c41bca175fe30e1,True,True,True,0.9534314860368228,0.0013625240910655,False,Co-scheduled sensitivity workers; use C7 serial timings for optimizer cost comparisons.,smoke,3.681408255706777e-06,3.674545302150539e-06,0.0006197304659239348
Triple,FE,260869,100.0,1.0,1.0,1.0,0.001,1.0,1.0,1.0,1.0,1.0,250,0.05,30000,BFGS,1e-08,0.0001,0.9,10,40,0.0,1000000,0.03,0.9,0.999,1e-12,0.0001,cosine,0.0,continuous,alpha_factor,100.0,0000000000000494a1c671cfe840,000000000000080f78dccf06fe0618d4,000000000000080f2d7b5efbd5a31fd5,-0.0502062909113069,0.1753650867608165,0.0043669958966319,0.0008705183596276,0.0199319671550736,0.2190950779045575,False,1,Maximum number of iterations has been exceeded.,False,False,30000,30745,125.19609480000508,0.0001367000077152,0.027151699992828,"{""method"": ""Regularized-FE"", ""components"": {""force_smoothing"": true, ""pressure_retention"": true, ""uniformity"": true}, ""alpha_force"": 300000.0, ""beta_pressure"": 5e-05, ""gamma_uniformity"": 1.0, ""curvature_weight_override"": [[1.0, 0.0, 0.0], [0.0, 1.0, 0.0], [0.0, 0.0, 10.0]], ""pressure_epsilon_rel"": 0.001, ""smooth_stage_factors"": [0.05, 0.01], ""smooth_stage_maxiters"": [250, 29750], ""smooth_scale_floor"": 1e-20, ""gtol"": 1e-08, ""report_gradient_tol"": 0.001, ""h_m"": 0.0005, ""initial_force_scale_n"": 3.047519613778484e-07, ""initial_loss_std_scale_n_m"": 0.028498485371367354, ""epsilon_force_multiplier"": 1.0, ""epsilon_std_multiplier"": 1.0, ""smooth_scale_floor_activated"": false}","[{""stage"": 0, ""cap"": 250, ""force_epsilon"": 1.523759806889242e-08, ""uniformity_epsilon"": 0.0014249242685683678, ""iterations"": 250, ""evaluations"": 287, ""success"": false, ""status"": 1, ""message"": ""Maximum number of iterations has been exceeded."", ""terminal_value"": -0.013300495038555474, ""terminal_gradient_l2"": 0.037443209359322556, ""terminal_gradient_inf"": 0.0079294103832442}, {""stage"": 1, ""cap"": 29750, ""force_epsilon"": 3.047519613778484e-09, ""uniformity_epsilon"": 0.00028498485371367355, ""iterations"": 29750, ""evaluations"": 30458, ""success"": false, ""status"": 1, ""message"": ""Maximum number of iterations has been exceeded."", ""terminal_value"": -0.05020629091130696, ""terminal_gradient_l2"": 0.004366995896631936, ""terminal_gradient_inf"": 0.0008705183596276841}]",computed,"original loss, reduced gauge, raw SI units",True,1.7063129190276628e-11,,,0.977461331657252,0.9898961760703664,000000000000049382001b184479,000000000000080f5c41bca175fe30e1,True,True,True,0.9563000317026455,0.0013467808643748,False,Co-scheduled sensitivity workers; use C7 serial timings for optimizer cost comparisons.,smoke,3.467351295902399e-06,3.4528244168679566e-06,0.0006215950206067195
Triple,FE,260869,3.0,1.0,1.0,1.0,0.001,1.0,1.0,1.0,1.0,1.0,250,0.05,30000,BFGS,1e-08,0.0001,0.9,10,40,0.0,1000000,0.03,0.9,0.999,1e-12,0.0001,cosine,0.0,continuous,alpha_factor,3.0,0000000000000492cffc4f4def2e,000000000000080ff600e7f6f8fb18a4,000000000000080f2d7b5efbd5a31fd5,-0.0504791291215336,0.0599912762614724,5.223530237071684e-08,1.1274474859931298e-08,1.5880754614709178e-06,0.0328922042044117,False,2,Desired error not necessarily achieved due to precision loss.,False,True,7791,8028,30.104100700002164,0.0001002000062726,0.0172404999902937,"{""method"": ""Regularized-FE"", ""components"": {""force_smoothing"": true, ""pressure_retention"": true, ""uniformity"": true}, ""alpha_force"": 9000.0, ""beta_pressure"": 5e-05, ""gamma_uniformity"": 1.0, ""curvature_weight_override"": [[1.0, 0.0, 0.0], [0.0, 1.0, 0.0], [0.0, 0.0, 10.0]], ""pressure_epsilon_rel"": 0.001, ""smooth_stage_factors"": [0.05, 0.01], ""smooth_stage_maxiters"": [250, 29750], ""smooth_scale_floor"": 1e-20, ""gtol"": 1e-08, ""report_gradient_tol"": 0.001, ""h_m"": 0.0005, ""initial_force_scale_n"": 3.047519613778484e-07, ""initial_loss_std_scale_n_m"": 0.011772675298436818, ""epsilon_force_multiplier"": 1.0, ""epsilon_std_multiplier"": 1.0, ""smooth_scale_floor_activated"": false}","[{""stage"": 0, ""cap"": 250, ""force_epsilon"": 1.523759806889242e-08, ""uniformity_epsilon"": 0.000588633764921841, ""iterations"": 250, ""evaluations"": 288, ""success"": false, ""status"": 1, ""message"": ""Maximum number of iterations has been exceeded."", ""terminal_value"": -0.014151516272782282, ""terminal_gradient_l2"": 0.016481886055129777, ""terminal_gradient_inf"": 0.005526592220235591}, {""stage"": 1, ""cap"": 29750, ""force_epsilon"": 3.047519613778484e-09, ""uniformity_epsilon"": 0.0001177267529843682, ""iterations"": 7541, ""evaluations"": 7740, ""success"": false, ""status"": 2, ""message"": ""Desired error not necessarily achieved due to precision loss."", ""terminal_value"": -0.05047912912153363, ""terminal_gradient_l2"": 5.2235302370716835e-08, ""terminal_gradient_inf"": 1.1274474859931298e-08}]",computed,"original loss, reduced gauge, raw SI units",True,4.2531296088581247e-10,,,0.7757570116239619,0.8509560779291022,000000000000049382001b184479,000000000000080f5c41bca175fe30e1,True,True,True,0.9534200274559508,0.0013625573513608,False,Co-scheduled sensitivity workers; use C7 serial timings for optimizer cost comparisons.,smoke,3.3645572826530363e-06,3.3363937237387336e-06,0.000619723017846368
Triple,FE,260869,30.0,1.0,1.0,1.0,0.001,1.0,1.0,1.0,1.0,1.0,250,0.05,30000,BFGS,1e-08,0.0001,0.9,10,40,0.0,1000000,0.03,0.9,0.999,1e-12,0.0001,cosine,0.0,continuous,alpha_factor,30.0,00000000000004930b82cd00eeea,000000000000080f2ab310c22c522aad,000000000000080f2d7b5efbd5a31fd5,-0.0504789953697098,0.0920824262077691,1.1984938620739998e-06,2.3339945204474402e-07,1.5076137572060785e-05,0.0794960815623663,False,2,Desired error not necessarily achieved due to precision loss.,False,True,13423,13844,65.33041100000264,0.0001986999996006,0.0204143000009935,"{""method"": ""Regularized-FE"", ""components"": {""force_smoothing"": true, ""pressure_retention"": true, ""uniformity"": true}, ""alpha_force"": 90000.0, ""beta_pressure"": 5e-05, ""gamma_uniformity"": 1.0, ""curvature_weight_override"": [[1.0, 0.0, 0.0], [0.0, 1.0, 0.0], [0.0, 0.0, 10.0]], ""pressure_epsilon_rel"": 0.001, ""smooth_stage_factors"": [0.05, 0.01], ""smooth_stage_maxiters"": [250, 29750], ""smooth_scale_floor"": 1e-20, ""gtol"": 1e-08, ""report_gradient_tol"": 0.001, ""h_m"": 0.0005, ""initial_force_scale_n"": 3.047519613778484e-07, ""initial_loss_std_scale_n_m"": 0.01640486948576542, ""epsilon_force_multiplier"": 1.0, ""epsilon_std_multiplier"": 1.0, ""smooth_scale_floor_activated"": false}","[{""stage"": 0, ""cap"": 250, ""force_epsilon"": 1.523759806889242e-08, ""uniformity_epsilon"": 0.000820243474288271, ""iterations"": 250, ""evaluations"": 277, ""success"": false, ""status"": 1, ""message"": ""Maximum number of iterations has been exceeded."", ""terminal_value"": -0.020315512942572517, ""terminal_gradient_l2"": 0.032038506286099624, ""terminal_gradient_inf"": 0.012263681806949294}, {""stage"": 1, ""cap"": 29750, ""force_epsilon"": 3.047519613778484e-09, ""uniformity_epsilon"": 0.00016404869485765422, ""iterations"": 13173, ""evaluations"": 13567, ""success"": false, ""status"": 2, ""message"": ""Desired error not necessarily achieved due to precision loss."", ""terminal_value"": -0.0504789953697098, ""terminal_gradient_l2"": 1.1984938620739998e-06, ""terminal_gradient_inf"": 2.3339945204474397e-07}]",computed,"original loss, reduced gauge, raw SI units",True,4.2131855413092336e-11,,,0.7757813283738294,0.8509756601115991,000000000000049382001b184479,000000000000080f5c41bca175fe30e1,True,True,True,0.9534457695506016,0.0013624533526967,False,Co-scheduled sensitivity workers; use C7 serial timings for optimizer cost comparisons.,smoke,4.646197400358951e-06,4.644084764454911e-06,0.0006197397502078909
Triple,GFE,260869,0.01,1.0,1.0,1.0,0.001,1.0,1.0,1.0,1.0,1.0,250,0.05,30000,BFGS,1e-08,0.0001,0.9,10,40,0.0,1000000,0.03,0.9,0.999,1e-12,0.0001,cosine,0.0,continuous,alpha_factor,0.01,0000000000000494356cabad445e,000000000000080f489ebd097a8516d7,000000000000080f2d7b5efbd5a31fd5,-0.0531209799717529,0.056467518784654,3.0379626123061345e-08,9.783979906188782e-09,1.029228390152904e-06,0.0295168948055815,True,0,Optimization terminated successfully.,True,True,1524,1605,7.241110300004948,0.0001011999993352,0.0250611999945249,"{""method"": ""Regularized-FE"", ""components"": {""force_smoothing"": true, ""pressure_retention"": true, ""uniformity"": true}, ""alpha_force"": 30.0, ""beta_pressure"": 5e-05, ""gamma_uniformity"": 1.0, ""curvature_weight_override"": [[1.0, 0.0, 0.0], [0.0, 1.0, 0.0], [0.0, 0.0, 10.0]], ""pressure_epsilon_rel"": 0.001, ""smooth_stage_factors"": [0.05, 0.01], ""smooth_stage_maxiters"": [250, 29750], ""smooth_scale_floor"": 1e-20, ""gtol"": 1e-08, ""report_gradient_tol"": 0.001, ""compensate_effective_gravity"": true, ""h_m"": 0.0005, ""initial_force_scale_n"": 1.2934929155139256e-06, ""initial_loss_std_scale_n_m"": 0.011260844091467858, ""epsilon_force_multiplier"": 1.0, ""epsilon_std_multiplier"": 1.0, ""smooth_scale_floor_activated"": false}","[{""stage"": 0, ""cap"": 250, ""force_epsilon"": 6.467464577569628e-08, ""uniformity_epsilon"": 0.000563042204573393, ""iterations"": 250, ""evaluations"": 293, ""success"": false, ""status"": 1, ""message"": ""Maximum number of iterations has been exceeded."", ""terminal_value"": -0.03019581712404344, ""terminal_gradient_l2"": 0.02012052373635932, ""terminal_gradient_inf"": 0.008295270167872449}, {""stage"": 1, ""cap"": 29750, ""force_epsilon"": 1.2934929155139256e-08, ""uniformity_epsilon"": 0.00011260844091467859, ""iterations"": 1274, ""evaluations"": 1312, ""success"": true, ""status"": 0, ""message"": ""Optimization terminated successfully."", ""terminal_value"": -0.05312097997175295, ""terminal_gradient_l2"": 3.0379626123061345e-08, ""terminal_gradient_inf"": 9.783979906188782e-09}]",computed,"original loss, reduced gauge, raw SI units",True,6.550805386709876e-06,,,0.8947708329693956,0.9359093751408908,000000000000049382001b184479,000000000000080f5c41bca175fe30e1,True,True,True,1.742968354031297,0.0013451927153882,False,Co-scheduled sensitivity workers; use C7 serial timings for optimizer cost comparisons.,smoke,0.0049100532459694,4.692746360987908e-07,0.001132929430120343
Triple,GFE,260869,0.03,1.0,1.0,1.0,0.001,1.0,1.0,1.0,1.0,1.0,250,0.05,30000,BFGS,1e-08,0.0001,0.9,10,40,0.0,1000000,0.03,0.9,0.999,1e-12,0.0001,cosine,0.0,continuous,alpha_factor,0.03,0000000000000494e0958f684aee,000000000000080ff210d66ecaa30aad,000000000000080f2d7b5efbd5a31fd5,-0.052810934672518,0.0565457853657505,2.4977000826829348e-08,1.0366501382035966e-08,8.459100795657003e-07,0.0295267800091149,False,2,Desired error not necessarily achieved due to precision loss.,False,True,1628,1788,6.877622500003781,0.0001042999938363,0.0226582999894162,"{""method"": ""Regularized-FE"", ""components"": {""force_smoothing"": true, ""pressure_retention"": true, ""uniformity"": true}, ""alpha_force"": 90.0, ""beta_pressure"": 5e-05, ""gamma_uniformity"": 1.0, ""curvature_weight_override"": [[1.0, 0.0, 0.0], [0.0, 1.0, 0.0], [0.0, 0.0, 10.0]], ""pressure_epsilon_rel"": 0.001, ""smooth_stage_factors"": [0.05, 0.01], ""smooth_stage_maxiters"": [250, 29750], ""smooth_scale_floor"": 1e-20, ""gtol"": 1e-08, ""report_gradient_tol"": 0.001, ""compensate_effective_gravity"": true, ""h_m"": 0.0005, ""initial_force_scale_n"": 1.2934929155139256e-06, ""initial_loss_std_scale_n_m"": 0.011260916610895491, ""epsilon_force_multiplier"": 1.0, ""epsilon_std_multiplier"": 1.0, ""smooth_scale_floor_activated"": false}","[{""stage"": 0, ""cap"": 250, ""force_epsilon"": 6.467464577569628e-08, ""uniformity_epsilon"": 0.0005630458305447746, ""iterations"": 250, ""evaluations"": 300, ""success"": false, ""status"": 1, ""message"": ""Maximum number of iterations has been exceeded."", ""terminal_value"": -0.031062134077460227, ""terminal_gradient_l2"": 0.019583564411447426, ""terminal_gradient_inf"": 0.006364304707035114}, {""stage"": 1, ""cap"": 29750, ""force_epsilon"": 1.2934929155139256e-08, ""uniformity_epsilon"": 0.00011260916610895491, ""iterations"": 1378, ""evaluations"": 1488, ""success"": false, ""status"": 2, ""message"": ""Desired error not necessarily achieved due to precision loss."", ""terminal_value"": -0.052810934672518, ""terminal_gradient_l2"": 2.4977000826829348e-08, ""terminal_gradient_inf"": 1.0366501382035966e-08}]",computed,"original loss, reduced gauge, raw SI units",True,6.234429789160177e-06,,,0.8968662298337347,0.937324963842416,000000000000049382001b184479,000000000000080f5c41bca175fe30e1,True,True,True,1.7042803523471364,0.0013680885941597,False,Co-scheduled sensitivity workers; use C7 serial timings for optimizer cost comparisons.,smoke,0.005112860177761,3.6196128127520224e-08,0.0011077822290256386
Triple,GFE,260869,0.1,1.0,1.0,1.0,0.001,1.0,1.0,1.0,1.0,1.0,250,0.05,30000,BFGS,1e-08,0.0001,0.9,10,40,0.0,1000000,0.03,0.9,0.999,1e-12,0.0001,cosine,0.0,continuous,alpha_factor,0.1,0000000000000493adbb806b4477,000000000000080f152049c9ac36234c,000000000000080f2d7b5efbd5a31fd5,-0.0518779957677862,0.0568197321742096,3.120222162121132e-08,9.858889812034343e-09,1.0555017804604092e-06,0.029561505436401,True,0,Optimization terminated successfully.,True,True,1961,2059,7.740220499996212,0.0001319000002695,0.0206242999993264,"{""method"": ""Regularized-FE"", ""components"": {""force_smoothing"": true, ""pressure_retention"": true, ""uniformity"": true}, ""alpha_force"": 300.0, ""beta_pressure"": 5e-05, ""gamma_uniformity"": 1.0, ""curvature_weight_override"": [[1.0, 0.0, 0.0], [0.0, 1.0, 0.0], [0.0, 0.0, 10.0]], ""pressure_epsilon_rel"": 0.001, ""smooth_stage_factors"": [0.05, 0.01], ""smooth_stage_maxiters"": [250, 29750], ""smooth_scale_floor"": 1e-20, ""gtol"": 1e-08, ""report_gradient_tol"": 0.001, ""compensate_effective_gravity"": true, ""h_m"": 0.0005, ""initial_force_scale_n"": 1.2934929155139256e-06, ""initial_loss_std_scale_n_m"": 0.011261184343278493, ""epsilon_force_multiplier"": 1.0, ""epsilon_std_multiplier"": 1.0, ""smooth_scale_floor_activated"": false}","[{""stage"": 0, ""cap"": 250, ""force_epsilon"": 6.467464577569628e-08, ""uniformity_epsilon"": 0.0005630592171639246, ""iterations"": 250, ""evaluations"": 295, ""success"": false, ""status"": 1, ""message"": ""Maximum number of iterations has been exceeded."", ""terminal_value"": -0.027518496996813347, ""terminal_gradient_l2"": 0.015479922001247332, ""terminal_gradient_inf"": 0.00427165832646158}, {""stage"": 1, ""cap"": 29750, ""force_epsilon"": 1.2934929155139256e-08, ""uniformity_epsilon"": 0.00011261184343278493, ""iterations"": 1711, ""evaluations"": 1764, ""success"": true, ""status"": 0, ""message"": ""Optimization terminated successfully."", ""terminal_value"": -0.051877995767786275, ""terminal_gradient_l2"": 3.120222162121132e-08, ""terminal_gradient_inf"": 9.858889812034343e-09}]",computed,"original loss, reduced gauge, raw SI units",True,5.206526699052475e-06,,,0.9021674500315684,0.9411121788285792,000000000000049382001b184479,000000000000080f5c41bca175fe30e1,True,True,True,1.5694465842419028,0.001351697227697,False,Co-scheduled sensitivity workers; use C7 serial timings for optimizer cost comparisons.,smoke,0.0047116013099889,1.797588197612308e-06,0.0010201402797572368
Triple,GFE,260869,0.3,1.0,1.0,1.0,0.001,1.0,1.0,1.0,1.0,1.0,250,0.05,30000,BFGS,1e-08,0.0001,0.9,10,40,0.0,1000000,0.03,0.9,0.999,1e-12,0.0001,cosine,0.0,continuous,alpha_factor,0.3,00000000000004937842a4ae4b07,000000000000080fa63a5dccd6a61e91,000000000000080f2d7b5efbd5a31fd5,-0.0502058055631466,0.0576025553971878,3.793262941555745e-08,9.309747315628993e-09,1.2788376471341592e-06,0.0296618022628309,True,0,Optimization terminated successfully.,True,True,2221,2328,9.041064099990765,0.0001032000000122,0.0189478999964194,"{""method"": ""Regularized-FE"", ""components"": {""force_smoothing"": true, ""pressure_retention"": true, ""uniformity"": true}, ""alpha_force"": 900.0, ""beta_pressure"": 5e-05, ""gamma_uniformity"": 1.0, ""curvature_weight_override"": [[1.0, 0.0, 0.0], [0.0, 1.0, 0.0], [0.0, 0.0, 10.0]], ""pressure_epsilon_rel"": 0.001, ""smooth_stage_factors"": [0.05, 0.01], ""smooth_stage_maxiters"": [250, 29750], ""smooth_scale_floor"": 1e-20, ""gtol"": 1e-08, ""report_gradient_tol"": 0.001, ""compensate_effective_gravity"": true, ""h_m"": 0.0005, ""initial_force_scale_n"": 1.2934929155139256e-06, ""initial_loss_std_scale_n_m"": 0.011262068546755537, ""epsilon_force_multiplier"": 1.0, ""epsilon_std_multiplier"": 1.0, ""smooth_scale_floor_activated"": false}","[{""stage"": 0, ""cap"": 250, ""force_epsilon"": 6.467464577569628e-08, ""uniformity_epsilon"": 0.0005631034273377768, ""iterations"": 250, ""evaluations"": 306, ""success"": false, ""status"": 1, ""message"": ""Maximum number of iterations has been exceeded."", ""terminal_value"": -0.02666579379651732, ""terminal_gradient_l2"": 0.015173742908910536, ""terminal_gradient_inf"": 0.005220921618800154}, {""stage"": 1, ""cap"": 29750, ""force_epsilon"": 1.2934929155139256e-08, ""uniformity_epsilon"": 0.00011262068546755537, ""iterations"": 1971, ""evaluations"": 2022, ""success"": true, ""status"": 0, ""message"": ""Optimization terminated successfully."", ""terminal_value"": -0.05020580556314663, ""terminal_gradient_l2"": 3.7932629415557445e-08, ""terminal_gradient_inf"": 9.309747315628991e-09}]",computed,"original loss, reduced gauge, raw SI units",True,2.0138226833794897e-06,,,0.984794005905536,0.9912219193831776,000000000000049382001b184479,000000000000080f5c41bca175fe30e1,True,True,True,0.781279398563029,0.0013097401649306,False,Co-scheduled sensitivity workers; use C7 serial timings for optimizer cost comparisons.,smoke,0.0012795536185392,6.216618516644154e-06,0.0005078316090659688
Triple,GFE,260869,1.0,1.0,1.0,1.0,0.001,1.0,1.0,1.0,1.0,1.0,250,0.05,30000,BFGS,1e-08,0.0001,0.9,10,40,0.0,1000000,0.03,0.9,0.999,1e-12,0.0001,cosine,0.0,continuous,alpha_factor,1.0,000000000000049382001b184479,000000000000080f5c41bca175fe30e1,000000000000080f2d7b5efbd5a31fd5,-0.0496489322685399,0.0603438133903949,3.307155120464556e-08,9.894782154094378e-09,1.1014633748299583e-06,0.0300251029315896,True,0,Optimization terminated successfully.,True,True,2777,2871,9.424814900005003,8.670000534038991e-05,0.0261399999872082,"{""method"": ""Regularized-FE"", ""components"": {""force_smoothing"": true, ""pressure_retention"": true, ""uniformity"": true}, ""alpha_force"": 3000.0, ""beta_pressure"": 5e-05, ""gamma_uniformity"": 1.0, ""curvature_weight_override"": [[1.0, 0.0, 0.0], [0.0, 1.0, 0.0], [0.0, 0.0, 10.0]], ""pressure_epsilon_rel"": 0.001, ""smooth_stage_factors"": [0.05, 0.01], ""smooth_stage_maxiters"": [250, 29750], ""smooth_scale_floor"": 1e-20, ""gtol"": 1e-08, ""report_gradient_tol"": 0.001, ""compensate_effective_gravity"": true, ""h_m"": 0.0005, ""initial_force_scale_n"": 1.2934929155139256e-06, ""initial_loss_std_scale_n_m"": 0.011266553940494833, ""epsilon_force_multiplier"": 1.0, ""epsilon_std_multiplier"": 1.0, ""smooth_scale_floor_activated"": false}","[{""stage"": 0, ""cap"": 250, ""force_epsilon"": 6.467464577569628e-08, ""uniformity_epsilon"": 0.0005633276970247417, ""iterations"": 250, ""evaluations"": 288, ""success"": false, ""status"": 1, ""message"": ""Maximum number of iterations has been exceeded."", ""terminal_value"": -0.024506645236742886, ""terminal_gradient_l2"": 0.01752334601898978, ""terminal_gradient_inf"": 0.004209316855187494}, {""stage"": 1, ""cap"": 29750, ""force_epsilon"": 1.2934929155139256e-08, ""uniformity_epsilon"": 0.00011266553940494834, ""iterations"": 2527, ""evaluations"": 2583, ""success"": true, ""status"": 0, ""message"": ""Optimization terminated successfully."", ""terminal_value"": -0.049648932268539954, ""terminal_gradient_l2"": 3.307155120464556e-08, ""terminal_gradient_inf"": 9.894782154094378e-09}]",reused,"original loss, reduced gauge, raw SI units",True,1.3345442864029888e-08,,,1.0,0.9999999999999994,000000000000049382001b184479,000000000000080f5c41bca175fe30e1,True,True,True,0.4579675383985165,0.0013121841697281,False,Co-scheduled sensitivity workers; use C7 serial timings for optimizer cost comparisons.,smoke,3.618937673684308e-06,3.618937673684308e-06,0.00029767889995903574
Triple,GFE,260869,10.0,1.0,1.0,1.0,0.001,1.0,1.0,1.0,1.0,1.0,250,0.05,30000,BFGS,1e-08,0.0001,0.9,10,40,0.0,1000000,0.03,0.9,0.999,1e-12,0.0001,cosine,0.0,continuous,alpha_factor,10.0,0000000000000494a2cab5f44463,000000000000080f9c6ea37a7b68116c,000000000000080f2d7b5efbd5a31fd5,-0.0496417915084781,0.0957766884708243,8.899290230053393e-08,1.934645125611906e-08,2.4762689235974e-06,0.0359383027636794,False,2,Desired error not necessarily achieved due to precision loss.,False,True,3676,3858,14.001133000012487,0.0001554000045871,0.0177748999994946,"{""method"": ""Regularized-FE"", ""components"": {""force_smoothing"": true, ""pressure_retention"": true, ""uniformity"": true}, ""alpha_force"": 30000.0, ""beta_pressure"": 5e-05, ""gamma_uniformity"": 1.0, ""curvature_weight_override"": [[1.0, 0.0, 0.0], [0.0, 1.0, 0.0], [0.0, 0.0, 10.0]], ""pressure_epsilon_rel"": 0.001, ""smooth_stage_factors"": [0.05, 0.01], ""smooth_stage_maxiters"": [250, 29750], ""smooth_scale_floor"": 1e-20, ""gtol"": 1e-08, ""report_gradient_tol"": 0.001, ""compensate_effective_gravity"": true, ""h_m"": 0.0005, ""initial_force_scale_n"": 1.2934929155139256e-06, ""initial_loss_std_scale_n_m"": 0.011514261314804194, ""epsilon_force_multiplier"": 1.0, ""epsilon_std_multiplier"": 1.0, ""smooth_scale_floor_activated"": false}","[{""stage"": 0, ""cap"": 250, ""force_epsilon"": 6.467464577569628e-08, ""uniformity_epsilon"": 0.0005757130657402098, ""iterations"": 250, ""evaluations"": 285, ""success"": false, ""status"": 1, ""message"": ""Maximum number of iterations has been exceeded."", ""terminal_value"": -0.02644684400004871, ""terminal_gradient_l2"": 0.011917621243627819, ""terminal_gradient_inf"": 0.003066405012385043}, {""stage"": 1, ""cap"": 29750, ""force_epsilon"": 1.2934929155139256e-08, ""uniformity_epsilon"": 0.00011514261314804195, ""iterations"": 3426, ""evaluations"": 3573, ""success"": false, ""status"": 2, ""message"": ""Desired error not necessarily achieved due to precision loss."", ""terminal_value"": -0.049641791508478146, ""terminal_gradient_l2"": 8.899290230053392e-08, ""terminal_gradient_inf"": 1.934645125611906e-08}]",computed,"original loss, reduced gauge, raw SI units",True,9.36545010604111e-10,,,0.7693536725573804,0.8491747832871077,000000000000049382001b184479,000000000000080f5c41bca175fe30e1,True,True,True,0.4631657450155839,0.0013173143156914,False,Co-scheduled sensitivity workers; use C7 serial timings for optimizer cost comparisons.,smoke,3.550380875835087e-06,3.684606587382044e-06,0.0003010577342601295
Triple,GFE,260869,100.0,1.0,1.0,1.0,0.001,1.0,1.0,1.0,1.0,1.0,250,0.05,30000,BFGS,1e-08,0.0001,0.9,10,40,0.0,1000000,0.03,0.9,0.999,1e-12,0.0001,cosine,0.0,continuous,alpha_factor,100.0,00000000000004950b56d109447d,000000000000080fa77742e1f63d2862,000000000000080f2d7b5efbd5a31fd5,-0.049641234258215,0.4611488097540372,3.498534808409614e-08,6.295827740751965e-09,3.295221919546448e-07,0.1061699300935443,True,0,Optimization terminated successfully.,True,True,8797,9087,36.21346359999734,0.0001072000013664,0.0216392000002088,"{""method"": ""Regularized-FE"", ""components"": {""force_smoothing"": true, ""pressure_retention"": true, ""uniformity"": true}, ""alpha_force"": 300000.0, ""beta_pressure"": 5e-05, ""gamma_uniformity"": 1.0, ""curvature_weight_override"": [[1.0, 0.0, 0.0], [0.0, 1.0, 0.0], [0.0, 0.0, 10.0]], ""pressure_epsilon_rel"": 0.001, ""smooth_stage_factors"": [0.05, 0.01], ""smooth_stage_maxiters"": [250, 29750], ""smooth_scale_floor"": 1e-20, ""gtol"": 1e-08, ""report_gradient_tol"": 0.001, ""compensate_effective_gravity"": true, ""h_m"": 0.0005, ""initial_force_scale_n"": 1.2934929155139256e-06, ""initial_loss_std_scale_n_m"": 0.025146385134119934, ""epsilon_force_multiplier"": 1.0, ""epsilon_std_multiplier"": 1.0, ""smooth_scale_floor_activated"": false}","[{""stage"": 0, ""cap"": 250, ""force_epsilon"": 6.467464577569628e-08, ""uniformity_epsilon"": 0.0012573192567059968, ""iterations"": 250, ""evaluations"": 280, ""success"": false, ""status"": 1, ""message"": ""Maximum number of iterations has been exceeded."", ""terminal_value"": -0.03239275985414735, ""terminal_gradient_l2"": 0.05771366056124428, ""terminal_gradient_inf"": 0.014542729513131025}, {""stage"": 1, ""cap"": 29750, ""force_epsilon"": 1.2934929155139256e-08, ""uniformity_epsilon"": 0.00025146385134119936, ""iterations"": 8547, ""evaluations"": 8807, ""success"": true, ""status"": 0, ""message"": ""Optimization terminated successfully."", ""terminal_value"": -0.04964123425821504, ""terminal_gradient_l2"": 3.498534808409614e-08, ""terminal_gradient_inf"": 6.295827740751965e-09}]",computed,"original loss, reduced gauge, raw SI units",True,9.345256581664224e-11,,,0.769340374129518,0.849164986118194,000000000000049382001b184479,000000000000080f5c41bca175fe30e1,True,True,True,0.463637905571604,0.0013186054001445,False,Co-scheduled sensitivity workers; use C7 serial timings for optimizer cost comparisons.,smoke,8.018071697581979e-06,8.033260607162085e-06,0.00030136463862154257
Triple,GFE,260869,3.0,1.0,1.0,1.0,0.001,1.0,1.0,1.0,1.0,1.0,250,0.05,30000,BFGS,1e-08,0.0001,0.9,10,40,0.0,1000000,0.03,0.9,0.999,1e-12,0.0001,cosine,0.0,continuous,alpha_factor,3.0,0000000000000493088e093b4b0d,000000000000080fa79a0bcb65210a32,000000000000080f2d7b5efbd5a31fd5,-0.0496434372668293,0.068187754042132,4.90379379077771e-08,9.212913495603631e-09,1.573782117047756e-06,0.0311592928757933,True,0,Optimization terminated successfully.,True,True,2756,2844,11.186794900000676,0.0001040999923134,0.015388100000564,"{""method"": ""Regularized-FE"", ""components"": {""force_smoothing"": true, ""pressure_retention"": true, ""uniformity"": true}, ""alpha_force"": 9000.0, ""beta_pressure"": 5e-05, ""gamma_uniformity"": 1.0, ""curvature_weight_override"": [[1.0, 0.0, 0.0], [0.0, 1.0, 0.0], [0.0, 0.0, 10.0]], ""pressure_epsilon_rel"": 0.001, ""smooth_stage_factors"": [0.05, 0.01], ""smooth_stage_maxiters"": [250, 29750], ""smooth_scale_floor"": 1e-20, ""gtol"": 1e-08, ""report_gradient_tol"": 0.001, ""compensate_effective_gravity"": true, ""h_m"": 0.0005, ""initial_force_scale_n"": 1.2934929155139256e-06, ""initial_loss_std_scale_n_m"": 0.01129126377938887, ""epsilon_force_multiplier"": 1.0, ""epsilon_std_multiplier"": 1.0, ""smooth_scale_floor_activated"": false}","[{""stage"": 0, ""cap"": 250, ""force_epsilon"": 6.467464577569628e-08, ""uniformity_epsilon"": 0.0005645631889694435, ""iterations"": 250, ""evaluations"": 287, ""success"": false, ""status"": 1, ""message"": ""Maximum number of iterations has been exceeded."", ""terminal_value"": -0.02183500176370952, ""terminal_gradient_l2"": 0.02006314660740941, ""terminal_gradient_inf"": 0.006825102283574622}, {""stage"": 1, ""cap"": 29750, ""force_epsilon"": 1.2934929155139256e-08, ""uniformity_epsilon"": 0.00011291263779388871, ""iterations"": 2506, ""evaluations"": 2557, ""success"": true, ""status"": 0, ""message"": ""Optimization terminated successfully."", ""terminal_value"": -0.04964343726682937, ""terminal_gradient_l2"": 4.90379379077771e-08, ""terminal_gradient_inf"": 9.21291349560363e-09}]",computed,"original loss, reduced gauge, raw SI units",True,3.204600846660463e-09,,,0.7694104753835892,0.8492211599408193,000000000000049382001b184479,000000000000080f5c41bca175fe30e1,True,True,True,0.4619810561501663,0.0013185220245726,False,Co-scheduled sensitivity workers; use C7 serial timings for optimizer cost comparisons.,smoke,3.28969499202474e-06,3.615485220479585e-06,0.0003002876864976081
Triple,GFE,260869,30.0,1.0,1.0,1.0,0.001,1.0,1.0,1.0,1.0,1.0,250,0.05,30000,BFGS,1e-08,0.0001,0.9,10,40,0.0,1000000,0.03,0.9,0.999,1e-12,0.0001,cosine,0.0,continuous,alpha_factor,30.0,000000000000049400274a944af9,000000000000080f16267967a3601362,000000000000080f2d7b5efbd5a31fd5,-0.049641335628824,0.1756304355814132,2.7254432335496617e-08,7.234581282372502e-09,5.263956032755632e-07,0.0517755698677999,True,0,Optimization terminated successfully.,True,True,4366,4515,19.283096299986937,0.0001194999931612,0.0170188000047346,"{""method"": ""Regularized-FE"", ""components"": {""force_smoothing"": true, ""pressure_retention"": true, ""uniformity"": true}, ""alpha_force"": 90000.0, ""beta_pressure"": 5e-05, ""gamma_uniformity"": 1.0, ""curvature_weight_override"": [[1.0, 0.0, 0.0], [0.0, 1.0, 0.0], [0.0, 0.0, 10.0]], ""pressure_epsilon_rel"": 0.001, ""smooth_stage_factors"": [0.05, 0.01], ""smooth_stage_maxiters"": [250, 29750], ""smooth_scale_floor"": 1e-20, ""gtol"": 1e-08, ""report_gradient_tol"": 0.001, ""compensate_effective_gravity"": true, ""h_m"": 0.0005, ""initial_force_scale_n"": 1.2934929155139256e-06, ""initial_loss_std_scale_n_m"": 0.013190037137493992, ""epsilon_force_multiplier"": 1.0, ""epsilon_std_multiplier"": 1.0, ""smooth_scale_floor_activated"": false}","[{""stage"": 0, ""cap"": 250, ""force_epsilon"": 6.467464577569628e-08, ""uniformity_epsilon"": 0.0006595018568746996, ""iterations"": 250, ""evaluations"": 279, ""success"": false, ""status"": 1, ""message"": ""Maximum number of iterations has been exceeded."", ""terminal_value"": -0.03307564572407383, ""terminal_gradient_l2"": 0.014064590887736114, ""terminal_gradient_inf"": 0.00507638705586014}, {""stage"": 1, ""cap"": 29750, ""force_epsilon"": 1.2934929155139256e-08, ""uniformity_epsilon"": 0.00013190037137493992, ""iterations"": 4116, ""evaluations"": 4236, ""success"": true, ""status"": 0, ""message"": ""Optimization terminated successfully."", ""terminal_value"": -0.049641335628824, ""terminal_gradient_l2"": 2.7254432335496617e-08, ""terminal_gradient_inf"": 7.234581282372502e-09}]",computed,"original loss, reduced gauge, raw SI units",True,3.1154513794412886e-10,,,0.7693396708395999,0.8491632425654756,000000000000049382001b184479,000000000000080f5c41bca175fe30e1,True,True,True,0.4635119903022544,0.0013183157419482,False,Co-scheduled sensitivity workers; use C7 serial timings for optimizer cost comparisons.,smoke,4.17033853248819e-06,4.219334767707705e-06,0.0003012827936964653
Triple,GFE,260869,0.1,1.0,1.0,1.0,0.001,0.1,1.0,1.0,1.0,1.0,250,0.05,30000,BFGS,1e-08,0.0001,0.9,10,40,0.0,1000000,0.03,0.9,0.999,1e-12,0.0001,cosine,0.0,interactions,alpha_x_epsilon_force,"0.1,0.1",00000000000004930419619f4475,000000000000080f4e7ed194e1a228ab,000000000000080f2d7b5efbd5a31fd5,-0.0518745119276803,0.0568232057210124,3.8827940348061776e-08,9.444477924178748e-09,1.3134627797979414e-06,0.0295615079051078,True,0,Optimization terminated successfully.,True,True,1843,1936,7.295398300004308,9.410000347997992e-05,0.0172244999994291,"{""method"": ""Regularized-FE"", ""components"": {""force_smoothing"": true, ""pressure_retention"": true, ""uniformity"": true}, ""alpha_force"": 300.0, ""beta_pressure"": 5e-05, ""gamma_uniformity"": 1.0, ""curvature_weight_override"": [[1.0, 0.0, 0.0], [0.0, 1.0, 0.0], [0.0, 0.0, 10.0]], ""pressure_epsilon_rel"": 0.001, ""smooth_stage_factors"": [0.05, 0.01], ""smooth_stage_maxiters"": [250, 29750], ""smooth_scale_floor"": 1e-20, ""gtol"": 1e-08, ""report_gradient_tol"": 0.001, ""compensate_effective_gravity"": true, ""h_m"": 0.0005, ""initial_force_scale_n"": 1.2934929155139256e-06, ""initial_loss_std_scale_n_m"": 0.011261184343278493, ""epsilon_force_multiplier"": 0.1, ""epsilon_std_multiplier"": 1.0, ""smooth_scale_floor_activated"": false}","[{""stage"": 0, ""cap"": 250, ""force_epsilon"": 6.467464577569628e-09, ""uniformity_epsilon"": 0.0005630592171639246, ""iterations"": 250, ""evaluations"": 294, ""success"": false, ""status"": 1, ""message"": ""Maximum number of iterations has been exceeded."", ""terminal_value"": -0.028403448968359425, ""terminal_gradient_l2"": 0.01515668116309786, ""terminal_gradient_inf"": 0.004173335533321288}, {""stage"": 1, ""cap"": 29750, ""force_epsilon"": 1.2934929155139258e-09, ""uniformity_epsilon"": 0.00011261184343278493, ""iterations"": 1593, ""evaluations"": 1642, ""success"": true, ""status"": 0, ""message"": ""Optimization terminated successfully."", ""terminal_value"": -0.05187451192768031, ""terminal_gradient_l2"": 3.8827940348061776e-08, ""terminal_gradient_inf"": 9.444477924178748e-09}]",computed,"original loss, reduced gauge, raw SI units",True,5.206535747221029e-06,,,0.9021664997794449,0.9411119318329052,000000000000049382001b184479,000000000000080f5c41bca175fe30e1,True,True,True,1.5694409254524908,0.0013516989854918,False,Co-scheduled sensitivity workers; use C7 serial timings for optimizer cost comparisons.,smoke,0.0047116112532698,1.7976126185990736e-06,0.001020136601544119
Triple,GFE,260869,0.1,1.0,1.0,1.0,0.001,1.0,1.0,1.0,1.0,1.0,250,0.05,30000,BFGS,1e-08,0.0001,0.9,10,40,0.0,1000000,0.03,0.9,0.999,1e-12,0.0001,cosine,0.0,interactions,alpha_x_epsilon_force,"0.1,1",0000000000000493adbb806b4477,000000000000080f152049c9ac36234c,000000000000080f2d7b5efbd5a31fd5,-0.0518779957677862,0.0568197321742096,3.120222162121132e-08,9.858889812034343e-09,1.0555017804604092e-06,0.029561505436401,True,0,Optimization terminated successfully.,True,True,1961,2059,7.740220499996212,0.0001319000002695,0.0206242999993264,"{""method"": ""Regularized-FE"", ""components"": {""force_smoothing"": true, ""pressure_retention"": true, ""uniformity"": true}, ""alpha_force"": 300.0, ""beta_pressure"": 5e-05, ""gamma_uniformity"": 1.0, ""curvature_weight_override"": [[1.0, 0.0, 0.0], [0.0, 1.0, 0.0], [0.0, 0.0, 10.0]], ""pressure_epsilon_rel"": 0.001, ""smooth_stage_factors"": [0.05, 0.01], ""smooth_stage_maxiters"": [250, 29750], ""smooth_scale_floor"": 1e-20, ""gtol"": 1e-08, ""report_gradient_tol"": 0.001, ""compensate_effective_gravity"": true, ""h_m"": 0.0005, ""initial_force_scale_n"": 1.2934929155139256e-06, ""initial_loss_std_scale_n_m"": 0.011261184343278493, ""epsilon_force_multiplier"": 1.0, ""epsilon_std_multiplier"": 1.0, ""smooth_scale_floor_activated"": false}","[{""stage"": 0, ""cap"": 250, ""force_epsilon"": 6.467464577569628e-08, ""uniformity_epsilon"": 0.0005630592171639246, ""iterations"": 250, ""evaluations"": 295, ""success"": false, ""status"": 1, ""message"": ""Maximum number of iterations has been exceeded."", ""terminal_value"": -0.027518496996813347, ""terminal_gradient_l2"": 0.015479922001247332, ""terminal_gradient_inf"": 0.00427165832646158}, {""stage"": 1, ""cap"": 29750, ""force_epsilon"": 1.2934929155139256e-08, ""uniformity_epsilon"": 0.00011261184343278493, ""iterations"": 1711, ""evaluations"": 1764, ""success"": true, ""status"": 0, ""message"": ""Optimization terminated successfully."", ""terminal_value"": -0.051877995767786275, ""terminal_gradient_l2"": 3.120222162121132e-08, ""terminal_gradient_inf"": 9.858889812034343e-09}]",computed,"original loss, reduced gauge, raw SI units",True,5.206526699052475e-06,,,0.9021674500315684,0.9411121788285792,000000000000049382001b184479,000000000000080f5c41bca175fe30e1,True,True,True,1.5694465842419028,0.001351697227697,False,Co-scheduled sensitivity workers; use C7 serial timings for optimizer cost comparisons.,smoke,0.0047116013099889,1.797588197612308e-06,0.0010201402797572368
Triple,GFE,260869,0.1,1.0,1.0,1.0,0.001,10.0,1.0,1.0,1.0,1.0,250,0.05,30000,BFGS,1e-08,0.0001,0.9,10,40,0.0,1000000,0.03,0.9,0.999,1e-12,0.0001,cosine,0.0,interactions,alpha_x_epsilon_force,"0.1,10",0000000000000494e3ba23f7519a,000000000000080fcade8ad539822469,000000000000080f2d7b5efbd5a31fd5,-0.0519120624224375,0.0567866917153112,3.192040321949284e-08,9.99918827957416e-09,1.0798052172403312e-06,0.0295612604105323,True,0,Optimization terminated successfully.,True,True,1969,2064,7.163197400004719,9.729999874252826e-05,0.0177808000007644,"{""method"": ""Regularized-FE"", ""components"": {""force_smoothing"": true, ""pressure_retention"": true, ""uniformity"": true}, ""alpha_force"": 300.0, ""beta_pressure"": 5e-05, ""gamma_uniformity"": 1.0, ""curvature_weight_override"": [[1.0, 0.0, 0.0], [0.0, 1.0, 0.0], [0.0, 0.0, 10.0]], ""pressure_epsilon_rel"": 0.001, ""smooth_stage_factors"": [0.05, 0.01], ""smooth_stage_maxiters"": [250, 29750], ""smooth_scale_floor"": 1e-20, ""gtol"": 1e-08, ""report_gradient_tol"": 0.001, ""compensate_effective_gravity"": true, ""h_m"": 0.0005, ""initial_force_scale_n"": 1.2934929155139256e-06, ""initial_loss_std_scale_n_m"": 0.011261184343278493, ""epsilon_force_multiplier"": 10.0, ""epsilon_std_multiplier"": 1.0, ""smooth_scale_floor_activated"": false}","[{""stage"": 0, ""cap"": 250, ""force_epsilon"": 6.467464577569628e-07, ""uniformity_epsilon"": 0.0005630592171639246, ""iterations"": 250, ""evaluations"": 298, ""success"": false, ""status"": 1, ""message"": ""Maximum number of iterations has been exceeded."", ""terminal_value"": -0.02962147941886166, ""terminal_gradient_l2"": 0.018865233398561134, ""terminal_gradient_inf"": 0.007639926694054974}, {""stage"": 1, ""cap"": 29750, ""force_epsilon"": 1.2934929155139256e-07, ""uniformity_epsilon"": 0.00011261184343278493, ""iterations"": 1719, ""evaluations"": 1766, ""success"": true, ""status"": 0, ""message"": ""Optimization terminated successfully."", ""terminal_value"": -0.05191206242243751, ""terminal_gradient_l2"": 3.192040321949284e-08, ""terminal_gradient_inf"": 9.999188279574159e-09}]",computed,"original loss, reduced gauge, raw SI units",True,5.206748318378638e-06,,,0.902163477064428,0.9411081932943522,000000000000049382001b184479,000000000000080f5c41bca175fe30e1,True,True,True,1.5696750961045198,0.0013519485262651,False,Co-scheduled sensitivity workers; use C7 serial timings for optimizer cost comparisons.,smoke,0.0047087779946121,1.793656036348854e-06,0.0010202888124679378
Triple,GFE,260869,1.0,1.0,1.0,1.0,0.001,0.1,1.0,1.0,1.0,1.0,250,0.05,30000,BFGS,1e-08,0.0001,0.9,10,40,0.0,1000000,0.03,0.9,0.999,1e-12,0.0001,cosine,0.0,interactions,alpha_x_epsilon_force,"1,0.1",00000000000004932ba2faec4477,000000000000080fefce15df5aac19e8,000000000000080f2d7b5efbd5a31fd5,-0.0496418823846813,0.0603785490444656,4.2006656685565865e-08,9.322856790883944e-09,1.3990499825447486e-06,0.030025129344671,True,0,Optimization terminated successfully.,True,True,3397,3526,12.39244929999404,0.0001014000008581,0.0200398000015411,"{""method"": ""Regularized-FE"", ""components"": {""force_smoothing"": true, ""pressure_retention"": true, ""uniformity"": true}, ""alpha_force"": 3000.0, ""beta_pressure"": 5e-05, ""gamma_uniformity"": 1.0, ""curvature_weight_override"": [[1.0, 0.0, 0.0], [0.0, 1.0, 0.0], [0.0, 0.0, 10.0]], ""pressure_epsilon_rel"": 0.001, ""smooth_stage_factors"": [0.05, 0.01], ""smooth_stage_maxiters"": [250, 29750], ""smooth_scale_floor"": 1e-20, ""gtol"": 1e-08, ""report_gradient_tol"": 0.001, ""compensate_effective_gravity"": true, ""h_m"": 0.0005, ""initial_force_scale_n"": 1.2934929155139256e-06, ""initial_loss_std_scale_n_m"": 0.011266553940494833, ""epsilon_force_multiplier"": 0.1, ""epsilon_std_multiplier"": 1.0, ""smooth_scale_floor_activated"": false}","[{""stage"": 0, ""cap"": 250, ""force_epsilon"": 6.467464577569628e-09, ""uniformity_epsilon"": 0.0005633276970247417, ""iterations"": 250, ""evaluations"": 294, ""success"": false, ""status"": 1, ""message"": ""Maximum number of iterations has been exceeded."", ""terminal_value"": -0.02449226197574569, ""terminal_gradient_l2"": 0.012715439402206897, ""terminal_gradient_inf"": 0.004331254872770533}, {""stage"": 1, ""cap"": 29750, ""force_epsilon"": 1.2934929155139258e-09, ""uniformity_epsilon"": 0.00011266553940494834, ""iterations"": 3147, ""evaluations"": 3232, ""success"": true, ""status"": 0, ""message"": ""Optimization terminated successfully."", ""terminal_value"": -0.049641882384681334, ""terminal_gradient_l2"": 4.200665668556586e-08, ""terminal_gradient_inf"": 9.322856790883944e-09}]",computed,"original loss, reduced gauge, raw SI units",True,1.349843599624497e-09,,,0.9999989985176196,0.9999994386485518,000000000000049382001b184479,000000000000080f5c41bca175fe30e1,True,True,True,0.4631097423127537,0.0013171293033783,False,Co-scheduled sensitivity workers; use C7 serial timings for optimizer cost comparisons.,smoke,3.3846037315130176e-06,3.606076202539858e-06,0.0003010213325032899
Triple,GFE,260869,1.0,1.0,1.0,1.0,0.001,1.0,1.0,1.0,1.0,1.0,250,0.05,30000,BFGS,1e-08,0.0001,0.9,10,40,0.0,1000000,0.03,0.9,0.999,1e-12,0.0001,cosine,0.0,interactions,alpha_x_epsilon_force,"1,1",000000000000049382001b184479,000000000000080f5c41bca175fe30e1,000000000000080f2d7b5efbd5a31fd5,-0.0496489322685399,0.0603438133903949,3.307155120464556e-08,9.894782154094378e-09,1.1014633748299583e-06,0.0300251029315896,True,0,Optimization terminated successfully.,True,True,2777,2871,9.424814900005003,8.670000534038991e-05,0.0261399999872082,"{""method"": ""Regularized-FE"", ""components"": {""force_smoothing"": true, ""pressure_retention"": true, ""uniformity"": true}, ""alpha_force"": 3000.0, ""beta_pressure"": 5e-05, ""gamma_uniformity"": 1.0, ""curvature_weight_override"": [[1.0, 0.0, 0.0], [0.0, 1.0, 0.0], [0.0, 0.0, 10.0]], ""pressure_epsilon_rel"": 0.001, ""smooth_stage_factors"": [0.05, 0.01], ""smooth_stage_maxiters"": [250, 29750], ""smooth_scale_floor"": 1e-20, ""gtol"": 1e-08, ""report_gradient_tol"": 0.001, ""compensate_effective_gravity"": true, ""h_m"": 0.0005, ""initial_force_scale_n"": 1.2934929155139256e-06, ""initial_loss_std_scale_n_m"": 0.011266553940494833, ""epsilon_force_multiplier"": 1.0, ""epsilon_std_multiplier"": 1.0, ""smooth_scale_floor_activated"": false}","[{""stage"": 0, ""cap"": 250, ""force_epsilon"": 6.467464577569628e-08, ""uniformity_epsilon"": 0.0005633276970247417, ""iterations"": 250, ""evaluations"": 288, ""success"": false, ""status"": 1, ""message"": ""Maximum number of iterations has been exceeded."", ""terminal_value"": -0.024506645236742886, ""terminal_gradient_l2"": 0.01752334601898978, ""terminal_gradient_inf"": 0.004209316855187494}, {""stage"": 1, ""cap"": 29750, ""force_epsilon"": 1.2934929155139256e-08, ""uniformity_epsilon"": 0.00011266553940494834, ""iterations"": 2527, ""evaluations"": 2583, ""success"": true, ""status"": 0, ""message"": ""Optimization terminated successfully."", ""terminal_value"": -0.049648932268539954, ""terminal_gradient_l2"": 3.307155120464556e-08, ""terminal_gradient_inf"": 9.894782154094378e-09}]",reused,"original loss, reduced gauge, raw SI units",True,1.3345442864029888e-08,,,1.0,0.9999999999999994,000000000000049382001b184479,000000000000080f5c41bca175fe30e1,True,True,True,0.4579675383985165,0.0013121841697281,False,Co-scheduled sensitivity workers; use C7 serial timings for optimizer cost comparisons.,smoke,3.618937673684308e-06,3.618937673684308e-06,0.00029767889995903574
Triple,GFE,260869,1.0,1.0,1.0,1.0,0.001,10.0,1.0,1.0,1.0,1.0,250,0.05,30000,BFGS,1e-08,0.0001,0.9,10,40,0.0,1000000,0.03,0.9,0.999,1e-12,0.0001,cosine,0.0,interactions,alpha_x_epsilon_force,"1,10",00000000000004942a99b8ea519c,000000000000080f2f50cbdf5e2d0ff3,000000000000080f2d7b5efbd5a31fd5,-0.0497152093349422,0.0600133903721986,3.032654472970127e-08,8.565137219096366e-09,1.0101278424722984e-06,0.0300224817637703,True,0,Optimization terminated successfully.,True,True,2228,2325,9.161581100008334,0.0001105999981518,0.0211877999972784,"{""method"": ""Regularized-FE"", ""components"": {""force_smoothing"": true, ""pressure_retention"": true, ""uniformity"": true}, ""alpha_force"": 3000.0, ""beta_pressure"": 5e-05, ""gamma_uniformity"": 1.0, ""curvature_weight_override"": [[1.0, 0.0, 0.0], [0.0, 1.0, 0.0], [0.0, 0.0, 10.0]], ""pressure_epsilon_rel"": 0.001, ""smooth_stage_factors"": [0.05, 0.01], ""smooth_stage_maxiters"": [250, 29750], ""smooth_scale_floor"": 1e-20, ""gtol"": 1e-08, ""report_gradient_tol"": 0.001, ""compensate_effective_gravity"": true, ""h_m"": 0.0005, ""initial_force_scale_n"": 1.2934929155139256e-06, ""initial_loss_std_scale_n_m"": 0.011266553940494833, ""epsilon_force_multiplier"": 10.0, ""epsilon_std_multiplier"": 1.0, ""smooth_scale_floor_activated"": false}","[{""stage"": 0, ""cap"": 250, ""force_epsilon"": 6.467464577569628e-07, ""uniformity_epsilon"": 0.0005633276970247417, ""iterations"": 250, ""evaluations"": 297, ""success"": false, ""status"": 1, ""message"": ""Maximum number of iterations has been exceeded."", ""terminal_value"": -0.029063684513440435, ""terminal_gradient_l2"": 0.009209956490093188, ""terminal_gradient_inf"": 0.004507200801529051}, {""stage"": 1, ""cap"": 29750, ""force_epsilon"": 1.2934929155139256e-07, ""uniformity_epsilon"": 0.00011266553940494834, ""iterations"": 1978, ""evaluations"": 2028, ""success"": true, ""status"": 0, ""message"": ""Optimization terminated successfully."", ""terminal_value"": -0.04971520933494229, ""terminal_gradient_l2"": 3.032654472970127e-08, ""terminal_gradient_inf"": 8.565137219096366e-09}]",computed,"original loss, reduced gauge, raw SI units",True,1.2108564843439388e-07,,,0.999920309603632,0.9999557745539828,000000000000049382001b184479,000000000000080f5c41bca175fe30e1,True,True,True,0.4088275480836314,0.0012718004120296,False,Co-scheduled sensitivity workers; use C7 serial timings for optimizer cost comparisons.,smoke,3.3351886681174426e-05,3.735933133876952e-06,0.0002657379062543604
Triple,GFE,260869,10.0,1.0,1.0,1.0,0.001,0.1,1.0,1.0,1.0,1.0,250,0.05,30000,BFGS,1e-08,0.0001,0.9,10,40,0.0,1000000,0.03,0.9,0.999,1e-12,0.0001,cosine,0.0,interactions,alpha_x_epsilon_force,"10,0.1",00000000000004940b6854004461,000000000000080f2f85d6a92cc3180b,000000000000080f2d7b5efbd5a31fd5,-0.0496411647184813,0.0961240630867336,3.9029172112626735e-08,7.015636358112472e-09,1.0859936986614858e-06,0.0359386727204137,True,0,Optimization terminated successfully.,True,True,15429,15947,56.37943409998843,0.0001139999949373,0.0152452000038465,"{""method"": ""Regularized-FE"", ""components"": {""force_smoothing"": true, ""pressure_retention"": true, ""uniformity"": true}, ""alpha_force"": 30000.0, ""beta_pressure"": 5e-05, ""gamma_uniformity"": 1.0, ""curvature_weight_override"": [[1.0, 0.0, 0.0], [0.0, 1.0, 0.0], [0.0, 0.0, 10.0]], ""pressure_epsilon_rel"": 0.001, ""smooth_stage_factors"": [0.05, 0.01], ""smooth_stage_maxiters"": [250, 29750], ""smooth_scale_floor"": 1e-20, ""gtol"": 1e-08, ""report_gradient_tol"": 0.001, ""compensate_effective_gravity"": true, ""h_m"": 0.0005, ""initial_force_scale_n"": 1.2934929155139256e-06, ""initial_loss_std_scale_n_m"": 0.011514261314804194, ""epsilon_force_multiplier"": 0.1, ""epsilon_std_multiplier"": 1.0, ""smooth_scale_floor_activated"": false}","[{""stage"": 0, ""cap"": 250, ""force_epsilon"": 6.467464577569628e-09, ""uniformity_epsilon"": 0.0005757130657402098, ""iterations"": 250, ""evaluations"": 283, ""success"": false, ""status"": 1, ""message"": ""Maximum number of iterations has been exceeded."", ""terminal_value"": -0.027272715980581553, ""terminal_gradient_l2"": 0.011234713123570512, ""terminal_gradient_inf"": 0.003064744165460714}, {""stage"": 1, ""cap"": 29750, ""force_epsilon"": 1.2934929155139258e-09, ""uniformity_epsilon"": 0.00011514261314804195, ""iterations"": 15179, ""evaluations"": 15664, ""success"": true, ""status"": 0, ""message"": ""Optimization terminated successfully."", ""terminal_value"": -0.049641164718481304, ""terminal_gradient_l2"": 3.9029172112626735e-08, ""terminal_gradient_inf"": 7.015636358112472e-09}]",computed,"original loss, reduced gauge, raw SI units",True,9.368998693261996e-11,,,0.7693335281406243,0.8491580770684544,000000000000049382001b184479,000000000000080f5c41bca175fe30e1,True,True,True,0.463622346285172,0.0013186572495646,False,Co-scheduled sensitivity workers; use C7 serial timings for optimizer cost comparisons.,smoke,3.6684953926072806e-06,3.683707281861393e-06,0.0003013545250853618
Triple,GFE,260869,10.0,1.0,1.0,1.0,0.001,1.0,1.0,1.0,1.0,1.0,250,0.05,30000,BFGS,1e-08,0.0001,0.9,10,40,0.0,1000000,0.03,0.9,0.999,1e-12,0.0001,cosine,0.0,interactions,alpha_x_epsilon_force,"10,1",0000000000000494a2cab5f44463,000000000000080f9c6ea37a7b68116c,000000000000080f2d7b5efbd5a31fd5,-0.0496417915084781,0.0957766884708243,8.899290230053393e-08,1.934645125611906e-08,2.4762689235974e-06,0.0359383027636794,False,2,Desired error not necessarily achieved due to precision loss.,False,True,3676,3858,14.001133000012487,0.0001554000045871,0.0177748999994946,"{""method"": ""Regularized-FE"", ""components"": {""force_smoothing"": true, ""pressure_retention"": true, ""uniformity"": true}, ""alpha_force"": 30000.0, ""beta_pressure"": 5e-05, ""gamma_uniformity"": 1.0, ""curvature_weight_override"": [[1.0, 0.0, 0.0], [0.0, 1.0, 0.0], [0.0, 0.0, 10.0]], ""pressure_epsilon_rel"": 0.001, ""smooth_stage_factors"": [0.05, 0.01], ""smooth_stage_maxiters"": [250, 29750], ""smooth_scale_floor"": 1e-20, ""gtol"": 1e-08, ""report_gradient_tol"": 0.001, ""compensate_effective_gravity"": true, ""h_m"": 0.0005, ""initial_force_scale_n"": 1.2934929155139256e-06, ""initial_loss_std_scale_n_m"": 0.011514261314804194, ""epsilon_force_multiplier"": 1.0, ""epsilon_std_multiplier"": 1.0, ""smooth_scale_floor_activated"": false}","[{""stage"": 0, ""cap"": 250, ""force_epsilon"": 6.467464577569628e-08, ""uniformity_epsilon"": 0.0005757130657402098, ""iterations"": 250, ""evaluations"": 285, ""success"": false, ""status"": 1, ""message"": ""Maximum number of iterations has been exceeded."", ""terminal_value"": -0.02644684400004871, ""terminal_gradient_l2"": 0.011917621243627819, ""terminal_gradient_inf"": 0.003066405012385043}, {""stage"": 1, ""cap"": 29750, ""force_epsilon"": 1.2934929155139256e-08, ""uniformity_epsilon"": 0.00011514261314804195, ""iterations"": 3426, ""evaluations"": 3573, ""success"": false, ""status"": 2, ""message"": ""Desired error not necessarily achieved due to precision loss."", ""terminal_value"": -0.049641791508478146, ""terminal_gradient_l2"": 8.899290230053392e-08, ""terminal_gradient_inf"": 1.934645125611906e-08}]",computed,"original loss, reduced gauge, raw SI units",True,9.36545010604111e-10,,,0.7693536725573804,0.8491747832871077,000000000000049382001b184479,000000000000080f5c41bca175fe30e1,True,True,True,0.4631657450155839,0.0013173143156914,False,Co-scheduled sensitivity workers; use C7 serial timings for optimizer cost comparisons.,smoke,3.550380875835087e-06,3.684606587382044e-06,0.0003010577342601295
Triple,GFE,260869,10.0,1.0,1.0,1.0,0.001,10.0,1.0,1.0,1.0,1.0,250,0.05,30000,BFGS,1e-08,0.0001,0.9,10,40,0.0,1000000,0.03,0.9,0.999,1e-12,0.0001,cosine,0.0,interactions,alpha_x_epsilon_force,"10,10",00000000000004958305dc1751b6,000000000000080fb47bf0cfef802343,000000000000080f2d7b5efbd5a31fd5,-0.049648031729459,0.0924706675007255,3.642589767836933e-08,8.507030489766614e-09,1.0146037756716938e-06,0.0359015987834802,True,0,Optimization terminated successfully.,True,True,2158,2238,8.18165329999465,9.48999950196594e-05,0.0153546999936224,"{""method"": ""Regularized-FE"", ""components"": {""force_smoothing"": true, ""pressure_retention"": true, ""uniformity"": true}, ""alpha_force"": 30000.0, ""beta_pressure"": 5e-05, ""gamma_uniformity"": 1.0, ""curvature_weight_override"": [[1.0, 0.0, 0.0], [0.0, 1.0, 0.0], [0.0, 0.0, 10.0]], ""pressure_epsilon_rel"": 0.001, ""smooth_stage_factors"": [0.05, 0.01], ""smooth_stage_maxiters"": [250, 29750], ""smooth_scale_floor"": 1e-20, ""gtol"": 1e-08, ""report_gradient_tol"": 0.001, ""compensate_effective_gravity"": true, ""h_m"": 0.0005, ""initial_force_scale_n"": 1.2934929155139256e-06, ""initial_loss_std_scale_n_m"": 0.011514261314804194, ""epsilon_force_multiplier"": 10.0, ""epsilon_std_multiplier"": 1.0, ""smooth_scale_floor_activated"": false}","[{""stage"": 0, ""cap"": 250, ""force_epsilon"": 6.467464577569628e-07, ""uniformity_epsilon"": 0.0005757130657402098, ""iterations"": 250, ""evaluations"": 291, ""success"": false, ""status"": 1, ""message"": ""Maximum number of iterations has been exceeded."", ""terminal_value"": -0.028890866792416904, ""terminal_gradient_l2"": 0.01600541159704036, ""terminal_gradient_inf"": 0.0050481799821828705}, {""stage"": 1, ""cap"": 29750, ""force_epsilon"": 1.2934929155139256e-07, ""uniformity_epsilon"": 0.00011514261314804195, ""iterations"": 1908, ""evaluations"": 1947, ""success"": true, ""status"": 0, ""message"": ""Optimization terminated successfully."", ""terminal_value"": -0.049648031729459086, ""terminal_gradient_l2"": 3.642589767836933e-08, ""terminal_gradient_inf"": 8.507030489766614e-09}]",computed,"original loss, reduced gauge, raw SI units",True,9.330971947968407e-09,,,0.7695642505259189,0.8493482908086214,000000000000049382001b184479,000000000000080f5c41bca175fe30e1,True,True,True,0.4586553709325406,0.0013138336030218,False,Co-scheduled sensitivity workers; use C7 serial timings for optimizer cost comparisons.,smoke,3.5144486871939518e-06,3.692430114067477e-06,0.00029812599110615135
Single,GFE,260828,1.0,1.0,1.0,1.0,0.001,1.0,1.0,0.1,1.0,1.0,250,0.05,10000,L-BFGS-B,1e-08,0.0001,0.9,10,40,0.0,1000000,0.03,0.9,0.999,1e-12,0.0001,cosine,0.0,continuous,axial_ratio_factor,0.1,0000000000000497eb65df0c1764,000000000000080f912760c400de15b4,000000000000080f897ccb5ce6f61803,-0.0815776424850523,-0.0001613911792812,1.8652017780651233e-08,7.074684647209256e-09,2.9808161709165278e-05,0.0006257352587736,True,0,CONVERGENCE: NORM OF PROJECTED GRADIENT <= PGTOL,True,True,34,40,0.0043223999964538,9.549999958835542e-05,0.0059706000029109,"{""alpha_per_m"": 10.0, ""beta_n_per_m_pa"": 0.0, ""curvature_weight"": [[1.4285714285714286, 0.0, 0.0], [0.0, 1.4285714285714286, 0.0], [0.0, 0.0, 0.14285714285714288]], ""h_m"": 0.0005, ""force_target_n"": [0.0, 0.0, 1.1142852793561358e-06]}","[{""stage"": 0, ""cap"": 10000, ""force_epsilon"": 0.0, ""uniformity_epsilon"": 0.0, ""iterations"": 34, ""evaluations"": 40, ""success"": true, ""status"": 0, ""message"": ""CONVERGENCE: NORM OF PROJECTED GRADIENT <= PGTOL"", ""terminal_value"": -0.0815776424850523, ""terminal_gradient_l2"": 1.865201778065123e-08, ""terminal_gradient_inf"": 7.0746846472092564e-09}]",computed,"original loss, reduced gauge, raw SI units",True,1.7204042828850562e-06,0.0815948465278813,0.0053817785244159,0.9998554698084182,0.9999411152635044,0000000000000497820ea2851766,000000000000080f98b9c37edcbb222a,True,True,True,0.1979188461776837,0.0021394086264959,False,Co-scheduled sensitivity workers; use C7 serial timings for optimizer cost comparisons.,smoke,,,0.0001286472500154944
Single,GFE,260828,1.0,1.0,1.0,1.0,0.001,1.0,1.0,0.3,1.0,1.0,250,0.05,10000,L-BFGS-B,1e-08,0.0001,0.9,10,40,0.0,1000000,0.03,0.9,0.999,1e-12,0.0001,cosine,0.0,continuous,axial_ratio_factor,0.3,000000000000049767183bce1dca,000000000000080fb9ffcb23286b1971,000000000000080f897ccb5ce6f61803,-0.0750429445792607,-0.000140197341316,9.167147583631328e-09,3.833432329834606e-09,1.5975505674242312e-05,0.0005738251902981,True,0,CONVERGENCE: NORM OF PROJECTED GRADIENT <= PGTOL,True,True,35,43,0.0047613999922759,0.0001102999958675,0.0051319999911356,"{""alpha_per_m"": 10.0, ""beta_n_per_m_pa"": 0.0, ""curvature_weight"": [[1.3043478260869565, 0.0, 0.0], [0.0, 1.3043478260869565, 0.0], [0.0, 0.0, 0.391304347826087]], ""h_m"": 0.0005, ""force_target_n"": [0.0, 0.0, 1.1142852793561358e-06]}","[{""stage"": 0, ""cap"": 10000, ""force_epsilon"": 0.0, ""uniformity_epsilon"": 0.0, ""iterations"": 35, ""evaluations"": 43, ""success"": true, ""status"": 0, ""message"": ""CONVERGENCE: NORM OF PROJECTED GRADIENT <= PGTOL"", ""terminal_value"": -0.07504294457926071, ""terminal_gradient_l2"": 9.167147583631328e-09, ""terminal_gradient_inf"": 3.833432329834606e-09}]",computed,"original loss, reduced gauge, raw SI units",True,1.6661897927795084e-06,0.0750596064771885,0.0046134264635896,0.9999173540655324,0.9999667494079344,0000000000000497820ea2851766,000000000000080f98b9c37edcbb222a,True,True,True,0.1570283423606888,0.0021970530468474,False,Co-scheduled sensitivity workers; use C7 serial timings for optimizer cost comparisons.,smoke,,,0.00010206842253444771
Single,GFE,260828,1.0,1.0,1.0,1.0,0.001,1.0,1.0,0.5,1.0,1.0,250,0.05,10000,L-BFGS-B,1e-08,0.0001,0.9,10,40,0.0,1000000,0.03,0.9,0.999,1e-12,0.0001,cosine,0.0,continuous,axial_ratio_factor,0.5,000000000000049728ef10c92430,000000000000080f527cf40738891707,000000000000080f897ccb5ce6f61803,-0.0695555285655558,-0.0001223945174253,1.395391412169784e-08,6.930996873028018e-09,2.6243184851256612e-05,0.0005317157273702,True,0,CONVERGENCE: NORM OF PROJECTED GRADIENT <= PGTOL,True,True,38,46,0.0044743000034941,0.0001184000138891,0.0044148000015411,"{""alpha_per_m"": 10.0, ""beta_n_per_m_pa"": 0.0, ""curvature_weight"": [[1.2, 0.0, 0.0], [0.0, 1.2, 0.0], [0.0, 0.0, 0.6]], ""h_m"": 0.0005, ""force_target_n"": [0.0, 0.0, 1.1142852793561358e-06]}","[{""stage"": 0, ""cap"": 10000, ""force_epsilon"": 0.0, ""uniformity_epsilon"": 0.0, ""iterations"": 38, ""evaluations"": 46, ""success"": true, ""status"": 0, ""message"": ""CONVERGENCE: NORM OF PROJECTED GRADIENT <= PGTOL"", ""terminal_value"": -0.0695555285655558, ""terminal_gradient_l2"": 1.3953914121697839e-08, ""terminal_gradient_inf"": 6.930996873028018e-09}]",computed,"original loss, reduced gauge, raw SI units",True,1.6153892097527835e-06,0.0695716824576537,0.0002412599886104,0.9999600145041616,0.9999841188127556,0000000000000497820ea2851766,000000000000080f98b9c37edcbb222a,True,True,True,0.1190112944450966,0.0022027395685277,False,Co-scheduled sensitivity workers; use C7 serial timings for optimizer cost comparisons.,smoke,,,7.735734138931279e-05
Single,GFE,260828,1.0,1.0,1.0,1.0,0.001,1.0,1.0,1.0,1.0,1.0,250,0.05,10000,L-BFGS-B,1e-08,0.0001,0.9,10,40,0.0,1000000,0.03,0.9,0.999,1e-12,0.0001,cosine,0.0,continuous,axial_ratio_factor,1.0,0000000000000497820ea2851766,000000000000080f98b9c37edcbb222a,000000000000080f897ccb5ce6f61803,-0.0590436754844043,-8.8272438301316e-05,3.0990934113049095e-08,6.320541914298822e-09,6.792365640503582e-05,0.0004562612755745,True,0,CONVERGENCE: NORM OF PROJECTED GRADIENT <= PGTOL,True,True,37,44,0.0051513999933376,0.0001343000039923,0.0061320999957388,"{""alpha_per_m"": 10.0, ""beta_n_per_m_pa"": 0.0, ""curvature_weight"": [[1.0, 0.0, 0.0], [0.0, 1.0, 0.0], [0.0, 0.0, 1.0]], ""h_m"": 0.0005, ""force_target_n"": [0.0, 0.0, 1.1142852793561358e-06]}","[{""stage"": 0, ""cap"": 10000, ""force_epsilon"": 0.0, ""uniformity_epsilon"": 0.0, ""iterations"": 37, ""evaluations"": 44, ""success"": true, ""status"": 0, ""message"": ""CONVERGENCE: NORM OF PROJECTED GRADIENT <= PGTOL"", ""terminal_value"": -0.059043675484404375, ""terminal_gradient_l2"": 3.0990934113049095e-08, ""terminal_gradient_inf"": 6.320541914298822e-09}]",reused,"original loss, reduced gauge, raw SI units",True,1.501168349117218e-06,0.0590586871678959,0.0072828264000504,1.0,0.9999999999999992,0000000000000497820ea2851766,000000000000080f98b9c37edcbb222a,True,True,True,0.0448537974323708,0.0022533208137982,False,Co-scheduled sensitivity workers; use C7 serial timings for optimizer cost comparisons.,smoke,,,2.915496833104102e-05
Single,GFE,260828,1.0,1.0,1.0,1.0,0.001,1.0,1.0,10.0,1.0,1.0,250,0.05,10000,L-BFGS-B,1e-08,0.0001,0.9,10,40,0.0,1000000,0.03,0.9,0.999,1e-12,0.0001,cosine,0.0,continuous,axial_ratio_factor,10.0,0000000000000498ed05d87e1b81,000000000000080ff65d4ee6db9714a2,000000000000080f897ccb5ce6f61803,-0.0198137388672247,3.9685358413644816e-05,1.0162159226592773e-08,4.164586965414744e-09,3.2061069718646414e-05,0.0003169625753529,True,0,CONVERGENCE: NORM OF PROJECTED GRADIENT <= PGTOL,True,True,39,51,0.005395199987106,9.800000407267362e-05,0.0056161999964388,"{""alpha_per_m"": 10.0, ""beta_n_per_m_pa"": 0.0, ""curvature_weight"": [[0.25, 0.0, 0.0], [0.0, 0.25, 0.0], [0.0, 0.0, 2.5]], ""h_m"": 0.0005, ""force_target_n"": [0.0, 0.0, 1.1142852793561358e-06]}","[{""stage"": 0, ""cap"": 10000, ""force_epsilon"": 0.0, ""uniformity_epsilon"": 0.0, ""iterations"": 39, ""evaluations"": 51, ""success"": true, ""status"": 0, ""message"": ""CONVERGENCE: NORM OF PROJECTED GRADIENT <= PGTOL"", ""terminal_value"": -0.019813738867224734, ""terminal_gradient_l2"": 1.0162159226592771e-08, ""terminal_gradient_inf"": 4.164586965414744e-09}]",computed,"original loss, reduced gauge, raw SI units",True,6.363567404687141e-07,0.0198201024346293,0.003076283480374,0.9961896785369668,0.9991297590827046,0000000000000497820ea2851766,000000000000080f98b9c37edcbb222a,True,True,True,0.547780349864944,0.0021161845382513,False,Co-scheduled sensitivity workers; use C7 serial timings for optimizer cost comparisons.,smoke,,,0.00035605722741221353
Single,GFE,260828,1.0,1.0,1.0,1.0,0.001,1.0,1.0,2.0,1.0,1.0,250,0.05,10000,L-BFGS-B,1e-08,0.0001,0.9,10,40,0.0,1000000,0.03,0.9,0.999,1e-12,0.0001,cosine,0.0,continuous,axial_ratio_factor,2.0,0000000000000497f3f032bd1a9b,000000000000080fc66a66fac9f50c74,000000000000080f897ccb5ce6f61803,-0.0459193607887831,-4.561983939632924e-05,1.7511959741419382e-08,5.2413402251637355e-09,4.645173621826823e-05,0.0003769925769649,True,0,CONVERGENCE: NORM OF PROJECTED GRADIENT <= PGTOL,True,True,36,43,0.0041086999990511,9.979998867493124e-05,0.0044873000006191,"{""alpha_per_m"": 10.0, ""beta_n_per_m_pa"": 0.0, ""curvature_weight"": [[0.75, 0.0, 0.0], [0.0, 0.75, 0.0], [0.0, 0.0, 1.5]], ""h_m"": 0.0005, ""force_target_n"": [0.0, 0.0, 1.1142852793561358e-06]}","[{""stage"": 0, ""cap"": 10000, ""force_epsilon"": 0.0, ""uniformity_epsilon"": 0.0, ""iterations"": 36, ""evaluations"": 43, ""success"": true, ""status"": 0, ""message"": ""CONVERGENCE: NORM OF PROJECTED GRADIENT <= PGTOL"", ""terminal_value"": -0.04591936078878318, ""terminal_gradient_l2"": 1.7511959741419382e-08, ""terminal_gradient_inf"": 5.2413402251637355e-09}]",computed,"original loss, reduced gauge, raw SI units",True,1.3150819176290093e-06,0.0459325116079599,0.003888455864973,0.9998847901322298,0.9999586152501292,0000000000000497820ea2851766,000000000000080f98b9c37edcbb222a,True,True,True,0.0794141004802664,0.0021361044691949,False,Co-scheduled sensitivity workers; use C7 serial timings for optimizer cost comparisons.,smoke,,,5.161916531217316e-05
Single,GFE,260828,1.0,1.0,1.0,1.0,0.001,1.0,1.0,3.0,1.0,1.0,250,0.05,10000,L-BFGS-B,1e-08,0.0001,0.9,10,40,0.0,1000000,0.03,0.9,0.999,1e-12,0.0001,cosine,0.0,continuous,axial_ratio_factor,3.0,0000000000000497dca5bd551dd0,000000000000080f9b38f8827e541dd3,000000000000080f897ccb5ce6f61803,-0.0380582246963281,-2.002828005333681e-05,2.4870611869374023e-08,8.100493057723884e-09,7.272113804642699e-05,0.0003419997615204,True,0,CONVERGENCE: NORM OF PROJECTED GRADIENT <= PGTOL,True,True,38,44,0.0042342999950051,9.820000559557228e-05,0.0049251000018557,"{""alpha_per_m"": 10.0, ""beta_n_per_m_pa"": 0.0, ""curvature_weight"": [[0.6, 0.0, 0.0], [0.0, 0.6, 0.0], [0.0, 0.0, 1.8]], ""h_m"": 0.0005, ""force_target_n"": [0.0, 0.0, 1.1142852793561358e-06]}","[{""stage"": 0, ""cap"": 10000, ""force_epsilon"": 0.0, ""uniformity_epsilon"": 0.0, ""iterations"": 38, ""evaluations"": 44, ""success"": true, ""status"": 0, ""message"": ""CONVERGENCE: NORM OF PROJECTED GRADIENT <= PGTOL"", ""terminal_value"": -0.03805822469632815, ""terminal_gradient_l2"": 2.487061186937402e-08, ""terminal_gradient_inf"": 8.100493057723884e-09}]",computed,"original loss, reduced gauge, raw SI units",True,1.168994498619759e-06,0.0380699146413143,0.0014479094215126,0.9996106769122838,0.9998692285340028,0000000000000497820ea2851766,000000000000080f98b9c37edcbb222a,True,True,True,0.1839895323818613,0.0020574768114693,False,Co-scheduled sensitivity workers; use C7 serial timings for optimizer cost comparisons.,smoke,,,0.00011959319604820984
Triple,GFE,260869,1.0,1.0,1.0,1.0,0.001,1.0,1.0,0.1,1.0,1.0,250,0.05,30000,BFGS,1e-08,0.0001,0.9,10,40,0.0,1000000,0.03,0.9,0.999,1e-12,0.0001,cosine,0.0,continuous,axial_ratio_factor,0.1,0000000000000493e34913fa4477,000000000000080f20c65665c1692b90,000000000000080f2d7b5efbd5a31fd5,-0.1371863612402519,0.0576223146625937,3.1537732232470265e-08,9.339007734068189e-09,1.0647013447997371e-06,0.0296212007118318,True,0,Optimization terminated successfully.,True,True,1454,1522,5.194745200002217,0.0001158000086434,0.0145530000008875,"{""method"": ""Regularized-FE"", ""components"": {""force_smoothing"": true, ""pressure_retention"": true, ""uniformity"": true}, ""alpha_force"": 3000.0, ""beta_pressure"": 5e-05, ""gamma_uniformity"": 1.0, ""curvature_weight_override"": [[4.0, 0.0, 0.0], [0.0, 4.0, 0.0], [0.0, 0.0, 4.0]], ""pressure_epsilon_rel"": 0.001, ""smooth_stage_factors"": [0.05, 0.01], ""smooth_stage_maxiters"": [250, 29750], ""smooth_scale_floor"": 1e-20, ""gtol"": 1e-08, ""report_gradient_tol"": 0.001, ""compensate_effective_gravity"": true, ""h_m"": 0.0005, ""initial_force_scale_n"": 1.2934929155139256e-06, ""initial_loss_std_scale_n_m"": 0.01100662592273333, ""epsilon_force_multiplier"": 1.0, ""epsilon_std_multiplier"": 1.0, ""smooth_scale_floor_activated"": false}","[{""stage"": 0, ""cap"": 250, ""force_epsilon"": 6.467464577569628e-08, ""uniformity_epsilon"": 0.0005503312961366666, ""iterations"": 250, ""evaluations"": 293, ""success"": false, ""status"": 1, ""message"": ""Maximum number of iterations has been exceeded."", ""terminal_value"": -0.11472509125519877, ""terminal_gradient_l2"": 0.020247567646047137, ""terminal_gradient_inf"": 0.007631225238457575}, {""stage"": 1, ""cap"": 29750, ""force_epsilon"": 1.2934929155139256e-08, ""uniformity_epsilon"": 0.0001100662592273333, ""iterations"": 1204, ""evaluations"": 1229, ""success"": true, ""status"": 0, ""message"": ""Optimization terminated successfully."", ""terminal_value"": -0.1371863612402519, ""terminal_gradient_l2"": 3.153773223247026e-08, ""terminal_gradient_inf"": 9.339007734068187e-09}]",computed,"original loss, reduced gauge, raw SI units",True,2.15901657458376e-06,,,0.9490925573785356,0.9760410356192136,000000000000049382001b184479,000000000000080f5c41bca175fe30e1,True,True,True,0.5544753791281978,0.0012358481056487,False,Co-scheduled sensitivity workers; use C7 serial timings for optimizer cost comparisons.,smoke,0.0014029705941348,6.904896828497487e-06,0.00036040899643332853
Triple,GFE,260869,1.0,1.0,1.0,1.0,0.001,1.0,1.0,0.3,1.0,1.0,250,0.05,30000,BFGS,1e-08,0.0001,0.9,10,40,0.0,1000000,0.03,0.9,0.999,1e-12,0.0001,cosine,0.0,continuous,axial_ratio_factor,0.3,0000000000000493688016d64ad5,000000000000080ff02f0782c0e70a31,000000000000080f2d7b5efbd5a31fd5,-0.0894459052542131,0.0590737802689415,3.542666523953075e-08,9.168346044833458e-09,1.1884676262506383e-06,0.0298086918457293,True,0,Optimization terminated successfully.,True,True,1908,1989,6.561071100004483,0.0001110000011976,0.0146941000130027,"{""method"": ""Regularized-FE"", ""components"": {""force_smoothing"": true, ""pressure_retention"": true, ""uniformity"": true}, ""alpha_force"": 3000.0, ""beta_pressure"": 5e-05, ""gamma_uniformity"": 1.0, ""curvature_weight_override"": [[2.4, 0.0, 0.0], [0.0, 2.4, 0.0], [0.0, 0.0, 7.2]], ""pressure_epsilon_rel"": 0.001, ""smooth_stage_factors"": [0.05, 0.01], ""smooth_stage_maxiters"": [250, 29750], ""smooth_scale_floor"": 1e-20, ""gtol"": 1e-08, ""report_gradient_tol"": 0.001, ""compensate_effective_gravity"": true, ""h_m"": 0.0005, ""initial_force_scale_n"": 1.2934929155139256e-06, ""initial_loss_std_scale_n_m"": 0.011145253813190158, ""epsilon_force_multiplier"": 1.0, ""epsilon_std_multiplier"": 1.0, ""smooth_scale_floor_activated"": false}","[{""stage"": 0, ""cap"": 250, ""force_epsilon"": 6.467464577569628e-08, ""uniformity_epsilon"": 0.000557262690659508, ""iterations"": 250, ""evaluations"": 291, ""success"": false, ""status"": 1, ""message"": ""Maximum number of iterations has been exceeded."", ""terminal_value"": -0.06069475916078116, ""terminal_gradient_l2"": 0.02076773945492455, ""terminal_gradient_inf"": 0.006706843628227836}, {""stage"": 1, ""cap"": 29750, ""force_epsilon"": 1.2934929155139256e-08, ""uniformity_epsilon"": 0.00011145253813190159, ""iterations"": 1658, ""evaluations"": 1698, ""success"": true, ""status"": 0, ""message"": ""Optimization terminated successfully."", ""terminal_value"": -0.0894459052542131, ""terminal_gradient_l2"": 3.542666523953075e-08, ""terminal_gradient_inf"": 9.168346044833458e-09}]",computed,"original loss, reduced gauge, raw SI units",True,3.926154708197272e-07,,,0.9781442602409484,0.9903409396634204,000000000000049382001b184479,000000000000080f5c41bca175fe30e1,True,True,True,0.4343016649463707,0.0012771398778542,False,Co-scheduled sensitivity workers; use C7 serial timings for optimizer cost comparisons.,smoke,0.0003896311460632,6.4510037010417066e-06,0.0002822960822151409
Triple,GFE,260869,1.0,1.0,1.0,1.0,0.001,1.0,1.0,0.5,1.0,1.0,250,0.05,30000,BFGS,1e-08,0.0001,0.9,10,40,0.0,1000000,0.03,0.9,0.999,1e-12,0.0001,cosine,0.0,continuous,axial_ratio_factor,0.5,00000000000004932faa1fe35133,000000000000080f5c4f8e2ef5282d33,000000000000080f2d7b5efbd5a31fd5,-0.0696973637699695,0.0596958372260095,3.1112195644134735e-08,9.534928830200857e-09,1.0402407609390477e-06,0.0299086488555294,True,0,Optimization terminated successfully.,True,True,2003,2079,7.061059100000421,0.0001247999898623,0.0146594999969238,"{""method"": ""Regularized-FE"", ""components"": {""force_smoothing"": true, ""pressure_retention"": true, ""uniformity"": true}, ""alpha_force"": 3000.0, ""beta_pressure"": 5e-05, ""gamma_uniformity"": 1.0, ""curvature_weight_override"": [[1.7142857142857142, 0.0, 0.0], [0.0, 1.7142857142857142, 0.0], [0.0, 0.0, 8.571428571428571]], ""pressure_epsilon_rel"": 0.001, ""smooth_stage_factors"": [0.05, 0.01], ""smooth_stage_maxiters"": [250, 29750], ""smooth_scale_floor"": 1e-20, ""gtol"": 1e-08, ""report_gradient_tol"": 0.001, ""compensate_effective_gravity"": true, ""h_m"": 0.0005, ""initial_force_scale_n"": 1.2934929155139256e-06, ""initial_loss_std_scale_n_m"": 0.011204666037599058, ""epsilon_force_multiplier"": 1.0, ""epsilon_std_multiplier"": 1.0, ""smooth_scale_floor_activated"": false}","[{""stage"": 0, ""cap"": 250, ""force_epsilon"": 6.467464577569628e-08, ""uniformity_epsilon"": 0.0005602333018799529, ""iterations"": 250, ""evaluations"": 296, ""success"": false, ""status"": 1, ""message"": ""Maximum number of iterations has been exceeded."", ""terminal_value"": -0.03978919203289546, ""terminal_gradient_l2"": 0.018651980482429643, ""terminal_gradient_inf"": 0.005376802820529521}, {""stage"": 1, ""cap"": 29750, ""force_epsilon"": 1.2934929155139256e-08, ""uniformity_epsilon"": 0.00011204666037599058, ""iterations"": 1753, ""evaluations"": 1783, ""success"": true, ""status"": 0, ""message"": ""Optimization terminated successfully."", ""terminal_value"": -0.06969736376996952, ""terminal_gradient_l2"": 3.1112195644134735e-08, ""terminal_gradient_inf"": 9.534928830200857e-09}]",computed,"original loss, reduced gauge, raw SI units",True,6.949891078984967e-08,,,0.9890348353749602,0.9956143437702552,000000000000049382001b184479,000000000000080f5c41bca175fe30e1,True,True,True,0.4482397905452533,0.0012975915928825,False,Co-scheduled sensitivity workers; use C7 serial timings for optimizer cost comparisons.,smoke,0.0002013447441717,5.637509500396607e-06,0.00029135586385441463
Triple,GFE,260869,1.0,1.0,1.0,1.0,0.001,1.0,1.0,1.0,1.0,1.0,250,0.05,30000,BFGS,1e-08,0.0001,0.9,10,40,0.0,1000000,0.03,0.9,0.999,1e-12,0.0001,cosine,0.0,continuous,axial_ratio_factor,1.0,000000000000049382001b184479,000000000000080f5c41bca175fe30e1,000000000000080f2d7b5efbd5a31fd5,-0.0496489322685399,0.0603438133903949,3.307155120464556e-08,9.894782154094378e-09,1.1014633748299583e-06,0.0300251029315896,True,0,Optimization terminated successfully.,True,True,2777,2871,9.424814900005003,8.670000534038991e-05,0.0261399999872082,"{""method"": ""Regularized-FE"", ""components"": {""force_smoothing"": true, ""pressure_retention"": true, ""uniformity"": true}, ""alpha_force"": 3000.0, ""beta_pressure"": 5e-05, ""gamma_uniformity"": 1.0, ""curvature_weight_override"": [[1.0, 0.0, 0.0], [0.0, 1.0, 0.0], [0.0, 0.0, 10.0]], ""pressure_epsilon_rel"": 0.001, ""smooth_stage_factors"": [0.05, 0.01], ""smooth_stage_maxiters"": [250, 29750], ""smooth_scale_floor"": 1e-20, ""gtol"": 1e-08, ""report_gradient_tol"": 0.001, ""compensate_effective_gravity"": true, ""h_m"": 0.0005, ""initial_force_scale_n"": 1.2934929155139256e-06, ""initial_loss_std_scale_n_m"": 0.011266553940494833, ""epsilon_force_multiplier"": 1.0, ""epsilon_std_multiplier"": 1.0, ""smooth_scale_floor_activated"": false}","[{""stage"": 0, ""cap"": 250, ""force_epsilon"": 6.467464577569628e-08, ""uniformity_epsilon"": 0.0005633276970247417, ""iterations"": 250, ""evaluations"": 288, ""success"": false, ""status"": 1, ""message"": ""Maximum number of iterations has been exceeded."", ""terminal_value"": -0.024506645236742886, ""terminal_gradient_l2"": 0.01752334601898978, ""terminal_gradient_inf"": 0.004209316855187494}, {""stage"": 1, ""cap"": 29750, ""force_epsilon"": 1.2934929155139256e-08, ""uniformity_epsilon"": 0.00011266553940494834, ""iterations"": 2527, ""evaluations"": 2583, ""success"": true, ""status"": 0, ""message"": ""Optimization terminated successfully."", ""terminal_value"": -0.049648932268539954, ""terminal_gradient_l2"": 3.307155120464556e-08, ""terminal_gradient_inf"": 9.894782154094378e-09}]",reused,"original loss, reduced gauge, raw SI units",True,1.3345442864029888e-08,,,1.0,0.9999999999999994,000000000000049382001b184479,000000000000080f5c41bca175fe30e1,True,True,True,0.4579675383985165,0.0013121841697281,False,Co-scheduled sensitivity workers; use C7 serial timings for optimizer cost comparisons.,smoke,3.618937673684308e-06,3.618937673684308e-06,0.00029767889995903574
Triple,GFE,260869,1.0,1.0,1.0,1.0,0.001,1.0,1.0,10.0,1.0,1.0,250,0.05,30000,BFGS,1e-08,0.0001,0.9,10,40,0.0,1000000,0.03,0.9,0.999,1e-12,0.0001,cosine,0.0,continuous,axial_ratio_factor,10.0,0000000000000494f0a80d8a4857,000000000000080fbb9927b6c3f61d59,000000000000080f2d7b5efbd5a31fd5,-0.027492933830703,0.0611442547664117,2.3382824766204546e-08,6.165691659575445e-09,7.746218499546092e-07,0.030186115673828,True,0,Optimization terminated successfully.,True,True,3704,3896,13.42373480000242,9.750000026542692e-05,0.0150741999968886,"{""method"": ""Regularized-FE"", ""components"": {""force_smoothing"": true, ""pressure_retention"": true, ""uniformity"": true}, ""alpha_force"": 3000.0, ""beta_pressure"": 5e-05, ""gamma_uniformity"": 1.0, ""curvature_weight_override"": [[0.11764705882352941, 0.0, 0.0], [0.0, 0.11764705882352941, 0.0], [0.0, 0.0, 11.764705882352942]], ""pressure_epsilon_rel"": 0.001, ""smooth_stage_factors"": [0.05, 0.01], ""smooth_stage_maxiters"": [250, 29750], ""smooth_scale_floor"": 1e-20, ""gtol"": 1e-08, ""report_gradient_tol"": 0.001, ""compensate_effective_gravity"": true, ""h_m"": 0.0005, ""initial_force_scale_n"": 1.2934929155139256e-06, ""initial_loss_std_scale_n_m"": 0.01134300393702071, ""epsilon_force_multiplier"": 1.0, ""epsilon_std_multiplier"": 1.0, ""smooth_scale_floor_activated"": false}","[{""stage"": 0, ""cap"": 250, ""force_epsilon"": 6.467464577569628e-08, ""uniformity_epsilon"": 0.0005671501968510356, ""iterations"": 250, ""evaluations"": 291, ""success"": false, ""status"": 1, ""message"": ""Maximum number of iterations has been exceeded."", ""terminal_value"": -0.011746572479709363, ""terminal_gradient_l2"": 0.015680205469616616, ""terminal_gradient_inf"": 0.0046895019545720685}, {""stage"": 1, ""cap"": 29750, ""force_epsilon"": 1.2934929155139256e-08, ""uniformity_epsilon"": 0.0001134300393702071, ""iterations"": 3454, ""evaluations"": 3605, ""success"": true, ""status"": 0, ""message"": ""Optimization terminated successfully."", ""terminal_value"": -0.027492933830703007, ""terminal_gradient_l2"": 2.3382824766204546e-08, ""terminal_gradient_inf"": 6.165691659575445e-09}]",computed,"original loss, reduced gauge, raw SI units",True,5.827643647609613e-07,,,0.3926008799822267,0.3977196799333972,000000000000049382001b184479,000000000000080f5c41bca175fe30e1,True,False,False,,,False,Co-scheduled sensitivity workers; use C7 serial timings for optimizer cost comparisons.,smoke,0.0062687789486876,2.918678960625278e-06,
Triple,GFE,260869,1.0,1.0,1.0,1.0,0.001,1.0,1.0,2.0,1.0,1.0,250,0.05,30000,BFGS,1e-08,0.0001,0.9,10,40,0.0,1000000,0.03,0.9,0.999,1e-12,0.0001,cosine,0.0,continuous,axial_ratio_factor,2.0,0000000000000493eff6858447aa,000000000000080f4cacc02f4e0610b4,000000000000080f2d7b5efbd5a31fd5,-0.0375417157245924,0.0607561619463342,4.0026058256583474e-08,8.98922858393576e-09,1.3295177521125226e-06,0.0301056967407802,True,0,Optimization terminated successfully.,True,True,8952,9168,28.640664099992136,0.0001052000006893,0.0175663999980315,"{""method"": ""Regularized-FE"", ""components"": {""force_smoothing"": true, ""pressure_retention"": true, ""uniformity"": true}, ""alpha_force"": 3000.0, ""beta_pressure"": 5e-05, ""gamma_uniformity"": 1.0, ""curvature_weight_override"": [[0.5454545454545454, 0.0, 0.0], [0.0, 0.5454545454545454, 0.0], [0.0, 0.0, 10.909090909090908]], ""pressure_epsilon_rel"": 0.001, ""smooth_stage_factors"": [0.05, 0.01], ""smooth_stage_maxiters"": [250, 29750], ""smooth_scale_floor"": 1e-20, ""gtol"": 1e-08, ""report_gradient_tol"": 0.001, ""compensate_effective_gravity"": true, ""h_m"": 0.0005, ""initial_force_scale_n"": 1.2934929155139256e-06, ""initial_loss_std_scale_n_m"": 0.011305937240011391, ""epsilon_force_multiplier"": 1.0, ""epsilon_std_multiplier"": 1.0, ""smooth_scale_floor_activated"": false}","[{""stage"": 0, ""cap"": 250, ""force_epsilon"": 6.467464577569628e-08, ""uniformity_epsilon"": 0.0005652968620005696, ""iterations"": 250, ""evaluations"": 289, ""success"": false, ""status"": 1, ""message"": ""Maximum number of iterations has been exceeded."", ""terminal_value"": -0.015372948289242062, ""terminal_gradient_l2"": 0.01722468586298067, ""terminal_gradient_inf"": 0.005363124244964866}, {""stage"": 1, ""cap"": 29750, ""force_epsilon"": 1.2934929155139256e-08, ""uniformity_epsilon"": 0.00011305937240011391, ""iterations"": 8702, ""evaluations"": 8879, ""success"": true, ""status"": 0, ""message"": ""Optimization terminated successfully."", ""terminal_value"": -0.03754171572459246, ""terminal_gradient_l2"": 4.0026058256583474e-08, ""terminal_gradient_inf"": 8.98922858393576e-09}]",computed,"original loss, reduced gauge, raw SI units",True,1.0305944438086876e-08,,,0.7705044660143283,0.8463405046474801,000000000000049382001b184479,000000000000080f5c41bca175fe30e1,True,True,True,0.4627983891090568,0.0012141586631981,False,Co-scheduled sensitivity workers; use C7 serial timings for optimizer cost comparisons.,smoke,0.0007759628587447,3.2647868432057125e-07,0.0003008189529208869
Triple,GFE,260869,1.0,1.0,1.0,1.0,0.001,1.0,1.0,3.0,1.0,1.0,250,0.05,30000,BFGS,1e-08,0.0001,0.9,10,40,0.0,1000000,0.03,0.9,0.999,1e-12,0.0001,cosine,0.0,continuous,axial_ratio_factor,3.0,0000000000000493cb5b0ff04adb,000000000000080fa1626ff72b631635,000000000000080f2d7b5efbd5a31fd5,-0.0296961054149538,0.0609107926722156,2.1975787674632516e-08,9.249202918384695e-09,7.291911767460545e-07,0.030137210069789,True,0,Optimization terminated successfully.,True,True,2806,2925,9.694613000014217,0.0001117000065278,0.015211600009934,"{""method"": ""Regularized-FE"", ""components"": {""force_smoothing"": true, ""pressure_retention"": true, ""uniformity"": true}, ""alpha_force"": 3000.0, ""beta_pressure"": 5e-05, ""gamma_uniformity"": 1.0, ""curvature_weight_override"": [[0.375, 0.0, 0.0], [0.0, 0.375, 0.0], [0.0, 0.0, 11.25]], ""pressure_epsilon_rel"": 0.001, ""smooth_stage_factors"": [0.05, 0.01], ""smooth_stage_maxiters"": [250, 29750], ""smooth_scale_floor"": 1e-20, ""gtol"": 1e-08, ""report_gradient_tol"": 0.001, ""compensate_effective_gravity"": true, ""h_m"": 0.0005, ""initial_force_scale_n"": 1.2934929155139256e-06, ""initial_loss_std_scale_n_m"": 0.011320705994910744, ""epsilon_force_multiplier"": 1.0, ""epsilon_std_multiplier"": 1.0, ""smooth_scale_floor_activated"": false}","[{""stage"": 0, ""cap"": 250, ""force_epsilon"": 6.467464577569628e-08, ""uniformity_epsilon"": 0.0005660352997455372, ""iterations"": 250, ""evaluations"": 291, ""success"": false, ""status"": 1, ""message"": ""Maximum number of iterations has been exceeded."", ""terminal_value"": -0.014129698092344647, ""terminal_gradient_l2"": 0.015010646584041524, ""terminal_gradient_inf"": 0.00504046775845626}, {""stage"": 1, ""cap"": 29750, ""force_epsilon"": 1.2934929155139256e-08, ""uniformity_epsilon"": 0.00011320705994910745, ""iterations"": 2556, ""evaluations"": 2634, ""success"": true, ""status"": 0, ""message"": ""Optimization terminated successfully."", ""terminal_value"": -0.0296961054149538, ""terminal_gradient_l2"": 2.1975787674632513e-08, ""terminal_gradient_inf"": 9.249202918384697e-09}]",computed,"original loss, reduced gauge, raw SI units",True,1.117107532371164e-08,,,0.2906328314655111,0.2942300279223344,000000000000049382001b184479,000000000000080f5c41bca175fe30e1,True,True,False,0.4561218651070681,-0.0013406846884404,False,Co-scheduled sensitivity workers; use C7 serial timings for optimizer cost comparisons.,smoke,0.0036902596057139,1.1737567051406112e-05,0.00029647921231959424
Triple,GFE,260869,1.0,1.0,0.0,1.0,0.001,1.0,1.0,1.0,1.0,1.0,250,0.05,30000,BFGS,1e-08,0.0001,0.9,10,40,0.0,1000000,0.03,0.9,0.999,1e-12,0.0001,cosine,0.0,continuous,beta_factor,0.0,00000000000004933ca78ae74174,000000000000080f378c4907806a1230,000000000000080f2d7b5efbd5a31fd5,-0.0509506865653527,0.0057939584403335,2.99580213210587e-08,9.522101145798458e-09,1.2891621620951329e-05,0.0023238365352246,True,0,Optimization terminated successfully.,True,True,1901,1984,7.62518309999723,0.0001227000029757,0.0163570000004256,"{""method"": ""Regularized-FE"", ""components"": {""force_smoothing"": true, ""pressure_retention"": true, ""uniformity"": true}, ""alpha_force"": 3000.0, ""beta_pressure"": 0.0, ""gamma_uniformity"": 1.0, ""curvature_weight_override"": [[1.0, 0.0, 0.0], [0.0, 1.0, 0.0], [0.0, 0.0, 10.0]], ""pressure_epsilon_rel"": 0.001, ""smooth_stage_factors"": [0.05, 0.01], ""smooth_stage_maxiters"": [250, 29750], ""smooth_scale_floor"": 1e-20, ""gtol"": 1e-08, ""report_gradient_tol"": 0.001, ""compensate_effective_gravity"": true, ""h_m"": 0.0005, ""initial_force_scale_n"": 1.2934929155139256e-06, ""initial_loss_std_scale_n_m"": 0.0013871150203134028, ""epsilon_force_multiplier"": 1.0, ""epsilon_std_multiplier"": 1.0, ""smooth_scale_floor_activated"": false}","[{""stage"": 0, ""cap"": 250, ""force_epsilon"": 6.467464577569628e-08, ""uniformity_epsilon"": 6.935575101567015e-05, ""iterations"": 250, ""evaluations"": 271, ""success"": false, ""status"": 1, ""message"": ""Maximum number of iterations has been exceeded."", ""terminal_value"": -0.032184213392959106, ""terminal_gradient_l2"": 0.005247760384759007, ""terminal_gradient_inf"": 0.00146195610881643}, {""stage"": 1, ""cap"": 29750, ""force_epsilon"": 1.2934929155139256e-08, ""uniformity_epsilon"": 1.3871150203134029e-05, ""iterations"": 1651, ""evaluations"": 1713, ""success"": true, ""status"": 0, ""message"": ""Optimization terminated successfully."", ""terminal_value"": -0.05095068656535276, ""terminal_gradient_l2"": 2.99580213210587e-08, ""terminal_gradient_inf"": 9.522101145798458e-09}]",computed,"original loss, reduced gauge, raw SI units",True,1.2367905887227392e-08,,,0.9183759439346872,0.9332254600852784,000000000000049382001b184479,000000000000080f5c41bca175fe30e1,True,True,True,0.5452894649110237,0.0013192047751201,False,Co-scheduled sensitivity workers; use C7 serial timings for optimizer cost comparisons.,smoke,0.0157482595087408,5.226877143725583e-07,0.0003544381521921654
Triple,GFE,260869,1.0,1.0,0.01,1.0,0.001,1.0,1.0,1.0,1.0,1.0,250,0.05,30000,BFGS,1e-08,0.0001,0.9,10,40,0.0,1000000,0.03,0.9,0.999,1e-12,0.0001,cosine,0.0,continuous,beta_factor,0.01,0000000000000494e9ba72c34c54,000000000000080f4ee27a61de761a68,000000000000080f2d7b5efbd5a31fd5,-0.0506622300751602,0.006270165972926,3.460762781492332e-08,7.898208860840983e-09,1.3463944840393058e-05,0.0025703928696363,True,0,Optimization terminated successfully.,True,True,2068,2175,7.054144699999597,0.000124300000607,0.0175471999973524,"{""method"": ""Regularized-FE"", ""components"": {""force_smoothing"": true, ""pressure_retention"": true, ""uniformity"": true}, ""alpha_force"": 3000.0, ""beta_pressure"": 5.000000000000001e-07, ""gamma_uniformity"": 1.0, ""curvature_weight_override"": [[1.0, 0.0, 0.0], [0.0, 1.0, 0.0], [0.0, 0.0, 10.0]], ""pressure_epsilon_rel"": 0.001, ""smooth_stage_factors"": [0.05, 0.01], ""smooth_stage_maxiters"": [250, 29750], ""smooth_scale_floor"": 1e-20, ""gtol"": 1e-08, ""report_gradient_tol"": 0.001, ""compensate_effective_gravity"": true, ""h_m"": 0.0005, ""initial_force_scale_n"": 1.2934929155139256e-06, ""initial_loss_std_scale_n_m"": 0.0014159218621509415, ""epsilon_force_multiplier"": 1.0, ""epsilon_std_multiplier"": 1.0, ""smooth_scale_floor_activated"": false}","[{""stage"": 0, ""cap"": 250, ""force_epsilon"": 6.467464577569628e-08, ""uniformity_epsilon"": 7.079609310754708e-05, ""iterations"": 250, ""evaluations"": 275, ""success"": false, ""status"": 1, ""message"": ""Maximum number of iterations has been exceeded."", ""terminal_value"": -0.03138679944739433, ""terminal_gradient_l2"": 0.006593754298874839, ""terminal_gradient_inf"": 0.0017650222653064285}, {""stage"": 1, ""cap"": 29750, ""force_epsilon"": 1.2934929155139256e-08, ""uniformity_epsilon"": 1.4159218621509415e-05, ""iterations"": 1818, ""evaluations"": 1900, ""success"": true, ""status"": 0, ""message"": ""Optimization terminated successfully."", ""terminal_value"": -0.05066223007516024, ""terminal_gradient_l2"": 3.4607627814923316e-08, ""terminal_gradient_inf"": 7.898208860840983e-09}]",computed,"original loss, reduced gauge, raw SI units",True,1.1625736804004207e-08,,,0.9196289781351996,0.9351242475450356,000000000000049382001b184479,000000000000080f5c41bca175fe30e1,True,True,True,0.5269777974345469,0.0013104397962728,False,Co-scheduled sensitivity workers; use C7 serial timings for optimizer cost comparisons.,smoke,0.015477521511755,5.3626429395012e-07,0.00034253556833245546
Triple,GFE,260869,1.0,1.0,0.03,1.0,0.001,1.0,1.0,1.0,1.0,1.0,250,0.05,30000,BFGS,1e-08,0.0001,0.9,10,40,0.0,1000000,0.03,0.9,0.999,1e-12,0.0001,cosine,0.0,continuous,beta_factor,0.03,000000000000049493961695525a,000000000000080fd7b63366eba11610,000000000000080f2d7b5efbd5a31fd5,-0.0501950181883152,0.0072445515792233,3.2489291399403494e-08,8.761755626090432e-09,1.0489894448311149e-05,0.0030971990766441,True,0,Optimization terminated successfully.,True,True,2162,2271,7.933201400010148,0.0001228000037372,0.0210683999903267,"{""method"": ""Regularized-FE"", ""components"": {""force_smoothing"": true, ""pressure_retention"": true, ""uniformity"": true}, ""alpha_force"": 3000.0, ""beta_pressure"": 1.5e-06, ""gamma_uniformity"": 1.0, ""curvature_weight_override"": [[1.0, 0.0, 0.0], [0.0, 1.0, 0.0], [0.0, 0.0, 10.0]], ""pressure_epsilon_rel"": 0.001, ""smooth_stage_factors"": [0.05, 0.01], ""smooth_stage_maxiters"": [250, 29750], ""smooth_scale_floor"": 1e-20, ""gtol"": 1e-08, ""report_gradient_tol"": 0.001, ""compensate_effective_gravity"": true, ""h_m"": 0.0005, ""initial_force_scale_n"": 1.2934929155139256e-06, ""initial_loss_std_scale_n_m"": 0.0014957267789695492, ""epsilon_force_multiplier"": 1.0, ""epsilon_std_multiplier"": 1.0, ""smooth_scale_floor_activated"": false}","[{""stage"": 0, ""cap"": 250, ""force_epsilon"": 6.467464577569628e-08, ""uniformity_epsilon"": 7.478633894847747e-05, ""iterations"": 250, ""evaluations"": 281, ""success"": false, ""status"": 1, ""message"": ""Maximum number of iterations has been exceeded."", ""terminal_value"": -0.033766804783386055, ""terminal_gradient_l2"": 0.003027018239369859, ""terminal_gradient_inf"": 0.0008166831674683911}, {""stage"": 1, ""cap"": 29750, ""force_epsilon"": 1.2934929155139256e-08, ""uniformity_epsilon"": 1.4957267789695493e-05, ""iterations"": 1912, ""evaluations"": 1990, ""success"": true, ""status"": 0, ""message"": ""Optimization terminated successfully."", ""terminal_value"": -0.0501950181883152, ""terminal_gradient_l2"": 3.2489291399403494e-08, ""terminal_gradient_inf"": 8.761755626090432e-09}]",computed,"original loss, reduced gauge, raw SI units",True,1.3396876308492132e-08,,,0.9540157363076762,0.9641715879487978,000000000000049382001b184479,000000000000080f5c41bca175fe30e1,True,True,True,0.5102979301048286,0.0013032581787475,False,Co-scheduled sensitivity workers; use C7 serial timings for optimizer cost comparisons.,smoke,0.0133632280999861,5.741344882032928e-07,0.00033169365456813855
Triple,GFE,260869,1.0,1.0,0.1,1.0,0.001,1.0,1.0,1.0,1.0,1.0,250,0.05,30000,BFGS,1e-08,0.0001,0.9,10,40,0.0,1000000,0.03,0.9,0.999,1e-12,0.0001,cosine,0.0,continuous,beta_factor,0.1,000000000000049301b1b8cc4477,000000000000080fac4fb8ba464c14d8,000000000000080f2d7b5efbd5a31fd5,-0.0497304162125735,0.0108261135316461,4.1212927455264704e-08,9.86989101506792e-09,8.117762284309597e-06,0.0050768827679178,True,0,Optimization terminated successfully.,True,True,1959,2048,6.9965042999974685,0.0001178000093204,0.0154316000116523,"{""method"": ""Regularized-FE"", ""components"": {""force_smoothing"": true, ""pressure_retention"": true, ""uniformity"": true}, ""alpha_force"": 3000.0, ""beta_pressure"": 5e-06, ""gamma_uniformity"": 1.0, ""curvature_weight_override"": [[1.0, 0.0, 0.0], [0.0, 1.0, 0.0], [0.0, 0.0, 10.0]], ""pressure_epsilon_rel"": 0.001, ""smooth_stage_factors"": [0.05, 0.01], ""smooth_stage_maxiters"": [250, 29750], ""smooth_scale_floor"": 1e-20, ""gtol"": 1e-08, ""report_gradient_tol"": 0.001, ""compensate_effective_gravity"": true, ""h_m"": 0.0005, ""initial_force_scale_n"": 1.2934929155139256e-06, ""initial_loss_std_scale_n_m"": 0.0019479767557557882, ""epsilon_force_multiplier"": 1.0, ""epsilon_std_multiplier"": 1.0, ""smooth_scale_floor_activated"": false}","[{""stage"": 0, ""cap"": 250, ""force_epsilon"": 6.467464577569628e-08, ""uniformity_epsilon"": 9.739883778778941e-05, ""iterations"": 250, ""evaluations"": 292, ""success"": false, ""status"": 1, ""message"": ""Maximum number of iterations has been exceeded."", ""terminal_value"": -0.03174793603371946, ""terminal_gradient_l2"": 0.006945797331181376, ""terminal_gradient_inf"": 0.0016159286139646094}, {""stage"": 1, ""cap"": 29750, ""force_epsilon"": 1.2934929155139256e-08, ""uniformity_epsilon"": 1.947976755755788e-05, ""iterations"": 1709, ""evaluations"": 1756, ""success"": true, ""status"": 0, ""message"": ""Optimization terminated successfully."", ""terminal_value"": -0.04973041621257357, ""terminal_gradient_l2"": 4.1212927455264704e-08, ""terminal_gradient_inf"": 9.869891015067919e-09}]",computed,"original loss, reduced gauge, raw SI units",True,1.3377845019442137e-08,,,0.9999991503285064,0.99999931280111,000000000000049382001b184479,000000000000080f5c41bca175fe30e1,True,True,True,0.458481380824296,0.0013124540586624,False,Co-scheduled sensitivity workers; use C7 serial timings for optimizer cost comparisons.,smoke,0.0001245983210308,6.239614499208497e-07,0.0002980128975357924
Triple,GFE,260869,1.0,1.0,0.3,1.0,0.001,1.0,1.0,1.0,1.0,1.0,250,0.05,30000,BFGS,1e-08,0.0001,0.9,10,40,0.0,1000000,0.03,0.9,0.999,1e-12,0.0001,cosine,0.0,continuous,beta_factor,0.3,00000000000004937b9ddc9a4a7d,000000000000080ff5feb5db972b2550,000000000000080f2d7b5efbd5a31fd5,-0.0497103937928929,0.0216371828198071,3.0530374250919286e-08,8.543037206412348e-09,2.8538051543243445e-06,0.0106981284985966,True,0,Optimization terminated successfully.,True,True,2101,2207,7.598863200008054,0.0001038999907905,0.017664999992121,"{""method"": ""Regularized-FE"", ""components"": {""force_smoothing"": true, ""pressure_retention"": true, ""uniformity"": true}, ""alpha_force"": 3000.0, ""beta_pressure"": 1.5e-05, ""gamma_uniformity"": 1.0, ""curvature_weight_override"": [[1.0, 0.0, 0.0], [0.0, 1.0, 0.0], [0.0, 0.0, 10.0]], ""pressure_epsilon_rel"": 0.001, ""smooth_stage_factors"": [0.05, 0.01], ""smooth_stage_maxiters"": [250, 29750], ""smooth_scale_floor"": 1e-20, ""gtol"": 1e-08, ""report_gradient_tol"": 0.001, ""compensate_effective_gravity"": true, ""h_m"": 0.0005, ""initial_force_scale_n"": 1.2934929155139256e-06, ""initial_loss_std_scale_n_m"": 0.003823967036614282, ""epsilon_force_multiplier"": 1.0, ""epsilon_std_multiplier"": 1.0, ""smooth_scale_floor_activated"": false}","[{""stage"": 0, ""cap"": 250, ""force_epsilon"": 6.467464577569628e-08, ""uniformity_epsilon"": 0.00019119835183071412, ""iterations"": 250, ""evaluations"": 300, ""success"": false, ""status"": 1, ""message"": ""Maximum number of iterations has been exceeded."", ""terminal_value"": -0.02745426669401399, ""terminal_gradient_l2"": 0.0075530151440860215, ""terminal_gradient_inf"": 0.002035199278664023}, {""stage"": 1, ""cap"": 29750, ""force_epsilon"": 1.2934929155139256e-08, ""uniformity_epsilon"": 3.823967036614282e-05, ""iterations"": 1851, ""evaluations"": 1907, ""success"": true, ""status"": 0, ""message"": ""Optimization terminated successfully."", ""terminal_value"": -0.049710393792892986, ""terminal_gradient_l2"": 3.0530374250919286e-08, ""terminal_gradient_inf"": 8.543037206412348e-09}]",computed,"original loss, reduced gauge, raw SI units",True,1.3361760650956105e-08,,,0.9999999299710072,0.9999999861551396,000000000000049382001b184479,000000000000080f5c41bca175fe30e1,True,True,True,0.4579692415179513,0.00131241556472,False,Co-scheduled sensitivity workers; use C7 serial timings for optimizer cost comparisons.,smoke,1.449017868541501e-06,1.2301911232016571e-06,0.00029768000698666833
Triple,GFE,260869,1.0,1.0,1.0,1.0,0.001,1.0,1.0,1.0,1.0,1.0,250,0.05,30000,BFGS,1e-08,0.0001,0.9,10,40,0.0,1000000,0.03,0.9,0.999,1e-12,0.0001,cosine,0.0,continuous,beta_factor,1.0,000000000000049382001b184479,000000000000080f5c41bca175fe30e1,000000000000080f2d7b5efbd5a31fd5,-0.0496489322685399,0.0603438133903949,3.307155120464556e-08,9.894782154094378e-09,1.1014633748299583e-06,0.0300251029315896,True,0,Optimization terminated successfully.,True,True,2777,2871,9.424814900005003,8.670000534038991e-05,0.0261399999872082,"{""method"": ""Regularized-FE"", ""components"": {""force_smoothing"": true, ""pressure_retention"": true, ""uniformity"": true}, ""alpha_force"": 3000.0, ""beta_pressure"": 5e-05, ""gamma_uniformity"": 1.0, ""curvature_weight_override"": [[1.0, 0.0, 0.0], [0.0, 1.0, 0.0], [0.0, 0.0, 10.0]], ""pressure_epsilon_rel"": 0.001, ""smooth_stage_factors"": [0.05, 0.01], ""smooth_stage_maxiters"": [250, 29750], ""smooth_scale_floor"": 1e-20, ""gtol"": 1e-08, ""report_gradient_tol"": 0.001, ""compensate_effective_gravity"": true, ""h_m"": 0.0005, ""initial_force_scale_n"": 1.2934929155139256e-06, ""initial_loss_std_scale_n_m"": 0.011266553940494833, ""epsilon_force_multiplier"": 1.0, ""epsilon_std_multiplier"": 1.0, ""smooth_scale_floor_activated"": false}","[{""stage"": 0, ""cap"": 250, ""force_epsilon"": 6.467464577569628e-08, ""uniformity_epsilon"": 0.0005633276970247417, ""iterations"": 250, ""evaluations"": 288, ""success"": false, ""status"": 1, ""message"": ""Maximum number of iterations has been exceeded."", ""terminal_value"": -0.024506645236742886, ""terminal_gradient_l2"": 0.01752334601898978, ""terminal_gradient_inf"": 0.004209316855187494}, {""stage"": 1, ""cap"": 29750, ""force_epsilon"": 1.2934929155139256e-08, ""uniformity_epsilon"": 0.00011266553940494834, ""iterations"": 2527, ""evaluations"": 2583, ""success"": true, ""status"": 0, ""message"": ""Optimization terminated successfully."", ""terminal_value"": -0.049648932268539954, ""terminal_gradient_l2"": 3.307155120464556e-08, ""terminal_gradient_inf"": 9.894782154094378e-09}]",reused,"original loss, reduced gauge, raw SI units",True,1.3345442864029888e-08,,,1.0,0.9999999999999994,000000000000049382001b184479,000000000000080f5c41bca175fe30e1,True,True,True,0.4579675383985165,0.0013121841697281,False,Co-scheduled sensitivity workers; use C7 serial timings for optimizer cost comparisons.,smoke,3.618937673684308e-06,3.618937673684308e-06,0.00029767889995903574
Triple,GFE,260869,1.0,1.0,10.0,1.0,0.001,1.0,1.0,1.0,1.0,1.0,250,0.05,30000,BFGS,1e-08,0.0001,0.9,10,40,0.0,1000000,0.03,0.9,0.999,1e-12,0.0001,cosine,0.0,continuous,beta_factor,10.0,0000000000000494fde015234c59,000000000000080f74a72d701f771d4f,000000000000080f2d7b5efbd5a31fd5,-0.0488660019425589,0.5600305565143878,1.4343813054007198e-07,5.581240329204739e-08,5.147987143133693e-07,0.2786295430659487,False,2,Desired error not necessarily achieved due to precision loss.,False,True,6394,6610,22.761405699988245,0.0001249999913852,0.0145381000038469,"{""method"": ""Regularized-FE"", ""components"": {""force_smoothing"": true, ""pressure_retention"": true, ""uniformity"": true}, ""alpha_force"": 3000.0, ""beta_pressure"": 0.0005, ""gamma_uniformity"": 1.0, ""curvature_weight_override"": [[1.0, 0.0, 0.0], [0.0, 1.0, 0.0], [0.0, 0.0, 10.0]], ""pressure_epsilon_rel"": 0.001, ""smooth_stage_factors"": [0.05, 0.01], ""smooth_stage_maxiters"": [250, 29750], ""smooth_scale_floor"": 1e-20, ""gtol"": 1e-08, ""report_gradient_tol"": 0.001, ""compensate_effective_gravity"": true, ""h_m"": 0.0005, ""initial_force_scale_n"": 1.2934929155139256e-06, ""initial_loss_std_scale_n_m"": 0.10900745471888083, ""epsilon_force_multiplier"": 1.0, ""epsilon_std_multiplier"": 1.0, ""smooth_scale_floor_activated"": false}","[{""stage"": 0, ""cap"": 250, ""force_epsilon"": 6.467464577569628e-08, ""uniformity_epsilon"": 0.005450372735944042, ""iterations"": 250, ""evaluations"": 299, ""success"": false, ""status"": 1, ""message"": ""Maximum number of iterations has been exceeded."", ""terminal_value"": -0.02337473595742004, ""terminal_gradient_l2"": 0.06696424395570903, ""terminal_gradient_inf"": 0.019690427235683042}, {""stage"": 1, ""cap"": 29750, ""force_epsilon"": 1.2934929155139256e-08, ""uniformity_epsilon"": 0.0010900745471888083, ""iterations"": 6144, ""evaluations"": 6311, ""success"": false, ""status"": 2, ""message"": ""Desired error not necessarily achieved due to precision loss."", ""terminal_value"": -0.048866001942558926, ""terminal_gradient_l2"": 1.4343813054007195e-07, ""terminal_gradient_inf"": 5.581240329204738e-08}]",computed,"original loss, reduced gauge, raw SI units",True,1.3160788303402508e-08,,,0.9999901043489317,0.9999979912565444,000000000000049382001b184479,000000000000080f5c41bca175fe30e1,True,True,True,0.4584276147415411,0.0013096332514988,False,Co-scheduled sensitivity workers; use C7 serial timings for optimizer cost comparisons.,smoke,5.237198777947493e-05,3.440293242139861e-05,0.0002979779495820017
Triple,GFE,260869,1.0,1.0,3.0,1.0,0.001,1.0,1.0,1.0,1.0,1.0,250,0.05,30000,BFGS,1e-08,0.0001,0.9,10,40,0.0,1000000,0.03,0.9,0.999,1e-12,0.0001,cosine,0.0,continuous,beta_factor,3.0,0000000000000493243e3ea74a83,000000000000080feeaabd7491f90793,000000000000080f2d7b5efbd5a31fd5,-0.0494748156780286,0.1713483382668937,3.1985986695089254e-08,9.893305698021498e-09,3.751936606505233e-07,0.0852519379981817,True,0,Optimization terminated successfully.,True,True,3918,4041,14.685152699996252,0.0001014000008581,0.015971000000718,"{""method"": ""Regularized-FE"", ""components"": {""force_smoothing"": true, ""pressure_retention"": true, ""uniformity"": true}, ""alpha_force"": 3000.0, ""beta_pressure"": 0.00015000000000000001, ""gamma_uniformity"": 1.0, ""curvature_weight_override"": [[1.0, 0.0, 0.0], [0.0, 1.0, 0.0], [0.0, 0.0, 10.0]], ""pressure_epsilon_rel"": 0.001, ""smooth_stage_factors"": [0.05, 0.01], ""smooth_stage_maxiters"": [250, 29750], ""smooth_scale_floor"": 1e-20, ""gtol"": 1e-08, ""report_gradient_tol"": 0.001, ""compensate_effective_gravity"": true, ""h_m"": 0.0005, ""initial_force_scale_n"": 1.2934929155139256e-06, ""initial_loss_std_scale_n_m"": 0.032949408344622816, ""epsilon_force_multiplier"": 1.0, ""epsilon_std_multiplier"": 1.0, ""smooth_scale_floor_activated"": false}","[{""stage"": 0, ""cap"": 250, ""force_epsilon"": 6.467464577569628e-08, ""uniformity_epsilon"": 0.001647470417231141, ""iterations"": 250, ""evaluations"": 290, ""success"": false, ""status"": 1, ""message"": ""Maximum number of iterations has been exceeded."", ""terminal_value"": -0.025208553185527095, ""terminal_gradient_l2"": 0.03755356088611114, ""terminal_gradient_inf"": 0.012674619877149169}, {""stage"": 1, ""cap"": 29750, ""force_epsilon"": 1.2934929155139256e-08, ""uniformity_epsilon"": 0.00032949408344622817, ""iterations"": 3668, ""evaluations"": 3751, ""success"": true, ""status"": 0, ""message"": ""Optimization terminated successfully."", ""terminal_value"": -0.04947481567802866, ""terminal_gradient_l2"": 3.198598669508925e-08, ""terminal_gradient_inf"": 9.893305698021498e-09}]",computed,"original loss, reduced gauge, raw SI units",True,1.3304242726269298e-08,,,0.9999995061916565,0.9999999017892404,000000000000049382001b184479,000000000000080f5c41bca175fe30e1,True,True,True,0.4580644159127666,0.0013117327308248,False,Co-scheduled sensitivity workers; use C7 serial timings for optimizer cost comparisons.,smoke,1.4480283682931282e-05,1.0542322915724234e-05,0.00029774187034329827
Triple,GFE,260869,1.0,1.0,30.0,1.0,0.001,1.0,1.0,1.0,1.0,1.0,250,0.05,30000,BFGS,1e-08,0.0001,0.9,10,40,0.0,1000000,0.03,0.9,0.999,1e-12,0.0001,cosine,0.0,continuous,beta_factor,30.0,0000000000000494a698851b5265,000000000000080f512fea71d43f066e,000000000000080f2d7b5efbd5a31fd5,-0.0471274832952519,1.670600310497281,5.305842104299092e-07,1.8757181204290258e-07,6.383566897361787e-07,0.8311720061227682,False,2,Desired error not necessarily achieved due to precision loss.,False,True,12355,12720,45.95058750000317,0.0001054000022122,0.0148101999948266,"{""method"": ""Regularized-FE"", ""components"": {""force_smoothing"": true, ""pressure_retention"": true, ""uniformity"": true}, ""alpha_force"": 3000.0, ""beta_pressure"": 0.0015, ""gamma_uniformity"": 1.0, ""curvature_weight_override"": [[1.0, 0.0, 0.0], [0.0, 1.0, 0.0], [0.0, 0.0, 10.0]], ""pressure_epsilon_rel"": 0.001, ""smooth_stage_factors"": [0.05, 0.01], ""smooth_stage_maxiters"": [250, 29750], ""smooth_scale_floor"": 1e-20, ""gtol"": 1e-08, ""report_gradient_tol"": 0.001, ""compensate_effective_gravity"": true, ""h_m"": 0.0005, ""initial_force_scale_n"": 1.2934929155139256e-06, ""initial_loss_std_scale_n_m"": 0.326365783608621, ""epsilon_force_multiplier"": 1.0, ""epsilon_std_multiplier"": 1.0, ""smooth_scale_floor_activated"": false}","[{""stage"": 0, ""cap"": 250, ""force_epsilon"": 6.467464577569628e-08, ""uniformity_epsilon"": 0.016318289180431052, ""iterations"": 250, ""evaluations"": 296, ""success"": false, ""status"": 1, ""message"": ""Maximum number of iterations has been exceeded."", ""terminal_value"": -0.01893634589330571, ""terminal_gradient_l2"": 0.16885210793150476, ""terminal_gradient_inf"": 0.06287152084763681}, {""stage"": 1, ""cap"": 29750, ""force_epsilon"": 1.2934929155139256e-08, ""uniformity_epsilon"": 0.0032636578360862104, ""iterations"": 12105, ""evaluations"": 12424, ""success"": false, ""status"": 2, ""message"": ""Desired error not necessarily achieved due to precision loss."", ""terminal_value"": -0.04712748329525196, ""terminal_gradient_l2"": 5.305842104299092e-07, ""terminal_gradient_inf"": 1.8757181204290258e-07}]",computed,"original loss, reduced gauge, raw SI units",True,1.2764561711896356e-08,,,0.9998906298538074,0.9999778417174514,000000000000049382001b184479,000000000000080f5c41bca175fe30e1,True,True,True,0.45934551886353,0.0013040124473115,False,Co-scheduled sensitivity workers; use C7 serial timings for optimizer cost comparisons.,smoke,0.0001603620910945,9.904660792166074e-05,0.00029857458726129446
Triple,GFE,260869,1.0,1.0,1.0,1.0,0.001,0.0,1.0,1.0,1.0,1.0,250,0.05,30000,BFGS,1e-08,0.0001,0.9,10,40,0.0,1000000,0.03,0.9,0.999,1e-12,0.0001,cosine,0.0,continuous,epsilon_force_factor,0.0,00000000000004930037714a41b0,000000000000080febfc2810006f06e4,000000000000080f2d7b5efbd5a31fd5,-0.0496388675829449,0.0603824276175635,0.0034580571839301,0.0009746636509209,0.1151720984613747,0.0300251296114903,False,2,Desired error not necessarily achieved due to precision loss.,False,False,20873,21691,72.43476869999722,0.0001580999960424,0.021900399995502,"{""method"": ""Regularized-FE"", ""components"": {""force_smoothing"": true, ""pressure_retention"": true, ""uniformity"": true}, ""alpha_force"": 3000.0, ""beta_pressure"": 5e-05, ""gamma_uniformity"": 1.0, ""curvature_weight_override"": [[1.0, 0.0, 0.0], [0.0, 1.0, 0.0], [0.0, 0.0, 10.0]], ""pressure_epsilon_rel"": 0.001, ""smooth_stage_factors"": [0.05, 0.01], ""smooth_stage_maxiters"": [250, 29750], ""smooth_scale_floor"": 1e-20, ""gtol"": 1e-08, ""report_gradient_tol"": 0.001, ""compensate_effective_gravity"": true, ""h_m"": 0.0005, ""initial_force_scale_n"": 1.2934929155139256e-06, ""initial_loss_std_scale_n_m"": 0.011266553940494833, ""epsilon_force_multiplier"": 0.0, ""epsilon_std_multiplier"": 1.0, ""smooth_scale_floor_activated"": false}","[{""stage"": 0, ""cap"": 250, ""force_epsilon"": 0.0, ""uniformity_epsilon"": 0.0005633276970247417, ""iterations"": 250, ""evaluations"": 311, ""success"": false, ""status"": 1, ""message"": ""Maximum number of iterations has been exceeded."", ""terminal_value"": -0.024623200432491978, ""terminal_gradient_l2"": 0.017081047687286043, ""terminal_gradient_inf"": 0.006178811591296176}, {""stage"": 1, ""cap"": 29750, ""force_epsilon"": 0.0, ""uniformity_epsilon"": 0.00011266553940494834, ""iterations"": 20623, ""evaluations"": 21380, ""success"": false, ""status"": 2, ""message"": ""Desired error not necessarily achieved due to precision loss."", ""terminal_value"": -0.04963886758294499, ""terminal_gradient_l2"": 0.003458057183930107, ""terminal_gradient_inf"": 0.0009746636509209963}]",computed,"original loss, reduced gauge, raw SI units",True,1.950321519309976e-14,,,0.999522910914541,0.9999406189769672,000000000000049382001b184479,000000000000080f5c41bca175fe30e1,True,True,True,0.4640959407786048,0.0013198706211241,False,Co-scheduled sensitivity workers; use C7 serial timings for optimizer cost comparisons.,smoke,3.498060503525399e-06,3.498077784318314e-06,0.0003016623615060931
Triple,GFE,260869,1.0,1.0,1.0,1.0,0.001,0.01,1.0,1.0,1.0,1.0,250,0.05,30000,BFGS,1e-08,0.0001,0.9,10,40,0.0,1000000,0.03,0.9,0.999,1e-12,0.0001,cosine,0.0,continuous,epsilon_force_factor,0.01,000000000000049453a5440c5197,000000000000080f9e6a146fb15e2844,000000000000080f2d7b5efbd5a31fd5,-0.0496411726854993,0.0603820395887454,7.721427912125283e-08,1.5991389895814775e-08,2.5716551477787866e-06,0.0300251296088221,False,2,Desired error not necessarily achieved due to precision loss.,False,True,4019,4244,16.620504999998957,0.0001909999991767,0.0155496999941533,"{""method"": ""Regularized-FE"", ""components"": {""force_smoothing"": true, ""pressure_retention"": true, ""uniformity"": true}, ""alpha_force"": 3000.0, ""beta_pressure"": 5e-05, ""gamma_uniformity"": 1.0, ""curvature_weight_override"": [[1.0, 0.0, 0.0], [0.0, 1.0, 0.0], [0.0, 0.0, 10.0]], ""pressure_epsilon_rel"": 0.001, ""smooth_stage_factors"": [0.05, 0.01], ""smooth_stage_maxiters"": [250, 29750], ""smooth_scale_floor"": 1e-20, ""gtol"": 1e-08, ""report_gradient_tol"": 0.001, ""compensate_effective_gravity"": true, ""h_m"": 0.0005, ""initial_force_scale_n"": 1.2934929155139256e-06, ""initial_loss_std_scale_n_m"": 0.011266553940494833, ""epsilon_force_multiplier"": 0.01, ""epsilon_std_multiplier"": 1.0, ""smooth_scale_floor_activated"": false}","[{""stage"": 0, ""cap"": 250, ""force_epsilon"": 6.467464577569628e-10, ""uniformity_epsilon"": 0.0005633276970247417, ""iterations"": 250, ""evaluations"": 294, ""success"": false, ""status"": 1, ""message"": ""Maximum number of iterations has been exceeded."", ""terminal_value"": -0.022983274484693887, ""terminal_gradient_l2"": 0.019810957554307486, ""terminal_gradient_inf"": 0.007188054066439407}, {""stage"": 1, ""cap"": 29750, ""force_epsilon"": 1.2934929155139256e-10, ""uniformity_epsilon"": 0.00011266553940494834, ""iterations"": 3769, ""evaluations"": 3950, ""success"": false, ""status"": 2, ""message"": ""Desired error not necessarily achieved due to precision loss."", ""terminal_value"": -0.04964117268549938, ""terminal_gradient_l2"": 7.721427912125282e-08, ""terminal_gradient_inf"": 1.5991389895814775e-08}]",computed,"original loss, reduced gauge, raw SI units",True,1.3513893364170292e-10,,,0.9999987823935164,0.999999317424164,000000000000049382001b184479,000000000000080f5c41bca175fe30e1,True,True,True,0.4636164865669734,0.0013186093763684,False,Co-scheduled sensitivity workers; use C7 serial timings for optimizer cost comparisons.,smoke,3.577542763624559e-06,3.604672415155219e-06,0.0003013507162685327
Triple,GFE,260869,1.0,1.0,1.0,1.0,0.001,0.03,1.0,1.0,1.0,1.0,250,0.05,30000,BFGS,1e-08,0.0001,0.9,10,40,0.0,1000000,0.03,0.9,0.999,1e-12,0.0001,cosine,0.0,continuous,epsilon_force_factor,0.03,0000000000000494048e53405725,000000000000080f4e066579348d305b,000000000000080f2d7b5efbd5a31fd5,-0.0496413304713271,0.060381263645448,4.931383659236586e-08,9.619500792267917e-09,1.642418776201869e-06,0.0300251295874766,True,0,Optimization terminated successfully.,True,True,3482,3625,14.2648993999901,0.0001238999975612,0.0172691000043414,"{""method"": ""Regularized-FE"", ""components"": {""force_smoothing"": true, ""pressure_retention"": true, ""uniformity"": true}, ""alpha_force"": 3000.0, ""beta_pressure"": 5e-05, ""gamma_uniformity"": 1.0, ""curvature_weight_override"": [[1.0, 0.0, 0.0], [0.0, 1.0, 0.0], [0.0, 0.0, 10.0]], ""pressure_epsilon_rel"": 0.001, ""smooth_stage_factors"": [0.05, 0.01], ""smooth_stage_maxiters"": [250, 29750], ""smooth_scale_floor"": 1e-20, ""gtol"": 1e-08, ""report_gradient_tol"": 0.001, ""compensate_effective_gravity"": true, ""h_m"": 0.0005, ""initial_force_scale_n"": 1.2934929155139256e-06, ""initial_loss_std_scale_n_m"": 0.011266553940494833, ""epsilon_force_multiplier"": 0.03, ""epsilon_std_multiplier"": 1.0, ""smooth_scale_floor_activated"": false}","[{""stage"": 0, ""cap"": 250, ""force_epsilon"": 1.9402393732708882e-09, ""uniformity_epsilon"": 0.0005633276970247417, ""iterations"": 250, ""evaluations"": 292, ""success"": false, ""status"": 1, ""message"": ""Maximum number of iterations has been exceeded."", ""terminal_value"": -0.02474273648977303, ""terminal_gradient_l2"": 0.01524934453869825, ""terminal_gradient_inf"": 0.004485492186295937}, {""stage"": 1, ""cap"": 29750, ""force_epsilon"": 3.8804787465417767e-10, ""uniformity_epsilon"": 0.00011266553940494834, ""iterations"": 3232, ""evaluations"": 3333, ""success"": true, ""status"": 0, ""message"": ""Optimization terminated successfully."", ""terminal_value"": -0.04964133047132717, ""terminal_gradient_l2"": 4.931383659236586e-08, ""terminal_gradient_inf"": 9.619500792267915e-09}]",computed,"original loss, reduced gauge, raw SI units",True,4.0531060988232885e-10,,,0.9999988277582846,0.9999993437814186,000000000000049382001b184479,000000000000080f5c41bca175fe30e1,True,True,True,0.4635097206742705,0.0013181924175426,False,Co-scheduled sensitivity workers; use C7 serial timings for optimizer cost comparisons.,smoke,3.5270471847011437e-06,3.604879887105642e-06,0.0003012813184382758
Triple,GFE,260869,1.0,1.0,1.0,1.0,0.001,0.1,1.0,1.0,1.0,1.0,250,0.05,30000,BFGS,1e-08,0.0001,0.9,10,40,0.0,1000000,0.03,0.9,0.999,1e-12,0.0001,cosine,0.0,continuous,epsilon_force_factor,0.1,00000000000004932ba2faec4477,000000000000080fefce15df5aac19e8,000000000000080f2d7b5efbd5a31fd5,-0.0496418823846813,0.0603785490444656,4.2006656685565865e-08,9.322856790883944e-09,1.3990499825447486e-06,0.030025129344671,True,0,Optimization terminated successfully.,True,True,3397,3526,12.39244929999404,0.0001014000008581,0.0200398000015411,"{""method"": ""Regularized-FE"", ""components"": {""force_smoothing"": true, ""pressure_retention"": true, ""uniformity"": true}, ""alpha_force"": 3000.0, ""beta_pressure"": 5e-05, ""gamma_uniformity"": 1.0, ""curvature_weight_override"": [[1.0, 0.0, 0.0], [0.0, 1.0, 0.0], [0.0, 0.0, 10.0]], ""pressure_epsilon_rel"": 0.001, ""smooth_stage_factors"": [0.05, 0.01], ""smooth_stage_maxiters"": [250, 29750], ""smooth_scale_floor"": 1e-20, ""gtol"": 1e-08, ""report_gradient_tol"": 0.001, ""compensate_effective_gravity"": true, ""h_m"": 0.0005, ""initial_force_scale_n"": 1.2934929155139256e-06, ""initial_loss_std_scale_n_m"": 0.011266553940494833, ""epsilon_force_multiplier"": 0.1, ""epsilon_std_multiplier"": 1.0, ""smooth_scale_floor_activated"": false}","[{""stage"": 0, ""cap"": 250, ""force_epsilon"": 6.467464577569628e-09, ""uniformity_epsilon"": 0.0005633276970247417, ""iterations"": 250, ""evaluations"": 294, ""success"": false, ""status"": 1, ""message"": ""Maximum number of iterations has been exceeded."", ""terminal_value"": -0.02449226197574569, ""terminal_gradient_l2"": 0.012715439402206897, ""terminal_gradient_inf"": 0.004331254872770533}, {""stage"": 1, ""cap"": 29750, ""force_epsilon"": 1.2934929155139258e-09, ""uniformity_epsilon"": 0.00011266553940494834, ""iterations"": 3147, ""evaluations"": 3232, ""success"": true, ""status"": 0, ""message"": ""Optimization terminated successfully."", ""terminal_value"": -0.049641882384681334, ""terminal_gradient_l2"": 4.200665668556586e-08, ""terminal_gradient_inf"": 9.322856790883944e-09}]",computed,"original loss, reduced gauge, raw SI units",True,1.349843599624497e-09,,,0.9999989985176196,0.9999994386485518,000000000000049382001b184479,000000000000080f5c41bca175fe30e1,True,True,True,0.4631097423127537,0.0013171293033783,False,Co-scheduled sensitivity workers; use C7 serial timings for optimizer cost comparisons.,smoke,3.3846037315130176e-06,3.606076202539858e-06,0.0003010213325032899
Triple,GFE,260869,1.0,1.0,1.0,1.0,0.001,0.3,1.0,1.0,1.0,1.0,250,0.05,30000,BFGS,1e-08,0.0001,0.9,10,40,0.0,1000000,0.03,0.9,0.999,1e-12,0.0001,cosine,0.0,continuous,epsilon_force_factor,0.3,00000000000004937c89eda04a05,000000000000080f98cbb0016aba2621,000000000000080f2d7b5efbd5a31fd5,-0.0496434564041752,0.060370803332128,4.719018002735292e-08,9.746616886675571e-09,1.571689595087868e-06,0.0300251272101312,True,0,Optimization terminated successfully.,True,True,2570,2692,9.611760700005108,0.0001172000047517,0.0132593999878736,"{""method"": ""Regularized-FE"", ""components"": {""force_smoothing"": true, ""pressure_retention"": true, ""uniformity"": true}, ""alpha_force"": 3000.0, ""beta_pressure"": 5e-05, ""gamma_uniformity"": 1.0, ""curvature_weight_override"": [[1.0, 0.0, 0.0], [0.0, 1.0, 0.0], [0.0, 0.0, 10.0]], ""pressure_epsilon_rel"": 0.001, ""smooth_stage_factors"": [0.05, 0.01], ""smooth_stage_maxiters"": [250, 29750], ""smooth_scale_floor"": 1e-20, ""gtol"": 1e-08, ""report_gradient_tol"": 0.001, ""compensate_effective_gravity"": true, ""h_m"": 0.0005, ""initial_force_scale_n"": 1.2934929155139256e-06, ""initial_loss_std_scale_n_m"": 0.011266553940494833, ""epsilon_force_multiplier"": 0.3, ""epsilon_std_multiplier"": 1.0, ""smooth_scale_floor_activated"": false}","[{""stage"": 0, ""cap"": 250, ""force_epsilon"": 1.9402393732708884e-08, ""uniformity_epsilon"": 0.0005633276970247417, ""iterations"": 250, ""evaluations"": 298, ""success"": false, ""status"": 1, ""message"": ""Maximum number of iterations has been exceeded."", ""terminal_value"": -0.023748213233916498, ""terminal_gradient_l2"": 0.02187648566368796, ""terminal_gradient_inf"": 0.007708662359496407}, {""stage"": 1, ""cap"": 29750, ""force_epsilon"": 3.8804787465417765e-09, ""uniformity_epsilon"": 0.00011266553940494834, ""iterations"": 2320, ""evaluations"": 2394, ""success"": true, ""status"": 0, ""message"": ""Optimization terminated successfully."", ""terminal_value"": -0.04964345640417528, ""terminal_gradient_l2"": 4.7190180027352916e-08, ""terminal_gradient_inf"": 9.74661688667557e-09}]",computed,"original loss, reduced gauge, raw SI units",True,4.039070007458481e-09,,,0.9999993979676732,0.9999996617787008,000000000000049382001b184479,000000000000080f5c41bca175fe30e1,True,True,True,0.4619948820500683,0.001320860261483,False,Co-scheduled sensitivity workers; use C7 serial timings for optimizer cost comparisons.,smoke,3.1830669749899608e-06,3.6089522797701472e-06,0.00030029667333254437
Triple,GFE,260869,1.0,1.0,1.0,1.0,0.001,1.0,1.0,1.0,1.0,1.0,250,0.05,30000,BFGS,1e-08,0.0001,0.9,10,40,0.0,1000000,0.03,0.9,0.999,1e-12,0.0001,cosine,0.0,continuous,epsilon_force_factor,1.0,000000000000049382001b184479,000000000000080f5c41bca175fe30e1,000000000000080f2d7b5efbd5a31fd5,-0.0496489322685399,0.0603438133903949,3.307155120464556e-08,9.894782154094378e-09,1.1014633748299583e-06,0.0300251029315896,True,0,Optimization terminated successfully.,True,True,2777,2871,9.424814900005003,8.670000534038991e-05,0.0261399999872082,"{""method"": ""Regularized-FE"", ""components"": {""force_smoothing"": true, ""pressure_retention"": true, ""uniformity"": true}, ""alpha_force"": 3000.0, ""beta_pressure"": 5e-05, ""gamma_uniformity"": 1.0, ""curvature_weight_override"": [[1.0, 0.0, 0.0], [0.0, 1.0, 0.0], [0.0, 0.0, 10.0]], ""pressure_epsilon_rel"": 0.001, ""smooth_stage_factors"": [0.05, 0.01], ""smooth_stage_maxiters"": [250, 29750], ""smooth_scale_floor"": 1e-20, ""gtol"": 1e-08, ""report_gradient_tol"": 0.001, ""compensate_effective_gravity"": true, ""h_m"": 0.0005, ""initial_force_scale_n"": 1.2934929155139256e-06, ""initial_loss_std_scale_n_m"": 0.011266553940494833, ""epsilon_force_multiplier"": 1.0, ""epsilon_std_multiplier"": 1.0, ""smooth_scale_floor_activated"": false}","[{""stage"": 0, ""cap"": 250, ""force_epsilon"": 6.467464577569628e-08, ""uniformity_epsilon"": 0.0005633276970247417, ""iterations"": 250, ""evaluations"": 288, ""success"": false, ""status"": 1, ""message"": ""Maximum number of iterations has been exceeded."", ""terminal_value"": -0.024506645236742886, ""terminal_gradient_l2"": 0.01752334601898978, ""terminal_gradient_inf"": 0.004209316855187494}, {""stage"": 1, ""cap"": 29750, ""force_epsilon"": 1.2934929155139256e-08, ""uniformity_epsilon"": 0.00011266553940494834, ""iterations"": 2527, ""evaluations"": 2583, ""success"": true, ""status"": 0, ""message"": ""Optimization terminated successfully."", ""terminal_value"": -0.049648932268539954, ""terminal_gradient_l2"": 3.307155120464556e-08, ""terminal_gradient_inf"": 9.894782154094378e-09}]",reused,"original loss, reduced gauge, raw SI units",True,1.3345442864029888e-08,,,1.0,0.9999999999999994,000000000000049382001b184479,000000000000080f5c41bca175fe30e1,True,True,True,0.4579675383985165,0.0013121841697281,False,Co-scheduled sensitivity workers; use C7 serial timings for optimizer cost comparisons.,smoke,3.618937673684308e-06,3.618937673684308e-06,0.00029767889995903574
Triple,GFE,260869,1.0,1.0,1.0,1.0,0.001,10.0,1.0,1.0,1.0,1.0,250,0.05,30000,BFGS,1e-08,0.0001,0.9,10,40,0.0,1000000,0.03,0.9,0.999,1e-12,0.0001,cosine,0.0,continuous,epsilon_force_factor,10.0,00000000000004942a99b8ea519c,000000000000080f2f50cbdf5e2d0ff3,000000000000080f2d7b5efbd5a31fd5,-0.0497152093349422,0.0600133903721986,3.032654472970127e-08,8.565137219096366e-09,1.0101278424722984e-06,0.0300224817637703,True,0,Optimization terminated successfully.,True,True,2228,2325,9.161581100008334,0.0001105999981518,0.0211877999972784,"{""method"": ""Regularized-FE"", ""components"": {""force_smoothing"": true, ""pressure_retention"": true, ""uniformity"": true}, ""alpha_force"": 3000.0, ""beta_pressure"": 5e-05, ""gamma_uniformity"": 1.0, ""curvature_weight_override"": [[1.0, 0.0, 0.0], [0.0, 1.0, 0.0], [0.0, 0.0, 10.0]], ""pressure_epsilon_rel"": 0.001, ""smooth_stage_factors"": [0.05, 0.01], ""smooth_stage_maxiters"": [250, 29750], ""smooth_scale_floor"": 1e-20, ""gtol"": 1e-08, ""report_gradient_tol"": 0.001, ""compensate_effective_gravity"": true, ""h_m"": 0.0005, ""initial_force_scale_n"": 1.2934929155139256e-06, ""initial_loss_std_scale_n_m"": 0.011266553940494833, ""epsilon_force_multiplier"": 10.0, ""epsilon_std_multiplier"": 1.0, ""smooth_scale_floor_activated"": false}","[{""stage"": 0, ""cap"": 250, ""force_epsilon"": 6.467464577569628e-07, ""uniformity_epsilon"": 0.0005633276970247417, ""iterations"": 250, ""evaluations"": 297, ""success"": false, ""status"": 1, ""message"": ""Maximum number of iterations has been exceeded."", ""terminal_value"": -0.029063684513440435, ""terminal_gradient_l2"": 0.009209956490093188, ""terminal_gradient_inf"": 0.004507200801529051}, {""stage"": 1, ""cap"": 29750, ""force_epsilon"": 1.2934929155139256e-07, ""uniformity_epsilon"": 0.00011266553940494834, ""iterations"": 1978, ""evaluations"": 2028, ""success"": true, ""status"": 0, ""message"": ""Optimization terminated successfully."", ""terminal_value"": -0.04971520933494229, ""terminal_gradient_l2"": 3.032654472970127e-08, ""terminal_gradient_inf"": 8.565137219096366e-09}]",computed,"original loss, reduced gauge, raw SI units",True,1.2108564843439388e-07,,,0.999920309603632,0.9999557745539828,000000000000049382001b184479,000000000000080f5c41bca175fe30e1,True,True,True,0.4088275480836314,0.0012718004120296,False,Co-scheduled sensitivity workers; use C7 serial timings for optimizer cost comparisons.,smoke,3.3351886681174426e-05,3.735933133876952e-06,0.0002657379062543604
Triple,GFE,260869,1.0,1.0,1.0,1.0,0.001,3.0,1.0,1.0,1.0,1.0,250,0.05,30000,BFGS,1e-08,0.0001,0.9,10,40,0.0,1000000,0.03,0.9,0.999,1e-12,0.0001,cosine,0.0,continuous,epsilon_force_factor,3.0,00000000000004935d1fc9fd4a0b,000000000000080f7a8bdaf1683814b0,000000000000080f2d7b5efbd5a31fd5,-0.0496643026068815,0.0602677279661978,2.8423673168013318e-08,9.453816705513906e-09,9.466703627826848e-07,0.0300248896400046,True,0,Optimization terminated successfully.,True,True,2752,2868,9.552144000001135,0.000105999992229,0.0155034999916097,"{""method"": ""Regularized-FE"", ""components"": {""force_smoothing"": true, ""pressure_retention"": true, ""uniformity"": true}, ""alpha_force"": 3000.0, ""beta_pressure"": 5e-05, ""gamma_uniformity"": 1.0, ""curvature_weight_override"": [[1.0, 0.0, 0.0], [0.0, 1.0, 0.0], [0.0, 0.0, 10.0]], ""pressure_epsilon_rel"": 0.001, ""smooth_stage_factors"": [0.05, 0.01], ""smooth_stage_maxiters"": [250, 29750], ""smooth_scale_floor"": 1e-20, ""gtol"": 1e-08, ""report_gradient_tol"": 0.001, ""compensate_effective_gravity"": true, ""h_m"": 0.0005, ""initial_force_scale_n"": 1.2934929155139256e-06, ""initial_loss_std_scale_n_m"": 0.011266553940494833, ""epsilon_force_multiplier"": 3.0, ""epsilon_std_multiplier"": 1.0, ""smooth_scale_floor_activated"": false}","[{""stage"": 0, ""cap"": 250, ""force_epsilon"": 1.9402393732708884e-07, ""uniformity_epsilon"": 0.0005633276970247417, ""iterations"": 250, ""evaluations"": 289, ""success"": false, ""status"": 1, ""message"": ""Maximum number of iterations has been exceeded."", ""terminal_value"": -0.024722458185350505, ""terminal_gradient_l2"": 0.012633140925226168, ""terminal_gradient_inf"": 0.004299646859250976}, {""stage"": 1, ""cap"": 29750, ""force_epsilon"": 3.880478746541777e-08, ""uniformity_epsilon"": 0.00011266553940494834, ""iterations"": 2502, ""evaluations"": 2579, ""success"": true, ""status"": 0, ""message"": ""Optimization terminated successfully."", ""terminal_value"": -0.04966430260688154, ""terminal_gradient_l2"": 2.8423673168013315e-08, ""terminal_gradient_inf"": 9.453816705513906e-09}]",computed,"original loss, reduced gauge, raw SI units",True,3.908802478575172e-08,,,0.9999953551461248,0.9999974189883032,000000000000049382001b184479,000000000000080f5c41bca175fe30e1,True,True,True,0.4450319907870359,0.0012812166186164,False,Co-scheduled sensitivity workers; use C7 serial timings for optimizer cost comparisons.,smoke,1.032088320591706e-05,3.647205328067644e-06,0.00028927079401157334
Triple,GFE,260869,1.0,1.0,1.0,1.0,0.001,30.0,1.0,1.0,1.0,1.0,250,0.05,30000,BFGS,1e-08,0.0001,0.9,10,40,0.0,1000000,0.03,0.9,0.999,1e-12,0.0001,cosine,0.0,continuous,epsilon_force_factor,30.0,0000000000000494fa26b1cf5730,000000000000080f42d4186c2be60cb4,000000000000080f2d7b5efbd5a31fd5,-0.0498414603754599,0.0593862142921047,2.6797840229607e-08,9.661557829662292e-09,8.931821366445016e-07,0.0300026602975747,True,0,Optimization terminated successfully.,True,True,2298,2385,8.182348399976036,0.0001182999985758,0.0167289999953936,"{""method"": ""Regularized-FE"", ""components"": {""force_smoothing"": true, ""pressure_retention"": true, ""uniformity"": true}, ""alpha_force"": 3000.0, ""beta_pressure"": 5e-05, ""gamma_uniformity"": 1.0, ""curvature_weight_override"": [[1.0, 0.0, 0.0], [0.0, 1.0, 0.0], [0.0, 0.0, 10.0]], ""pressure_epsilon_rel"": 0.001, ""smooth_stage_factors"": [0.05, 0.01], ""smooth_stage_maxiters"": [250, 29750], ""smooth_scale_floor"": 1e-20, ""gtol"": 1e-08, ""report_gradient_tol"": 0.001, ""compensate_effective_gravity"": true, ""h_m"": 0.0005, ""initial_force_scale_n"": 1.2934929155139256e-06, ""initial_loss_std_scale_n_m"": 0.011266553940494833, ""epsilon_force_multiplier"": 30.0, ""epsilon_std_multiplier"": 1.0, ""smooth_scale_floor_activated"": false}","[{""stage"": 0, ""cap"": 250, ""force_epsilon"": 1.9402393732708884e-06, ""uniformity_epsilon"": 0.0005633276970247417, ""iterations"": 250, ""evaluations"": 289, ""success"": false, ""status"": 1, ""message"": ""Maximum number of iterations has been exceeded."", ""terminal_value"": -0.027726540223046263, ""terminal_gradient_l2"": 0.021197992329679418, ""terminal_gradient_inf"": 0.008380549382494978}, {""stage"": 1, ""cap"": 29750, ""force_epsilon"": 3.880478746541777e-07, ""uniformity_epsilon"": 0.00011266553940494834, ""iterations"": 2048, ""evaluations"": 2096, ""success"": true, ""status"": 0, ""message"": ""Optimization terminated successfully."", ""terminal_value"": -0.04984146037545993, ""terminal_gradient_l2"": 2.6797840229607e-08, ""terminal_gradient_inf"": 9.661557829662292e-09}]",computed,"original loss, reduced gauge, raw SI units",True,3.106279706078437e-07,,,0.999436794562936,0.999683481800566,000000000000049382001b184479,000000000000080f5c41bca175fe30e1,True,True,True,0.3217330036464741,0.0013199415138902,False,Co-scheduled sensitivity workers; use C7 serial timings for optimizer cost comparisons.,smoke,9.017449260940378e-05,3.935115058176692e-06,0.00020912645237020818
Triple,GFE,260869,1.0,1.0,1.0,1.0,0.0,1.0,1.0,1.0,1.0,1.0,250,0.05,30000,BFGS,1e-08,0.0001,0.9,10,40,0.0,1000000,0.03,0.9,0.999,1e-12,0.0001,cosine,0.0,continuous,epsilon_pressure_rel,0.0,0000000000000491c9e062cf1ee5,000000000000080fabae7c311b120bcb,000000000000080f2d7b5efbd5a31fd5,-0.0495812128483816,0.0603437839611218,0.0189532441415554,0.0059781401601661,0.6312468283143889,0.0300250920739927,False,1,Maximum number of iterations has been exceeded.,False,False,30000,31544,123.101857799993,0.0001015000016195,0.0211716000048909,"{""method"": ""Regularized-FE"", ""components"": {""force_smoothing"": true, ""pressure_retention"": true, ""uniformity"": true}, ""alpha_force"": 3000.0, ""beta_pressure"": 5e-05, ""gamma_uniformity"": 1.0, ""curvature_weight_override"": [[1.0, 0.0, 0.0], [0.0, 1.0, 0.0], [0.0, 0.0, 10.0]], ""pressure_epsilon_rel"": 0.0, ""smooth_stage_factors"": [0.05, 0.01], ""smooth_stage_maxiters"": [250, 29750], ""smooth_scale_floor"": 1e-20, ""gtol"": 1e-08, ""report_gradient_tol"": 0.001, ""compensate_effective_gravity"": true, ""h_m"": 0.0005, ""initial_force_scale_n"": 1.2934929155139256e-06, ""initial_loss_std_scale_n_m"": 0.011266549724412883, ""epsilon_force_multiplier"": 1.0, ""epsilon_std_multiplier"": 1.0, ""smooth_scale_floor_activated"": false}","[{""stage"": 0, ""cap"": 250, ""force_epsilon"": 6.467464577569628e-08, ""uniformity_epsilon"": 0.0005633274862206441, ""iterations"": 250, ""evaluations"": 304, ""success"": false, ""status"": 1, ""message"": ""Maximum number of iterations has been exceeded."", ""terminal_value"": -0.021886964528555035, ""terminal_gradient_l2"": 0.024069149824435337, ""terminal_gradient_inf"": 0.006803172492583016}, {""stage"": 1, ""cap"": 29750, ""force_epsilon"": 1.2934929155139256e-08, ""uniformity_epsilon"": 0.00011266549724412883, ""iterations"": 29750, ""evaluations"": 31240, ""success"": false, ""status"": 1, ""message"": ""Maximum number of iterations has been exceeded."", ""terminal_value"": -0.04958121284838162, ""terminal_gradient_l2"": 0.018953244141555407, ""terminal_gradient_inf"": 0.005978140160166149}]",computed,"original loss, reduced gauge, raw SI units",True,1.7721918447553173e-08,,,0.9937244877309878,0.9969444207574878,000000000000049382001b184479,000000000000080f5c41bca175fe30e1,True,True,True,0.4656154367828037,0.001271023500839,False,Co-scheduled sensitivity workers; use C7 serial timings for optimizer cost comparisons.,smoke,5.354238244879673e-06,6.885414385031664e-06,0.0003026500339088224
Triple,GFE,260869,1.0,1.0,1.0,1.0,0.0001,1.0,1.0,1.0,1.0,1.0,250,0.05,30000,BFGS,1e-08,0.0001,0.9,10,40,0.0,1000000,0.03,0.9,0.999,1e-12,0.0001,cosine,0.0,continuous,epsilon_pressure_rel,0.0001,0000000000000494c9e3d2845636,000000000000080f5b075a03d46f092e,000000000000080f2d7b5efbd5a31fd5,-0.0497270522817979,0.0603437842554147,8.654691303527871e-08,2.312710041532766e-08,2.8824861721998025e-06,0.0300250921825687,False,2,Desired error not necessarily achieved due to precision loss.,False,True,4724,4902,16.817421399988234,0.0001063999952748,0.0185555000061867,"{""method"": ""Regularized-FE"", ""components"": {""force_smoothing"": true, ""pressure_retention"": true, ""uniformity"": true}, ""alpha_force"": 3000.0, ""beta_pressure"": 5e-05, ""gamma_uniformity"": 1.0, ""curvature_weight_override"": [[1.0, 0.0, 0.0], [0.0, 1.0, 0.0], [0.0, 0.0, 10.0]], ""pressure_epsilon_rel"": 0.0001, ""smooth_stage_factors"": [0.05, 0.01], ""smooth_stage_maxiters"": [250, 29750], ""smooth_scale_floor"": 1e-20, ""gtol"": 1e-08, ""report_gradient_tol"": 0.001, ""compensate_effective_gravity"": true, ""h_m"": 0.0005, ""initial_force_scale_n"": 1.2934929155139256e-06, ""initial_loss_std_scale_n_m"": 0.011266549766573708, ""epsilon_force_multiplier"": 1.0, ""epsilon_std_multiplier"": 1.0, ""smooth_scale_floor_activated"": false}","[{""stage"": 0, ""cap"": 250, ""force_epsilon"": 6.467464577569628e-08, ""uniformity_epsilon"": 0.0005633274883286854, ""iterations"": 250, ""evaluations"": 304, ""success"": false, ""status"": 1, ""message"": ""Maximum number of iterations has been exceeded."", ""terminal_value"": -0.02379000310379529, ""terminal_gradient_l2"": 0.023586156239102967, ""terminal_gradient_inf"": 0.007811634052257554}, {""stage"": 1, ""cap"": 29750, ""force_epsilon"": 1.2934929155139256e-08, ""uniformity_epsilon"": 0.00011266549766573708, ""iterations"": 4474, ""evaluations"": 4598, ""success"": false, ""status"": 2, ""message"": ""Desired error not necessarily achieved due to precision loss."", ""terminal_value"": -0.04972705228179795, ""terminal_gradient_l2"": 8.654691303527871e-08, ""terminal_gradient_inf"": 2.312710041532766e-08}]",computed,"original loss, reduced gauge, raw SI units",True,1.3364144851555992e-08,,,0.9999999227598492,0.999999984321577,000000000000049382001b184479,000000000000080f5c41bca175fe30e1,True,True,True,0.4579223729356109,0.0013122945959934,False,Co-scheduled sensitivity workers; use C7 serial timings for optimizer cost comparisons.,smoke,1.912244475935952e-06,3.621612392286289e-06,0.0002976495424081471
Triple,GFE,260869,1.0,1.0,1.0,1.0,0.0003,1.0,1.0,1.0,1.0,1.0,250,0.05,30000,BFGS,1e-08,0.0001,0.9,10,40,0.0,1000000,0.03,0.9,0.999,1e-12,0.0001,cosine,0.0,continuous,epsilon_pressure_rel,0.0003,0000000000000494dbf4d37c5b8a,000000000000080f60fa35bf306e1066,000000000000080f2d7b5efbd5a31fd5,-0.0497096921230132,0.0603437866097571,3.1339110285058545e-08,9.89548224652727e-09,1.0437639687458176e-06,0.0300250930511765,True,0,Optimization terminated successfully.,True,True,3349,3471,14.095321700006023,0.0001011999993352,0.0169210000021848,"{""method"": ""Regularized-FE"", ""components"": {""force_smoothing"": true, ""pressure_retention"": true, ""uniformity"": true}, ""alpha_force"": 3000.0, ""beta_pressure"": 5e-05, ""gamma_uniformity"": 1.0, ""curvature_weight_override"": [[1.0, 0.0, 0.0], [0.0, 1.0, 0.0], [0.0, 0.0, 10.0]], ""pressure_epsilon_rel"": 0.0003, ""smooth_stage_factors"": [0.05, 0.01], ""smooth_stage_maxiters"": [250, 29750], ""smooth_scale_floor"": 1e-20, ""gtol"": 1e-08, ""report_gradient_tol"": 0.001, ""compensate_effective_gravity"": true, ""h_m"": 0.0005, ""initial_force_scale_n"": 1.2934929155139256e-06, ""initial_loss_std_scale_n_m"": 0.011266550103860297, ""epsilon_force_multiplier"": 1.0, ""epsilon_std_multiplier"": 1.0, ""smooth_scale_floor_activated"": false}","[{""stage"": 0, ""cap"": 250, ""force_epsilon"": 6.467464577569628e-08, ""uniformity_epsilon"": 0.0005633275051930149, ""iterations"": 250, ""evaluations"": 301, ""success"": false, ""status"": 1, ""message"": ""Maximum number of iterations has been exceeded."", ""terminal_value"": -0.02561171025665219, ""terminal_gradient_l2"": 0.02081737034867981, ""terminal_gradient_inf"": 0.006666355619727857}, {""stage"": 1, ""cap"": 29750, ""force_epsilon"": 1.2934929155139256e-08, ""uniformity_epsilon"": 0.00011266550103860297, ""iterations"": 3099, ""evaluations"": 3170, ""success"": true, ""status"": 0, ""message"": ""Optimization terminated successfully."", ""terminal_value"": -0.04970969212301329, ""terminal_gradient_l2"": 3.1339110285058545e-08, ""terminal_gradient_inf"": 9.89548224652727e-09}]",computed,"original loss, reduced gauge, raw SI units",True,1.3360242705131797e-08,,,0.9999999520635672,0.9999999897584156,000000000000049382001b184479,000000000000080f5c41bca175fe30e1,True,True,True,0.4579329853878328,0.0013122685661089,False,Co-scheduled sensitivity workers; use C7 serial timings for optimizer cost comparisons.,smoke,2.306993275424276e-06,3.620728766392415e-06,0.0002976564405020913
Triple,GFE,260869,1.0,1.0,1.0,1.0,0.001,1.0,1.0,1.0,1.0,1.0,250,0.05,30000,BFGS,1e-08,0.0001,0.9,10,40,0.0,1000000,0.03,0.9,0.999,1e-12,0.0001,cosine,0.0,continuous,epsilon_pressure_rel,0.001,000000000000049382001b184479,000000000000080f5c41bca175fe30e1,000000000000080f2d7b5efbd5a31fd5,-0.0496489322685399,0.0603438133903949,3.307155120464556e-08,9.894782154094378e-09,1.1014633748299583e-06,0.0300251029315896,True,0,Optimization terminated successfully.,True,True,2777,2871,9.424814900005003,8.670000534038991e-05,0.0261399999872082,"{""method"": ""Regularized-FE"", ""components"": {""force_smoothing"": true, ""pressure_retention"": true, ""uniformity"": true}, ""alpha_force"": 3000.0, ""beta_pressure"": 5e-05, ""gamma_uniformity"": 1.0, ""curvature_weight_override"": [[1.0, 0.0, 0.0], [0.0, 1.0, 0.0], [0.0, 0.0, 10.0]], ""pressure_epsilon_rel"": 0.001, ""smooth_stage_factors"": [0.05, 0.01], ""smooth_stage_maxiters"": [250, 29750], ""smooth_scale_floor"": 1e-20, ""gtol"": 1e-08, ""report_gradient_tol"": 0.001, ""compensate_effective_gravity"": true, ""h_m"": 0.0005, ""initial_force_scale_n"": 1.2934929155139256e-06, ""initial_loss_std_scale_n_m"": 0.011266553940494833, ""epsilon_force_multiplier"": 1.0, ""epsilon_std_multiplier"": 1.0, ""smooth_scale_floor_activated"": false}","[{""stage"": 0, ""cap"": 250, ""force_epsilon"": 6.467464577569628e-08, ""uniformity_epsilon"": 0.0005633276970247417, ""iterations"": 250, ""evaluations"": 288, ""success"": false, ""status"": 1, ""message"": ""Maximum number of iterations has been exceeded."", ""terminal_value"": -0.024506645236742886, ""terminal_gradient_l2"": 0.01752334601898978, ""terminal_gradient_inf"": 0.004209316855187494}, {""stage"": 1, ""cap"": 29750, ""force_epsilon"": 1.2934929155139256e-08, ""uniformity_epsilon"": 0.00011266553940494834, ""iterations"": 2527, ""evaluations"": 2583, ""success"": true, ""status"": 0, ""message"": ""Optimization terminated successfully."", ""terminal_value"": -0.049648932268539954, ""terminal_gradient_l2"": 3.307155120464556e-08, ""terminal_gradient_inf"": 9.894782154094378e-09}]",reused,"original loss, reduced gauge, raw SI units",True,1.3345442864029888e-08,,,1.0,0.9999999999999994,000000000000049382001b184479,000000000000080f5c41bca175fe30e1,True,True,True,0.4579675383985165,0.0013121841697281,False,Co-scheduled sensitivity workers; use C7 serial timings for optimizer cost comparisons.,smoke,3.618937673684308e-06,3.618937673684308e-06,0.00029767889995903574
Triple,GFE,260869,1.0,1.0,1.0,1.0,0.003,1.0,1.0,1.0,1.0,1.0,250,0.05,30000,BFGS,1e-08,0.0001,0.9,10,40,0.0,1000000,0.03,0.9,0.999,1e-12,0.0001,cosine,0.0,continuous,epsilon_pressure_rel,0.003,000000000000049390171ae049cd,000000000000080f53d9c641e352184c,000000000000080f2d7b5efbd5a31fd5,-0.0494753388392374,0.0603440488240245,4.135060961714223e-08,9.37115164414688e-09,1.3771972767955628e-06,0.0300251897922395,True,0,Optimization terminated successfully.,True,True,2166,2277,8.965166800000588,0.000111499990453,0.0161328999965917,"{""method"": ""Regularized-FE"", ""components"": {""force_smoothing"": true, ""pressure_retention"": true, ""uniformity"": true}, ""alpha_force"": 3000.0, ""beta_pressure"": 5e-05, ""gamma_uniformity"": 1.0, ""curvature_weight_override"": [[1.0, 0.0, 0.0], [0.0, 1.0, 0.0], [0.0, 0.0, 10.0]], ""pressure_epsilon_rel"": 0.003, ""smooth_stage_factors"": [0.05, 0.01], ""smooth_stage_maxiters"": [250, 29750], ""smooth_scale_floor"": 1e-20, ""gtol"": 1e-08, ""report_gradient_tol"": 0.001, ""compensate_effective_gravity"": true, ""h_m"": 0.0005, ""initial_force_scale_n"": 1.2934929155139256e-06, ""initial_loss_std_scale_n_m"": 0.011266587669112, ""epsilon_force_multiplier"": 1.0, ""epsilon_std_multiplier"": 1.0, ""smooth_scale_floor_activated"": false}","[{""stage"": 0, ""cap"": 250, ""force_epsilon"": 6.467464577569628e-08, ""uniformity_epsilon"": 0.0005633293834556001, ""iterations"": 250, ""evaluations"": 286, ""success"": false, ""status"": 1, ""message"": ""Maximum number of iterations has been exceeded."", ""terminal_value"": -0.026959361699489384, ""terminal_gradient_l2"": 0.01172055987443161, ""terminal_gradient_inf"": 0.0031477292832672726}, {""stage"": 1, ""cap"": 29750, ""force_epsilon"": 1.2934929155139256e-08, ""uniformity_epsilon"": 0.00011266587669112, ""iterations"": 1916, ""evaluations"": 1991, ""success"": true, ""status"": 0, ""message"": ""Optimization terminated successfully."", ""terminal_value"": -0.04947533883923742, ""terminal_gradient_l2"": 4.135060961714223e-08, ""terminal_gradient_inf"": 9.371151644146881e-09}]",computed,"original loss, reduced gauge, raw SI units",True,1.3303727044800651e-08,,,0.9999995743212412,0.9999999058830208,000000000000049382001b184479,000000000000080f5c41bca175fe30e1,True,True,True,0.4580660904400733,0.0013120144554922,False,Co-scheduled sensitivity workers; use C7 serial timings for optimizer cost comparisons.,smoke,6.640793515525936e-06,3.6138652936626902e-06,0.0002977429587860476
Triple,GFE,260869,1.0,1.0,1.0,1.0,0.01,1.0,1.0,1.0,1.0,1.0,250,0.05,30000,BFGS,1e-08,0.0001,0.9,10,40,0.0,1000000,0.03,0.9,0.999,1e-12,0.0001,cosine,0.0,continuous,epsilon_pressure_rel,0.01,0000000000000492651dc03d32ec,000000000000080f8a530fbf0de91c1a,000000000000080f2d7b5efbd5a31fd5,-0.0488678348683755,0.0603467268121741,3.5347489780092654e-08,8.131876865729489e-09,1.1772224222522747e-06,0.0300261778164787,True,0,Optimization terminated successfully.,True,True,2033,2113,8.074315299993032,0.000185800003237,0.0177590999956009,"{""method"": ""Regularized-FE"", ""components"": {""force_smoothing"": true, ""pressure_retention"": true, ""uniformity"": true}, ""alpha_force"": 3000.0, ""beta_pressure"": 5e-05, ""gamma_uniformity"": 1.0, ""curvature_weight_override"": [[1.0, 0.0, 0.0], [0.0, 1.0, 0.0], [0.0, 0.0, 10.0]], ""pressure_epsilon_rel"": 0.01, ""smooth_stage_factors"": [0.05, 0.01], ""smooth_stage_maxiters"": [250, 29750], ""smooth_scale_floor"": 1e-20, ""gtol"": 1e-08, ""report_gradient_tol"": 0.001, ""compensate_effective_gravity"": true, ""h_m"": 0.0005, ""initial_force_scale_n"": 1.2934929155139256e-06, ""initial_loss_std_scale_n_m"": 0.011266971327316983, ""epsilon_force_multiplier"": 1.0, ""epsilon_std_multiplier"": 1.0, ""smooth_scale_floor_activated"": false}","[{""stage"": 0, ""cap"": 250, ""force_epsilon"": 6.467464577569628e-08, ""uniformity_epsilon"": 0.0005633485663658492, ""iterations"": 250, ""evaluations"": 278, ""success"": false, ""status"": 1, ""message"": ""Maximum number of iterations has been exceeded."", ""terminal_value"": -0.0254482376750197, ""terminal_gradient_l2"": 0.01572683740774655, ""terminal_gradient_inf"": 0.005179555056241681}, {""stage"": 1, ""cap"": 29750, ""force_epsilon"": 1.2934929155139256e-08, ""uniformity_epsilon"": 0.00011266971327316983, ""iterations"": 1783, ""evaluations"": 1835, ""success"": true, ""status"": 0, ""message"": ""Optimization terminated successfully."", ""terminal_value"": -0.04886783486837551, ""terminal_gradient_l2"": 3.5347489780092654e-08, ""terminal_gradient_inf"": 8.131876865729489e-09}]",computed,"original loss, reduced gauge, raw SI units",True,1.3159251754553554e-08,,,0.9999913011019876,0.9999981322849788,000000000000049382001b184479,000000000000080f5c41bca175fe30e1,True,True,True,0.4584090899768704,0.001310805868243,False,Co-scheduled sensitivity workers; use C7 serial timings for optimizer cost comparisons.,smoke,1.0786530510824896e-05,3.596064436997393e-06,0.0002979659084849658
Triple,GFE,260869,1.0,1.0,1.0,1.0,0.03,1.0,1.0,1.0,1.0,1.0,250,0.05,30000,BFGS,1e-08,0.0001,0.9,10,40,0.0,1000000,0.03,0.9,0.999,1e-12,0.0001,cosine,0.0,continuous,epsilon_pressure_rel,0.03,0000000000000492770ac1c53840,000000000000080fac857f4a31fe0f59,000000000000080f2d7b5efbd5a31fd5,-0.0471327645732181,0.0603702640777155,4.2132737848390373e-08,9.901391292044433e-09,1.4027944306624838e-06,0.0300348625054725,True,0,Optimization terminated successfully.,True,True,1817,1893,7.402303599999868,0.0001561999961268,0.0148380000027827,"{""method"": ""Regularized-FE"", ""components"": {""force_smoothing"": true, ""pressure_retention"": true, ""uniformity"": true}, ""alpha_force"": 3000.0, ""beta_pressure"": 5e-05, ""gamma_uniformity"": 1.0, ""curvature_weight_override"": [[1.0, 0.0, 0.0], [0.0, 1.0, 0.0], [0.0, 0.0, 10.0]], ""pressure_epsilon_rel"": 0.03, ""smooth_stage_factors"": [0.05, 0.01], ""smooth_stage_maxiters"": [250, 29750], ""smooth_scale_floor"": 1e-20, ""gtol"": 1e-08, ""report_gradient_tol"": 0.001, ""compensate_effective_gravity"": true, ""h_m"": 0.0005, ""initial_force_scale_n"": 1.2934929155139256e-06, ""initial_loss_std_scale_n_m"": 0.011270343765652611, ""epsilon_force_multiplier"": 1.0, ""epsilon_std_multiplier"": 1.0, ""smooth_scale_floor_activated"": false}","[{""stage"": 0, ""cap"": 250, ""force_epsilon"": 6.467464577569628e-08, ""uniformity_epsilon"": 0.0005635171882826306, ""iterations"": 250, ""evaluations"": 278, ""success"": false, ""status"": 1, ""message"": ""Maximum number of iterations has been exceeded."", ""terminal_value"": -0.022182798204862565, ""terminal_gradient_l2"": 0.0030341526900161163, ""terminal_gradient_inf"": 0.0009581856704341259}, {""stage"": 1, ""cap"": 29750, ""force_epsilon"": 1.2934929155139256e-08, ""uniformity_epsilon"": 0.00011270343765652611, ""iterations"": 1567, ""evaluations"": 1615, ""success"": true, ""status"": 0, ""message"": ""Optimization terminated successfully."", ""terminal_value"": -0.047132764573218175, ""terminal_gradient_l2"": 4.213273784839037e-08, ""terminal_gradient_inf"": 9.901391292044433e-09}]",computed,"original loss, reduced gauge, raw SI units",True,1.2757798937954246e-08,,,0.9999040936318936,0.999979446648586,000000000000049382001b184479,000000000000080f5c41bca175fe30e1,True,True,True,0.4592558414189097,0.0013080843933294,False,Co-scheduled sensitivity workers; use C7 serial timings for optimizer cost comparisons.,smoke,1.1635227600217164e-05,3.5449771414165203e-06,0.0002985162969222913
Triple,GFE,260869,1.0,1.0,1.0,1.0,1e-05,1.0,1.0,1.0,1.0,1.0,250,0.05,30000,BFGS,1e-08,0.0001,0.9,10,40,0.0,1000000,0.03,0.9,0.999,1e-12,0.0001,cosine,0.0,continuous,epsilon_pressure_rel,1e-05,00000000000004931fe2c3abdcf6,000000000000080f931973996a1d0281,000000000000080f2d7b5efbd5a31fd5,-0.0497348643864477,0.0603437839640648,1.20491294982272e-07,5.4997821345281056e-08,4.013019999438488e-06,0.0300250920750784,False,2,Desired error not necessarily achieved due to precision loss.,False,True,9644,9968,39.21686650000629,0.0001050000137183,0.0165303999965544,"{""method"": ""Regularized-FE"", ""components"": {""force_smoothing"": true, ""pressure_retention"": true, ""uniformity"": true}, ""alpha_force"": 3000.0, ""beta_pressure"": 5e-05, ""gamma_uniformity"": 1.0, ""curvature_weight_override"": [[1.0, 0.0, 0.0], [0.0, 1.0, 0.0], [0.0, 0.0, 10.0]], ""pressure_epsilon_rel"": 1e-05, ""smooth_stage_factors"": [0.05, 0.01], ""smooth_stage_maxiters"": [250, 29750], ""smooth_scale_floor"": 1e-20, ""gtol"": 1e-08, ""report_gradient_tol"": 0.001, ""compensate_effective_gravity"": true, ""h_m"": 0.0005, ""initial_force_scale_n"": 1.2934929155139256e-06, ""initial_loss_std_scale_n_m"": 0.011266549724834492, ""epsilon_force_multiplier"": 1.0, ""epsilon_std_multiplier"": 1.0, ""smooth_scale_floor_activated"": false}","[{""stage"": 0, ""cap"": 250, ""force_epsilon"": 6.467464577569628e-08, ""uniformity_epsilon"": 0.0005633274862417246, ""iterations"": 250, ""evaluations"": 308, ""success"": false, ""status"": 1, ""message"": ""Maximum number of iterations has been exceeded."", ""terminal_value"": -0.024510638955433272, ""terminal_gradient_l2"": 0.021655041952732285, ""terminal_gradient_inf"": 0.007595885709560504}, {""stage"": 1, ""cap"": 29750, ""force_epsilon"": 1.2934929155139256e-08, ""uniformity_epsilon"": 0.00011266549724834492, ""iterations"": 9394, ""evaluations"": 9660, ""success"": false, ""status"": 2, ""message"": ""Desired error not necessarily achieved due to precision loss."", ""terminal_value"": -0.049734864386447725, ""terminal_gradient_l2"": 1.20491294982272e-07, ""terminal_gradient_inf"": 5.4997821345281056e-08}]",computed,"original loss, reduced gauge, raw SI units",True,1.3366605848577948e-08,,,0.9999998968484328,0.9999999781397348,000000000000049382001b184479,000000000000080f5c41bca175fe30e1,True,True,True,0.4579200754471914,0.0013123060159186,False,Co-scheduled sensitivity workers; use C7 serial timings for optimizer cost comparisons.,smoke,1.732649147925465e-06,3.6217278501343255e-06,0.0002976480490406744
Triple,GFE,260869,1.0,1.0,1.0,1.0,3e-05,1.0,1.0,1.0,1.0,1.0,250,0.05,30000,BFGS,1e-08,0.0001,0.9,10,40,0.0,1000000,0.03,0.9,0.999,1e-12,0.0001,cosine,0.0,continuous,epsilon_pressure_rel,3e-05,0000000000000493abc8620ae252,000000000000080f2a18212227251420,000000000000080f2d7b5efbd5a31fd5,-0.0497331283625056,0.0603437839876082,6.332780250637897e-08,2.0598919468649203e-08,2.109162640690856e-06,0.0300250920837645,False,2,Desired error not necessarily achieved due to precision loss.,False,True,6979,7228,27.68306309999025,0.0001551999885123,0.020172199991066,"{""method"": ""Regularized-FE"", ""components"": {""force_smoothing"": true, ""pressure_retention"": true, ""uniformity"": true}, ""alpha_force"": 3000.0, ""beta_pressure"": 5e-05, ""gamma_uniformity"": 1.0, ""curvature_weight_override"": [[1.0, 0.0, 0.0], [0.0, 1.0, 0.0], [0.0, 0.0, 10.0]], ""pressure_epsilon_rel"": 3e-05, ""smooth_stage_factors"": [0.05, 0.01], ""smooth_stage_maxiters"": [250, 29750], ""smooth_scale_floor"": 1e-20, ""gtol"": 1e-08, ""report_gradient_tol"": 0.001, ""compensate_effective_gravity"": true, ""h_m"": 0.0005, ""initial_force_scale_n"": 1.2934929155139256e-06, ""initial_loss_std_scale_n_m"": 0.01126654972820735, ""epsilon_force_multiplier"": 1.0, ""epsilon_std_multiplier"": 1.0, ""smooth_scale_floor_activated"": false}","[{""stage"": 0, ""cap"": 250, ""force_epsilon"": 6.467464577569628e-08, ""uniformity_epsilon"": 0.0005633274864103675, ""iterations"": 250, ""evaluations"": 317, ""success"": false, ""status"": 1, ""message"": ""Maximum number of iterations has been exceeded."", ""terminal_value"": -0.02372486354130808, ""terminal_gradient_l2"": 0.01961154022582836, ""terminal_gradient_inf"": 0.004473515002192778}, {""stage"": 1, ""cap"": 29750, ""force_epsilon"": 1.2934929155139256e-08, ""uniformity_epsilon"": 0.00011266549728207349, ""iterations"": 6729, ""evaluations"": 6911, ""success"": false, ""status"": 2, ""message"": ""Desired error not necessarily achieved due to precision loss."", ""terminal_value"": -0.04973312836250562, ""terminal_gradient_l2"": 6.332780250637897e-08, ""terminal_gradient_inf"": 2.0598919468649203e-08}]",computed,"original loss, reduced gauge, raw SI units",True,1.3366399873376225e-08,,,0.9999999069105916,0.9999999799490028,000000000000049382001b184479,000000000000080f5c41bca175fe30e1,True,True,True,0.4579218553790435,0.0013123057782942,False,Co-scheduled sensitivity workers; use C7 serial timings for optimizer cost comparisons.,smoke,1.7723798718926646e-06,3.621499410166383e-06,0.00029764920599637825
Triple,GFE,260869,1.0,1.0,1.0,1.0,0.001,1.0,0.0,1.0,1.0,1.0,250,0.05,30000,BFGS,1e-08,0.0001,0.9,10,40,0.0,1000000,0.03,0.9,0.999,1e-12,0.0001,cosine,0.0,continuous,epsilon_std_factor,0.0,0000000000000493525b651f41e6,000000000000080f1119e52b93c8152b,000000000000080f2d7b5efbd5a31fd5,-0.0496254186502607,0.0604559156161493,0.0052409377109284,0.0014167008016976,0.1745472665738718,0.0300258939243276,False,1,Maximum number of iterations has been exceeded.,False,False,30000,33001,110.2898862999864,9.620000491850078e-05,0.0159536999999545,"{""method"": ""Regularized-FE"", ""components"": {""force_smoothing"": true, ""pressure_retention"": true, ""uniformity"": true}, ""alpha_force"": 3000.0, ""beta_pressure"": 5e-05, ""gamma_uniformity"": 1.0, ""curvature_weight_override"": [[1.0, 0.0, 0.0], [0.0, 1.0, 0.0], [0.0, 0.0, 10.0]], ""pressure_epsilon_rel"": 0.001, ""smooth_stage_factors"": [0.05, 0.01], ""smooth_stage_maxiters"": [250, 29750], ""smooth_scale_floor"": 1e-20, ""gtol"": 1e-08, ""report_gradient_tol"": 0.001, ""compensate_effective_gravity"": true, ""h_m"": 0.0005, ""initial_force_scale_n"": 1.2934929155139256e-06, ""initial_loss_std_scale_n_m"": 0.011266553940494833, ""epsilon_force_multiplier"": 1.0, ""epsilon_std_multiplier"": 0.0, ""smooth_scale_floor_activated"": false}","[{""stage"": 0, ""cap"": 250, ""force_epsilon"": 6.467464577569628e-08, ""uniformity_epsilon"": 0.0, ""iterations"": 250, ""evaluations"": 335, ""success"": false, ""status"": 1, ""message"": ""Maximum number of iterations has been exceeded."", ""terminal_value"": -0.022771759668743063, ""terminal_gradient_l2"": 0.021893846289034808, ""terminal_gradient_inf"": 0.007033430827779844}, {""stage"": 1, ""cap"": 29750, ""force_epsilon"": 1.2934929155139256e-08, ""uniformity_epsilon"": 0.0, ""iterations"": 29750, ""evaluations"": 32666, ""success"": false, ""status"": 1, ""message"": ""Maximum number of iterations has been exceeded."", ""terminal_value"": -0.049625418650260766, ""terminal_gradient_l2"": 0.005240937710928418, ""terminal_gradient_inf"": 0.0014167008016976314}]",computed,"original loss, reduced gauge, raw SI units",True,1.3976047538306594e-08,,,0.9988949799310276,0.9996880638607898,000000000000049382001b184479,000000000000080f5c41bca175fe30e1,True,True,True,0.4672147540822009,0.0013131605133601,False,Co-scheduled sensitivity workers; use C7 serial timings for optimizer cost comparisons.,smoke,5.203108843086556e-10,5.203108843086556e-10,0.00030368959015343057
Triple,GFE,260869,1.0,1.0,1.0,1.0,0.001,1.0,0.01,1.0,1.0,1.0,250,0.05,30000,BFGS,1e-08,0.0001,0.9,10,40,0.0,1000000,0.03,0.9,0.999,1e-12,0.0001,cosine,0.0,continuous,epsilon_std_factor,0.01,0000000000000494d85299335a3f,000000000000080fd079e07d77d41913,000000000000080f2d7b5efbd5a31fd5,-0.0496488746993757,0.060454789017088,5.439812835243129e-08,1.9749377511129186e-08,1.81170720954535e-06,0.0300258938452215,False,2,Desired error not necessarily achieved due to precision loss.,False,True,5860,6188,20.995793099995357,0.0001104000111809,0.0229315000033238,"{""method"": ""Regularized-FE"", ""components"": {""force_smoothing"": true, ""pressure_retention"": true, ""uniformity"": true}, ""alpha_force"": 3000.0, ""beta_pressure"": 5e-05, ""gamma_uniformity"": 1.0, ""curvature_weight_override"": [[1.0, 0.0, 0.0], [0.0, 1.0, 0.0], [0.0, 0.0, 10.0]], ""pressure_epsilon_rel"": 0.001, ""smooth_stage_factors"": [0.05, 0.01], ""smooth_stage_maxiters"": [250, 29750], ""smooth_scale_floor"": 1e-20, ""gtol"": 1e-08, ""report_gradient_tol"": 0.001, ""compensate_effective_gravity"": true, ""h_m"": 0.0005, ""initial_force_scale_n"": 1.2934929155139256e-06, ""initial_loss_std_scale_n_m"": 0.011266553940494833, ""epsilon_force_multiplier"": 1.0, ""epsilon_std_multiplier"": 0.01, ""smooth_scale_floor_activated"": false}","[{""stage"": 0, ""cap"": 250, ""force_epsilon"": 6.467464577569628e-08, ""uniformity_epsilon"": 5.6332769702474175e-06, ""iterations"": 250, ""evaluations"": 330, ""success"": false, ""status"": 1, ""message"": ""Maximum number of iterations has been exceeded."", ""terminal_value"": -0.023665281841690637, ""terminal_gradient_l2"": 0.03689941089797733, ""terminal_gradient_inf"": 0.009701791115964909}, {""stage"": 1, ""cap"": 29750, ""force_epsilon"": 1.2934929155139256e-08, ""uniformity_epsilon"": 1.1266553940494834e-06, ""iterations"": 5610, ""evaluations"": 5858, ""success"": false, ""status"": 2, ""message"": ""Desired error not necessarily achieved due to precision loss."", ""terminal_value"": -0.04964887469937573, ""terminal_gradient_l2"": 5.439812835243128e-08, ""terminal_gradient_inf"": 1.9749377511129186e-08}]",computed,"original loss, reduced gauge, raw SI units",True,1.3343996567966613e-08,,,0.9999999975936934,0.9999999984017934,000000000000049382001b184479,000000000000080f5c41bca175fe30e1,True,True,True,0.4579473404430574,0.0013123063021516,False,Co-scheduled sensitivity workers; use C7 serial timings for optimizer cost comparisons.,smoke,3.623652598037168e-08,3.623652598037168e-08,0.0002976657712879873
Triple,GFE,260869,1.0,1.0,1.0,1.0,0.001,1.0,0.03,1.0,1.0,1.0,250,0.05,30000,BFGS,1e-08,0.0001,0.9,10,40,0.0,1000000,0.03,0.9,0.999,1e-12,0.0001,cosine,0.0,continuous,epsilon_std_factor,0.03,0000000000000494d5f2c3735f61,000000000000080f23ae89283f780da2,000000000000080f2d7b5efbd5a31fd5,-0.0496488758652549,0.0604525361569621,2.7565161142144494e-08,9.247957247371796e-09,9.180463324496706e-07,0.030025893212373,True,0,Optimization terminated successfully.,True,True,4713,4912,16.958384400000796,0.0001008000108413,0.0178613999887602,"{""method"": ""Regularized-FE"", ""components"": {""force_smoothing"": true, ""pressure_retention"": true, ""uniformity"": true}, ""alpha_force"": 3000.0, ""beta_pressure"": 5e-05, ""gamma_uniformity"": 1.0, ""curvature_weight_override"": [[1.0, 0.0, 0.0], [0.0, 1.0, 0.0], [0.0, 0.0, 10.0]], ""pressure_epsilon_rel"": 0.001, ""smooth_stage_factors"": [0.05, 0.01], ""smooth_stage_maxiters"": [250, 29750], ""smooth_scale_floor"": 1e-20, ""gtol"": 1e-08, ""report_gradient_tol"": 0.001, ""compensate_effective_gravity"": true, ""h_m"": 0.0005, ""initial_force_scale_n"": 1.2934929155139256e-06, ""initial_loss_std_scale_n_m"": 0.011266553940494833, ""epsilon_force_multiplier"": 1.0, ""epsilon_std_multiplier"": 0.03, ""smooth_scale_floor_activated"": false}","[{""stage"": 0, ""cap"": 250, ""force_epsilon"": 6.467464577569628e-08, ""uniformity_epsilon"": 1.689983091074225e-05, ""iterations"": 250, ""evaluations"": 308, ""success"": false, ""status"": 1, ""message"": ""Maximum number of iterations has been exceeded."", ""terminal_value"": -0.018232451171369943, ""terminal_gradient_l2"": 0.025050070910888653, ""terminal_gradient_inf"": 0.008355899613905666}, {""stage"": 1, ""cap"": 29750, ""force_epsilon"": 1.2934929155139256e-08, ""uniformity_epsilon"": 3.37996618214845e-06, ""iterations"": 4463, ""evaluations"": 4604, ""success"": true, ""status"": 0, ""message"": ""Optimization terminated successfully."", ""terminal_value"": -0.04964887586525493, ""terminal_gradient_l2"": 2.7565161142144494e-08, ""terminal_gradient_inf"": 9.247957247371797e-09}]",computed,"original loss, reduced gauge, raw SI units",True,1.3344218979355702e-08,,,0.9999999977776668,0.9999999985178716,000000000000049382001b184479,000000000000080f5c41bca175fe30e1,True,True,True,0.4579480176236953,0.0013123027568447,False,Co-scheduled sensitivity workers; use C7 serial timings for optimizer cost comparisons.,smoke,1.086924986802114e-07,1.086924986802114e-07,0.00029766621145540194
Triple,GFE,260869,1.0,1.0,1.0,1.0,0.001,1.0,0.1,1.0,1.0,1.0,250,0.05,30000,BFGS,1e-08,0.0001,0.9,10,40,0.0,1000000,0.03,0.9,0.999,1e-12,0.0001,cosine,0.0,continuous,epsilon_std_factor,0.1,0000000000000493548b483f4477,000000000000080f6faa4802ba3c1f65,000000000000080f2d7b5efbd5a31fd5,-0.0496488799383397,0.0604446546954847,4.603090708064792e-08,1.4806100455180204e-08,1.5330407588839947e-06,0.0300258860137267,False,2,Desired error not necessarily achieved due to precision loss.,False,True,3535,3720,13.136695599998347,9.90999978967011e-05,0.014373500001966,"{""method"": ""Regularized-FE"", ""components"": {""force_smoothing"": true, ""pressure_retention"": true, ""uniformity"": true}, ""alpha_force"": 3000.0, ""beta_pressure"": 5e-05, ""gamma_uniformity"": 1.0, ""curvature_weight_override"": [[1.0, 0.0, 0.0], [0.0, 1.0, 0.0], [0.0, 0.0, 10.0]], ""pressure_epsilon_rel"": 0.001, ""smooth_stage_factors"": [0.05, 0.01], ""smooth_stage_maxiters"": [250, 29750], ""smooth_scale_floor"": 1e-20, ""gtol"": 1e-08, ""report_gradient_tol"": 0.001, ""compensate_effective_gravity"": true, ""h_m"": 0.0005, ""initial_force_scale_n"": 1.2934929155139256e-06, ""initial_loss_std_scale_n_m"": 0.011266553940494833, ""epsilon_force_multiplier"": 1.0, ""epsilon_std_multiplier"": 0.1, ""smooth_scale_floor_activated"": false}","[{""stage"": 0, ""cap"": 250, ""force_epsilon"": 6.467464577569628e-08, ""uniformity_epsilon"": 5.633276970247418e-05, ""iterations"": 250, ""evaluations"": 301, ""success"": false, ""status"": 1, ""message"": ""Maximum number of iterations has been exceeded."", ""terminal_value"": -0.02254616059978307, ""terminal_gradient_l2"": 0.019807650764232087, ""terminal_gradient_inf"": 0.007032792499748449}, {""stage"": 1, ""cap"": 29750, ""force_epsilon"": 1.2934929155139256e-08, ""uniformity_epsilon"": 1.1266553940494835e-05, ""iterations"": 3285, ""evaluations"": 3419, ""success"": false, ""status"": 2, ""message"": ""Desired error not necessarily achieved due to precision loss."", ""terminal_value"": -0.049648879938339704, ""terminal_gradient_l2"": 4.6030907080647917e-08, ""terminal_gradient_inf"": 1.4806100455180205e-08}]",computed,"original loss, reduced gauge, raw SI units",True,1.3344214020979869e-08,,,0.9999999979033302,0.9999999986177772,000000000000049382001b184479,000000000000080f5c41bca175fe30e1,True,True,True,0.4579499243082229,0.0013122953202289,False,Co-scheduled sensitivity workers; use C7 serial timings for optimizer cost comparisons.,smoke,3.622938039682445e-07,3.622938039682445e-07,0.00029766745080034486
Triple,GFE,260869,1.0,1.0,1.0,1.0,0.001,1.0,0.3,1.0,1.0,1.0,250,0.05,30000,BFGS,1e-08,0.0001,0.9,10,40,0.0,1000000,0.03,0.9,0.999,1e-12,0.0001,cosine,0.0,continuous,epsilon_std_factor,0.3,0000000000000493592b127f4999,000000000000080f4c61cf3e023a0b95,000000000000080f2d7b5efbd5a31fd5,-0.0496488915778209,0.0604221666537097,2.7957270064129725e-08,8.478561735034494e-09,9.311075441988372e-07,0.030025822729409,True,0,Optimization terminated successfully.,True,True,3256,3400,11.408376199993654,0.0001071000006049,0.0149148999917088,"{""method"": ""Regularized-FE"", ""components"": {""force_smoothing"": true, ""pressure_retention"": true, ""uniformity"": true}, ""alpha_force"": 3000.0, ""beta_pressure"": 5e-05, ""gamma_uniformity"": 1.0, ""curvature_weight_override"": [[1.0, 0.0, 0.0], [0.0, 1.0, 0.0], [0.0, 0.0, 10.0]], ""pressure_epsilon_rel"": 0.001, ""smooth_stage_factors"": [0.05, 0.01], ""smooth_stage_maxiters"": [250, 29750], ""smooth_scale_floor"": 1e-20, ""gtol"": 1e-08, ""report_gradient_tol"": 0.001, ""compensate_effective_gravity"": true, ""h_m"": 0.0005, ""initial_force_scale_n"": 1.2934929155139256e-06, ""initial_loss_std_scale_n_m"": 0.011266553940494833, ""epsilon_force_multiplier"": 1.0, ""epsilon_std_multiplier"": 0.3, ""smooth_scale_floor_activated"": false}","[{""stage"": 0, ""cap"": 250, ""force_epsilon"": 6.467464577569628e-08, ""uniformity_epsilon"": 0.0001689983091074225, ""iterations"": 250, ""evaluations"": 296, ""success"": false, ""status"": 1, ""message"": ""Maximum number of iterations has been exceeded."", ""terminal_value"": -0.022542188280755018, ""terminal_gradient_l2"": 0.01892838035317689, ""terminal_gradient_inf"": 0.0062200052048428465}, {""stage"": 1, ""cap"": 29750, ""force_epsilon"": 1.2934929155139256e-08, ""uniformity_epsilon"": 3.37996618214845e-05, ""iterations"": 3006, ""evaluations"": 3104, ""success"": true, ""status"": 0, ""message"": ""Optimization terminated successfully."", ""terminal_value"": -0.049648891577820986, ""terminal_gradient_l2"": 2.7957270064129725e-08, ""terminal_gradient_inf"": 8.478561735034494e-09}]",computed,"original loss, reduced gauge, raw SI units",True,1.3344512033287958e-08,,,0.9999999987349428,0.9999999991934484,000000000000049382001b184479,000000000000080f5c41bca175fe30e1,True,True,True,0.4579536570361092,0.0013122705472401,False,Co-scheduled sensitivity workers; use C7 serial timings for optimizer cost comparisons.,smoke,1.0866038544669588e-06,1.0866038544669588e-06,0.00029766987707347095
Triple,GFE,260869,1.0,1.0,1.0,1.0,0.001,1.0,1.0,1.0,1.0,1.0,250,0.05,30000,BFGS,1e-08,0.0001,0.9,10,40,0.0,1000000,0.03,0.9,0.999,1e-12,0.0001,cosine,0.0,continuous,epsilon_std_factor,1.0,000000000000049382001b184479,000000000000080f5c41bca175fe30e1,000000000000080f2d7b5efbd5a31fd5,-0.0496489322685399,0.0603438133903949,3.307155120464556e-08,9.894782154094378e-09,1.1014633748299583e-06,0.0300251029315896,True,0,Optimization terminated successfully.,True,True,2777,2871,9.424814900005003,8.670000534038991e-05,0.0261399999872082,"{""method"": ""Regularized-FE"", ""components"": {""force_smoothing"": true, ""pressure_retention"": true, ""uniformity"": true}, ""alpha_force"": 3000.0, ""beta_pressure"": 5e-05, ""gamma_uniformity"": 1.0, ""curvature_weight_override"": [[1.0, 0.0, 0.0], [0.0, 1.0, 0.0], [0.0, 0.0, 10.0]], ""pressure_epsilon_rel"": 0.001, ""smooth_stage_factors"": [0.05, 0.01], ""smooth_stage_maxiters"": [250, 29750], ""smooth_scale_floor"": 1e-20, ""gtol"": 1e-08, ""report_gradient_tol"": 0.001, ""compensate_effective_gravity"": true, ""h_m"": 0.0005, ""initial_force_scale_n"": 1.2934929155139256e-06, ""initial_loss_std_scale_n_m"": 0.011266553940494833, ""epsilon_force_multiplier"": 1.0, ""epsilon_std_multiplier"": 1.0, ""smooth_scale_floor_activated"": false}","[{""stage"": 0, ""cap"": 250, ""force_epsilon"": 6.467464577569628e-08, ""uniformity_epsilon"": 0.0005633276970247417, ""iterations"": 250, ""evaluations"": 288, ""success"": false, ""status"": 1, ""message"": ""Maximum number of iterations has been exceeded."", ""terminal_value"": -0.024506645236742886, ""terminal_gradient_l2"": 0.01752334601898978, ""terminal_gradient_inf"": 0.004209316855187494}, {""stage"": 1, ""cap"": 29750, ""force_epsilon"": 1.2934929155139256e-08, ""uniformity_epsilon"": 0.00011266553940494834, ""iterations"": 2527, ""evaluations"": 2583, ""success"": true, ""status"": 0, ""message"": ""Optimization terminated successfully."", ""terminal_value"": -0.049648932268539954, ""terminal_gradient_l2"": 3.307155120464556e-08, ""terminal_gradient_inf"": 9.894782154094378e-09}]",reused,"original loss, reduced gauge, raw SI units",True,1.3345442864029888e-08,,,1.0,0.9999999999999994,000000000000049382001b184479,000000000000080f5c41bca175fe30e1,True,True,True,0.4579675383985165,0.0013121841697281,False,Co-scheduled sensitivity workers; use C7 serial timings for optimizer cost comparisons.,smoke,3.618937673684308e-06,3.618937673684308e-06,0.00029767889995903574
Triple,GFE,260869,1.0,1.0,1.0,1.0,0.001,1.0,10.0,1.0,1.0,1.0,250,0.05,30000,BFGS,1e-08,0.0001,0.9,10,40,0.0,1000000,0.03,0.9,0.999,1e-12,0.0001,cosine,0.0,continuous,epsilon_std_factor,10.0,00000000000004940be4e47d5a44,000000000000080fd39d688bc6c12550,000000000000080f2d7b5efbd5a31fd5,-0.0496494494188358,0.059385452863242,2.9763098660591e-08,7.718898163685403e-09,9.938437641329453e-07,0.0299474623021427,True,0,Optimization terminated successfully.,True,True,2343,2452,8.186179700001958,9.020000288728625e-05,0.0155484999995678,"{""method"": ""Regularized-FE"", ""components"": {""force_smoothing"": true, ""pressure_retention"": true, ""uniformity"": true}, ""alpha_force"": 3000.0, ""beta_pressure"": 5e-05, ""gamma_uniformity"": 1.0, ""curvature_weight_override"": [[1.0, 0.0, 0.0], [0.0, 1.0, 0.0], [0.0, 0.0, 10.0]], ""pressure_epsilon_rel"": 0.001, ""smooth_stage_factors"": [0.05, 0.01], ""smooth_stage_maxiters"": [250, 29750], ""smooth_scale_floor"": 1e-20, ""gtol"": 1e-08, ""report_gradient_tol"": 0.001, ""compensate_effective_gravity"": true, ""h_m"": 0.0005, ""initial_force_scale_n"": 1.2934929155139256e-06, ""initial_loss_std_scale_n_m"": 0.011266553940494833, ""epsilon_force_multiplier"": 1.0, ""epsilon_std_multiplier"": 10.0, ""smooth_scale_floor_activated"": false}","[{""stage"": 0, ""cap"": 250, ""force_epsilon"": 6.467464577569628e-08, ""uniformity_epsilon"": 0.005633276970247417, ""iterations"": 250, ""evaluations"": 288, ""success"": false, ""status"": 1, ""message"": ""Maximum number of iterations has been exceeded."", ""terminal_value"": -0.026038207758772896, ""terminal_gradient_l2"": 0.011125499618572466, ""terminal_gradient_inf"": 0.003208652037673653}, {""stage"": 1, ""cap"": 29750, ""force_epsilon"": 1.2934929155139256e-08, ""uniformity_epsilon"": 0.0011266553940494834, ""iterations"": 2093, ""evaluations"": 2164, ""success"": true, ""status"": 0, ""message"": ""Optimization terminated successfully."", ""terminal_value"": -0.04964944941883589, ""terminal_gradient_l2"": 2.9763098660590998e-08, ""terminal_gradient_inf"": 7.718898163685403e-09}]",computed,"original loss, reduced gauge, raw SI units",True,1.3356897983246642e-08,,,0.999999804108636,0.999999871669674,000000000000049382001b184479,000000000000080f5c41bca175fe30e1,True,True,True,0.4581452581552269,0.001311116889207,False,Co-scheduled sensitivity workers; use C7 serial timings for optimizer cost comparisons.,smoke,3.58040876752919e-05,3.58040876752919e-05,0.00029779441780089744
Triple,GFE,260869,1.0,1.0,1.0,1.0,0.001,1.0,3.0,1.0,1.0,1.0,250,0.05,30000,BFGS,1e-08,0.0001,0.9,10,40,0.0,1000000,0.03,0.9,0.999,1e-12,0.0001,cosine,0.0,continuous,epsilon_std_factor,3.0,0000000000000493f9c7e157499f,000000000000080fece2321d64d714a3,000000000000080f2d7b5efbd5a31fd5,-0.0496490481516482,0.060122987807306,4.052798593685528e-08,9.932377141648183e-09,1.3500877148547705e-06,0.030018779884398,True,0,Optimization terminated successfully.,True,True,2377,2471,8.993128099988098,9.750000026542692e-05,0.0151311000081477,"{""method"": ""Regularized-FE"", ""components"": {""force_smoothing"": true, ""pressure_retention"": true, ""uniformity"": true}, ""alpha_force"": 3000.0, ""beta_pressure"": 5e-05, ""gamma_uniformity"": 1.0, ""curvature_weight_override"": [[1.0, 0.0, 0.0], [0.0, 1.0, 0.0], [0.0, 0.0, 10.0]], ""pressure_epsilon_rel"": 0.001, ""smooth_stage_factors"": [0.05, 0.01], ""smooth_stage_maxiters"": [250, 29750], ""smooth_scale_floor"": 1e-20, ""gtol"": 1e-08, ""report_gradient_tol"": 0.001, ""compensate_effective_gravity"": true, ""h_m"": 0.0005, ""initial_force_scale_n"": 1.2934929155139256e-06, ""initial_loss_std_scale_n_m"": 0.011266553940494833, ""epsilon_force_multiplier"": 1.0, ""epsilon_std_multiplier"": 3.0, ""smooth_scale_floor_activated"": false}","[{""stage"": 0, ""cap"": 250, ""force_epsilon"": 6.467464577569628e-08, ""uniformity_epsilon"": 0.0016899830910742251, ""iterations"": 250, ""evaluations"": 294, ""success"": false, ""status"": 1, ""message"": ""Maximum number of iterations has been exceeded."", ""terminal_value"": -0.02873296630322131, ""terminal_gradient_l2"": 0.01711649427608165, ""terminal_gradient_inf"": 0.005861169738748737}, {""stage"": 1, ""cap"": 29750, ""force_epsilon"": 1.2934929155139256e-08, ""uniformity_epsilon"": 0.000337996618214845, ""iterations"": 2127, ""evaluations"": 2177, ""success"": true, ""status"": 0, ""message"": ""Optimization terminated successfully."", ""terminal_value"": -0.0496490481516482, ""terminal_gradient_l2"": 4.052798593685528e-08, ""terminal_gradient_inf"": 9.932377141648185e-09}]",computed,"original loss, reduced gauge, raw SI units",True,1.3348356467190913e-08,,,0.9999999896702914,0.9999999933793916,000000000000049382001b184479,000000000000080f5c41bca175fe30e1,True,True,True,0.4580088392468824,0.0013119397037988,False,Co-scheduled sensitivity workers; use C7 serial timings for optimizer cost comparisons.,smoke,1.083085508470501e-05,1.083085508470501e-05,0.00029770574551047355
Triple,GFE,260869,1.0,1.0,1.0,1.0,0.001,1.0,30.0,1.0,1.0,1.0,250,0.05,30000,BFGS,1e-08,0.0001,0.9,10,40,0.0,1000000,0.03,0.9,0.999,1e-12,0.0001,cosine,0.0,continuous,epsilon_std_factor,30.0,0000000000000494edfc7f865f6c,000000000000080fbcbc4b5919e514f6,000000000000080f2d7b5efbd5a31fd5,-0.0496505599604897,0.0575720231676781,3.7315948870827795e-08,9.944079688373532e-09,1.270763062216683e-06,0.0293649933495351,True,0,Optimization terminated successfully.,True,True,2585,2693,9.39932990001398,9.810000483412296e-05,0.016695600003004,"{""method"": ""Regularized-FE"", ""components"": {""force_smoothing"": true, ""pressure_retention"": true, ""uniformity"": true}, ""alpha_force"": 3000.0, ""beta_pressure"": 5e-05, ""gamma_uniformity"": 1.0, ""curvature_weight_override"": [[1.0, 0.0, 0.0], [0.0, 1.0, 0.0], [0.0, 0.0, 10.0]], ""pressure_epsilon_rel"": 0.001, ""smooth_stage_factors"": [0.05, 0.01], ""smooth_stage_maxiters"": [250, 29750], ""smooth_scale_floor"": 1e-20, ""gtol"": 1e-08, ""report_gradient_tol"": 0.001, ""compensate_effective_gravity"": true, ""h_m"": 0.0005, ""initial_force_scale_n"": 1.2934929155139256e-06, ""initial_loss_std_scale_n_m"": 0.011266553940494833, ""epsilon_force_multiplier"": 1.0, ""epsilon_std_multiplier"": 30.0, ""smooth_scale_floor_activated"": false}","[{""stage"": 0, ""cap"": 250, ""force_epsilon"": 6.467464577569628e-08, ""uniformity_epsilon"": 0.01689983091074225, ""iterations"": 250, ""evaluations"": 289, ""success"": false, ""status"": 1, ""message"": ""Maximum number of iterations has been exceeded."", ""terminal_value"": -0.02764477660763177, ""terminal_gradient_l2"": 0.009119850405152811, ""terminal_gradient_inf"": 0.0029525430345057804}, {""stage"": 1, ""cap"": 29750, ""force_epsilon"": 1.2934929155139256e-08, ""uniformity_epsilon"": 0.0033799661821484503, ""iterations"": 2335, ""evaluations"": 2404, ""success"": true, ""status"": 0, ""message"": ""Optimization terminated successfully."", ""terminal_value"": -0.04965055996048979, ""terminal_gradient_l2"": 3.731594887082779e-08, ""terminal_gradient_inf"": 9.944079688373533e-09}]",computed,"original loss, reduced gauge, raw SI units",True,1.3381544304775342e-08,,,0.9999980775950718,0.9999987335218784,000000000000049382001b184479,000000000000080f5c41bca175fe30e1,True,True,True,0.4585176359297686,0.0013087979327317,False,Co-scheduled sensitivity workers; use C7 serial timings for optimizer cost comparisons.,smoke,0.0001049129975116,0.0001049129975116,0.0002980364633543496
Triple,GFE,260869,1.0,1.0,1.0,1.0,0.001,1.0,1.0,1.0,1.0,1.0,250,0.01,30000,BFGS,1e-08,0.0001,0.9,10,40,0.0,1000000,0.03,0.9,0.999,1e-12,0.0001,cosine,0.0,continuous,first_stage_factor,0.01,00000000000004932090e2ad3a9d,000000000000080f66917db69a4c1c3c,000000000000080f2d7b5efbd5a31fd5,-0.0496489322688643,0.0603438133903949,2.5735181212193373e-08,6.986886797881496e-09,8.571221644378518e-07,0.0300251029315896,True,0,Optimization terminated successfully.,True,True,2812,2922,11.1428212000028,0.0001044000091496,0.0167243999894708,"{""method"": ""Regularized-FE"", ""components"": {""force_smoothing"": true, ""pressure_retention"": true, ""uniformity"": true}, ""alpha_force"": 3000.0, ""beta_pressure"": 5e-05, ""gamma_uniformity"": 1.0, ""curvature_weight_override"": [[1.0, 0.0, 0.0], [0.0, 1.0, 0.0], [0.0, 0.0, 10.0]], ""pressure_epsilon_rel"": 0.001, ""smooth_stage_factors"": [0.01, 0.01], ""smooth_stage_maxiters"": [250, 29750], ""smooth_scale_floor"": 1e-20, ""gtol"": 1e-08, ""report_gradient_tol"": 0.001, ""compensate_effective_gravity"": true, ""h_m"": 0.0005, ""initial_force_scale_n"": 1.2934929155139256e-06, ""initial_loss_std_scale_n_m"": 0.011266553940494833, ""epsilon_force_multiplier"": 1.0, ""epsilon_std_multiplier"": 1.0, ""smooth_scale_floor_activated"": false}","[{""stage"": 0, ""cap"": 250, ""force_epsilon"": 1.2934929155139256e-08, ""uniformity_epsilon"": 0.00011266553940494834, ""iterations"": 250, ""evaluations"": 297, ""success"": false, ""status"": 1, ""message"": ""Maximum number of iterations has been exceeded."", ""terminal_value"": -0.02026144801258994, ""terminal_gradient_l2"": 0.02627292974737905, ""terminal_gradient_inf"": 0.009104468978977313}, {""stage"": 1, ""cap"": 29750, ""force_epsilon"": 1.2934929155139256e-08, ""uniformity_epsilon"": 0.00011266553940494834, ""iterations"": 2562, ""evaluations"": 2625, ""success"": true, ""status"": 0, ""message"": ""Optimization terminated successfully."", ""terminal_value"": -0.049648932268864375, ""terminal_gradient_l2"": 2.573518121219337e-08, ""terminal_gradient_inf"": 6.9868867978814964e-09}]",computed,"original loss, reduced gauge, raw SI units",True,1.3345485288432808e-08,,,0.9999999999437796,0.9999999999844418,000000000000049382001b184479,000000000000080f5c41bca175fe30e1,True,True,True,0.4579672453606368,0.0013121837459255,False,Co-scheduled sensitivity workers; use C7 serial timings for optimizer cost comparisons.,smoke,3.619014062985256e-06,3.619014062985256e-06,0.00029767870948441393
Triple,GFE,260869,1.0,1.0,1.0,1.0,0.001,1.0,1.0,1.0,1.0,1.0,250,0.02,30000,BFGS,1e-08,0.0001,0.9,10,40,0.0,1000000,0.03,0.9,0.999,1e-12,0.0001,cosine,0.0,continuous,first_stage_factor,0.02,0000000000000493c21862aa3d14,000000000000080f5430eb9dee181ae0,000000000000080f2d7b5efbd5a31fd5,-0.0496489322684434,0.0603438133903949,3.1759897004688014e-08,8.901131888405431e-09,1.0577781224281238e-06,0.0300251029315896,True,0,Optimization terminated successfully.,True,True,2941,3063,10.35506990000431,0.0001139999949373,0.0169600000081118,"{""method"": ""Regularized-FE"", ""components"": {""force_smoothing"": true, ""pressure_retention"": true, ""uniformity"": true}, ""alpha_force"": 3000.0, ""beta_pressure"": 5e-05, ""gamma_uniformity"": 1.0, ""curvature_weight_override"": [[1.0, 0.0, 0.0], [0.0, 1.0, 0.0], [0.0, 0.0, 10.0]], ""pressure_epsilon_rel"": 0.001, ""smooth_stage_factors"": [0.02, 0.01], ""smooth_stage_maxiters"": [250, 29750], ""smooth_scale_floor"": 1e-20, ""gtol"": 1e-08, ""report_gradient_tol"": 0.001, ""compensate_effective_gravity"": true, ""h_m"": 0.0005, ""initial_force_scale_n"": 1.2934929155139256e-06, ""initial_loss_std_scale_n_m"": 0.011266553940494833, ""epsilon_force_multiplier"": 1.0, ""epsilon_std_multiplier"": 1.0, ""smooth_scale_floor_activated"": false}","[{""stage"": 0, ""cap"": 250, ""force_epsilon"": 2.5869858310278512e-08, ""uniformity_epsilon"": 0.00022533107880989668, ""iterations"": 250, ""evaluations"": 297, ""success"": false, ""status"": 1, ""message"": ""Maximum number of iterations has been exceeded."", ""terminal_value"": -0.022905821469996642, ""terminal_gradient_l2"": 0.017602865090372274, ""terminal_gradient_inf"": 0.008386955018287238}, {""stage"": 1, ""cap"": 29750, ""force_epsilon"": 1.2934929155139256e-08, ""uniformity_epsilon"": 0.00011266553940494834, ""iterations"": 2691, ""evaluations"": 2766, ""success"": true, ""status"": 0, ""message"": ""Optimization terminated successfully."", ""terminal_value"": -0.049648932268443434, ""terminal_gradient_l2"": 3.175989700468801e-08, ""terminal_gradient_inf"": 8.901131888405431e-09}]",computed,"original loss, reduced gauge, raw SI units",True,1.3345624989957613e-08,,,0.9999999999359388,0.9999999999889974,000000000000049382001b184479,000000000000080f5c41bca175fe30e1,True,True,True,0.4579685411637381,0.0013121828411944,False,Co-scheduled sensitivity workers; use C7 serial timings for optimizer cost comparisons.,smoke,3.619092119545129e-06,3.619092119545129e-06,0.00029767955175642974
Triple,GFE,260869,1.0,1.0,1.0,1.0,0.001,1.0,1.0,1.0,1.0,1.0,250,0.05,30000,BFGS,1e-08,0.0001,0.9,10,40,0.0,1000000,0.03,0.9,0.999,1e-12,0.0001,cosine,0.0,continuous,first_stage_factor,0.05,000000000000049382001b184479,000000000000080f5c41bca175fe30e1,000000000000080f2d7b5efbd5a31fd5,-0.0496489322685399,0.0603438133903949,3.307155120464556e-08,9.894782154094378e-09,1.1014633748299583e-06,0.0300251029315896,True,0,Optimization terminated successfully.,True,True,2777,2871,9.424814900005003,8.670000534038991e-05,0.0261399999872082,"{""method"": ""Regularized-FE"", ""components"": {""force_smoothing"": true, ""pressure_retention"": true, ""uniformity"": true}, ""alpha_force"": 3000.0, ""beta_pressure"": 5e-05, ""gamma_uniformity"": 1.0, ""curvature_weight_override"": [[1.0, 0.0, 0.0], [0.0, 1.0, 0.0], [0.0, 0.0, 10.0]], ""pressure_epsilon_rel"": 0.001, ""smooth_stage_factors"": [0.05, 0.01], ""smooth_stage_maxiters"": [250, 29750], ""smooth_scale_floor"": 1e-20, ""gtol"": 1e-08, ""report_gradient_tol"": 0.001, ""compensate_effective_gravity"": true, ""h_m"": 0.0005, ""initial_force_scale_n"": 1.2934929155139256e-06, ""initial_loss_std_scale_n_m"": 0.011266553940494833, ""epsilon_force_multiplier"": 1.0, ""epsilon_std_multiplier"": 1.0, ""smooth_scale_floor_activated"": false}","[{""stage"": 0, ""cap"": 250, ""force_epsilon"": 6.467464577569628e-08, ""uniformity_epsilon"": 0.0005633276970247417, ""iterations"": 250, ""evaluations"": 288, ""success"": false, ""status"": 1, ""message"": ""Maximum number of iterations has been exceeded."", ""terminal_value"": -0.024506645236742886, ""terminal_gradient_l2"": 0.01752334601898978, ""terminal_gradient_inf"": 0.004209316855187494}, {""stage"": 1, ""cap"": 29750, ""force_epsilon"": 1.2934929155139256e-08, ""uniformity_epsilon"": 0.00011266553940494834, ""iterations"": 2527, ""evaluations"": 2583, ""success"": true, ""status"": 0, ""message"": ""Optimization terminated successfully."", ""terminal_value"": -0.049648932268539954, ""terminal_gradient_l2"": 3.307155120464556e-08, ""terminal_gradient_inf"": 9.894782154094378e-09}]",reused,"original loss, reduced gauge, raw SI units",True,1.3345442864029888e-08,,,1.0,0.9999999999999994,000000000000049382001b184479,000000000000080f5c41bca175fe30e1,True,True,True,0.4579675383985165,0.0013121841697281,False,Co-scheduled sensitivity workers; use C7 serial timings for optimizer cost comparisons.,smoke,3.618937673684308e-06,3.618937673684308e-06,0.00029767889995903574
Triple,GFE,260869,1.0,1.0,1.0,1.0,0.001,1.0,1.0,1.0,1.0,1.0,250,0.1,30000,BFGS,1e-08,0.0001,0.9,10,40,0.0,1000000,0.03,0.9,0.999,1e-12,0.0001,cosine,0.0,continuous,first_stage_factor,0.1,0000000000000492d26037a12103,000000000000080f622a930450cc1589,000000000000080f2d7b5efbd5a31fd5,-0.0496489322684831,0.0603438133903949,2.7878371899117608e-08,6.6916761373778995e-09,9.285021257924346e-07,0.0300251029315896,True,0,Optimization terminated successfully.,True,True,2580,2682,9.755747600007451,0.0001111000019591,0.0152077999955508,"{""method"": ""Regularized-FE"", ""components"": {""force_smoothing"": true, ""pressure_retention"": true, ""uniformity"": true}, ""alpha_force"": 3000.0, ""beta_pressure"": 5e-05, ""gamma_uniformity"": 1.0, ""curvature_weight_override"": [[1.0, 0.0, 0.0], [0.0, 1.0, 0.0], [0.0, 0.0, 10.0]], ""pressure_epsilon_rel"": 0.001, ""smooth_stage_factors"": [0.1, 0.01], ""smooth_stage_maxiters"": [250, 29750], ""smooth_scale_floor"": 1e-20, ""gtol"": 1e-08, ""report_gradient_tol"": 0.001, ""compensate_effective_gravity"": true, ""h_m"": 0.0005, ""initial_force_scale_n"": 1.2934929155139256e-06, ""initial_loss_std_scale_n_m"": 0.011266553940494833, ""epsilon_force_multiplier"": 1.0, ""epsilon_std_multiplier"": 1.0, ""smooth_scale_floor_activated"": false}","[{""stage"": 0, ""cap"": 250, ""force_epsilon"": 1.2934929155139256e-07, ""uniformity_epsilon"": 0.0011266553940494834, ""iterations"": 250, ""evaluations"": 299, ""success"": false, ""status"": 1, ""message"": ""Maximum number of iterations has been exceeded."", ""terminal_value"": -0.02879418773247573, ""terminal_gradient_l2"": 0.012346666525317957, ""terminal_gradient_inf"": 0.003841413627823111}, {""stage"": 1, ""cap"": 29750, ""force_epsilon"": 1.2934929155139256e-08, ""uniformity_epsilon"": 0.00011266553940494834, ""iterations"": 2330, ""evaluations"": 2383, ""success"": true, ""status"": 0, ""message"": ""Optimization terminated successfully."", ""terminal_value"": -0.049648932268483104, ""terminal_gradient_l2"": 2.7878371899117608e-08, ""terminal_gradient_inf"": 6.691676137377899e-09}]",computed,"original loss, reduced gauge, raw SI units",True,1.3345681275224923e-08,,,0.999999999899917,0.9999999999675596,000000000000049382001b184479,000000000000080f5c41bca175fe30e1,True,True,True,0.4579690833927913,0.0013121838937241,False,Co-scheduled sensitivity workers; use C7 serial timings for optimizer cost comparisons.,smoke,3.619153691763168e-06,3.619153691763168e-06,0.0002976799042053143
Triple,GFE,260869,1.0,1.0,1.0,1.0,0.001,1.0,1.0,1.0,1.0,1.0,250,0.2,30000,BFGS,1e-08,0.0001,0.9,10,40,0.0,1000000,0.03,0.9,0.999,1e-12,0.0001,cosine,0.0,continuous,first_stage_factor,0.2,000000000000049230e8b7a6237a,000000000000080fa1329aa5621f24c7,000000000000080f2d7b5efbd5a31fd5,-0.0496489322682943,0.0603438133903949,3.34651425218566e-08,9.57968404915044e-09,1.1145721164755012e-06,0.0300251029315896,True,0,Optimization terminated successfully.,True,True,2605,2684,9.615850500005765,0.0001216000091517,0.0178688999876612,"{""method"": ""Regularized-FE"", ""components"": {""force_smoothing"": true, ""pressure_retention"": true, ""uniformity"": true}, ""alpha_force"": 3000.0, ""beta_pressure"": 5e-05, ""gamma_uniformity"": 1.0, ""curvature_weight_override"": [[1.0, 0.0, 0.0], [0.0, 1.0, 0.0], [0.0, 0.0, 10.0]], ""pressure_epsilon_rel"": 0.001, ""smooth_stage_factors"": [0.2, 0.01], ""smooth_stage_maxiters"": [250, 29750], ""smooth_scale_floor"": 1e-20, ""gtol"": 1e-08, ""report_gradient_tol"": 0.001, ""compensate_effective_gravity"": true, ""h_m"": 0.0005, ""initial_force_scale_n"": 1.2934929155139256e-06, ""initial_loss_std_scale_n_m"": 0.011266553940494833, ""epsilon_force_multiplier"": 1.0, ""epsilon_std_multiplier"": 1.0, ""smooth_scale_floor_activated"": false}","[{""stage"": 0, ""cap"": 250, ""force_epsilon"": 2.586985831027851e-07, ""uniformity_epsilon"": 0.002253310788098967, ""iterations"": 250, ""evaluations"": 289, ""success"": false, ""status"": 1, ""message"": ""Maximum number of iterations has been exceeded."", ""terminal_value"": -0.02728352337356139, ""terminal_gradient_l2"": 0.021371098490263266, ""terminal_gradient_inf"": 0.007126886852128062}, {""stage"": 1, ""cap"": 29750, ""force_epsilon"": 1.2934929155139256e-08, ""uniformity_epsilon"": 0.00011266553940494834, ""iterations"": 2355, ""evaluations"": 2395, ""success"": true, ""status"": 0, ""message"": ""Optimization terminated successfully."", ""terminal_value"": -0.049648932268294366, ""terminal_gradient_l2"": 3.3465142521856596e-08, ""terminal_gradient_inf"": 9.579684049150439e-09}]",computed,"original loss, reduced gauge, raw SI units",True,1.3345606376737398e-08,,,0.9999999999194716,0.9999999999825506,000000000000049382001b184479,000000000000080f5c41bca175fe30e1,True,True,True,0.4579690610000914,0.0013121829972674,False,Co-scheduled sensitivity workers; use C7 serial timings for optimizer cost comparisons.,smoke,3.619189601201115e-06,3.619189601201115e-06,0.00029767988965005937
Triple,GFE,260869,1.0,1.0,1.0,1.0,0.001,1.0,1.0,1.0,1.0,1.0,250,0.5,30000,BFGS,1e-08,0.0001,0.9,10,40,0.0,1000000,0.03,0.9,0.999,1e-12,0.0001,cosine,0.0,continuous,first_stage_factor,0.5,000000000000049270f0ce142adf,000000000000080fc4372ea2194a19c8,000000000000080f2d7b5efbd5a31fd5,-0.0496489322686714,0.0603438133903949,3.216176752389228e-08,9.726781950047974e-09,1.0711626067417966e-06,0.0300251029315896,True,0,Optimization terminated successfully.,True,True,2428,2525,9.174736200002371,0.0001185000000987,0.0164076999935787,"{""method"": ""Regularized-FE"", ""components"": {""force_smoothing"": true, ""pressure_retention"": true, ""uniformity"": true}, ""alpha_force"": 3000.0, ""beta_pressure"": 5e-05, ""gamma_uniformity"": 1.0, ""curvature_weight_override"": [[1.0, 0.0, 0.0], [0.0, 1.0, 0.0], [0.0, 0.0, 10.0]], ""pressure_epsilon_rel"": 0.001, ""smooth_stage_factors"": [0.5, 0.01], ""smooth_stage_maxiters"": [250, 29750], ""smooth_scale_floor"": 1e-20, ""gtol"": 1e-08, ""report_gradient_tol"": 0.001, ""compensate_effective_gravity"": true, ""h_m"": 0.0005, ""initial_force_scale_n"": 1.2934929155139256e-06, ""initial_loss_std_scale_n_m"": 0.011266553940494833, ""epsilon_force_multiplier"": 1.0, ""epsilon_std_multiplier"": 1.0, ""smooth_scale_floor_activated"": false}","[{""stage"": 0, ""cap"": 250, ""force_epsilon"": 6.467464577569628e-07, ""uniformity_epsilon"": 0.005633276970247417, ""iterations"": 250, ""evaluations"": 285, ""success"": false, ""status"": 1, ""message"": ""Maximum number of iterations has been exceeded."", ""terminal_value"": -0.02665211611423592, ""terminal_gradient_l2"": 0.006025226187874171, ""terminal_gradient_inf"": 0.0022262664049528405}, {""stage"": 1, ""cap"": 29750, ""force_epsilon"": 1.2934929155139256e-08, ""uniformity_epsilon"": 0.00011266553940494834, ""iterations"": 2178, ""evaluations"": 2240, ""success"": true, ""status"": 0, ""message"": ""Optimization terminated successfully."", ""terminal_value"": -0.04964893226867149, ""terminal_gradient_l2"": 3.2161767523892276e-08, ""terminal_gradient_inf"": 9.726781950047974e-09}]",computed,"original loss, reduced gauge, raw SI units",True,1.334592379435628e-08,,,0.99999999992038,0.9999999999870944,000000000000049382001b184479,000000000000080f5c41bca175fe30e1,True,True,True,0.4579685295983081,0.0013121843566041,False,Co-scheduled sensitivity workers; use C7 serial timings for optimizer cost comparisons.,smoke,3.619048348123188e-06,3.619048348123188e-06,0.0002976795442389002
Triple,GFE,260869,1.0,1.0,1.0,1.0,0.001,1.0,1.0,1.0,1.0,1.0,1,0.05,30000,BFGS,1e-08,0.0001,0.9,10,40,0.0,1000000,0.03,0.9,0.999,1e-12,0.0001,cosine,0.0,continuous,first_stage_iterations,1,0000000000000491711c28cff92b,000000000000080f22e8390bd14e277e,000000000000080f2d7b5efbd5a31fd5,-0.0496489322681542,0.0603438133903949,4.025259919766508e-08,1.3050722976262752e-08,1.3406315138828406e-06,0.0300251029315896,False,2,Desired error not necessarily achieved due to precision loss.,False,True,3359,3495,13.20845950000512,9.70999972196296e-05,0.0186146000050939,"{""method"": ""Regularized-FE"", ""components"": {""force_smoothing"": true, ""pressure_retention"": true, ""uniformity"": true}, ""alpha_force"": 3000.0, ""beta_pressure"": 5e-05, ""gamma_uniformity"": 1.0, ""curvature_weight_override"": [[1.0, 0.0, 0.0], [0.0, 1.0, 0.0], [0.0, 0.0, 10.0]], ""pressure_epsilon_rel"": 0.001, ""smooth_stage_factors"": [0.05, 0.01], ""smooth_stage_maxiters"": [1, 29999], ""smooth_scale_floor"": 1e-20, ""gtol"": 1e-08, ""report_gradient_tol"": 0.001, ""compensate_effective_gravity"": true, ""h_m"": 0.0005, ""initial_force_scale_n"": 1.2934929155139256e-06, ""initial_loss_std_scale_n_m"": 0.011266553940494833, ""epsilon_force_multiplier"": 1.0, ""epsilon_std_multiplier"": 1.0, ""smooth_scale_floor_activated"": false}","[{""stage"": 0, ""cap"": 1, ""force_epsilon"": 6.467464577569628e-08, ""uniformity_epsilon"": 0.0005633276970247417, ""iterations"": 1, ""evaluations"": 5, ""success"": false, ""status"": 1, ""message"": ""Maximum number of iterations has been exceeded."", ""terminal_value"": 0.042394140604456156, ""terminal_gradient_l2"": 0.029516153282008233, ""terminal_gradient_inf"": 0.008992607420546228}, {""stage"": 1, ""cap"": 29999, ""force_epsilon"": 1.2934929155139256e-08, ""uniformity_epsilon"": 0.00011266553940494834, ""iterations"": 3358, ""evaluations"": 3490, ""success"": false, ""status"": 2, ""message"": ""Desired error not necessarily achieved due to precision loss."", ""terminal_value"": -0.049648932268154256, ""terminal_gradient_l2"": 4.025259919766508e-08, ""terminal_gradient_inf"": 1.3050722976262752e-08}]",computed,"original loss, reduced gauge, raw SI units",True,1.3345747867733646e-08,,,0.9999999999347258,0.9999999999719592,000000000000049382001b184479,000000000000080f5c41bca175fe30e1,True,True,True,0.4579694921640216,0.0013121834252468,False,Co-scheduled sensitivity workers; use C7 serial timings for optimizer cost comparisons.,smoke,3.6190574302079688e-06,3.6190574302079688e-06,0.00029768016990661404
Triple,GFE,260869,1.0,1.0,1.0,1.0,0.001,1.0,1.0,1.0,1.0,1.0,100,0.05,30000,BFGS,1e-08,0.0001,0.9,10,40,0.0,1000000,0.03,0.9,0.999,1e-12,0.0001,cosine,0.0,continuous,first_stage_iterations,100,0000000000000493a6086a773656,000000000000080f6aa4396005171fb0,000000000000080f2d7b5efbd5a31fd5,-0.0496489322685257,0.0603438133903949,2.6841116813126472e-08,7.147352461046105e-09,8.939558633414963e-07,0.0300251029315896,True,0,Optimization terminated successfully.,True,True,2751,2854,10.42479089999688,9.819999104365706e-05,0.0150573999999323,"{""method"": ""Regularized-FE"", ""components"": {""force_smoothing"": true, ""pressure_retention"": true, ""uniformity"": true}, ""alpha_force"": 3000.0, ""beta_pressure"": 5e-05, ""gamma_uniformity"": 1.0, ""curvature_weight_override"": [[1.0, 0.0, 0.0], [0.0, 1.0, 0.0], [0.0, 0.0, 10.0]], ""pressure_epsilon_rel"": 0.001, ""smooth_stage_factors"": [0.05, 0.01], ""smooth_stage_maxiters"": [100, 29900], ""smooth_scale_floor"": 1e-20, ""gtol"": 1e-08, ""report_gradient_tol"": 0.001, ""compensate_effective_gravity"": true, ""h_m"": 0.0005, ""initial_force_scale_n"": 1.2934929155139256e-06, ""initial_loss_std_scale_n_m"": 0.011266553940494833, ""epsilon_force_multiplier"": 1.0, ""epsilon_std_multiplier"": 1.0, ""smooth_scale_floor_activated"": false}","[{""stage"": 0, ""cap"": 100, ""force_epsilon"": 6.467464577569628e-08, ""uniformity_epsilon"": 0.0005633276970247417, ""iterations"": 100, ""evaluations"": 127, ""success"": false, ""status"": 1, ""message"": ""Maximum number of iterations has been exceeded."", ""terminal_value"": -0.004422208375027994, ""terminal_gradient_l2"": 0.028853728628525, ""terminal_gradient_inf"": 0.00797922904838701}, {""stage"": 1, ""cap"": 29900, ""force_epsilon"": 1.2934929155139256e-08, ""uniformity_epsilon"": 0.00011266553940494834, ""iterations"": 2651, ""evaluations"": 2727, ""success"": true, ""status"": 0, ""message"": ""Optimization terminated successfully."", ""terminal_value"": -0.049648932268525715, ""terminal_gradient_l2"": 2.6841116813126472e-08, ""terminal_gradient_inf"": 7.1473524610461055e-09}]",computed,"original loss, reduced gauge, raw SI units",True,1.3345528791774848e-08,,,0.999999999918946,0.999999999975755,000000000000049382001b184479,000000000000080f5c41bca175fe30e1,True,True,True,0.4579677961617129,0.0013121837010811,False,Co-scheduled sensitivity workers; use C7 serial timings for optimizer cost comparisons.,smoke,3.619062786532923e-06,3.619062786532923e-06,0.0002976790675051134
Triple,GFE,260869,1.0,1.0,1.0,1.0,0.001,1.0,1.0,1.0,1.0,1.0,1000,0.05,30000,BFGS,1e-08,0.0001,0.9,10,40,0.0,1000000,0.03,0.9,0.999,1e-12,0.0001,cosine,0.0,continuous,first_stage_iterations,1000,00000000000004944192b085552c,000000000000080f638538ef362422d3,000000000000080f2d7b5efbd5a31fd5,-0.0496489322669637,0.0603438133903949,3.882646639431373e-08,8.751273919462292e-09,1.2931334984188897e-06,0.0300251029315896,True,0,Optimization terminated successfully.,True,True,2195,2290,7.775059399995371,0.0001090000005206,0.021432099994854,"{""method"": ""Regularized-FE"", ""components"": {""force_smoothing"": true, ""pressure_retention"": true, ""uniformity"": true}, ""alpha_force"": 3000.0, ""beta_pressure"": 5e-05, ""gamma_uniformity"": 1.0, ""curvature_weight_override"": [[1.0, 0.0, 0.0], [0.0, 1.0, 0.0], [0.0, 0.0, 10.0]], ""pressure_epsilon_rel"": 0.001, ""smooth_stage_factors"": [0.05, 0.01], ""smooth_stage_maxiters"": [1000, 29000], ""smooth_scale_floor"": 1e-20, ""gtol"": 1e-08, ""report_gradient_tol"": 0.001, ""compensate_effective_gravity"": true, ""h_m"": 0.0005, ""initial_force_scale_n"": 1.2934929155139256e-06, ""initial_loss_std_scale_n_m"": 0.011266553940494833, ""epsilon_force_multiplier"": 1.0, ""epsilon_std_multiplier"": 1.0, ""smooth_scale_floor_activated"": false}","[{""stage"": 0, ""cap"": 1000, ""force_epsilon"": 6.467464577569628e-08, ""uniformity_epsilon"": 0.0005633276970247417, ""iterations"": 1000, ""evaluations"": 1053, ""success"": false, ""status"": 1, ""message"": ""Maximum number of iterations has been exceeded."", ""terminal_value"": -0.0483291150696518, ""terminal_gradient_l2"": 0.003929492818794547, ""terminal_gradient_inf"": 0.0012595764215386533}, {""stage"": 1, ""cap"": 29000, ""force_epsilon"": 1.2934929155139256e-08, ""uniformity_epsilon"": 0.00011266553940494834, ""iterations"": 1195, ""evaluations"": 1237, ""success"": true, ""status"": 0, ""message"": ""Optimization terminated successfully."", ""terminal_value"": -0.0496489322669637, ""terminal_gradient_l2"": 3.8826466394313725e-08, ""terminal_gradient_inf"": 8.751273919462292e-09}]",computed,"original loss, reduced gauge, raw SI units",True,1.3345778044266836e-08,,,0.999999999886828,0.9999999999804924,000000000000049382001b184479,000000000000080f5c41bca175fe30e1,True,True,True,0.4579686904012673,0.0013121823240186,False,Co-scheduled sensitivity workers; use C7 serial timings for optimizer cost comparisons.,smoke,3.6191275704211376e-06,3.6191275704211376e-06,0.00029767964876082373
Triple,GFE,260869,1.0,1.0,1.0,1.0,0.001,1.0,1.0,1.0,1.0,1.0,250,0.05,30000,BFGS,1e-08,0.0001,0.9,10,40,0.0,1000000,0.03,0.9,0.999,1e-12,0.0001,cosine,0.0,continuous,first_stage_iterations,250,000000000000049382001b184479,000000000000080f5c41bca175fe30e1,000000000000080f2d7b5efbd5a31fd5,-0.0496489322685399,0.0603438133903949,3.307155120464556e-08,9.894782154094378e-09,1.1014633748299583e-06,0.0300251029315896,True,0,Optimization terminated successfully.,True,True,2777,2871,9.424814900005003,8.670000534038991e-05,0.0261399999872082,"{""method"": ""Regularized-FE"", ""components"": {""force_smoothing"": true, ""pressure_retention"": true, ""uniformity"": true}, ""alpha_force"": 3000.0, ""beta_pressure"": 5e-05, ""gamma_uniformity"": 1.0, ""curvature_weight_override"": [[1.0, 0.0, 0.0], [0.0, 1.0, 0.0], [0.0, 0.0, 10.0]], ""pressure_epsilon_rel"": 0.001, ""smooth_stage_factors"": [0.05, 0.01], ""smooth_stage_maxiters"": [250, 29750], ""smooth_scale_floor"": 1e-20, ""gtol"": 1e-08, ""report_gradient_tol"": 0.001, ""compensate_effective_gravity"": true, ""h_m"": 0.0005, ""initial_force_scale_n"": 1.2934929155139256e-06, ""initial_loss_std_scale_n_m"": 0.011266553940494833, ""epsilon_force_multiplier"": 1.0, ""epsilon_std_multiplier"": 1.0, ""smooth_scale_floor_activated"": false}","[{""stage"": 0, ""cap"": 250, ""force_epsilon"": 6.467464577569628e-08, ""uniformity_epsilon"": 0.0005633276970247417, ""iterations"": 250, ""evaluations"": 288, ""success"": false, ""status"": 1, ""message"": ""Maximum number of iterations has been exceeded."", ""terminal_value"": -0.024506645236742886, ""terminal_gradient_l2"": 0.01752334601898978, ""terminal_gradient_inf"": 0.004209316855187494}, {""stage"": 1, ""cap"": 29750, ""force_epsilon"": 1.2934929155139256e-08, ""uniformity_epsilon"": 0.00011266553940494834, ""iterations"": 2527, ""evaluations"": 2583, ""success"": true, ""status"": 0, ""message"": ""Optimization terminated successfully."", ""terminal_value"": -0.049648932268539954, ""terminal_gradient_l2"": 3.307155120464556e-08, ""terminal_gradient_inf"": 9.894782154094378e-09}]",reused,"original loss, reduced gauge, raw SI units",True,1.3345442864029888e-08,,,1.0,0.9999999999999994,000000000000049382001b184479,000000000000080f5c41bca175fe30e1,True,True,True,0.4579675383985165,0.0013121841697281,False,Co-scheduled sensitivity workers; use C7 serial timings for optimizer cost comparisons.,smoke,3.618937673684308e-06,3.618937673684308e-06,0.00029767889995903574
Triple,GFE,260869,1.0,1.0,1.0,1.0,0.001,1.0,1.0,1.0,1.0,1.0,3000,0.05,30000,BFGS,1e-08,0.0001,0.9,10,40,0.0,1000000,0.03,0.9,0.999,1e-12,0.0001,cosine,0.0,continuous,first_stage_iterations,3000,00000000000004946327baf159e6,000000000000080f88503444be872704,000000000000080f2d7b5efbd5a31fd5,-0.0496489322662578,0.0603438133903949,3.3517006630593745e-08,9.222467860662688e-09,1.116299474708221e-06,0.0300251029315896,True,0,Optimization terminated successfully.,True,True,3376,3455,12.827961099988896,0.0001006999955279,0.0153045000042766,"{""method"": ""Regularized-FE"", ""components"": {""force_smoothing"": true, ""pressure_retention"": true, ""uniformity"": true}, ""alpha_force"": 3000.0, ""beta_pressure"": 5e-05, ""gamma_uniformity"": 1.0, ""curvature_weight_override"": [[1.0, 0.0, 0.0], [0.0, 1.0, 0.0], [0.0, 0.0, 10.0]], ""pressure_epsilon_rel"": 0.001, ""smooth_stage_factors"": [0.05, 0.01], ""smooth_stage_maxiters"": [3000, 27000], ""smooth_scale_floor"": 1e-20, ""gtol"": 1e-08, ""report_gradient_tol"": 0.001, ""compensate_effective_gravity"": true, ""h_m"": 0.0005, ""initial_force_scale_n"": 1.2934929155139256e-06, ""initial_loss_std_scale_n_m"": 0.011266553940494833, ""epsilon_force_multiplier"": 1.0, ""epsilon_std_multiplier"": 1.0, ""smooth_scale_floor_activated"": false}","[{""stage"": 0, ""cap"": 3000, ""force_epsilon"": 6.467464577569628e-08, ""uniformity_epsilon"": 0.0005633276970247417, ""iterations"": 2847, ""evaluations"": 2924, ""success"": true, ""status"": 0, ""message"": ""Optimization terminated successfully."", ""terminal_value"": -0.04967952502198156, ""terminal_gradient_l2"": 2.909196505244082e-08, ""terminal_gradient_inf"": 9.786484318588561e-09}, {""stage"": 1, ""cap"": 27000, ""force_epsilon"": 1.2934929155139256e-08, ""uniformity_epsilon"": 0.00011266553940494834, ""iterations"": 529, ""evaluations"": 531, ""success"": true, ""status"": 0, ""message"": ""Optimization terminated successfully."", ""terminal_value"": -0.04964893226625786, ""terminal_gradient_l2"": 3.351700663059374e-08, ""terminal_gradient_inf"": 9.222467860662688e-09}]",computed,"original loss, reduced gauge, raw SI units",True,1.3345673123198586e-08,,,0.9999999997382611,0.9999999999149912,000000000000049382001b184479,000000000000080f5c41bca175fe30e1,True,True,True,0.4579682255549827,0.0013121852010935,False,Co-scheduled sensitivity workers; use C7 serial timings for optimizer cost comparisons.,smoke,3.619111776447055e-06,3.619111776447055e-06,0.0002976793466107387
Triple,GFE,260869,1.0,1.0,1.0,1.0,0.001,1.0,1.0,1.0,1.0,1.0,50,0.05,30000,BFGS,1e-08,0.0001,0.9,10,40,0.0,1000000,0.03,0.9,0.999,1e-12,0.0001,cosine,0.0,continuous,first_stage_iterations,50,00000000000004921cad83c4211c,000000000000080f9a92d5ce7f342111,000000000000080f2d7b5efbd5a31fd5,-0.0496489322685374,0.0603438133903949,2.6672854899359344e-08,9.2722818760309e-09,8.883518221446848e-07,0.0300251029315896,True,0,Optimization terminated successfully.,True,True,2840,2943,10.173431300005175,0.0001071000006049,0.0164780000050086,"{""method"": ""Regularized-FE"", ""components"": {""force_smoothing"": true, ""pressure_retention"": true, ""uniformity"": true}, ""alpha_force"": 3000.0, ""beta_pressure"": 5e-05, ""gamma_uniformity"": 1.0, ""curvature_weight_override"": [[1.0, 0.0, 0.0], [0.0, 1.0, 0.0], [0.0, 0.0, 10.0]], ""pressure_epsilon_rel"": 0.001, ""smooth_stage_factors"": [0.05, 0.01], ""smooth_stage_maxiters"": [50, 29950], ""smooth_scale_floor"": 1e-20, ""gtol"": 1e-08, ""report_gradient_tol"": 0.001, ""compensate_effective_gravity"": true, ""h_m"": 0.0005, ""initial_force_scale_n"": 1.2934929155139256e-06, ""initial_loss_std_scale_n_m"": 0.011266553940494833, ""epsilon_force_multiplier"": 1.0, ""epsilon_std_multiplier"": 1.0, ""smooth_scale_floor_activated"": false}","[{""stage"": 0, ""cap"": 50, ""force_epsilon"": 6.467464577569628e-08, ""uniformity_epsilon"": 0.0005633276970247417, ""iterations"": 50, ""evaluations"": 67, ""success"": false, ""status"": 1, ""message"": ""Maximum number of iterations has been exceeded."", ""terminal_value"": 0.0006471327661748958, ""terminal_gradient_l2"": 0.023822795403333895, ""terminal_gradient_inf"": 0.007704322557998664}, {""stage"": 1, ""cap"": 29950, ""force_epsilon"": 1.2934929155139256e-08, ""uniformity_epsilon"": 0.00011266553940494834, ""iterations"": 2790, ""evaluations"": 2876, ""success"": true, ""status"": 0, ""message"": ""Optimization terminated successfully."", ""terminal_value"": -0.04964893226853741, ""terminal_gradient_l2"": 2.667285489935934e-08, ""terminal_gradient_inf"": 9.2722818760309e-09}]",computed,"original loss, reduced gauge, raw SI units",True,1.3345532696090818e-08,,,0.9999999999002602,0.9999999999568904,000000000000049382001b184479,000000000000080f5c41bca175fe30e1,True,True,True,0.4579691911474575,0.0013121848898283,False,Co-scheduled sensitivity workers; use C7 serial timings for optimizer cost comparisons.,smoke,3.6190965306402414e-06,3.6190965306402414e-06,0.0002976799742458474
Triple,GFE,260869,1.0,1.0,1.0,0.0,0.001,1.0,1.0,1.0,1.0,1.0,250,0.05,30000,BFGS,1e-08,0.0001,0.9,10,40,0.0,1000000,0.03,0.9,0.999,1e-12,0.0001,cosine,0.0,continuous,gamma_uniformity,0.0,0000000000000493ed6240d6423f,000000000000080f41229d3ec76414db,000000000000080f2d7b5efbd5a31fd5,-0.0496950411359728,0.0491893623959624,3.784963948380826e-08,9.18108409827048e-09,1.8668517594290024e-06,0.0202745822171681,True,0,Optimization terminated successfully.,True,True,2354,2436,8.635769800006528,0.0001050999999279,0.0159714000037638,"{""method"": ""Regularized-FE"", ""components"": {""force_smoothing"": true, ""pressure_retention"": true, ""uniformity"": true}, ""alpha_force"": 3000.0, ""beta_pressure"": 5e-05, ""gamma_uniformity"": 0.0, ""curvature_weight_override"": [[1.0, 0.0, 0.0], [0.0, 1.0, 0.0], [0.0, 0.0, 10.0]], ""pressure_epsilon_rel"": 0.001, ""smooth_stage_factors"": [0.05, 0.01], ""smooth_stage_maxiters"": [250, 29750], ""smooth_scale_floor"": 1e-20, ""gtol"": 1e-08, ""report_gradient_tol"": 0.001, ""compensate_effective_gravity"": true, ""h_m"": 0.0005, ""initial_force_scale_n"": 1.2934929155139256e-06, ""initial_loss_std_scale_n_m"": 0.011266553940494833, ""epsilon_force_multiplier"": 1.0, ""epsilon_std_multiplier"": 1.0, ""smooth_scale_floor_activated"": false}","[{""stage"": 0, ""cap"": 250, ""force_epsilon"": 6.467464577569628e-08, ""uniformity_epsilon"": 0.0005633276970247417, ""iterations"": 250, ""evaluations"": 284, ""success"": false, ""status"": 1, ""message"": ""Maximum number of iterations has been exceeded."", ""terminal_value"": -0.02984511210638184, ""terminal_gradient_l2"": 0.011350726406961113, ""terminal_gradient_inf"": 0.0036016775526150507}, {""stage"": 1, ""cap"": 29750, ""force_epsilon"": 1.2934929155139256e-08, ""uniformity_epsilon"": 0.00011266553940494834, ""iterations"": 2104, ""evaluations"": 2152, ""success"": true, ""status"": 0, ""message"": ""Optimization terminated successfully."", ""terminal_value"": -0.049695041135972805, ""terminal_gradient_l2"": 3.7849639483808264e-08, ""terminal_gradient_inf"": 9.181084098270481e-09}]",computed,"original loss, reduced gauge, raw SI units",True,1.4337037047733718e-08,,,0.9986826051588829,0.9990659068173886,000000000000049382001b184479,000000000000080f5c41bca175fe30e1,True,True,True,0.4675163188264432,0.0012155483936486,False,Co-scheduled sensitivity workers; use C7 serial timings for optimizer cost comparisons.,smoke,0.0028258533046441,0.0028258533046441,0.00030388560723718805
Triple,GFE,260869,1.0,1.0,1.0,0.03,0.001,1.0,1.0,1.0,1.0,1.0,250,0.05,30000,BFGS,1e-08,0.0001,0.9,10,40,0.0,1000000,0.03,0.9,0.999,1e-12,0.0001,cosine,0.0,continuous,gamma_uniformity,0.03,0000000000000494432afb1d6c40,000000000000080f77d41bc3cb8c219b,000000000000080f2d7b5efbd5a31fd5,-0.0496518182562233,0.0495239959257954,3.8416588975444644e-08,8.636706262890405e-09,1.891733222044864e-06,0.0203076144816647,True,0,Optimization terminated successfully.,True,True,2262,2339,8.660701699991478,0.0001371999969705,0.0146238000015728,"{""method"": ""Regularized-FE"", ""components"": {""force_smoothing"": true, ""pressure_retention"": true, ""uniformity"": true}, ""alpha_force"": 3000.0, ""beta_pressure"": 5e-05, ""gamma_uniformity"": 0.03, ""curvature_weight_override"": [[1.0, 0.0, 0.0], [0.0, 1.0, 0.0], [0.0, 0.0, 10.0]], ""pressure_epsilon_rel"": 0.001, ""smooth_stage_factors"": [0.05, 0.01], ""smooth_stage_maxiters"": [250, 29750], ""smooth_scale_floor"": 1e-20, ""gtol"": 1e-08, ""report_gradient_tol"": 0.001, ""compensate_effective_gravity"": true, ""h_m"": 0.0005, ""initial_force_scale_n"": 1.2934929155139256e-06, ""initial_loss_std_scale_n_m"": 0.011266553940494833, ""epsilon_force_multiplier"": 1.0, ""epsilon_std_multiplier"": 1.0, ""smooth_scale_floor_activated"": false}","[{""stage"": 0, ""cap"": 250, ""force_epsilon"": 6.467464577569628e-08, ""uniformity_epsilon"": 0.0005633276970247417, ""iterations"": 250, ""evaluations"": 289, ""success"": false, ""status"": 1, ""message"": ""Maximum number of iterations has been exceeded."", ""terminal_value"": -0.027486155362513642, ""terminal_gradient_l2"": 0.017422777975174737, ""terminal_gradient_inf"": 0.005857530954255984}, {""stage"": 1, ""cap"": 29750, ""force_epsilon"": 1.2934929155139256e-08, ""uniformity_epsilon"": 0.00011266553940494834, ""iterations"": 2012, ""evaluations"": 2050, ""success"": true, ""status"": 0, ""message"": ""Optimization terminated successfully."", ""terminal_value"": -0.04965181825622338, ""terminal_gradient_l2"": 3.841658897544464e-08, ""terminal_gradient_inf"": 8.636706262890405e-09}]",computed,"original loss, reduced gauge, raw SI units",True,1.3464152664850554e-08,,,0.9999791040703968,0.999986133346622,000000000000049382001b184479,000000000000080f5c41bca175fe30e1,True,True,True,0.4596216171114298,0.0013005668042372,False,Co-scheduled sensitivity workers; use C7 serial timings for optimizer cost comparisons.,smoke,0.0003405301463956,0.0003405301463956,0.00029875405112242935
Triple,GFE,260869,1.0,1.0,1.0,0.1,0.001,1.0,1.0,1.0,1.0,1.0,250,0.05,30000,BFGS,1e-08,0.0001,0.9,10,40,0.0,1000000,0.03,0.9,0.999,1e-12,0.0001,cosine,0.0,continuous,gamma_uniformity,0.1,0000000000000493ccc86bf04477,000000000000080f436a152fdabf11c5,000000000000080f2d7b5efbd5a31fd5,-0.0496494643621818,0.0503048074954056,2.9606101016706583e-08,9.825448055013394e-09,1.44679482565283e-06,0.0204632339650147,True,0,Optimization terminated successfully.,True,True,2322,2435,8.805813999992097,9.450000652577728e-05,0.014520500000799,"{""method"": ""Regularized-FE"", ""components"": {""force_smoothing"": true, ""pressure_retention"": true, ""uniformity"": true}, ""alpha_force"": 3000.0, ""beta_pressure"": 5e-05, ""gamma_uniformity"": 0.1, ""curvature_weight_override"": [[1.0, 0.0, 0.0], [0.0, 1.0, 0.0], [0.0, 0.0, 10.0]], ""pressure_epsilon_rel"": 0.001, ""smooth_stage_factors"": [0.05, 0.01], ""smooth_stage_maxiters"": [250, 29750], ""smooth_scale_floor"": 1e-20, ""gtol"": 1e-08, ""report_gradient_tol"": 0.001, ""compensate_effective_gravity"": true, ""h_m"": 0.0005, ""initial_force_scale_n"": 1.2934929155139256e-06, ""initial_loss_std_scale_n_m"": 0.011266553940494833, ""epsilon_force_multiplier"": 1.0, ""epsilon_std_multiplier"": 1.0, ""smooth_scale_floor_activated"": false}","[{""stage"": 0, ""cap"": 250, ""force_epsilon"": 6.467464577569628e-08, ""uniformity_epsilon"": 0.0005633276970247417, ""iterations"": 250, ""evaluations"": 306, ""success"": false, ""status"": 1, ""message"": ""Maximum number of iterations has been exceeded."", ""terminal_value"": -0.027751593690138517, ""terminal_gradient_l2"": 0.0077383577514111585, ""terminal_gradient_inf"": 0.0025431255488818356}, {""stage"": 1, ""cap"": 29750, ""force_epsilon"": 1.2934929155139256e-08, ""uniformity_epsilon"": 0.00011266553940494834, ""iterations"": 2072, ""evaluations"": 2129, ""success"": true, ""status"": 0, ""message"": ""Optimization terminated successfully."", ""terminal_value"": -0.0496494643621818, ""terminal_gradient_l2"": 2.960610101670658e-08, ""terminal_gradient_inf"": 9.825448055013394e-09}]",computed,"original loss, reduced gauge, raw SI units",True,1.3357635052021418e-08,,,0.9999997796307496,0.9999998560984968,000000000000049382001b184479,000000000000080f5c41bca175fe30e1,True,True,True,0.4581555289782892,0.0013110554819578,False,Co-scheduled sensitivity workers; use C7 serial timings for optimizer cost comparisons.,smoke,3.771319412870812e-05,3.771319412870812e-05,0.00029780109383588794
Triple,GFE,260869,1.0,1.0,1.0,0.3,0.001,1.0,1.0,1.0,1.0,1.0,250,0.05,30000,BFGS,1e-08,0.0001,0.9,10,40,0.0,1000000,0.03,0.9,0.999,1e-12,0.0001,cosine,0.0,continuous,gamma_uniformity,0.3,00000000000004938f9c3dbc48e7,000000000000080fa393209cab6914cc,000000000000080f2d7b5efbd5a31fd5,-0.0496490679145078,0.0525356976942921,2.84270392901116e-08,9.89083727371553e-09,1.3229930777704062e-06,0.0214869146088191,True,0,Optimization terminated successfully.,True,True,2312,2398,8.184730699998909,0.0001056999899446,0.0154620999965118,"{""method"": ""Regularized-FE"", ""components"": {""force_smoothing"": true, ""pressure_retention"": true, ""uniformity"": true}, ""alpha_force"": 3000.0, ""beta_pressure"": 5e-05, ""gamma_uniformity"": 0.3, ""curvature_weight_override"": [[1.0, 0.0, 0.0], [0.0, 1.0, 0.0], [0.0, 0.0, 10.0]], ""pressure_epsilon_rel"": 0.001, ""smooth_stage_factors"": [0.05, 0.01], ""smooth_stage_maxiters"": [250, 29750], ""smooth_scale_floor"": 1e-20, ""gtol"": 1e-08, ""report_gradient_tol"": 0.001, ""compensate_effective_gravity"": true, ""h_m"": 0.0005, ""initial_force_scale_n"": 1.2934929155139256e-06, ""initial_loss_std_scale_n_m"": 0.011266553940494833, ""epsilon_force_multiplier"": 1.0, ""epsilon_std_multiplier"": 1.0, ""smooth_scale_floor_activated"": false}","[{""stage"": 0, ""cap"": 250, ""force_epsilon"": 6.467464577569628e-08, ""uniformity_epsilon"": 0.0005633276970247417, ""iterations"": 250, ""evaluations"": 289, ""success"": false, ""status"": 1, ""message"": ""Maximum number of iterations has been exceeded."", ""terminal_value"": -0.029223134056176152, ""terminal_gradient_l2"": 0.01967236839005088, ""terminal_gradient_inf"": 0.00674956872394806}, {""stage"": 1, ""cap"": 29750, ""force_epsilon"": 1.2934929155139256e-08, ""uniformity_epsilon"": 0.00011266553940494834, ""iterations"": 2062, ""evaluations"": 2109, ""success"": true, ""status"": 0, ""message"": ""Optimization terminated successfully."", ""terminal_value"": -0.04964906791450787, ""terminal_gradient_l2"": 2.8427039290111596e-08, ""terminal_gradient_inf"": 9.89083727371553e-09}]",computed,"original loss, reduced gauge, raw SI units",True,1.3348280468735064e-08,,,0.9999999862773088,0.9999999909822498,000000000000049382001b184479,000000000000080f5c41bca175fe30e1,True,True,True,0.4580143714730122,0.0013118978025959,False,Co-scheduled sensitivity workers; use C7 serial timings for optimizer cost comparisons.,smoke,1.2092777780176036e-05,1.2092777780176036e-05,0.0002977093414574579
Triple,GFE,260869,1.0,1.0,1.0,1.0,0.001,1.0,1.0,1.0,1.0,1.0,250,0.05,30000,BFGS,1e-08,0.0001,0.9,10,40,0.0,1000000,0.03,0.9,0.999,1e-12,0.0001,cosine,0.0,continuous,gamma_uniformity,1.0,000000000000049382001b184479,000000000000080f5c41bca175fe30e1,000000000000080f2d7b5efbd5a31fd5,-0.0496489322685399,0.0603438133903949,3.307155120464556e-08,9.894782154094378e-09,1.1014633748299583e-06,0.0300251029315896,True,0,Optimization terminated successfully.,True,True,2777,2871,9.424814900005003,8.670000534038991e-05,0.0261399999872082,"{""method"": ""Regularized-FE"", ""components"": {""force_smoothing"": true, ""pressure_retention"": true, ""uniformity"": true}, ""alpha_force"": 3000.0, ""beta_pressure"": 5e-05, ""gamma_uniformity"": 1.0, ""curvature_weight_override"": [[1.0, 0.0, 0.0], [0.0, 1.0, 0.0], [0.0, 0.0, 10.0]], ""pressure_epsilon_rel"": 0.001, ""smooth_stage_factors"": [0.05, 0.01], ""smooth_stage_maxiters"": [250, 29750], ""smooth_scale_floor"": 1e-20, ""gtol"": 1e-08, ""report_gradient_tol"": 0.001, ""compensate_effective_gravity"": true, ""h_m"": 0.0005, ""initial_force_scale_n"": 1.2934929155139256e-06, ""initial_loss_std_scale_n_m"": 0.011266553940494833, ""epsilon_force_multiplier"": 1.0, ""epsilon_std_multiplier"": 1.0, ""smooth_scale_floor_activated"": false}","[{""stage"": 0, ""cap"": 250, ""force_epsilon"": 6.467464577569628e-08, ""uniformity_epsilon"": 0.0005633276970247417, ""iterations"": 250, ""evaluations"": 288, ""success"": false, ""status"": 1, ""message"": ""Maximum number of iterations has been exceeded."", ""terminal_value"": -0.024506645236742886, ""terminal_gradient_l2"": 0.01752334601898978, ""terminal_gradient_inf"": 0.004209316855187494}, {""stage"": 1, ""cap"": 29750, ""force_epsilon"": 1.2934929155139256e-08, ""uniformity_epsilon"": 0.00011266553940494834, ""iterations"": 2527, ""evaluations"": 2583, ""success"": true, ""status"": 0, ""message"": ""Optimization terminated successfully."", ""terminal_value"": -0.049648932268539954, ""terminal_gradient_l2"": 3.307155120464556e-08, ""terminal_gradient_inf"": 9.894782154094378e-09}]",reused,"original loss, reduced gauge, raw SI units",True,1.3345442864029888e-08,,,1.0,0.9999999999999994,000000000000049382001b184479,000000000000080f5c41bca175fe30e1,True,True,True,0.4579675383985165,0.0013121841697281,False,Co-scheduled sensitivity workers; use C7 serial timings for optimizer cost comparisons.,smoke,3.618937673684308e-06,3.618937673684308e-06,0.00029767889995903574
Triple,GFE,260869,1.0,1.0,1.0,10.0,0.001,1.0,1.0,1.0,1.0,1.0,250,0.05,30000,BFGS,1e-08,0.0001,0.9,10,40,0.0,1000000,0.03,0.9,0.999,1e-12,0.0001,cosine,0.0,continuous,gamma_uniformity,10.0,0000000000000494813cec0167d5,000000000000080f797c3c97e7e71423,000000000000080f2d7b5efbd5a31fd5,-0.0496488799382639,0.1607338723402872,2.8253764413495475e-08,7.429020543535907e-09,1.307777101588121e-07,0.2160441896343424,True,0,Optimization terminated successfully.,True,True,3980,4175,16.329929500003345,9.57000011112541e-05,0.0150149000110104,"{""method"": ""Regularized-FE"", ""components"": {""force_smoothing"": true, ""pressure_retention"": true, ""uniformity"": true}, ""alpha_force"": 3000.0, ""beta_pressure"": 5e-05, ""gamma_uniformity"": 10.0, ""curvature_weight_override"": [[1.0, 0.0, 0.0], [0.0, 1.0, 0.0], [0.0, 0.0, 10.0]], ""pressure_epsilon_rel"": 0.001, ""smooth_stage_factors"": [0.05, 0.01], ""smooth_stage_maxiters"": [250, 29750], ""smooth_scale_floor"": 1e-20, ""gtol"": 1e-08, ""report_gradient_tol"": 0.001, ""compensate_effective_gravity"": true, ""h_m"": 0.0005, ""initial_force_scale_n"": 1.2934929155139256e-06, ""initial_loss_std_scale_n_m"": 0.011266553940494833, ""epsilon_force_multiplier"": 1.0, ""epsilon_std_multiplier"": 1.0, ""smooth_scale_floor_activated"": false}","[{""stage"": 0, ""cap"": 250, ""force_epsilon"": 6.467464577569628e-08, ""uniformity_epsilon"": 0.0005633276970247417, ""iterations"": 250, ""evaluations"": 300, ""success"": false, ""status"": 1, ""message"": ""Maximum number of iterations has been exceeded."", ""terminal_value"": -0.021121691773254514, ""terminal_gradient_l2"": 0.034695712299487265, ""terminal_gradient_inf"": 0.010723420597754725}, {""stage"": 1, ""cap"": 29750, ""force_epsilon"": 1.2934929155139256e-08, ""uniformity_epsilon"": 0.00011266553940494834, ""iterations"": 3730, ""evaluations"": 3875, ""success"": true, ""status"": 0, ""message"": ""Optimization terminated successfully."", ""terminal_value"": -0.04964887993826394, ""terminal_gradient_l2"": 2.8253764413495475e-08, ""terminal_gradient_inf"": 7.429020543535907e-09}]",computed,"original loss, reduced gauge, raw SI units",True,1.3344593974326889e-08,,,0.9999999980239364,0.9999999987266612,000000000000049382001b184479,000000000000080f5c41bca175fe30e1,True,True,True,0.4579497790858836,0.0013122927624772,False,Co-scheduled sensitivity workers; use C7 serial timings for optimizer cost comparisons.,smoke,3.621097140950006e-07,3.621097140950006e-07,0.00029766735640582434
Triple,GFE,260869,1.0,1.0,1.0,3.0,0.001,1.0,1.0,1.0,1.0,1.0,250,0.05,30000,BFGS,1e-08,0.0001,0.9,10,40,0.0,1000000,0.03,0.9,0.999,1e-12,0.0001,cosine,0.0,continuous,gamma_uniformity,3.0,00000000000004935cc4ac8448ed,000000000000080fdf35ca4a64710c85,000000000000080f2d7b5efbd5a31fd5,-0.0496488935111811,0.0826527153792598,4.21355539871692e-08,1.4682575927244473e-08,6.185907951377286e-07,0.0681153911735588,False,2,Desired error not necessarily achieved due to precision loss.,False,True,2756,2903,10.242073799992797,0.0001014000008581,0.0220982000028016,"{""method"": ""Regularized-FE"", ""components"": {""force_smoothing"": true, ""pressure_retention"": true, ""uniformity"": true}, ""alpha_force"": 3000.0, ""beta_pressure"": 5e-05, ""gamma_uniformity"": 3.0, ""curvature_weight_override"": [[1.0, 0.0, 0.0], [0.0, 1.0, 0.0], [0.0, 0.0, 10.0]], ""pressure_epsilon_rel"": 0.001, ""smooth_stage_factors"": [0.05, 0.01], ""smooth_stage_maxiters"": [250, 29750], ""smooth_scale_floor"": 1e-20, ""gtol"": 1e-08, ""report_gradient_tol"": 0.001, ""compensate_effective_gravity"": true, ""h_m"": 0.0005, ""initial_force_scale_n"": 1.2934929155139256e-06, ""initial_loss_std_scale_n_m"": 0.011266553940494833, ""epsilon_force_multiplier"": 1.0, ""epsilon_std_multiplier"": 1.0, ""smooth_scale_floor_activated"": false}","[{""stage"": 0, ""cap"": 250, ""force_epsilon"": 6.467464577569628e-08, ""uniformity_epsilon"": 0.0005633276970247417, ""iterations"": 250, ""evaluations"": 293, ""success"": false, ""status"": 1, ""message"": ""Maximum number of iterations has been exceeded."", ""terminal_value"": -0.02448361053604599, ""terminal_gradient_l2"": 0.01616164356025041, ""terminal_gradient_inf"": 0.006637384296923562}, {""stage"": 1, ""cap"": 29750, ""force_epsilon"": 1.2934929155139256e-08, ""uniformity_epsilon"": 0.00011266553940494834, ""iterations"": 2506, ""evaluations"": 2610, ""success"": false, ""status"": 2, ""message"": ""Desired error not necessarily achieved due to precision loss."", ""terminal_value"": -0.04964889351118114, ""terminal_gradient_l2"": 4.21355539871692e-08, ""terminal_gradient_inf"": 1.4682575927244473e-08}]",computed,"original loss, reduced gauge, raw SI units",True,1.3344378621262363e-08,,,0.9999999983346276,0.9999999991997036,000000000000049382001b184479,000000000000080f5c41bca175fe30e1,True,True,True,0.4579546084912393,0.0013122662466386,False,Co-scheduled sensitivity workers; use C7 serial timings for optimizer cost comparisons.,smoke,1.2067698575962016e-06,1.2067698575962016e-06,0.00029767049551930553
Triple,GFE,260869,1.0,1.0,1.0,0.1,0.001,1.0,0.1,1.0,1.0,1.0,250,0.05,30000,BFGS,1e-08,0.0001,0.9,10,40,0.0,1000000,0.03,0.9,0.999,1e-12,0.0001,cosine,0.0,interactions,gamma_x_epsilon_std,"0.1,0.1",00000000000004931a4338d74475,000000000000080fc8de21a282a80fa3,000000000000080f2d7b5efbd5a31fd5,-0.0496489338314641,0.0503148916259146,3.6606451972928975e-08,7.786827082480598e-09,1.7888875954122166e-06,0.0204632488183214,True,0,Optimization terminated successfully.,True,True,2214,2287,8.130750299998908,0.0001020999916363,0.0156185999949229,"{""method"": ""Regularized-FE"", ""components"": {""force_smoothing"": true, ""pressure_retention"": true, ""uniformity"": true}, ""alpha_force"": 3000.0, ""beta_pressure"": 5e-05, ""gamma_uniformity"": 0.1, ""curvature_weight_override"": [[1.0, 0.0, 0.0], [0.0, 1.0, 0.0], [0.0, 0.0, 10.0]], ""pressure_epsilon_rel"": 0.001, ""smooth_stage_factors"": [0.05, 0.01], ""smooth_stage_maxiters"": [250, 29750], ""smooth_scale_floor"": 1e-20, ""gtol"": 1e-08, ""report_gradient_tol"": 0.001, ""compensate_effective_gravity"": true, ""h_m"": 0.0005, ""initial_force_scale_n"": 1.2934929155139256e-06, ""initial_loss_std_scale_n_m"": 0.011266553940494833, ""epsilon_force_multiplier"": 1.0, ""epsilon_std_multiplier"": 0.1, ""smooth_scale_floor_activated"": false}","[{""stage"": 0, ""cap"": 250, ""force_epsilon"": 6.467464577569628e-08, ""uniformity_epsilon"": 5.633276970247418e-05, ""iterations"": 250, ""evaluations"": 289, ""success"": false, ""status"": 1, ""message"": ""Maximum number of iterations has been exceeded."", ""terminal_value"": -0.026565676703132098, ""terminal_gradient_l2"": 0.007745981733079574, ""terminal_gradient_inf"": 0.002608393101262222}, {""stage"": 1, ""cap"": 29750, ""force_epsilon"": 1.2934929155139256e-08, ""uniformity_epsilon"": 1.1266553940494835e-05, ""iterations"": 1964, ""evaluations"": 1998, ""success"": true, ""status"": 0, ""message"": ""Optimization terminated successfully."", ""terminal_value"": -0.04964893383146413, ""terminal_gradient_l2"": 3.660645197292897e-08, ""terminal_gradient_inf"": 7.786827082480598e-09}]",computed,"original loss, reduced gauge, raw SI units",True,1.3345603802749845e-08,,,0.9999999999082602,0.9999999999595176,000000000000049382001b184479,000000000000080f5c41bca175fe30e1,True,True,True,0.457969215472886,0.0013121778273572,False,Co-scheduled sensitivity workers; use C7 serial timings for optimizer cost comparisons.,smoke,3.819072221352256e-06,3.819072221352256e-06,0.0002976799900573759
Triple,GFE,260869,1.0,1.0,1.0,0.1,0.001,1.0,1.0,1.0,1.0,1.0,250,0.05,30000,BFGS,1e-08,0.0001,0.9,10,40,0.0,1000000,0.03,0.9,0.999,1e-12,0.0001,cosine,0.0,interactions,gamma_x_epsilon_std,"0.1,1",0000000000000493ccc86bf04477,000000000000080f436a152fdabf11c5,000000000000080f2d7b5efbd5a31fd5,-0.0496494643621818,0.0503048074954056,2.9606101016706583e-08,9.825448055013394e-09,1.44679482565283e-06,0.0204632339650147,True,0,Optimization terminated successfully.,True,True,2322,2435,8.805813999992097,9.450000652577728e-05,0.014520500000799,"{""method"": ""Regularized-FE"", ""components"": {""force_smoothing"": true, ""pressure_retention"": true, ""uniformity"": true}, ""alpha_force"": 3000.0, ""beta_pressure"": 5e-05, ""gamma_uniformity"": 0.1, ""curvature_weight_override"": [[1.0, 0.0, 0.0], [0.0, 1.0, 0.0], [0.0, 0.0, 10.0]], ""pressure_epsilon_rel"": 0.001, ""smooth_stage_factors"": [0.05, 0.01], ""smooth_stage_maxiters"": [250, 29750], ""smooth_scale_floor"": 1e-20, ""gtol"": 1e-08, ""report_gradient_tol"": 0.001, ""compensate_effective_gravity"": true, ""h_m"": 0.0005, ""initial_force_scale_n"": 1.2934929155139256e-06, ""initial_loss_std_scale_n_m"": 0.011266553940494833, ""epsilon_force_multiplier"": 1.0, ""epsilon_std_multiplier"": 1.0, ""smooth_scale_floor_activated"": false}","[{""stage"": 0, ""cap"": 250, ""force_epsilon"": 6.467464577569628e-08, ""uniformity_epsilon"": 0.0005633276970247417, ""iterations"": 250, ""evaluations"": 306, ""success"": false, ""status"": 1, ""message"": ""Maximum number of iterations has been exceeded."", ""terminal_value"": -0.027751593690138517, ""terminal_gradient_l2"": 0.0077383577514111585, ""terminal_gradient_inf"": 0.0025431255488818356}, {""stage"": 1, ""cap"": 29750, ""force_epsilon"": 1.2934929155139256e-08, ""uniformity_epsilon"": 0.00011266553940494834, ""iterations"": 2072, ""evaluations"": 2129, ""success"": true, ""status"": 0, ""message"": ""Optimization terminated successfully."", ""terminal_value"": -0.0496494643621818, ""terminal_gradient_l2"": 2.960610101670658e-08, ""terminal_gradient_inf"": 9.825448055013394e-09}]",computed,"original loss, reduced gauge, raw SI units",True,1.3357635052021418e-08,,,0.9999997796307496,0.9999998560984968,000000000000049382001b184479,000000000000080f5c41bca175fe30e1,True,True,True,0.4581555289782892,0.0013110554819578,False,Co-scheduled sensitivity workers; use C7 serial timings for optimizer cost comparisons.,smoke,3.771319412870812e-05,3.771319412870812e-05,0.00029780109383588794
Triple,GFE,260869,1.0,1.0,1.0,0.1,0.001,1.0,10.0,1.0,1.0,1.0,250,0.05,30000,BFGS,1e-08,0.0001,0.9,10,40,0.0,1000000,0.03,0.9,0.999,1e-12,0.0001,cosine,0.0,interactions,gamma_x_epsilon_std,"0.1,10",0000000000000494452c94955a42,000000000000080fc7ee9e7a820f0992,000000000000080f2d7b5efbd5a31fd5,-0.0496541661749621,0.0502089714426903,4.096951022464101e-08,9.634860552923749e-09,2.0022473867651505e-06,0.0204617623653547,True,0,Optimization terminated successfully.,True,True,2104,2196,7.148781500000041,0.0004583999980241,0.0166445999930147,"{""method"": ""Regularized-FE"", ""components"": {""force_smoothing"": true, ""pressure_retention"": true, ""uniformity"": true}, ""alpha_force"": 3000.0, ""beta_pressure"": 5e-05, ""gamma_uniformity"": 0.1, ""curvature_weight_override"": [[1.0, 0.0, 0.0], [0.0, 1.0, 0.0], [0.0, 0.0, 10.0]], ""pressure_epsilon_rel"": 0.001, ""smooth_stage_factors"": [0.05, 0.01], ""smooth_stage_maxiters"": [250, 29750], ""smooth_scale_floor"": 1e-20, ""gtol"": 1e-08, ""report_gradient_tol"": 0.001, ""compensate_effective_gravity"": true, ""h_m"": 0.0005, ""initial_force_scale_n"": 1.2934929155139256e-06, ""initial_loss_std_scale_n_m"": 0.011266553940494833, ""epsilon_force_multiplier"": 1.0, ""epsilon_std_multiplier"": 10.0, ""smooth_scale_floor_activated"": false}","[{""stage"": 0, ""cap"": 250, ""force_epsilon"": 6.467464577569628e-08, ""uniformity_epsilon"": 0.005633276970247417, ""iterations"": 250, ""evaluations"": 295, ""success"": false, ""status"": 1, ""message"": ""Maximum number of iterations has been exceeded."", ""terminal_value"": -0.027706095161023035, ""terminal_gradient_l2"": 0.008647608181802864, ""terminal_gradient_inf"": 0.002601717977790502}, {""stage"": 1, ""cap"": 29750, ""force_epsilon"": 1.2934929155139256e-08, ""uniformity_epsilon"": 0.0011266553940494834, ""iterations"": 1854, ""evaluations"": 1901, ""success"": true, ""status"": 0, ""message"": ""Optimization terminated successfully."", ""terminal_value"": -0.049654166174962135, ""terminal_gradient_l2"": 4.0969510224641004e-08, ""terminal_gradient_inf"": 9.634860552923747e-09}]",computed,"original loss, reduced gauge, raw SI units",True,1.3462210277020469e-08,,,0.999979711502149,0.9999865358783628,000000000000049382001b184479,000000000000080f5c41bca175fe30e1,True,True,True,0.4596004118540696,0.0013007491480778,False,Co-scheduled sensitivity workers; use C7 serial timings for optimizer cost comparisons.,smoke,0.0003354476373163,0.0003354476373163,0.0002987402677051452
Triple,GFE,260869,1.0,1.0,1.0,1.0,0.001,1.0,0.1,1.0,1.0,1.0,250,0.05,30000,BFGS,1e-08,0.0001,0.9,10,40,0.0,1000000,0.03,0.9,0.999,1e-12,0.0001,cosine,0.0,interactions,gamma_x_epsilon_std,"1,0.1",0000000000000493548b483f4477,000000000000080f6faa4802ba3c1f65,000000000000080f2d7b5efbd5a31fd5,-0.0496488799383397,0.0604446546954847,4.603090708064792e-08,1.4806100455180204e-08,1.5330407588839947e-06,0.0300258860137267,False,2,Desired error not necessarily achieved due to precision loss.,False,True,3535,3720,13.136695599998347,9.90999978967011e-05,0.014373500001966,"{""method"": ""Regularized-FE"", ""components"": {""force_smoothing"": true, ""pressure_retention"": true, ""uniformity"": true}, ""alpha_force"": 3000.0, ""beta_pressure"": 5e-05, ""gamma_uniformity"": 1.0, ""curvature_weight_override"": [[1.0, 0.0, 0.0], [0.0, 1.0, 0.0], [0.0, 0.0, 10.0]], ""pressure_epsilon_rel"": 0.001, ""smooth_stage_factors"": [0.05, 0.01], ""smooth_stage_maxiters"": [250, 29750], ""smooth_scale_floor"": 1e-20, ""gtol"": 1e-08, ""report_gradient_tol"": 0.001, ""compensate_effective_gravity"": true, ""h_m"": 0.0005, ""initial_force_scale_n"": 1.2934929155139256e-06, ""initial_loss_std_scale_n_m"": 0.011266553940494833, ""epsilon_force_multiplier"": 1.0, ""epsilon_std_multiplier"": 0.1, ""smooth_scale_floor_activated"": false}","[{""stage"": 0, ""cap"": 250, ""force_epsilon"": 6.467464577569628e-08, ""uniformity_epsilon"": 5.633276970247418e-05, ""iterations"": 250, ""evaluations"": 301, ""success"": false, ""status"": 1, ""message"": ""Maximum number of iterations has been exceeded."", ""terminal_value"": -0.02254616059978307, ""terminal_gradient_l2"": 0.019807650764232087, ""terminal_gradient_inf"": 0.007032792499748449}, {""stage"": 1, ""cap"": 29750, ""force_epsilon"": 1.2934929155139256e-08, ""uniformity_epsilon"": 1.1266553940494835e-05, ""iterations"": 3285, ""evaluations"": 3419, ""success"": false, ""status"": 2, ""message"": ""Desired error not necessarily achieved due to precision loss."", ""terminal_value"": -0.049648879938339704, ""terminal_gradient_l2"": 4.6030907080647917e-08, ""terminal_gradient_inf"": 1.4806100455180205e-08}]",computed,"original loss, reduced gauge, raw SI units",True,1.3344214020979869e-08,,,0.9999999979033302,0.9999999986177772,000000000000049382001b184479,000000000000080f5c41bca175fe30e1,True,True,True,0.4579499243082229,0.0013122953202289,False,Co-scheduled sensitivity workers; use C7 serial timings for optimizer cost comparisons.,smoke,3.622938039682445e-07,3.622938039682445e-07,0.00029766745080034486
Triple,GFE,260869,1.0,1.0,1.0,1.0,0.001,1.0,1.0,1.0,1.0,1.0,250,0.05,30000,BFGS,1e-08,0.0001,0.9,10,40,0.0,1000000,0.03,0.9,0.999,1e-12,0.0001,cosine,0.0,interactions,gamma_x_epsilon_std,"1,1",000000000000049382001b184479,000000000000080f5c41bca175fe30e1,000000000000080f2d7b5efbd5a31fd5,-0.0496489322685399,0.0603438133903949,3.307155120464556e-08,9.894782154094378e-09,1.1014633748299583e-06,0.0300251029315896,True,0,Optimization terminated successfully.,True,True,2777,2871,9.424814900005003,8.670000534038991e-05,0.0261399999872082,"{""method"": ""Regularized-FE"", ""components"": {""force_smoothing"": true, ""pressure_retention"": true, ""uniformity"": true}, ""alpha_force"": 3000.0, ""beta_pressure"": 5e-05, ""gamma_uniformity"": 1.0, ""curvature_weight_override"": [[1.0, 0.0, 0.0], [0.0, 1.0, 0.0], [0.0, 0.0, 10.0]], ""pressure_epsilon_rel"": 0.001, ""smooth_stage_factors"": [0.05, 0.01], ""smooth_stage_maxiters"": [250, 29750], ""smooth_scale_floor"": 1e-20, ""gtol"": 1e-08, ""report_gradient_tol"": 0.001, ""compensate_effective_gravity"": true, ""h_m"": 0.0005, ""initial_force_scale_n"": 1.2934929155139256e-06, ""initial_loss_std_scale_n_m"": 0.011266553940494833, ""epsilon_force_multiplier"": 1.0, ""epsilon_std_multiplier"": 1.0, ""smooth_scale_floor_activated"": false}","[{""stage"": 0, ""cap"": 250, ""force_epsilon"": 6.467464577569628e-08, ""uniformity_epsilon"": 0.0005633276970247417, ""iterations"": 250, ""evaluations"": 288, ""success"": false, ""status"": 1, ""message"": ""Maximum number of iterations has been exceeded."", ""terminal_value"": -0.024506645236742886, ""terminal_gradient_l2"": 0.01752334601898978, ""terminal_gradient_inf"": 0.004209316855187494}, {""stage"": 1, ""cap"": 29750, ""force_epsilon"": 1.2934929155139256e-08, ""uniformity_epsilon"": 0.00011266553940494834, ""iterations"": 2527, ""evaluations"": 2583, ""success"": true, ""status"": 0, ""message"": ""Optimization terminated successfully."", ""terminal_value"": -0.049648932268539954, ""terminal_gradient_l2"": 3.307155120464556e-08, ""terminal_gradient_inf"": 9.894782154094378e-09}]",reused,"original loss, reduced gauge, raw SI units",True,1.3345442864029888e-08,,,1.0,0.9999999999999994,000000000000049382001b184479,000000000000080f5c41bca175fe30e1,True,True,True,0.4579675383985165,0.0013121841697281,False,Co-scheduled sensitivity workers; use C7 serial timings for optimizer cost comparisons.,smoke,3.618937673684308e-06,3.618937673684308e-06,0.00029767889995903574
Triple,GFE,260869,1.0,1.0,1.0,1.0,0.001,1.0,10.0,1.0,1.0,1.0,250,0.05,30000,BFGS,1e-08,0.0001,0.9,10,40,0.0,1000000,0.03,0.9,0.999,1e-12,0.0001,cosine,0.0,interactions,gamma_x_epsilon_std,"1,10",00000000000004940be4e47d5a44,000000000000080fd39d688bc6c12550,000000000000080f2d7b5efbd5a31fd5,-0.0496494494188358,0.059385452863242,2.9763098660591e-08,7.718898163685403e-09,9.938437641329453e-07,0.0299474623021427,True,0,Optimization terminated successfully.,True,True,2343,2452,8.186179700001958,9.020000288728625e-05,0.0155484999995678,"{""method"": ""Regularized-FE"", ""components"": {""force_smoothing"": true, ""pressure_retention"": true, ""uniformity"": true}, ""alpha_force"": 3000.0, ""beta_pressure"": 5e-05, ""gamma_uniformity"": 1.0, ""curvature_weight_override"": [[1.0, 0.0, 0.0], [0.0, 1.0, 0.0], [0.0, 0.0, 10.0]], ""pressure_epsilon_rel"": 0.001, ""smooth_stage_factors"": [0.05, 0.01], ""smooth_stage_maxiters"": [250, 29750], ""smooth_scale_floor"": 1e-20, ""gtol"": 1e-08, ""report_gradient_tol"": 0.001, ""compensate_effective_gravity"": true, ""h_m"": 0.0005, ""initial_force_scale_n"": 1.2934929155139256e-06, ""initial_loss_std_scale_n_m"": 0.011266553940494833, ""epsilon_force_multiplier"": 1.0, ""epsilon_std_multiplier"": 10.0, ""smooth_scale_floor_activated"": false}","[{""stage"": 0, ""cap"": 250, ""force_epsilon"": 6.467464577569628e-08, ""uniformity_epsilon"": 0.005633276970247417, ""iterations"": 250, ""evaluations"": 288, ""success"": false, ""status"": 1, ""message"": ""Maximum number of iterations has been exceeded."", ""terminal_value"": -0.026038207758772896, ""terminal_gradient_l2"": 0.011125499618572466, ""terminal_gradient_inf"": 0.003208652037673653}, {""stage"": 1, ""cap"": 29750, ""force_epsilon"": 1.2934929155139256e-08, ""uniformity_epsilon"": 0.0011266553940494834, ""iterations"": 2093, ""evaluations"": 2164, ""success"": true, ""status"": 0, ""message"": ""Optimization terminated successfully."", ""terminal_value"": -0.04964944941883589, ""terminal_gradient_l2"": 2.9763098660590998e-08, ""terminal_gradient_inf"": 7.718898163685403e-09}]",computed,"original loss, reduced gauge, raw SI units",True,1.3356897983246642e-08,,,0.999999804108636,0.999999871669674,000000000000049382001b184479,000000000000080f5c41bca175fe30e1,True,True,True,0.4581452581552269,0.001311116889207,False,Co-scheduled sensitivity workers; use C7 serial timings for optimizer cost comparisons.,smoke,3.58040876752919e-05,3.58040876752919e-05,0.00029779441780089744
Triple,GFE,260869,1.0,1.0,1.0,10.0,0.001,1.0,0.1,1.0,1.0,1.0,250,0.05,30000,BFGS,1e-08,0.0001,0.9,10,40,0.0,1000000,0.03,0.9,0.999,1e-12,0.0001,cosine,0.0,interactions,gamma_x_epsilon_std,"10,0.1",000000000000049424e0d23967d3,000000000000080fe25d69faef391456,000000000000080f2d7b5efbd5a31fd5,-0.0496488746875353,0.1617422853911855,1.5126640270531145e-07,4.481637620595022e-08,7.001299435534972e-07,0.2160547539754712,False,2,Desired error not necessarily achieved due to precision loss.,False,True,10532,11102,33.178978600000846,0.0001021999923978,0.0147960000031162,"{""method"": ""Regularized-FE"", ""components"": {""force_smoothing"": true, ""pressure_retention"": true, ""uniformity"": true}, ""alpha_force"": 3000.0, ""beta_pressure"": 5e-05, ""gamma_uniformity"": 10.0, ""curvature_weight_override"": [[1.0, 0.0, 0.0], [0.0, 1.0, 0.0], [0.0, 0.0, 10.0]], ""pressure_epsilon_rel"": 0.001, ""smooth_stage_factors"": [0.05, 0.01], ""smooth_stage_maxiters"": [250, 29750], ""smooth_scale_floor"": 1e-20, ""gtol"": 1e-08, ""report_gradient_tol"": 0.001, ""compensate_effective_gravity"": true, ""h_m"": 0.0005, ""initial_force_scale_n"": 1.2934929155139256e-06, ""initial_loss_std_scale_n_m"": 0.011266553940494833, ""epsilon_force_multiplier"": 1.0, ""epsilon_std_multiplier"": 0.1, ""smooth_scale_floor_activated"": false}","[{""stage"": 0, ""cap"": 250, ""force_epsilon"": 6.467464577569628e-08, ""uniformity_epsilon"": 5.633276970247418e-05, ""iterations"": 250, ""evaluations"": 337, ""success"": false, ""status"": 1, ""message"": ""Maximum number of iterations has been exceeded."", ""terminal_value"": -0.014908309146838312, ""terminal_gradient_l2"": 0.034234557639783475, ""terminal_gradient_inf"": 0.011525731117293988}, {""stage"": 1, ""cap"": 29750, ""force_epsilon"": 1.2934929155139256e-08, ""uniformity_epsilon"": 1.1266553940494835e-05, ""iterations"": 10282, ""evaluations"": 10765, ""success"": false, ""status"": 2, ""message"": ""Desired error not necessarily achieved due to precision loss."", ""terminal_value"": -0.049648874687535385, ""terminal_gradient_l2"": 1.5126640270531145e-07, ""terminal_gradient_inf"": 4.481637620595022e-08}]",computed,"original loss, reduced gauge, raw SI units",True,1.3344212358508948e-08,,,0.9999999973377064,0.9999999982720998,000000000000049382001b184479,000000000000080f5c41bca175fe30e1,True,True,True,0.4579494806924513,0.0013123071698122,False,Co-scheduled sensitivity workers; use C7 serial timings for optimizer cost comparisons.,smoke,3.6207049508519294e-08,3.6207049508519294e-08,0.0002976671624500933
Triple,GFE,260869,1.0,1.0,1.0,10.0,0.001,1.0,1.0,1.0,1.0,1.0,250,0.05,30000,BFGS,1e-08,0.0001,0.9,10,40,0.0,1000000,0.03,0.9,0.999,1e-12,0.0001,cosine,0.0,interactions,gamma_x_epsilon_std,"10,1",0000000000000494813cec0167d5,000000000000080f797c3c97e7e71423,000000000000080f2d7b5efbd5a31fd5,-0.0496488799382639,0.1607338723402872,2.8253764413495475e-08,7.429020543535907e-09,1.307777101588121e-07,0.2160441896343424,True,0,Optimization terminated successfully.,True,True,3980,4175,16.329929500003345,9.57000011112541e-05,0.0150149000110104,"{""method"": ""Regularized-FE"", ""components"": {""force_smoothing"": true, ""pressure_retention"": true, ""uniformity"": true}, ""alpha_force"": 3000.0, ""beta_pressure"": 5e-05, ""gamma_uniformity"": 10.0, ""curvature_weight_override"": [[1.0, 0.0, 0.0], [0.0, 1.0, 0.0], [0.0, 0.0, 10.0]], ""pressure_epsilon_rel"": 0.001, ""smooth_stage_factors"": [0.05, 0.01], ""smooth_stage_maxiters"": [250, 29750], ""smooth_scale_floor"": 1e-20, ""gtol"": 1e-08, ""report_gradient_tol"": 0.001, ""compensate_effective_gravity"": true, ""h_m"": 0.0005, ""initial_force_scale_n"": 1.2934929155139256e-06, ""initial_loss_std_scale_n_m"": 0.011266553940494833, ""epsilon_force_multiplier"": 1.0, ""epsilon_std_multiplier"": 1.0, ""smooth_scale_floor_activated"": false}","[{""stage"": 0, ""cap"": 250, ""force_epsilon"": 6.467464577569628e-08, ""uniformity_epsilon"": 0.0005633276970247417, ""iterations"": 250, ""evaluations"": 300, ""success"": false, ""status"": 1, ""message"": ""Maximum number of iterations has been exceeded."", ""terminal_value"": -0.021121691773254514, ""terminal_gradient_l2"": 0.034695712299487265, ""terminal_gradient_inf"": 0.010723420597754725}, {""stage"": 1, ""cap"": 29750, ""force_epsilon"": 1.2934929155139256e-08, ""uniformity_epsilon"": 0.00011266553940494834, ""iterations"": 3730, ""evaluations"": 3875, ""success"": true, ""status"": 0, ""message"": ""Optimization terminated successfully."", ""terminal_value"": -0.04964887993826394, ""terminal_gradient_l2"": 2.8253764413495475e-08, ""terminal_gradient_inf"": 7.429020543535907e-09}]",computed,"original loss, reduced gauge, raw SI units",True,1.3344593974326889e-08,,,0.9999999980239364,0.9999999987266612,000000000000049382001b184479,000000000000080f5c41bca175fe30e1,True,True,True,0.4579497790858836,0.0013122927624772,False,Co-scheduled sensitivity workers; use C7 serial timings for optimizer cost comparisons.,smoke,3.621097140950006e-07,3.621097140950006e-07,0.00029766735640582434
Triple,GFE,260869,1.0,1.0,1.0,10.0,0.001,1.0,10.0,1.0,1.0,1.0,250,0.05,30000,BFGS,1e-08,0.0001,0.9,10,40,0.0,1000000,0.03,0.9,0.999,1e-12,0.0001,cosine,0.0,interactions,gamma_x_epsilon_std,"10,10",0000000000000495bc6d9d297dd0,000000000000080fcb09c4abd97c2969,000000000000080f2d7b5efbd5a31fd5,-0.0496489322534945,0.1511502670687581,3.575965186484889e-08,9.946517534918854e-09,1.663273386919378e-07,0.2149956353902885,True,0,Optimization terminated successfully.,True,True,2715,2819,8.83965559999342,0.0001023999939206,0.015689799998654,"{""method"": ""Regularized-FE"", ""components"": {""force_smoothing"": true, ""pressure_retention"": true, ""uniformity"": true}, ""alpha_force"": 3000.0, ""beta_pressure"": 5e-05, ""gamma_uniformity"": 10.0, ""curvature_weight_override"": [[1.0, 0.0, 0.0], [0.0, 1.0, 0.0], [0.0, 0.0, 10.0]], ""pressure_epsilon_rel"": 0.001, ""smooth_stage_factors"": [0.05, 0.01], ""smooth_stage_maxiters"": [250, 29750], ""smooth_scale_floor"": 1e-20, ""gtol"": 1e-08, ""report_gradient_tol"": 0.001, ""compensate_effective_gravity"": true, ""h_m"": 0.0005, ""initial_force_scale_n"": 1.2934929155139256e-06, ""initial_loss_std_scale_n_m"": 0.011266553940494833, ""epsilon_force_multiplier"": 1.0, ""epsilon_std_multiplier"": 10.0, ""smooth_scale_floor_activated"": false}","[{""stage"": 0, ""cap"": 250, ""force_epsilon"": 6.467464577569628e-08, ""uniformity_epsilon"": 0.005633276970247417, ""iterations"": 250, ""evaluations"": 282, ""success"": false, ""status"": 1, ""message"": ""Maximum number of iterations has been exceeded."", ""terminal_value"": -0.02159828698102892, ""terminal_gradient_l2"": 0.019179825843404094, ""terminal_gradient_inf"": 0.005904631759247524}, {""stage"": 1, ""cap"": 29750, ""force_epsilon"": 1.2934929155139256e-08, ""uniformity_epsilon"": 0.0011266553940494834, ""iterations"": 2465, ""evaluations"": 2537, ""success"": true, ""status"": 0, ""message"": ""Optimization terminated successfully."", ""terminal_value"": -0.049648932253494565, ""terminal_gradient_l2"": 3.575965186484889e-08, ""terminal_gradient_inf"": 9.946517534918854e-09}]",computed,"original loss, reduced gauge, raw SI units",True,1.3345728765301038e-08,,,0.9999999998882236,0.9999999999534208,000000000000049382001b184479,000000000000080f5c41bca175fe30e1,True,True,True,0.4579693057447643,0.0013121853306332,False,Co-scheduled sensitivity workers; use C7 serial timings for optimizer cost comparisons.,smoke,3.617186060251939e-06,3.617186060251939e-06,0.00029768004873409676
Single,GFE,260828,1.0,1.0,1.0,1.0,0.001,1.0,1.0,1.0,1.0,1.0,250,0.05,10000,L-BFGS-B,1e-06,0.0001,0.9,10,40,0.0,1000000,0.03,0.9,0.999,1e-12,0.0001,cosine,0.0,continuous,gtol,1e-06,0000000000000497a5503bb21308,000000000000080f336ff7e27c080919,000000000000080f897ccb5ce6f61803,-0.0590427383585356,-8.8272438301316e-05,2.994968776521879e-06,6.784135057281112e-07,0.0065641529028525,0.0004562612755745,True,0,CONVERGENCE: NORM OF PROJECTED GRADIENT <= PGTOL,True,True,23,30,0.0031822000019019,0.0001095000043278,0.0050071000005118,"{""alpha_per_m"": 10.0, ""beta_n_per_m_pa"": 0.0, ""curvature_weight"": [[1.0, 0.0, 0.0], [0.0, 1.0, 0.0], [0.0, 0.0, 1.0]], ""h_m"": 0.0005, ""force_target_n"": [0.0, 0.0, 1.1142852793561358e-06]}","[{""stage"": 0, ""cap"": 10000, ""force_epsilon"": 0.0, ""uniformity_epsilon"": 0.0, ""iterations"": 23, ""evaluations"": 30, ""success"": true, ""status"": 0, ""message"": ""CONVERGENCE: NORM OF PROJECTED GRADIENT <= PGTOL"", ""terminal_value"": -0.059042738358535615, ""terminal_gradient_l2"": 2.994968776521879e-06, ""terminal_gradient_inf"": 6.784135057281112e-07}]",computed,"original loss, reduced gauge, raw SI units",True,1.5057454610416485e-06,0.0590577958131455,0.5990660286017603,0.999989517542653,0.9999997298343478,0000000000000497820ea2851766,000000000000080f98b9c37edcbb222a,True,True,True,0.0482154903032866,0.0022413093388998,False,Co-scheduled sensitivity workers; use C7 serial timings for optimizer cost comparisons.,smoke,,,3.1340068697136285e-05
Single,GFE,260828,1.0,1.0,1.0,1.0,0.001,1.0,1.0,1.0,1.0,1.0,250,0.05,10000,L-BFGS-B,1e-07,0.0001,0.9,10,40,0.0,1000000,0.03,0.9,0.999,1e-12,0.0001,cosine,0.0,continuous,gtol,1e-07,0000000000000497c49cce4c1537,000000000000080fb7eacc885fd60d0d,000000000000080f897ccb5ce6f61803,-0.0590436754621998,-8.8272438301316e-05,9.954044732516157e-08,6.393205002153424e-08,0.0002181654518013,0.0004562612755745,True,0,CONVERGENCE: NORM OF PROJECTED GRADIENT <= PGTOL,True,True,36,43,0.006246299992199,0.0001010999985737,0.0046208999992813,"{""alpha_per_m"": 10.0, ""beta_n_per_m_pa"": 0.0, ""curvature_weight"": [[1.0, 0.0, 0.0], [0.0, 1.0, 0.0], [0.0, 0.0, 1.0]], ""h_m"": 0.0005, ""force_target_n"": [0.0, 0.0, 1.1142852793561358e-06]}","[{""stage"": 0, ""cap"": 10000, ""force_epsilon"": 0.0, ""uniformity_epsilon"": 0.0, ""iterations"": 36, ""evaluations"": 43, ""success"": true, ""status"": 0, ""message"": ""CONVERGENCE: NORM OF PROJECTED GRADIENT <= PGTOL"", ""terminal_value"": -0.05904367546219989, ""terminal_gradient_l2"": 9.954044732516155e-08, ""terminal_gradient_inf"": 6.393205002153424e-08}]",computed,"original loss, reduced gauge, raw SI units",True,1.5011399576230704e-06,0.059058686861776,0.0375874211176005,0.9999999995946888,0.9999999998939362,0000000000000497820ea2851766,000000000000080f98b9c37edcbb222a,True,True,True,0.0448277950541016,0.0022534407211215,False,Co-scheduled sensitivity workers; use C7 serial timings for optimizer cost comparisons.,smoke,,,2.913806678516604e-05
Single,GFE,260828,1.0,1.0,1.0,1.0,0.001,1.0,1.0,1.0,1.0,1.0,250,0.05,10000,L-BFGS-B,1e-08,0.0001,0.9,10,40,0.0,1000000,0.03,0.9,0.999,1e-12,0.0001,cosine,0.0,continuous,gtol,1e-08,0000000000000497820ea2851766,000000000000080f98b9c37edcbb222a,000000000000080f897ccb5ce6f61803,-0.0590436754844043,-8.8272438301316e-05,3.0990934113049095e-08,6.320541914298822e-09,6.792365640503582e-05,0.0004562612755745,True,0,CONVERGENCE: NORM OF PROJECTED GRADIENT <= PGTOL,True,True,37,44,0.0051513999933376,0.0001343000039923,0.0061320999957388,"{""alpha_per_m"": 10.0, ""beta_n_per_m_pa"": 0.0, ""curvature_weight"": [[1.0, 0.0, 0.0], [0.0, 1.0, 0.0], [0.0, 0.0, 1.0]], ""h_m"": 0.0005, ""force_target_n"": [0.0, 0.0, 1.1142852793561358e-06]}","[{""stage"": 0, ""cap"": 10000, ""force_epsilon"": 0.0, ""uniformity_epsilon"": 0.0, ""iterations"": 37, ""evaluations"": 44, ""success"": true, ""status"": 0, ""message"": ""CONVERGENCE: NORM OF PROJECTED GRADIENT <= PGTOL"", ""terminal_value"": -0.059043675484404375, ""terminal_gradient_l2"": 3.0990934113049095e-08, ""terminal_gradient_inf"": 6.320541914298822e-09}]",reused,"original loss, reduced gauge, raw SI units",True,1.501168349117218e-06,0.0590586871678959,0.0072828264000504,1.0,0.9999999999999992,0000000000000497820ea2851766,000000000000080f98b9c37edcbb222a,True,True,True,0.0448537974323708,0.0022533208137982,False,Co-scheduled sensitivity workers; use C7 serial timings for optimizer cost comparisons.,smoke,,,2.915496833104102e-05
Single,GFE,260828,1.0,1.0,1.0,1.0,0.001,1.0,1.0,1.0,1.0,1.0,250,0.05,10000,L-BFGS-B,1e-09,0.0001,0.9,10,40,0.0,1000000,0.03,0.9,0.999,1e-12,0.0001,cosine,0.0,continuous,gtol,1e-09,0000000000000497e3c2577b1995,000000000000080f7128affe860d056f,000000000000080f897ccb5ce6f61803,-0.0590436754852406,-8.8272438301316e-05,1.1567994556270806e-09,8.654979901112315e-10,2.5353882031087853e-06,0.0004562612755745,True,0,CONVERGENCE: NORM OF PROJECTED GRADIENT <= PGTOL,True,True,40,47,0.0055620999919483,0.0001092000020435,0.0053136999922571,"{""alpha_per_m"": 10.0, ""beta_n_per_m_pa"": 0.0, ""curvature_weight"": [[1.0, 0.0, 0.0], [0.0, 1.0, 0.0], [0.0, 0.0, 1.0]], ""h_m"": 0.0005, ""force_target_n"": [0.0, 0.0, 1.1142852793561358e-06]}","[{""stage"": 0, ""cap"": 10000, ""force_epsilon"": 0.0, ""uniformity_epsilon"": 0.0, ""iterations"": 40, ""evaluations"": 47, ""success"": true, ""status"": 0, ""message"": ""CONVERGENCE: NORM OF PROJECTED GRADIENT <= PGTOL"", ""terminal_value"": -0.0590436754852406, ""terminal_gradient_l2"": 1.1567994556270806e-09, ""terminal_gradient_inf"": 8.654979901112316e-10}]",computed,"original loss, reduced gauge, raw SI units",True,1.5011686286603554e-06,0.059058687171527,0.0006518113433963,0.99999999998918,0.9999999999966008,0000000000000497820ea2851766,000000000000080f98b9c37edcbb222a,True,True,True,0.0448547963214848,0.0022533155721664,False,Co-scheduled sensitivity workers; use C7 serial timings for optimizer cost comparisons.,smoke,,,2.9155617608965117e-05
Single,GFE,260828,1.0,1.0,1.0,1.0,0.001,1.0,1.0,1.0,1.0,1.0,250,0.05,10000,L-BFGS-B,1e-10,0.0001,0.9,10,40,0.0,1000000,0.03,0.9,0.999,1e-12,0.0001,cosine,0.0,continuous,gtol,1e-10,000000000000049760ef1219081e,000000000000080f2b0059694a6d1783,000000000000080f897ccb5ce6f61803,-0.0590436754852442,-8.8272438301316e-05,1.801636587585684e-10,3.974399422145845e-11,3.948694934315785e-07,0.0004562612755745,True,0,CONVERGENCE: NORM OF PROJECTED GRADIENT <= PGTOL,True,True,43,51,0.0052294000051915,9.620000491850078e-05,0.0048842000105651,"{""alpha_per_m"": 10.0, ""beta_n_per_m_pa"": 0.0, ""curvature_weight"": [[1.0, 0.0, 0.0], [0.0, 1.0, 0.0], [0.0, 0.0, 1.0]], ""h_m"": 0.0005, ""force_target_n"": [0.0, 0.0, 1.1142852793561358e-06]}","[{""stage"": 0, ""cap"": 10000, ""force_epsilon"": 0.0, ""uniformity_epsilon"": 0.0, ""iterations"": 43, ""evaluations"": 51, ""success"": true, ""status"": 0, ""message"": ""CONVERGENCE: NORM OF PROJECTED GRADIENT <= PGTOL"", ""terminal_value"": -0.0590436754852442, ""terminal_gradient_l2"": 1.801636587585684e-10, ""terminal_gradient_inf"": 3.974399422145845e-11}]",computed,"original loss, reduced gauge, raw SI units",True,1.5011694654916088e-06,0.0590586871798984,0.0001081973264291,0.999999999988635,0.9999999999965072,0000000000000497820ea2851766,000000000000080f98b9c37edcbb222a,True,True,True,0.0448555130008647,0.002253312306297,False,Co-scheduled sensitivity workers; use C7 serial timings for optimizer cost comparisons.,smoke,,,2.9156083450562053e-05
Triple,GFE,260869,1.0,1.0,1.0,1.0,0.001,1.0,1.0,1.0,1.0,1.0,250,0.05,30000,BFGS,1e-06,0.0001,0.9,10,40,0.0,1000000,0.03,0.9,0.999,1e-12,0.0001,cosine,0.0,continuous,gtol,1e-06,0000000000000493af49e2dc4023,000000000000080fc7b3ff5556a31fc7,000000000000080f2d7b5efbd5a31fd5,-0.0496489263516102,0.0603438133903949,2.853406721798633e-06,8.727441811450825e-07,9.503403629622685e-05,0.0300251029315896,True,0,Optimization terminated successfully.,True,True,2545,2639,9.918107899997269,0.0001022999931592,0.0151336999988416,"{""method"": ""Regularized-FE"", ""components"": {""force_smoothing"": true, ""pressure_retention"": true, ""uniformity"": true}, ""alpha_force"": 3000.0, ""beta_pressure"": 5e-05, ""gamma_uniformity"": 1.0, ""curvature_weight_override"": [[1.0, 0.0, 0.0], [0.0, 1.0, 0.0], [0.0, 0.0, 10.0]], ""pressure_epsilon_rel"": 0.001, ""smooth_stage_factors"": [0.05, 0.01], ""smooth_stage_maxiters"": [250, 29750], ""smooth_scale_floor"": 1e-20, ""gtol"": 1e-06, ""report_gradient_tol"": 0.001, ""compensate_effective_gravity"": true, ""h_m"": 0.0005, ""initial_force_scale_n"": 1.2934929155139256e-06, ""initial_loss_std_scale_n_m"": 0.011266553940494833, ""epsilon_force_multiplier"": 1.0, ""epsilon_std_multiplier"": 1.0, ""smooth_scale_floor_activated"": false}","[{""stage"": 0, ""cap"": 250, ""force_epsilon"": 6.467464577569628e-08, ""uniformity_epsilon"": 0.0005633276970247417, ""iterations"": 250, ""evaluations"": 288, ""success"": false, ""status"": 1, ""message"": ""Maximum number of iterations has been exceeded."", ""terminal_value"": -0.024506645236742886, ""terminal_gradient_l2"": 0.01752334601898978, ""terminal_gradient_inf"": 0.004209316855187494}, {""stage"": 1, ""cap"": 29750, ""force_epsilon"": 1.2934929155139256e-08, ""uniformity_epsilon"": 0.00011266553940494834, ""iterations"": 2295, ""evaluations"": 2351, ""success"": true, ""status"": 0, ""message"": ""Optimization terminated successfully."", ""terminal_value"": -0.04964892635161026, ""terminal_gradient_l2"": 2.853406721798633e-06, ""terminal_gradient_inf"": 8.727441811450825e-07}]",computed,"original loss, reduced gauge, raw SI units",True,1.3330093593811676e-08,,,0.9999992870852196,0.9999998127241756,000000000000049382001b184479,000000000000080f5c41bca175fe30e1,True,True,True,0.4579619915189409,0.0013122012348354,False,Co-scheduled sensitivity workers; use C7 serial timings for optimizer cost comparisons.,smoke,3.6241921188154208e-06,3.6241921188154208e-06,0.00029767529448731156
Triple,GFE,260869,1.0,1.0,1.0,1.0,0.001,1.0,1.0,1.0,1.0,1.0,250,0.05,30000,BFGS,1e-07,0.0001,0.9,10,40,0.0,1000000,0.03,0.9,0.999,1e-12,0.0001,cosine,0.0,continuous,gtol,1e-07,000000000000049322e51f7c424e,000000000000080f26642cae06f71f63,000000000000080f2d7b5efbd5a31fd5,-0.0496489322085029,0.0603438133903949,2.702939823213229e-07,9.598779427775313e-08,9.002266634594777e-06,0.0300251029315896,True,0,Optimization terminated successfully.,True,True,2693,2787,10.156273800006602,9.349999891128392e-05,0.0153831000061472,"{""method"": ""Regularized-FE"", ""components"": {""force_smoothing"": true, ""pressure_retention"": true, ""uniformity"": true}, ""alpha_force"": 3000.0, ""beta_pressure"": 5e-05, ""gamma_uniformity"": 1.0, ""curvature_weight_override"": [[1.0, 0.0, 0.0], [0.0, 1.0, 0.0], [0.0, 0.0, 10.0]], ""pressure_epsilon_rel"": 0.001, ""smooth_stage_factors"": [0.05, 0.01], ""smooth_stage_maxiters"": [250, 29750], ""smooth_scale_floor"": 1e-20, ""gtol"": 1e-07, ""report_gradient_tol"": 0.001, ""compensate_effective_gravity"": true, ""h_m"": 0.0005, ""initial_force_scale_n"": 1.2934929155139256e-06, ""initial_loss_std_scale_n_m"": 0.011266553940494833, ""epsilon_force_multiplier"": 1.0, ""epsilon_std_multiplier"": 1.0, ""smooth_scale_floor_activated"": false}","[{""stage"": 0, ""cap"": 250, ""force_epsilon"": 6.467464577569628e-08, ""uniformity_epsilon"": 0.0005633276970247417, ""iterations"": 250, ""evaluations"": 288, ""success"": false, ""status"": 1, ""message"": ""Maximum number of iterations has been exceeded."", ""terminal_value"": -0.024506645236742886, ""terminal_gradient_l2"": 0.01752334601898978, ""terminal_gradient_inf"": 0.004209316855187494}, {""stage"": 1, ""cap"": 29750, ""force_epsilon"": 1.2934929155139256e-08, ""uniformity_epsilon"": 0.00011266553940494834, ""iterations"": 2443, ""evaluations"": 2499, ""success"": true, ""status"": 0, ""message"": ""Optimization terminated successfully."", ""terminal_value"": -0.049648932208502944, ""terminal_gradient_l2"": 2.702939823213229e-07, ""terminal_gradient_inf"": 9.598779427775311e-08}]",computed,"original loss, reduced gauge, raw SI units",True,1.3345495538772958e-08,,,0.9999999967199608,0.999999999557887,000000000000049382001b184479,000000000000080f5c41bca175fe30e1,True,True,True,0.4579645214126417,0.0013121836553962,False,Co-scheduled sensitivity workers; use C7 serial timings for optimizer cost comparisons.,smoke,3.617731044280941e-06,3.617731044280941e-06,0.0002976769389182171
Triple,GFE,260869,1.0,1.0,1.0,1.0,0.001,1.0,1.0,1.0,1.0,1.0,250,0.05,30000,BFGS,1e-08,0.0001,0.9,10,40,0.0,1000000,0.03,0.9,0.999,1e-12,0.0001,cosine,0.0,continuous,gtol,1e-08,000000000000049382001b184479,000000000000080f5c41bca175fe30e1,000000000000080f2d7b5efbd5a31fd5,-0.0496489322685399,0.0603438133903949,3.307155120464556e-08,9.894782154094378e-09,1.1014633748299583e-06,0.0300251029315896,True,0,Optimization terminated successfully.,True,True,2777,2871,9.424814900005003,8.670000534038991e-05,0.0261399999872082,"{""method"": ""Regularized-FE"", ""components"": {""force_smoothing"": true, ""pressure_retention"": true, ""uniformity"": true}, ""alpha_force"": 3000.0, ""beta_pressure"": 5e-05, ""gamma_uniformity"": 1.0, ""curvature_weight_override"": [[1.0, 0.0, 0.0], [0.0, 1.0, 0.0], [0.0, 0.0, 10.0]], ""pressure_epsilon_rel"": 0.001, ""smooth_stage_factors"": [0.05, 0.01], ""smooth_stage_maxiters"": [250, 29750], ""smooth_scale_floor"": 1e-20, ""gtol"": 1e-08, ""report_gradient_tol"": 0.001, ""compensate_effective_gravity"": true, ""h_m"": 0.0005, ""initial_force_scale_n"": 1.2934929155139256e-06, ""initial_loss_std_scale_n_m"": 0.011266553940494833, ""epsilon_force_multiplier"": 1.0, ""epsilon_std_multiplier"": 1.0, ""smooth_scale_floor_activated"": false}","[{""stage"": 0, ""cap"": 250, ""force_epsilon"": 6.467464577569628e-08, ""uniformity_epsilon"": 0.0005633276970247417, ""iterations"": 250, ""evaluations"": 288, ""success"": false, ""status"": 1, ""message"": ""Maximum number of iterations has been exceeded."", ""terminal_value"": -0.024506645236742886, ""terminal_gradient_l2"": 0.01752334601898978, ""terminal_gradient_inf"": 0.004209316855187494}, {""stage"": 1, ""cap"": 29750, ""force_epsilon"": 1.2934929155139256e-08, ""uniformity_epsilon"": 0.00011266553940494834, ""iterations"": 2527, ""evaluations"": 2583, ""success"": true, ""status"": 0, ""message"": ""Optimization terminated successfully."", ""terminal_value"": -0.049648932268539954, ""terminal_gradient_l2"": 3.307155120464556e-08, ""terminal_gradient_inf"": 9.894782154094378e-09}]",reused,"original loss, reduced gauge, raw SI units",True,1.3345442864029888e-08,,,1.0,0.9999999999999994,000000000000049382001b184479,000000000000080f5c41bca175fe30e1,True,True,True,0.4579675383985165,0.0013121841697281,False,Co-scheduled sensitivity workers; use C7 serial timings for optimizer cost comparisons.,smoke,3.618937673684308e-06,3.618937673684308e-06,0.00029767889995903574
Triple,GFE,260869,1.0,1.0,1.0,1.0,0.001,1.0,1.0,1.0,1.0,1.0,250,0.05,30000,BFGS,1e-09,0.0001,0.9,10,40,0.0,1000000,0.03,0.9,0.999,1e-12,0.0001,cosine,0.0,continuous,gtol,1e-09,00000000000004930face6b846a4,000000000000080f6ee116cae55016bd,000000000000080f2d7b5efbd5a31fd5,-0.0496489322689716,0.0603438133903949,2.3166734121268284e-08,7.276011240239116e-09,7.715788410135445e-07,0.0300251029315896,False,2,Desired error not necessarily achieved due to precision loss.,False,True,2791,2935,9.605723599990595,0.000103600003058,0.0153915999981109,"{""method"": ""Regularized-FE"", ""components"": {""force_smoothing"": true, ""pressure_retention"": true, ""uniformity"": true}, ""alpha_force"": 3000.0, ""beta_pressure"": 5e-05, ""gamma_uniformity"": 1.0, ""curvature_weight_override"": [[1.0, 0.0, 0.0], [0.0, 1.0, 0.0], [0.0, 0.0, 10.0]], ""pressure_epsilon_rel"": 0.001, ""smooth_stage_factors"": [0.05, 0.01], ""smooth_stage_maxiters"": [250, 29750], ""smooth_scale_floor"": 1e-20, ""gtol"": 1e-09, ""report_gradient_tol"": 0.001, ""compensate_effective_gravity"": true, ""h_m"": 0.0005, ""initial_force_scale_n"": 1.2934929155139256e-06, ""initial_loss_std_scale_n_m"": 0.011266553940494833, ""epsilon_force_multiplier"": 1.0, ""epsilon_std_multiplier"": 1.0, ""smooth_scale_floor_activated"": false}","[{""stage"": 0, ""cap"": 250, ""force_epsilon"": 6.467464577569628e-08, ""uniformity_epsilon"": 0.0005633276970247417, ""iterations"": 250, ""evaluations"": 288, ""success"": false, ""status"": 1, ""message"": ""Maximum number of iterations has been exceeded."", ""terminal_value"": -0.024506645236742886, ""terminal_gradient_l2"": 0.01752334601898978, ""terminal_gradient_inf"": 0.004209316855187494}, {""stage"": 1, ""cap"": 29750, ""force_epsilon"": 1.2934929155139256e-08, ""uniformity_epsilon"": 0.00011266553940494834, ""iterations"": 2541, ""evaluations"": 2647, ""success"": false, ""status"": 2, ""message"": ""Desired error not necessarily achieved due to precision loss."", ""terminal_value"": -0.04964893226897162, ""terminal_gradient_l2"": 2.3166734121268284e-08, ""terminal_gradient_inf"": 7.276011240239116e-09}]",computed,"original loss, reduced gauge, raw SI units",True,1.334554155049618e-08,,,0.9999999999905628,0.9999999999984764,000000000000049382001b184479,000000000000080f5c41bca175fe30e1,True,True,True,0.4579678279752603,0.0013121838972838,False,Co-scheduled sensitivity workers; use C7 serial timings for optimizer cost comparisons.,smoke,3.618976287814565e-06,3.618976287814565e-06,0.00029767908818391917
Triple,GFE,260869,1.0,1.0,1.0,1.0,0.001,1.0,1.0,1.0,1.0,1.0,250,0.05,30000,BFGS,1e-10,0.0001,0.9,10,40,0.0,1000000,0.03,0.9,0.999,1e-12,0.0001,cosine,0.0,continuous,gtol,1e-10,0000000000000493e21aec8b354d,000000000000080f6ee116cae55016bd,000000000000080f2d7b5efbd5a31fd5,-0.0496489322689716,0.0603438133903949,2.3166734121268284e-08,7.276011240239116e-09,7.715788410135445e-07,0.0300251029315896,False,2,Desired error not necessarily achieved due to precision loss.,False,True,2791,2935,9.541628900013166,0.0001094000035664,0.0158500000106869,"{""method"": ""Regularized-FE"", ""components"": {""force_smoothing"": true, ""pressure_retention"": true, ""uniformity"": true}, ""alpha_force"": 3000.0, ""beta_pressure"": 5e-05, ""gamma_uniformity"": 1.0, ""curvature_weight_override"": [[1.0, 0.0, 0.0], [0.0, 1.0, 0.0], [0.0, 0.0, 10.0]], ""pressure_epsilon_rel"": 0.001, ""smooth_stage_factors"": [0.05, 0.01], ""smooth_stage_maxiters"": [250, 29750], ""smooth_scale_floor"": 1e-20, ""gtol"": 1e-10, ""report_gradient_tol"": 0.001, ""compensate_effective_gravity"": true, ""h_m"": 0.0005, ""initial_force_scale_n"": 1.2934929155139256e-06, ""initial_loss_std_scale_n_m"": 0.011266553940494833, ""epsilon_force_multiplier"": 1.0, ""epsilon_std_multiplier"": 1.0, ""smooth_scale_floor_activated"": false}","[{""stage"": 0, ""cap"": 250, ""force_epsilon"": 6.467464577569628e-08, ""uniformity_epsilon"": 0.0005633276970247417, ""iterations"": 250, ""evaluations"": 288, ""success"": false, ""status"": 1, ""message"": ""Maximum number of iterations has been exceeded."", ""terminal_value"": -0.024506645236742886, ""terminal_gradient_l2"": 0.01752334601898978, ""terminal_gradient_inf"": 0.004209316855187494}, {""stage"": 1, ""cap"": 29750, ""force_epsilon"": 1.2934929155139256e-08, ""uniformity_epsilon"": 0.00011266553940494834, ""iterations"": 2541, ""evaluations"": 2647, ""success"": false, ""status"": 2, ""message"": ""Desired error not necessarily achieved due to precision loss."", ""terminal_value"": -0.04964893226897162, ""terminal_gradient_l2"": 2.3166734121268284e-08, ""terminal_gradient_inf"": 7.276011240239116e-09}]",computed,"original loss, reduced gauge, raw SI units",True,1.334554155049618e-08,,,0.9999999999905628,0.9999999999984764,000000000000049382001b184479,000000000000080f5c41bca175fe30e1,True,True,True,0.4579678279752603,0.0013121838972838,False,Co-scheduled sensitivity workers; use C7 serial timings for optimizer cost comparisons.,smoke,3.618976287814565e-06,3.618976287814565e-06,0.00029767908818391917
Single,Conventional,260828,1.0,0.0,1.0,1.0,0.001,1.0,1.0,1.0,1.0,1.0,250,0.05,10000,BFGS,1e-08,0.0001,0.9,10,40,0.0,1000000,0.03,0.9,0.999,1e-12,0.0001,cosine,0.0,continuous,lambda_pressure_factor,0.0,000000000000046ba18e744791e1,000000000000080f0705c668ffcb1375,000000000000080f897ccb5ce6f61803,-56.92378345790159,-0.1233116780466192,5.908792752962632e-08,2.8728842348650254e-08,1.3494188362515949e-07,0.4378768544076374,False,2,Desired error not necessarily achieved due to precision loss.,False,True,60,125,0.783825299993623,0.0002181000018026,0.0047874000010779,"{""alpha_per_m"": 0.0, ""beta_n_per_m_pa"": 0.0, ""curvature_weight"": [[1000.0, 0.0, 0.0], [0.0, 1000.0, 0.0], [0.0, 0.0, 10.0]], ""h_m"": 0.0005, ""force_target_n"": [0.0, 0.0, 0.0]}","[{""stage"": 0, ""cap"": 10000, ""force_epsilon"": 0.0, ""uniformity_epsilon"": 0.0, ""iterations"": 60, ""evaluations"": 125, ""success"": false, ""status"": 2, ""message"": ""Desired error not necessarily achieved due to precision loss."", ""terminal_value"": -56.92378345790159, ""terminal_gradient_l2"": 5.9087927529626315e-08, ""terminal_gradient_inf"": 2.872884234865025e-08}]",computed,"original loss, reduced gauge, raw SI units",True,6.598110926297346e-07,56.923783457901706,5.321216581133355e-05,0.999798735416249,0.9999126123927818,0000000000000497820ea2851766,000000000000080f98b9c37edcbb222a,True,True,True,0.2351488853702293,0.002132776854436,False,Co-scheduled sensitivity workers; use C7 serial timings for optimizer cost comparisons.,smoke,,,0.00015284677549064904
Single,Conventional,260828,1.0,0.01,1.0,1.0,0.001,1.0,1.0,1.0,1.0,1.0,250,0.05,10000,BFGS,1e-08,0.0001,0.9,10,40,0.0,1000000,0.03,0.9,0.999,1e-12,0.0001,cosine,0.0,continuous,lambda_pressure_factor,0.01,000000000000046c0bfb40efb516,000000000000080ff2020ee9a5db240f,000000000000080f897ccb5ce6f61803,-56.923351316169,7.66115089551386,6.847928875967609,1.496692182501264,0.9700719052263008,7.059197198758279,False,2,Desired error not necessarily achieved due to precision loss.,False,False,4099,4876,34.92482949999976,0.0001597000082256,0.0043234000040683,"{""alpha_per_m"": 0.0, ""beta_n_per_m_pa"": 0.01, ""curvature_weight"": [[1000.0, 0.0, 0.0], [0.0, 1000.0, 0.0], [0.0, 0.0, 10.0]], ""h_m"": 0.0005, ""force_target_n"": [0.0, 0.0, 0.0]}","[{""stage"": 0, ""cap"": 10000, ""force_epsilon"": 0.0, ""uniformity_epsilon"": 0.0, ""iterations"": 4099, ""evaluations"": 4876, ""success"": false, ""status"": 2, ""message"": ""Desired error not necessarily achieved due to precision loss."", ""terminal_value"": -56.923351316169, ""terminal_gradient_l2"": 6.847928875967609, ""terminal_gradient_inf"": 1.496692182501264}]",computed,"original loss, reduced gauge, raw SI units",True,6.594341379298131e-07,56.92335131962414,3.455182841798695e-07,0.999783793761507,0.9999114034563742,0000000000000497820ea2851766,000000000000080f98b9c37edcbb222a,True,True,True,0.2348974597026209,0.0021327518980038,False,Co-scheduled sensitivity workers; use C7 serial timings for optimizer cost comparisons.,smoke,,,0.00015268334880670357
Single,Conventional,260828,1.0,0.03,1.0,1.0,0.001,1.0,1.0,1.0,1.0,1.0,250,0.05,10000,BFGS,1e-08,0.0001,0.9,10,40,0.0,1000000,0.03,0.9,0.999,1e-12,0.0001,cosine,0.0,continuous,lambda_pressure_factor,0.03,000000000000046c3f102d42b8e2,000000000000080f877958d0ba891149,000000000000080f897ccb5ce6f61803,-56.88019022395463,23.230076042634817,20.8566181118709,4.282773668236807,0.9956850661653236,20.9470030440407,False,1,Maximum number of iterations has been exceeded.,False,False,10000,11642,82.00286120000237,0.0001543999969726,0.0066437000059522,"{""alpha_per_m"": 0.0, ""beta_n_per_m_pa"": 0.03, ""curvature_weight"": [[1000.0, 0.0, 0.0], [0.0, 1000.0, 0.0], [0.0, 0.0, 10.0]], ""h_m"": 0.0005, ""force_target_n"": [0.0, 0.0, 0.0]}","[{""stage"": 0, ""cap"": 10000, ""force_epsilon"": 0.0, ""uniformity_epsilon"": 0.0, ""iterations"": 10000, ""evaluations"": 11642, ""success"": false, ""status"": 1, ""message"": ""Maximum number of iterations has been exceeded."", ""terminal_value"": -56.88019022395463, ""terminal_gradient_l2"": 20.8566181118709, ""terminal_gradient_inf"": 4.282773668236807}]",computed,"original loss, reduced gauge, raw SI units",True,7.38313686632916e-07,56.88019108329593,2.864470915956033e-05,0.999044362365957,0.9998141184110424,0000000000000497820ea2851766,000000000000080f98b9c37edcbb222a,True,True,True,0.2132454312317566,0.0021178765747956,False,Co-scheduled sensitivity workers; use C7 serial timings for optimizer cost comparisons.,smoke,,,0.0001386095303006418
Single,Conventional,260828,1.0,0.1,1.0,1.0,0.001,1.0,1.0,1.0,1.0,1.0,250,0.05,10000,BFGS,1e-08,0.0001,0.9,10,40,0.0,1000000,0.03,0.9,0.999,1e-12,0.0001,cosine,0.0,continuous,lambda_pressure_factor,0.1,000000000000046b564341b193c7,000000000000080f25a1741ba47a1be8,000000000000080f897ccb5ce6f61803,-56.39386414238498,77.72131405755817,68.25019878411565,14.264583288324568,0.9808704586657626,69.58125630264527,False,2,Desired error not necessarily achieved due to precision loss.,False,False,8968,10581,73.7067578999995,0.0001155999925686,0.0040779999981168,"{""alpha_per_m"": 0.0, ""beta_n_per_m_pa"": 0.1, ""curvature_weight"": [[1000.0, 0.0, 0.0], [0.0, 1000.0, 0.0], [0.0, 0.0, 10.0]], ""h_m"": 0.0005, ""force_target_n"": [0.0, 0.0, 0.0]}","[{""stage"": 0, ""cap"": 10000, ""force_epsilon"": 0.0, ""uniformity_epsilon"": 0.0, ""iterations"": 8968, ""evaluations"": 10581, ""success"": false, ""status"": 2, ""message"": ""Desired error not necessarily achieved due to precision loss."", ""terminal_value"": -56.393864142384984, ""terminal_gradient_l2"": 68.25019878411565, ""terminal_gradient_inf"": 14.264583288324568}]",computed,"original loss, reduced gauge, raw SI units",True,1.9555513744265666e-06,56.39386453035015,3.8796496189672535e-06,0.9885443714311256,0.9979877995194368,0000000000000497820ea2851766,000000000000080f98b9c37edcbb222a,True,True,True,0.2476546087485,0.0020511694700418,False,Co-scheduled sensitivity workers; use C7 serial timings for optimizer cost comparisons.,smoke,,,0.000160975495686525
Single,Conventional,260828,1.0,0.3,1.0,1.0,0.001,1.0,1.0,1.0,1.0,1.0,250,0.05,10000,BFGS,1e-08,0.0001,0.9,10,40,0.0,1000000,0.03,0.9,0.999,1e-12,0.0001,cosine,0.0,continuous,lambda_pressure_factor,0.3,000000000000046b62a82c1c9793,000000000000080ff6506275bf1e1e4f,000000000000080f897ccb5ce6f61803,-56.01921887906269,233.41056552876773,205.11921529852924,47.08010267875278,0.9835772820422894,208.54407583776424,False,2,Desired error not necessarily achieved due to precision loss.,False,False,7985,9669,69.25470989999303,9.940000018104912e-05,0.003766000008909,"{""alpha_per_m"": 0.0, ""beta_n_per_m_pa"": 0.3, ""curvature_weight"": [[1000.0, 0.0, 0.0], [0.0, 1000.0, 0.0], [0.0, 0.0, 10.0]], ""h_m"": 0.0005, ""force_target_n"": [0.0, 0.0, 0.0]}","[{""stage"": 0, ""cap"": 10000, ""force_epsilon"": 0.0, ""uniformity_epsilon"": 0.0, ""iterations"": 7985, ""evaluations"": 9669, ""success"": false, ""status"": 2, ""message"": ""Desired error not necessarily achieved due to precision loss."", ""terminal_value"": -56.01921887906269, ""terminal_gradient_l2"": 205.11921529852924, ""terminal_gradient_inf"": 47.08010267875278}]",computed,"original loss, reduced gauge, raw SI units",True,7.028572587199166e-07,56.01922072394724,6.149615316746511e-06,0.9796139195707684,0.99874877890435,0000000000000497820ea2851766,000000000000080f98b9c37edcbb222a,True,True,True,0.3297695598957,0.0019924007340837,False,Co-scheduled sensitivity workers; use C7 serial timings for optimizer cost comparisons.,smoke,,,0.000214350213932205
Single,Conventional,260828,1.0,1.0,1.0,1.0,0.001,1.0,1.0,1.0,1.0,1.0,250,0.05,10000,BFGS,1e-08,0.0001,0.9,10,40,0.0,1000000,0.03,0.9,0.999,1e-12,0.0001,cosine,0.0,continuous,lambda_pressure_factor,1.0,000000000000046bb5db019293c9,000000000000080faa0da17d5e30094f,000000000000080f897ccb5ce6f61803,-55.00254061295359,778.3229456780012,676.9975486042606,145.2556897731796,0.974213970826868,694.9166906625824,False,2,Desired error not necessarily achieved due to precision loss.,False,False,5538,6943,45.74443199999223,0.0001250000059371,0.0045966999896336,"{""alpha_per_m"": 0.0, ""beta_n_per_m_pa"": 1.0, ""curvature_weight"": [[1000.0, 0.0, 0.0], [0.0, 1000.0, 0.0], [0.0, 0.0, 10.0]], ""h_m"": 0.0005, ""force_target_n"": [0.0, 0.0, 0.0]}","[{""stage"": 0, ""cap"": 10000, ""force_epsilon"": 0.0, ""uniformity_epsilon"": 0.0, ""iterations"": 5538, ""evaluations"": 6943, ""success"": false, ""status"": 2, ""message"": ""Desired error not necessarily achieved due to precision loss."", ""terminal_value"": -55.00254061295359, ""terminal_gradient_l2"": 676.9975486042606, ""terminal_gradient_inf"": 145.2556897731796}]",computed,"original loss, reduced gauge, raw SI units",True,3.121402318673723e-06,55.00254218228671,1.5693329531775438e-06,0.9739711963623298,0.994591918991692,0000000000000497820ea2851766,000000000000080f98b9c37edcbb222a,True,True,True,0.1637344750973513,0.0019552264352459,False,Co-scheduled sensitivity workers; use C7 serial timings for optimizer cost comparisons.,smoke,,,0.00010642740881327834
Single,Conventional,260828,1.0,10.0,1.0,1.0,0.001,1.0,1.0,1.0,1.0,1.0,250,0.05,10000,BFGS,1e-08,0.0001,0.9,10,40,0.0,1000000,0.03,0.9,0.999,1e-12,0.0001,cosine,0.0,continuous,lambda_pressure_factor,10.0,000000000000046ce27cfd5db51b,000000000000080faaf03be9c876ffdd,000000000000080f897ccb5ce6f61803,-41.80604835523355,7784.339261882432,6913.696779519204,1547.2167091571469,0.995022379709116,6948.282692435872,False,2,Desired error not necessarily achieved due to precision loss.,False,False,1262,2227,13.055273499994655,0.0001006000093184,0.004325300003984,"{""alpha_per_m"": 0.0, ""beta_n_per_m_pa"": 10.0, ""curvature_weight"": [[1000.0, 0.0, 0.0], [0.0, 1000.0, 0.0], [0.0, 0.0, 10.0]], ""h_m"": 0.0005, ""force_target_n"": [0.0, 0.0, 0.0]}","[{""stage"": 0, ""cap"": 10000, ""force_epsilon"": 0.0, ""uniformity_epsilon"": 0.0, ""iterations"": 1262, ""evaluations"": 2227, ""success"": false, ""status"": 2, ""message"": ""Desired error not necessarily achieved due to precision loss."", ""terminal_value"": -41.80604835523355, ""terminal_gradient_l2"": 6913.696779519204, ""terminal_gradient_inf"": 1547.2167091571469}]",computed,"original loss, reduced gauge, raw SI units",True,1.28464765047485e-06,41.8089987544262,0.0002950399192778,0.847523663521616,0.973727307269356,0000000000000497820ea2851766,000000000000080f98b9c37edcbb222a,True,True,True,1.3011803908580362,0.0013704450397885,False,Co-scheduled sensitivity workers; use C7 serial timings for optimizer cost comparisons.,smoke,,,0.0008457672540577235
Single,Conventional,260828,1.0,3.0,1.0,1.0,0.001,1.0,1.0,1.0,1.0,1.0,250,0.05,10000,BFGS,1e-08,0.0001,0.9,10,40,0.0,1000000,0.03,0.9,0.999,1e-12,0.0001,cosine,0.0,continuous,lambda_pressure_factor,3.0,000000000000046b9d71ea389799,000000000000080f8694276e085d05b7,000000000000080f897ccb5ce6f61803,-50.13450894362008,2335.215460390097,2107.924178405901,469.5516250076406,1.0112113502454807,2084.553518801172,False,2,Desired error not necessarily achieved due to precision loss.,False,False,2375,3471,22.30539169999247,0.0001308000064454,0.0041843999933917,"{""alpha_per_m"": 0.0, ""beta_n_per_m_pa"": 3.0, ""curvature_weight"": [[1000.0, 0.0, 0.0], [0.0, 1000.0, 0.0], [0.0, 0.0, 10.0]], ""h_m"": 0.0005, ""force_target_n"": [0.0, 0.0, 0.0]}","[{""stage"": 0, ""cap"": 10000, ""force_epsilon"": 0.0, ""uniformity_epsilon"": 0.0, ""iterations"": 2375, ""evaluations"": 3471, ""success"": false, ""status"": 2, ""message"": ""Desired error not necessarily achieved due to precision loss."", ""terminal_value"": -50.13450894362008, ""terminal_gradient_l2"": 2107.924178405901, ""terminal_gradient_inf"": 469.5516250076406}]",computed,"original loss, reduced gauge, raw SI units",True,2.307842054885257e-06,50.13451964938453,3.5685882387823627e-06,0.9297634550625636,0.9903536367983508,0000000000000497820ea2851766,000000000000080f98b9c37edcbb222a,True,True,True,0.7368833559560232,0.0016607506854263,False,Co-scheduled sensitivity workers; use C7 serial timings for optimizer cost comparisons.,smoke,,,0.000478974181371415
Single,Conventional,260828,1.0,30.0,1.0,1.0,0.001,1.0,1.0,1.0,1.0,1.0,250,0.05,10000,BFGS,1e-08,0.0001,0.9,10,40,0.0,1000000,0.03,0.9,0.999,1e-12,0.0001,cosine,0.0,continuous,lambda_pressure_factor,30.0,000000000000046cd4571d40b8ed,000000000000080f337809e9c16a2d7f,000000000000080f897ccb5ce6f61803,-23.25318062795884,23353.26440900339,20812.750404095223,4621.592576110578,0.9984695626129756,20844.65183858851,False,2,Desired error not necessarily achieved due to precision loss.,False,False,619,1267,7.081598200005828,0.0001174000062746,0.004052699994645,"{""alpha_per_m"": 0.0, ""beta_n_per_m_pa"": 30.0, ""curvature_weight"": [[1000.0, 0.0, 0.0], [0.0, 1000.0, 0.0], [0.0, 0.0, 10.0]], ""h_m"": 0.0005, ""force_target_n"": [0.0, 0.0, 0.0]}","[{""stage"": 0, ""cap"": 10000, ""force_epsilon"": 0.0, ""uniformity_epsilon"": 0.0, ""iterations"": 619, ""evaluations"": 1267, ""success"": false, ""status"": 2, ""message"": ""Desired error not necessarily achieved due to precision loss."", ""terminal_value"": -23.25318062795884, ""terminal_gradient_l2"": 20812.750404095226, ""terminal_gradient_inf"": 4621.592576110578}]",computed,"original loss, reduced gauge, raw SI units",True,2.5594870842519427e-06,23.25400328872565,2.742202555715989e-05,0.6193127667072517,0.8974741478552443,0000000000000497820ea2851766,000000000000080f98b9c37edcbb222a,True,True,True,3.971324741433408,0.0005594752898451,False,Co-scheduled sensitivity workers; use C7 serial timings for optimizer cost comparisons.,smoke,,,0.0025813610819317152
Triple,Conventional,260869,1.0,0.0,1.0,1.0,0.001,1.0,1.0,1.0,1.0,1.0,250,0.05,30000,BFGS,1e-08,0.0001,0.9,10,40,0.0,1000000,0.03,0.9,0.999,1e-12,0.0001,cosine,0.0,continuous,lambda_pressure_factor,0.0,000000000000046bbbc20cb8c783,000000000000080fe505f66820bc488f,000000000000080f2d7b5efbd5a31fd5,-35.548251027119576,-0.4174670771418843,9.515813041674324e-07,2.315362044348624e-07,1.04050263212247e-06,0.9145400259356852,False,2,Desired error not necessarily achieved due to precision loss.,False,True,435,547,9.36682280000241,0.000125399994431,0.01908509999339,"{""method"": ""Conventional"", ""components"": {""force_smoothing"": false, ""pressure_retention"": true, ""uniformity"": true}, ""alpha_force"": 0.0, ""beta_pressure"": 0.0, ""gamma_uniformity"": 1.0, ""curvature_weight_override"": [[1000.0, 0.0, 0.0], [0.0, 1000.0, 0.0], [0.0, 0.0, 10.0]], ""pressure_epsilon_rel"": 0.0, ""smooth_stage_factors"": [0.01], ""smooth_stage_maxiters"": [30000], ""smooth_scale_floor"": 1e-20, ""gtol"": 1e-08, ""report_gradient_tol"": 0.001, ""h_m"": 0.0005, ""initial_force_scale_n"": 3.047519613778484e-07, ""initial_loss_std_scale_n_m"": 0.18257472927470916, ""epsilon_force_multiplier"": 1.0, ""epsilon_std_multiplier"": 1.0, ""smooth_scale_floor_activated"": false}","[{""stage"": 0, ""cap"": 30000, ""force_epsilon"": 0.0, ""uniformity_epsilon"": 0.0018257472927470917, ""iterations"": 435, ""evaluations"": 547, ""success"": false, ""status"": 2, ""message"": ""Desired error not necessarily achieved due to precision loss."", ""terminal_value"": -35.548251027119576, ""terminal_gradient_l2"": 9.515813041674324e-07, ""terminal_gradient_inf"": 2.3153620443486234e-07}]",computed,"original loss, reduced gauge, raw SI units",True,6.28330936267154e-06,,,0.8627005326513053,0.9190257500157124,000000000000049382001b184479,000000000000080f5c41bca175fe30e1,True,True,True,1.2545658971690337,0.0011506787789694,False,Co-scheduled sensitivity workers; use C7 serial timings for optimizer cost comparisons.,smoke,0.002351203252336,1.6135266855456278e-05,0.0008154678331598719
Triple,Conventional,260869,1.0,0.01,1.0,1.0,0.001,1.0,1.0,1.0,1.0,1.0,250,0.05,30000,BFGS,1e-08,0.0001,0.9,10,40,0.0,1000000,0.03,0.9,0.999,1e-12,0.0001,cosine,0.0,continuous,lambda_pressure_factor,0.01,000000000000046ce5ee6537eb3d,000000000000080f2a805af989a20dcf,000000000000080f2d7b5efbd5a31fd5,-35.45161683913954,10.49972369312531,4.327554031639226,1.1603452349096952,0.7545999448699109,5.734898420096324,False,2,Desired error not necessarily achieved due to precision loss.,False,False,8190,8514,150.2637548000057,9.899999713525176e-05,0.0121336000011069,"{""method"": ""Conventional"", ""components"": {""force_smoothing"": false, ""pressure_retention"": true, ""uniformity"": true}, ""alpha_force"": 0.0, ""beta_pressure"": 0.01, ""gamma_uniformity"": 1.0, ""curvature_weight_override"": [[1000.0, 0.0, 0.0], [0.0, 1000.0, 0.0], [0.0, 0.0, 10.0]], ""pressure_epsilon_rel"": 0.0, ""smooth_stage_factors"": [0.01], ""smooth_stage_maxiters"": [30000], ""smooth_scale_floor"": 1e-20, ""gtol"": 1e-08, ""report_gradient_tol"": 0.001, ""h_m"": 0.0005, ""initial_force_scale_n"": 3.047519613778484e-07, ""initial_loss_std_scale_n_m"": 2.1657618584823504, ""epsilon_force_multiplier"": 1.0, ""epsilon_std_multiplier"": 1.0, ""smooth_scale_floor_activated"": false}","[{""stage"": 0, ""cap"": 30000, ""force_epsilon"": 0.0, ""uniformity_epsilon"": 0.021657618584823506, ""iterations"": 8190, ""evaluations"": 8514, ""success"": false, ""status"": 2, ""message"": ""Desired error not necessarily achieved due to precision loss."", ""terminal_value"": -35.45161683913954, ""terminal_gradient_l2"": 4.327554031639226, ""terminal_gradient_inf"": 1.1603452349096952}]",computed,"original loss, reduced gauge, raw SI units",True,6.645084782157601e-06,,,0.8641601579625638,0.9211492653150296,000000000000049382001b184479,000000000000080f5c41bca175fe30e1,True,True,True,1.3209748486019155,0.0011595442887325,False,Co-scheduled sensitivity workers; use C7 serial timings for optimizer cost comparisons.,smoke,0.0057451534143318,0.0002238670256449,0.0008586336515912451
Triple,Conventional,260869,1.0,0.03,1.0,1.0,0.001,1.0,1.0,1.0,1.0,1.0,250,0.05,30000,BFGS,1e-08,0.0001,0.9,10,40,0.0,1000000,0.03,0.9,0.999,1e-12,0.0001,cosine,0.0,continuous,lambda_pressure_factor,0.03,000000000000046cd105089aef09,000000000000080f43c6326ac1d1135d,000000000000080f2d7b5efbd5a31fd5,-35.3794321494938,32.706157642610464,13.090996195620091,4.357170656759673,0.7822777887390787,16.734459784063315,False,1,Maximum number of iterations has been exceeded.,False,False,30000,31428,512.8817896999972,0.0001685000024735,0.0203771000087726,"{""method"": ""Conventional"", ""components"": {""force_smoothing"": false, ""pressure_retention"": true, ""uniformity"": true}, ""alpha_force"": 0.0, ""beta_pressure"": 0.03, ""gamma_uniformity"": 1.0, ""curvature_weight_override"": [[1000.0, 0.0, 0.0], [0.0, 1000.0, 0.0], [0.0, 0.0, 10.0]], ""pressure_epsilon_rel"": 0.0, ""smooth_stage_factors"": [0.01], ""smooth_stage_maxiters"": [30000], ""smooth_scale_floor"": 1e-20, ""gtol"": 1e-08, ""report_gradient_tol"": 0.001, ""h_m"": 0.0005, ""initial_force_scale_n"": 3.047519613778484e-07, ""initial_loss_std_scale_n_m"": 6.507927652093321, ""epsilon_force_multiplier"": 1.0, ""epsilon_std_multiplier"": 1.0, ""smooth_scale_floor_activated"": false}","[{""stage"": 0, ""cap"": 30000, ""force_epsilon"": 0.0, ""uniformity_epsilon"": 0.06507927652093322, ""iterations"": 30000, ""evaluations"": 31428, ""success"": false, ""status"": 1, ""message"": ""Maximum number of iterations has been exceeded."", ""terminal_value"": -35.3794321494938, ""terminal_gradient_l2"": 13.090996195620091, ""terminal_gradient_inf"": 4.357170656759673}]",computed,"original loss, reduced gauge, raw SI units",True,6.749791971107289e-06,,,0.8626098122232251,0.919739799937196,000000000000049382001b184479,000000000000080f5c41bca175fe30e1,True,True,True,1.35603344951368,0.0011953602205251,False,Co-scheduled sensitivity workers; use C7 serial timings for optimizer cost comparisons.,smoke,0.0058663238198105,0.0010361041951133,0.000881421742183892
Triple,Conventional,260869,1.0,0.1,1.0,1.0,0.001,1.0,1.0,1.0,1.0,1.0,250,0.05,30000,BFGS,1e-08,0.0001,0.9,10,40,0.0,1000000,0.03,0.9,0.999,1e-12,0.0001,cosine,0.0,continuous,lambda_pressure_factor,0.1,000000000000046b4c0f394ec969,000000000000080f838e7a1d8a471a6e,000000000000080f2d7b5efbd5a31fd5,-35.09333555424111,110.44462158118786,42.730201606923856,11.84966641292956,0.7713842764590001,55.39418278406536,False,1,Maximum number of iterations has been exceeded.,False,False,30000,32653,547.2286133000016,0.0001137999934144,0.0127234999963548,"{""method"": ""Conventional"", ""components"": {""force_smoothing"": false, ""pressure_retention"": true, ""uniformity"": true}, ""alpha_force"": 0.0, ""beta_pressure"": 0.1, ""gamma_uniformity"": 1.0, ""curvature_weight_override"": [[1000.0, 0.0, 0.0], [0.0, 1000.0, 0.0], [0.0, 0.0, 10.0]], ""pressure_epsilon_rel"": 0.0, ""smooth_stage_factors"": [0.01], ""smooth_stage_maxiters"": [30000], ""smooth_scale_floor"": 1e-20, ""gtol"": 1e-08, ""report_gradient_tol"": 0.001, ""h_m"": 0.0005, ""initial_force_scale_n"": 3.047519613778484e-07, ""initial_loss_std_scale_n_m"": 21.72161329350067, ""epsilon_force_multiplier"": 1.0, ""epsilon_std_multiplier"": 1.0, ""smooth_scale_floor_activated"": false}","[{""stage"": 0, ""cap"": 30000, ""force_epsilon"": 0.0, ""uniformity_epsilon"": 0.21721613293500672, ""iterations"": 30000, ""evaluations"": 32653, ""success"": false, ""status"": 1, ""message"": ""Maximum number of iterations has been exceeded."", ""terminal_value"": -35.09333555424111, ""terminal_gradient_l2"": 42.730201606923856, ""terminal_gradient_inf"": 11.84966641292956}]",computed,"original loss, reduced gauge, raw SI units",True,6.5563294959498045e-06,,,0.8443531158448122,0.8964382689473679,000000000000049382001b184479,000000000000080f5c41bca175fe30e1,True,True,True,1.7179322581420546,0.0010686631929746,False,Co-scheduled sensitivity workers; use C7 serial timings for optimizer cost comparisons.,smoke,0.0045640340817051,0.0023277570277421,0.0011166559677923355
Triple,Conventional,260869,1.0,0.3,1.0,1.0,0.001,1.0,1.0,1.0,1.0,1.0,250,0.05,30000,BFGS,1e-08,0.0001,0.9,10,40,0.0,1000000,0.03,0.9,0.999,1e-12,0.0001,cosine,0.0,continuous,lambda_pressure_factor,0.3,000000000000046b78e454e3cd35,000000000000080f96ce9b77092413ee,000000000000080f2d7b5efbd5a31fd5,-33.089637834780014,332.55905418751894,115.92882208875528,40.768121120712514,0.6987950871683523,165.89816416500642,False,2,Desired error not necessarily achieved due to precision loss.,False,False,17990,20135,349.062525699992,0.0001263000012841,0.0151921000069705,"{""method"": ""Conventional"", ""components"": {""force_smoothing"": false, ""pressure_retention"": true, ""uniformity"": true}, ""alpha_force"": 0.0, ""beta_pressure"": 0.3, ""gamma_uniformity"": 1.0, ""curvature_weight_override"": [[1000.0, 0.0, 0.0], [0.0, 1000.0, 0.0], [0.0, 0.0, 10.0]], ""pressure_epsilon_rel"": 0.0, ""smooth_stage_factors"": [0.01], ""smooth_stage_maxiters"": [30000], ""smooth_scale_floor"": 1e-20, ""gtol"": 1e-08, ""report_gradient_tol"": 0.001, ""h_m"": 0.0005, ""initial_force_scale_n"": 3.047519613778484e-07, ""initial_loss_std_scale_n_m"": 65.1938677767976, ""epsilon_force_multiplier"": 1.0, ""epsilon_std_multiplier"": 1.0, ""smooth_scale_floor_activated"": false}","[{""stage"": 0, ""cap"": 30000, ""force_epsilon"": 0.0, ""uniformity_epsilon"": 0.6519386777679761, ""iterations"": 17990, ""evaluations"": 20135, ""success"": false, ""status"": 2, ""message"": ""Desired error not necessarily achieved due to precision loss."", ""terminal_value"": -33.089637834780014, ""terminal_gradient_l2"": 115.92882208875527, ""terminal_gradient_inf"": 40.768121120712514}]",computed,"original loss, reduced gauge, raw SI units",True,6.09517578879772e-06,,,0.8092633904395741,0.8479140587658746,000000000000049382001b184479,000000000000080f5c41bca175fe30e1,True,True,True,2.45824086037029,0.0009062384599741,False,Co-scheduled sensitivity workers; use C7 serial timings for optimizer cost comparisons.,smoke,0.001429384107762,0.0042639671920753,0.0015978565592406884
Triple,Conventional,260869,1.0,1.0,1.0,1.0,0.001,1.0,1.0,1.0,1.0,1.0,250,0.05,30000,BFGS,1e-08,0.0001,0.9,10,40,0.0,1000000,0.03,0.9,0.999,1e-12,0.0001,cosine,0.0,continuous,lambda_pressure_factor,1.0,000000000000046baf97796dc96b,000000000000080f8e7fc6af41291dda,000000000000080f2d7b5efbd5a31fd5,-30.384150112117656,1109.9611525450778,410.5329307019685,151.2107251394196,0.7428054791366168,552.67892097288,False,2,Desired error not necessarily achieved due to precision loss.,False,False,10577,12844,217.80384149999009,0.0001106999989133,0.0174910000059753,"{""method"": ""Conventional"", ""components"": {""force_smoothing"": false, ""pressure_retention"": true, ""uniformity"": true}, ""alpha_force"": 0.0, ""beta_pressure"": 1.0, ""gamma_uniformity"": 1.0, ""curvature_weight_override"": [[1000.0, 0.0, 0.0], [0.0, 1000.0, 0.0], [0.0, 0.0, 10.0]], ""pressure_epsilon_rel"": 0.0, ""smooth_stage_factors"": [0.01], ""smooth_stage_maxiters"": [30000], ""smooth_scale_floor"": 1e-20, ""gtol"": 1e-08, ""report_gradient_tol"": 0.001, ""h_m"": 0.0005, ""initial_force_scale_n"": 3.047519613778484e-07, ""initial_loss_std_scale_n_m"": 217.34835862530048, ""epsilon_force_multiplier"": 1.0, ""epsilon_std_multiplier"": 1.0, ""smooth_scale_floor_activated"": false}","[{""stage"": 0, ""cap"": 30000, ""force_epsilon"": 0.0, ""uniformity_epsilon"": 2.173483586253005, ""iterations"": 10577, ""evaluations"": 12844, ""success"": false, ""status"": 2, ""message"": ""Desired error not necessarily achieved due to precision loss."", ""terminal_value"": -30.384150112117656, ""terminal_gradient_l2"": 410.53293070196844, ""terminal_gradient_inf"": 151.2107251394196}]",computed,"original loss, reduced gauge, raw SI units",True,6.032697570315523e-06,,,0.7118522691518155,0.7478652774351219,000000000000049382001b184479,000000000000080f5c41bca175fe30e1,True,True,True,1.95608078424785,0.0008891984202522,False,Co-scheduled sensitivity workers; use C7 serial timings for optimizer cost comparisons.,smoke,0.0024433362409664,0.141934748547234,0.0012714525097611024
Triple,Conventional,260869,1.0,10.0,1.0,1.0,0.001,1.0,1.0,1.0,1.0,1.0,250,0.05,30000,BFGS,1e-08,0.0001,0.9,10,40,0.0,1000000,0.03,0.9,0.999,1e-12,0.0001,cosine,0.0,continuous,lambda_pressure_factor,10.0,000000000000046c0c69d885eb42,000000000000080f3e3310c52146254e,000000000000080f2d7b5efbd5a31fd5,-18.892788743525315,11105.133182370646,4244.439435035508,1642.6995285593011,0.768141228910568,5525.597735530055,False,2,Desired error not necessarily achieved due to precision loss.,False,False,3592,4896,74.51832460000878,0.0001035000022966,0.0151971000013872,"{""method"": ""Conventional"", ""components"": {""force_smoothing"": false, ""pressure_retention"": true, ""uniformity"": true}, ""alpha_force"": 0.0, ""beta_pressure"": 10.0, ""gamma_uniformity"": 1.0, ""curvature_weight_override"": [[1000.0, 0.0, 0.0], [0.0, 1000.0, 0.0], [0.0, 0.0, 10.0]], ""pressure_epsilon_rel"": 0.0, ""smooth_stage_factors"": [0.01], ""smooth_stage_maxiters"": [30000], ""smooth_scale_floor"": 1e-20, ""gtol"": 1e-08, ""report_gradient_tol"": 0.001, ""h_m"": 0.0005, ""initial_force_scale_n"": 3.047519613778484e-07, ""initial_loss_std_scale_n_m"": 2173.622599667837, ""epsilon_force_multiplier"": 1.0, ""epsilon_std_multiplier"": 1.0, ""smooth_scale_floor_activated"": false}","[{""stage"": 0, ""cap"": 30000, ""force_epsilon"": 0.0, ""uniformity_epsilon"": 21.73622599667837, ""iterations"": 3592, ""evaluations"": 4896, ""success"": false, ""status"": 2, ""message"": ""Desired error not necessarily achieved due to precision loss."", ""terminal_value"": -18.892788743525315, ""terminal_gradient_l2"": 4244.439435035508, ""terminal_gradient_inf"": 1642.6995285593011}]",computed,"original loss, reduced gauge, raw SI units",True,1.833705174519888e-06,,,0.5325563569259224,0.6771059496156423,000000000000049382001b184479,000000000000080f5c41bca175fe30e1,True,True,True,3.2269142366970804,0.0005837386582023,False,Co-scheduled sensitivity workers; use C7 serial timings for optimizer cost comparisons.,smoke,0.0024117605251013,1.8775365299904512,0.0020974942538531023
Triple,Conventional,260869,1.0,3.0,1.0,1.0,0.001,1.0,1.0,1.0,1.0,1.0,250,0.05,30000,BFGS,1e-08,0.0001,0.9,10,40,0.0,1000000,0.03,0.9,0.999,1e-12,0.0001,cosine,0.0,continuous,lambda_pressure_factor,3.0,000000000000046b873d92c7cd3b,000000000000080f0b93a498669a21dd,000000000000080f2d7b5efbd5a31fd5,-26.73224604066917,3331.1104573325574,1349.1502802092566,589.9264165334494,0.8138336230009663,1657.7716158179112,False,2,Desired error not necessarily achieved due to precision loss.,False,False,3641,4723,72.8775134000025,9.750000026542692e-05,0.0128762999956961,"{""method"": ""Conventional"", ""components"": {""force_smoothing"": false, ""pressure_retention"": true, ""uniformity"": true}, ""alpha_force"": 0.0, ""beta_pressure"": 3.0, ""gamma_uniformity"": 1.0, ""curvature_weight_override"": [[1000.0, 0.0, 0.0], [0.0, 1000.0, 0.0], [0.0, 0.0, 10.0]], ""pressure_epsilon_rel"": 0.0, ""smooth_stage_factors"": [0.01], ""smooth_stage_maxiters"": [30000], ""smooth_scale_floor"": 1e-20, ""gtol"": 1e-08, ""report_gradient_tol"": 0.001, ""h_m"": 0.0005, ""initial_force_scale_n"": 3.047519613778484e-07, ""initial_loss_std_scale_n_m"": 652.0759322186099, ""epsilon_force_multiplier"": 1.0, ""epsilon_std_multiplier"": 1.0, ""smooth_scale_floor_activated"": false}","[{""stage"": 0, ""cap"": 30000, ""force_epsilon"": 0.0, ""uniformity_epsilon"": 6.520759322186099, ""iterations"": 3641, ""evaluations"": 4723, ""success"": false, ""status"": 2, ""message"": ""Desired error not necessarily achieved due to precision loss."", ""terminal_value"": -26.732246040669175, ""terminal_gradient_l2"": 1349.1502802092566, ""terminal_gradient_inf"": 589.9264165334494}]",computed,"original loss, reduced gauge, raw SI units",True,3.342228804262134e-06,,,0.6298450291964687,0.6942342659115656,000000000000049382001b184479,000000000000080f5c41bca175fe30e1,True,True,True,3.846871718867796,0.0008345150536238,False,Co-scheduled sensitivity workers; use C7 serial timings for optimizer cost comparisons.,smoke,0.0033506953665906,0.5291546782507147,0.0025004666172640674
Triple,Conventional,260869,1.0,30.0,1.0,1.0,0.001,1.0,1.0,1.0,1.0,1.0,250,0.05,30000,BFGS,1e-08,0.0001,0.9,10,40,0.0,1000000,0.03,0.9,0.999,1e-12,0.0001,cosine,0.0,continuous,lambda_pressure_factor,30.0,000000000000046c3a423898ef14,000000000000080f72b0e72bb53e222a,000000000000080f2d7b5efbd5a31fd5,-17.246483670939437,33316.62672769977,12270.00867267854,4194.162415452962,0.7402036904717056,16576.529988467497,False,2,Desired error not necessarily achieved due to precision loss.,False,False,2572,3661,52.60688300000038,9.539999882690609e-05,0.0116807000013068,"{""method"": ""Conventional"", ""components"": {""force_smoothing"": false, ""pressure_retention"": true, ""uniformity"": true}, ""alpha_force"": 0.0, ""beta_pressure"": 30.0, ""gamma_uniformity"": 1.0, ""curvature_weight_override"": [[1000.0, 0.0, 0.0], [0.0, 1000.0, 0.0], [0.0, 0.0, 10.0]], ""pressure_epsilon_rel"": 0.0, ""smooth_stage_factors"": [0.01], ""smooth_stage_maxiters"": [30000], ""smooth_scale_floor"": 1e-20, ""gtol"": 1e-08, ""report_gradient_tol"": 0.001, ""h_m"": 0.0005, ""initial_force_scale_n"": 3.047519613778484e-07, ""initial_loss_std_scale_n_m"": 6520.898838054675, ""epsilon_force_multiplier"": 1.0, ""epsilon_std_multiplier"": 1.0, ""smooth_scale_floor_activated"": false}","[{""stage"": 0, ""cap"": 30000, ""force_epsilon"": 0.0, ""uniformity_epsilon"": 65.20898838054676, ""iterations"": 2572, ""evaluations"": 3661, ""success"": false, ""status"": 2, ""message"": ""Desired error not necessarily achieved due to precision loss."", ""terminal_value"": -17.246483670939437, ""terminal_gradient_l2"": 12270.008672678541, ""terminal_gradient_inf"": 4194.162415452962}]",computed,"original loss, reduced gauge, raw SI units",True,2.235201502920908e-06,,,0.5470060188635003,0.7297339921797665,000000000000049382001b184479,000000000000080f5c41bca175fe30e1,True,False,False,,,False,Co-scheduled sensitivity workers; use C7 serial timings for optimizer cost comparisons.,smoke,0.0051205451949416,2.777401777680146,
Single,GFE,260828,1.0,1.0,1.0,1.0,0.001,1.0,1.0,1.0,1.0,0.25,250,0.05,10000,L-BFGS-B,1e-08,0.0001,0.9,10,40,0.0,1000000,0.03,0.9,0.999,1e-12,0.0001,cosine,0.0,continuous,stencil_factor,0.25,000000000000049881bab1eb5fa5,000000000000080fda21ea31c3bf2439,000000000000080f897ccb5ce6f61803,-0.0672076448447365,-0.0004254284135931,1.4678158049899773e-08,6.978841542625186e-09,3.229169946124201e-05,0.0004545489489494,True,0,CONVERGENCE: NORM OF PROJECTED GRADIENT <= PGTOL,True,True,35,46,0.0053572000033454,0.0001058999914675,0.0050148000009357,"{""alpha_per_m"": 10.0, ""beta_n_per_m_pa"": 0.0, ""curvature_weight"": [[1.0, 0.0, 0.0], [0.0, 1.0, 0.0], [0.0, 0.0, 1.0]], ""h_m"": 0.000125, ""force_target_n"": [0.0, 0.0, 1.1142852793561358e-06]}","[{""stage"": 0, ""cap"": 10000, ""force_epsilon"": 0.0, ""uniformity_epsilon"": 0.0, ""iterations"": 35, ""evaluations"": 46, ""success"": true, ""status"": 0, ""message"": ""CONVERGENCE: NORM OF PROJECTED GRADIENT <= PGTOL"", ""terminal_value"": -0.06720764484473651, ""terminal_gradient_l2"": 1.4678158049899771e-08, ""terminal_gradient_inf"": 6.978841542625186e-09}]",computed,"original loss, reduced gauge, raw SI units",True,1.9285722721263462e-06,0.0672269305674686,0.0051427435191863,0.9858639373703248,0.999837569355642,0000000000000497820ea2851766,000000000000080f98b9c37edcbb222a,True,True,True,0.0842787270253583,0.0021676637610812,False,Co-scheduled sensitivity workers; use C7 serial timings for optimizer cost comparisons.,smoke,,,5.478117256648289e-05
Single,GFE,260828,1.0,1.0,1.0,1.0,0.001,1.0,1.0,1.0,1.0,0.5,250,0.05,10000,L-BFGS-B,1e-08,0.0001,0.9,10,40,0.0,1000000,0.03,0.9,0.999,1e-12,0.0001,cosine,0.0,continuous,stencil_factor,0.5,0000000000000497d85bd07a1cc0,000000000000080f1984d24c93340cea,000000000000080f897ccb5ce6f61803,-0.061664236467562,-0.00024632417258,1.4208074069088209e-08,8.188246086076333e-09,3.266269233678553e-05,0.0004349939656715,True,0,CONVERGENCE: NORM OF PROJECTED GRADIENT <= PGTOL,True,True,33,43,0.0047824999928707,9.620000491850078e-05,0.0054232999973464,"{""alpha_per_m"": 10.0, ""beta_n_per_m_pa"": 0.0, ""curvature_weight"": [[1.0, 0.0, 0.0], [0.0, 1.0, 0.0], [0.0, 0.0, 1.0]], ""h_m"": 0.00025, ""force_target_n"": [0.0, 0.0, 1.1142852793561358e-06]}","[{""stage"": 0, ""cap"": 10000, ""force_epsilon"": 0.0, ""uniformity_epsilon"": 0.0, ""iterations"": 33, ""evaluations"": 43, ""success"": true, ""status"": 0, ""message"": ""CONVERGENCE: NORM OF PROJECTED GRADIENT <= PGTOL"", ""terminal_value"": -0.061664236467562056, ""terminal_gradient_l2"": 1.4208074069088207e-08, ""terminal_gradient_inf"": 8.188246086076333e-09}]",computed,"original loss, reduced gauge, raw SI units",True,1.5184591429544422e-06,0.0616794210589952,0.0029377104188369,0.9949291938998194,0.9998621823746736,0000000000000497820ea2851766,000000000000080f98b9c37edcbb222a,True,True,True,0.0386526016035259,0.0021478775488583,False,Co-scheduled sensitivity workers; use C7 serial timings for optimizer cost comparisons.,smoke,,,2.512419104229183e-05
Single,GFE,260828,1.0,1.0,1.0,1.0,0.001,1.0,1.0,1.0,1.0,0.75,250,0.05,10000,L-BFGS-B,1e-08,0.0001,0.9,10,40,0.0,1000000,0.03,0.9,0.999,1e-12,0.0001,cosine,0.0,continuous,stencil_factor,0.75,000000000000049800d4661e665d,000000000000080fdd1743d43728189e,000000000000080f897ccb5ce6f61803,-0.0604240918652378,-0.0001270723345858,7.385534984465031e-09,2.6516546493559757e-09,1.6612810579852642e-05,0.0004445686627777,True,0,CONVERGENCE: NORM OF PROJECTED GRADIENT <= PGTOL,True,True,38,49,0.004716700001154,8.960001287050545e-05,0.0045270999980857,"{""alpha_per_m"": 10.0, ""beta_n_per_m_pa"": 0.0, ""curvature_weight"": [[1.0, 0.0, 0.0], [0.0, 1.0, 0.0], [0.0, 0.0, 1.0]], ""h_m"": 0.000375, ""force_target_n"": [0.0, 0.0, 1.1142852793561358e-06]}","[{""stage"": 0, ""cap"": 10000, ""force_epsilon"": 0.0, ""uniformity_epsilon"": 0.0, ""iterations"": 38, ""evaluations"": 49, ""success"": true, ""status"": 0, ""message"": ""CONVERGENCE: NORM OF PROJECTED GRADIENT <= PGTOL"", ""terminal_value"": -0.06042409186523783, ""terminal_gradient_l2"": 7.385534984465031e-09, ""terminal_gradient_inf"": 2.6516546493559757e-09}]",computed,"original loss, reduced gauge, raw SI units",True,1.3066747622086266e-06,0.0604371586128606,0.0031672176127803,0.9991983298418864,0.9998266810965482,0000000000000497820ea2851766,000000000000080f98b9c37edcbb222a,True,True,True,0.1401222550412351,0.0020532354212824,False,Co-scheduled sensitivity workers; use C7 serial timings for optimizer cost comparisons.,smoke,,,9.107946577680281e-05
Single,GFE,260828,1.0,1.0,1.0,1.0,0.001,1.0,1.0,1.0,1.0,1.0,250,0.05,10000,L-BFGS-B,1e-08,0.0001,0.9,10,40,0.0,1000000,0.03,0.9,0.999,1e-12,0.0001,cosine,0.0,continuous,stencil_factor,1.0,0000000000000497820ea2851766,000000000000080f98b9c37edcbb222a,000000000000080f897ccb5ce6f61803,-0.0590436754844043,-8.8272438301316e-05,3.0990934113049095e-08,6.320541914298822e-09,6.792365640503582e-05,0.0004562612755745,True,0,CONVERGENCE: NORM OF PROJECTED GRADIENT <= PGTOL,True,True,37,44,0.0051513999933376,0.0001343000039923,0.0061320999957388,"{""alpha_per_m"": 10.0, ""beta_n_per_m_pa"": 0.0, ""curvature_weight"": [[1.0, 0.0, 0.0], [0.0, 1.0, 0.0], [0.0, 0.0, 1.0]], ""h_m"": 0.0005, ""force_target_n"": [0.0, 0.0, 1.1142852793561358e-06]}","[{""stage"": 0, ""cap"": 10000, ""force_epsilon"": 0.0, ""uniformity_epsilon"": 0.0, ""iterations"": 37, ""evaluations"": 44, ""success"": true, ""status"": 0, ""message"": ""CONVERGENCE: NORM OF PROJECTED GRADIENT <= PGTOL"", ""terminal_value"": -0.059043675484404375, ""terminal_gradient_l2"": 3.0990934113049095e-08, ""terminal_gradient_inf"": 6.320541914298822e-09}]",reused,"original loss, reduced gauge, raw SI units",True,1.501168349117218e-06,0.0590586871678959,0.0072828264000504,1.0,0.9999999999999992,0000000000000497820ea2851766,000000000000080f98b9c37edcbb222a,True,True,True,0.0448537974323708,0.0022533208137982,False,Co-scheduled sensitivity workers; use C7 serial timings for optimizer cost comparisons.,smoke,,,2.915496833104102e-05
Single,GFE,260828,1.0,1.0,1.0,1.0,0.001,1.0,1.0,1.0,1.0,1.5,250,0.05,10000,L-BFGS-B,1e-08,0.0001,0.9,10,40,0.0,1000000,0.03,0.9,0.999,1e-12,0.0001,cosine,0.0,continuous,stencil_factor,1.5,000000000000049752cf9a511e19,000000000000080fcde6ab5f8b0906fc,000000000000080f897ccb5ce6f61803,-0.0562429149462126,-6.557564354681438e-05,1.4397472504801578e-08,9.077461560215584e-09,3.137682019478587e-05,0.0004588569656014,True,0,CONVERGENCE: NORM OF PROJECTED GRADIENT <= PGTOL,True,True,34,39,0.0040904999914346,9.329999738838524e-05,0.0044679999991785,"{""alpha_per_m"": 10.0, ""beta_n_per_m_pa"": 0.0, ""curvature_weight"": [[1.0, 0.0, 0.0], [0.0, 1.0, 0.0], [0.0, 0.0, 1.0]], ""h_m"": 0.00075, ""force_target_n"": [0.0, 0.0, 1.1142852793561358e-06]}","[{""stage"": 0, ""cap"": 10000, ""force_epsilon"": 0.0, ""uniformity_epsilon"": 0.0, ""iterations"": 34, ""evaluations"": 39, ""success"": true, ""status"": 0, ""message"": ""CONVERGENCE: NORM OF PROJECTED GRADIENT <= PGTOL"", ""terminal_value"": -0.056242914946212606, ""terminal_gradient_l2"": 1.4397472504801578e-08, ""terminal_gradient_inf"": 9.077461560215583e-09}]",computed,"original loss, reduced gauge, raw SI units",True,1.691014431200616e-06,0.0562598250905247,0.0051852509959717,0.9985707006005016,0.999849412254554,0000000000000497820ea2851766,000000000000080f98b9c37edcbb222a,True,True,True,0.190150829711364,0.0021678475293157,False,Co-scheduled sensitivity workers; use C7 serial timings for optimizer cost comparisons.,smoke,,,0.0001235980393123866
Single,GFE,260828,1.0,1.0,1.0,1.0,0.001,1.0,1.0,1.0,1.0,2.0,250,0.05,10000,L-BFGS-B,1e-08,0.0001,0.9,10,40,0.0,1000000,0.03,0.9,0.999,1e-12,0.0001,cosine,0.0,continuous,stencil_factor,2.0,0000000000000497c6c37ab918bf,000000000000080f7f02f4715a2f137a,000000000000080f897ccb5ce6f61803,-0.0525292131492302,-3.32988358497588e-05,4.984240340933101e-08,8.834434420121821e-09,0.0001106096896684,0.0004506151636328,True,0,CONVERGENCE: NORM OF PROJECTED GRADIENT <= PGTOL,True,True,30,33,0.0038599999970756,9.780000254977494e-05,0.0048545000026933,"{""alpha_per_m"": 10.0, ""beta_n_per_m_pa"": 0.0, ""curvature_weight"": [[1.0, 0.0, 0.0], [0.0, 1.0, 0.0], [0.0, 0.0, 1.0]], ""h_m"": 0.001, ""force_target_n"": [0.0, 0.0, 1.1142852793561358e-06]}","[{""stage"": 0, ""cap"": 10000, ""force_epsilon"": 0.0, ""uniformity_epsilon"": 0.0, ""iterations"": 30, ""evaluations"": 33, ""success"": true, ""status"": 0, ""message"": ""CONVERGENCE: NORM OF PROJECTED GRADIENT <= PGTOL"", ""terminal_value"": -0.05252921314923023, ""terminal_gradient_l2"": 4.984240340933101e-08, ""terminal_gradient_inf"": 8.834434420121821e-09}]",computed,"original loss, reduced gauge, raw SI units",True,1.6587157349328776e-06,0.0525458003065796,0.0269553048735682,0.9981617484060032,0.999835084159496,0000000000000497820ea2851766,000000000000080f98b9c37edcbb222a,True,True,True,0.1645534440356052,0.0022566785398134,False,Co-scheduled sensitivity workers; use C7 serial timings for optimizer cost comparisons.,smoke,,,0.00010695973862314338
Triple,GFE,260869,1.0,1.0,1.0,1.0,0.001,1.0,1.0,1.0,1.0,0.25,250,0.05,30000,BFGS,1e-08,0.0001,0.9,10,40,0.0,1000000,0.03,0.9,0.999,1e-12,0.0001,cosine,0.0,continuous,stencil_factor,0.25,0000000000000494ffaa910f8c5a,000000000000080ffde1d244761b1cfb,000000000000080f2d7b5efbd5a31fd5,-0.0736416812203289,0.0608731246429111,2.654405385420545e-07,7.802677137956199e-08,8.613131862001441e-06,0.0308181208409334,False,2,Desired error not necessarily achieved due to precision loss.,False,True,4149,4395,18.718096500000684,9.679999493528156e-05,0.0249887999962084,"{""method"": ""Regularized-FE"", ""components"": {""force_smoothing"": true, ""pressure_retention"": true, ""uniformity"": true}, ""alpha_force"": 3000.0, ""beta_pressure"": 5e-05, ""gamma_uniformity"": 1.0, ""curvature_weight_override"": [[1.0, 0.0, 0.0], [0.0, 1.0, 0.0], [0.0, 0.0, 10.0]], ""pressure_epsilon_rel"": 0.001, ""smooth_stage_factors"": [0.05, 0.01], ""smooth_stage_maxiters"": [250, 29750], ""smooth_scale_floor"": 1e-20, ""gtol"": 1e-08, ""report_gradient_tol"": 0.001, ""compensate_effective_gravity"": true, ""h_m"": 0.000125, ""initial_force_scale_n"": 1.3102886878709626e-06, ""initial_loss_std_scale_n_m"": 0.010515705904623874, ""epsilon_force_multiplier"": 1.0, ""epsilon_std_multiplier"": 1.0, ""smooth_scale_floor_activated"": false}","[{""stage"": 0, ""cap"": 250, ""force_epsilon"": 6.551443439354813e-08, ""uniformity_epsilon"": 0.0005257852952311937, ""iterations"": 250, ""evaluations"": 312, ""success"": false, ""status"": 1, ""message"": ""Maximum number of iterations has been exceeded."", ""terminal_value"": -0.04079878523336549, ""terminal_gradient_l2"": 0.026728712255224156, ""terminal_gradient_inf"": 0.007085389010396953}, {""stage"": 1, ""cap"": 29750, ""force_epsilon"": 1.3102886878709627e-08, ""uniformity_epsilon"": 0.00010515705904623875, ""iterations"": 3899, ""evaluations"": 4083, ""success"": false, ""status"": 2, ""message"": ""Desired error not necessarily achieved due to precision loss."", ""terminal_value"": -0.07364168122032896, ""terminal_gradient_l2"": 2.654405385420545e-07, ""terminal_gradient_inf"": 7.802677137956198e-08}]",computed,"original loss, reduced gauge, raw SI units",True,4.527181683299366e-07,,,0.7492333491620944,0.8690554370700754,000000000000049382001b184479,000000000000080f5c41bca175fe30e1,True,True,True,0.5296300975990236,0.0011399330137115,False,Co-scheduled sensitivity workers; use C7 serial timings for optimizer cost comparisons.,smoke,9.74448645886074e-06,9.74448645886074e-06,0.0003442595634393653
Triple,GFE,260869,1.0,1.0,1.0,1.0,0.001,1.0,1.0,1.0,1.0,0.5,250,0.05,30000,BFGS,1e-08,0.0001,0.9,10,40,0.0,1000000,0.03,0.9,0.999,1e-12,0.0001,cosine,0.0,continuous,stencil_factor,0.5,0000000000000493d85569e749d3,000000000000080fa1de3b88c6322a28,000000000000080f2d7b5efbd5a31fd5,-0.0577471899966344,0.0609682901357958,3.5056438282846966e-08,9.261817940597841e-09,1.1660177226890925e-06,0.0300650990123881,True,0,Optimization terminated successfully.,True,True,3035,3149,12.194955800005118,0.0001025999954435,0.0240619999967748,"{""method"": ""Regularized-FE"", ""components"": {""force_smoothing"": true, ""pressure_retention"": true, ""uniformity"": true}, ""alpha_force"": 3000.0, ""beta_pressure"": 5e-05, ""gamma_uniformity"": 1.0, ""curvature_weight_override"": [[1.0, 0.0, 0.0], [0.0, 1.0, 0.0], [0.0, 0.0, 10.0]], ""pressure_epsilon_rel"": 0.001, ""smooth_stage_factors"": [0.05, 0.01], ""smooth_stage_maxiters"": [250, 29750], ""smooth_scale_floor"": 1e-20, ""gtol"": 1e-08, ""report_gradient_tol"": 0.001, ""compensate_effective_gravity"": true, ""h_m"": 0.00025, ""initial_force_scale_n"": 1.293659194225436e-06, ""initial_loss_std_scale_n_m"": 0.01166149059343339, ""epsilon_force_multiplier"": 1.0, ""epsilon_std_multiplier"": 1.0, ""smooth_scale_floor_activated"": false}","[{""stage"": 0, ""cap"": 250, ""force_epsilon"": 6.46829597112718e-08, ""uniformity_epsilon"": 0.0005830745296716695, ""iterations"": 250, ""evaluations"": 312, ""success"": false, ""status"": 1, ""message"": ""Maximum number of iterations has been exceeded."", ""terminal_value"": -0.028966636693192143, ""terminal_gradient_l2"": 0.018665292265896898, ""terminal_gradient_inf"": 0.006163707578089602}, {""stage"": 1, ""cap"": 29750, ""force_epsilon"": 1.2936591942254359e-08, ""uniformity_epsilon"": 0.00011661490593433389, ""iterations"": 2785, ""evaluations"": 2837, ""success"": true, ""status"": 0, ""message"": ""Optimization terminated successfully."", ""terminal_value"": -0.057747189996634404, ""terminal_gradient_l2"": 3.505643828284696e-08, ""terminal_gradient_inf"": 9.26181794059784e-09}]",computed,"original loss, reduced gauge, raw SI units",True,1.4824709078598469e-08,,,0.941925023228884,0.9668094576001204,000000000000049382001b184479,000000000000080f5c41bca175fe30e1,True,True,True,0.5237256775467743,0.0012768112012178,False,Co-scheduled sensitivity workers; use C7 serial timings for optimizer cost comparisons.,smoke,6.706255094902475e-06,6.706255094902475e-06,0.0003404216904054033
Triple,GFE,260869,1.0,1.0,1.0,1.0,0.001,1.0,1.0,1.0,1.0,0.75,250,0.05,30000,BFGS,1e-08,0.0001,0.9,10,40,0.0,1000000,0.03,0.9,0.999,1e-12,0.0001,cosine,0.0,continuous,stencil_factor,0.75,00000000000004947ec446fa9312,000000000000080f1e5dc49f3c4a06ac,000000000000080f2d7b5efbd5a31fd5,-0.0516870030167198,0.0605226773498051,2.5592323841765285e-08,9.873289154416318e-09,8.539124553128202e-07,0.0299706646536615,True,0,Optimization terminated successfully.,True,True,2916,3039,12.439725599993835,0.0001147000002674,0.0368817999988095,"{""method"": ""Regularized-FE"", ""components"": {""force_smoothing"": true, ""pressure_retention"": true, ""uniformity"": true}, ""alpha_force"": 3000.0, ""beta_pressure"": 5e-05, ""gamma_uniformity"": 1.0, ""curvature_weight_override"": [[1.0, 0.0, 0.0], [0.0, 1.0, 0.0], [0.0, 0.0, 10.0]], ""pressure_epsilon_rel"": 0.001, ""smooth_stage_factors"": [0.05, 0.01], ""smooth_stage_maxiters"": [250, 29750], ""smooth_scale_floor"": 1e-20, ""gtol"": 1e-08, ""report_gradient_tol"": 0.001, ""compensate_effective_gravity"": true, ""h_m"": 0.000375, ""initial_force_scale_n"": 1.2910081320073928e-06, ""initial_loss_std_scale_n_m"": 0.011418021826007506, ""epsilon_force_multiplier"": 1.0, ""epsilon_std_multiplier"": 1.0, ""smooth_scale_floor_activated"": false}","[{""stage"": 0, ""cap"": 250, ""force_epsilon"": 6.455040660036964e-08, ""uniformity_epsilon"": 0.0005709010913003753, ""iterations"": 250, ""evaluations"": 302, ""success"": false, ""status"": 1, ""message"": ""Maximum number of iterations has been exceeded."", ""terminal_value"": -0.02544395183487998, ""terminal_gradient_l2"": 0.018757349206054548, ""terminal_gradient_inf"": 0.0066942616908895365}, {""stage"": 1, ""cap"": 29750, ""force_epsilon"": 1.2910081320073929e-08, ""uniformity_epsilon"": 0.00011418021826007506, ""iterations"": 2666, ""evaluations"": 2737, ""success"": true, ""status"": 0, ""message"": ""Optimization terminated successfully."", ""terminal_value"": -0.05168700301671981, ""terminal_gradient_l2"": 2.5592323841765285e-08, ""terminal_gradient_inf"": 9.873289154416318e-09}]",computed,"original loss, reduced gauge, raw SI units",True,1.3375963964271904e-08,,,0.989971835302461,0.996381670875376,000000000000049382001b184479,000000000000080f5c41bca175fe30e1,True,True,True,0.5008526660989555,0.0012810396230967,False,Co-scheduled sensitivity workers; use C7 serial timings for optimizer cost comparisons.,smoke,6.099121031303265e-06,6.099121031303265e-06,0.00032555423296432105
Triple,GFE,260869,1.0,1.0,1.0,1.0,0.001,1.0,1.0,1.0,1.0,1.0,250,0.05,30000,BFGS,1e-08,0.0001,0.9,10,40,0.0,1000000,0.03,0.9,0.999,1e-12,0.0001,cosine,0.0,continuous,stencil_factor,1.0,000000000000049382001b184479,000000000000080f5c41bca175fe30e1,000000000000080f2d7b5efbd5a31fd5,-0.0496489322685399,0.0603438133903949,3.307155120464556e-08,9.894782154094378e-09,1.1014633748299583e-06,0.0300251029315896,True,0,Optimization terminated successfully.,True,True,2777,2871,9.424814900005003,8.670000534038991e-05,0.0261399999872082,"{""method"": ""Regularized-FE"", ""components"": {""force_smoothing"": true, ""pressure_retention"": true, ""uniformity"": true}, ""alpha_force"": 3000.0, ""beta_pressure"": 5e-05, ""gamma_uniformity"": 1.0, ""curvature_weight_override"": [[1.0, 0.0, 0.0], [0.0, 1.0, 0.0], [0.0, 0.0, 10.0]], ""pressure_epsilon_rel"": 0.001, ""smooth_stage_factors"": [0.05, 0.01], ""smooth_stage_maxiters"": [250, 29750], ""smooth_scale_floor"": 1e-20, ""gtol"": 1e-08, ""report_gradient_tol"": 0.001, ""compensate_effective_gravity"": true, ""h_m"": 0.0005, ""initial_force_scale_n"": 1.2934929155139256e-06, ""initial_loss_std_scale_n_m"": 0.011266553940494833, ""epsilon_force_multiplier"": 1.0, ""epsilon_std_multiplier"": 1.0, ""smooth_scale_floor_activated"": false}","[{""stage"": 0, ""cap"": 250, ""force_epsilon"": 6.467464577569628e-08, ""uniformity_epsilon"": 0.0005633276970247417, ""iterations"": 250, ""evaluations"": 288, ""success"": false, ""status"": 1, ""message"": ""Maximum number of iterations has been exceeded."", ""terminal_value"": -0.024506645236742886, ""terminal_gradient_l2"": 0.01752334601898978, ""terminal_gradient_inf"": 0.004209316855187494}, {""stage"": 1, ""cap"": 29750, ""force_epsilon"": 1.2934929155139256e-08, ""uniformity_epsilon"": 0.00011266553940494834, ""iterations"": 2527, ""evaluations"": 2583, ""success"": true, ""status"": 0, ""message"": ""Optimization terminated successfully."", ""terminal_value"": -0.049648932268539954, ""terminal_gradient_l2"": 3.307155120464556e-08, ""terminal_gradient_inf"": 9.894782154094378e-09}]",reused,"original loss, reduced gauge, raw SI units",True,1.3345442864029888e-08,,,1.0,0.9999999999999994,000000000000049382001b184479,000000000000080f5c41bca175fe30e1,True,True,True,0.4579675383985165,0.0013121841697281,False,Co-scheduled sensitivity workers; use C7 serial timings for optimizer cost comparisons.,smoke,3.618937673684308e-06,3.618937673684308e-06,0.00029767889995903574
Triple,GFE,260869,1.0,1.0,1.0,1.0,0.001,1.0,1.0,1.0,1.0,1.5,250,0.05,30000,BFGS,1e-08,0.0001,0.9,10,40,0.0,1000000,0.03,0.9,0.999,1e-12,0.0001,cosine,0.0,continuous,stencil_factor,1.5,000000000000049352c123cc4b2c,000000000000080f3e000305bcd60c86,000000000000080f2d7b5efbd5a31fd5,-0.0452628074671797,0.0604285302866209,3.6634884897155235e-08,9.97865443788361e-09,1.21664021960821e-06,0.0301115188424007,True,0,Optimization terminated successfully.,True,True,2441,2549,10.367658700008178,0.0001190000039059,0.0306947999924886,"{""method"": ""Regularized-FE"", ""components"": {""force_smoothing"": true, ""pressure_retention"": true, ""uniformity"": true}, ""alpha_force"": 3000.0, ""beta_pressure"": 5e-05, ""gamma_uniformity"": 1.0, ""curvature_weight_override"": [[1.0, 0.0, 0.0], [0.0, 1.0, 0.0], [0.0, 0.0, 10.0]], ""pressure_epsilon_rel"": 0.001, ""smooth_stage_factors"": [0.05, 0.01], ""smooth_stage_maxiters"": [250, 29750], ""smooth_scale_floor"": 1e-20, ""gtol"": 1e-08, ""report_gradient_tol"": 0.001, ""compensate_effective_gravity"": true, ""h_m"": 0.00075, ""initial_force_scale_n"": 1.3010535296994866e-06, ""initial_loss_std_scale_n_m"": 0.011093446391408057, ""epsilon_force_multiplier"": 1.0, ""epsilon_std_multiplier"": 1.0, ""smooth_scale_floor_activated"": false}","[{""stage"": 0, ""cap"": 250, ""force_epsilon"": 6.505267648497434e-08, ""uniformity_epsilon"": 0.0005546723195704029, ""iterations"": 250, ""evaluations"": 289, ""success"": false, ""status"": 1, ""message"": ""Maximum number of iterations has been exceeded."", ""terminal_value"": -0.024843146454761617, ""terminal_gradient_l2"": 0.018722848295687856, ""terminal_gradient_inf"": 0.005884344516464477}, {""stage"": 1, ""cap"": 29750, ""force_epsilon"": 1.3010535296994867e-08, ""uniformity_epsilon"": 0.00011093446391408058, ""iterations"": 2191, ""evaluations"": 2260, ""success"": true, ""status"": 0, ""message"": ""Optimization terminated successfully."", ""terminal_value"": -0.04526280746717979, ""terminal_gradient_l2"": 3.663488489715523e-08, ""terminal_gradient_inf"": 9.97865443788361e-09}]",computed,"original loss, reduced gauge, raw SI units",True,1.2888949335045632e-08,,,0.9960245452138592,0.9974417710847784,000000000000049382001b184479,000000000000080f5c41bca175fe30e1,True,True,True,0.452938501847562,0.0013910350143782,False,Co-scheduled sensitivity workers; use C7 serial timings for optimizer cost comparisons.,smoke,3.980845886894904e-06,3.980845886894904e-06,0.0002944100262009153
Triple,GFE,260869,1.0,1.0,1.0,1.0,0.001,1.0,1.0,1.0,1.0,2.0,250,0.05,30000,BFGS,1e-08,0.0001,0.9,10,40,0.0,1000000,0.03,0.9,0.999,1e-12,0.0001,cosine,0.0,continuous,stencil_factor,2.0,0000000000000493c6cdc32445d2,000000000000080f6874aa473e2f0f0b,000000000000080f2d7b5efbd5a31fd5,-0.0406973111634081,0.0604402150233507,2.9632161834614884e-08,9.991793729204832e-09,9.836993888005286e-07,0.0301231882137761,True,0,Optimization terminated successfully.,True,True,2547,2643,9.785726500005694,0.0001103999966289,0.0263723999960348,"{""method"": ""Regularized-FE"", ""components"": {""force_smoothing"": true, ""pressure_retention"": true, ""uniformity"": true}, ""alpha_force"": 3000.0, ""beta_pressure"": 5e-05, ""gamma_uniformity"": 1.0, ""curvature_weight_override"": [[1.0, 0.0, 0.0], [0.0, 1.0, 0.0], [0.0, 0.0, 10.0]], ""pressure_epsilon_rel"": 0.001, ""smooth_stage_factors"": [0.05, 0.01], ""smooth_stage_maxiters"": [250, 29750], ""smooth_scale_floor"": 1e-20, ""gtol"": 1e-08, ""report_gradient_tol"": 0.001, ""compensate_effective_gravity"": true, ""h_m"": 0.001, ""initial_force_scale_n"": 1.3184474065857252e-06, ""initial_loss_std_scale_n_m"": 0.011088658343904833, ""epsilon_force_multiplier"": 1.0, ""epsilon_std_multiplier"": 1.0, ""smooth_scale_floor_activated"": false}","[{""stage"": 0, ""cap"": 250, ""force_epsilon"": 6.592237032928626e-08, ""uniformity_epsilon"": 0.0005544329171952416, ""iterations"": 250, ""evaluations"": 295, ""success"": false, ""status"": 1, ""message"": ""Maximum number of iterations has been exceeded."", ""terminal_value"": -0.016507270178037166, ""terminal_gradient_l2"": 0.022611705349223958, ""terminal_gradient_inf"": 0.007799685495837921}, {""stage"": 1, ""cap"": 29750, ""force_epsilon"": 1.3184474065857251e-08, ""uniformity_epsilon"": 0.00011088658343904833, ""iterations"": 2297, ""evaluations"": 2348, ""success"": true, ""status"": 0, ""message"": ""Optimization terminated successfully."", ""terminal_value"": -0.040697311163408106, ""terminal_gradient_l2"": 2.9632161834614884e-08, ""terminal_gradient_inf"": 9.991793729204832e-09}]",computed,"original loss, reduced gauge, raw SI units",True,1.1920091574041636e-08,,,0.9920734465935546,0.9938311066312028,000000000000049382001b184479,000000000000080f5c41bca175fe30e1,True,True,True,0.5168116524441699,0.0013406511070188,False,Co-scheduled sensitivity workers; use C7 serial timings for optimizer cost comparisons.,smoke,4.857336296555312e-06,4.857336296555312e-06,0.00033592757408871046
Single,GFE,260828,1.0,1.0,1.0,1.0,0.001,1.0,1.0,1.0,0.1,1.0,250,0.05,10000,L-BFGS-B,1e-08,0.0001,0.9,10,40,0.0,1000000,0.03,0.9,0.999,1e-12,0.0001,cosine,0.0,continuous,transverse_ratio_factor,0.1,0000000000000497aaa168431764,000000000000080f830ccef9a5110369,000000000000080f897ccb5ce6f61803,-0.0526421397706272,-7.809731126091751e-06,2.0875652464763517e-08,6.886132835134845e-09,5.450067112658673e-05,0.0003830347779805,True,0,CONVERGENCE: NORM OF PROJECTED GRADIENT <= PGTOL,True,True,60,69,0.0072578999970573,9.810000483412296e-05,0.0045095999957993,"{""alpha_per_m"": 10.0, ""beta_n_per_m_pa"": 0.0, ""curvature_weight"": [[1.4285714285714286, 0.0, 0.0], [0.0, 0.14285714285714288, 0.0], [0.0, 0.0, 1.4285714285714286]], ""h_m"": 0.0005, ""force_target_n"": [0.0, 0.0, 1.1142852793561358e-06]}","[{""stage"": 0, ""cap"": 10000, ""force_epsilon"": 0.0, ""uniformity_epsilon"": 0.0, ""iterations"": 60, ""evaluations"": 69, ""success"": true, ""status"": 0, ""message"": ""CONVERGENCE: NORM OF PROJECTED GRADIENT <= PGTOL"", ""terminal_value"": -0.05264213977062725, ""terminal_gradient_l2"": 2.0875652464763513e-08, ""terminal_gradient_inf"": 6.886132835134845e-09}]",computed,"original loss, reduced gauge, raw SI units",True,1.5170814330775397e-06,0.0526573105849578,0.0092859264086748,0.8033231934758895,0.8439449337475747,0000000000000497820ea2851766,000000000000080f98b9c37edcbb222a,True,True,True,0.2264187105687941,0.0018354002966957,False,Co-scheduled sensitivity workers; use C7 serial timings for optimizer cost comparisons.,smoke,,,0.00014717216186971616
Single,GFE,260828,1.0,1.0,1.0,1.0,0.001,1.0,1.0,1.0,0.3,1.0,250,0.05,10000,L-BFGS-B,1e-08,0.0001,0.9,10,40,0.0,1000000,0.03,0.9,0.999,1e-12,0.0001,cosine,0.0,continuous,transverse_ratio_factor,0.3,0000000000000497418af12519b6,000000000000080faeba4c0b1db91bde,000000000000080f897ccb5ce6f61803,-0.0532926146828833,-3.113225494499742e-05,6.253879936643772e-09,3.463990374228879e-09,1.5733723873905153e-05,0.0003974825023474,True,0,CONVERGENCE: NORM OF PROJECTED GRADIENT <= PGTOL,True,True,41,47,0.0043073000124422,0.0001077999913832,0.0044797000009566,"{""alpha_per_m"": 10.0, ""beta_n_per_m_pa"": 0.0, ""curvature_weight"": [[1.3043478260869565, 0.0, 0.0], [0.0, 0.391304347826087, 0.0], [0.0, 0.0, 1.3043478260869565]], ""h_m"": 0.0005, ""force_target_n"": [0.0, 0.0, 1.1142852793561358e-06]}","[{""stage"": 0, ""cap"": 10000, ""force_epsilon"": 0.0, ""uniformity_epsilon"": 0.0, ""iterations"": 41, ""evaluations"": 47, ""success"": true, ""status"": 0, ""message"": ""CONVERGENCE: NORM OF PROJECTED GRADIENT <= PGTOL"", ""terminal_value"": -0.053292614682883314, ""terminal_gradient_l2"": 6.253879936643772e-09, ""terminal_gradient_inf"": 3.463990374228879e-09}]",computed,"original loss, reduced gauge, raw SI units",True,1.4658627621695394e-06,0.0533072733105043,0.001381540404078,0.9349745763066782,0.9527060056580652,0000000000000497820ea2851766,000000000000080f98b9c37edcbb222a,True,True,True,0.0806260568221754,0.0021093161953471,False,Co-scheduled sensitivity workers; use C7 serial timings for optimizer cost comparisons.,smoke,,,5.2406936934414004e-05
Single,GFE,260828,1.0,1.0,1.0,1.0,0.001,1.0,1.0,1.0,0.5,1.0,250,0.05,10000,L-BFGS-B,1e-08,0.0001,0.9,10,40,0.0,1000000,0.03,0.9,0.999,1e-12,0.0001,cosine,0.0,continuous,transverse_ratio_factor,0.5,0000000000000497a7875cce1c08,000000000000080f985a207ed0771785,000000000000080f897ccb5ce6f61803,-0.0547004113659933,-5.072317495287816e-05,7.809626231966456e-09,4.2127237841827705e-09,1.885322268785921e-05,0.0004142329595987,True,0,CONVERGENCE: NORM OF PROJECTED GRADIENT <= PGTOL,True,True,40,44,0.0058148000098299,0.0001693000085651,0.0048524000012548,"{""alpha_per_m"": 10.0, ""beta_n_per_m_pa"": 0.0, ""curvature_weight"": [[1.2, 0.0, 0.0], [0.0, 0.6, 0.0], [0.0, 0.0, 1.2]], ""h_m"": 0.0005, ""force_target_n"": [0.0, 0.0, 1.1142852793561358e-06]}","[{""stage"": 0, ""cap"": 10000, ""force_epsilon"": 0.0, ""uniformity_epsilon"": 0.0, ""iterations"": 40, ""evaluations"": 44, ""success"": true, ""status"": 0, ""message"": ""CONVERGENCE: NORM OF PROJECTED GRADIENT <= PGTOL"", ""terminal_value"": -0.05470041136599335, ""terminal_gradient_l2"": 7.809626231966456e-09, ""terminal_gradient_inf"": 4.21272378418277e-09}]",computed,"original loss, reduced gauge, raw SI units",True,1.4598522268260868e-06,0.0547150098882611,0.0003426835543947,0.9767427656053688,0.9832535543000326,0000000000000497820ea2851766,000000000000080f98b9c37edcbb222a,True,True,True,0.0381373178349293,0.0022196653300744,False,Co-scheduled sensitivity workers; use C7 serial timings for optimizer cost comparisons.,smoke,,,2.4789256592704047e-05
Single,GFE,260828,1.0,1.0,1.0,1.0,0.001,1.0,1.0,1.0,1.0,1.0,250,0.05,10000,L-BFGS-B,1e-08,0.0001,0.9,10,40,0.0,1000000,0.03,0.9,0.999,1e-12,0.0001,cosine,0.0,continuous,transverse_ratio_factor,1.0,0000000000000497820ea2851766,000000000000080f98b9c37edcbb222a,000000000000080f897ccb5ce6f61803,-0.0590436754844043,-8.8272438301316e-05,3.0990934113049095e-08,6.320541914298822e-09,6.792365640503582e-05,0.0004562612755745,True,0,CONVERGENCE: NORM OF PROJECTED GRADIENT <= PGTOL,True,True,37,44,0.0051513999933376,0.0001343000039923,0.0061320999957388,"{""alpha_per_m"": 10.0, ""beta_n_per_m_pa"": 0.0, ""curvature_weight"": [[1.0, 0.0, 0.0], [0.0, 1.0, 0.0], [0.0, 0.0, 1.0]], ""h_m"": 0.0005, ""force_target_n"": [0.0, 0.0, 1.1142852793561358e-06]}","[{""stage"": 0, ""cap"": 10000, ""force_epsilon"": 0.0, ""uniformity_epsilon"": 0.0, ""iterations"": 37, ""evaluations"": 44, ""success"": true, ""status"": 0, ""message"": ""CONVERGENCE: NORM OF PROJECTED GRADIENT <= PGTOL"", ""terminal_value"": -0.059043675484404375, ""terminal_gradient_l2"": 3.0990934113049095e-08, ""terminal_gradient_inf"": 6.320541914298822e-09}]",reused,"original loss, reduced gauge, raw SI units",True,1.501168349117218e-06,0.0590586871678959,0.0072828264000504,1.0,0.9999999999999992,0000000000000497820ea2851766,000000000000080f98b9c37edcbb222a,True,True,True,0.0448537974323708,0.0022533208137982,False,Co-scheduled sensitivity workers; use C7 serial timings for optimizer cost comparisons.,smoke,,,2.915496833104102e-05
Single,GFE,260828,1.0,1.0,1.0,1.0,0.001,1.0,1.0,1.0,10.0,1.0,250,0.05,10000,L-BFGS-B,1e-08,0.0001,0.9,10,40,0.0,1000000,0.03,0.9,0.999,1e-12,0.0001,cosine,0.0,continuous,transverse_ratio_factor,10.0,00000000000004980c0c4a1d5ee3,000000000000080fe6a5533d27fe0af0,000000000000080f897ccb5ce6f61803,-0.0880047475823319,-0.0002290821758579,2.585626579355037e-08,8.379079721002437e-09,3.777268999994803e-05,0.0006845227542329,True,0,CONVERGENCE: NORM OF PROJECTED GRADIENT <= PGTOL,True,True,85,93,0.0086769999907119,9.089999366551638e-05,0.0045071000058669,"{""alpha_per_m"": 10.0, ""beta_n_per_m_pa"": 0.0, ""curvature_weight"": [[0.25, 0.0, 0.0], [0.0, 2.5, 0.0], [0.0, 0.0, 0.25]], ""h_m"": 0.0005, ""force_target_n"": [0.0, 0.0, 1.1142852793561358e-06]}","[{""stage"": 0, ""cap"": 10000, ""force_epsilon"": 0.0, ""uniformity_epsilon"": 0.0, ""iterations"": 85, ""evaluations"": 93, ""success"": true, ""status"": 0, ""message"": ""CONVERGENCE: NORM OF PROJECTED GRADIENT <= PGTOL"", ""terminal_value"": -0.08800474758233197, ""terminal_gradient_l2"": 2.5856265793550372e-08, ""terminal_gradient_inf"": 8.379079721002437e-09}]",computed,"original loss, reduced gauge, raw SI units",True,1.7854913252732756e-06,0.0880226024955841,0.0137923509859878,0.6441576263019493,0.6764975150781006,0000000000000497820ea2851766,000000000000080f98b9c37edcbb222a,True,True,True,0.5072460565885875,0.0018373550188998,False,Co-scheduled sensitivity workers; use C7 serial timings for optimizer cost comparisons.,smoke,,,0.0003297099367825818
Single,GFE,260828,1.0,1.0,1.0,1.0,0.001,1.0,1.0,1.0,2.0,1.0,250,0.05,10000,L-BFGS-B,1e-08,0.0001,0.9,10,40,0.0,1000000,0.03,0.9,0.999,1e-12,0.0001,cosine,0.0,continuous,transverse_ratio_factor,2.0,00000000000004976540a81a1891,000000000000080f940635e489780f48,000000000000080f897ccb5ce6f61803,-0.0667842597785361,-0.0001352090174868,1.3056522263417245e-08,6.1100117921115965e-09,2.497243019420018e-05,0.000522837471639,True,0,CONVERGENCE: NORM OF PROJECTED GRADIENT <= PGTOL,True,True,38,46,0.0048182999889831,0.0001019000046653,0.0040911999967647,"{""alpha_per_m"": 10.0, ""beta_n_per_m_pa"": 0.0, ""curvature_weight"": [[0.75, 0.0, 0.0], [0.0, 1.5, 0.0], [0.0, 0.0, 0.75]], ""h_m"": 0.0005, ""force_target_n"": [0.0, 0.0, 1.1142852793561358e-06]}","[{""stage"": 0, ""cap"": 10000, ""force_epsilon"": 0.0, ""uniformity_epsilon"": 0.0, ""iterations"": 38, ""evaluations"": 46, ""success"": true, ""status"": 0, ""message"": ""CONVERGENCE: NORM OF PROJECTED GRADIENT <= PGTOL"", ""terminal_value"": -0.06678425977853618, ""terminal_gradient_l2"": 1.3056522263417243e-08, ""terminal_gradient_inf"": 6.110011792111596e-09}]",computed,"original loss, reduced gauge, raw SI units",True,1.6010273077953333e-06,0.0668002700516147,0.0039591165935472,0.9751416498182826,0.9820735914530252,0000000000000497820ea2851766,000000000000080f98b9c37edcbb222a,True,True,True,0.1357655606628861,0.0021277568643404,False,Co-scheduled sensitivity workers; use C7 serial timings for optimizer cost comparisons.,smoke,,,8.824761443087595e-05
Single,GFE,260828,1.0,1.0,1.0,1.0,0.001,1.0,1.0,1.0,3.0,1.0,250,0.05,10000,L-BFGS-B,1e-08,0.0001,0.9,10,40,0.0,1000000,0.03,0.9,0.999,1e-12,0.0001,cosine,0.0,continuous,transverse_ratio_factor,3.0,0000000000000497387aae6f19bc,000000000000080ff93cbe2a38380819,000000000000080f897ccb5ce6f61803,-0.0724191325378509,-0.0001633709649981,1.753040430422353e-08,7.765199440047092e-09,3.0852836307423936e-05,0.0005681942538295,True,0,CONVERGENCE: NORM OF PROJECTED GRADIENT <= PGTOL,True,True,34,40,0.0044162999984109,0.0001054000022122,0.0046451999951386,"{""alpha_per_m"": 10.0, ""beta_n_per_m_pa"": 0.0, ""curvature_weight"": [[0.6, 0.0, 0.0], [0.0, 1.8, 0.0], [0.0, 0.0, 0.6]], ""h_m"": 0.0005, ""force_target_n"": [0.0, 0.0, 1.1142852793561358e-06]}","[{""stage"": 0, ""cap"": 10000, ""force_epsilon"": 0.0, ""uniformity_epsilon"": 0.0, ""iterations"": 34, ""evaluations"": 40, ""success"": true, ""status"": 0, ""message"": ""CONVERGENCE: NORM OF PROJECTED GRADIENT <= PGTOL"", ""terminal_value"": -0.07241913253785093, ""terminal_gradient_l2"": 1.753040430422353e-08, ""terminal_gradient_inf"": 7.765199440047092e-09}]",computed,"original loss, reduced gauge, raw SI units",True,1.6724109576096269e-06,0.072435856647427,0.0019352814329415,0.9385309604565812,0.9551719448164404,0000000000000497820ea2851766,000000000000080f98b9c37edcbb222a,True,True,True,0.2298412491929528,0.0020108407739337,False,Co-scheduled sensitivity workers; use C7 serial timings for optimizer cost comparisons.,smoke,,,0.00014939681197541932
Triple,GFE,260869,1.0,1.0,1.0,1.0,0.001,1.0,1.0,1.0,0.1,1.0,250,0.05,30000,BFGS,1e-08,0.0001,0.9,10,40,0.0,1000000,0.03,0.9,0.999,1e-12,0.0001,cosine,0.0,continuous,transverse_ratio_factor,0.1,0000000000000493aaafd1de4477,000000000000080f2c6bcfdb53261f34,000000000000080f2d7b5efbd5a31fd5,-0.037929977014582,0.060716973998882,3.0664881278999413e-08,8.227477211271002e-09,1.0167487973858748e-06,0.0301597418731556,True,0,Optimization terminated successfully.,True,True,3159,3286,11.7915842999937,9.960000170394778e-05,0.0145563999976729,"{""method"": ""Regularized-FE"", ""components"": {""force_smoothing"": true, ""pressure_retention"": true, ""uniformity"": true}, ""alpha_force"": 3000.0, ""beta_pressure"": 5e-05, ""gamma_uniformity"": 1.0, ""curvature_weight_override"": [[1.0810810810810811, 0.0, 0.0], [0.0, 0.10810810810810813, 0.0], [0.0, 0.0, 10.81081081081081]], ""pressure_epsilon_rel"": 0.001, ""smooth_stage_factors"": [0.05, 0.01], ""smooth_stage_maxiters"": [250, 29750], ""smooth_scale_floor"": 1e-20, ""gtol"": 1e-08, ""report_gradient_tol"": 0.001, ""compensate_effective_gravity"": true, ""h_m"": 0.0005, ""initial_force_scale_n"": 1.2934929155139256e-06, ""initial_loss_std_scale_n_m"": 0.011216157398804681, ""epsilon_force_multiplier"": 1.0, ""epsilon_std_multiplier"": 1.0, ""smooth_scale_floor_activated"": false}","[{""stage"": 0, ""cap"": 250, ""force_epsilon"": 6.467464577569628e-08, ""uniformity_epsilon"": 0.0005608078699402341, ""iterations"": 250, ""evaluations"": 298, ""success"": false, ""status"": 1, ""message"": ""Maximum number of iterations has been exceeded."", ""terminal_value"": -0.01903908487228825, ""terminal_gradient_l2"": 0.013264306421805289, ""terminal_gradient_inf"": 0.004190198499951081}, {""stage"": 1, ""cap"": 29750, ""force_epsilon"": 1.2934929155139256e-08, ""uniformity_epsilon"": 0.00011216157398804682, ""iterations"": 2909, ""evaluations"": 2988, ""success"": true, ""status"": 0, ""message"": ""Optimization terminated successfully."", ""terminal_value"": -0.037929977014582, ""terminal_gradient_l2"": 3.066488127899941e-08, ""terminal_gradient_inf"": 8.227477211271002e-09}]",computed,"original loss, reduced gauge, raw SI units",True,2.1055177150069048e-08,,,0.8031834401014978,0.8672665044153968,000000000000049382001b184479,000000000000080f5c41bca175fe30e1,True,True,True,0.4438573485221166,0.0011139427957375,False,Co-scheduled sensitivity workers; use C7 serial timings for optimizer cost comparisons.,smoke,0.0055933023344761,6.950293799585138e-06,0.0002885072765393758
Triple,GFE,260869,1.0,1.0,1.0,1.0,0.001,1.0,1.0,1.0,0.3,1.0,250,0.05,30000,BFGS,1e-08,0.0001,0.9,10,40,0.0,1000000,0.03,0.9,0.999,1e-12,0.0001,cosine,0.0,continuous,transverse_ratio_factor,0.3,0000000000000493418448b846c9,000000000000080fb4efd0fe5e121b4d,000000000000080f2d7b5efbd5a31fd5,-0.0407976333901919,0.0606288932332894,2.1339632130711368e-08,8.932831130262881e-09,7.083089950152929e-07,0.0301275746614662,True,0,Optimization terminated successfully.,True,True,2646,2769,9.271558500011452,9.190000128000976e-05,0.0169603999966057,"{""method"": ""Regularized-FE"", ""components"": {""force_smoothing"": true, ""pressure_retention"": true, ""uniformity"": true}, ""alpha_force"": 3000.0, ""beta_pressure"": 5e-05, ""gamma_uniformity"": 1.0, ""curvature_weight_override"": [[1.0619469026548671, 0.0, 0.0], [0.0, 0.3185840707964601, 0.0], [0.0, 0.0, 10.619469026548671]], ""pressure_epsilon_rel"": 0.001, ""smooth_stage_factors"": [0.05, 0.01], ""smooth_stage_maxiters"": [250, 29750], ""smooth_scale_floor"": 1e-20, ""gtol"": 1e-08, ""report_gradient_tol"": 0.001, ""compensate_effective_gravity"": true, ""h_m"": 0.0005, ""initial_force_scale_n"": 1.2934929155139256e-06, ""initial_loss_std_scale_n_m"": 0.011228030929279098, ""epsilon_force_multiplier"": 1.0, ""epsilon_std_multiplier"": 1.0, ""smooth_scale_floor_activated"": false}","[{""stage"": 0, ""cap"": 250, ""force_epsilon"": 6.467464577569628e-08, ""uniformity_epsilon"": 0.0005614015464639549, ""iterations"": 250, ""evaluations"": 298, ""success"": false, ""status"": 1, ""message"": ""Maximum number of iterations has been exceeded."", ""terminal_value"": -0.02020561012029879, ""terminal_gradient_l2"": 0.025124925794493026, ""terminal_gradient_inf"": 0.007589777403750593}, {""stage"": 1, ""cap"": 29750, ""force_epsilon"": 1.2934929155139256e-08, ""uniformity_epsilon"": 0.00011228030929279098, ""iterations"": 2396, ""evaluations"": 2471, ""success"": true, ""status"": 0, ""message"": ""Optimization terminated successfully."", ""terminal_value"": -0.04079763339019199, ""terminal_gradient_l2"": 2.1339632130711368e-08, ""terminal_gradient_inf"": 8.932831130262881e-09}]",computed,"original loss, reduced gauge, raw SI units",True,1.448691098630146e-08,,,0.9808420863141204,0.9881191059500344,000000000000049382001b184479,000000000000080f5c41bca175fe30e1,True,True,True,0.4764598432373796,0.0011562791630833,False,Co-scheduled sensitivity workers; use C7 serial timings for optimizer cost comparisons.,smoke,0.0054696632290043,1.2500649452661398e-05,0.00030969889810429673
Triple,GFE,260869,1.0,1.0,1.0,1.0,0.001,1.0,1.0,1.0,0.5,1.0,250,0.05,30000,BFGS,1e-08,0.0001,0.9,10,40,0.0,1000000,0.03,0.9,0.999,1e-12,0.0001,cosine,0.0,continuous,transverse_ratio_factor,0.5,0000000000000493a789e553491b,000000000000080f7e5002313c3c1dee,000000000000080f2d7b5efbd5a31fd5,-0.0434743492717693,0.0605438874610962,3.124304028606973e-08,9.023402699211528e-09,1.0380866161412332e-06,0.0300967566677683,True,0,Optimization terminated successfully.,True,True,2744,2858,9.916603900011978,0.0001235999952768,0.0147591999993892,"{""method"": ""Regularized-FE"", ""components"": {""force_smoothing"": true, ""pressure_retention"": true, ""uniformity"": true}, ""alpha_force"": 3000.0, ""beta_pressure"": 5e-05, ""gamma_uniformity"": 1.0, ""curvature_weight_override"": [[1.0434782608695652, 0.0, 0.0], [0.0, 0.5217391304347826, 0.0], [0.0, 0.0, 10.434782608695652]], ""pressure_epsilon_rel"": 0.001, ""smooth_stage_factors"": [0.05, 0.01], ""smooth_stage_maxiters"": [250, 29750], ""smooth_scale_floor"": 1e-20, ""gtol"": 1e-08, ""report_gradient_tol"": 0.001, ""compensate_effective_gravity"": true, ""h_m"": 0.0005, ""initial_force_scale_n"": 1.2934929155139256e-06, ""initial_loss_std_scale_n_m"": 0.011239502895718486, ""epsilon_force_multiplier"": 1.0, ""epsilon_std_multiplier"": 1.0, ""smooth_scale_floor_activated"": false}","[{""stage"": 0, ""cap"": 250, ""force_epsilon"": 6.467464577569628e-08, ""uniformity_epsilon"": 0.0005619751447859243, ""iterations"": 250, ""evaluations"": 292, ""success"": false, ""status"": 1, ""message"": ""Maximum number of iterations has been exceeded."", ""terminal_value"": -0.02071066665496542, ""terminal_gradient_l2"": 0.014745512352417018, ""terminal_gradient_inf"": 0.005696363522168347}, {""stage"": 1, ""cap"": 29750, ""force_epsilon"": 1.2934929155139256e-08, ""uniformity_epsilon"": 0.00011239502895718486, ""iterations"": 2494, ""evaluations"": 2566, ""success"": true, ""status"": 0, ""message"": ""Optimization terminated successfully."", ""terminal_value"": -0.04347434927176939, ""terminal_gradient_l2"": 3.124304028606973e-08, ""terminal_gradient_inf"": 9.023402699211527e-09}]",computed,"original loss, reduced gauge, raw SI units",True,1.4513557246604164e-08,,,0.9914076998444292,0.9946895429713172,000000000000049382001b184479,000000000000080f5c41bca175fe30e1,True,True,True,0.4732168699397607,0.0012053892989124,False,Co-scheduled sensitivity workers; use C7 serial timings for optimizer cost comparisons.,smoke,0.0036515972071897,6.466797850744653e-06,0.00030759096546084446
Triple,GFE,260869,1.0,1.0,1.0,1.0,0.001,1.0,1.0,1.0,1.0,1.0,250,0.05,30000,BFGS,1e-08,0.0001,0.9,10,40,0.0,1000000,0.03,0.9,0.999,1e-12,0.0001,cosine,0.0,continuous,transverse_ratio_factor,1.0,000000000000049382001b184479,000000000000080f5c41bca175fe30e1,000000000000080f2d7b5efbd5a31fd5,-0.0496489322685399,0.0603438133903949,3.307155120464556e-08,9.894782154094378e-09,1.1014633748299583e-06,0.0300251029315896,True,0,Optimization terminated successfully.,True,True,2777,2871,9.424814900005003,8.670000534038991e-05,0.0261399999872082,"{""method"": ""Regularized-FE"", ""components"": {""force_smoothing"": true, ""pressure_retention"": true, ""uniformity"": true}, ""alpha_force"": 3000.0, ""beta_pressure"": 5e-05, ""gamma_uniformity"": 1.0, ""curvature_weight_override"": [[1.0, 0.0, 0.0], [0.0, 1.0, 0.0], [0.0, 0.0, 10.0]], ""pressure_epsilon_rel"": 0.001, ""smooth_stage_factors"": [0.05, 0.01], ""smooth_stage_maxiters"": [250, 29750], ""smooth_scale_floor"": 1e-20, ""gtol"": 1e-08, ""report_gradient_tol"": 0.001, ""compensate_effective_gravity"": true, ""h_m"": 0.0005, ""initial_force_scale_n"": 1.2934929155139256e-06, ""initial_loss_std_scale_n_m"": 0.011266553940494833, ""epsilon_force_multiplier"": 1.0, ""epsilon_std_multiplier"": 1.0, ""smooth_scale_floor_activated"": false}","[{""stage"": 0, ""cap"": 250, ""force_epsilon"": 6.467464577569628e-08, ""uniformity_epsilon"": 0.0005633276970247417, ""iterations"": 250, ""evaluations"": 288, ""success"": false, ""status"": 1, ""message"": ""Maximum number of iterations has been exceeded."", ""terminal_value"": -0.024506645236742886, ""terminal_gradient_l2"": 0.01752334601898978, ""terminal_gradient_inf"": 0.004209316855187494}, {""stage"": 1, ""cap"": 29750, ""force_epsilon"": 1.2934929155139256e-08, ""uniformity_epsilon"": 0.00011266553940494834, ""iterations"": 2527, ""evaluations"": 2583, ""success"": true, ""status"": 0, ""message"": ""Optimization terminated successfully."", ""terminal_value"": -0.049648932268539954, ""terminal_gradient_l2"": 3.307155120464556e-08, ""terminal_gradient_inf"": 9.894782154094378e-09}]",reused,"original loss, reduced gauge, raw SI units",True,1.3345442864029888e-08,,,1.0,0.9999999999999994,000000000000049382001b184479,000000000000080f5c41bca175fe30e1,True,True,True,0.4579675383985165,0.0013121841697281,False,Co-scheduled sensitivity workers; use C7 serial timings for optimizer cost comparisons.,smoke,3.618937673684308e-06,3.618937673684308e-06,0.00029767889995903574
Triple,GFE,260869,1.0,1.0,1.0,1.0,0.001,1.0,1.0,1.0,10.0,1.0,250,0.05,30000,BFGS,1e-08,0.0001,0.9,10,40,0.0,1000000,0.03,0.9,0.999,1e-12,0.0001,cosine,0.0,continuous,transverse_ratio_factor,10.0,000000000000049482b2ab5d8ba6,000000000000080ffe045eb408fe00e5,000000000000080f2d7b5efbd5a31fd5,-0.1203661185528631,0.0583748487375077,5.2530853912501386e-08,9.848283347244774e-09,1.7875072514730382e-06,0.0293877710813268,True,0,Optimization terminated successfully.,True,True,1240,1304,4.078996900003403,0.0001045000099111,0.016454699987662,"{""method"": ""Regularized-FE"", ""components"": {""force_smoothing"": true, ""pressure_retention"": true, ""uniformity"": true}, ""alpha_force"": 3000.0, ""beta_pressure"": 5e-05, ""gamma_uniformity"": 1.0, ""curvature_weight_override"": [[0.5714285714285714, 0.0, 0.0], [0.0, 5.714285714285714, 0.0], [0.0, 0.0, 5.714285714285714]], ""pressure_epsilon_rel"": 0.001, ""smooth_stage_factors"": [0.05, 0.01], ""smooth_stage_maxiters"": [250, 29750], ""smooth_scale_floor"": 1e-20, ""gtol"": 1e-08, ""report_gradient_tol"": 0.001, ""compensate_effective_gravity"": true, ""h_m"": 0.0005, ""initial_force_scale_n"": 1.2934929155139256e-06, ""initial_loss_std_scale_n_m"": 0.011536426103581122, ""epsilon_force_multiplier"": 1.0, ""epsilon_std_multiplier"": 1.0, ""smooth_scale_floor_activated"": false}","[{""stage"": 0, ""cap"": 250, ""force_epsilon"": 6.467464577569628e-08, ""uniformity_epsilon"": 0.0005768213051790561, ""iterations"": 250, ""evaluations"": 283, ""success"": false, ""status"": 1, ""message"": ""Maximum number of iterations has been exceeded."", ""terminal_value"": -0.10679907830217213, ""terminal_gradient_l2"": 0.017406862426472564, ""terminal_gradient_inf"": 0.004629600241437357}, {""stage"": 1, ""cap"": 29750, ""force_epsilon"": 1.2934929155139256e-08, ""uniformity_epsilon"": 0.00011536426103581121, ""iterations"": 990, ""evaluations"": 1021, ""success"": true, ""status"": 0, ""message"": ""Optimization terminated successfully."", ""terminal_value"": -0.1203661185528631, ""terminal_gradient_l2"": 5.2530853912501386e-08, ""terminal_gradient_inf"": 9.848283347244774e-09}]",computed,"original loss, reduced gauge, raw SI units",True,1.091515119123882e-06,,,0.4385432312562317,0.4892018941341493,000000000000049382001b184479,000000000000080f5c41bca175fe30e1,True,True,True,0.6184088848036953,0.0012310922564705,False,Co-scheduled sensitivity workers; use C7 serial timings for optimizer cost comparisons.,smoke,0.0020399317940999,5.96736280245745e-06,0.0004019657751224019
Triple,GFE,260869,1.0,1.0,1.0,1.0,0.001,1.0,1.0,1.0,2.0,1.0,250,0.05,30000,BFGS,1e-08,0.0001,0.9,10,40,0.0,1000000,0.03,0.9,0.999,1e-12,0.0001,cosine,0.0,continuous,transverse_ratio_factor,2.0,0000000000000493654e118745a4,000000000000080fc3eecc509b410df4,000000000000080f2d7b5efbd5a31fd5,-0.0609967421682529,0.0599899852595201,3.7256427084636214e-08,9.453899081426368e-09,1.2459745002306914e-06,0.0299014362474819,True,0,Optimization terminated successfully.,True,True,2670,2785,10.136895599993297,9.410000347997992e-05,0.0154958000057376,"{""method"": ""Regularized-FE"", ""components"": {""force_smoothing"": true, ""pressure_retention"": true, ""uniformity"": true}, ""alpha_force"": 3000.0, ""beta_pressure"": 5e-05, ""gamma_uniformity"": 1.0, ""curvature_weight_override"": [[0.9230769230769231, 0.0, 0.0], [0.0, 1.8461538461538463, 0.0], [0.0, 0.0, 9.23076923076923]], ""pressure_epsilon_rel"": 0.001, ""smooth_stage_factors"": [0.05, 0.01], ""smooth_stage_maxiters"": [250, 29750], ""smooth_scale_floor"": 1e-20, ""gtol"": 1e-08, ""report_gradient_tol"": 0.001, ""compensate_effective_gravity"": true, ""h_m"": 0.0005, ""initial_force_scale_n"": 1.2934929155139256e-06, ""initial_loss_std_scale_n_m"": 0.011314564050836157, ""epsilon_force_multiplier"": 1.0, ""epsilon_std_multiplier"": 1.0, ""smooth_scale_floor_activated"": false}","[{""stage"": 0, ""cap"": 250, ""force_epsilon"": 6.467464577569628e-08, ""uniformity_epsilon"": 0.0005657282025418079, ""iterations"": 250, ""evaluations"": 298, ""success"": false, ""status"": 1, ""message"": ""Maximum number of iterations has been exceeded."", ""terminal_value"": -0.031443141116767076, ""terminal_gradient_l2"": 0.012069232589446977, ""terminal_gradient_inf"": 0.004655145788894909}, {""stage"": 1, ""cap"": 29750, ""force_epsilon"": 1.2934929155139256e-08, ""uniformity_epsilon"": 0.00011314564050836157, ""iterations"": 2420, ""evaluations"": 2487, ""success"": true, ""status"": 0, ""message"": ""Optimization terminated successfully."", ""terminal_value"": -0.060996742168252946, ""terminal_gradient_l2"": 3.725642708463621e-08, ""terminal_gradient_inf"": 9.453899081426367e-09}]",computed,"original loss, reduced gauge, raw SI units",True,6.736469585795975e-08,,,0.9616783249840865,0.977717078493312,000000000000049382001b184479,000000000000080f5c41bca175fe30e1,True,True,True,0.3744527737267379,0.0013394610464714,False,Co-scheduled sensitivity workers; use C7 serial timings for optimizer cost comparisons.,smoke,0.0033052136101817,7.721196167425233e-06,0.00024339430292237964
Triple,GFE,260869,1.0,1.0,1.0,1.0,0.001,1.0,1.0,1.0,3.0,1.0,250,0.05,30000,BFGS,1e-08,0.0001,0.9,10,40,0.0,1000000,0.03,0.9,0.999,1e-12,0.0001,cosine,0.0,continuous,transverse_ratio_factor,3.0,0000000000000493387417f246cf,000000000000080f3254b9840f9f12ef,000000000000080f2d7b5efbd5a31fd5,-0.0704477237237304,0.0596868540577558,3.4596688392356794e-08,8.91448001727528e-09,1.1610163560691713e-06,0.0297986227424823,True,0,Optimization terminated successfully.,True,True,2110,2194,7.383825299999444,0.0001043999945977,0.0153830999915953,"{""method"": ""Regularized-FE"", ""components"": {""force_smoothing"": true, ""pressure_retention"": true, ""uniformity"": true}, ""alpha_force"": 3000.0, ""beta_pressure"": 5e-05, ""gamma_uniformity"": 1.0, ""curvature_weight_override"": [[0.8571428571428571, 0.0, 0.0], [0.0, 2.5714285714285716, 0.0], [0.0, 0.0, 8.571428571428571]], ""pressure_epsilon_rel"": 0.001, ""smooth_stage_factors"": [0.05, 0.01], ""smooth_stage_maxiters"": [250, 29750], ""smooth_scale_floor"": 1e-20, ""gtol"": 1e-08, ""report_gradient_tol"": 0.001, ""compensate_effective_gravity"": true, ""h_m"": 0.0005, ""initial_force_scale_n"": 1.2934929155139256e-06, ""initial_loss_std_scale_n_m"": 0.01135586713557873, ""epsilon_force_multiplier"": 1.0, ""epsilon_std_multiplier"": 1.0, ""smooth_scale_floor_activated"": false}","[{""stage"": 0, ""cap"": 250, ""force_epsilon"": 6.467464577569628e-08, ""uniformity_epsilon"": 0.0005677933567789365, ""iterations"": 250, ""evaluations"": 288, ""success"": false, ""status"": 1, ""message"": ""Maximum number of iterations has been exceeded."", ""terminal_value"": -0.03912810827712734, ""terminal_gradient_l2"": 0.02006397890185536, ""terminal_gradient_inf"": 0.007571517105616925}, {""stage"": 1, ""cap"": 29750, ""force_epsilon"": 1.2934929155139256e-08, ""uniformity_epsilon"": 0.0001135586713557873, ""iterations"": 1860, ""evaluations"": 1906, ""success"": true, ""status"": 0, ""message"": ""Optimization terminated successfully."", ""terminal_value"": -0.07044772372373047, ""terminal_gradient_l2"": 3.459668839235679e-08, ""terminal_gradient_inf"": 8.91448001727528e-09}]",computed,"original loss, reduced gauge, raw SI units",True,3.7732976703646624e-08,,,0.5936583736858333,0.632613632695548,000000000000049382001b184479,000000000000080f5c41bca175fe30e1,True,True,True,0.4123671125090816,0.0012723400800585,False,Co-scheduled sensitivity workers; use C7 serial timings for optimizer cost comparisons.,smoke,0.0012711025310652,8.534536116151334e-06,0.000268038623130903
