panel,case_id,model,point_index,x_a,z_a,x_m,z_m,direction_displayed,arrow_x,arrow_z,force_x_n,force_y_n,force_z_n
a,hub_x+0.000_y+0.000_D1,Gor’kov + g,0,-2.5,-2.5,-0.001625,-0.001625,True,0.9997117465176109,0.02400882909906341,4.4410485245653246e-05,-4.95127883204445e-08,1.0665511875633273e-06
a,hub_x+0.000_y+0.000_D1,Gor’kov + g,1,-2.0833333333333335,-2.5,-0.0013541666666666667,-0.001625,True,0.999497669065671,0.03169242073888791,4.143435767498715e-05,2.173485270959127e-08,1.3138150664311182e-06
a,hub_x+0.000_y+0.000_D1,Gor’kov + g,2,-1.6666666666666665,-2.5,-0.0010833333333333333,-0.001625,True,0.999112434043449,0.04212296451788657,3.622874020534284e-05,5.936711541206418e-08,1.5274176220801818e-06
a,hub_x+0.000_y+0.000_D1,Gor’kov + g,3,-1.25,-2.5,-0.0008125,-0.001625,True,0.9982803841692146,0.05861974567469051,2.905522485072524e-05,7.002620282227285e-08,1.7061438031639784e-06
a,hub_x+0.000_y+0.000_D1,Gor’kov + g,4,-0.8333333333333333,-2.5,-0.0005416666666666666,-0.001625,True,0.995908068804987,0.0903721112352768,2.0296516844633464e-05,5.632453249745511e-08,1.8417754965805531e-06
a,hub_x+0.000_y+0.000_D1,Gor’kov + g,5,-0.4166666666666665,-2.5,-0.0002708333333333332,-0.001625,True,0.9833742649208352,0.1815903496648619,1.0430970833885758e-05,3.0228207828474774e-08,1.9261879313282386e-06
a,hub_x+0.000_y+0.000_D1,Gor’kov + g,6,0.0,-2.5,0.0,-0.001625,True,8.687112869759919e-07,0.9999999999996225,1.6980648829210358e-12,-5.771186239426841e-13,1.9546941640776946e-06
a,hub_x+0.000_y+0.000_D1,Gor’kov + g,7,0.41666666666666696,-2.5,0.00027083333333333354,-0.001625,True,-0.9833742547333286,0.1815904048337096,-1.043096752654005e-05,-3.022935553267458e-08,1.926187925740791e-06
a,hub_x+0.000_y+0.000_D1,Gor’kov + g,8,0.8333333333333335,-2.5,0.0005416666666666668,-0.001625,True,-0.9959080676331495,0.09037212414902077,-2.0296513797916756e-05,-5.632566069169828e-08,1.8417754854590677e-06
a,hub_x+0.000_y+0.000_D1,Gor’kov + g,9,1.25,-2.5,0.0008125,-0.001625,True,-0.998280383890612,0.05861975041922511,-2.905522222070749e-05,-7.002729841914347e-08,1.7061437872945608e-06
a,hub_x+0.000_y+0.000_D1,Gor’kov + g,10,1.666666666666667,-2.5,0.0010833333333333335,-0.001625,True,-0.9991124339644658,0.04212296639128099,-3.622873812150959e-05,-5.9368165578443156e-08,1.5274176022767268e-06
a,hub_x+0.000_y+0.000_D1,Gor’kov + g,11,2.083333333333334,-2.5,0.001354166666666667,-0.001625,True,-0.9994976690478489,0.03169242130094977,-4.143435623220089e-05,-2.1735844943689124e-08,1.3138150440065507e-06
a,hub_x+0.000_y+0.000_D1,Gor’kov + g,12,2.5,-2.5,0.001625,-0.001625,True,-0.9997117465203715,0.024008828984115424,-4.441048449913877e-05,4.95118657125962e-08,1.0665511645259081e-06
a,hub_x+0.000_y+0.000_D1,Gor’kov + g,13,-2.5,-2.0833333333333335,-0.001625,-0.0013541666666666667,True,0.9998707093203263,0.01607994537514026,4.465256601024174e-05,6.654700417014894e-09,7.18103666415639e-07
a,hub_x+0.000_y+0.000_D1,Gor’kov + g,14,-2.0833333333333335,-2.0833333333333335,-0.0013541666666666667,-0.0013541666666666667,True,0.999767044558759,0.021583711780983034,4.165711607437177e-05,7.009509494592616e-08,8.993246895560702e-07
a,hub_x+0.000_y+0.000_D1,Gor’kov + g,15,-1.6666666666666665,-2.0833333333333335,-0.0010833333333333333,-0.0013541666666666667,True,0.9995791297353424,0.0290097121243172,3.642391412867388e-05,9.870861787895239e-08,1.0570921619716557e-06
a,hub_x+0.000_y+0.000_D1,Gor’kov + g,16,-1.25,-2.0833333333333335,-0.0008125,-0.0013541666666666667,True,0.9991710594852657,0.04070864634315117,2.921174801538752e-05,9.927181093783808e-08,1.1901572886191014e-06
a,hub_x+0.000_y+0.000_D1,Gor’kov + g,17,-0.8333333333333333,-2.0833333333333335,-0.0005416666666666666,-0.0013541666666666667,True,0.9980038641186582,0.06315288753672971,2.040580525637839e-05,7.651692870526307e-08,1.2912630609807475e-06
a,hub_x+0.000_y+0.000_D1,Gor’kov + g,18,-0.4166666666666665,-2.0833333333333335,-0.0002708333333333332,-0.0013541666666666667,True,0.9917319140849559,0.1283269674908187,1.0487097966140022e-05,4.092529437038643e-08,1.3569972496202201e-06
a,hub_x+0.000_y+0.000_D1,Gor’kov + g,19,0.0,-2.0833333333333335,0.0,-0.0013541666666666667,True,1.2276314595766302e-06,0.9999999999992466,1.6938111997869528e-12,-5.667538304505123e-13,1.3797391607818657e-06
a,hub_x+0.000_y+0.000_D1,Gor’kov + g,20,0.41666666666666696,-2.0833333333333335,0.00027083333333333354,-0.0013541666666666667,True,-0.9917319090432617,0.12832700645385506,-1.0487094667188288e-05,-4.092642118153803e-08,1.3569972416605529e-06
a,hub_x+0.000_y+0.000_D1,Gor’kov + g,21,0.8333333333333335,-2.0833333333333335,0.0005416666666666668,-0.0013541666666666667,True,-0.9980038635750114,0.0631528961279703,-2.040580221757942e-05,-7.651803612604979e-08,1.2912630450531713e-06
a,hub_x+0.000_y+0.000_D1,Gor’kov + g,22,1.25,-2.0833333333333335,0.0008125,-0.0013541666666666667,True,-0.9991710593685544,0.04070864920776176,-2.921174539220662e-05,-9.92728858708025e-08,1.1901572656330836e-06
a,hub_x+0.000_y+0.000_D1,Gor’kov + g,23,1.666666666666667,-2.0833333333333335,0.0010833333333333335,-0.0013541666666666667,True,-0.9995791297103495,0.02900971298548415,-3.6423912050020746e-05,-9.870964792248407e-08,1.0570921330518443e-06
a,hub_x+0.000_y+0.000_D1,Gor’kov + g,24,2.083333333333334,-2.0833333333333335,0.001354166666666667,-0.0013541666666666667,True,-0.9997670445598486,0.021583711730512992,-4.1657114634418485e-05,-7.009606775544976e-08,8.993246563653853e-07
a,hub_x+0.000_y+0.000_D1,Gor’kov + g,25,2.5,-2.0833333333333335,0.001625,-0.0013541666666666667,True,-0.9998707093285709,0.01607994486248872,-4.4652565263917324e-05,-6.655604778741464e-09,7.181036315131437e-07
a,hub_x+0.000_y+0.000_D1,Gor’kov + g,26,-2.5,-1.6666666666666665,-0.001625,-0.0010833333333333333,True,0.9999662578955778,0.008214807990146362,4.482946776382449e-05,5.677685478903857e-08,3.682778964515126e-07
a,hub_x+0.000_y+0.000_D1,Gor’kov + g,27,-2.0833333333333335,-1.6666666666666665,-0.0013541666666666667,-0.0010833333333333333,True,0.9999332768862033,0.011551700118147617,4.182315891552911e-05,1.1202664719422379e-07,4.831608277807183e-07
a,hub_x+0.000_y+0.000_D1,Gor’kov + g,28,-1.6666666666666665,-1.6666666666666665,-0.0010833333333333333,-0.0010833333333333333,True,0.9998725851141069,0.015962879979280375,3.657317830398174e-05,1.3375321434829066e-07,5.838876517057979e-07
a,hub_x+0.000_y+0.000_D1,Gor’kov + g,29,-1.25,-1.6666666666666665,-0.0008125,-0.0010833333333333333,True,0.9997399923695662,0.02280236077470191,2.933439228551165e-05,1.25791382447934e-07,6.690673586193844e-07
a,hub_x+0.000_y+0.000_D1,Gor’kov + g,30,-0.8333333333333333,-1.6666666666666665,-0.0005416666666666666,-0.0010833333333333333,True,0.9993558174724715,0.035888021454634766,2.0493070622522074e-05,9.534283704738874e-08,7.359298313112354e-07
a,hub_x+0.000_y+0.000_D1,Gor’kov + g,31,-0.4166666666666665,-1.6666666666666665,-0.0002708333333333332,-0.0010833333333333333,True,0.9972683110952197,0.07386417051106761,1.0532593923467116e-05,5.0749899411303223e-08,7.801123377041983e-07
a,hub_x+0.000_y+0.000_D1,Gor’kov + g,32,0.0,-1.6666666666666665,0.0,-0.0010833333333333333,True,2.1213923414912154e-06,0.9999999999977499,1.6878845481452152e-12,-5.557710432974828e-13,7.95649402106794e-07
a,hub_x+0.000_y+0.000_D1,Gor’kov + g,33,0.41666666666666696,-1.6666666666666665,0.00027083333333333354,-0.0010833333333333333,True,-0.997268309470292,0.07386419244983243,-1.0532590636142812e-05,-5.0751004162134775e-08,7.801123271996754e-07
a,hub_x+0.000_y+0.000_D1,Gor’kov + g,34,0.8333333333333335,-1.6666666666666665,0.0005416666666666668,-0.0010833333333333333,True,-0.9993558173190641,0.03588802572649038,-2.0493067594766222e-05,-9.53439223626361e-08,7.359298102938522e-07
a,hub_x+0.000_y+0.000_D1,Gor’kov + g,35,1.25,-1.6666666666666665,0.0008125,-0.0010833333333333333,True,-0.9997399923468128,0.022802361772292754,-2.933438967180945e-05,-1.257924354467817e-07,6.690673282918606e-07
a,hub_x+0.000_y+0.000_D1,Gor’kov + g,36,1.666666666666667,-1.6666666666666665,0.0010833333333333335,-0.0010833333333333333,True,-0.9998725851163832,0.01596287983670575,-3.657317623264408e-05,-1.3375422285651909e-07,5.838876134206695e-07
a,hub_x+0.000_y+0.000_D1,Gor’kov + g,37,2.083333333333334,-1.6666666666666665,0.001354166666666667,-0.0010833333333333333,True,-0.9999332768937729,0.011551699462912594,-4.1823157479876323e-05,-1.1202759921000527e-07,4.831607837858975e-07
a,hub_x+0.000_y+0.000_D1,Gor’kov + g,38,2.5,-1.6666666666666665,0.001625,-0.0010833333333333333,True,-0.9999662579030214,0.008214807084044927,-4.4829467018391076e-05,-5.677773929579485e-08,3.6827784970355715e-07
a,hub_x+0.000_y+0.000_D1,Gor’kov + g,39,-2.5,-1.25,-0.001625,-0.0008125,True,0.9999999249859035,0.0003873347226119347,4.4940363569200746e-05,9.96896553430973e-08,1.7406964562923585e-08
a,hub_x+0.000_y+0.000_D1,Gor’kov + g,40,-2.0833333333333335,-1.25,-0.0013541666666666667,-0.0008125,True,0.999998723967715,0.0015975177437423395,4.193287373900744e-05,1.4806793096082358e-07,6.698859532378192e-08
a,hub_x+0.000_y+0.000_D1,Gor’kov + g,41,-1.6666666666666665,-1.25,-0.0010833333333333333,-0.0008125,True,0.9999955450507712,0.0029849419778119357,3.66751196151652e-05,1.6304243651076172e-07,1.0947359177987381e-07
a,hub_x+0.000_y+0.000_D1,Gor’kov + g,42,-1.25,-1.25,-0.0008125,-0.0008125,True,0.9999876911561062,0.004961606219762299,2.942106309492492e-05,1.5053633052516646e-07,1.459775264583837e-07
a,hub_x+0.000_y+0.000_D1,Gor’kov + g,43,-0.8333333333333333,-1.25,-0.0005416666666666666,-0.0008125,True,0.9999631167124481,0.008588667808622118,2.0555964058134567e-05,1.1323995031261031e-07,1.7655485870491593e-07
a,hub_x+0.000_y+0.000_D1,Gor’kov + g,44,-0.4166666666666665,-1.25,-0.0002708333333333332,-0.0008125,True,0.9998270318843742,0.01859855675268195,1.0566338192986025e-05,6.101973689008587e-08,1.965526378896785e-07
a,hub_x+0.000_y+0.000_D1,Gor’kov + g,45,0.0,-1.25,0.0,-0.0008125,True,8.206425495120924e-06,0.9999999999663273,1.6802561551870363e-12,-5.442233059668158e-13,2.047488466360223e-07
a,hub_x+0.000_y+0.000_D1,Gor’kov + g,46,0.41666666666666696,-1.25,0.00027083333333333354,-0.0008125,True,-0.9998270318004225,0.018598561265776994,-1.056633492058575e-05,-6.10208185717431e-08,1.9655262472885453e-07
a,hub_x+0.000_y+0.000_D1,Gor’kov + g,47,0.8333333333333335,-1.25,0.0005416666666666668,-0.0008125,True,-0.9999631167125351,0.0085886677984983,-2.055596104439893e-05,-1.132410125054363e-07,1.765548326118591e-07
a,hub_x+0.000_y+0.000_D1,Gor’kov + g,48,1.25,-1.25,0.0008125,-0.0008125,True,-0.9999876911603058,0.00496160537334651,-2.9421060493309264e-05,-1.5053736051442656e-07,1.4597748864666268e-07
a,hub_x+0.000_y+0.000_D1,Gor’kov + g,49,1.666666666666667,-1.25,0.0010833333333333335,-0.0008125,True,-0.9999955450541563,0.0029849408437971395,-3.667511755314829e-05,-1.6304342230409683e-07,1.0947354403416373e-07
a,hub_x+0.000_y+0.000_D1,Gor’kov + g,50,2.083333333333334,-1.25,0.001354166666666667,-0.0008125,True,-0.9999987239697152,0.0015975164917516205,-4.193287230914982e-05,-1.4806886101562948e-07,6.698854053978815e-08
a,hub_x+0.000_y+0.000_D1,Gor’kov + g,51,2.5,-1.25,0.001625,-0.0008125,True,-0.9999999249864068,0.00038733342314018995,-4.494036282546584e-05,-9.969051874373215e-08,1.740690587610438e-08
a,hub_x+0.000_y+0.000_D1,Gor’kov + g,52,-2.5,-0.8333333333333333,-0.001625,-0.0005416666666666666,True,0.9999728239989476,-0.007372330945493145,4.498508506232818e-05,1.3537487471846417e-07,-3.3165394771867565e-07
a,hub_x+0.000_y+0.000_D1,Gor’kov + g,53,-2.0833333333333335,-0.8333333333333333,-0.0013541666666666667,-0.0005416666666666666,True,0.9999659491756903,-0.008252302052197636,4.1983160922073756e-05,1.773948121354308e-07,-3.464695226078159e-07
a,hub_x+0.000_y+0.000_D1,Gor’kov + g,54,-1.6666666666666665,-0.8333333333333333,-0.0010833333333333333,-0.0005416666666666666,True,0.9999511454720706,-0.009884668385616389,3.672602310654045e-05,1.8762569532013033e-07,-3.630422957906166e-07
a,hub_x+0.000_y+0.000_D1,Gor’kov + g,55,-1.25,-0.8333333333333333,-0.0008125,-0.0005416666666666666,True,0.9999180846554959,-0.012799374159868484,2.9468503938906155e-05,1.714147421692013e-07,-3.772093070759573e-07
a,hub_x+0.000_y+0.000_D1,Gor’kov + g,56,-0.8333333333333333,-0.8333333333333333,-0.0005416666666666666,-0.0005416666666666666,True,0.9998244914644866,-0.018734627505789407,2.0592774169981768e-05,1.3022841879161886e-07,-3.858656761051681e-07
a,hub_x+0.000_y+0.000_D1,Gor’kov + g,57,-0.4166666666666665,-0.8333333333333333,-0.0002708333333333332,-0.0005416666666666666,True,0.999320886320569,-0.03684787868347735,1.058664077844264e-05,6.989086652733473e-08,-3.903603541260031e-07
a,hub_x+0.000_y+0.000_D1,Gor’kov + g,58,0.0,-0.8333333333333333,0.0,-0.0005416666666666666,True,4.27928428456567e-06,-0.9999999999908439,1.6709229972745074e-12,-5.32266471382189e-13,-3.9046786475154693e-07
a,hub_x+0.000_y+0.000_D1,Gor’kov + g,59,0.41666666666666696,-0.8333333333333333,0.00027083333333333354,-0.0005416666666666666,True,-0.9993208858483678,-0.036847891489657135,-1.0586637524186162e-05,-6.989192430001149e-08,-3.903603699830361e-07
a,hub_x+0.000_y+0.000_D1,Gor’kov + g,60,0.8333333333333335,-0.8333333333333333,0.0005416666666666668,-0.0005416666666666666,True,-0.999824491385005,-0.018734631747548948,-2.0592771173203314e-05,-1.3022945689504561e-07,-3.8586570734737625e-07
a,hub_x+0.000_y+0.000_D1,Gor’kov + g,61,1.25,-0.8333333333333333,0.0008125,-0.0005416666666666666,True,-0.9999180846214161,-0.01279937682227803,-2.9468501351894814e-05,-1.7141574825042541e-07,-3.772093524376216e-07
a,hub_x+0.000_y+0.000_D1,Gor’kov + g,62,1.666666666666667,-0.8333333333333333,0.0010833333333333335,-0.0005416666666666666,True,-0.9999511454511898,-0.009884670497973752,-3.6726021055733546e-05,-1.8762665730495191e-07,-3.630423531079323e-07
a,hub_x+0.000_y+0.000_D1,Gor’kov + g,63,2.083333333333334,-0.8333333333333333,0.001354166666666667,-0.0005416666666666666,True,-0.9999659491604646,-0.008252303897182437,-4.198315949941199e-05,-1.7739571902023654e-07,-3.464695883333857e-07
a,hub_x+0.000_y+0.000_D1,Gor’kov + g,64,2.5,-0.8333333333333333,0.001625,-0.0005416666666666666,True,-0.9999728239865003,-0.0073723326338170775,-4.498508432092941e-05,-1.353757159060012e-07,-3.3165401820827693e-07
a,hub_x+0.000_y+0.000_D1,Gor’kov + g,65,-2.5,-0.4166666666666665,-0.001625,-0.0002708333333333332,True,0.9998868786766091,-0.015040939144481099,4.496390916812174e-05,1.636436052111015e-07,-6.763759340364628e-07
a,hub_x+0.000_y+0.000_D1,Gor’kov + g,66,-2.0833333333333335,-0.4166666666666665,-0.0013541666666666667,-0.0002708333333333332,True,0.9998371220259599,-0.01804797547776286,4.1971349020145184e-05,1.9971978085919114e-07,-7.576212777030086e-07
a,hub_x+0.000_y+0.000_D1,Gor’kov + g,67,-1.6666666666666665,-0.4166666666666665,-0.0010833333333333333,-0.0002708333333333332,True,0.9997416955986369,-0.022727562156169945,3.6724833129717487e-05,2.0820965503570506e-07,-8.348815812176689e-07
a,hub_x+0.000_y+0.000_D1,Gor’kov + g,68,-1.25,-0.4166666666666665,-0.0008125,-0.0002708333333333332,True,0.9995339072843381,-0.03052815403696183,2.947399831996732e-05,1.8772347232236024e-07,-9.002063404149767e-07
a,hub_x+0.000_y+0.000_D1,Gor’kov + g,69,-0.8333333333333333,-0.4166666666666665,-0.0005416666666666666,-0.0002708333333333332,True,0.998939677232005,-0.046038258564128805,2.0601182563546394e-05,1.4164002956918167e-07,-9.494492922890416e-07
a,hub_x+0.000_y+0.000_D1,Gor’kov + g,70,-0.4166666666666665,-0.4166666666666665,-0.0002708333333333332,-0.0002708333333333332,True,0.9957561308681593,-0.0920311242921287,1.0592142727564303e-05,7.646607564985977e-08,-9.789613878957925e-07
a,hub_x+0.000_y+0.000_D1,Gor’kov + g,71,0.0,-0.4166666666666665,0.0,-0.0002708333333333332,True,1.6786339013995069e-06,-0.9999999999985911,1.6599474431959293e-12,-5.199302827267945e-13,-9.888680562269493e-07
a,hub_x+0.000_y+0.000_D1,Gor’kov + g,72,0.41666666666666696,-0.4166666666666665,0.00027083333333333354,-0.0002708333333333332,True,-0.9957561281328651,-0.09203115388739362,-1.0592139494609882e-05,-7.646710884917573e-08,-9.789614065976523e-07
a,hub_x+0.000_y+0.000_D1,Gor’kov + g,73,0.8333333333333335,-0.4166666666666665,0.0005416666666666668,-0.0002708333333333332,True,-0.9989396768446597,-0.04603826696876093,-2.0601179586560495e-05,-1.416410428790296e-07,-9.494493287855937e-07
a,hub_x+0.000_y+0.000_D1,Gor’kov + g,74,1.25,-0.4166666666666665,0.0008125,-0.0002708333333333332,True,-0.9995339071482306,-0.03052815849330256,-2.9473995749988588e-05,-1.8772445356866578e-07,-9.002063934516826e-07
a,hub_x+0.000_y+0.000_D1,Gor’kov + g,75,1.666666666666667,-0.4166666666666665,0.0010833333333333335,-0.0002708333333333332,True,-0.999741695528664,-0.02272756523414499,-3.672483109209015e-05,-2.0821059248048935e-07,-8.348816480211554e-07
a,hub_x+0.000_y+0.000_D1,Gor’kov + g,76,2.083333333333334,-0.4166666666666665,0.001354166666666667,-0.0002708333333333332,True,-0.9998371219820493,-0.018047977910351305,-4.197134760587053e-05,-1.9972066379051368e-07,-7.576213543229765e-07
a,hub_x+0.000_y+0.000_D1,Gor’kov + g,77,2.5,-0.4166666666666665,0.001625,-0.0002708333333333332,True,-0.9998868786453822,-0.015040941220374152,-4.496390842963043e-05,-1.636444233700652e-07,-6.76376016299552e-07
a,hub_x+0.000_y+0.000_D1,Gor’kov + g,78,-2.5,0.0,-0.001625,0.0,True,0.9997442798694123,-0.02261359919141668,4.487296552772173e-05,1.836376611272111e-07,-1.014998812603062e-06
a,hub_x+0.000_y+0.000_D1,Gor’kov + g,79,-2.0833333333333335,0.0,-0.0013541666666666667,0.0,True,0.9996147155833071,-0.027756447706867443,4.189599071249867e-05,2.1565913700784853e-07,-1.1633320890642288e-06
a,hub_x+0.000_y+0.000_D1,Gor’kov + g,80,-1.6666666666666665,0.0,-0.0010833333333333333,0.0,True,0.9993706757288232,-0.03547185494607001,3.666845798789027e-05,2.2253340014010763e-07,-1.3015172992682919e-06
a,hub_x+0.000_y+0.000_D1,Gor’kov + g,81,-1.25,0.0,-0.0008125,0.0,True,0.9988387680188293,-0.04817795660493858,2.9436554142523674e-05,1.9946112301155568e-07,-1.4198417937765666e-06
a,hub_x+0.000_y+0.000_D1,Gor’kov + g,82,-0.8333333333333333,0.0,-0.0005416666666666666,0.0,True,0.9973149121741975,-0.07323227399837126,2.057958022348222e-05,1.5024959530170607e-07,-1.5111470201643533e-06
a,hub_x+0.000_y+0.000_D1,Gor’kov + g,83,-0.4166666666666665,0.0,-0.0002708333333333332,0.0,True,0.9892278652982817,-0.1463838465043355,1.0583515149155267e-05,8.095004845581316e-08,-1.5661261792328376e-06
a,hub_x+0.000_y+0.000_D1,Gor’kov + g,84,0.0,0.0,0.0,0.0,True,1.0387747548253572e-06,-0.9999999999994604,1.647430594299324e-12,-5.072425709430301e-13,-1.5859363029816867e-06
a,hub_x+0.000_y+0.000_D1,Gor’kov + g,85,0.41666666666666696,0.0,0.00027083333333333354,0.0,True,-0.9892278585790091,-0.14638389191160325,-1.0583511940513194e-05,-8.095105641427745e-08,-1.5661262008640726e-06
a,hub_x+0.000_y+0.000_D1,Gor’kov + g,86,0.8333333333333335,0.0,0.0005416666666666668,0.0,True,-0.9973149112577634,-0.07323228647884325,-2.0579577268908284e-05,-1.5025058325139584e-07,-1.5111470621345836e-06
a,hub_x+0.000_y+0.000_D1,Gor’kov + g,87,1.25,0.0,0.0008125,0.0,True,-0.9988387677188105,-0.048177962825007616,-2.9436551591881468e-05,-1.994620788300765e-07,-1.4198418544856967e-06
a,hub_x+0.000_y+0.000_D1,Gor’kov + g,88,1.666666666666667,0.0,0.0010833333333333335,0.0,True,-0.9993706755857648,-0.03547185897654579,-3.6668455965085975e-05,-2.2253431247498518e-07,-1.3015173755411884e-06
a,hub_x+0.000_y+0.000_D1,Gor’kov + g,89,2.083333333333334,0.0,0.001354166666666667,0.0,True,-0.9996147154994467,-0.02775645072699601,-4.1895989307864834e-05,-2.1565999514820048e-07,-1.1633321767391944e-06
a,hub_x+0.000_y+0.000_D1,Gor’kov + g,90,2.5,0.0,0.001625,0.0,True,-0.9997442798136755,-0.02261360165553561,-4.487296479269976e-05,-1.8363845532844015e-07,-1.0149989066345101e-06
a,hub_x+0.000_y+0.000_D1,Gor’kov + g,91,-2.5,0.41666666666666696,-0.001625,0.00027083333333333354,True,0.9995479827019558,-0.030063770163617068,4.4711241076655416e-05,1.9716211990902605e-07,-1.3447963466696845e-06
a,hub_x+0.000_y+0.000_D1,Gor’kov + g,92,-2.0833333333333335,0.41666666666666696,-0.0013541666666666667,0.00027083333333333354,True,0.9993021204089505,-0.03735334183410408,4.1754259888754174e-05,2.2423781052236868e-07,-1.5607503584765592e-06
a,hub_x+0.000_y+0.000_D1,Gor’kov + g,93,-1.6666666666666665,0.41666666666666696,-0.0010833333333333333,0.00027083333333333354,True,0.9988406970273227,-0.04813794721394006,3.655461666429237e-05,2.2859202499599e-07,-1.761706559062426e-06
a,hub_x+0.000_y+0.000_D1,Gor’kov + g,94,-1.25,0.41666666666666696,-0.0008125,0.00027083333333333354,True,0.997833899566117,-0.06578380406054614,2.935311372746413e-05,2.0476423069664442e-07,-1.9351512138984822e-06
a,hub_x+0.000_y+0.000_D1,Gor’kov + g,95,-0.8333333333333333,0.41666666666666696,-0.0005416666666666666,0.00027083333333333354,True,0.9949641440663759,-0.10023149216820078,2.0526786814580787e-05,1.5422863343598926e-07,-2.0678438354927553e-06
a,hub_x+0.000_y+0.000_D1,Gor’kov + g,96,-0.4166666666666665,0.41666666666666696,-0.0002708333333333332,0.00027083333333333354,True,0.9799044410906909,-0.19946750695474375,1.0558575558793855e-05,8.378666845068659e-08,-2.1492838029815403e-06
a,hub_x+0.000_y+0.000_D1,Gor’kov + g,97,0.0,0.41666666666666696,0.0,0.00027083333333333354,True,7.504392705670837e-07,-0.9999999999997184,1.6334615463520873e-12,-4.943155198181198e-13,-2.1766738634523635e-06
a,hub_x+0.000_y+0.000_D1,Gor’kov + g,98,0.41666666666666696,0.41666666666666696,0.00027083333333333354,0.00027083333333333354,True,-0.9799044288976788,-0.1994675668541484,-1.0558572377574095e-05,-8.378765060710762e-08,-2.1492838275844174e-06
a,hub_x+0.000_y+0.000_D1,Gor’kov + g,99,0.8333333333333335,0.41666666666666696,0.0005416666666666668,0.00027083333333333354,True,-0.9949641424094351,-0.10023150861608993,-2.0526783885139443e-05,-1.542295955944566e-07,-2.06784388315908e-06
a,hub_x+0.000_y+0.000_D1,Gor’kov + g,100,1.25,0.41666666666666696,0.0008125,0.00027083333333333354,True,-0.9978338990408457,-0.06578381202806073,-2.9353111198323466e-05,-2.047651606636271e-07,-1.935151282558534e-06
a,hub_x+0.000_y+0.000_D1,Gor’kov + g,101,1.666666666666667,0.41666666666666696,0.0010833333333333335,0.00027083333333333354,True,-0.9988406967872001,-0.04813795219637578,-3.655461465796091e-05,-2.2859291160277478e-07,-1.7617066451355764e-06
a,hub_x+0.000_y+0.000_D1,Gor’kov + g,102,2.083333333333334,0.41666666666666696,0.001354166666666667,0.00027083333333333354,True,-0.9993021202740582,-0.037353345442833044,-4.175425849476866e-05,-2.242386432867198e-07,-1.56075045736589e-06
a,hub_x+0.000_y+0.000_D1,Gor’kov + g,103,2.5,0.41666666666666696,0.001625,0.00027083333333333354,True,-0.9995479826160879,-0.03006377301851657,-4.471124034538493e-05,-1.9716288944728607e-07,-1.3447964524943437e-06
a,hub_x+0.000_y+0.000_D1,Gor’kov + g,104,-2.5,0.8333333333333335,-0.001625,0.0005416666666666668,True,0.9993005696224884,-0.03739480648659924,4.44783962547322e-05,2.0518281203101578e-07,-1.6644251703051975e-06
a,hub_x+0.000_y+0.000_D1,Gor’kov + g,105,-2.0833333333333335,0.8333333333333335,-0.0013541666666666667,0.0005416666666666668,True,0.9989044127726618,-0.04679715956448118,4.15449841237399e-05,2.252384945807432e-07,-1.9463196140519664e-06
a,hub_x+0.000_y+0.000_D1,Gor’kov + g,106,-1.6666666666666665,0.8333333333333335,-0.0010833333333333333,0.0005416666666666668,True,0.998156154028187,-0.06069837045307119,3.638046732317484e-05,2.2618452967094827e-07,-2.2123142495553448e-06
a,hub_x+0.000_y+0.000_D1,Gor’kov + g,107,-1.25,0.8333333333333335,-0.0008125,0.0005416666666666668,True,0.9965302605233077,-0.08323124330050805,2.922168549852882e-05,2.0205021848236828e-07,-2.440625550198327e-06
a,hub_x+0.000_y+0.000_D1,Gor’kov + g,108,-0.8333333333333333,0.8333333333333335,-0.0005416666666666666,0.0005416666666666668,True,0.9919116950784157,-0.12692985923991204,2.044062613197208e-05,1.5365990521049932e-07,-2.61568223318687e-06
a,hub_x+0.000_y+0.000_D1,Gor’kov + g,109,-0.4166666666666665,0.8333333333333335,-0.0002708333333333332,0.0005416666666666668,True,0.9679949514987627,-0.25096966723671627,1.0515864664649583e-05,8.31104523427e-08,-2.726422334648738e-06
a,hub_x+0.000_y+0.000_D1,Gor’kov + g,110,0.0,0.8333333333333335,0.0,0.0005416666666666668,True,5.85471664424599e-07,-0.9999999999998287,1.6180009825870326e-12,-4.812195709850214e-13,-2.7635854660480027e-06
a,hub_x+0.000_y+0.000_D1,Gor’kov + g,111,0.41666666666666696,0.8333333333333335,0.00027083333333333354,0.0005416666666666668,True,-0.9679949326131172,-0.2509697400790116,-1.0515861513728707e-05,-8.31114082557658e-08,-2.7264223622358376e-06
a,hub_x+0.000_y+0.000_D1,Gor’kov + g,112,0.8333333333333335,0.8333333333333335,0.0005416666666666668,0.0005416666666666668,True,-0.991911692482465,-0.12692987952634313,-2.0440623230185654e-05,-1.5366084126427552e-07,-2.6156822867542732e-06
a,hub_x+0.000_y+0.000_D1,Gor’kov + g,113,1.25,0.8333333333333335,0.0008125,0.0005416666666666668,True,-0.996530259713571,-0.0832312529955098,-2.9221682992955578e-05,-2.0205112230972454e-07,-2.440625627204073e-06
a,hub_x+0.000_y+0.000_D1,Gor’kov + g,114,1.666666666666667,0.8333333333333335,0.0010833333333333335,0.0005416666666666668,True,-0.9981561536672152,-0.06069837638908346,-3.63804653348547e-05,-2.2618539012905703e-07,-2.2123143457984817e-06
a,hub_x+0.000_y+0.000_D1,Gor’kov + g,115,2.083333333333334,0.8333333333333335,0.001354166666666667,0.0005416666666666668,True,-0.9989044125759508,-0.04679716376336168,-4.154498274111365e-05,-2.252393014508646e-07,-1.946319724295047e-06
a,hub_x+0.000_y+0.000_D1,Gor’kov + g,116,2.5,0.8333333333333335,0.001625,0.0005416666666666668,True,-0.9993005695007382,-0.03739480974012933,-4.4478395527447664e-05,-2.0518355621186446e-07,-1.664425288105368e-06
a,hub_x+0.000_y+0.000_D1,Gor’kov + g,117,-2.5,1.25,-0.001625,0.0008125,True,0.9990070068666191,-0.0445533414167644,4.4174296530742195e-05,2.0884935075944314e-07,-1.970068779950327e-06
a,hub_x+0.000_y+0.000_D1,Gor’kov + g,118,-2.0833333333333335,1.25,-0.0013541666666666667,0.0008125,True,0.9984245586483472,-0.056110611187661856,4.126721032220037e-05,2.2085686050360484e-07,-2.3191821286158863e-06
a,hub_x+0.000_y+0.000_D1,Gor’kov + g,119,-1.6666666666666665,1.25,-0.0010833333333333333,0.0008125,True,0.9973262714940763,-0.07307741229493704,3.6145200595620085e-05,2.1635541097332565e-07,-2.6484790403167695e-06
a,hub_x+0.000_y+0.000_D1,Gor’kov + g,120,-1.25,1.25,-0.0008125,0.0008125,True,0.9949398799648523,-0.10047206206466282,2.904010765318681e-05,1.914918774508283e-07,-2.9325585970064317e-06
a,hub_x+0.000_y+0.000_D1,Gor’kov + g,121,-0.8333333333333333,1.25,-0.0005416666666666666,0.0008125,True,0.9881922819469807,-0.15321884316368936,2.031826959798771e-05,1.4583557469868643e-07,-3.1503400904508033e-06
a,hub_x+0.000_y+0.000_D1,Gor’kov + g,122,-0.4166666666666665,1.25,-0.0002708333333333332,0.0008125,True,0.9538874179968022,-0.30016461115093807,1.0454788534105599e-05,7.886888939244673e-08,-3.289861545291515e-06
a,hub_x+0.000_y+0.000_D1,Gor’kov + g,123,0.0,1.25,0.0,0.0008125,True,4.797369764974124e-07,-0.9999999999998849,1.6010481641950262e-12,-4.680606211748308e-13,-3.3373457595121973e-06
a,hub_x+0.000_y+0.000_D1,Gor’kov + g,124,0.41666666666666696,1.25,0.00027083333333333354,0.0008125,True,-0.9538873915602096,-0.30016469516327116,-1.045478541616482e-05,-7.886981892292055e-08,-3.2898615761213205e-06
a,hub_x+0.000_y+0.000_D1,Gor’kov + g,125,0.8333333333333335,1.25,0.0005416666666666668,0.0008125,True,-0.9881922782271045,-0.15321886715520652,-2.0318266726181395e-05,-1.4583648446428837e-07,-3.1503401503278935e-06
a,hub_x+0.000_y+0.000_D1,Gor’kov + g,126,1.25,1.25,0.0008125,0.0008125,True,-0.9949398788133018,-0.10047207346806554,-2.904010517301524e-05,-1.914927548751234e-07,-2.932558682785536e-06
a,hub_x+0.000_y+0.000_D1,Gor’kov + g,127,1.666666666666667,1.25,0.0010833333333333335,0.0008125,True,-0.9973262709890385,-0.07307741918745385,-3.6145198626405586e-05,-2.1635624492301434e-07,-2.648479147166327e-06
a,hub_x+0.000_y+0.000_D1,Gor’kov + g,128,2.083333333333334,1.25,0.001354166666666667,0.0008125,True,-0.9984245583786853,-0.05611061598598943,-4.126720895145762e-05,-2.208576411431106e-07,-2.3191822505337294e-06
a,hub_x+0.000_y+0.000_D1,Gor’kov + g,129,2.5,1.25,0.001625,0.0008125,True,-0.9990070067034502,-0.04455334507545657,-4.4174295807526695e-05,-2.088500692541564e-07,-1.9700689097992033e-06
a,hub_x+0.000_y+0.000_D1,Gor’kov + g,130,-2.5,1.666666666666667,-0.001625,0.0010833333333333335,True,0.9986646282623045,-0.051661980776127936,4.3799899603833096e-05,2.0878168651593422e-07,-2.265815277013321e-06
a,hub_x+0.000_y+0.000_D1,Gor’kov + g,131,-2.0833333333333335,1.666666666666667,-0.0013541666666666667,0.0010833333333333335,True,0.9978630704727767,-0.06533982389509835,4.092168904825904e-05,2.0991248556410673e-07,-2.6795419482117875e-06
a,hub_x+0.000_y+0.000_D1,Gor’kov + g,132,-1.6666666666666665,1.666666666666667,-0.0010833333333333333,0.0010833333333333335,True,0.9963572867332898,-0.08527694397360099,3.5847398119865875e-05,2.000676540532379e-07,-3.068132889447592e-06
a,hub_x+0.000_y+0.000_D1,Gor’kov + g,133,-1.25,1.666666666666667,-0.0008125,0.0010833333333333335,True,0.9930784767384593,-0.11745270979769451,2.880617954501572e-05,1.7375064613657598e-07,-3.406945096215261e-06
a,hub_x+0.000_y+0.000_D1,Gor’kov + g,134,-0.8333333333333333,1.666666666666667,-0.0005416666666666666,0.0010833333333333335,True,0.9838371659668095,-0.1790654373752702,2.0158339506078066e-05,1.3051422235055913e-07,-3.668962715865556e-06
a,hub_x+0.000_y+0.000_D1,Gor’kov + g,135,-0.4166666666666665,1.666666666666667,-0.0002708333333333332,0.0010833333333333335,True,0.937970203212448,-0.34671587486816774,1.0373556192926082e-05,6.943197333221762e-08,-3.834531841849807e-06
a,hub_x+0.000_y+0.000_D1,Gor’kov + g,136,0.0,1.666666666666667,0.0,0.0010833333333333335,True,4.0663114318190276e-07,-0.9999999999999173,1.5826772170022343e-12,-4.549360864437662e-13,-3.892169214137411e-06
a,hub_x+0.000_y+0.000_D1,Gor’kov + g,137,0.41666666666666696,1.666666666666667,0.00027083333333333354,0.0010833333333333335,True,-0.9379701687019015,-0.34671596822950956,-1.0373553110639169e-05,-6.943287656310116e-08,-3.8345318761182995e-06
a,hub_x+0.000_y+0.000_D1,Gor’kov + g,138,0.8333333333333335,1.666666666666667,0.0005416666666666668,0.0010833333333333335,True,-0.9838371609510999,-0.1790654649330221,-2.0158336666431305e-05,-1.3051510563874364e-07,-3.668962782378904e-06
a,hub_x+0.000_y+0.000_D1,Gor’kov + g,139,1.25,1.666666666666667,0.0008125,0.0010833333333333335,True,-0.9930784751903647,-0.11745272288704128,-2.880617709181133e-05,-1.7375149714107398e-07,-3.406945191064574e-06
a,hub_x+0.000_y+0.000_D1,Gor’kov + g,140,1.666666666666667,1.666666666666667,0.0010833333333333335,0.0010833333333333335,True,-0.9963572860610879,-0.0852769518274641,-3.5847396170862396e-05,-2.0006846153763568e-07,-3.0681330072746897e-06
a,hub_x+0.000_y+0.000_D1,Gor’kov + g,141,2.083333333333334,1.666666666666667,0.001354166666666667,0.0010833333333333335,True,-0.9978630701184685,-0.06533982930605647,-4.09216876898233e-05,-2.0991323990465742e-07,-2.6795420821128954e-06
a,hub_x+0.000_y+0.000_D1,Gor’kov + g,142,2.5,1.666666666666667,0.001625,0.0010833333333333335,True,-0.9986646280514888,-0.05166198485135446,-4.37998988845483e-05,-2.0878237928101416e-07,-2.2658154190154487e-06
a,hub_x+0.000_y+0.000_D1,Gor’kov + g,143,-2.5,2.083333333333334,-0.001625,0.001354166666666667,True,0.9982720142245768,-0.0587621103774053,4.335922095392441e-05,2.052952289415443e-07,-2.5522896477789327e-06
a,hub_x+0.000_y+0.000_D1,Gor’kov + g,144,-2.0833333333333335,2.083333333333334,-0.0013541666666666667,0.001354166666666667,True,0.9972215532507415,-0.07449277637582416,4.050947019102051e-05,1.955067495440665e-07,-3.026070680287477e-06
a,hub_x+0.000_y+0.000_D1,Gor’kov + g,145,-1.6666666666666665,2.083333333333334,-0.0010833333333333333,0.001354166666666667,True,0.9952483814486497,-0.09736867681057927,3.54886807736544e-05,1.7822452894414877e-07,-3.4719834295576406e-06
a,hub_x+0.000_y+0.000_D1,Gor’kov + g,146,-1.25,2.083333333333334,-0.0008125,0.001354166666666667,True,0.9909570825982514,-0.13417921019428608,2.852139391816167e-05,1.5111806895258048e-07,-3.86190096098295e-06
a,hub_x+0.000_y+0.000_D1,Gor’kov + g,147,-0.8333333333333333,2.083333333333334,-0.0005416666666666666,0.001354166666666667,True,0.9789210948956191,-0.20423880622536558,1.996005811660797e-05,1.1000495946451964e-07,-4.16439942216141e-06
a,hub_x+0.000_y+0.000_D1,Gor’kov + g,148,-0.4166666666666665,2.083333333333334,-0.0002708333333333332,0.001354166666666667,True,0.9206083466287297,-0.3904872240131762,1.0272165995493895e-05,5.80923276579891e-08,-4.357064107523896e-06
a,hub_x+0.000_y+0.000_D1,Gor’kov + g,149,0.0,2.083333333333334,0.0,0.001354166666666667,True,3.533668211364178e-07,-0.9999999999999376,1.5629278451655704e-12,-4.4201275439724894e-13,-4.422961499721849e-06
a,hub_x+0.000_y+0.000_D1,Gor’kov + g,150,0.41666666666666696,2.083333333333334,0.00027083333333333354,0.001354166666666667,True,-0.9206083038128182,-0.39048732495547894,-1.0272162951282793e-05,-5.809320490029378e-08,-4.357064145240166e-06
a,hub_x+0.000_y+0.000_D1,Gor’kov + g,151,0.8333333333333335,2.083333333333334,0.0005416666666666668,0.001354166666666667,True,-0.9789210884390069,-0.20423883717204658,-1.996005531133964e-05,-1.1000581658822433e-07,-4.164399495344757e-06
a,hub_x+0.000_y+0.000_D1,Gor’kov + g,152,1.25,2.083333333333334,0.0008125,0.001354166666666667,True,-0.9909570806008443,-0.13417922494578582,-2.8521391493379995e-05,-1.511188937577031e-07,-3.861901065015505e-06
a,hub_x+0.000_y+0.000_D1,Gor’kov + g,153,1.666666666666667,2.083333333333334,0.0010833333333333335,0.001354166666666667,True,-0.9952483805859181,-0.09736868562894034,-3.5488678845772296e-05,-1.7822531026696534e-07,-3.4719835584019034e-06
a,hub_x+0.000_y+0.000_D1,Gor’kov + g,154,2.083333333333334,2.083333333333334,0.001354166666666667,0.001354166666666667,True,-0.9972215527999068,-0.0744927824110694,-4.050946884523743e-05,-1.955074778186003e-07,-3.026070826290858e-06
a,hub_x+0.000_y+0.000_D1,Gor’kov + g,155,2.5,2.083333333333334,0.001625,0.001354166666666667,True,-0.998272013959221,-0.05876211488536309,-4.3359220238257796e-05,-2.0529589605465483e-07,-2.5522898021303687e-06
a,hub_x+0.000_y+0.000_D1,Gor’kov + g,156,-2.5,2.5,-0.001625,0.001625,True,0.997824241271918,-0.06593014128698117,4.2854885945379e-05,2.0056163736355263e-07,-2.8315895408742044e-06
a,hub_x+0.000_y+0.000_D1,Gor’kov + g,157,-2.0833333333333335,2.5,-0.0013541666666666667,0.001625,True,0.9964959145658369,-0.08364145057085307,4.003503441857483e-05,1.78118471004428e-07,-3.360363352701324e-06
a,hub_x+0.000_y+0.000_D1,Gor’kov + g,158,-1.6666666666666665,2.5,-0.0010833333333333333,0.001625,True,0.9939961847047281,-0.10941473754684011,3.507164271610065e-05,1.5482330919872972e-07,-3.860532507233522e-06
a,hub_x+0.000_y+0.000_D1,Gor’kov + g,159,-1.25,2.5,-0.0008125,0.001625,True,0.9885874469431194,-0.15064813223696158,2.8185645038742104e-05,1.2573085525169757e-07,-4.295133216702468e-06
a,hub_x+0.000_y+0.000_D1,Gor’kov + g,160,-0.8333333333333333,2.5,-0.0005416666666666666,0.001625,True,0.9734853586826204,-0.22874933099480269,1.972502405319476e-05,8.92251600366762e-08,-4.634980912430693e-06
a,hub_x+0.000_y+0.000_D1,Gor’kov + g,161,-0.4166666666666665,2.5,-0.0002708333333333332,0.001625,True,0.9022498680342604,-0.43121360789307167,1.0151831399926296e-05,4.550042106628915e-08,-4.851879728419271e-06
a,hub_x+0.000_y+0.000_D1,Gor’kov + g,162,0.0,2.5,0.0,0.001625,True,3.130529783956996e-07,-0.999999999999951,1.5420190518717851e-12,-4.2936665707055934e-13,-4.925744708688235e-06
a,hub_x+0.000_y+0.000_D1,Gor’kov + g,163,0.41666666666666696,2.5,0.00027083333333333354,0.001625,True,-0.9022498169779365,-0.4312137147207636,-1.0151828396192836e-05,-4.550127292358971e-08,-4.8518797693888515e-06
a,hub_x+0.000_y+0.000_D1,Gor’kov + g,164,0.8333333333333335,2.5,0.0005416666666666668,0.001625,True,-0.9734853506577521,-0.22874936514612143,-1.9725021284261536e-05,-8.922599171661268e-08,-4.634980991978863e-06
a,hub_x+0.000_y+0.000_D1,Gor’kov + g,165,1.25,2.5,0.0008125,0.001625,True,-0.9885874444469335,-0.15064814861750328,-2.8185642643886147e-05,-1.2573165448677654e-07,-4.295133329628208e-06
a,hub_x+0.000_y+0.000_D1,Gor’kov + g,166,1.666666666666667,2.5,0.0010833333333333335,0.001625,True,-0.9939961836280201,-0.1094147473283701,-3.507164081027872e-05,-1.5482406490158351e-07,-3.8605326467571625e-06
a,hub_x+0.000_y+0.000_D1,Gor’kov + g,167,2.083333333333334,2.5,0.001354166666666667,0.001625,True,-0.9964959140063889,-0.08364145723605976,-4.003503308574699e-05,-1.7811917366020228e-07,-3.3603635104963164e-06
a,hub_x+0.000_y+0.000_D1,Gor’kov + g,168,2.5,2.5,0.001625,0.001625,True,-0.9978242409446709,-0.06593014623972202,-4.2854885233154995e-05,-2.0056227926744512e-07,-2.831589707455385e-06
b,hub_x+0.000_y+0.000_D1,Elastic + g,0,-2.5,-2.5,-0.001625,-0.001625,True,0.9928338106212664,0.11950324048851223,4.040689415141371e-05,3.3084211123410636e-06,4.863608327509167e-06
b,hub_x+0.000_y+0.000_D1,Elastic + g,1,-2.0833333333333335,-2.5,-0.0013541666666666667,-0.001625,True,0.9930275594359409,0.11788242532582559,3.762721270028137e-05,2.9904321519094614e-06,4.466731108529732e-06
b,hub_x+0.000_y+0.000_D1,Elastic + g,2,-1.6666666666666665,-2.5,-0.0010833333333333333,-0.001625,True,0.9923074111780478,0.1237982298787862,3.283230285156224e-05,2.541418118647286e-06,4.096090515984598e-06
b,hub_x+0.000_y+0.000_D1,Elastic + g,3,-1.25,-2.5,-0.0008125,-0.001625,True,0.9897966043393437,0.14248748028618102,2.6310212255591247e-05,2.0035658785807184e-06,3.7875214298154177e-06
b,hub_x+0.000_y+0.000_D1,Elastic + g,4,-0.8333333333333333,-2.5,-0.0005416666666666666,-0.001625,True,0.9815536986831209,0.19118665382679062,1.8369796156892773e-05,1.3750473307284106e-06,3.5780618660277497e-06
b,hub_x+0.000_y+0.000_D1,Elastic + g,5,-0.4166666666666665,-2.5,-0.0002708333333333332,-0.001625,True,0.9392155186051913,0.34332813693488856,9.437679991298842e-06,6.940898631420831e-07,3.4499228603167557e-06
b,hub_x+0.000_y+0.000_D1,Elastic + g,6,0.0,-2.5,0.0,-0.001625,True,4.938623248471742e-07,0.9999999999998781,1.6807405007725853e-12,-4.787031626907251e-13,3.4032571755549204e-06
b,hub_x+0.000_y+0.000_D1,Elastic + g,7,0.41666666666666696,-2.5,0.00027083333333333354,-0.001625,True,-0.9392154798470076,0.34332824296255543,-9.437676711072034e-06,-6.940908184334076e-07,3.4499228690191544e-06
b,hub_x+0.000_y+0.000_D1,Elastic + g,8,0.8333333333333335,-2.5,0.0005416666666666668,-0.001625,True,-0.9815536925308737,0.19118668541247108,-1.8369793112809538e-05,-1.3750482806214193e-06,3.5780618866557082e-06
b,hub_x+0.000_y+0.000_D1,Elastic + g,9,1.25,-2.5,0.0008125,-0.001625,True,-0.9897966021134369,0.14248749574855588,-2.6310209589387025e-05,-2.003566818765929e-06,3.7875214655280793e-06
b,hub_x+0.000_y+0.000_D1,Elastic + g,10,1.666666666666667,-2.5,0.0010833333333333335,-0.001625,True,-0.9923074099631124,0.123798239617126,-3.2832300690422424e-05,-2.5414190370960343e-06,4.096090573591042e-06
b,hub_x+0.000_y+0.000_D1,Elastic + g,11,2.083333333333334,-2.5,0.001354166666666667,-0.001625,True,-0.9930275586078031,0.11788243230196048,-3.762721113083989e-05,-2.9904330433472186e-06,4.466731190281745e-06
b,hub_x+0.000_y+0.000_D1,Elastic + g,12,2.5,-2.5,0.001625,-0.001625,True,-0.9928338099642476,0.11950324594702903,-4.040689322415286e-05,-3.3084219712598643e-06,4.863608441270917e-06
b,hub_x+0.000_y+0.000_D1,Elastic + g,13,-2.5,-2.0833333333333335,-0.001625,-0.0013541666666666667,True,0.9937965205983202,0.11121364865281735,4.062573105101545e-05,3.3983707010392687e-06,4.546338899085014e-06
b,hub_x+0.000_y+0.000_D1,Elastic + g,14,-2.0833333333333335,-2.0833333333333335,-0.0013541666666666667,-0.0013541666666666667,True,0.9942156226952864,0.10740249340040466,3.783480935602029e-05,3.0646023152159946e-06,4.08719473865174e-06
b,hub_x+0.000_y+0.000_D1,Elastic + g,15,-1.6666666666666665,-2.0833333333333335,-0.0010833333333333333,-0.0013541666666666667,True,0.9939340738434511,0.10997752885458538,3.301911338303881e-05,2.5920591383495653e-06,3.6535224924866913e-06
b,hub_x+0.000_y+0.000_D1,Elastic + g,16,-1.25,-2.0833333333333335,-0.0008125,-0.0013541666666666667,True,0.9923091686350815,0.12378414212956954,2.6458096648539662e-05,2.0483642785979286e-06,3.3004762019135652e-06
b,hub_x+0.000_y+0.000_D1,Elastic + g,17,-0.8333333333333333,-2.0833333333333335,-0.0005416666666666666,-0.0013541666666666667,True,0.9866904212842929,0.16261000137083964,1.847844771959505e-05,1.425326899507457e-06,3.045312231878431e-06
b,hub_x+0.000_y+0.000_D1,Elastic + g,18,-0.4166666666666665,-2.0833333333333335,-0.0002708333333333332,-0.0013541666666666667,True,0.9565283730805887,0.29163928317667037,9.492390183650992e-06,7.292243065066186e-07,2.894168063073233e-06
b,hub_x+0.000_y+0.000_D1,Elastic + g,19,0.0,-2.0833333333333335,0.0,-0.0013541666666666667,True,5.875475958535833e-07,0.9999999999998275,1.6713633420486417e-12,-4.745095682999492e-13,2.844643317143036e-06
b,hub_x+0.000_y+0.000_D1,Elastic + g,20,0.41666666666666696,-2.0833333333333335,0.00027083333333333354,-0.0013541666666666667,True,-0.9565283448833248,0.29163937565899256,-9.492386921123266e-06,-7.292252543724219e-07,2.8941680714413678e-06
b,hub_x+0.000_y+0.000_D1,Elastic + g,21,0.8333333333333335,-2.0833333333333335,0.0005416666666666668,-0.0013541666666666667,True,-0.9866904168507633,0.16261002827275756,-1.8478444693552867e-05,-1.425327841551816e-06,3.0453122506709124e-06
b,hub_x+0.000_y+0.000_D1,Elastic + g,22,1.25,-2.0833333333333335,0.0008125,-0.0013541666666666667,True,-0.992309166971744,0.12378415546362777,-2.645809399868067e-05,-2.0483652086852206e-06,3.300476232421244e-06
b,hub_x+0.000_y+0.000_D1,Elastic + g,23,1.666666666666667,-2.0833333333333335,0.0010833333333333335,-0.0013541666666666667,True,-0.9939340728952064,0.1099775374244512,-3.301911123637788e-05,-2.5920600468461193e-06,3.6535225431432925e-06
b,hub_x+0.000_y+0.000_D1,Elastic + g,24,2.083333333333334,-2.0833333333333335,0.001354166666666667,-0.0013541666666666667,True,-0.9942156220137396,0.10740249970942377,-3.7834807798018625e-05,-3.0646031976215654e-06,4.0871948132360394e-06
b,hub_x+0.000_y+0.000_D1,Elastic + g,25,2.5,-2.0833333333333335,0.001625,-0.0013541666666666667,True,-0.9937965200338452,0.11121365369692233,-4.062573013188433e-05,-3.3983715511261547e-06,4.546339005008928e-06
b,hub_x+0.000_y+0.000_D1,Elastic + g,26,-2.5,-1.6666666666666665,-0.001625,-0.0010833333333333333,True,0.994683492754666,0.10297936318203858,4.078210390989546e-05,3.4702447682023808e-06,4.2221622460367905e-06
b,hub_x+0.000_y+0.000_D1,Elastic + g,27,-2.0833333333333335,-1.6666666666666665,-0.0013541666666666667,-0.0010833333333333333,True,0.9953048101923603,0.09679015863169944,3.799735475008051e-05,3.1155036194569855e-06,3.6951192802277892e-06
b,hub_x+0.000_y+0.000_D1,Elastic + g,28,-1.6666666666666665,-1.6666666666666665,-0.0010833333333333333,-0.0010833333333333333,True,0.995363474181859,0.09618500020595627,3.316885816661579e-05,2.6321256207802706e-06,3.205207657644446e-06
b,hub_x+0.000_y+0.000_D1,Elastic + g,29,-1.25,-1.6666666666666665,-0.0008125,-0.0010833333333333333,True,0.9944766181554661,0.10495835336964547,2.6571304410371578e-05,2.084672537879326e-06,2.804369963940384e-06
b,hub_x+0.000_y+0.000_D1,Elastic + g,30,-0.8333333333333333,-1.6666666666666665,-0.0005416666666666666,-0.0010833333333333333,True,0.9910164721740048,0.13373986645645417,1.8556156444367006e-05,1.4531332619001914e-06,2.5041943847518337e-06
b,hub_x+0.000_y+0.000_D1,Elastic + g,31,-0.4166666666666665,-1.6666666666666665,-0.0002708333333333332,-0.0010833333333333333,True,0.9715164735601287,0.23697202704389322,9.540550949222605e-06,7.430406946258081e-07,2.3271285244067383e-06
b,hub_x+0.000_y+0.000_D1,Elastic + g,32,0.0,-1.6666666666666665,0.0,-0.0010833333333333333,True,7.315865846520802e-07,0.9999999999997324,1.6593799915494208e-12,-4.703202508763091e-13,2.268193575936232e-06
b,hub_x+0.000_y+0.000_D1,Elastic + g,33,0.41666666666666696,-1.6666666666666665,0.00027083333333333354,-0.0010833333333333333,True,-0.9715164548782516,0.23697210363414958,-9.540547710889435e-06,-7.43041633065987e-07,2.3271285313996704e-06
b,hub_x+0.000_y+0.000_D1,Elastic + g,34,0.8333333333333335,-1.6666666666666665,0.0005416666666666668,-0.0010833333333333333,True,-0.9910164692005838,0.1337398884895911,-1.8556153440761345e-05,-1.4531341936070202e-06,2.504194399478606e-06
b,hub_x+0.000_y+0.000_D1,Elastic + g,35,1.25,-1.6666666666666665,0.0008125,-0.0010833333333333333,True,-0.9944766169765547,0.10495836453978818,-2.6571301782439618e-05,-2.0846734564828685e-06,2.804369988363206e-06
b,hub_x+0.000_y+0.000_D1,Elastic + g,36,1.666666666666667,-1.6666666666666665,0.0010833333333333335,-0.0010833333333333333,True,-0.995363473469126,0.09618500758161994,-3.316885603682213e-05,-2.632126518102806e-06,3.2052076999130044e-06
b,hub_x+0.000_y+0.000_D1,Elastic + g,37,2.083333333333334,-1.6666666666666665,0.001354166666666667,-0.0010833333333333333,True,-0.9953048096482209,0.09679016422714952,-3.799735320465317e-05,-3.1155044916238075e-06,3.6951193455754045e-06
b,hub_x+0.000_y+0.000_D1,Elastic + g,38,2.5,-1.6666666666666665,0.001625,-0.0010833333333333333,True,-0.9946834922775872,0.10297936779017045,-4.0782102999152654e-05,-3.470245610551358e-06,4.222162342706635e-06
b,hub_x+0.000_y+0.000_D1,Elastic + g,39,-2.5,-1.25,-0.001625,-0.0008125,True,0.9955159723410284,0.09459359816550252,4.0885802177196134e-05,3.529595766071675e-06,3.884955389243156e-06
b,hub_x+0.000_y+0.000_D1,Elastic + g,40,-2.0833333333333335,-1.25,-0.0013541666666666667,-0.0008125,True,0.9962873402435442,0.08609027628277466,3.810287766031457e-05,3.1573021438192457e-06,3.29251123891966e-06
b,hub_x+0.000_y+0.000_D1,Elastic + g,41,-1.6666666666666665,-1.25,-0.0010833333333333333,-0.0008125,True,0.9965860475253313,0.08256058307593243,3.327863951577801e-05,2.6875257722913454e-06,2.756915862126358e-06
b,hub_x+0.000_y+0.000_D1,Elastic + g,42,-1.25,-1.25,-0.0008125,-0.0008125,True,0.996272779034614,0.08625862133518744,2.665101535162186e-05,2.113992625052268e-06,2.3074803304787938e-06
b,hub_x+0.000_y+0.000_D1,Elastic + g,43,-0.8333333333333333,-1.25,-0.0005416666666666666,-0.0008125,True,0.9944605304393692,0.10511067214250065,1.860759704666134e-05,1.4523064257149013e-06,1.96675179422883e-06
b,hub_x+0.000_y+0.000_D1,Elastic + g,44,-0.4166666666666665,-1.25,-0.0002708333333333332,-0.0008125,True,0.983668296058412,0.17999078679071362,9.568956092237272e-06,7.406957256941837e-07,1.7509194336230841e-06
b,hub_x+0.000_y+0.000_D1,Elastic + g,45,0.0,-1.25,0.0,-0.0008125,True,9.806370233506673e-07,0.9999999999995192,1.646164123077778e-12,-4.648678808689408e-13,1.6786681349765156e-06
b,hub_x+0.000_y+0.000_D1,Elastic + g,46,0.41666666666666696,-1.25,0.00027083333333333354,-0.0008125,True,-0.9836682853037313,0.179990845566148,-9.568952879873992e-06,-7.406966528153051e-07,1.7509194367279389e-06
b,hub_x+0.000_y+0.000_D1,Elastic + g,47,0.8333333333333335,-1.25,0.0005416666666666668,-0.0008125,True,-0.9944605286355944,0.10511068920815901,-1.860759406880677e-05,-1.4523073450441047e-06,1.9667518023680424e-06
b,hub_x+0.000_y+0.000_D1,Elastic + g,48,1.25,-1.25,0.0008125,-0.0008125,True,-0.996272778253278,0.08625863035948957,-2.6651012744957473e-05,-2.1139935333369312e-06,2.307480348006556e-06
b,hub_x+0.000_y+0.000_D1,Elastic + g,49,1.666666666666667,-1.25,0.0010833333333333335,-0.0008125,True,-0.9965860470113407,0.08256058928029868,-3.3278637404516784e-05,-2.6875266594213997e-06,2.756915895824327e-06
b,hub_x+0.000_y+0.000_D1,Elastic + g,50,2.083333333333334,-1.25,0.001354166666666667,-0.0008125,True,-0.9962873398207802,0.08609028117524846,-3.810287612972588e-05,-3.1573030055589338e-06,3.292511295168969e-06
b,hub_x+0.000_y+0.000_D1,Elastic + g,51,2.5,-1.25,0.001625,-0.0008125,True,-0.9955159719488008,0.09459360229336031,-4.0885801277725295e-05,-3.529596598031986e-06,3.88495547483734e-06
b,hub_x+0.000_y+0.000_D1,Elastic + g,52,-2.5,-0.8333333333333333,-0.001625,-0.0005416666666666666,True,0.9962870856381273,0.08609322267569547,4.092690295334021e-05,3.5742724928705025e-06,3.5366602861580382e-06
b,hub_x+0.000_y+0.000_D1,Elastic + g,53,-2.0833333333333335,-0.8333333333333333,-0.0013541666666666667,-0.0005416666666666666,True,0.997159012202549,0.07532532365172075,3.815822845918342e-05,3.1993966378004946e-06,2.882469970677506e-06
b,hub_x+0.000_y+0.000_D1,Elastic + g,54,-1.6666666666666665,-0.8333333333333333,-0.0010833333333333333,-0.0005416666666666666,True,0.9976253861609192,0.06887371695557773,3.333122573863426e-05,2.730134364586379e-06,2.301109654135115e-06
b,hub_x+0.000_y+0.000_D1,Elastic + g,55,-1.25,-0.8333333333333333,-0.0008125,-0.0005416666666666666,True,0.9977173523672322,0.06752839984273375,2.6697891052509286e-05,2.1367469238233354e-06,1.8069905847322635e-06
b,hub_x+0.000_y+0.000_D1,Elastic + g,56,-0.8333333333333333,-0.8333333333333333,-0.0005416666666666666,-0.0005416666666666666,True,0.9971043007849082,0.07604612650384875,1.8639658818526276e-05,1.4577869823504068e-06,1.421590350564541e-06
b,hub_x+0.000_y+0.000_D1,Elastic + g,57,-0.4166666666666665,-0.8333333333333333,-0.0002708333333333332,-0.0005416666666666666,True,0.9925714410594334,0.12166320065327789,9.5765372531712e-06,7.443839893911389e-07,1.173832053995591e-06
b,hub_x+0.000_y+0.000_D1,Elastic + g,58,0.0,-0.8333333333333333,0.0,-0.0005416666666666666,True,1.4977613725520833e-06,0.9999999999988783,1.631286675019192e-12,-4.585807645838217e-13,1.0891499172780515e-06
b,hub_x+0.000_y+0.000_D1,Elastic + g,59,0.41666666666666696,-0.8333333333333333,0.00027083333333333354,-0.0005416666666666666,True,-0.9925714361693191,0.12166324054855432,-9.576534070304534e-06,-7.443849041942759e-07,1.17383205456069e-06
b,hub_x+0.000_y+0.000_D1,Elastic + g,60,0.8333333333333335,-0.8333333333333333,0.0005416666666666668,-0.0005416666666666666,True,-0.9971042998614617,0.07604613861192674,-1.8639655868495628e-05,-1.4577878887542728e-06,1.4215903532370455e-06
b,hub_x+0.000_y+0.000_D1,Elastic + g,61,1.25,-0.8333333333333333,0.0008125,-0.0005416666666666666,True,-0.9977173519001054,0.0675284067444306,-2.669788847183822e-05,-2.136747819359919e-06,1.8069905955932944e-06
b,hub_x+0.000_y+0.000_D1,Elastic + g,62,1.666666666666667,-0.8333333333333333,0.0010833333333333335,-0.0005416666666666666,True,-0.9976253858154631,0.06887372195945492,-3.333122364590936e-05,-2.730135241348136e-06,2.3011096776374636e-06
b,hub_x+0.000_y+0.000_D1,Elastic + g,63,2.083333333333334,-0.8333333333333333,0.001354166666666667,-0.0005416666666666666,True,-0.9971590118895778,0.07532532779484517,-3.815822694581846e-05,-3.1993974882799465e-06,2.8824700158074266e-06
b,hub_x+0.000_y+0.000_D1,Elastic + g,64,2.5,-0.8333333333333333,0.001625,-0.0005416666666666666,True,-0.996287085325343,0.08609322629529356,-4.092690206743417e-05,-3.574273312672525e-06,3.536660359404639e-06
b,hub_x+0.000_y+0.000_D1,Elastic + g,65,-2.5,-0.4166666666666665,-0.001625,-0.0002708333333333332,True,0.9969967595467178,0.07744327894235956,4.091198658745051e-05,3.613129276098307e-06,3.1779023944054633e-06
b,hub_x+0.000_y+0.000_D1,Elastic + g,66,-2.0833333333333335,-0.4166666666666665,-0.0013541666666666667,-0.0002708333333333332,True,0.997910371577035,0.0646133910190761,3.8143632578392083e-05,3.2354279441661206e-06,2.4697503071149914e-06
b,hub_x+0.000_y+0.000_D1,Elastic + g,67,-1.6666666666666665,-0.4166666666666665,-0.0010833333333333333,-0.0002708333333333332,True,0.9984947083906246,0.05484812955718122,3.33452788208636e-05,2.76759303962096e-06,1.8316833905258487e-06
b,hub_x+0.000_y+0.000_D1,Elastic + g,68,-1.25,-0.4166666666666665,-0.0008125,-0.0002708333333333332,True,0.9988427999159631,0.04809429338330264,2.6718791951842027e-05,2.166836946609126e-06,1.2865101686545974e-06
b,hub_x+0.000_y+0.000_D1,Elastic + g,69,-0.8333333333333333,-0.4166666666666665,-0.0005416666666666666,-0.0002708333333333332,True,0.9989269261842497,0.04631410307980367,1.86488900869568e-05,1.4853861455355817e-06,8.646344343829785e-07
b,hub_x+0.000_y+0.000_D1,Elastic + g,70,-0.4166666666666665,-0.4166666666666665,-0.0002708333333333332,-0.0002708333333333332,True,0.9979984318409415,0.06323867521557981,9.568532735864743e-06,7.336014153350377e-07,6.063149146004203e-07
b,hub_x+0.000_y+0.000_D1,Elastic + g,71,0.0,-0.4166666666666665,0.0,-0.0002708333333333332,True,3.1782048578540918e-06,0.9999999999949495,1.614325630479225e-12,-4.521289975080831e-13,5.079363045090355e-07
b,hub_x+0.000_y+0.000_D1,Elastic + g,72,0.41666666666666696,-0.4166666666666665,0.00027083333333333354,-0.0002708333333333332,True,-0.9979984305504755,0.06323869558100807,-9.568529585531595e-06,-7.336023159339282e-07,6.063149110199906e-07
b,hub_x+0.000_y+0.000_D1,Elastic + g,73,0.8333333333333335,-0.4166666666666665,0.0005416666666666668,-0.0002708333333333332,True,-0.998926925854929,0.04631411018276273,-1.8648887167603092e-05,-1.4853870389978065e-06,8.646344319201112e-07
b,hub_x+0.000_y+0.000_D1,Elastic + g,74,1.25,-0.4166666666666665,0.0008125,-0.0002708333333333332,True,-0.9988427996908029,0.048094298059526336,-2.6718789400856942e-05,-2.1668378286881827e-06,1.2865101712024276e-06
b,hub_x+0.000_y+0.000_D1,Elastic + g,75,1.666666666666667,-0.4166666666666665,0.0010833333333333335,-0.0002708333333333332,True,-0.9984947081843818,0.054848133311776376,-3.334527675091116e-05,-2.767593904802179e-06,1.8316834025867703e-06
b,hub_x+0.000_y+0.000_D1,Elastic + g,76,2.083333333333334,-0.4166666666666665,0.001354166666666667,-0.0002708333333333332,True,-0.9979103713574268,0.06461339441077692,-3.814363108310049e-05,-3.2354287832964343e-06,2.46975034048302e-06
b,hub_x+0.000_y+0.000_D1,Elastic + g,77,2.5,-0.4166666666666665,0.001625,-0.0002708333333333332,True,-0.996996759304937,0.07744328205502064,-4.091198571602767e-05,-3.613130082650378e-06,3.177902455215751e-06
b,hub_x+0.000_y+0.000_D1,Elastic + g,78,-2.5,0.0,-0.001625,0.0,True,0.9976233503263061,0.0689031993721365,4.082811705867119e-05,3.6250353557431385e-06,2.819889779807581e-06
b,hub_x+0.000_y+0.000_D1,Elastic + g,79,-2.0833333333333335,0.0,-0.0013541666666666667,0.0,True,0.9985459453387744,0.053907281952379,3.80780191936293e-05,3.2502446558541625e-06,2.0556715756956635e-06
b,hub_x+0.000_y+0.000_D1,Elastic + g,80,-1.6666666666666665,0.0,-0.0010833333333333333,0.0,True,0.9991688796011657,0.040762115211938815,3.329127755872505e-05,2.7844818969413646e-06,1.3581516789664837e-06
b,hub_x+0.000_y+0.000_D1,Elastic + g,81,-1.25,0.0,-0.0008125,0.0,True,0.9996029548372859,0.028176811043250934,2.6692734093512206e-05,2.191267444917151e-06,7.524148674641163e-07
b,hub_x+0.000_y+0.000_D1,Elastic + g,82,-0.8333333333333333,0.0,-0.0005416666666666666,0.0,True,0.9998727930668388,0.015949849050022745,1.86351265340764e-05,1.5171963809959844e-06,2.972652694498541e-07
b,hub_x+0.000_y+0.000_D1,Elastic + g,83,-0.4166666666666665,0.0,-0.0002708333333333332,0.0,True,0.9999964836776714,0.0026519110642755335,9.569555123892347e-06,7.679230540264737e-07,2.5377698349412096e-08
b,hub_x+0.000_y+0.000_D1,Elastic + g,84,0.0,0.0,0.0,0.0,True,2.3919481574348727e-05,-0.9999999997139292,1.5957370687499672e-12,-4.4443217746418155e-13,-6.671286178730325e-08
b,hub_x+0.000_y+0.000_D1,Elastic + g,85,0.41666666666666696,0.0,0.00027083333333333354,0.0,True,-0.9999964836767569,0.0026519114090941924,-9.569552010770132e-06,-7.67923940295029e-07,2.537769339345472e-08
b,hub_x+0.000_y+0.000_D1,Elastic + g,86,0.8333333333333335,0.0,0.0005416666666666668,0.0,True,-0.9998727930330985,0.015949851165151043,-1.8635123650194308e-05,-1.5171972614741603e-06,2.972652628772412e-07
b,hub_x+0.000_y+0.000_D1,Elastic + g,87,1.25,0.0,0.0008125,0.0,True,-0.999602954769313,0.028176813454661907,-2.6692731573166617e-05,-2.191268313403552e-06,7.52414860864484e-07
b,hub_x+0.000_y+0.000_D1,Elastic + g,88,1.666666666666667,0.0,0.0010833333333333335,0.0,True,-0.999168879498709,0.040762117723376234,-3.329127551338449e-05,-2.7844827482292434e-06,1.3581516793424956e-06
b,hub_x+0.000_y+0.000_D1,Elastic + g,89,2.083333333333334,0.0,0.001354166666666667,0.0,True,-0.9985459451967977,0.053907284582270336,-3.8078017717607394e-05,-3.25024548300487e-06,2.055671596590623e-06
b,hub_x+0.000_y+0.000_D1,Elastic + g,90,2.5,0.0,0.001625,0.0,True,-0.9976233501472799,0.068903201964189,-4.0828116202789256e-05,-3.6250361482618457e-06,2.8198898272808595e-06
b,hub_x+0.000_y+0.000_D1,Elastic + g,91,-2.5,0.41666666666666696,-0.001625,0.00027083333333333354,True,0.9981473505111724,0.060842967280752704,4.0680905139494345e-05,3.6274607129391954e-06,2.4797410713819794e-06
b,hub_x+0.000_y+0.000_D1,Elastic + g,92,-2.0833333333333335,0.41666666666666696,-0.0013541666666666667,0.00027083333333333354,True,0.9990593370607269,0.04336405229889167,3.7946579120693924e-05,3.260205974284276e-06,1.6470667762287085e-06
b,hub_x+0.000_y+0.000_D1,Elastic + g,93,-1.6666666666666665,0.41666666666666696,-0.0010833333333333333,0.00027083333333333354,True,0.9996437849231157,0.02668901018374318,3.318760546764824e-05,2.7920117856875023e-06,8.860599682198183e-07
b,hub_x+0.000_y+0.000_D1,Elastic + g,94,-1.25,0.41666666666666696,-0.0008125,0.00027083333333333354,True,0.9999629078089036,0.008612955727401938,2.662879260593196e-05,2.208924806588627e-06,2.29361119295527e-07
b,hub_x+0.000_y+0.000_D1,Elastic + g,95,-0.8333333333333333,0.41666666666666696,-0.0005416666666666666,0.00027083333333333354,True,0.9998917837114584,-0.014711249651814138,1.859412712138569e-05,1.5260727008648585e-06,-2.7357245113558216e-07
b,hub_x+0.000_y+0.000_D1,Elastic + g,96,-0.4166666666666665,0.41666666666666696,-0.0002708333333333332,0.00027083333333333354,True,0.9982083351881607,-0.05983410031813666,9.568450930407093e-06,7.905117945167267e-07,-5.735472572979738e-07
b,hub_x+0.000_y+0.000_D1,Elastic + g,97,0.0,0.41666666666666696,0.0,0.00027083333333333354,True,2.343820288797875e-06,-0.9999999999972533,1.5756945739873657e-12,-4.368121993492824e-13,-6.722761900790601e-07
b,hub_x+0.000_y+0.000_D1,Elastic + g,98,0.41666666666666696,0.41666666666666696,0.00027083333333333354,0.00027083333333333354,True,-0.9982083339962882,-0.059834120202060574,-9.568447857085609e-06,-7.905126667649775e-07,-5.735472643630905e-07
b,hub_x+0.000_y+0.000_D1,Elastic + g,99,0.8333333333333335,0.41666666666666696,0.0005416666666666668,0.00027083333333333354,True,-0.9998917836699368,-0.014711252473951036,-1.8594124275288433e-05,-1.5260735683588442e-06,-2.735724617536073e-07
b,hub_x+0.000_y+0.000_D1,Elastic + g,100,1.25,0.41666666666666696,0.0008125,0.00027083333333333354,True,-0.9999629078062238,0.008612956038534183,-2.6628790120509418e-05,-2.2089256601497423e-06,2.293611061738959e-07
b,hub_x+0.000_y+0.000_D1,Elastic + g,101,1.666666666666667,0.41666666666666696,0.0010833333333333335,0.00027083333333333354,True,-0.9996437848870229,0.02668901153559684,-3.3187603450550115e-05,-2.792012623727321e-06,8.860599592790446e-07
b,hub_x+0.000_y+0.000_D1,Elastic + g,102,2.083333333333334,0.41666666666666696,0.001354166666666667,0.00027083333333333354,True,-0.9990593369802433,0.04336405415313969,-3.794657766450957e-05,-3.2602067875673256e-06,1.6470667835845014e-06
b,hub_x+0.000_y+0.000_D1,Elastic + g,103,2.5,0.41666666666666696,0.001625,0.00027083333333333354,True,-0.9981473503851215,0.060842969348656295,-4.0680904300038805e-05,-3.6274614886948945e-06,2.479741104805698e-06
b,hub_x+0.000_y+0.000_D1,Elastic + g,104,-2.5,0.8333333333333335,-0.001625,0.0005416666666666668,True,0.9985997219661019,0.05290175128692824,4.045393769152094e-05,3.622469026638853e-06,2.143085065275413e-06
b,hub_x+0.000_y+0.000_D1,Elastic + g,105,-2.0833333333333335,0.8333333333333335,-0.0013541666666666667,0.0005416666666666668,True,0.9994558763814588,0.03298410475623343,3.774838297145591e-05,3.261365173077352e-06,1.245774473623394e-06
b,hub_x+0.000_y+0.000_D1,Elastic + g,106,-1.6666666666666665,0.8333333333333335,-0.0010833333333333333,0.0005416666666666668,True,0.9999183909358743,0.012775424384815267,3.302858081647748e-05,2.795570434342676e-06,4.2198857485133354e-07
b,hub_x+0.000_y+0.000_D1,Elastic + g,107,-1.25,0.8333333333333335,-0.0008125,0.0005416666666666668,True,0.9999410790678576,-0.010855339359436533,2.6518259795854354e-05,2.2108275913629196e-06,-2.878816715621363e-07
b,hub_x+0.000_y+0.000_D1,Elastic + g,108,-0.8333333333333333,0.8333333333333335,-0.0005416666666666666,0.0005416666666666668,True,0.9990077374915984,-0.0445369557998478,1.853763927418103e-05,1.51173899014434e-06,-8.264300565486528e-07
b,hub_x+0.000_y+0.000_D1,Elastic + g,109,-0.4166666666666665,0.8333333333333335,-0.0002708333333333332,0.0005416666666666668,True,0.9925800846701313,-0.12159266226312841,9.544059582608484e-06,7.921460183614693e-07,-1.169162701700748e-06
b,hub_x+0.000_y+0.000_D1,Elastic + g,110,0.0,0.8333333333333335,0.0,0.0005416666666666668,True,1.2043791968887394e-06,-0.9999999999992747,1.5541742542639493e-12,-4.299593027252026e-13,-1.2904359841798205e-06
b,hub_x+0.000_y+0.000_D1,Elastic + g,111,0.41666666666666696,0.8333333333333335,0.00027083333333333354,0.0005416666666666668,True,-0.9925800798841828,-0.1215927013315739,-9.544056552252155e-06,-7.921468759613359e-07,-1.169162711773398e-06
b,hub_x+0.000_y+0.000_D1,Elastic + g,112,0.8333333333333335,0.8333333333333335,0.0005416666666666668,0.0005416666666666668,True,-0.9990077371485552,-0.044536963494642014,-1.8537636467117825e-05,-1.5117398408504448e-06,-8.264300744751896e-07
b,hub_x+0.000_y+0.000_D1,Elastic + g,113,1.25,0.8333333333333335,0.0008125,0.0005416666666666668,True,-0.9999410790477642,-0.010855341210344217,-2.6518257346615022e-05,-2.2108284294485994e-06,-2.878816940647689e-07
b,hub_x+0.000_y+0.000_D1,Elastic + g,114,1.666666666666667,0.8333333333333335,0.0010833333333333335,0.0005416666666666668,True,-0.9999183909339641,0.012775424534325439,-3.302857882794049e-05,-2.79557125607941e-06,4.2198855438417384e-07
b,hub_x+0.000_y+0.000_D1,Elastic + g,115,2.083333333333334,0.8333333333333335,0.001354166666666667,0.0005416666666666668,True,-0.9994558763466497,0.032984105810990275,-3.77483815368872e-05,-3.2613659687702914e-06,1.2457744661600966e-06
b,hub_x+0.000_y+0.000_D1,Elastic + g,116,2.5,0.8333333333333335,0.001625,0.0005416666666666668,True,-0.9985997218861612,0.05290175279592847,-4.04539368677082e-05,-3.6224697844531585e-06,2.143085082935325e-06
b,hub_x+0.000_y+0.000_D1,Elastic + g,117,-2.5,1.25,-0.001625,0.0008125,True,0.9989588137394217,0.04562114041020208,4.014977183558642e-05,3.5906624135380757e-06,1.8335874844452376e-06
b,hub_x+0.000_y+0.000_D1,Elastic + g,118,-2.0833333333333335,1.25,-0.0013541666666666667,0.0008125,True,0.9997387523122352,0.02285666478678254,3.748103907772534e-05,3.2552996432014745e-06,8.569154132301815e-07
b,hub_x+0.000_y+0.000_D1,Elastic + g,119,-1.6666666666666665,1.25,-0.0010833333333333333,0.0008125,True,0.9999995412292154,-0.0009578837919343788,3.28183792301739e-05,2.7759963396597257e-06,-3.1436207964153226e-08
b,hub_x+0.000_y+0.000_D1,Elastic + g,120,-1.25,1.25,-0.0008125,0.0008125,True,0.9995531012696931,-0.02989310526088754,2.6366848609126076e-05,2.1840770962327506e-06,-7.885393781173697e-07
b,hub_x+0.000_y+0.000_D1,Elastic + g,121,-0.8333333333333333,1.25,-0.0005416666666666666,0.0008125,True,0.9972510010152719,-0.07409750990443978,1.8436527989449932e-05,1.5024705972335267e-06,-1.369866577131495e-06
b,hub_x+0.000_y+0.000_D1,Elastic + g,122,-0.4166666666666665,1.25,-0.0002708333333333332,0.0008125,True,0.9834748620933065,-0.18104473378298427,9.478310929346287e-06,7.742332468552272e-07,-1.7448318661276008e-06
b,hub_x+0.000_y+0.000_D1,Elastic + g,123,0.0,1.25,0.0,0.0008125,True,8.158429132826843e-07,-0.9999999999996672,1.531316169428927e-12,-4.2222493638088826e-13,-1.8769742857321679e-06
b,hub_x+0.000_y+0.000_D1,Elastic + g,124,0.41666666666666696,1.25,0.00027083333333333354,0.0008125,True,-0.9834748516784679,-0.18104479035867158,-9.478307942134298e-06,-7.742340881512095e-07,-1.744831879950963e-06
b,hub_x+0.000_y+0.000_D1,Elastic + g,125,0.8333333333333335,1.25,0.0005416666666666668,0.0008125,True,-0.9972510000947745,-0.07409752229307075,-1.8436525223107012e-05,-1.5024714312025135e-06,-1.3698666018846855e-06
b,hub_x+0.000_y+0.000_D1,Elastic + g,126,1.25,1.25,0.0008125,0.0008125,True,-0.9995531011508033,-0.029893109236277166,-2.636684619579335e-05,-2.1840779159530404e-06,-7.88539410902248e-07
b,hub_x+0.000_y+0.000_D1,Elastic + g,127,1.666666666666667,1.25,0.0010833333333333335,0.0008125,True,-0.9999995412282112,-0.0009578848401851055,-3.281837727467219e-05,-2.7759971423070674e-06,-3.143624049294415e-08
b,hub_x+0.000_y+0.000_D1,Elastic + g,128,2.083333333333334,1.25,0.001354166666666667,0.0008125,True,-0.9997387523069688,0.022856665017126177,-3.7481037666708344e-05,-3.255300419898966e-06,8.569153896108999e-07
b,hub_x+0.000_y+0.000_D1,Elastic + g,129,2.5,1.25,0.001625,0.0008125,True,-0.9989588136977693,0.04562114132225772,-4.0149771027046894e-05,-3.590663154101061e-06,1.8335874842537412e-06
b,hub_x+0.000_y+0.000_D1,Elastic + g,130,-2.5,1.666666666666667,-0.001625,0.0010833333333333335,True,0.9992748674097257,0.038075443047654756,3.978134141819461e-05,3.560175688832271e-06,1.5157913492351643e-06
b,hub_x+0.000_y+0.000_D1,Elastic + g,131,-2.0833333333333335,1.666666666666667,-0.0013541666666666667,0.0010833333333333335,True,0.9999129066437432,0.013197694013006302,3.7150624412764524e-05,3.2084431550868213e-06,4.903452792078791e-07
b,hub_x+0.000_y+0.000_D1,Elastic + g,132,-1.6666666666666665,1.666666666666667,-0.0010833333333333333,0.0010833333333333335,True,0.9998985006309838,-0.014247401023010125,3.2553550613916906e-05,2.7345816898170594e-06,-4.6385057085959166e-07
b,hub_x+0.000_y+0.000_D1,Elastic + g,133,-1.25,1.666666666666667,-0.0008125,0.0010833333333333335,True,0.9988367936082277,-0.048218873218217384,2.616818657148302e-05,2.1487072851357878e-06,-1.2632699142798222e-06
b,hub_x+0.000_y+0.000_D1,Elastic + g,134,-0.8333333333333333,1.666666666666667,-0.0005416666666666666,0.0010833333333333335,True,0.9947331539396702,-0.10249854854209717,1.8294659139768484e-05,1.5015680123710518e-06,-1.8851045634419554e-06
b,hub_x+0.000_y+0.000_D1,Elastic + g,135,-0.4166666666666665,1.666666666666667,-0.0002708333333333332,0.0010833333333333335,True,0.9717556095580974,-0.23598948131722078,9.396838809975576e-06,7.576546952455757e-07,-2.282009072009466e-06
b,hub_x+0.000_y+0.000_D1,Elastic + g,136,0.0,1.666666666666667,0.0,0.0010833333333333335,True,6.239163034143671e-07,-0.9999999999998054,1.507200336051083e-12,-4.1447946714524494e-13,-2.4157091709299338e-06
b,hub_x+0.000_y+0.000_D1,Elastic + g,137,0.41666666666666696,1.666666666666667,0.00027083333333333354,0.0010833333333333335,True,-0.97175559223909,-0.23598955263327967,-9.39683586738806e-06,-7.576555224794306e-07,-2.2820090877003768e-06
b,hub_x+0.000_y+0.000_D1,Elastic + g,138,0.8333333333333335,1.666666666666667,0.0005416666666666668,0.0010833333333333335,True,-0.9947331522024563,-0.10249856540149715,-1.8294656417399404e-05,-1.5015688280323441e-06,-1.8851045962878304e-06
b,hub_x+0.000_y+0.000_D1,Elastic + g,139,1.25,1.666666666666667,0.0008125,0.0010833333333333335,True,-0.998836793316728,-0.048218879256532,-2.6168184196677744e-05,-2.148708086233665e-06,-1.2632699582004486e-06
b,hub_x+0.000_y+0.000_D1,Elastic + g,140,1.666666666666667,1.666666666666667,0.0010833333333333335,0.0010833333333333335,True,-0.9998985005984804,-0.014247403304147848,-3.255354868809734e-05,-2.7345824748896897e-06,-4.6385061770062704e-07
b,hub_x+0.000_y+0.000_D1,Elastic + g,141,2.083333333333334,1.666666666666667,0.001354166666666667,0.0010833333333333335,True,-0.99991290665196,0.013197693390461916,-3.7150623025270604e-05,-3.2084439128787705e-06,4.903452377606081e-07
b,hub_x+0.000_y+0.000_D1,Elastic + g,142,2.5,1.666666666666667,0.001625,0.0010833333333333335,True,-0.9992748673998322,0.03807544330730209,-3.97813406238601e-05,-3.5601764109137304e-06,1.5157913293202004e-06
b,hub_x+0.000_y+0.000_D1,Elastic + g,143,-2.5,2.083333333333334,-0.001625,0.001354166666666667,True,0.9995299204683001,0.030658409753829243,3.936804616150885e-05,3.5340318725283346e-06,1.2075293252469288e-06
b,hub_x+0.000_y+0.000_D1,Elastic + g,144,-2.0833333333333335,2.083333333333334,-0.0013541666666666667,0.001354166666666667,True,0.9999933550860697,0.0036455155610639026,3.6769489443101126e-05,3.1467525669147047e-06,1.3404463665227343e-07
b,hub_x+0.000_y+0.000_D1,Elastic + g,145,-1.6666666666666665,2.083333333333334,-0.0010833333333333333,0.001354166666666667,True,0.9996464553391908,-0.026588800796414982,3.223202994301357e-05,2.6540327816878354e-06,-8.573141222494283e-07
b,hub_x+0.000_y+0.000_D1,Elastic + g,146,-1.25,2.083333333333334,-0.0008125,0.001354166666666667,True,0.9978189821396187,-0.0660096877878927,2.5901766128341975e-05,2.1072822736990666e-06,-1.7135046795969159e-06
b,hub_x+0.000_y+0.000_D1,Elastic + g,147,-0.8333333333333333,2.083333333333334,-0.0005416666666666666,0.001354166666666667,True,0.9914929451335065,-0.130160438499897,1.8112859909419592e-05,1.4756267482006248e-06,-2.377805913666694e-06
b,hub_x+0.000_y+0.000_D1,Elastic + g,148,-0.4166666666666665,2.083333333333334,-0.0002708333333333332,0.001354166666666667,True,0.9580897284196151,-0.2864682745031783,9.312835356210872e-06,7.376249013175249e-07,-2.7845323836490276e-06
b,hub_x+0.000_y+0.000_D1,Elastic + g,149,0.0,2.083333333333334,0.0,0.001354166666666667,True,5.05766976736734e-07,-0.9999999999998721,1.4815940786399641e-12,-4.063222915270225e-13,-2.929400587201616e-06
b,hub_x+0.000_y+0.000_D1,Elastic + g,150,0.41666666666666696,2.083333333333334,0.00027083333333333354,0.001354166666666667,True,-0.9580897034149376,-0.28646835813101046,-9.312832463557201e-06,-7.376257109909263e-07,-2.7845324042993054e-06
b,hub_x+0.000_y+0.000_D1,Elastic + g,151,0.8333333333333335,2.083333333333334,0.0005416666666666668,0.001354166666666667,True,-0.9914929423586409,-0.13016045963734366,-1.8112857233136294e-05,-1.475627545925126e-06,-2.37780595513087e-06
b,hub_x+0.000_y+0.000_D1,Elastic + g,152,1.25,2.083333333333334,0.0008125,0.001354166666666667,True,-0.9978189816036951,-0.06600969588904913,-2.5901763793587766e-05,-2.107283056196601e-06,-1.7135047363568618e-06
b,hub_x+0.000_y+0.000_D1,Elastic + g,153,1.666666666666667,2.083333333333334,0.0010833333333333335,0.001354166666666667,True,-0.9996464552454694,-0.026588804320009374,-3.223202805194394e-05,-2.654033547197923e-06,-8.573141856435093e-07
b,hub_x+0.000_y+0.000_D1,Elastic + g,154,2.083333333333334,2.083333333333334,0.001354166666666667,0.001354166666666667,True,-0.999993355091627,0.0036455140366483158,-3.6769488079478004e-05,-3.1467533051554505e-06,1.3404457562803292e-07
b,hub_x+0.000_y+0.000_D1,Elastic + g,155,2.5,2.083333333333334,0.001625,0.001354166666666667,True,-0.9995299204802326,0.030658409364802023,-3.936804538173186e-05,-3.534032576511398e-06,1.2075292859921033e-06
b,hub_x+0.000_y+0.000_D1,Elastic + g,156,-2.5,2.5,-0.001625,0.001625,True,0.9997237261845471,0.023504708117412676,3.890221809112575e-05,3.4940326994047844e-06,9.146379718740894e-07
b,hub_x+0.000_y+0.000_D1,Elastic + g,157,-2.0833333333333335,2.5,-0.0013541666666666667,0.001625,True,0.999985260749623,-0.00542939071246658,3.6339847845285284e-05,3.0846311186761653e-06,-1.9730614052824674e-07
b,hub_x+0.000_y+0.000_D1,Elastic + g,158,-1.6666666666666665,2.5,-0.0010833333333333333,0.001625,True,0.999245603282337,-0.038835863849259675,3.1844001243836545e-05,2.584633977886319e-06,-1.2376229554165625e-06
b,hub_x+0.000_y+0.000_D1,Elastic + g,159,-1.25,2.5,-0.0008125,0.001625,True,0.9965322670810501,-0.08320721522982587,2.5582245660804e-05,2.036434893134212e-06,-2.1360346183227716e-06
b,hub_x+0.000_y+0.000_D1,Elastic + g,160,-0.8333333333333333,2.5,-0.0005416666666666666,0.001625,True,0.9878127701858871,-0.15564681512219905,1.7912337303581293e-05,1.4096133313063847e-06,-2.8223954344833386e-06
b,hub_x+0.000_y+0.000_D1,Elastic + g,161,-0.4166666666666665,2.5,-0.0002708333333333332,0.001625,True,0.9429575013413426,-0.3329131278037737,9.216726162013708e-06,7.079202631259304e-07,-3.253984543674711e-06
b,hub_x+0.000_y+0.000_D1,Elastic + g,162,0.0,2.5,0.0,0.001625,True,4.285967627510949e-07,-0.9999999999999082,1.456562721918965e-12,-3.9716077646604833e-13,-3.3984454585456627e-06
b,hub_x+0.000_y+0.000_D1,Elastic + g,163,0.41666666666666696,2.5,0.00027083333333333354,0.001625,True,-0.9429574682661896,-0.33291322148724883,-9.216723321038552e-06,-7.079210528371353e-07,-3.253984570486929e-06
b,hub_x+0.000_y+0.000_D1,Elastic + g,164,0.8333333333333335,2.5,0.0005416666666666668,0.001625,True,-0.9878127662378342,-0.15564684017852073,-1.79123346757683e-05,-1.4096141100794968e-06,-2.8223954860613957e-06
b,hub_x+0.000_y+0.000_D1,Elastic + g,165,1.25,2.5,0.0008125,0.001625,True,-0.9965322662374596,-0.08320722533309799,-2.5582243367553334e-05,-2.036435658364664e-06,-2.1360346880157514e-06
b,hub_x+0.000_y+0.000_D1,Elastic + g,166,1.666666666666667,2.5,0.0010833333333333335,0.001625,True,-0.9992456030973137,-0.038835868609903665,-3.184399938770478e-05,-2.5846347240412733e-06,-1.2376230352192183e-06
b,hub_x+0.000_y+0.000_D1,Elastic + g,167,2.083333333333334,2.5,0.001354166666666667,0.001625,True,-0.9999852607365256,-0.005429393124733781,-3.633984650793596e-05,-3.0846318360605298e-06,-1.9730622093244384e-07
b,hub_x+0.000_y+0.000_D1,Elastic + g,168,2.5,2.5,0.001625,0.001625,True,-0.9997237262102693,0.02350470702337124,-3.890221732607514e-05,-3.4940333833115463e-06,9.146379112908964e-07
c,hub_x+0.667_y+0.000_D1,Gor’kov + g,0,-2.5,-2.5,-0.001625,-0.001625,True,0.9995042937444479,-0.03148280143844323,3.852407286256644e-05,3.003744537093422e-07,-1.213447249924869e-06
c,hub_x+0.667_y+0.000_D1,Gor’kov + g,1,-2.0833333333333335,-2.5,-0.0013541666666666667,-0.001625,True,0.9995680876993116,-0.029387719427360914,3.521718199184992e-05,2.7248327406868133e-07,-1.0353998653367628e-06
c,hub_x+0.667_y+0.000_D1,Gor’kov + g,2,-1.6666666666666665,-2.5,-0.0010833333333333333,-0.001625,True,0.9996440633969798,-0.026678577832695692,3.013703991670882e-05,2.2999305620461402e-07,-8.042996447483353e-07
c,hub_x+0.667_y+0.000_D1,Gor’kov + g,3,-1.25,-2.5,-0.0008125,-0.001625,True,0.9997501593496839,-0.022352156054423197,2.3523863164823093e-05,1.7637359123459294e-07,-5.259404617700195e-07
c,hub_x+0.667_y+0.000_D1,Gor’kov + g,4,-0.8333333333333333,-2.5,-0.0005416666666666666,-0.001625,True,0.9999127039313696,-0.013213043429031863,1.571123740818281e-05,1.1893220637653962e-07,-2.0761138585593763e-07
c,hub_x+0.667_y+0.000_D1,Gor’kov + g,5,-0.4166666666666665,-2.5,-0.0002708333333333332,-0.001625,True,0.9998161939209796,0.019172333539919033,7.105569648867017e-06,6.617090461973478e-08,1.362553958692639e-07
c,hub_x+0.667_y+0.000_D1,Gor’kov + g,6,0.0,-2.5,0.0,-0.001625,True,-0.9666598508910059,0.25606392302582986,-1.8419802517374e-06,2.8172066706958672e-08,4.879324293454762e-07
c,hub_x+0.667_y+0.000_D1,Gor’kov + g,7,0.41666666666666696,-2.5,0.00027083333333333354,-0.001625,True,-0.997030808003545,0.07700368752078066,-1.0663285221037502e-05,1.987126765196852e-08,8.235575836918478e-07
c,hub_x+0.667_y+0.000_D1,Gor’kov + g,8,0.8333333333333335,-2.5,0.0005416666666666668,-0.001625,True,-0.9982452482214321,0.059215069056207326,-1.890266892445649e-05,5.144597210415571e-08,1.1212904320883133e-06
c,hub_x+0.667_y+0.000_D1,Gor’kov + g,9,1.25,-2.5,0.0008125,-0.001625,True,-0.9986480489948029,0.05198147976802802,-2.61454021575649e-05,1.3212770734173303e-07,1.3609165858266136e-06
c,hub_x+0.667_y+0.000_D1,Gor’kov + g,10,1.666666666666667,-2.5,0.0010833333333333335,-0.001625,True,-0.9988690894685444,0.047545158578779396,-3.204128129198595e-05,2.612138070055729e-07,1.5251325886010646e-06
c,hub_x+0.667_y+0.000_D1,Gor’kov + g,11,2.083333333333334,-2.5,0.001354166666666667,-0.001625,True,-0.999028591361562,0.0440666953847583,-3.631356188029066e-05,4.3781052362263244e-07,1.6017746474436973e-06
c,hub_x+0.667_y+0.000_D1,Gor’kov + g,12,2.5,-2.5,0.001625,-0.001625,True,-0.9991692972378349,0.040751876732874774,-3.8786349669468535e-05,6.4985424968525e-07,1.5819306548128669e-06
c,hub_x+0.667_y+0.000_D1,Gor’kov + g,13,-2.5,-2.0833333333333335,-0.001625,-0.0013541666666666667,True,0.9992281146571492,-0.03928326461381277,3.866324008689945e-05,3.2513457699138836e-07,-1.5199915503600245e-06
c,hub_x+0.667_y+0.000_D1,Gor’kov + g,14,-2.0833333333333335,-2.0833333333333335,-0.0013541666666666667,-0.0013541666666666667,True,0.9992314981121577,-0.03919710678778555,3.541422875009033e-05,2.874900575253022e-07,-1.3892029111841969e-06
c,hub_x+0.667_y+0.000_D1,Gor’kov + g,15,-1.6666666666666665,-2.0833333333333335,-0.0010833333333333333,-0.0013541666666666667,True,0.9992217113724425,-0.039445804871078856,3.038884476627138e-05,2.3612875070988572e-07,-1.1996461118337807e-06
c,hub_x+0.667_y+0.000_D1,Gor’kov + g,16,-1.25,-2.0833333333333335,-0.0008125,-0.0013541666666666667,True,0.9991984909207461,-0.0400296857557459,2.3821527993650098e-05,1.7559821505097147e-07,-9.543331865211476e-07
c,hub_x+0.667_y+0.000_D1,Gor’kov + g,17,-0.8333333333333333,-2.0833333333333335,-0.0005416666666666666,-0.0013541666666666667,True,0.999151622046742,-0.04118295959938319,1.6040782879814225e-05,1.1157513193088282e-07,-6.611678334952074e-07
c,hub_x+0.667_y+0.000_D1,Gor’kov + g,18,-0.4166666666666665,-2.0833333333333335,-0.0002708333333333332,-0.0013541666666666667,True,0.9990021523231025,-0.04466206056384724,7.446953966239784e-06,5.1548672278456485e-08,-3.329285210076441e-07
c,hub_x+0.667_y+0.000_D1,Gor’kov + g,19,0.0,-2.0833333333333335,0.0,-0.0013541666666666667,True,-0.999958585081748,0.009100995621839005,-1.5108853978167446e-06,8.445933563818354e-09,1.3751130892592464e-08
c,hub_x+0.667_y+0.000_D1,Gor’kov + g,20,0.41666666666666696,-2.0833333333333335,0.00027083333333333354,-0.0013541666666666667,True,-0.9994021403501332,0.03457400560496984,-1.0361840219217532e-05,-5.738647576134056e-09,3.584646333572175e-07
c,hub_x+0.667_y+0.000_D1,Gor’kov + g,21,0.8333333333333335,-2.0833333333333335,0.0005416666666666668,-0.0013541666666666667,True,-0.9993400862815656,0.036323435282928286,-1.8646769461155776e-05,1.9175992456060462e-08,6.777619881918166e-07
c,hub_x+0.667_y+0.000_D1,Gor’kov + g,22,1.25,-2.0833333333333335,0.0008125,-0.0013541666666666667,True,-0.9993297452216239,0.03660683427017841,-2.59481014526834e-05,9.393036684979826e-08,9.505149366823861e-07
c,hub_x+0.667_y+0.000_D1,Gor’kov + g,23,1.666666666666667,-2.0833333333333335,0.0010833333333333335,-0.0013541666666666667,True,-0.9993424124084858,0.03625938170443765,-3.1909097871446884e-05,2.1701066491085414e-07,1.1577654917863335e-06
c,hub_x+0.667_y+0.000_D1,Gor’kov + g,24,2.083333333333334,-2.0833333333333335,0.001354166666666667,-0.0013541666666666667,True,-0.9993712351499333,0.03545609051907621,-3.6252759772210306e-05,3.8699974430229826e-07,1.286189843013613e-06
c,hub_x+0.667_y+0.000_D1,Gor’kov + g,25,2.5,-2.0833333333333335,0.001625,-0.0013541666666666667,True,-0.9994189417421024,0.03408487768932321,-3.880173212568071e-05,5.923072270985629e-07,1.3233212203606516e-06
c,hub_x+0.667_y+0.000_D1,Gor’kov + g,26,-2.5,-1.6666666666666665,-0.001625,-0.0010833333333333333,True,0.9989007973703867,-0.04687426813088136,3.87477376259758e-05,3.488355123425832e-07,-1.8182704906497004e-06
c,hub_x+0.667_y+0.000_D1,Gor’kov + g,27,-2.0833333333333335,-1.6666666666666665,-0.0013541666666666667,-0.0010833333333333333,True,0.9988129104368613,-0.04871108646547133,3.556447636948959e-05,3.003064431101275e-07,-1.7344432229812772e-06
c,hub_x+0.667_y+0.000_D1,Gor’kov + g,28,-1.6666666666666665,-1.6666666666666665,-0.0010833333333333333,-0.0010833333333333333,True,0.9986586442644464,-0.05177752635939588,3.0602032345014257e-05,2.40493434914702e-07,-1.5866257659664171e-06
c,hub_x+0.667_y+0.000_D1,Gor’kov + g,29,-1.25,-1.6666666666666665,-0.0008125,-0.0010833333333333333,True,0.9983719678315444,-0.05703870482549288,2.4090035156258477e-05,1.7202188822144445e-07,-1.3763050734467535e-06
c,hub_x+0.667_y+0.000_D1,Gor’kov + g,30,-0.8333333333333333,-1.6666666666666665,-0.0005416666666666666,-0.0010833333333333333,True,0.9977059390138029,-0.06769681865926795,1.6349416573059368e-05,1.0192201013720522e-07,-1.1093484018199453e-06
c,hub_x+0.667_y+0.000_D1,Gor’kov + g,31,-0.4166666666666665,-1.6666666666666665,-0.0002708333333333332,-0.0010833333333333333,True,0.9947678886687756,-0.10216089111527202,7.777701868040819e-06,3.644366218277734e-08,-7.987561346911685e-07
c,hub_x+0.667_y+0.000_D1,Gor’kov + g,32,0.0,-1.6666666666666665,0.0,-0.0010833333333333333,True,-0.931925833975158,-0.36264892109270913,-1.1778595210673279e-06,-1.0097433223663306e-08,-4.583513719024425e-07
c,hub_x+0.667_y+0.000_D1,Gor’kov + g,33,0.41666666666666696,-1.6666666666666665,0.00027083333333333354,-0.0010833333333333333,True,-0.9999430936516368,-0.010668151592189567,-1.0047281124935533e-05,-2.963996879677229e-08,-1.0719201803647733e-07
c,hub_x+0.667_y+0.000_D1,Gor’kov + g,34,0.8333333333333335,-1.6666666666666665,0.0005416666666666668,-0.0010833333333333333,True,-0.9999205594184204,0.012604556809079452,-1.836660272147786e-05,-8.17477397394492e-09,2.3152127957775866e-07
c,hub_x+0.667_y+0.000_D1,Gor’kov + g,35,1.25,-1.6666666666666665,0.0008125,-0.0010833333333333333,True,-0.9997831024115691,0.02082662076040888,-2.5715316496907923e-05,6.064927705901586e-08,5.356793319702641e-07
c,hub_x+0.667_y+0.000_D1,Gor’kov + g,36,1.666666666666667,-1.6666666666666665,0.0010833333333333335,-0.0010833333333333333,True,-0.9996932572654559,0.02476673934903576,-3.1731944611470835e-05,1.7911148708465622e-07,7.861379433328048e-07
c,hub_x+0.667_y+0.000_D1,Gor’kov + g,37,2.083333333333334,-1.6666666666666665,0.001354166666666667,-0.0010833333333333333,True,-0.9996437755490254,0.02668936129040433,-3.613991535749858e-05,3.4022199838720693e-07,9.648949771644002e-07
c,hub_x+0.667_y+0.000_D1,Gor’kov + g,38,2.5,-1.6666666666666665,0.001625,-0.0010833333333333333,True,-0.9996277158518256,0.02728423905593792,-3.87607939000226e-05,5.362463857908033e-07,1.0579526257582462e-06
c,hub_x+0.667_y+0.000_D1,Gor’kov + g,39,-2.5,-1.25,-0.001625,-0.0008125,True,0.9985247191415958,-0.0542990355641557,3.877971544899238e-05,3.6984923484483275e-07,-2.1088122386623422e-06
c,hub_x+0.667_y+0.000_D1,Gor’kov + g,40,-2.0833333333333335,-1.25,-0.0013541666666666667,-0.0008125,True,0.9983161541048934,-0.05800738274749705,3.566826178859258e-05,3.105507284638741e-07,-2.072512304845886e-06
c,hub_x+0.667_y+0.000_D1,Gor’kov + g,41,-1.6666666666666665,-1.25,-0.0010833333333333333,-0.0008125,True,0.9979678413528915,-0.06371960157949859,3.077605233436536e-05,2.4175719816603674e-07,-1.965031047771123e-06
c,hub_x+0.667_y+0.000_D1,Gor’kov + g,42,-1.25,-1.25,-0.0008125,-0.0008125,True,0.9973019779399357,-0.07340820660588421,2.4326908345362323e-05,1.6690596444420443e-07,-1.7906258619756983e-06
c,hub_x+0.667_y+0.000_D1,Gor’kov + g,43,-0.8333333333333333,-1.25,-0.0005416666666666666,-0.0008125,True,0.9956765531653128,-0.09288811267779015,1.66364581062922e-05,9.046922601200364e-08,-1.5520393547723055e-06
c,hub_x+0.667_y+0.000_D1,Gor’kov + g,44,-0.4166666666666665,-1.25,-0.0002708333333333332,-0.0008125,True,0.9881090948314122,-0.15375440387659492,8.096322123944682e-06,2.1942916494029074e-08,-1.2598256490821924e-06
c,hub_x+0.667_y+0.000_D1,Gor’kov + g,45,0.0,-1.25,0.0,-0.0008125,True,-0.6734652731424932,-0.7392188619557183,-8.448417820455238e-07,-2.7097972536893352e-08,-9.273276671597517e-07
c,hub_x+0.667_y+0.000_D1,Gor’kov + g,46,0.41666666666666696,-1.25,0.00027083333333333354,-0.0008125,True,-0.998270120822554,-0.05879426734745251,-9.719311235306978e-06,-4.8879080101241424e-08,-5.724300179703694e-07
c,hub_x+0.667_y+0.000_D1,Gor’kov + g,47,0.8333333333333335,-1.25,0.0005416666666666668,-0.0008125,True,-0.9999292911940507,-0.011891703501315062,-1.806174159277171e-05,-3.012072863738304e-08,-2.1480006399465412e-07
c,hub_x+0.667_y+0.000_D1,Gor’kov + g,48,1.25,-1.25,0.0008125,-0.0008125,True,-0.9999886263710072,0.004769394995845259,-2.5447159902424667e-05,3.354069256086458e-08,1.2136893750236475e-07
c,hub_x+0.667_y+0.000_D1,Gor’kov + g,49,1.666666666666667,-1.25,0.0010833333333333335,-0.0008125,True,-0.9999143291982275,0.013089471496542295,-3.1510543027861604e-05,1.4542491794019586e-07,4.124916932978533e-07
c,hub_x+0.667_y+0.000_D1,Gor’kov + g,50,2.083333333333334,-1.25,0.001354166666666667,-0.0008125,True,-0.9998422340959109,0.017762514408095485,-3.5976096241977775e-05,2.9756669906413355e-07,6.391267602563194e-07
c,hub_x+0.667_y+0.000_D1,Gor’kov + g,51,2.5,-1.25,0.001625,-0.0008125,True,-0.9997931505024739,0.020338539975565142,-3.8665172990579425e-05,4.843721312015038e-07,7.865558652165375e-07
c,hub_x+0.667_y+0.000_D1,Gor’kov + g,52,-2.5,-0.8333333333333333,-0.001625,-0.0005416666666666666,True,0.9981042760781447,-0.06154554471708476,3.875985360170227e-05,3.868073420352064e-07,-2.39002713468433e-06
c,hub_x+0.667_y+0.000_D1,Gor’kov + g,53,-2.0833333333333335,-0.8333333333333333,-0.0013541666666666667,-0.0005416666666666666,True,0.9977505149841344,-0.06703663064992849,3.5723262933688985e-05,3.166848252027995e-07,-2.4001663210708234e-06
c,hub_x+0.667_y+0.000_D1,Gor’kov + g,54,-1.6666666666666665,-0.8333333333333333,-0.0010833333333333333,-0.0005416666666666666,True,0.9971560132046628,-0.07536501396392323,3.090906817889781e-05,2.39933397420948e-07,-2.336106210128599e-06
c,hub_x+0.667_y+0.000_D1,Gor’kov + g,55,-1.25,-0.8333333333333333,-0.0008125,-0.0005416666666666666,True,0.9960108451428255,-0.08923226074618147,2.4530436540514156e-05,1.58835441543764e-07,-2.197673168194201e-06
c,hub_x+0.667_y+0.000_D1,Gor’kov + g,56,-0.8333333333333333,-0.8333333333333333,-0.0005416666666666666,-0.0005416666666666666,True,0.9931415037797388,-0.11691857624055828,1.6898240399099583e-05,7.840612661060779e-08,-1.9893622418498643e-06
c,hub_x+0.667_y+0.000_D1,Gor’kov + g,57,-0.4166666666666665,-0.8333333333333333,-0.0002708333333333332,-0.0005416666666666666,True,0.9797325748985828,-0.20030996401225956,8.402408502490728e-06,8.132940922588916e-09,-1.717903627859313e-06
c,hub_x+0.667_y+0.000_D1,Gor’kov + g,58,0.0,-0.8333333333333333,0.0,-0.0005416666666666666,True,-0.34538237300780666,-0.938462048468395,-5.127246942701632e-07,-4.2123889671016697e-08,-1.3931593054235948e-06
c,hub_x+0.667_y+0.000_D1,Gor’kov + g,59,0.41666666666666696,-0.8333333333333333,0.00027083333333333354,-0.0005416666666666666,True,-0.9939865838674707,-0.10950192277524314,-9.378604997716945e-06,-6.307323929613486e-08,-1.03318827121759e-06
c,hub_x+0.667_y+0.000_D1,Gor’kov + g,60,0.8333333333333335,-0.8333333333333333,0.0005416666666666668,-0.0005416666666666666,True,-0.999311630006879,-0.037098061040902165,-1.7731773724192527e-05,-4.870184438798374e-08,-6.582675556162909e-07
c,hub_x+0.667_y+0.000_D1,Gor’kov + g,61,1.25,-0.8333333333333333,0.0008125,-0.0005416666666666666,True,-0.9999319147209784,-0.011669015487085491,-2.5141877117417538e-05,1.1488453934513147e-08,-2.9340092974171224e-07
c,hub_x+0.667_y+0.000_D1,Gor’kov + g,62,1.666666666666667,-0.8333333333333333,0.0010833333333333335,-0.0005416666666666666,True,-0.9999992366351649,0.0012356087922191224,-3.124550111210296e-05,1.1658437597218353e-07,3.8607245362820275e-08
c,hub_x+0.667_y+0.000_D1,Gor’kov + g,63,2.083333333333334,-0.8333333333333333,0.001354166666666667,-0.0005416666666666666,True,-0.9999620614477986,0.008710663870738156,-3.57637445217222e-05,2.6056565387937395e-07,3.1153777657987465e-07
c,hub_x+0.667_y+0.000_D1,Gor’kov + g,64,2.5,-0.8333333333333333,0.001625,-0.0005416666666666666,True,-0.9999125418649827,0.013225302306906807,-3.85175272761879e-05,4.3519952193180225e-07,5.094504979325465e-07
c,hub_x+0.667_y+0.000_D1,Gor’kov + g,65,-2.5,-0.4166666666666665,-0.001625,-0.0002708333333333332,True,0.9976420405783079,-0.06863205425127658,3.868778032135666e-05,3.988238792933207e-07,-2.66149754107962e-06
c,hub_x+0.667_y+0.000_D1,Gor’kov + g,66,-2.0833333333333335,-0.4166666666666665,-0.0013541666666666667,-0.0002708333333333332,True,0.9971177852935169,-0.07586911263058128,3.5730187887520184e-05,3.187845170649755e-07,-2.7186533919381745e-06
c,hub_x+0.667_y+0.000_D1,Gor’kov + g,67,-1.6666666666666665,-0.4166666666666665,-0.0010833333333333333,-0.0002708333333333332,True,0.9962322451045087,-0.08672550843915516,3.099916028383118e-05,2.3403660722071587e-07,-2.6985855457028487e-06
c,hub_x+0.667_y+0.000_D1,Gor’kov + g,68,-1.25,-0.4166666666666665,-0.0008125,-0.0002708333333333332,True,0.9945095274088955,-0.10464606964877098,2.4698212177765994e-05,1.4759740949451083e-07,-2.5988396898403667e-06
c,hub_x+0.667_y+0.000_D1,Gor’kov + g,69,-0.8333333333333333,-0.4166666666666665,-0.0005416666666666666,-0.0002708333333333332,True,0.9901625604510844,-0.13992177772224235,1.7135047658050044e-05,6.553042989920741e-08,-2.4213865737131663e-06
c,hub_x+0.667_y+0.000_D1,Gor’kov + g,70,-0.4166666666666665,-0.4166666666666665,-0.0002708333333333332,-0.0002708333333333332,True,0.970257214850717,-0.24207630414836093,8.695195793935395e-06,-4.029305040144842e-09,-2.1694256218090702e-06
c,hub_x+0.667_y+0.000_D1,Gor’kov + g,71,0.0,-0.4166666666666665,0.0,-0.0002708333333333332,True,-0.09734737387135792,-0.9952504653605293,-1.8121234066154788e-07,-5.3501314440355096e-08,-1.8526608289485696e-06
c,hub_x+0.667_y+0.000_D1,Gor’kov + g,72,0.41666666666666696,-0.4166666666666665,0.00027083333333333354,-0.0002708333333333332,True,-0.9866545356976242,-0.162827599587126,-9.026031947857374e-06,-7.502444123772997e-08,-1.4895660666346304e-06
c,hub_x+0.667_y+0.000_D1,Gor’kov + g,73,0.8333333333333335,-0.4166666666666665,0.0005416666666666668,-0.0002708333333333332,True,-0.9980078962189847,-0.06308913602639099,-1.7377685882919714e-05,-6.239046645177682e-08,-1.09853157740032e-06
c,hub_x+0.667_y+0.000_D1,Gor’kov + g,74,1.25,-0.4166666666666665,0.0008125,-0.0002708333333333332,True,-0.9995961383075588,-0.02841760511752898,-2.480228579029614e-05,-5.463862274068056e-09,-7.051063290361315e-07
c,hub_x+0.667_y+0.000_D1,Gor’kov + g,75,1.666666666666667,-0.4166666666666665,0.0010833333333333335,-0.0002708333333333332,True,-0.9999409228322576,-0.010869721494741616,-3.093783810161384e-05,9.098295382078916e-08,-3.363055517934441e-07
c,hub_x+0.667_y+0.000_D1,Gor’kov + g,76,2.083333333333334,-0.4166666666666665,0.001354166666666667,-0.0002708333333333332,True,-0.9999998701853775,-0.0005095382499705606,-3.550394796628874e-05,2.2746926053843492e-07,-1.8090621862215855e-08
c,hub_x+0.667_y+0.000_D1,Gor’kov + g,77,2.5,-0.4166666666666665,0.001625,-0.0002708333333333332,True,-0.999982236548985,0.005960418315004336,-3.831977876180161e-05,3.903472033902109e-07,2.2840596843698838e-07
c,hub_x+0.667_y+0.000_D1,Gor’kov + g,78,-2.5,0.0,-0.001625,0.0,True,0.9971411528902073,-0.0755613738148531,3.8563857710262206e-05,4.0865065317143315e-07,-2.9222924555283836e-06
c,hub_x+0.667_y+0.000_D1,Gor’kov + g,79,-2.0833333333333335,0.0,-0.0013541666666666667,0.0,True,0.9964216267756144,-0.08452184151944543,3.568811355829043e-05,3.165650256753179e-07,-3.0272577363287883e-06
c,hub_x+0.667_y+0.000_D1,Gor’kov + g,80,-1.6666666666666665,0.0,-0.0010833333333333333,0.0,True,0.9952029882182747,-0.0978315503373859,3.104370661357386e-05,2.2501233431084243e-07,-3.0516929532759634e-06
c,hub_x+0.667_y+0.000_D1,Gor’kov + g,81,-1.25,0.0,-0.0008125,0.0,True,0.9928200991998701,-0.1196171000516233,2.482946240744552e-05,1.3480204959481863e-07,-2.991507012612884e-06
c,hub_x+0.667_y+0.000_D1,Gor’kov + g,82,-0.8333333333333333,0.0,-0.0005416666666666666,0.0,True,0.9868082901020656,-0.16189317028781006,1.7345654649915766e-05,5.241391512571798e-08,-2.8456824391918225e-06
c,hub_x+0.667_y+0.000_D1,Gor’kov + g,83,-0.4166666666666665,0.0,-0.0002708333333333332,0.0,True,0.9601197749765427,-0.2795890156980292,8.97330607786906e-06,-1.6834344084271004e-08,-2.6130467044383584e-06
c,hub_x+0.667_y+0.000_D1,Gor’kov + g,84,0.0,0.0,0.0,0.0,True,0.0646112134506756,-0.9979105125693541,1.4932466373148986e-07,-6.460450502876614e-08,-2.306297061535522e-06
c,hub_x+0.667_y+0.000_D1,Gor’kov + g,85,0.41666666666666696,0.0,0.00027083333333333354,0.0,True,-0.975818280327223,-0.21858335659244757,-8.661619585911222e-06,-8.39333236637184e-08,-1.9402033357896117e-06
c,hub_x+0.667_y+0.000_D1,Gor’kov + g,86,0.8333333333333335,0.0,0.0005416666666666668,0.0,True,-0.9959506248992339,-0.08990190633588045,-1.6998721458951177e-05,-7.107131255337295e-08,-1.5344309509188454e-06
c,hub_x+0.667_y+0.000_D1,Gor’kov + g,87,1.25,0.0,0.0008125,0.0,True,-0.9989586663959682,-0.04562436665191908,-2.4428888911384916e-05,-1.931939372978181e-08,-1.1157144155053941e-06
c,hub_x+0.667_y+0.000_D1,Gor’kov + g,88,1.666666666666667,0.0,0.0010833333333333335,0.0,True,-0.9997297069773912,-0.023248935177757227,-3.058904005411263e-05,7.056649839112064e-08,-7.113548836295277e-07
c,hub_x+0.667_y+0.000_D1,Gor’kov + g,89,2.083333333333334,0.0,0.001354166666666667,0.0,True,-0.9999504978535311,-0.00994996695850362,-3.519717772303879e-05,1.9746758714226354e-07,-3.502280924191441e-07
c,hub_x+0.667_y+0.000_D1,Gor’kov + g,90,2.5,0.0,0.001625,0.0,True,-0.9999989023250478,-0.001481670914682366,-3.807328327292159e-05,3.4927978116550363e-07,-5.641213837414185e-08
c,hub_x+0.667_y+0.000_D1,Gor’kov + g,91,-2.5,0.41666666666666696,-0.001625,0.00027083333333333354,True,0.9966030834654641,-0.08235468430592857,3.838890429419637e-05,4.156661957249366e-07,-3.172282071419665e-06
c,hub_x+0.667_y+0.000_D1,Gor’kov + g,92,-2.0833333333333335,0.41666666666666696,-0.0013541666666666667,0.00027083333333333354,True,0.9956647419379516,-0.0930146314384582,3.559552496727707e-05,3.1292664220096e-07,-3.3253207593204543e-06
c,hub_x+0.667_y+0.000_D1,Gor’kov + g,93,-1.6666666666666665,0.41666666666666696,-0.0010833333333333333,0.00027083333333333354,True,0.9940752347012305,-0.10869419374416252,3.104272385854167e-05,2.139224043454342e-07,-3.394274118941279e-06
c,hub_x+0.667_y+0.000_D1,Gor’kov + g,94,-1.25,0.41666666666666696,-0.0008125,0.00027083333333333354,True,0.9909569999455872,-0.13417982060966435,2.4922626204195315e-05,1.201455226441404e-07,-3.3746302951432512e-06
c,hub_x+0.667_y+0.000_D1,Gor’kov + g,95,-0.8333333333333333,0.41666666666666696,-0.0005416666666666666,0.00027083333333333354,True,0.9831482187432495,-0.18281022942378156,1.7528806499480977e-05,3.786507007468077e-08,-3.25937135073225e-06
c,hub_x+0.667_y+0.000_D1,Gor’kov + g,96,-0.4166666666666665,0.41666666666666696,-0.0002708333333333332,0.00027083333333333354,True,0.9496225051459123,-0.3133960716416238,9.23662114319308e-06,-2.854958850675802e-08,-3.048285782858414e-06
c,hub_x+0.667_y+0.000_D1,Gor’kov + g,97,0.0,0.41666666666666696,0.0,0.00027083333333333354,True,0.17117708338607354,-0.9852402783704274,4.781330340525069e-07,-7.394050804366409e-08,-2.7519800796320512e-06
c,hub_x+0.667_y+0.000_D1,Gor’kov + g,98,0.41666666666666696,0.41666666666666696,0.00027083333333333354,0.00027083333333333354,True,-0.9610382494194663,-0.27641541771899697,-8.286954360721062e-06,-9.290821419721346e-08,-2.383507579038277e-06
c,hub_x+0.667_y+0.000_D1,Gor’kov + g,99,0.8333333333333335,0.41666666666666696,0.0005416666666666668,0.00027083333333333354,True,-0.9930598028637727,-0.11761049245779354,-1.6597327930056398e-05,-7.792571135716215e-08,-1.9656619930725367e-06
c,hub_x+0.667_y+0.000_D1,Gor’kov + g,100,1.25,0.41666666666666696,0.0008125,0.00027083333333333354,True,-0.9979974814254564,-0.06325367237122059,-2.4024376216039478e-05,-3.0810682565475286e-08,-1.5226792155044244e-06
c,hub_x+0.667_y+0.000_D1,Gor’kov + g,101,1.666666666666667,0.41666666666666696,0.0010833333333333335,0.00027083333333333354,True,-0.9993537989681335,-0.03594418573232145,-3.0201361422925247e-05,5.486273118123418e-08,-1.0862652901059403e-06
c,hub_x+0.667_y+0.000_D1,Gor’kov + g,102,2.083333333333334,0.41666666666666696,0.001354166666666667,0.00027083333333333354,True,-0.9998069102177581,-0.019650503322302226,-3.4846282941853044e-05,1.7183524500796769e-07,-6.848792419024475e-07
c,hub_x+0.667_y+0.000_D1,Gor’kov + g,103,2.5,0.41666666666666696,0.001625,0.00027083333333333354,True,-0.999957876678652,-0.009178500330765909,-3.778091928335536e-05,3.1158657013759807e-07,-3.467867879502253e-07
c,hub_x+0.667_y+0.000_D1,Gor’kov + g,104,-2.5,0.8333333333333335,-0.001625,0.0005416666666666668,True,0.9960214244837147,-0.0891140952343222,3.816334524033276e-05,4.189899608058432e-07,-3.4144767357491084e-06
c,hub_x+0.667_y+0.000_D1,Gor’kov + g,105,-2.0833333333333335,0.8333333333333335,-0.0013541666666666667,0.0005416666666666668,True,0.9948448781616752,-0.10140842369094248,3.545337452014851e-05,3.060780250638911e-07,-3.613900924188712e-06
c,hub_x+0.667_y+0.000_D1,Gor’kov + g,106,-1.6666666666666665,0.8333333333333335,-0.0010833333333333333,0.0005416666666666668,True,0.9928441281213152,-0.11941749141154119,3.099633860282289e-05,2.001799895350881e-07,-3.728183401654303e-06
c,hub_x+0.667_y+0.000_D1,Gor’kov + g,107,-1.25,0.8333333333333335,-0.0008125,0.0005416666666666668,True,0.9889380765197501,-0.14832896146544325,2.497813583163904e-05,1.0445302314030311e-07,-3.7464235984201204e-06
c,hub_x+0.667_y+0.000_D1,Gor’kov + g,108,-0.8333333333333333,0.8333333333333335,-0.0005416666666666666,0.0005416666666666668,True,0.9792350311461048,-0.20272827571971114,1.7684303975225e-05,2.218704728540541e-08,-3.661131738725235e-06
c,hub_x+0.667_y+0.000_D1,Gor’kov + g,109,-0.4166666666666665,0.8333333333333335,-0.0002708333333333332,0.0005416666666666668,True,0.9390435088715811,-0.34379832525209997,9.484351608079104e-06,-4.136160782306609e-08,-3.472367540113176e-06
c,hub_x+0.667_y+0.000_D1,Gor’kov + g,110,0.0,0.8333333333333335,0.0,0.0005416666666666668,True,0.2444409713282782,-0.9696641746172165,8.034502387709374e-07,-8.441402162244149e-08,-3.1871781084421626e-06
c,hub_x+0.667_y+0.000_D1,Gor’kov + g,111,0.41666666666666696,0.8333333333333335,0.00027083333333333354,0.0005416666666666668,True,-0.9418758483309869,-0.335961138125801,-7.902609225165673e-06,-1.0137910039827106e-07,-2.8188105620870792e-06
c,hub_x+0.667_y+0.000_D1,Gor’kov + g,112,0.8333333333333335,0.8333333333333335,0.0005416666666666668,0.0005416666666666668,True,-0.9892621753695323,-0.14615179911017448,-1.6175473962004457e-05,-8.47913487622956e-08,-2.389735178264194e-06
c,hub_x+0.667_y+0.000_D1,Gor’kov + g,113,1.25,0.8333333333333335,0.0008125,0.0005416666666666668,True,-0.9966829555566645,-0.08138234515441271,-2.358921595650865e-05,-3.9888260751444276e-08,-1.92613478959551e-06
c,hub_x+0.667_y+0.000_D1,Gor’kov + g,114,1.666666666666667,0.8333333333333335,0.0010833333333333335,0.0005416666666666668,True,-0.9987997269597925,-0.04898066378729444,-2.9775941403643843e-05,4.159882017188705e-08,-1.460198011148205e-06
c,hub_x+0.667_y+0.000_D1,Gor’kov + g,115,2.083333333333334,0.8333333333333335,0.001354166666666667,0.0005416666666666668,True,-0.9995598780282215,-0.029665640667389775,-3.445420089055452e-05,1.4961827206959029e-07,-1.022555992460907e-06
c,hub_x+0.667_y+0.000_D1,Gor’kov + g,116,2.5,0.8333333333333335,0.001625,0.0005416666666666668,True,-0.9998537761233178,-0.017100478705062462,-3.744352421666661e-05,2.7827286890384227e-07,-6.403958296704235e-07
c,hub_x+0.667_y+0.000_D1,Gor’kov + g,117,-2.5,1.25,-0.001625,0.0008125,True,0.9953999489071209,-0.0958067936823953,3.7887948056705933e-05,4.1995848258133354e-07,-3.6466978188049283e-06
c,hub_x+0.667_y+0.000_D1,Gor’kov + g,118,-2.0833333333333335,1.25,-0.0013541666666666667,0.0008125,True,0.9939618079514997,-0.10972658900096192,3.526263590513826e-05,2.979335850218994e-07,-3.89275395301956e-06
c,hub_x+0.667_y+0.000_D1,Gor’kov + g,119,-1.6666666666666665,1.25,-0.0010833333333333333,0.0008125,True,0.9915169321123358,-0.1299775878162911,3.090502148719491e-05,1.8526722073532237e-07,-4.051327833361831e-06
c,hub_x+0.667_y+0.000_D1,Gor’kov + g,120,-1.25,1.25,-0.0008125,0.0008125,True,0.9867707841117754,-0.16212161985198587,2.499596260021994e-05,8.65132666450729e-08,-4.10671456001304e-06
c,hub_x+0.667_y+0.000_D1,Gor’kov + g,121,-0.8333333333333333,1.25,-0.0005416666666666666,0.0008125,True,0.9751062466805636,-0.2217381511705731,1.7812206285409613e-05,5.0576993464580455e-09,-4.050477272031526e-06
c,hub_x+0.667_y+0.000_D1,Gor’kov + g,122,-0.4166666666666665,1.25,-0.0002708333333333332,0.0008125,True,0.9285547263812,-0.37119552814539,9.71537299107848e-06,-5.681822999545643e-08,-3.883780789752112e-06
c,hub_x+0.667_y+0.000_D1,Gor’kov + g,123,0.0,1.25,0.0,0.0008125,True,0.29730517820881636,-0.9547825045580925,1.124307904086872e-06,-9.60170524777887e-08,-3.6106653877537152e-06
c,hub_x+0.667_y+0.000_D1,Gor’kov + g,124,0.41666666666666696,1.25,0.00027083333333333354,0.0008125,True,-0.9180120192378232,-0.3965525596120831,-7.511435936608648e-06,-1.0967509123392928e-07,-3.244706043715401e-06
c,hub_x+0.667_y+0.000_D1,Gor’kov + g,125,0.8333333333333335,1.25,0.0005416666666666668,0.0008125,True,-0.9844623477840461,-0.17559580232888242,-1.573627814594616e-05,-9.32769487022659e-08,-2.8068360287497976e-06
c,hub_x+0.667_y+0.000_D1,Gor’kov + g,126,1.25,1.25,0.0008125,0.0008125,True,-0.9949800527216273,-0.10007344645842751,-2.3126693908192752e-05,-4.718512066213293e-08,-2.3260445857696773e-06
c,hub_x+0.667_y+0.000_D1,Gor’kov + g,127,1.666666666666667,1.25,0.0010833333333333335,0.0008125,True,-0.9980502310842844,-0.062415833188435556,-2.931631131565213e-05,2.8738374481022082e-08,-1.8333766575957678e-06
c,hub_x+0.667_y+0.000_D1,Gor’kov + g,128,2.083333333333334,1.25,0.001354166666666667,0.0008125,True,-0.9992018082128851,-0.03994679541716527,-3.402331214866139e-05,1.3029396078548883e-07,-1.360207996668639e-06
c,hub_x+0.667_y+0.000_D1,Gor’kov + g,129,2.5,1.25,0.001625,0.0008125,True,-0.9996817633222921,-0.025226416329572014,-3.706000893820378e-05,2.4838828419608753e-07,-9.351888260378165e-07
c,hub_x+0.667_y+0.000_D1,Gor’kov + g,130,-2.5,1.666666666666667,-0.001625,0.0010833333333333335,True,0.9947285179191835,-0.1025435304556298,3.7565245617300306e-05,4.1838719903847804e-07,-3.8724866520252e-06
c,hub_x+0.667_y+0.000_D1,Gor’kov + g,131,-2.0833333333333335,1.666666666666667,-0.0013541666666666667,0.0010833333333333335,True,0.9930083512448477,-0.1180441203872063,3.502446161095467e-05,2.861991479467218e-07,-4.1635417846361946e-06
c,hub_x+0.667_y+0.000_D1,Gor’kov + g,132,-1.6666666666666665,1.666666666666667,-0.0010833333333333333,0.0010833333333333335,True,0.9900975593738784,-0.1403809920248807,3.077128624741915e-05,1.6772309842043424e-07,-4.3629071179874215e-06
c,hub_x+0.667_y+0.000_D1,Gor’kov + g,133,-1.25,1.666666666666667,-0.0008125,0.0010833333333333335,True,0.9844740161587094,-0.17553037203954525,2.497715646757572e-05,6.681890573416913e-08,-4.453392873029068e-06
c,hub_x+0.667_y+0.000_D1,Gor’kov + g,134,-0.8333333333333333,1.666666666666667,-0.0005416666666666666,0.0010833333333333335,True,0.9707926063188291,-0.2399202274021406,1.7911887839900142e-05,-1.3914197361210404e-08,-4.426717071987169e-06
c,hub_x+0.667_y+0.000_D1,Gor’kov + g,135,-0.4166666666666665,1.666666666666667,-0.0002708333333333332,0.0010833333333333335,True,0.9182486116819522,-0.39600440293533007,9.928493985890215e-06,-7.38194211658637e-08,-4.281767794592949e-06
c,hub_x+0.667_y+0.000_D1,Gor’kov + g,136,0.0,1.666666666666667,0.0,0.0010833333333333335,True,0.33665323100459427,-0.9416286964903775,1.438123838114272e-06,-1.1072361138207163e-07,-4.022473424759142e-06
c,hub_x+0.667_y+0.000_D1,Gor’kov + g,137,0.41666666666666696,1.666666666666667,0.00027083333333333354,0.0010833333333333335,True,-0.8892529610969013,-0.45741575309601357,-7.114820103388353e-06,-1.206978071750329e-07,-3.6597356861423006e-06
c,hub_x+0.667_y+0.000_D1,Gor’kov + g,138,0.8333333333333335,1.666666666666667,0.0005416666666666668,0.0010833333333333335,True,-0.9785615035379887,-0.20595481007607247,-1.5280853551344445e-05,-1.0168360193713106e-07,-3.216113938254109e-06
c,hub_x+0.667_y+0.000_D1,Gor’kov + g,139,1.25,1.666666666666667,0.0008125,0.0010833333333333335,True,-0.9928583641067131,-0.11929907301962282,-2.263999309502885e-05,-5.5461827334550504e-08,-2.720357995712373e-06
c,hub_x+0.667_y+0.000_D1,Gor’kov + g,140,1.666666666666667,1.666666666666667,0.0010833333333333335,0.0010833333333333335,True,-0.997092699471811,-0.07619808829633912,-2.882408760743285e-05,1.78569713417274e-08,-2.202744412566703e-06
c,hub_x+0.667_y+0.000_D1,Gor’kov + g,141,2.083333333333334,1.666666666666667,0.001354166666666667,0.0010833333333333335,True,-0.9987229688934235,-0.050521593449790465,-3.3552787319379105e-05,1.1305075331638634e-07,-1.697307794908489e-06
c,hub_x+0.667_y+0.000_D1,Gor’kov + g,142,2.5,1.666666666666667,0.001625,0.0010833333333333335,True,-0.999436859719688,-0.033555378609825846,-3.663312493910863e-05,2.2043784880358885e-07,-1.2299310006813318e-06
c,hub_x+0.667_y+0.000_D1,Gor’kov + g,143,-2.5,2.083333333333334,-0.001625,0.001354166666666667,True,0.9940077319010453,-0.10930978419583372,3.7196946631039805e-05,4.148179747541436e-07,-4.090501591176435e-06
c,hub_x+0.667_y+0.000_D1,Gor’kov + g,144,-2.0833333333333335,2.083333333333334,-0.0013541666666666667,0.001354166666666667,True,0.9919867623271451,-0.12634185121212968,3.474316351830601e-05,2.722585092058411e-07,-4.424973963937737e-06
c,hub_x+0.667_y+0.000_D1,Gor’kov + g,145,-1.6666666666666665,2.083333333333334,-0.0010833333333333333,0.001354166666666667,True,0.9885883020346192,-0.15064252082432925,3.0596612381268195e-05,1.4808890244700034e-07,-4.662356218774797e-06
c,hub_x+0.667_y+0.000_D1,Gor’kov + g,146,-1.25,2.083333333333334,-0.0008125,0.001354166666666667,True,0.9820519329019408,-0.18861071306678776,2.4923063590187222e-05,4.502537799416772e-08,-4.786668238270739e-06
c,hub_x+0.667_y+0.000_D1,Gor’kov + g,147,-0.8333333333333333,2.083333333333334,-0.0005416666666666666,0.001354166666666667,True,0.9663191748096589,-0.2573465608769236,1.7983808823090694e-05,-3.5347584255471946e-08,-4.789381679197333e-06
c,hub_x+0.667_y+0.000_D1,Gor’kov + g,148,-0.4166666666666665,2.083333333333334,-0.0002708333333333332,0.001354166666666667,True,0.9081816445876505,-0.4185762779160693,1.0122782402959353e-05,-9.352583769484523e-08,-4.6655386679928355e-06
c,hub_x+0.667_y+0.000_D1,Gor’kov + g,149,0.0,2.083333333333334,0.0,0.001354166666666667,True,0.36686558951459647,-0.9302739592346481,1.743422859487325e-06,-1.270225405994418e-07,-4.420858571831078e-06
c,hub_x+0.667_y+0.000_D1,Gor’kov + g,150,0.41666666666666696,2.083333333333334,0.00027083333333333354,0.001354166666666667,True,-0.8556023438611664,-0.5176336824234667,-6.71676030200549e-06,-1.33294680950166e-07,-4.063594956265128e-06
c,hub_x+0.667_y+0.000_D1,Gor’kov + g,151,0.8333333333333335,2.083333333333334,0.0005416666666666668,0.001354166666666667,True,-0.9714706463676313,-0.23715982637465563,-1.4813730524221056e-05,-1.1208161958645506e-07,-3.6163951759338104e-06
c,hub_x+0.667_y+0.000_D1,Gor’kov + g,152,1.25,2.083333333333334,0.0008125,0.001354166666666667,True,-0.9902832175441578,-0.13906526903001393,-2.2130425999720356e-05,-6.320124815331708e-08,-3.107771181896954e-06
c,hub_x+0.667_y+0.000_D1,Gor’kov + g,153,1.666666666666667,2.083333333333334,0.0010833333333333335,0.001354166666666667,True,-0.9959063755702755,-0.09039076887867152,-2.830176251201343e-05,7.39841920079395e-09,-2.5687335043091476e-06
c,hub_x+0.667_y+0.000_D1,Gor’kov + g,154,2.083333333333334,2.083333333333334,0.001354166666666667,0.001354166666666667,True,-0.9981169514903246,-0.06133963765511712,-3.3043853601145905e-05,9.744991620993734e-08,-2.030721954573151e-06
c,hub_x+0.667_y+0.000_D1,Gor’kov + g,155,2.5,2.083333333333334,0.001625,0.001354166666666667,True,-0.9991135993719961,-0.04209531505921364,-3.6163972087643364e-05,1.9482588798528854e-07,-1.5236843936253449e-06
c,hub_x+0.667_y+0.000_D1,Gor’kov + g,156,-2.5,2.5,-0.001625,0.001625,True,0.99323578927119,-0.1161148866891594,3.678641245415891e-05,4.088762450959763e-07,-4.3005398717555475e-06
c,hub_x+0.667_y+0.000_D1,Gor’kov + g,157,-2.0833333333333335,2.5,-0.0013541666666666667,0.001625,True,0.9909028682213065,-0.13457899446343002,3.4420520071336615e-05,2.5673897275249686e-07,-4.674806309142933e-06
c,hub_x+0.667_y+0.000_D1,Gor’kov + g,158,-1.6666666666666665,2.5,-0.0010833333333333333,0.001625,True,0.9869922898073837,-0.16076759580455693,3.0383926911863175e-05,1.2627125332704654e-07,-4.9491276995435304e-06
c,hub_x+0.667_y+0.000_D1,Gor’kov + g,159,-1.25,2.5,-0.0008125,0.001625,True,0.979502539667179,-0.2014318117516355,2.48344083423333e-05,2.0520363426553197e-08,-5.107122915552506e-06
c,hub_x+0.667_y+0.000_D1,Gor’kov + g,160,-0.8333333333333333,2.5,-0.0005416666666666666,0.001625,True,0.9617114261997688,-0.27406410329849223,1.8028090779234567e-05,-5.993841215568574e-08,-5.137562473515224e-06
c,hub_x+0.667_y+0.000_D1,Gor’kov + g,161,-0.4166666666666665,2.5,-0.0002708333333333332,0.001625,True,0.8983284420084726,-0.439324493146729,1.0297812897549748e-05,-1.1494563061998858e-07,-5.036110647483232e-06
c,hub_x+0.667_y+0.000_D1,Gor’kov + g,162,0.0,2.5,0.0,0.001625,True,0.3905875643401086,-0.9205657796066837,2.038630094793605e-06,-1.4554001612263126e-07,-4.80479481141179e-06
c,hub_x+0.667_y+0.000_D1,Gor’kov + g,163,0.41666666666666696,2.5,0.00027083333333333354,0.001625,True,-0.8172856663108331,-0.5762327130967642,-6.3184824919890895e-06,-1.482761892037687e-07,-4.454888246661785e-06
c,hub_x+0.667_y+0.000_D1,Gor’kov + g,164,0.8333333333333335,2.5,0.0005416666666666668,0.001625,True,-0.9631021987949837,-0.2691359408853966,-1.433604466304144e-05,-1.236749119958319e-07,-4.006163493126917e-06
c,hub_x+0.667_y+0.000_D1,Gor’kov + g,165,1.25,2.5,0.0008125,0.001625,True,-0.9872287684696358,-0.15930900384449745,-2.1600690273212558e-05,-7.275974425253345e-08,-3.4857011461623128e-06
c,hub_x+0.667_y+0.000_D1,Gor’kov + g,166,1.666666666666667,2.5,0.0010833333333333335,0.001625,True,-0.9944857723445895,-0.1048715814898648,-2.7750948061377095e-05,-2.7756623463542836e-09,-2.926422772422831e-06
c,hub_x+0.667_y+0.000_D1,Gor’kov + g,167,2.083333333333334,2.5,0.001354166666666667,0.001625,True,-0.9973774516659281,-0.07237554081579974,-3.2499771195100864e-05,8.1081830761352e-08,-2.3583734650370276e-06
c,hub_x+0.667_y+0.000_D1,Gor’kov + g,168,2.5,2.5,0.001625,0.001625,True,-0.9987074248170542,-0.05082794128516352,-3.565462541922428e-05,1.7059072746606994e-07,-1.8145967100272665e-06
d,hub_x+0.667_y+0.000_D1,Elastic + g,0,-2.5,-2.5,-0.001625,-0.001625,True,0.997032474713417,0.07698210419856957,3.515068901507807e-05,3.4655988393934405e-06,2.7140279509832906e-06
d,hub_x+0.667_y+0.000_D1,Elastic + g,1,-2.0833333333333335,-2.5,-0.0013541666666666667,-0.001625,True,0.9976054142865377,0.06916239864395363,3.209901257367956e-05,3.0329109003228093e-06,2.225373551411432e-06
d,hub_x+0.667_y+0.000_D1,Elastic + g,2,-1.6666666666666665,-2.5,-0.0010833333333333333,-0.001625,True,0.9977183172748899,0.06751414203085113,2.7411247637014358e-05,2.5205109165284796e-06,1.8548791118348608e-06
d,hub_x+0.667_y+0.000_D1,Elastic + g,3,-1.25,-2.5,-0.0008125,-0.001625,True,0.9970379824278474,0.0769107378472439,2.133768164759787e-05,1.9480197455825e-06,1.6459722381590496e-06
d,hub_x+0.667_y+0.000_D1,Elastic + g,4,-0.8333333333333333,-2.5,-0.0005416666666666666,-0.001625,True,0.9938180279788147,0.11102129194123127,1.4229326653555374e-05,1.3189809136130629e-06,1.5895849985176466e-06
d,hub_x+0.667_y+0.000_D1,Elastic + g,5,-0.4166666666666665,-2.5,-0.0002708333333333332,-0.001625,True,0.9672197980578428,0.25394066678054145,6.441289196720616e-06,6.371869988207411e-07,1.6911412243897339e-06
d,hub_x+0.667_y+0.000_D1,Elastic + g,6,0.0,-2.5,0.0,-0.001625,True,-0.6480686329326938,0.7615819371602437,-1.6365044685171477e-06,-4.52413730272303e-08,1.923148537007074e-06
d,hub_x+0.667_y+0.000_D1,Elastic + g,7,0.41666666666666696,-2.5,0.00027083333333333354,-0.001625,True,-0.9723998098170815,0.23332083033390644,-9.630037706279213e-06,-7.224017508854231e-07,2.3106631357718558e-06
d,hub_x+0.667_y+0.000_D1,Elastic + g,8,0.8333333333333335,-2.5,0.0005416666666666668,-0.001625,True,-0.9866039456554625,0.1631338542947888,-1.708389901993444e-05,-1.328536055990825e-06,2.8248035149031534e-06
d,hub_x+0.667_y+0.000_D1,Elastic + g,9,1.25,-2.5,0.0008125,-0.001625,True,-0.9896605660695794,0.14342929954106043,-2.3638468681556706e-05,-1.8350735525440596e-06,3.425870567606916e-06
d,hub_x+0.667_y+0.000_D1,Elastic + g,10,1.666666666666667,-2.5,0.0010833333333333335,-0.001625,True,-0.9902252096847021,0.13947771902668796,-2.896179852693617e-05,-2.2188389676714763e-06,4.0794008857174776e-06
d,hub_x+0.667_y+0.000_D1,Elastic + g,11,2.083333333333334,-2.5,0.001354166666666667,-0.001625,True,-0.9899133337745469,0.14167424471428308,-3.2840298605522217e-05,-2.4961785678405944e-06,4.7000321567428454e-06
d,hub_x+0.667_y+0.000_D1,Elastic + g,12,2.5,-2.5,0.001625,-0.001625,True,-0.9887810241454015,0.149372307640911,-3.5088925277361756e-05,-2.64241822217745e-06,5.300783098916223e-06
d,hub_x+0.667_y+0.000_D1,Elastic + g,13,-2.5,-2.0833333333333335,-0.001625,-0.0013541666666666667,True,0.9975665606234336,0.06972056458415439,3.527533283993801e-05,3.5124074248001766e-06,2.4654155607996896e-06
d,hub_x+0.667_y+0.000_D1,Elastic + g,14,-2.0833333333333335,-2.0833333333333335,-0.0013541666666666667,-0.0013541666666666667,True,0.9982376263307342,0.05934341899133892,3.227614012010957e-05,3.082588426411609e-06,1.9187580752803914e-06
d,hub_x+0.667_y+0.000_D1,Elastic + g,15,-1.6666666666666665,-2.0833333333333335,-0.0010833333333333333,-0.0013541666666666667,True,0.9985274888494415,0.05424807841784295,2.7645029952305163e-05,2.5861921070422557e-06,1.501901319155763e-06
d,hub_x+0.667_y+0.000_D1,Elastic + g,16,-1.25,-2.0833333333333335,-0.0008125,-0.0013541666666666667,True,0.9983238310473945,0.057875110046142784,2.1614297650766495e-05,2.0056683969658935e-06,1.2530301453344847e-06
d,hub_x+0.667_y+0.000_D1,Elastic + g,17,-0.8333333333333333,-2.0833333333333335,-0.0005416666666666666,-0.0013541666666666667,True,0.9967960910483761,0.07998470397943457,1.4535075823604264e-05,1.3428041810550498e-06,1.1663205218299768e-06
d,hub_x+0.667_y+0.000_D1,Elastic + g,18,-0.4166666666666665,-2.0833333333333335,-0.0002708333333333332,-0.0013541666666666667,True,0.983430777096828,0.18128404965337905,6.741708308217386e-06,6.223193704816958e-07,1.2427556795643635e-06
d,hub_x+0.667_y+0.000_D1,Elastic + g,19,0.0,-2.0833333333333335,0.0,-0.0013541666666666667,True,-0.6762477578180607,0.7366742631896714,-1.3481038319839267e-06,-5.5454039309056856e-08,1.4685644213213368e-06
d,hub_x+0.667_y+0.000_D1,Elastic + g,20,0.41666666666666696,-2.0833333333333335,0.00027083333333333354,-0.0013541666666666667,True,-0.9808728236573871,0.19464969512019334,-9.36122541014753e-06,-7.290910287460901e-07,1.8576920759638587e-06
d,hub_x+0.667_y+0.000_D1,Elastic + g,21,0.8333333333333335,-2.0833333333333335,0.0005416666666666668,-0.0013541666666666667,True,-0.9901255255066208,0.1401836072450622,-1.6863742195879948e-05,-1.3528997796759443e-06,2.3875964731437576e-06
d,hub_x+0.667_y+0.000_D1,Elastic + g,22,1.25,-2.0833333333333335,0.0008125,-0.0013541666666666667,True,-0.9918427303447839,0.12746763613641093,-2.345160019010526e-05,-1.8554392018225116e-06,3.013905277916164e-06
d,hub_x+0.667_y+0.000_D1,Elastic + g,23,1.666666666666667,-2.0833333333333335,0.0010833333333333335,-0.0013541666666666667,True,-0.9918370709116419,0.1275116652130888,-2.8841790502499262e-05,-2.2644142138941594e-06,3.707932323320426e-06
d,hub_x+0.667_y+0.000_D1,Elastic + g,24,2.083333333333334,-2.0833333333333335,0.001354166666666667,-0.0013541666666666667,True,-0.9911466804192379,0.1327714498449301,-3.278856636882826e-05,-2.5335062156362037e-06,4.392271679994566e-06
d,hub_x+0.667_y+0.000_D1,Elastic + g,25,2.5,-2.0833333333333335,0.001625,-0.0013541666666666667,True,-0.9898123747723262,0.14237788714392452,-3.509348693551887e-05,-2.701013697247676e-06,5.0479632804564444e-06
d,hub_x+0.667_y+0.000_D1,Elastic + g,26,-2.5,-1.6666666666666665,-0.001625,-0.0010833333333333333,True,0.9980511639366275,0.06240091477488785,3.534079649182126e-05,3.5527092090712936e-06,2.2096041862868085e-06
d,hub_x+0.667_y+0.000_D1,Elastic + g,27,-2.0833333333333335,-1.6666666666666665,-0.0013541666666666667,-0.0010833333333333333,True,0.9987552073145569,0.04988021513642819,3.239365554379305e-05,3.1312841241931858e-06,1.6178163535430274e-06
d,hub_x+0.667_y+0.000_D1,Elastic + g,28,-1.6666666666666665,-1.6666666666666665,-0.0010833333333333333,-0.0010833333333333333,True,0.9991331510653938,0.04162867331704313,2.7828688398064096e-05,2.634957307573367e-06,1.1594764691067447e-06
d,hub_x+0.667_y+0.000_D1,Elastic + g,29,-1.25,-1.6666666666666665,-0.0008125,-0.0010833333333333333,True,0.9992225249698341,0.03942518982718068,2.1872936583486656e-05,2.0418493513646143e-06,8.630156500003639e-07
d,hub_x+0.667_y+0.000_D1,Elastic + g,30,-0.8333333333333333,-1.6666666666666665,-0.0005416666666666666,-0.0010833333333333333,True,0.9987282012610544,0.05041805238065749,1.483172943307253e-05,1.3558495927423267e-06,7.487391569680213e-07
d,hub_x+0.667_y+0.000_D1,Elastic + g,31,-0.4166666666666665,-1.6666666666666665,-0.0002708333333333332,-0.0010833333333333333,True,0.9936028969088243,0.11293043546534372,7.048209831726239e-06,6.325340209866486e-07,8.010820097488105e-07
d,hub_x+0.667_y+0.000_D1,Elastic + g,32,0.0,-1.6666666666666665,0.0,-0.0010833333333333333,True,-0.718417315493274,0.6956123638920152,-1.0563818155743304e-06,-7.157869414720601e-08,1.0228487482928415e-06
d,hub_x+0.667_y+0.000_D1,Elastic + g,33,0.41666666666666696,-1.6666666666666665,0.00027083333333333354,-0.0010833333333333333,True,-0.9882787581606932,0.1526600673665454,-9.083602298813708e-06,-7.26094371303954e-07,1.4031499993469762e-06
d,hub_x+0.667_y+0.000_D1,Elastic + g,34,0.8333333333333335,-1.6666666666666665,0.0005416666666666668,-0.0010833333333333333,True,-0.9932276732646805,0.11618428921859066,-1.6610165361166514e-05,-1.3460477696777901e-06,1.9429988795490524e-06
d,hub_x+0.667_y+0.000_D1,Elastic + g,35,1.25,-1.6666666666666665,0.0008125,-0.0010833333333333333,True,-0.9938086358699398,0.11110533412185698,-2.323450119325762e-05,-1.8665082956572855e-06,2.5975594546648836e-06
d,hub_x+0.667_y+0.000_D1,Elastic + g,36,1.666666666666667,-1.6666666666666665,0.0010833333333333335,-0.0010833333333333333,True,-0.9933290179846602,0.1153146219246744,-2.867564577512099e-05,-2.28000534773554e-06,3.3289284729775492e-06
d,hub_x+0.667_y+0.000_D1,Elastic + g,37,2.083333333333334,-1.6666666666666665,0.001354166666666667,-0.0010833333333333333,True,-0.9923096012389425,0.12378067413377157,-3.267226082049957e-05,-2.5765225638057816e-06,4.075536974333911e-06
d,hub_x+0.667_y+0.000_D1,Elastic + g,38,2.5,-1.6666666666666665,0.001625,-0.0010833333333333333,True,-0.9907960947634614,0.13536284054892597,-3.505319541836858e-05,-2.7560331732960815e-06,4.788977396282275e-06
d,hub_x+0.667_y+0.000_D1,Elastic + g,39,-2.5,-1.25,-0.001625,-0.0008125,True,0.9984704147216122,0.05528861479230238,3.5351027084321643e-05,3.599919981099509e-06,1.9575034874941717e-06
d,hub_x+0.667_y+0.000_D1,Elastic + g,40,-2.0833333333333335,-1.25,-0.0013541666666666667,-0.0008125,True,0.9991722365416408,0.04067974587402887,3.24622607299007e-05,3.162380307200804e-06,1.3216505310031128e-06
d,hub_x+0.667_y+0.000_D1,Elastic + g,41,-1.6666666666666665,-1.25,-0.0010833333333333333,-0.0008125,True,0.999568411639228,0.029376699151379762,2.798072413685885e-05,2.6628348579388944e-06,8.223362257499274e-07
d,hub_x+0.667_y+0.000_D1,Elastic + g,42,-1.25,-1.25,-0.0008125,-0.0008125,True,0.999759985266546,0.021908260082348262,2.2108252792360923e-05,2.0638939742661884e-06,4.844696319909341e-07
d,hub_x+0.667_y+0.000_D1,Elastic + g,43,-0.8333333333333333,-1.25,-0.0005416666666666666,-0.0008125,True,0.9997745246407521,0.02123440320230797,1.5108239105913847e-05,1.3749224437318148e-06,3.208867929167623e-07
d,hub_x+0.667_y+0.000_D1,Elastic + g,44,-0.4166666666666665,-1.25,-0.0002708333333333332,-0.0008125,True,0.9988258274164444,0.04844550016105969,7.344131300588562e-06,6.439495470864674e-07,3.5620836420078443e-07
d,hub_x+0.667_y+0.000_D1,Elastic + g,45,0.0,-1.25,0.0,-0.0008125,True,-0.8011000574149097,0.598530448690648,-7.674809367303472e-07,-7.717417193340499e-08,5.734124035704808e-07
d,hub_x+0.667_y+0.000_D1,Elastic + g,46,0.41666666666666696,-1.25,0.00027083333333333354,-0.0008125,True,-0.9941226904074331,0.10825930175780213,-8.78946546455528e-06,-7.337333229845835e-07,9.571669605761528e-07
d,hub_x+0.667_y+0.000_D1,Elastic + g,47,0.8333333333333335,-1.25,0.0005416666666666668,-0.0008125,True,-0.9958124527072777,0.09141968624489942,-1.6337132255749253e-05,-1.3343477738077874e-06,1.4998160556253379e-06
d,hub_x+0.667_y+0.000_D1,Elastic + g,48,1.25,-1.25,0.0008125,-0.0008125,True,-0.9955470254795511,0.09426621907564821,-2.2985849258856508e-05,-1.8546315054401448e-06,2.176480915938109e-06
d,hub_x+0.667_y+0.000_D1,Elastic + g,49,1.666666666666667,-1.25,0.0010833333333333335,-0.0008125,True,-0.9947005859208565,0.10281412533647621,-2.8466011374283068e-05,-2.282708700855484e-06,2.942300530119483e-06
d,hub_x+0.667_y+0.000_D1,Elastic + g,50,2.083333333333334,-1.25,0.001354166666666667,-0.0008125,True,-0.9934571490507116,0.11420548585787058,-3.2505465653477306e-05,-2.605698430980936e-06,3.7367515061308433e-06
d,hub_x+0.667_y+0.000_D1,Elastic + g,51,2.5,-1.25,0.001625,-0.0008125,True,-0.9918318353136215,0.12755238319378126,-3.4953922788852413e-05,-2.8130095861548447e-06,4.4951734708936455e-06
d,hub_x+0.667_y+0.000_D1,Elastic + g,52,-2.5,-0.8333333333333333,-0.001625,-0.0005416666666666666,True,0.9988365390211683,0.04822414660949762,3.530403581401709e-05,3.634492402481453e-06,1.7044901067301e-06
d,hub_x+0.667_y+0.000_D1,Elastic + g,53,-2.0833333333333335,-0.8333333333333333,-0.0013541666666666667,-0.0005416666666666666,True,0.9994920943105867,0.03186774875382993,3.249307127885906e-05,3.1955558812857583e-06,1.0360072257191839e-06
d,hub_x+0.667_y+0.000_D1,Elastic + g,54,-1.6666666666666665,-0.8333333333333333,-0.0010833333333333333,-0.0005416666666666666,True,0.9998413056700726,0.01781469831247641,2.8101037501366122e-05,2.6807441536104062e-06,5.006909621711658e-07
d,hub_x+0.667_y+0.000_D1,Elastic + g,55,-1.25,-0.8333333333333333,-0.0008125,-0.0005416666666666666,True,0.999988832737181,0.004725928578645055,2.2301836439423734e-05,2.0779788696723266e-06,1.053980631932126e-07
d,hub_x+0.667_y+0.000_D1,Elastic + g,56,-0.8333333333333333,-0.8333333333333333,-0.0005416666666666666,-0.0005416666666666666,True,0.9999808081696842,-0.006195425110948963,1.5357140715982065e-05,1.381429053569532e-06,-9.514584124701249e-08
d,hub_x+0.667_y+0.000_D1,Elastic + g,57,-0.4166666666666665,-0.8333333333333333,-0.0002708333333333332,-0.0005416666666666666,True,0.999932698914846,-0.011601622337923794,7.63478659679251e-06,6.69332156928491e-07,-8.858187238276548e-08
d,hub_x+0.667_y+0.000_D1,Elastic + g,58,0.0,-0.8333333333333333,0.0,-0.0005416666666666666,True,-0.9687082051162685,0.24820236368821563,-4.6595458754960165e-07,-5.860523422156242e-08,1.1938685910820565e-07
d,hub_x+0.667_y+0.000_D1,Elastic + g,59,0.41666666666666696,-0.8333333333333333,0.00027083333333333354,-0.0005416666666666666,True,-0.9982194068562115,0.05964910540513878,-8.491041112617656e-06,-7.324014734927237e-07,5.073864551692229e-07
d,hub_x+0.667_y+0.000_D1,Elastic + g,60,0.8333333333333335,-0.8333333333333333,0.0005416666666666668,-0.0005416666666666666,True,-0.9978435590743254,0.06563712070073928,-1.6036339146175733e-05,-1.3145722046371594e-06,1.0548538581658814e-06
d,hub_x+0.667_y+0.000_D1,Elastic + g,61,1.25,-0.8333333333333333,0.0008125,-0.0005416666666666666,True,-0.9970291798446124,0.07702476574699606,-2.270568050830394e-05,-1.8299011418145847e-06,1.7541108702062384e-06
d,hub_x+0.667_y+0.000_D1,Elastic + g,62,1.666666666666667,-0.8333333333333333,0.0010833333333333335,-0.0005416666666666666,True,-0.9959679541494757,0.089709722479272,-2.8212961730812884e-05,-2.2750319166823227e-06,2.5412232960355815e-06
d,hub_x+0.667_y+0.000_D1,Elastic + g,63,2.083333333333334,-0.8333333333333333,0.001354166666666667,-0.0005416666666666666,True,-0.9945726390522548,0.10404453685145124,-3.2301850776432656e-05,-2.6332583616646836e-06,3.3791710846592554e-06
d,hub_x+0.667_y+0.000_D1,Elastic + g,64,2.5,-0.8333333333333333,0.001625,-0.0005416666666666666,True,-0.9928837253072729,0.11908781642112684,-3.4816813511832456e-05,-2.8716425254062287e-06,4.175975685957133e-06
d,hub_x+0.667_y+0.000_D1,Elastic + g,65,-2.5,-0.4166666666666665,-0.001625,-0.0002708333333333332,True,0.999135170942868,0.041580165764051547,3.522304656988988e-05,3.6595764718179403e-06,1.46584782288149e-06
d,hub_x+0.667_y+0.000_D1,Elastic + g,66,-2.0833333333333335,-0.4166666666666665,-0.0013541666666666667,-0.0002708333333333332,True,0.9997360479896923,0.022974645806879156,3.2487632620625436e-05,3.222581654978081e-06,7.465889162081893e-07
d,hub_x+0.667_y+0.000_D1,Elastic + g,67,-1.6666666666666665,-0.4166666666666665,-0.0010833333333333333,-0.0002708333333333332,True,0.99998306218426,0.005820252966183125,2.818032898666055e-05,2.6894819909688993e-06,1.6401942150336656e-07
d,hub_x+0.667_y+0.000_D1,Elastic + g,68,-1.25,-0.4166666666666665,-0.0008125,-0.0002708333333333332,True,0.9999295236429065,-0.011872141646301638,2.245799639031334e-05,2.071033957216988e-06,-2.666433062868013e-07
d,hub_x+0.667_y+0.000_D1,Elastic + g,69,-0.8333333333333333,-0.4166666666666665,-0.0005416666666666666,-0.0002708333333333332,True,0.9994867520632644,-0.03203486304054747,1.557434083164433e-05,1.3926313353558551e-06,-4.991780776069277e-07
d,hub_x+0.667_y+0.000_D1,Elastic + g,70,-0.4166666666666665,-0.4166666666666665,-0.0002708333333333332,-0.0002708333333333332,True,0.9977838422738491,-0.06653874132589607,7.903968090780668e-06,6.918827054438935e-07,-5.2708819882478e-07
d,hub_x+0.667_y+0.000_D1,Elastic + g,71,0.0,-0.4166666666666665,0.0,-0.0002708333333333332,True,-0.4285722327792613,-0.9035075214355432,-1.59241410016037e-07,-3.1575633830204576e-08,-3.357095972841404e-07
d,hub_x+0.667_y+0.000_D1,Elastic + g,72,0.41666666666666696,-0.4166666666666665,0.00027083333333333354,-0.0002708333333333332,True,-0.999977700387982,0.006678227816096292,-8.17874896460758e-06,-7.07351463181789e-07,5.4620766858220156e-08
d,hub_x+0.667_y+0.000_D1,Elastic + g,73,0.8333333333333335,-0.4166666666666665,0.0005416666666666668,-0.0002708333333333332,True,-0.9992284967087094,0.039273545361387,-1.571019079478996e-05,-1.2878377830250704e-06,6.174712719338022e-07
d,hub_x+0.667_y+0.000_D1,Elastic + g,74,1.25,-0.4166666666666665,0.0008125,-0.0002708333333333332,True,-0.9982575463458346,0.059007382280473746,-2.2402550492867436e-05,-1.803993514531974e-06,1.3242232586462032e-06
d,hub_x+0.667_y+0.000_D1,Elastic + g,75,1.666666666666667,-0.4166666666666665,0.0010833333333333335,-0.0002708333333333332,True,-0.9970977779913631,0.07613160398078034,-2.7934764047199692e-05,-2.266932483397138e-06,2.132908567926193e-06
d,hub_x+0.667_y+0.000_D1,Elastic + g,76,2.083333333333334,-0.4166666666666665,0.001354166666666667,-0.0002708333333333332,True,-0.9956451715559415,0.09322388297716348,-3.206814469257987e-05,-2.6635550161161952e-06,3.0025927444050713e-06
d,hub_x+0.667_y+0.000_D1,Elastic + g,77,2.5,-0.4166666666666665,0.001625,-0.0002708333333333332,True,-0.9938320922044267,0.1108953222844498,-3.460798787557339e-05,-2.9011942231932016e-06,3.861682470491818e-06
d,hub_x+0.667_y+0.000_D1,Elastic + g,78,-2.5,0.0,-0.001625,0.0,True,0.9993859956576495,0.0350375753066417,3.509546670061288e-05,3.68179596594723e-06,1.2304155379276428e-06
d,hub_x+0.667_y+0.000_D1,Elastic + g,79,-2.0833333333333335,0.0,-0.0013541666666666667,0.0,True,0.999895794421764,0.01443607625601272,3.243970982741658e-05,3.2398209661614334e-06,4.6835092957094427e-07
d,hub_x+0.667_y+0.000_D1,Elastic + g,80,-1.6666666666666665,0.0,-0.0010833333333333333,0.0,True,0.9999821956586094,-0.005967274569401071,2.821785831505824e-05,2.6916763418879277e-06,-1.6838670634081493e-07
d,hub_x+0.667_y+0.000_D1,Elastic + g,81,-1.25,0.0,-0.0008125,0.0,True,0.9996043071417575,-0.028128795630936267,2.2579505286973184e-05,2.0676084454179624e-06,-6.353857072515024e-07
d,hub_x+0.667_y+0.000_D1,Elastic + g,82,-0.8333333333333333,0.0,-0.0005416666666666666,0.0,True,0.9983701988353861,-0.05706965986749343,1.5770369620396573e-05,1.3978444741876154e-06,-9.014788615190625e-07
d,hub_x+0.667_y+0.000_D1,Elastic + g,83,-0.4166666666666665,0.0,-0.0002708333333333332,0.0,True,0.993222953476536,-0.11622463029559102,8.165444472998492e-06,7.14304753295804e-07,-9.555012414398925e-07
d,hub_x+0.667_y+0.000_D1,Elastic + g,84,0.0,0.0,0.0,0.0,True,0.18337075973175265,-0.9830438263248489,1.4652828617055345e-07,9.31301366356095e-09,-7.855326951398378e-07
d,hub_x+0.667_y+0.000_D1,Elastic + g,85,0.41666666666666696,0.0,0.00027083333333333354,0.0,True,-0.9987529339975455,-0.04992571312754929,-7.845318731886375e-06,-6.681769583990951e-07,-3.921721970163549e-07
d,hub_x+0.667_y+0.000_D1,Elastic + g,86,0.8333333333333335,0.0,0.0005416666666666668,0.0,True,-0.999932169624598,0.011647152005717275,-1.536155991019056e-05,-1.2420618915348908e-06,1.7893056024599446e-07
d,hub_x+0.667_y+0.000_D1,Elastic + g,87,1.25,0.0,0.0008125,0.0,True,-0.999192107024152,0.040188720564801945,-2.2073562087322552e-05,-1.7773108346080443e-06,8.878254865715926e-07
d,hub_x+0.667_y+0.000_D1,Elastic + g,88,1.666666666666667,0.0,0.0010833333333333335,0.0,True,-0.9980673255749273,0.062141882975268355,-2.7624618320727083e-05,-2.265104445752316e-06,1.7199699408396312e-06
d,hub_x+0.667_y+0.000_D1,Elastic + g,89,2.083333333333334,0.0,0.001354166666666667,0.0,True,-0.9966000254102714,0.08239168254287994,-3.178846088928036e-05,-2.670304505988727e-06,2.6280400474986273e-06
d,hub_x+0.667_y+0.000_D1,Elastic + g,90,2.5,0.0,0.001625,0.0,True,-0.9947209705467002,0.10261671771515103,-3.435470910952299e-05,-2.9251798874357306e-06,3.5440767725450696e-06
d,hub_x+0.667_y+0.000_D1,Elastic + g,91,-2.5,0.41666666666666696,-0.001625,0.00027083333333333354,True,0.9995948158648797,0.028464084317913335,3.49096994425486e-05,3.7014037438752137e-06,9.94075412031784e-07
d,hub_x+0.667_y+0.000_D1,Elastic + g,92,-2.0833333333333335,0.41666666666666696,-0.0013541666666666667,0.00027083333333333354,True,0.9999820759473563,0.00598730189784241,3.235827957408695e-05,3.242803193247487e-06,1.9374226135133787e-07
d,hub_x+0.667_y+0.000_D1,Elastic + g,93,-1.6666666666666665,0.41666666666666696,-0.0010833333333333333,0.00027083333333333354,True,0.9998532800906932,-0.017129456847250254,2.8216964497518106e-05,2.6865016122289144e-06,-4.834122019150516e-07
d,hub_x+0.667_y+0.000_D1,Elastic + g,94,-1.25,0.41666666666666696,-0.0008125,0.00027083333333333354,True,0.9990479471197639,-0.04362567312702081,2.266415075311539e-05,2.0692791770457944e-06,-9.896810611617287e-07
d,hub_x+0.667_y+0.000_D1,Elastic + g,95,-0.8333333333333333,0.41666666666666696,-0.0005416666666666666,0.00027083333333333354,True,0.9967059818472698,-0.08109985049227744,1.594292000205405e-05,1.416863621771047e-06,-1.2972415658432869e-06
d,hub_x+0.667_y+0.000_D1,Elastic + g,96,-0.4166666666666665,0.41666666666666696,-0.0002708333333333332,0.00027083333333333354,True,0.9868396101439308,-0.16170214547424688,8.40009729071652e-06,7.279719789432015e-07,-1.3764280842994936e-06
d,hub_x+0.667_y+0.000_D1,Elastic + g,97,0.0,0.41666666666666696,0.0,0.00027083333333333354,True,0.3413194121360568,-0.9399473702814943,4.461309332111291e-07,4.7278527664819326e-08,-1.2285840844759e-06
d,hub_x+0.667_y+0.000_D1,Elastic + g,98,0.41666666666666696,0.41666666666666696,0.00027083333333333354,0.00027083333333333354,True,-0.9937311072064798,-0.11179663040621446,-7.495438345398401e-06,-6.168651247402677e-07,-8.432510005535717e-07
d,hub_x+0.667_y+0.000_D1,Elastic + g,99,0.8333333333333335,0.41666666666666696,0.0005416666666666668,0.00027083333333333354,True,-0.9998415040907134,-0.017803558566192406,-1.4994226967741543e-05,-1.1967470757924854e-06,-2.669929152598453e-07
d,hub_x+0.667_y+0.000_D1,Elastic + g,100,1.25,0.41666666666666696,0.0008125,0.00027083333333333354,True,-0.9997768881030498,0.02112283160426066,-2.171518996820096e-05,-1.7489329621923034e-06,4.5878866216155344e-07
d,hub_x+0.667_y+0.000_D1,Elastic + g,101,1.666666666666667,0.41666666666666696,0.0010833333333333335,0.00027083333333333354,True,-0.9988454496201312,0.04803923160457407,-2.7288348310466434e-05,-2.253400139152912e-06,1.3124265471613598e-06
d,hub_x+0.667_y+0.000_D1,Elastic + g,102,2.083333333333334,0.41666666666666696,0.001354166666666667,0.00027083333333333354,True,-0.9974346779410508,0.07158256240616549,-3.144846377131374e-05,-2.651738031466947e-06,2.25695142777174e-06
d,hub_x+0.667_y+0.000_D1,Elastic + g,103,2.5,0.41666666666666696,0.001625,0.00027083333333333354,True,-0.9955733357761655,0.09398794120268171,-3.405470098626899e-05,-2.923988991711187e-06,3.2149627947568664e-06
d,hub_x+0.667_y+0.000_D1,Elastic + g,104,-2.5,0.8333333333333335,-0.001625,0.0005416666666666668,True,0.9997454947172282,0.02255982696308789,3.470455513081919e-05,3.71197150641149e-06,7.831280688128246e-07
d,hub_x+0.667_y+0.000_D1,Elastic + g,105,-2.0833333333333335,0.8333333333333335,-0.0013541666666666667,0.0005416666666666668,True,0.999998409978342,-0.0017832668862736995,3.221085379614008e-05,3.2287183993775955e-06,-5.7440640285122205e-08
d,hub_x+0.667_y+0.000_D1,Elastic + g,106,-1.6666666666666665,0.8333333333333335,-0.0010833333333333333,0.0005416666666666668,True,0.9996132630579758,-0.02780870940165905,2.817691098664626e-05,2.6777790776033295e-06,-7.838666796667089e-07
d,hub_x+0.667_y+0.000_D1,Elastic + g,107,-1.25,0.8333333333333335,-0.0008125,0.0005416666666666668,True,0.9982746455118728,-0.058717392041409106,2.270607820888906e-05,2.0705412195087174e-06,-1.3355459861755835e-06
d,hub_x+0.667_y+0.000_D1,Elastic + g,108,-0.8333333333333333,0.8333333333333335,-0.0005416666666666666,0.0005416666666666668,True,0.9945294076373896,-0.10445696407814634,1.6081335877369487e-05,1.4305097708998027e-06,-1.6890476150539902e-06
d,hub_x+0.667_y+0.000_D1,Elastic + g,109,-0.4166666666666665,0.8333333333333335,-0.0002708333333333332,0.0005416666666666668,True,0.9790166314606049,-0.2037803604951418,8.628063606922232e-06,7.627395651983859e-07,-1.7959142426114915e-06
d,hub_x+0.667_y+0.000_D1,Elastic + g,110,0.0,0.8333333333333335,0.0,0.0005416666666666668,True,0.41096798836648873,-0.9116497751538152,7.495022092282369e-07,7.429758020014856e-08,-1.662619814346412e-06
d,hub_x+0.667_y+0.000_D1,Elastic + g,111,0.41666666666666696,0.8333333333333335,0.00027083333333333354,0.0005416666666666668,True,-0.9840200817675282,-0.1780575150849496,-7.135724523740585e-06,-5.636050986530096e-07,-1.2912026904428077e-06
d,hub_x+0.667_y+0.000_D1,Elastic + g,112,0.8333333333333335,0.8333333333333335,0.0005416666666666668,0.0005416666666666668,True,-0.9987924883231074,-0.04912804972045503,-1.4618512879078811e-05,-1.1730078645727766e-06,-7.19047285556043e-07
d,hub_x+0.667_y+0.000_D1,Elastic + g,113,1.25,0.8333333333333335,0.0008125,0.0005416666666666668,True,-0.9999987934482174,0.0015534162704735999,-2.1322281017773027e-05,-1.732610293303894e-06,3.3122418220531756e-08
d,hub_x+0.667_y+0.000_D1,Elastic + g,114,1.666666666666667,0.8333333333333335,0.0010833333333333335,0.0005416666666666668,True,-0.9994202761442901,0.03404572853781962,-2.6911968520990753e-05,-2.220606362999604e-06,9.167690475710515e-07
d,hub_x+0.667_y+0.000_D1,Elastic + g,115,2.083333333333334,0.8333333333333335,0.001354166666666667,0.0005416666666666668,True,-0.9981844895741061,0.06023059665719395,-3.108509595295815e-05,-2.613258760933539e-06,1.875679191520632e-06
d,hub_x+0.667_y+0.000_D1,Elastic + g,116,2.5,0.8333333333333335,0.001625,0.0005416666666666668,True,-0.9964360031419911,0.08435218813056185,-3.3723726916804144e-05,-2.9219748779462984e-06,2.8548448153017942e-06
d,hub_x+0.667_y+0.000_D1,Elastic + g,117,-2.5,1.25,-0.001625,0.0008125,True,0.9998669294656429,0.01631328786440377,3.445457956547243e-05,3.7116455939314723e-06,5.621422792720429e-07
d,hub_x+0.667_y+0.000_D1,Elastic + g,118,-2.0833333333333335,1.25,-0.0013541666666666667,0.0008125,True,0.9999487036710131,-0.010128673489686154,3.203778410382214e-05,3.2120228124526054e-06,-3.245169010463897e-07
d,hub_x+0.667_y+0.000_D1,Elastic + g,119,-1.6666666666666665,1.25,-0.0010833333333333333,0.0008125,True,0.9992604412001157,-0.038452186576968875,2.8081014167082415e-05,2.6689866267328514e-06,-1.0805755451765344e-06
d,hub_x+0.667_y+0.000_D1,Elastic + g,120,-1.25,1.25,-0.0008125,0.0008125,True,0.997283200347137,-0.07366286924477135,2.270944996109575e-05,2.079307218358319e-06,-1.6774004039400104e-06
d,hub_x+0.667_y+0.000_D1,Elastic + g,121,-0.8333333333333333,1.25,-0.0005416666666666666,0.0008125,True,0.9920440664411257,-0.1258911046855788,1.6189725943228277e-05,1.4558569700593635e-06,-2.0544878524009985e-06
d,hub_x+0.667_y+0.000_D1,Elastic + g,122,-0.4166666666666665,1.25,-0.0002708333333333332,0.0008125,True,0.9705144949342498,-0.24104276616923814,8.836187204408332e-06,7.81921488452416e-07,-2.194608135434502e-06
d,hub_x+0.667_y+0.000_D1,Elastic + g,123,0.0,1.25,0.0,0.0008125,True,0.44831190217254324,-0.893877194233322,1.0439245232285314e-06,1.1393070144363674e-07,-2.081453379428096e-06
d,hub_x+0.667_y+0.000_D1,Elastic + g,124,0.41666666666666696,1.25,0.00027083333333333354,0.0008125,True,-0.9689156462472235,-0.24739133060260096,-6.780914486862741e-06,-5.215441264529369e-07,-1.7313575893885343e-06
d,hub_x+0.667_y+0.000_D1,Elastic + g,125,0.8333333333333335,1.25,0.0005416666666666668,0.0008125,True,-0.9966674940518532,-0.08157147969970396,-1.42230249738176e-05,-1.1519368988267943e-06,-1.1640724713550093e-06
d,hub_x+0.667_y+0.000_D1,Elastic + g,126,1.25,1.25,0.0008125,0.0008125,True,-0.9998259251253712,-0.0186579593523966,-2.089730530340535e-05,-1.7119436018424172e-06,-3.8996895672280955e-07
d,hub_x+0.667_y+0.000_D1,Elastic + g,127,1.666666666666667,1.25,0.0010833333333333335,0.0008125,True,-0.9998128285468072,0.019347037841300586,-2.6484152037240378e-05,-2.1740570504802977e-06,5.124858143738646e-07
d,hub_x+0.667_y+0.000_D1,Elastic + g,128,2.083333333333334,1.25,0.001354166666666667,0.0008125,True,-0.9988242388739849,0.04847824086953767,-3.0685006254083983e-05,-2.5652771367256547e-06,1.4893061925947396e-06
d,hub_x+0.667_y+0.000_D1,Elastic + g,129,2.5,1.25,0.001625,0.0008125,True,-0.9972019023583675,0.07475537393962442,-3.336609932240397e-05,-2.8800011902693267e-06,2.501294096866429e-06
d,hub_x+0.667_y+0.000_D1,Elastic + g,130,-2.5,1.666666666666667,-0.001625,0.0010833333333333335,True,0.9999524250749857,0.009754362442266271,3.416059610656335e-05,3.6980892632090087e-06,3.3323068909233494e-07
d,hub_x+0.667_y+0.000_D1,Elastic + g,131,-2.0833333333333335,1.666666666666667,-0.0013541666666666667,0.0010833333333333335,True,0.9998217067853268,-0.01888265449760512,3.1817936198107777e-05,3.199754211243682e-06,-6.009142349864112e-07
d,hub_x+0.667_y+0.000_D1,Elastic + g,132,-1.6666666666666665,1.666666666666667,-0.0010833333333333333,0.0010833333333333335,True,0.9987663244652106,-0.04965711544435041,2.7939230588436527e-05,2.66341560990756e-06,-1.3890952916330978e-06
d,hub_x+0.667_y+0.000_D1,Elastic + g,133,-1.25,1.666666666666667,-0.0008125,0.0010833333333333335,True,0.9960929466837828,-0.08831105008331962,2.2677436115847747e-05,2.0739899470344095e-06,-2.0105234187785826e-06
d,hub_x+0.667_y+0.000_D1,Elastic + g,134,-0.8333333333333333,1.666666666666667,-0.0005416666666666666,0.0010833333333333335,True,0.9891127151301197,-0.1471599020383026,1.6270587215256267e-05,1.4493758563344714e-06,-2.420733233004477e-06
d,hub_x+0.667_y+0.000_D1,Elastic + g,135,-0.4166666666666665,1.666666666666667,-0.0002708333333333332,0.0010833333333333335,True,0.9613306658482446,-0.2753967154847177,9.031469739335205e-06,7.97643113029018e-07,-2.587285718195502e-06
d,hub_x+0.667_y+0.000_D1,Elastic + g,136,0.0,1.666666666666667,0.0,0.0010833333333333335,True,0.46853180809297323,-0.8834466281587866,1.324111246123649e-06,1.3598150042823838e-07,-2.496696265844433e-06
d,hub_x+0.667_y+0.000_D1,Elastic + g,137,0.41666666666666696,1.666666666666667,0.00027083333333333354,0.0010833333333333335,True,-0.9477010825893174,-0.319159298876025,-6.423165189714069e-06,-4.835264848850855e-07,-2.163142932065635e-06
d,hub_x+0.667_y+0.000_D1,Elastic + g,138,0.8333333333333335,1.666666666666667,0.0005416666666666668,0.0010833333333333335,True,-0.9934543178850568,-0.11423011107206602,-1.3804740816408782e-05,-1.120321014294656e-06,-1.5873070843725587e-06
d,hub_x+0.667_y+0.000_D1,Elastic + g,139,1.25,1.666666666666667,0.0008125,0.0010833333333333335,True,-0.9992229810217452,-0.03941362959709409,-2.0449221622592538e-05,-1.7018174496785763e-06,-8.066047938144948e-07
d,hub_x+0.667_y+0.000_D1,Elastic + g,140,1.666666666666667,1.666666666666667,0.0010833333333333335,0.0010833333333333335,True,-0.999991254046063,0.004182323682131064,-2.6016040982520172e-05,-2.1392633038623066e-06,1.0880845595023013e-07
d,hub_x+0.667_y+0.000_D1,Elastic + g,141,2.083333333333334,1.666666666666667,0.001354166666666667,0.0010833333333333335,True,-0.9993348561501519,0.0364670437978623,-3.0256174102498077e-05,-2.5065383196116266e-06,1.1040876032305268e-06
d,hub_x+0.667_y+0.000_D1,Elastic + g,142,2.5,1.666666666666667,0.001625,0.0010833333333333335,True,-0.9978777834403999,0.06511473962225943,-3.2964153499053635e-05,-2.829256672170036e-06,2.1510171962729847e-06
d,hub_x+0.667_y+0.000_D1,Elastic + g,143,-2.5,2.083333333333334,-0.001625,0.001354166666666667,True,0.9999951389783439,0.003118015343583078,3.380971654317961e-05,3.6798516620532215e-06,1.0541972739140648e-07
d,hub_x+0.667_y+0.000_D1,Elastic + g,144,-2.0833333333333335,2.083333333333334,-0.0013541666666666667,0.001354166666666667,True,0.9996172230738143,-0.027665995991402154,3.154924729466118e-05,3.1882338769388038e-06,-8.731755806506334e-07
d,hub_x+0.667_y+0.000_D1,Elastic + g,145,-1.6666666666666665,2.083333333333334,-0.0010833333333333333,0.001354166666666667,True,0.9981281852311075,-0.061156568308366584,2.7760007705760274e-05,2.6312159469110122e-06,-1.7008905595677798e-06
d,hub_x+0.667_y+0.000_D1,Elastic + g,146,-1.25,2.083333333333334,-0.0008125,0.001354166666666667,True,0.9946854529510623,-0.1029604277746552,2.2620301265800383e-05,2.0687648578914834e-06,-2.3414395855580753e-06
d,hub_x+0.667_y+0.000_D1,Elastic + g,147,-0.8333333333333333,2.083333333333334,-0.0005416666666666666,0.001354166666666667,True,0.9858575108308623,-0.16758570445708193,1.632499045330491e-05,1.4473921388297956e-06,-2.7750815866549824e-06
d,hub_x+0.667_y+0.000_D1,Elastic + g,148,-0.4166666666666665,2.083333333333334,-0.0002708333333333332,0.001354166666666667,True,0.9515894477969097,-0.3073719617036863,9.201839695196639e-06,7.900389783071466e-07,-2.972277093807247e-06
d,hub_x+0.667_y+0.000_D1,Elastic + g,149,0.0,2.083333333333334,0.0,0.001354166666666667,True,0.48278352179599987,-0.8757397279341913,1.5991905522370635e-06,1.5798330972469132e-07,-2.900833677837881e-06
d,hub_x+0.667_y+0.000_D1,Elastic + g,150,0.41666666666666696,2.083333333333334,0.00027083333333333354,0.001354166666666667,True,-0.920333438167254,-0.3911347115652626,-6.05778716177251e-06,-4.6682481378578726e-07,-2.574513470859073e-06
d,hub_x+0.667_y+0.000_D1,Elastic + g,151,0.8333333333333335,2.083333333333334,0.0005416666666666668,0.001354166666666667,True,-0.9890378966856866,-0.1476619074763458,-1.3377447749008039e-05,-1.094684034329926e-06,-1.9972333298887055e-06
d,hub_x+0.667_y+0.000_D1,Elastic + g,152,1.25,2.083333333333334,0.0008125,0.001354166666666667,True,-0.998159835817559,-0.06063779482025768,-1.9975162819317888e-05,-1.6626657328245052e-06,-1.213482832182828e-06
d,hub_x+0.667_y+0.000_D1,Elastic + g,153,1.666666666666667,2.083333333333334,0.0010833333333333335,0.001354166666666667,True,-0.9999334665312447,-0.011535272463548404,-2.55208397067014e-05,-2.1043200293457098e-06,-2.9440942759579756e-07
d,hub_x+0.667_y+0.000_D1,Elastic + g,154,2.083333333333334,2.083333333333334,0.001354166666666667,0.001354166666666667,True,-0.9997037658794876,0.024338867812012624,-2.977717433470833e-05,-2.4579904190886116e-06,7.24957467085392e-07
d,hub_x+0.667_y+0.000_D1,Elastic + g,155,2.5,2.083333333333334,0.001625,0.001354166666666667,True,-0.9984983428381548,0.05478192539021298,-3.253223656534779e-05,-2.7635916979302153e-06,1.784858802303002e-06
d,hub_x+0.667_y+0.000_D1,Elastic + g,156,-2.5,2.5,-0.001625,0.001625,True,0.9999924972383074,-0.00387368908067777,3.342129111552873e-05,3.6592940099063016e-06,-1.2946466179888168e-07
d,hub_x+0.667_y+0.000_D1,Elastic + g,157,-2.0833333333333335,2.5,-0.0013541666666666667,0.001625,True,0.9993445016842848,-0.036201753457374676,3.124567678695791e-05,3.165970898811985e-06,-1.1318902397960259e-06
d,hub_x+0.667_y+0.000_D1,Elastic + g,158,-1.6666666666666665,2.5,-0.0010833333333333333,0.001625,True,0.9974055123979615,-0.07198780339863135,2.7560601199734277e-05,2.613835215857797e-06,-1.9891880644859863e-06
d,hub_x+0.667_y+0.000_D1,Elastic + g,159,-1.25,2.5,-0.0008125,0.001625,True,0.9931030781996747,-0.11724451403085309,2.2525442849296268e-05,2.0407338250268e-06,-2.6593257620177226e-06
d,hub_x+0.667_y+0.000_D1,Elastic + g,160,-0.8333333333333333,2.5,-0.0005416666666666666,0.001625,True,0.9822894589381836,-0.18736973837557222,1.6356959058646204e-05,1.4447913404603339e-06,-3.1200570377202388e-06
d,hub_x+0.667_y+0.000_D1,Elastic + g,161,-0.4166666666666665,2.5,-0.0002708333333333332,0.001625,True,0.9418392756430952,-0.3360636529827195,9.349117567898464e-06,8.046518180719689e-07,-3.33591800988291e-06
d,hub_x+0.667_y+0.000_D1,Elastic + g,162,0.0,2.5,0.0,0.001625,True,0.49260713176571796,-0.8702518105316142,1.8603066530544707e-06,1.7609622225019575e-07,-3.2864632453892686e-06
d,hub_x+0.667_y+0.000_D1,Elastic + g,163,0.41666666666666696,2.5,0.00027083333333333354,0.001625,True,-0.8868588132422829,-0.462040523519842,-5.688224666229738e-06,-4.6125201671534684e-07,-2.9634821951814615e-06
d,hub_x+0.667_y+0.000_D1,Elastic + g,164,0.8333333333333335,2.5,0.0005416666666666668,0.001625,True,-0.9833894487104986,-0.18150810495639552,-1.2936284399457988e-05,-1.0726757315834637e-06,-2.387701504832645e-06
d,hub_x+0.667_y+0.000_D1,Elastic + g,165,1.25,2.5,0.0008125,0.001625,True,-0.996594273806328,-0.08246122371416623,-1.948750762975738e-05,-1.6087508270566335e-06,-1.6124553075660476e-06
d,hub_x+0.667_y+0.000_D1,Elastic + g,166,1.666666666666667,2.5,0.0010833333333333335,0.001625,True,-0.9996293474323927,-0.027224396263068697,-2.5005116317089284e-05,-2.0656966992057112e-06,-6.810016102159348e-07
d,hub_x+0.667_y+0.000_D1,Elastic + g,167,2.083333333333334,2.5,0.001354166666666667,0.001625,True,-0.9999335095604148,0.011531541882672521,-2.9263862850787948e-05,-2.4184719731110287e-06,3.374798992995013e-07
d,hub_x+0.667_y+0.000_D1,Elastic + g,168,2.5,2.5,0.001625,0.001625,True,-0.9990244242161433,0.044161066785156036,-3.206505484185472e-05,-2.718204450629826e-06,1.4174098190360897e-06
