case_id,target_id,method,point_index,x_m,y_m,z_m,radius_a,direction_defined,force_floor_n,angular_error_deg,magnitude_ratio_gorkov_elastic,elastic_force_norm_n,gorkov_force_norm_n,elastic_force_x_n,elastic_force_y_n,elastic_force_z_n,gorkov_force_x_n,gorkov_force_y_n,gorkov_force_z_n
hub_x+0.000_y+0.000_D1,xi+0.000000_eta+0.000000,FE,0,-0.0001876388374866284,-0.0001876388374866284,0.04981236116251338,0.5,True,1.1142852793561359e-08,9.817343941517466,1.1088246032041282,9.409674554970835e-06,1.0433678654695517e-05,6.1093221682979956e-06,7.144227026096379e-06,4.2211144737183526e-07,7.2768209971851175e-06,7.3867907429151495e-06,-1.1596762327295087e-06
hub_x+0.000_y+0.000_D1,xi+0.000000_eta+0.000000,FE,1,-0.0001876388374866284,-0.0001876388374866284,0.05018763883748663,0.5,True,1.1142852793561359e-08,9.401445397658138,1.1197643109235274,9.406299005706018e-06,1.0532837924465058e-05,6.078630615788713e-06,7.167635798973952e-06,-3.92055958772698e-07,7.2584681355154485e-06,7.373360332935373e-06,-1.972022431274916e-06
hub_x+0.000_y+0.000_D1,xi+0.000000_eta+0.000000,FE,2,-0.000325,0.0,0.05,0.5,True,1.1142852793561359e-08,8.438270941560587,1.1101375881523463,1.147970633848742e-05,1.2744053507305627e-05,1.1442274135454291e-05,9.241834236546184e-07,6.249181117564698e-08,1.2648096889137948e-05,9.588809372714824e-08,-1.5579956205102668e-06
hub_x+0.000_y+0.000_D1,xi+0.000000_eta+0.000000,FE,3,-0.0001876388374866284,0.0001876388374866284,0.04981236116251338,0.5,True,1.1142852793561359e-08,9.817343584471482,1.1088245861595492,9.409675405090294e-06,1.0433679436944933e-05,7.1442291415257795e-06,-6.109321001758657e-06,4.2211147817326554e-07,7.386792986501895e-06,-7.276819844541281e-06,-1.1596762123904023e-06
hub_x+0.000_y+0.000_D1,xi+0.000000_eta+0.000000,FE,4,-0.0001876388374866284,0.0001876388374866284,0.05018763883748663,0.5,True,1.1142852793561359e-08,9.401445118992527,1.1197642903325546,9.406299849731383e-06,1.0532838675889678e-05,7.167637879929539e-06,-6.078629469740635e-06,-3.920559333265089e-07,7.373362542639602e-06,-7.25846698676943e-06,-1.972022410900799e-06
hub_x+0.000_y+0.000_D1,xi+0.000000_eta+0.000000,FE,5,0.0,-0.000325,0.05,0.5,True,1.1142852793561359e-08,8.438272106370233,1.110137605813074,1.147970421697415e-05,1.2744051354873931e-05,-9.241823617668027e-07,1.14422720929327e-05,6.249178111341006e-08,-9.588705374821374e-08,1.2648094724347813e-05,-1.5579956522765248e-06
hub_x+0.000_y+0.000_D1,xi+0.000000_eta+0.000000,FE,6,0.0,0.0,0.049675000000000004,0.5,True,1.1142852793561359e-08,179.99973004141728,1.399751357435075,6.206566253650741e-07,8.687649538558353e-07,1.6174841790833214e-12,-4.5361825788683316e-13,6.206566253628007e-07,1.662264818118041e-12,-5.224289246688309e-13,-8.68764953854088e-07
hub_x+0.000_y+0.000_D1,xi+0.000000_eta+0.000000,FE,7,0.0,0.0,0.050325,0.5,True,1.1142852793561359e-08,7.522903804156201e-05,2.891290945092181,7.936080345182404e-07,2.2945517241549916e-06,1.571575110484148e-12,-4.357201672670982e-13,-7.936080345165648e-07,1.6304858148985278e-12,-4.917095034106839e-13,-2.2945517241543597e-06
hub_x+0.000_y+0.000_D1,xi+0.000000_eta+0.000000,FE,8,0.0,0.000325,0.05,0.5,True,1.1142852793561359e-08,8.438271978341032,1.1101375849285708,1.1479705328362729e-05,1.2744052348920245e-05,9.241854928984722e-07,-1.1442272954804773e-05,6.24918274566301e-08,9.589028209947478e-08,-1.2648095705896235e-05,-1.5579956162671732e-06
hub_x+0.000_y+0.000_D1,xi+0.000000_eta+0.000000,FE,9,0.0001876388374866284,-0.0001876388374866284,0.04981236116251338,0.5,True,1.1142852793561359e-08,9.817346053834727,1.1088246176061411,9.409672459218764e-06,1.0433676466392284e-05,-7.144225989806717e-06,6.109320152314294e-06,4.2211144603857744e-07,-7.386789744745182e-06,7.27681887050731e-06,-1.159676247107064e-06
hub_x+0.000_y+0.000_D1,xi+0.000000_eta+0.000000,FE,10,0.0001876388374866284,-0.0001876388374866284,0.05018763883748663,0.5,True,1.1142852793561359e-08,9.4014473182354,1.1197643287351586,9.40629695126418e-06,1.0532835791515905e-05,-7.167634779311712e-06,6.078628638724726e-06,-3.920559631462473e-07,-7.373359336899004e-06,7.258466047567621e-06,-1.972022448226908e-06
hub_x+0.000_y+0.000_D1,xi+0.000000_eta+0.000000,FE,11,0.000325,0.0,0.05,0.5,True,1.1142852793561359e-08,8.438273077938293,1.1101376048797327,1.147970334044085e-05,1.2744050371086873e-05,-1.1442271056130191e-05,-9.241843089293783e-07,6.249180508539602e-08,-1.2648093718331957e-05,-9.588909871386094e-08,-1.5579956462837148e-06
hub_x+0.000_y+0.000_D1,xi+0.000000_eta+0.000000,FE,12,0.0001876388374866284,0.0001876388374866284,0.04981236116251338,0.5,True,1.1142852793561359e-08,9.81734582018988,1.108824600911862,9.409673203775e-06,1.0433677134886858e-05,-6.109319001728888e-06,-7.144227952665257e-06,4.2211147498265e-07,-7.276817741742376e-06,-7.386791804414831e-06,-1.1596762249671685e-06
hub_x+0.000_y+0.000_D1,xi+0.000000_eta+0.000000,FE,13,0.0001876388374866284,0.0001876388374866284,0.05018763883748663,0.5,True,1.1142852793561359e-08,9.401447177134022,1.1197643087805085,9.40629768297596e-06,1.0532836423161276e-05,-6.078627502293066e-06,-7.1676367046890324e-06,-3.9205593825348145e-07,-7.2584649161468444e-06,-7.373361358810581e-06,-1.972022426479267e-06
hub_x+0.000_y+0.000_D1,xi+0.000000_eta+0.000000,FE,14,-0.0003752776749732568,-0.0003752776749732568,0.049624722325026745,1.0,True,1.1142852793561359e-08,6.829779817495037,1.100014788195362,1.830363624771568e-05,2.0134270550235912e-05,1.1854563412473846e-05,1.390545197597971e-05,1.0634056291226572e-06,1.4129252489621846e-05,1.4325298024482823e-05,-7.341057038060337e-07
hub_x+0.000_y+0.000_D1,xi+0.000000_eta+0.000000,FE,15,-0.0003752776749732568,-0.0003752776749732568,0.05037527767497326,1.0,True,1.1142852793561359e-08,6.52568253862645,1.106760355102724,1.820417630478194e-05,2.0147660631433058e-05,1.176209046778201e-05,1.388488048488938e-05,-5.053282929284683e-07,1.4046523125283613e-05,1.4261833458419333e-05,-2.285502880020292e-06
hub_x+0.000_y+0.000_D1,xi+0.000000_eta+0.000000,FE,16,-0.00065,0.0,0.05,1.0,True,1.1142852793561359e-08,6.305633571675389,1.1021877880716267,2.2077692944198965e-05,2.4333763551891218e-05,2.200063276744201e-05,1.7847472285548117e-06,4.5974003595038863e-07,2.428819447889496e-05,1.721652126698977e-07,-1.4785184118813948e-06
hub_x+0.000_y+0.000_D1,xi+0.000000_eta+0.000000,FE,17,-0.0003752776749732568,0.0003752776749732568,0.049624722325026745,1.0,True,1.1142852793561359e-08,6.8297798511439645,1.1000147795628048,1.8303637120953977e-05,2.013427135280376e-05,1.3905454125368223e-05,-1.1854562233622455e-05,1.0634056949332594e-06,1.4325300309058924e-05,-1.4129251318986955e-05,-7.341056657701534e-07
hub_x+0.000_y+0.000_D1,xi+0.000000_eta+0.000000,FE,18,-0.0003752776749732568,0.0003752776749732568,0.05037527767497326,1.0,True,1.1142852793561359e-08,6.525682540397788,1.106760345222347,1.820417715681351e-05,2.0147661394563685e-05,1.3884882568065266e-05,-1.1762089329416806e-05,-5.053282443199977e-07,1.4261835681153991e-05,-1.404652196942182e-05,-2.285502841018792e-06
hub_x+0.000_y+0.000_D1,xi+0.000000_eta+0.000000,FE,19,0.0,-0.00065,0.05,1.0,True,1.1142852793561359e-08,6.305633909304779,1.1021877951989885,2.2077690972271193e-05,2.4333761535812196e-05,-1.7847463089272293e-06,2.2000630864500657e-05,4.597399741774917e-07,-1.7216432468432498e-07,2.428819246152659e-05,-1.4785184743255866e-06
hub_x+0.000_y+0.000_D1,xi+0.000000_eta+0.000000,FE,20,0.0,0.0,0.049350000000000005,1.0,True,1.1142852793561359e-08,179.9992624038031,0.11455717391412507,1.3246996085264677e-06,1.5175384343793995e-07,1.6370573659770739e-12,-4.610018090950003e-13,1.3246996085253758e-06,1.674871969629623e-12,-5.370894594330266e-13,-1.517538434277469e-07
hub_x+0.000_y+0.000_D1,xi+0.000000_eta+0.000000,FE,21,0.0,0.0,0.05065,1.0,True,1.1142852793561359e-08,2.8174530326302883e-05,1.96568933641334,1.5236804948937969e-06,2.995082500913737e-06,1.5451649297749811e-12,-4.2704072561587694e-13,-1.5236804948929535e-06,1.6113816877368078e-12,-4.759692206305929e-13,-2.995082500913266e-06
hub_x+0.000_y+0.000_D1,xi+0.000000_eta+0.000000,FE,22,0.0,0.00065,0.05,1.0,True,1.1142852793561359e-08,6.305634051153887,1.1021877852583728,2.2077691986876253e-05,2.433376243463166e-05,1.7847492634216934e-06,-2.2000631641172596e-05,4.5974006082869666e-07,1.7216735698399024e-07,-2.4288193344676893e-05,-1.478518406335578e-06
hub_x+0.000_y+0.000_D1,xi+0.000000_eta+0.000000,FE,23,0.0003752776749732568,-0.0003752776749732568,0.049624722325026745,1.0,True,1.1142852793561359e-08,6.829780513658475,1.1000147943148326,1.8303634384080664e-05,2.013426861221839e-05,-1.390545113968974e-05,1.1854561515565985e-05,1.0634056335486991e-06,-1.432529726102334e-05,1.4129250500558918e-05,-7.341057313053927e-07
hub_x+0.000_y+0.000_D1,xi+0.000000_eta+0.000000,FE,24,0.0003752776749732568,-0.0003752776749732568,0.05037527767497326,1.0,True,1.1142852793561359e-08,6.525683185211651,1.1067603614614283,1.8204174516524347e-05,2.0147658768015407e-05,-1.388487968171851e-05,1.1762088648040865e-05,-5.053282971525844e-07,-1.42618327001574e-05,1.4046521216398896e-05,-2.2855029167264023e-06
hub_x+0.000_y+0.000_D1,xi+0.000000_eta+0.000000,FE,25,0.00065,0.0,0.05,1.0,True,1.1142852793561359e-08,6.305634380823006,1.1021877949539827,2.2077690270962126e-05,2.433376075742874e-05,-2.2000630013916222e-05,-1.7847481045957257e-06,4.5974002919727065e-07,-2.428819166923788e-05,-1.721661891530792e-07,-1.4785184616551993e-06
hub_x+0.000_y+0.000_D1,xi+0.000000_eta+0.000000,FE,26,0.0003752776749732568,0.0003752776749732568,0.049624722325026745,1.0,True,1.1142852793561359e-08,6.829780643522923,1.1000147862887963,1.830363505270706e-05,2.0134269200811678e-05,-1.1854560370949589e-05,-1.3905452991119218e-05,1.063405692091059e-06,-1.4129249387026913e-05,-1.4325299188960134e-05,-7.341056849878373e-07
hub_x+0.000_y+0.000_D1,xi+0.000000_eta+0.000000,FE,27,0.0003752776749732568,0.0003752776749732568,0.05037527767497326,1.0,True,1.1142852793561359e-08,6.525683292152221,1.1067603517210807,1.82041751469767e-05,2.0147659288460087e-05,-1.1762087529137028e-05,-1.3884881457610198e-05,-5.053282565183131e-07,-1.4046520091021357e-05,-1.4261834550801437e-05,-2.2855028728863486e-06
hub_x+0.000_y+0.000_D1,xi+0.000000_eta+0.000000,FE,28,-0.0007505553499465136,-0.0007505553499465136,0.04924944465005349,2.0,True,1.1142852793561359e-08,6.36279572183426,1.0956496018880737,3.239585399962465e-05,3.549450453751291e-05,2.0855512575168795e-05,2.465521470331721e-05,2.5805696125668266e-06,2.494467319428958e-05,2.5251199832387233e-05,-6.214375464006755e-09
hub_x+0.000_y+0.000_D1,xi+0.000000_eta+0.000000,FE,29,-0.0007505553499465136,-0.0007505553499465136,0.05075055534994652,2.0,True,1.1142852793561359e-08,6.223077621561386,1.1008192842506268,3.187394758860196e-05,3.50874561707268e-05,2.0528619183714217e-05,2.438286957052344e-05,8.932116463260597e-10,2.4606303488959144e-05,2.4880354763030597e-05,-2.5743651659491106e-06
hub_x+0.000_y+0.000_D1,xi+0.000000_eta+0.000000,FE,30,-0.0013,0.0,0.05,2.0,True,1.1142852793561359e-08,6.45427812502238,1.095638802864693,3.7459964399499036e-05,4.104259055002114e-05,3.727737349705367e-05,3.1629808747984593e-06,1.9083788823383885e-06,4.102468124964643e-05,2.18968454655607e-07,-1.1924010388534759e-06
hub_x+0.000_y+0.000_D1,xi+0.000000_eta+0.000000,FE,31,-0.0007505553499465136,0.0007505553499465136,0.04924944465005349,2.0,True,1.1142852793561359e-08,6.362795823994117,1.0956495970176132,3.239585479469261e-05,3.5494505250846074e-05,2.4655216776204626e-05,-2.0855511343014697e-05,2.5805697468876385e-06,2.525120204972093e-05,-2.4944671964746033e-05,-6.214315897008298e-09
hub_x+0.000_y+0.000_D1,xi+0.000000_eta+0.000000,FE,32,-0.0007505553499465136,0.0007505553499465136,0.05075055534994652,2.0,True,1.1142852793561359e-08,6.223077625156595,1.1008192784972226,3.1873948371684106e-05,3.508745684937502e-05,2.438287154402916e-05,-2.0528618055537966e-05,8.933068911302551e-10,2.4880356886635698e-05,-2.4606302316685738e-05,-2.5743650965354e-06
hub_x+0.000_y+0.000_D1,xi+0.000000_eta+0.000000,FE,33,0.0,-0.0013,0.05,2.0,True,1.1142852793561359e-08,6.45427822111063,1.0956388060057383,3.745996309211269e-05,4.104258923526137e-05,-3.1629803421125204e-06,3.727737223406661e-05,1.9083787728577325e-06,-2.1896798678291042e-07,4.1024679933620995e-05,-1.192401148570151e-06
hub_x+0.000_y+0.000_D1,xi+0.000000_eta+0.000000,FE,34,0.0,0.0,0.0487,2.0,True,1.1142852793561359e-08,4.456829278048517e-05,0.46288751815927254,2.72962509512741e-06,1.263509385788795e-06,1.6691182100844115e-12,-4.737441759880413e-13,2.7296250951268586e-06,1.692766574951399e-12,-5.646089046229166e-13,1.263509385787535e-06
hub_x+0.000_y+0.000_D1,xi+0.000000_eta+0.000000,FE,35,0.0,0.0,0.051300000000000005,2.0,True,1.1142852793561359e-08,9.621540352629896e-06,1.5266588319473424,2.8286627382483414e-06,4.318402951947184e-06,1.486886889702631e-12,-4.0800540465355714e-13,-2.8286627382479213e-06,1.566959155097072e-12,-4.445926687022593e-13,-4.318402951946876e-06
hub_x+0.000_y+0.000_D1,xi+0.000000_eta+0.000000,FE,36,0.0,0.0013,0.05,2.0,True,1.1142852793561359e-08,6.4542783514725475,1.0956388007347595,3.745996375175313e-05,4.1042589760538356e-05,3.1629826416425245e-06,-3.727737269573422e-05,1.9083788917966895e-06,2.189702958426833e-07,-4.102468044996615e-05,-1.1924010397311504e-06
hub_x+0.000_y+0.000_D1,xi+0.000000_eta+0.000000,FE,37,0.0007505553499465136,-0.0007505553499465136,0.04924944465005349,2.0,True,1.1142852793561359e-08,6.362796013990146,1.095649605635062,3.239585291535654e-05,3.5494503470921864e-05,-2.465521447232807e-05,2.0855511158596295e-05,2.5805696562163656e-06,-2.5251199750791055e-05,2.494467175919247e-05,-6.214425123453952e-09
hub_x+0.000_y+0.000_D1,xi+0.000000_eta+0.000000,FE,38,0.0007505553499465136,-0.0007505553499465136,0.05075055534994652,2.0,True,1.1142852793561359e-08,6.2230779028763425,1.1008192871695424,3.1873946640698167e-05,3.5087455220293384e-05,-2.4382869398217597e-05,2.052861791659844e-05,8.932250379978474e-10,-2.4880354684510917e-05,2.4606302204937674e-05,-2.5743652437656726e-06
hub_x+0.000_y+0.000_D1,xi+0.000000_eta+0.000000,FE,39,0.0013,0.0,0.05,2.0,True,1.1142852793561359e-08,6.454278531741784,1.0956388064748346,3.745996288333822e-05,4.104258902409229e-05,-3.727737190202066e-05,-3.1629817071265178e-06,1.9083788984110377e-06,-4.102467971591579e-05,-2.1896932447941548e-07,-1.1924011246244264e-06
hub_x+0.000_y+0.000_D1,xi+0.000000_eta+0.000000,FE,40,0.0007505553499465136,0.0007505553499465136,0.04924944465005349,2.0,True,1.1142852793561359e-08,6.3627961750815505,1.0956496010256174,3.239585338981301e-05,3.5494503841433015e-05,-2.085551005132211e-05,-2.4655216020223238e-05,2.5805697722768463e-06,-2.494467068870676e-05,-2.5251201329117436e-05,-6.2143265756949654e-09
hub_x+0.000_y+0.000_D1,xi+0.000000_eta+0.000000,FE,41,0.0007505553499465136,0.0007505553499465136,0.05075055534994652,2.0,True,1.1142852793561359e-08,6.223077965137648,1.1008192814758984,3.187394700842502e-05,3.508745544361529e-05,-2.0528616832497356e-05,-2.4382870791653314e-05,8.932703659303102e-10,-2.4606301090250298e-05,-2.4880356110806654e-05,-2.574365157292419e-06
hub_x+0.000_y+0.000_D1_Conventional,xi+0.000000_eta+0.000000,Conventional,0,-0.0001876388374866284,-0.0001876388374866284,0.04981236116251338,0.5,True,1.1142852793561359e-08,9.867969540683918,1.116151772008677,9.016401666589776e-06,1.0063672697306169e-05,6.211330688298759e-06,6.531467900218093e-06,2.3408793711249422e-07,7.343899065943233e-06,6.75069695042247e-06,-1.331444835996034e-06
hub_x+0.000_y+0.000_D1_Conventional,xi+0.000000_eta+0.000000,Conventional,1,-0.0001876388374866284,-0.0001876388374866284,0.05018763883748663,0.5,True,1.1142852793561359e-08,9.438634588310547,1.1274761410768939,9.021671732630192e-06,1.0171719631168383e-05,6.1683063399207105e-06,6.561019487158861e-06,-5.436736496780751e-07,7.321382885202111e-06,6.7393772196476345e-06,-2.107611822575591e-06
hub_x+0.000_y+0.000_D1_Conventional,xi+0.000000_eta+0.000000,Conventional,2,-0.000325,0.0,0.05,0.5,True,1.1142852793561359e-08,8.205265079507441,1.1127012988856997,1.1438940175162032e-05,1.2728123590778605e-05,1.1434927840379248e-05,2.815324801208549e-07,-1.1187975193304688e-07,1.2599696712533595e-05,-5.756234965013069e-07,-1.7092192617041776e-06
hub_x+0.000_y+0.000_D1_Conventional,xi+0.000000_eta+0.000000,Conventional,3,-0.0001876388374866284,0.0001876388374866284,0.04981236116251338,0.5,True,1.1142852793561359e-08,9.106907146775324,1.1107475808045606,9.892973399238584e-06,1.0988596270168127e-05,7.207747442368557e-06,-6.772497382585954e-06,2.2930043161356552e-07,7.433709638779962e-06,-7.982841264258948e-06,-1.3279511831040217e-06
hub_x+0.000_y+0.000_D1_Conventional,xi+0.000000_eta+0.000000,Conventional,4,-0.0001876388374866284,0.0001876388374866284,0.05018763883748663,0.5,True,1.1142852793561359e-08,8.773182242222532,1.1202701457114455,9.882083693167549e-06,1.107060333887751e-05,7.215213645013957e-06,-6.730605611173778e-06,-5.433399326466433e-07,7.404949457543802e-06,-7.956089968436221e-06,-2.103714389392285e-06
hub_x+0.000_y+0.000_D1_Conventional,xi+0.000000_eta+0.000000,Conventional,5,0.0,-0.000325,0.05,0.5,True,1.1142852793561359e-08,8.654776023230713,1.1178036651557754,1.0887782026340943e-05,1.217040265446108e-05,-7.118893111681756e-07,1.0864051467969699e-05,-9.693690248200993e-08,1.0420887558981153e-07,1.204970000546996e-05,-1.7066256356151696e-06
hub_x+0.000_y+0.000_D1_Conventional,xi+0.000000_eta+0.000000,Conventional,6,0.0,0.0,0.049675000000000004,0.5,True,1.1142852793561359e-08,87.92895467079964,1.608658651818648,7.89463366239023e-07,1.2699770743942783e-06,1.9680373976285084e-07,-6.417159651344669e-07,4.155975393819667e-07,1.9249465399108632e-07,-6.805594722270422e-07,-1.0548110648044758e-06
hub_x+0.000_y+0.000_D1_Conventional,xi+0.000000_eta+0.000000,Conventional,7,0.0,0.0,0.050325,0.5,True,1.1142852793561359e-08,18.739373141944395,2.206512865132082,1.1413904857370363e-06,2.5184927909181265e-06,1.7703623724386477e-07,-6.298401008126384e-07,-9.352710083403029e-07,1.8433659806052486e-07,-6.795859177468574e-07,-2.418054783689197e-06
hub_x+0.000_y+0.000_D1_Conventional,xi+0.000000_eta+0.000000,Conventional,8,0.0,0.000325,0.05,0.5,True,1.1142852793561359e-08,7.831210534657798,1.1091107708097756,1.2149325207834342e-05,1.3474947446079785e-05,1.0784693763092738e-06,-1.2100835152067439e-05,-1.1311689781423034e-07,2.652993004090263e-07,-1.3363122165401443e-05,-1.7119552997585087e-06
hub_x+0.000_y+0.000_D1_Conventional,xi+0.000000_eta+0.000000,Conventional,9,0.0001876388374866284,-0.0001876388374866284,0.04981236116251338,0.5,True,1.1142852793561359e-08,10.262091894322552,1.1141090951996568,8.788718439133278e-06,9.791591148187316e-06,-6.840438374973608e-06,5.513303915412639e-06,2.312024585625794e-07,-7.069357737441883e-06,6.643618941496948e-06,-1.3273152427037692e-06
hub_x+0.000_y+0.000_D1_Conventional,xi+0.000000_eta+0.000000,Conventional,10,0.0001876388374866284,-0.0001876388374866284,0.05018763883748663,0.5,True,1.1142852793561359e-08,9.854894359991341,1.1248879452292564,8.797375790220277e-06,9.896061976070494e-06,-6.862179731223081e-06,5.478135524035978e-06,-5.42532313360246e-07,-7.049890967351957e-06,6.618141879378592e-06,-2.1050601053396907e-06
hub_x+0.000_y+0.000_D1_Conventional,xi+0.000000_eta+0.000000,Conventional,11,0.000325,0.0,0.05,0.5,True,1.1142852793561359e-08,8.496822588487372,1.1072402793841525,1.118414540234992e-05,1.238353627997091e-05,-1.1076113880562471e-05,-1.545737367992496e-06,-1.245217848724512e-07,-1.2239740682919897e-05,-7.742538241535237e-07,-1.7150072384730659e-06
hub_x+0.000_y+0.000_D1_Conventional,xi+0.000000_eta+0.000000,Conventional,12,0.0001876388374866284,0.0001876388374866284,0.04981236116251338,0.5,True,1.1142852793561359e-08,9.303830890370426,1.1057967324002413,9.730704995009865e-06,1.0760181787432614e-05,-5.8231877339152495e-06,-7.792838010029471e-06,2.2086209482127023e-07,-6.961432114946557e-06,-8.095173500704898e-06,-1.3372138950341623e-06
hub_x+0.000_y+0.000_D1_Conventional,xi+0.000000_eta+0.000000,Conventional,13,0.0001876388374866284,0.0001876388374866284,0.05018763883748663,0.5,True,1.1142852793561359e-08,8.884182163087907,1.1144750639283574,9.749388475160891e-06,1.0865450344117324e-05,-5.806913818139178e-06,-7.81125247331266e-06,-5.609477216917523e-07,-6.947969443024304e-06,-8.081730147436367e-06,-2.114088366955832e-06
hub_x+0.000_y+0.000_D1_Conventional,xi+0.000000_eta+0.000000,Conventional,14,-0.0003752776749732568,-0.0003752776749732568,0.049624722325026745,1.0,True,1.1142852793561359e-08,6.736993493046297,1.1026483444402775,1.7864176909494297e-05,1.9697905094042118e-05,1.186724530579496e-05,1.3325599115099303e-05,8.518883315677617e-07,1.4077873311153354e-05,1.3746452373841801e-05,-9.252001203553839e-07
hub_x+0.000_y+0.000_D1_Conventional,xi+0.000000_eta+0.000000,Conventional,15,-0.0003752776749732568,-0.0003752776749732568,0.05037527767497326,1.0,True,1.1142852793561359e-08,6.484415460633993,1.1092370618549174,1.7777715457270152e-05,1.9719700860315095e-05,1.1754518371975395e-05,1.332198641773422e-05,-6.349351212998311e-07,1.3985729860210052e-05,1.3691984907759131e-05,-2.4073868785961846e-06
hub_x+0.000_y+0.000_D1_Conventional,xi+0.000000_eta+0.000000,Conventional,16,-0.00065,0.0,0.05,1.0,True,1.1142852793561359e-08,6.1688283366409005,1.1023635473787454,2.1829334992997694e-05,2.406386315979992e-05,2.179794175031126e-05,1.139678633178613e-06,2.659592066970665e-07,2.4004104709314684e-05,-4.840524253765937e-07,-1.6242415237024626e-06
hub_x+0.000_y+0.000_D1_Conventional,xi+0.000000_eta+0.000000,Conventional,17,-0.0003752776749732568,0.0003752776749732568,0.049624722325026745,1.0,True,1.1142852793561359e-08,6.557401540075298,1.1009420099856027,1.8699223308748014e-05,2.058676049470267e-05,1.3847752721489099e-05,-1.2536405047202322e-05,8.597938167935801e-07,1.4232842725989503e-05,-1.4846615847365329e-05,-9.049273364523958e-07
hub_x+0.000_y+0.000_D1_Conventional,xi+0.000000_eta+0.000000,Conventional,18,-0.0003752776749732568,0.0003752776749732568,0.05037527767497326,1.0,True,1.1142852793561359e-08,6.296634840411574,1.1071816986539156,1.855876298325774e-05,2.0547922724718717e-05,1.3781961701140271e-05,-1.2412761925342233e-05,-6.391842628027703e-07,1.4121750317551931e-05,-1.4734248408147037e-05,-2.3864660309232047e-06
hub_x+0.000_y+0.000_D1_Conventional,xi+0.000000_eta+0.000000,Conventional,19,0.0,-0.00065,0.05,1.0,True,1.1142852793561359e-08,6.3527655676818275,1.1063986753509694,2.1570484261402393e-05,2.386555521349454e-05,-1.5571155757320588e-06,2.1511662679423954e-05,3.3098507806196106e-07,3.0153888426446576e-08,2.381088457960839e-05,-1.614184601567193e-06
hub_x+0.000_y+0.000_D1_Conventional,xi+0.000000_eta+0.000000,Conventional,20,0.0,0.0,0.049350000000000005,1.0,True,1.1142852793561359e-08,85.64030005307004,0.6239410411740977,1.2788223745884128e-06,7.979097638774261e-07,2.0657330799662893e-07,-6.417028349194976e-07,1.08670677085751e-06,1.9653383307646315e-07,-6.803129708162431e-07,-3.677073639273227e-07
hub_x+0.000_y+0.000_D1_Conventional,xi+0.000000_eta+0.000000,Conventional,21,0.0,0.0,0.05065,1.0,True,1.1142852793561359e-08,9.020781428709183,1.8025789653267776,1.7563378950855742e-06,3.165937745687565e-06,1.7090426207518019e-07,-6.303627027580626e-07,-1.6303856592505081e-06,1.8022825751158116e-07,-6.784305993988397e-07,-3.087136457392665e-06
hub_x+0.000_y+0.000_D1_Conventional,xi+0.000000_eta+0.000000,Conventional,22,0.0,0.00065,0.05,1.0,True,1.1142852793561359e-08,6.032213359767956,1.1022125010708173,2.2714944542586343e-05,2.5036695835969006e-05,1.9004273629451276e-06,-2.2633429970212553e-05,2.9142613888721897e-07,3.1850832272325254e-07,-2.498191020211245e-05,-1.6244548269415166e-06
hub_x+0.000_y+0.000_D1_Conventional,xi+0.000000_eta+0.000000,Conventional,23,0.0003752776749732568,-0.0003752776749732568,0.049624722325026745,1.0,True,1.1142852793561359e-08,7.009357527358171,1.1026840799780913,1.7647795141742412e-05,1.9459942749514062e-05,-1.3515205570166768e-05,1.131462727239597e-05,8.735567799482329e-07,-1.3914643930841795e-05,1.3574193727020697e-05,-9.018429761130519e-07
hub_x+0.000_y+0.000_D1_Conventional,xi+0.000000_eta+0.000000,Conventional,24,0.0003752776749732568,-0.0003752776749732568,0.05037527767497326,1.0,True,1.1142852793561359e-08,6.724136755673402,1.108644873970143,1.7537375856191427e-05,1.9442721845854376e-05,-1.3474711309448532e-05,1.1207005025400002e-05,-6.282876801313583e-07,-1.3820838436317542e-05,1.3464356006065854e-05,-2.3906013959648367e-06
hub_x+0.000_y+0.000_D1_Conventional,xi+0.000000_eta+0.000000,Conventional,25,0.00065,0.0,0.05,1.0,True,1.1142852793561359e-08,6.3191773099071264,1.0994739296646143,2.1609923317545846e-05,2.375954730969311e-05,-2.14762118733565e-05,-2.387241998966959e-06,2.493692027518891e-07,-2.3688565247440306e-05,-8.333875131714863e-07,-1.6350627303557466e-06
hub_x+0.000_y+0.000_D1_Conventional,xi+0.000000_eta+0.000000,Conventional,26,0.0003752776749732568,0.0003752776749732568,0.049624722325026745,1.0,True,1.1142852793561359e-08,6.582612304252385,1.0975222698268632,1.8550781361792624e-05,2.0359895667256507e-05,-1.1473889378340443e-05,-1.4553088440322971e-05,8.300412729358046e-07,-1.3688120908638309e-05,-1.5042916980236319e-05,-9.334593176924764e-07
hub_x+0.000_y+0.000_D1_Conventional,xi+0.000000_eta+0.000000,Conventional,27,0.0003752776749732568,0.0003752776749732568,0.05037527767497326,1.0,True,1.1142852793561359e-08,6.268893384046879,1.1031630617548087,1.8477965829747908e-05,2.0384209359745438e-05,-1.1401318192921765e-05,-1.452552691875674e-05,-6.739676561644086e-07,-1.3612494830089001e-05,-1.49788752930773e-05,-2.4185265508512048e-06
hub_x+0.000_y+0.000_D1_Conventional,xi+0.000000_eta+0.000000,Conventional,28,-0.0007505553499465136,-0.0007505553499465136,0.04924944465005349,2.0,True,1.1142852793561359e-08,6.222896410658533,1.0967531755072266,3.1912381889922384e-05,3.500000617577168e-05,2.070118696518948e-05,2.4177346239658627e-05,2.305841479412757e-06,2.4680394754682414e-05,2.4815790739461874e-05,-2.3468496402455839e-07
hub_x+0.000_y+0.000_D1_Conventional,xi+0.000000_eta+0.000000,Conventional,29,-0.0007505553499465136,-0.0007505553499465136,0.05075055534994652,2.0,True,1.1142852793561359e-08,6.105006303496882,1.1013980824963132,3.142446445699683e-05,3.4610844896409856e-05,2.0351576508983278e-05,2.394350230634676e-05,-1.3783074411997407e-07,2.4313036673902663e-05,2.4485969723460745e-05,-2.6877720957269474e-06
hub_x+0.000_y+0.000_D1_Conventional,xi+0.000000_eta+0.000000,Conventional,30,-0.0013,0.0,0.05,2.0,True,1.1142852793561359e-08,6.310095953820347,1.0959568130185973,3.6851173596050116e-05,4.038729477032216e-05,3.672813285651303e-05,2.5158321837607856e-06,1.6504062238438938e-06,4.036381385693683e-05,-4.020866671751777e-07,-1.316979916143751e-06
hub_x+0.000_y+0.000_D1_Conventional,xi+0.000000_eta+0.000000,Conventional,31,-0.0007505553499465136,0.0007505553499465136,0.04924944465005349,2.0,True,1.1142852793561359e-08,6.21763081178588,1.0961070499782435,3.2609839743983204e-05,3.574387524204071e-05,2.438117356329141e-05,-2.1524648320634807e-05,2.3768757809191213e-06,2.491322334788352e-05,-2.5630704072660163e-05,-1.5142152014768853e-07
hub_x+0.000_y+0.000_D1_Conventional,xi+0.000000_eta+0.000000,Conventional,32,-0.0007505553499465136,0.0007505553499465136,0.05075055534994652,2.0,True,1.1142852793561359e-08,6.113062534525792,1.1019462824497537,3.192463342061094e-05,3.517923111641339e-05,2.3952386454949768e-05,-2.110589748592742e-05,-8.058204918498789e-08,2.4406283344107427e-05,-2.52014398940728e-05,-2.6075012051020137e-06
hub_x+0.000_y+0.000_D1_Conventional,xi+0.000000_eta+0.000000,Conventional,33,0.0,-0.0013,0.05,2.0,True,1.1142852793561359e-08,6.485916926001204,1.0994477446960187,3.718424019260585e-05,4.088212901799555e-05,-2.9308880915882088e-06,3.7020827489177855e-05,1.8804110488199189e-06,-4.2905486496934254e-08,4.086180591045916e-05,-1.2881963744814709e-06
hub_x+0.000_y+0.000_D1_Conventional,xi+0.000000_eta+0.000000,Conventional,34,0.0,0.0,0.0487,2.0,True,1.1142852793561359e-08,19.783311746006266,0.48189133050320965,2.5342860885995125e-06,1.221250495110994e-06,2.2340381406865866e-07,-6.478297953754953e-07,2.4398797656754185e-06,2.0331046935343712e-07,-6.784932573975057e-07,9.948690991915747e-07
hub_x+0.000_y+0.000_D1_Conventional,xi+0.000000_eta+0.000000,Conventional,35,0.0,0.0,0.051300000000000005,2.0,True,1.1142852793561359e-08,3.581397393540661,1.495391949353709,2.947644684906348e-06,4.407884131364203e-06,1.5726397935166934e-07,-6.266460442802047e-07,-2.875968004766933e-06,1.7096408720292415e-07,-6.742745259630463e-07,-4.3526506476004406e-06
hub_x+0.000_y+0.000_D1_Conventional,xi+0.000000_eta+0.000000,Conventional,36,0.0,0.0013,0.05,2.0,True,1.1142852793561359e-08,6.271151337784463,1.0957658151398098,3.789030457876174e-05,4.1518900482642524e-05,3.180421636706571e-06,-3.771504504176983e-05,1.770727754731031e-06,3.1191575673438896e-07,-4.1497209629815086e-05,-1.3051432057274327e-06
hub_x+0.000_y+0.000_D1_Conventional,xi+0.000000_eta+0.000000,Conventional,37,0.0007505553499465136,-0.0007505553499465136,0.04924944465005349,2.0,True,1.1142852793561359e-08,6.5153413334684815,1.0974395976948665,3.182713950617038e-05,3.492836317543002e-05,-2.4213820190897157e-05,2.0510690886032363e-05,2.4432110604205913e-06,-2.4760358442262854e-05,2.463525862061376e-05,-1.3869614585156366e-07
hub_x+0.000_y+0.000_D1_Conventional,xi+0.000000_eta+0.000000,Conventional,38,0.0007505553499465136,-0.0007505553499465136,0.05075055534994652,2.0,True,1.1142852793561359e-08,6.362032021741488,1.1024241422185734,3.1183198567228825e-05,3.4377110932108686e-05,-2.3830730670282566e-05,2.011177137101467e-05,-6.928869828435954e-08,-2.4276982227845157e-05,2.41981037903955e-05,-2.6202409997257972e-06
hub_x+0.000_y+0.000_D1_Conventional,xi+0.000000_eta+0.000000,Conventional,39,0.0013,0.0,0.05,2.0,True,1.1142852793561359e-08,6.414095749251684,1.0931863262672914,3.6770358935118026e-05,4.019685359981135e-05,-3.654876208411934e-05,-3.691190778029079e-06,1.61938166472508e-06,-4.016654977015571e-05,-7.957011790317396e-07,-1.3424524274470646e-06
hub_x+0.000_y+0.000_D1_Conventional,xi+0.000000_eta+0.000000,Conventional,40,0.0007505553499465136,0.0007505553499465136,0.04924944465005349,2.0,True,1.1142852793561359e-08,6.173225261082057,1.0934501346809558,3.248437422498591e-05,3.552004337133741e-05,-2.0297982518758375e-05,-2.5258923289967593e-05,2.28325834907943e-06,-2.427000303053406e-05,-2.5934207395898692e-05,-2.394175141297643e-07
hub_x+0.000_y+0.000_D1_Conventional,xi+0.000000_eta+0.000000,Conventional,41,0.0007505553499465136,0.0007505553499465136,0.05075055534994652,2.0,True,1.1142852793561359e-08,5.979467139479731,1.0980479467485162,3.1977159950104365e-05,3.511245482606099e-05,-1.9999322833086553e-05,-2.4950466982736297e-05,-2.0010506222296484e-07,-2.3930783367711017e-05,-2.5552582188041966e-05,-2.6958551228171652e-06
hub_x+0.000_y+0.667_D1,xi+0.000000_eta+0.666667,FE,0,-0.0001876388374866284,0.007812361162513271,0.04981236116251338,0.5,True,1.1142852793561359e-08,9.477124994779235,1.1059978277812372,9.036176006522729e-06,9.993991034663073e-06,6.102026859442194e-06,6.584236507789381e-06,-1.032266747016776e-06,7.034162937469748e-06,6.599113829207886e-06,-2.6176526200414928e-06
hub_x+0.000_y+0.667_D1,xi+0.000000_eta+0.666667,FE,1,-0.0001876388374866284,0.007812361162513271,0.05018763883748663,0.5,True,1.1142852793561359e-08,8.625367345556969,1.1119190038443982,9.479529795388165e-06,1.05404693270013e-05,6.033491499472357e-06,7.0900055686099024e-06,-1.7861373140179835e-06,6.9706707622668396e-06,7.152993451270023e-06,-3.3683716308658146e-06
hub_x+0.000_y+0.667_D1,xi+0.000000_eta+0.666667,FE,2,-0.000325,0.0079999999999999,0.05,0.5,True,1.1142852793561359e-08,8.304600384211215,1.1041578211104734,1.1387014996333944e-05,1.2573061667304374e-05,1.131384886976359e-05,7.13853335118923e-07,-1.0730087114384993e-06,1.2282214055372444e-05,-2.3118568795540885e-07,-2.6787405185151494e-06
hub_x+0.000_y+0.667_D1,xi+0.000000_eta+0.666667,FE,3,-0.0001876388374866284,0.008187638837486529,0.04981236116251338,0.5,True,1.1142852793561359e-08,9.8661658432983,1.1181284220962602,9.476222389652973e-06,1.059563358797593e-05,6.952565962066997e-06,-6.42380452719419e-06,-4.419872369957614e-07,6.976677370705714e-06,-7.70747000740356e-06,-2.0465410039139396e-06
hub_x+0.000_y+0.667_D1,xi+0.000000_eta+0.666667,FE,4,-0.0001876388374866284,0.008187638837486529,0.05018763883748663,0.5,True,1.1142852793561359e-08,9.723816052367766,1.1275778905227194,9.093513717315885e-06,1.0253645014810458e-05,6.8889352214122086e-06,-5.813184403409177e-06,-1.2006041538153972e-06,6.923728442383613e-06,-7.0263640522713595e-06,-2.7981116401645525e-06
hub_x+0.000_y+0.667_D1,xi+0.000000_eta+0.666667,FE,5,0.0,0.0076749999999999,0.05,0.5,True,1.1142852793561359e-08,7.59231099812988,1.1097562550380649,1.1254709898983737e-05,1.2489984709036029e-05,-8.800670218418987e-07,1.111059453003502e-05,-1.5648214391759514e-06,-2.746603466748164e-07,1.2067113166825467e-05,-3.210772421855171e-06
hub_x+0.000_y+0.667_D1,xi+0.000000_eta+0.666667,FE,6,0.0,0.0079999999999999,0.049675000000000004,0.5,True,1.1142852793561359e-08,27.75662604217657,2.7407781220184795,8.285279595296553e-07,2.2708113049594912e-06,-1.0853896069811917e-07,-6.237954666227816e-07,-5.343754200501858e-07,-3.029246112656895e-07,-8.214490972909266e-07,-2.095242717009483e-06
hub_x+0.000_y+0.667_D1,xi+0.000000_eta+0.666667,FE,7,0.0,0.0079999999999999,0.050325,0.5,True,1.1142852793561359e-08,6.540302645058096,1.8140680196288395,1.89433091111799e-06,3.4364451244535074e-06,-1.3729231623413904e-07,3.617882520816543e-07,-1.8543866051543514e-06,-3.0924991769384895e-07,2.7184845432135397e-07,-3.4116884382472147e-06
hub_x+0.000_y+0.667_D1,xi+0.000000_eta+0.666667,FE,8,0.0,0.0083249999999999,0.05,0.5,True,1.1142852793561359e-08,8.668073564348958,1.1257400620570615,1.1357961064917676e-05,1.2786111794062113e-05,6.291048453801328e-07,-1.1326945236309956e-05,-5.548137158905547e-07,-3.611265805666372e-07,-1.2585716281989764e-05,-2.22575561828343e-06
hub_x+0.000_y+0.667_D1,xi+0.000000_eta+0.666667,FE,9,0.0001876388374866284,0.007812361162513271,0.04981236116251338,0.5,True,1.1142852793561359e-08,8.966503169364252,1.1293220864231879,9.208823230333354e-06,1.0399727463982385e-05,-7.181107831074219e-06,5.677559288903748e-06,-9.997180237419638e-07,-7.593599870209371e-06,6.588865950906767e-06,-2.6605296121725834e-06
hub_x+0.000_y+0.667_D1,xi+0.000000_eta+0.666667,FE,10,0.0001876388374866284,0.007812361162513271,0.05018763883748663,0.5,True,1.1142852793561359e-08,8.129666446969374,1.1365226019369652,9.612415331965106e-06,1.092472728398376e-05,-7.152929326648355e-06,6.179385996487489e-06,-1.7462300159446554e-06,-7.531079495492356e-06,7.142618243254515e-06,-3.408153824744647e-06
hub_x+0.000_y+0.667_D1,xi+0.000000_eta+0.666667,FE,11,0.000325,0.0079999999999999,0.05,0.5,True,1.1142852793561359e-08,7.7629940328851825,1.1333991783943138,1.1608150729914245e-05,1.315666849996216e-05,-1.152582046537443e-05,-9.334843460607122e-07,-1.016480665838853e-06,-1.2861820687930967e-05,-3.036528412192787e-07,-2.7530509551090843e-06
hub_x+0.000_y+0.667_D1,xi+0.000000_eta+0.666667,FE,12,0.0001876388374866284,0.008187638837486529,0.04981236116251338,0.5,True,1.1142852793561359e-08,9.367733541902442,1.1411340525773235,9.725334962266368e-06,1.1097910898162953e-05,-6.285127386665742e-06,-7.410018173140017e-06,-4.134543933731093e-07,-7.628070294920988e-06,-7.784462688959204e-06,-2.092441283169035e-06
hub_x+0.000_y+0.667_D1,xi+0.000000_eta+0.666667,FE,13,0.0001876388374866284,0.008187638837486529,0.05018763883748663,0.5,True,1.1142852793561359e-08,9.080073835448424,1.154931060365378,9.33081491364197e-06,1.0776447962285604e-05,-6.283789075569703e-06,-6.798633746476952e-06,-1.1647664949074722e-06,-7.5897171979330804e-06,-7.103041104171936e-06,-2.8416246429977856e-06
hub_x+0.000_y+0.667_D1,xi+0.000000_eta+0.666667,FE,14,-0.0003752776749732568,0.007624722325026643,0.049624722325026745,1.0,True,1.1142852793561359e-08,6.4136374339532525,1.0935017829993519,1.7681388401811427e-05,1.9334629743284858e-05,1.2016312662253994e-05,1.295210757906172e-05,-6.947194247161346e-07,1.4013886643752256e-05,1.309764811888427e-05,-2.427035681621696e-06
hub_x+0.000_y+0.667_D1,xi+0.000000_eta+0.666667,FE,15,-0.0003752776749732568,0.007624722325026643,0.05037527767497326,1.0,True,1.1142852793561359e-08,5.894153637636914,1.0976470470573052,1.8216000242977384e-05,1.999473887589928e-05,1.1759767433398988e-05,1.3747715278417624e-05,-2.1285815436772358e-06,1.3742076183992352e-05,1.3999698415179545e-05,-3.866958643788103e-06
hub_x+0.000_y+0.667_D1,xi+0.000000_eta+0.666667,FE,16,-0.00065,0.0079999999999999,0.05,1.0,True,1.1142852793561359e-08,6.130099024903086,1.0960412497258099,2.1932276000281003e-05,2.4038679196679377e-05,2.1870008236005162e-05,1.509701610864757e-06,-6.6953069811684e-07,2.390561191187648e-05,-1.9457326516358045e-07,-2.518324419946471e-06
hub_x+0.000_y+0.667_D1,xi+0.000000_eta+0.666667,FE,17,-0.0003752776749732568,0.008375277674973156,0.049624722325026745,1.0,True,1.1142852793561359e-08,6.956133629684382,1.1010888356371373,1.836938698139411e-05,2.022632692271123e-05,1.3649986570369874e-05,-1.2284138981869227e-05,4.6062368051848413e-07,1.3861990160300506e-05,-1.4669641307018205e-05,-1.3233115670734266e-06
hub_x+0.000_y+0.667_D1,xi+0.000000_eta+0.666667,FE,18,-0.0003752776749732568,0.008375277674973156,0.05037527767497326,1.0,True,1.1142852793561359e-08,6.790532220352482,1.104517992247805,1.7449056135005574e-05,1.9272796448855602e-05,1.3455710037707257e-05,-1.1062943639881958e-05,-1.0122773357707471e-06,1.3692404116960695e-05,-1.3277645119663893e-05,-2.7681930086474314e-06
hub_x+0.000_y+0.667_D1,xi+0.000000_eta+0.666667,FE,19,0.0,0.0073499999999999,0.05,1.0,True,1.1142852793561359e-08,5.529030157365291,1.0988070526271259,2.156903219027503e-05,2.3700204689015707e-05,-1.5545323422557556e-06,2.1451417484760062e-05,-1.6258126326645349e-06,-2.4888462100207684e-07,2.3432875852664458e-05,-3.540916268465794e-06
hub_x+0.000_y+0.667_D1,xi+0.000000_eta+0.666667,FE,20,0.0,0.0079999999999999,0.049350000000000005,1.0,True,1.1142852793561359e-08,52.92882064821867,1.7822680631917265,1.1196071068326166e-06,1.99543998983026e-06,-5.098481302297644e-08,-1.1104271434290265e-06,1.336868791137212e-07,-2.7292634741714396e-07,-1.371636956198882e-06,-1.4233425526867351e-06
hub_x+0.000_y+0.667_D1,xi+0.000000_eta+0.666667,FE,21,0.0,0.0079999999999999,0.05065,1.0,True,1.1142852793561359e-08,7.506938622360595,1.565940359771419,2.6392444022710984e-06,4.132899328817107e-06,-1.2506812583031103e-07,8.373490946400887e-07,-2.4997630832793025e-06,-2.8947481091424733e-07,7.946334419767744e-07,-4.0454442140357346e-06
hub_x+0.000_y+0.667_D1,xi+0.000000_eta+0.666667,FE,22,0.0,0.008649999999999899,0.05,1.0,True,1.1142852793561359e-08,6.660550772356917,1.1071585521258565,2.1625111636276697e-05,2.394242728878012e-05,1.3478252764738466e-06,-2.1580465664550963e-05,3.351447547926451e-07,-4.172074141385444e-07,-2.3881740372756383e-05,-1.6517382420857649e-06
hub_x+0.000_y+0.667_D1,xi+0.000000_eta+0.666667,FE,23,0.0003752776749732568,0.007624722325026643,0.049624722325026745,1.0,True,1.1142852793561359e-08,6.18483139333962,1.103809943485591,1.7854996657173307e-05,1.9708522851089886e-05,-1.3876497270026469e-05,1.1217290193645902e-05,-6.450812771685365e-07,-1.4475625465980733e-05,1.3136435546603247e-05,-2.513205417493941e-06
hub_x+0.000_y+0.667_D1,xi+0.000000_eta+0.666667,FE,24,0.0003752776749732568,0.007624722325026643,0.05037527767497326,1.0,True,1.1142852793561359e-08,5.767877100210344,1.112586916321788,1.8290550002836016e-05,2.0349826625484796e-05,-1.363258104682929e-05,1.2024126840654205e-05,-2.029119791371235e-06,-1.4200044535049081e-05,1.4034246144296084e-05,-3.9387960154370935e-06
hub_x+0.000_y+0.667_D1,xi+0.000000_eta+0.666667,FE,25,0.00065,0.0079999999999999,0.05,1.0,True,1.1142852793561359e-08,5.969215701073549,1.1112811587837361,2.2034052901263234e-05,2.4486027840817948e-05,-2.1965852469245426e-05,-1.6463675433827783e-06,-5.38782393093086e-07,-2.4338945270939532e-05,-3.295278446299009e-07,-2.6594574482655816e-06
hub_x+0.000_y+0.667_D1,xi+0.000000_eta+0.666667,FE,26,0.0003752776749732568,0.008375277674973156,0.049624722325026745,1.0,True,1.1142852793561359e-08,6.808985175347066,1.113760639183472,1.8694469367931333e-05,2.0821164152423038e-05,-1.2045074983950138e-05,-1.4287846473684436e-05,5.067511459926026e-07,-1.4484296099714906e-05,-1.4890201681894592e-05,-1.4170169478284686e-06
hub_x+0.000_y+0.667_D1,xi+0.000000_eta+0.666667,FE,27,0.0003752776749732568,0.008375277674973156,0.05037527767497326,1.0,True,1.1142852793561359e-08,6.69312415598122,1.121942171918535,1.7748701063694903e-05,1.9913016220134672e-05,-1.1994449056799846e-05,-1.3049459787829178e-05,-9.279981239566629e-07,-1.4362111881459738e-05,-1.3495603030044894e-05,-2.850729054684543e-06
hub_x+0.000_y+0.667_D1,xi+0.000000_eta+0.666667,FE,28,-0.0007505553499465136,0.007249444650053386,0.04924944465005349,2.0,True,1.1142852793561359e-08,5.976934755066897,1.090499086421949,3.1662369984079e-05,3.4527785541591895e-05,2.1446125625086723e-05,2.328923001876318e-05,4.2559818473023364e-07,2.52304896855859e-05,2.348855915842463e-05,-1.9692519627747437e-06
hub_x+0.000_y+0.667_D1,xi+0.000000_eta+0.666667,FE,29,-0.0007505553499465136,0.007249444650053386,0.05075055534994652,2.0,True,1.1142852793561359e-08,5.610617492129484,1.0975517544176074,3.1458627332823834e-05,3.45274716207105e-05,2.0353027467973357e-05,2.390246738213986e-05,-2.0178105954605623e-06,2.409323907391613e-05,2.4338359648211338e-05,-4.393902261135065e-06
hub_x+0.000_y+0.667_D1,xi+0.000000_eta+0.666667,FE,30,-0.0013,0.0079999999999999,0.05,2.0,True,1.1142852793561359e-08,6.21961186007738,1.0952745321219952,3.722365129698432e-05,4.0770117258176805e-05,3.7102340278953925e-05,2.8929042321093528e-06,8.047774897694431e-07,4.0719759306279454e-05,-1.7077098015504212e-07,-2.0185392135132377e-06
hub_x+0.000_y+0.667_D1,xi+0.000000_eta+0.666667,FE,31,-0.0007505553499465136,0.008750555349946412,0.04924944465005349,2.0,True,1.1142852793561359e-08,6.604012997311173,1.0955948174906323,3.2338118763369616e-05,3.542947532454433e-05,2.4350367170552123e-05,-2.1131358491376163e-05,2.5058396042125357e-06,2.4712739344276434e-05,-2.538751798231876e-05,-4.6546447649658527e-08
hub_x+0.000_y+0.667_D1,xi+0.000000_eta+0.666667,FE,32,-0.0007505553499465136,0.008750555349946412,0.05075055534994652,2.0,True,1.1142852793561359e-08,6.330692516585806,1.1000793990975315,3.0447987169063868e-05,3.349520342867313e-05,2.384825987571721e-05,-1.892974573368392e-05,-7.176354095149962e-08,2.432670737726013e-05,-2.2890679033178918e-05,-2.4812848102014554e-06
hub_x+0.000_y+0.667_D1,xi+0.000000_eta+0.666667,FE,33,0.0,0.0066999999999999,0.05,2.0,True,1.1142852793561359e-08,5.699028644646216,1.0969991492688522,3.653668779522626e-05,4.0080715428464866e-05,-2.814406106974787e-06,3.641819542439612e-05,-8.507146062884751e-07,-2.546992942130025e-07,3.99054207556243e-05,-3.7358093960610665e-06
hub_x+0.000_y+0.667_D1,xi+0.000000_eta+0.666667,FE,34,0.0,0.0079999999999999,0.0487,2.0,True,1.1142852793561359e-08,37.880968999685834,0.9683823817691846,2.517436747236686e-06,2.4378413932423305e-06,1.4142838457422754e-07,-2.042097388795612e-06,1.4653750520083559e-06,-1.6354935799010587e-07,-2.431427094580396e-06,-6.696678166871498e-08
hub_x+0.000_y+0.667_D1,xi+0.000000_eta+0.666667,FE,35,0.0,0.0079999999999999,0.051300000000000005,2.0,True,1.1142852793561359e-08,6.284913239417334,1.3502811405021111,4.0930427805884755e-06,5.526758473896939e-06,-8.071227707516289e-08,1.7085897064730486e-06,-3.7184951185918104e-06,-2.2405791839834472e-07,1.752642242343288e-06,-5.236707214304473e-06
hub_x+0.000_y+0.667_D1,xi+0.000000_eta+0.666667,FE,36,0.0,0.009299999999999899,0.05,2.0,True,1.1142852793561359e-08,6.806597198453913,1.1031087862139073,3.626942286747182e-05,4.0009119036015775e-05,2.4920116338549664e-06,-3.609275634309069e-05,2.563952556992109e-06,-5.771902255226902e-07,-4.0001065769381185e-05,-5.578483622650686e-07
hub_x+0.000_y+0.667_D1,xi+0.000000_eta+0.666667,FE,37,0.0007505553499465136,0.007249444650053386,0.04924944465005349,2.0,True,1.1142852793561359e-08,5.799685926797013,1.0980168838881434,3.174591568480333e-05,3.4857551416403486e-05,-2.4600315658719668e-05,2.0060103218412598e-05,4.689253934541549e-07,-2.5437054361251226e-05,2.3736829181934087e-05,-2.13731058988745e-06
hub_x+0.000_y+0.667_D1,xi+0.000000_eta+0.666667,FE,38,0.0007505553499465136,0.007249444650053386,0.05075055534994652,2.0,True,1.1142852793561359e-08,5.678232571847363,1.1067622676500748,3.1502420840590625e-05,3.4865690725999054e-05,-2.3566986580269565e-05,2.0827305407869142e-05,-1.7952748509400156e-06,-2.4294692205187258e-05,2.4598754697416103e-05,-4.50395246340139e-06
hub_x+0.000_y+0.667_D1,xi+0.000000_eta+0.666667,FE,39,0.0013,0.0079999999999999,0.05,2.0,True,1.1142852793561359e-08,6.294390564419542,1.1024168280541655,3.688520805508188e-05,4.066287406620132e-05,-3.6753264501645614e-05,-2.9296454312194735e-06,1.0645653507833772e-06,-4.0598876491460506e-05,-3.65906150791318e-07,-2.250925952512941e-06
hub_x+0.000_y+0.667_D1,xi+0.000000_eta+0.666667,FE,40,0.0007505553499465136,0.008750555349946412,0.04924944465005349,2.0,True,1.1142852793561359e-08,6.520381333464744,1.1040071444083575,3.281373354085231e-05,3.62265962638131e-05,-2.0835158086367794e-05,-2.5218175044860762e-05,2.5847521762987006e-06,-2.512458465386535e-05,-2.6097396654187978e-05,-2.177399964387445e-07
hub_x+0.000_y+0.667_D1,xi+0.000000_eta+0.666667,FE,41,0.0007505553499465136,0.008750555349946412,0.05075055534994652,2.0,True,1.1142852793561359e-08,6.362768813458999,1.1087997787137136,3.097351010981967e-05,3.434342115575502e-05,-2.0827508018330933e-05,-2.2924938216588437e-05,1.4298963271787887e-07,-2.4893991846387536e-05,-2.3514880100605897e-05,-2.609628419465327e-06
hub_x+0.000_y+0.667_D1_Conventional,xi+0.000000_eta+0.666667,Conventional,0,-0.0001876388374866284,0.007812361162513271,0.04981236116251338,0.5,True,1.1142852793561359e-08,9.93409110721495,1.1414905687183525,8.560890532047309e-06,9.772175802162242e-06,5.487877186682813e-06,6.469840793866638e-06,-1.145954094893288e-06,6.6421755137706875e-06,6.612778374490484e-06,-2.7655174059299193e-06
hub_x+0.000_y+0.667_D1_Conventional,xi+0.000000_eta+0.666667,Conventional,1,-0.0001876388374866284,0.007812361162513271,0.05018763883748663,0.5,True,1.1142852793561359e-08,9.115481039408175,1.1434092674566443,9.037617880731929e-06,1.0333696040560765e-05,5.446974244688738e-06,6.969784842636209e-06,-1.8523249669487245e-06,6.616117015655443e-06,7.135289854577572e-06,-3.4784922286844517e-06
hub_x+0.000_y+0.667_D1_Conventional,xi+0.000000_eta+0.666667,Conventional,2,-0.000325,0.0079999999999999,0.05,0.5,True,1.1142852793561359e-08,8.114872756673115,1.1337868440635608,1.076577319244602e-05,1.2206092011767459e-05,1.0677683159971348e-05,6.430482725554345e-07,-1.2146784288926508e-06,1.1871674886345373e-05,-1.714218903517483e-07,-2.83242513195992e-06
hub_x+0.000_y+0.667_D1_Conventional,xi+0.000000_eta+0.666667,Conventional,3,-0.0001876388374866284,0.008187638837486529,0.04981236116251338,0.5,True,1.1142852793561359e-08,8.9491729453137,1.1350787208489594,9.050566874275305e-06,1.0273105870610379e-05,6.28942193208032e-06,-6.474019136832047e-06,-6.655890037620443e-07,6.528254832981574e-06,-7.617169552069252e-06,-2.2129891729177686e-06
hub_x+0.000_y+0.667_D1_Conventional,xi+0.000000_eta+0.666667,Conventional,4,-0.0001876388374866284,0.008187638837486529,0.05018763883748663,0.5,True,1.1142852793561359e-08,8.775376715020826,1.1489093392444516,8.678669218736523e-06,9.97100411761974e-06,6.253890906800813e-06,-5.857846882928425e-06,-1.3761460061507465e-06,6.513349249804955e-06,-6.9570857297993e-06,-2.9319213515846504e-06
hub_x+0.000_y+0.667_D1_Conventional,xi+0.000000_eta+0.666667,Conventional,5,0.0,0.0076749999999999,0.05,0.5,True,1.1142852793561359e-08,8.352308734496713,1.116948593677678,1.1162653390753638e-05,1.246811000651364e-05,-1.440924147359656e-06,1.094986620498363e-05,-1.6214186432309571e-06,-6.112299702999882e-07,1.2004852978821971e-05,-3.3111433093120324e-06
hub_x+0.000_y+0.667_D1_Conventional,xi+0.000000_eta+0.666667,Conventional,6,0.0,0.0079999999999999,0.049675000000000004,0.5,True,1.1142852793561359e-08,29.942715695000597,1.9731872521378464,1.260692493731627e-06,2.4875823574971185e-06,-7.446706242010526e-07,-7.207401710190312e-07,-7.178752197163105e-07,-7.223383897358985e-07,-7.862095096009506e-07,-2.2468128188742616e-06
hub_x+0.000_y+0.667_D1_Conventional,xi+0.000000_eta+0.666667,Conventional,7,0.0,0.0079999999999999,0.050325,0.5,True,1.1142852793561359e-08,9.818591934203384,1.6948235599042665,2.1084723142528456e-06,3.573488553601595e-06,-7.162314020725981e-07,2.6584963132143153e-07,-1.965195168979949e-06,-6.577258793281441e-07,2.6290700069373056e-07,-3.5025843343693905e-06
hub_x+0.000_y+0.667_D1_Conventional,xi+0.000000_eta+0.666667,Conventional,8,0.0,0.0083249999999999,0.05,0.5,True,1.1142852793561359e-08,7.554626306412589,1.119485412303893,1.1380606112143622e-05,1.2740422525721308e-05,-1.1637714928672705e-08,-1.1352991360320497e-05,-7.922418922527196e-07,-7.833470253496245e-07,-1.2494867335534185e-05,-2.3628423221162405e-06
hub_x+0.000_y+0.667_D1_Conventional,xi+0.000000_eta+0.666667,Conventional,9,0.0001876388374866284,0.007812361162513271,0.04981236116251338,0.5,True,1.1142852793561359e-08,9.239084303212934,1.1121609036291165,9.587495439526696e-06,1.0662837591564043e-05,-7.753311306278544e-06,5.52833215378647e-06,-1.1152471422465675e-06,-7.947764714919985e-06,6.547124209649667e-06,-2.7684483241995576e-06
hub_x+0.000_y+0.667_D1_Conventional,xi+0.000000_eta+0.666667,Conventional,10,0.0001876388374866284,0.007812361162513271,0.05018763883748663,0.5,True,1.1142852793561359e-08,8.576735645248066,1.1185879221492145,9.940224793786985e-06,1.1119015397778287e-05,-7.69134252667539e-06,6.027355656277342e-06,-1.8227185413863721e-06,-7.842578539574009e-06,7.0721185734099436e-06,-3.4801730057964036e-06
hub_x+0.000_y+0.667_D1_Conventional,xi+0.000000_eta+0.666667,Conventional,11,0.000325,0.0079999999999999,0.05,0.5,True,1.1142852793561359e-08,7.520892452912834,1.1085091766808433,1.2176552262484233e-05,1.3497819923297656e-05,-1.207534252376221e-05,-1.0480388052786942e-06,-1.1645353568956096e-06,-1.319174375580373e-05,-3.2577728248620526e-07,-2.839526109265479e-06
hub_x+0.000_y+0.667_D1_Conventional,xi+0.000000_eta+0.666667,Conventional,12,0.0001876388374866284,0.008187638837486529,0.04981236116251338,0.5,True,1.1142852793561359e-08,8.386791525779447,1.1148620968372402,1.0193628210972892e-05,1.1364489721664484e-05,-6.900963837962984e-06,-7.475704086617763e-06,-6.329317656715369e-07,-8.025393688660478e-06,-7.734219593082334e-06,-2.219578802792909e-06
hub_x+0.000_y+0.667_D1_Conventional,xi+0.000000_eta+0.666667,Conventional,13,0.0001876388374866284,0.008187638837486529,0.05018763883748663,0.5,True,1.1142852793561359e-08,8.206956512423028,1.1264481342947892,9.79571351518056e-06,1.1034363213261394e-05,-6.863251968788889e-06,-6.858810186494246e-06,-1.3448042645862265e-06,-7.943641705948324e-06,-7.0731881428902815e-06,-2.9369605828085374e-06
hub_x+0.000_y+0.667_D1_Conventional,xi+0.000000_eta+0.666667,Conventional,14,-0.0003752776749732568,0.007624722325026643,0.049624722325026745,1.0,True,1.1142852793561359e-08,6.863100755563156,1.1107719175669208,1.7199160184005016e-05,1.9104344138127885e-05,1.1418538571246824e-05,1.2838746998848504e-05,-7.711442352572714e-07,1.3635848537122168e-05,1.312580288572022e-05,-2.598633915329986e-06
hub_x+0.000_y+0.667_D1_Conventional,xi+0.000000_eta+0.666667,Conventional,15,-0.0003752776749732568,0.007624722325026643,0.05037527767497326,1.0,True,1.1142852793561359e-08,6.439015160165544,1.1132509725460236,1.775618461438804e-05,1.9767089790674227e-05,1.1208587865821503e-05,1.3608410621557631e-05,-2.1120630836854645e-06,1.34303740008944e-05,1.395265102237874e-05,-3.960608846678812e-06
hub_x+0.000_y+0.667_D1_Conventional,xi+0.000000_eta+0.666667,Conventional,16,-0.00065,0.0079999999999999,0.05,1.0,True,1.1142852793561359e-08,6.049448498551746,1.1102334938234848,2.1307469044733708e-05,2.3656265802070453e-05,2.1241066687573604e-05,1.475264572131431e-06,-8.055541623938221e-07,2.350135928614841e-05,-8.265092586425684e-08,-2.7015166529243634e-06
hub_x+0.000_y+0.667_D1_Conventional,xi+0.000000_eta+0.666667,Conventional,17,-0.0003752776749732568,0.008375277674973156,0.049624722325026745,1.0,True,1.1142852793561359e-08,6.260536240714536,1.1084059597723996,1.7854063974914815e-05,1.9789550915953278e-05,1.2942439558888944e-05,-1.2297761783069284e-05,1.60977674657717e-07,1.3359904110269563e-05,-1.4519142869994021e-05,-1.5276707564823681e-06
hub_x+0.000_y+0.667_D1_Conventional,xi+0.000000_eta+0.666667,Conventional,18,-0.0003752776749732568,0.008375277674973156,0.05037527767497326,1.0,True,1.1142852793561359e-08,6.180092606175911,1.114756188967997,1.695989622690027e-05,1.8906149283192058e-05,1.2801712039596421e-05,-1.1058032071579355e-05,-1.2141563270025881e-06,1.3259254601156709e-05,-1.3157987678823164e-05,-2.9158203620912713e-06
hub_x+0.000_y+0.667_D1_Conventional,xi+0.000000_eta+0.666667,Conventional,19,0.0,0.0073499999999999,0.05,1.0,True,1.1142852793561359e-08,6.190708998095013,1.1025907612583419,2.138885335559761e-05,2.358315210379141e-05,-2.0566185788965786e-06,2.1230055577783785e-05,-1.5931440777306512e-06,-5.29722726686536e-07,2.3298391265954013e-05,-3.615165473655492e-06
hub_x+0.000_y+0.667_D1_Conventional,xi+0.000000_eta+0.666667,Conventional,20,0.0,0.0079999999999999,0.049350000000000005,1.0,True,1.1142852793561359e-08,43.392361417597485,1.5624282702239352,1.4087561980458303e-06,2.201080509679994e-06,-7.132965343018867e-07,-1.2119582523986808e-06,-8.342226398387566e-08,-7.292273607466638e-07,-1.319602006659055e-06,-1.6036313199900384e-06
hub_x+0.000_y+0.667_D1_Conventional,xi+0.000000_eta+0.666667,Conventional,21,0.0,0.0079999999999999,0.05065,1.0,True,1.1142852793561359e-08,8.03512301848017,1.5288133069012158,2.7597620462719713e-06,4.219160940221518e-06,-6.765692202258317e-07,7.367575774535721e-07,-2.5721059298463995e-06,-6.0500303936787e-07,7.589356557394526e-07,-4.1060086498074855e-06
hub_x+0.000_y+0.667_D1_Conventional,xi+0.000000_eta+0.666667,Conventional,22,0.0,0.008649999999999899,0.05,1.0,True,1.1142852793561359e-08,5.85070436715302,1.1041992237547127,2.1559676362188165e-05,2.3806177903531e-05,6.85278978944782e-07,-2.154878183193097e-05,6.254850370848346e-09,-8.678317591001644e-07,-2.372226224984372e-05,-1.7986795607067971e-06
hub_x+0.000_y+0.667_D1_Conventional,xi+0.000000_eta+0.666667,Conventional,23,0.0003752776749732568,0.007624722325026643,0.049624722325026745,1.0,True,1.1142852793561359e-08,6.561167404265127,1.0962534840308653,1.8145656400390808e-05,1.9892239048955393e-05,-1.4402241247983886e-05,1.1014302842364934e-05,-7.248628370852401e-07,-1.4797095044521653e-05,1.3037117086945878e-05,-2.603983618504987e-06
hub_x+0.000_y+0.667_D1_Conventional,xi+0.000000_eta+0.666667,Conventional,24,0.0003752776749732568,0.007624722325026643,0.05037527767497326,1.0,True,1.1142852793561359e-08,6.185535961424843,1.1033516605068705,1.849844166111751e-05,2.0410286323583477e-05,-1.4090597886012875e-05,1.1809556630377833e-05,-2.0449369912924993e-06,-1.4435942554861638e-05,1.3874438376413196e-05,-3.960215916147295e-06
hub_x+0.000_y+0.667_D1_Conventional,xi+0.000000_eta+0.666667,Conventional,25,0.00065,0.0079999999999999,0.05,1.0,True,1.1142852793561359e-08,5.802269005511099,1.099147503360086,2.251454995998988e-05,2.4746811377798797e-05,-2.2433889159364545e-05,-1.7748668346617605e-06,-6.895105549909894e-07,-2.4595191459107744e-05,-3.8054385853538047e-07,-2.708582069998335e-06
hub_x+0.000_y+0.667_D1_Conventional,xi+0.000000_eta+0.666667,Conventional,26,0.0003752776749732568,0.008375277674973156,0.049624722325026745,1.0,True,1.1142852793561359e-08,6.125557112718379,1.1012414793183114,1.9110619189783842e-05,2.104540654724647e-05,-1.2651365071807272e-05,-1.4321554297808884e-05,2.2761839051642726e-07,-1.488056784541013e-05,-1.4801898756092916e-05,-1.543253236317903e-06
hub_x+0.000_y+0.667_D1_Conventional,xi+0.000000_eta+0.666667,Conventional,27,0.0003752776749732568,0.008375277674973156,0.05037527767497326,1.0,True,1.1142852793561359e-08,6.005690672830164,1.1085833471195319,1.8137708022643528e-05,2.0107161068818946e-05,-1.2527789087689542e-05,-1.3066057081556128e-05,-1.1441613656085382e-06,-1.4668653718705964e-05,-1.343843395914679e-05,-2.9218174230729006e-06
hub_x+0.000_y+0.667_D1_Conventional,xi+0.000000_eta+0.666667,Conventional,28,-0.0007505553499465136,0.007249444650053386,0.04924944465005349,2.0,True,1.1142852793561359e-08,6.331827450606052,1.099490131996049,3.129143503427496e-05,3.4404624036180767e-05,2.0955115768548843e-05,2.3234800753840055e-05,4.255156405111325e-07,2.4947867786376205e-05,2.359143975575474e-05,-2.173940715620932e-06
hub_x+0.000_y+0.667_D1_Conventional,xi+0.000000_eta+0.666667,Conventional,29,-0.0007505553499465136,0.007249444650053386,0.05075055534994652,2.0,True,1.1142852793561359e-08,6.104735248281739,1.1058133424061232,3.104841124842577e-05,3.433374741902157e-05,1.9922565681904087e-05,2.374289741409828e-05,-1.8357668929344296e-06,2.3902551592503812e-05,2.424339026566415e-05,-4.442101712879232e-06
hub_x+0.000_y+0.667_D1_Conventional,xi+0.000000_eta+0.666667,Conventional,30,-0.0013,0.0079999999999999,0.05,2.0,True,1.1142852793561359e-08,6.200499510118094,1.1022000856695464,3.673462112474518e-05,4.048890255073247e-05,3.661047892236785e-05,2.938495096605374e-06,6.859072974246184e-07,4.04261193482794e-05,5.766184161491471e-08,-2.2531709463335795e-06
hub_x+0.000_y+0.667_D1_Conventional,xi+0.000000_eta+0.666667,Conventional,31,-0.0007505553499465136,0.008750555349946412,0.04924944465005349,2.0,True,1.1142852793561359e-08,6.0550584344210945,1.0995696312765204,3.173599473613969e-05,3.4895936030210715e-05,2.3595609795492876e-05,-2.1123347481201704e-05,2.055420020223672e-06,2.415549753231628e-05,-2.5182286447823e-05,-3.012302285802339e-07
hub_x+0.000_y+0.667_D1_Conventional,xi+0.000000_eta+0.666667,Conventional,32,-0.0007505553499465136,0.008750555349946412,0.05075055534994652,2.0,True,1.1142852793561359e-08,5.895986275950569,1.106663107352659,2.985827751272517e-05,3.304305417243046e-05,2.315022917170497e-05,-1.885351834128721e-05,-3.584291829587765e-07,2.3872488093604818e-05,-2.2689607015639657e-05,-2.6701076268019496e-06
hub_x+0.000_y+0.667_D1_Conventional,xi+0.000000_eta+0.666667,Conventional,33,0.0,0.0066999999999999,0.05,2.0,True,1.1142852793561359e-08,6.219534609943176,1.0985405481786341,3.626222322873918e-05,3.9835522583875134e-05,-3.1764975136608837e-06,3.611696925665987e-05,-6.505603354825723e-07,-4.072151441237139e-07,3.9657058680158216e-05,-3.74442681799363e-06
hub_x+0.000_y+0.667_D1_Conventional,xi+0.000000_eta+0.666667,Conventional,34,0.0,0.0079999999999999,0.0487,2.0,True,1.1142852793561359e-08,34.992828595430446,0.9771410832819315,2.534032419132146e-06,2.4761071831023184e-06,-5.695675287324058e-07,-2.1629053805155857e-06,1.1911143716550079e-06,-6.946596509743935e-07,-2.3578782232578608e-06,-2.982700719237284e-07
hub_x+0.000_y+0.667_D1_Conventional,xi+0.000000_eta+0.666667,Conventional,35,0.0,0.0079999999999999,0.051300000000000005,2.0,True,1.1142852793561359e-08,6.339593028690352,1.3468802831841042,4.096255745775478e-06,5.51716609886459e-06,-5.779638527474086e-07,1.590862733754313e-06,-3.730204375375127e-06,-4.794406041873822e-07,1.6568902078574706e-06,-5.240608104850352e-06
hub_x+0.000_y+0.667_D1_Conventional,xi+0.000000_eta+0.666667,Conventional,36,0.0,0.009299999999999899,0.05,2.0,True,1.1142852793561359e-08,6.107122599865578,1.1020262661465647,3.608443353786962e-05,3.976599355775234e-05,1.7923243953277105e-06,-3.598120616746103e-05,2.0558987683023305e-06,-1.041669478233652e-06,-3.9746054141871754e-05,-7.073531541710554e-07
hub_x+0.000_y+0.667_D1_Conventional,xi+0.000000_eta+0.666667,Conventional,37,0.0007505553499465136,0.007249444650053386,0.04924944465005349,2.0,True,1.1142852793561359e-08,6.140013210776321,1.0936702647832515,3.190571424010577e-05,3.489433094107524e-05,-2.504507507518596e-05,1.976051362004481e-05,4.908330893600636e-07,-2.5681383102192087e-05,2.352271569633833e-05,-2.1823702831924755e-06
hub_x+0.000_y+0.667_D1_Conventional,xi+0.000000_eta+0.666667,Conventional,38,0.0007505553499465136,0.007249444650053386,0.05075055534994652,2.0,True,1.1142852793561359e-08,5.92662982675802,1.1008155386950538,3.150958292195794e-05,3.46862384982916e-05,-2.3867035249103516e-05,2.0499197763260762e-05,-1.7324362604490964e-06,-2.4382175867316364e-05,2.4269012269052315e-05,-4.433924291213117e-06
hub_x+0.000_y+0.667_D1_Conventional,xi+0.000000_eta+0.666667,Conventional,39,0.0013,0.0079999999999999,0.05,2.0,True,1.1142852793561359e-08,6.1196697553076955,1.0958301297244035,3.716561633231355e-05,4.072720216672657e-05,-3.7027979900942354e-05,-3.0586131167126935e-06,9.255417972268257e-07,-4.066376284454905e-05,-4.543052735597981e-07,-2.226430859044347e-06
hub_x+0.000_y+0.667_D1_Conventional,xi+0.000000_eta+0.666667,Conventional,40,0.0007505553499465136,0.008750555349946412,0.04924944465005349,2.0,True,1.1142852793561359e-08,6.018005899017651,1.0978308106596475,3.310411811176354e-05,3.634272082281008e-05,-2.137570293856669e-05,-2.5180832462979026e-05,2.2107999256205835e-06,-2.5471380190343574e-05,-2.592097578099353e-05,-3.242877808888222e-07
hub_x+0.000_y+0.667_D1_Conventional,xi+0.000000_eta+0.666667,Conventional,41,0.0007505553499465136,0.008750555349946412,0.05075055534994652,2.0,True,1.1142852793561359e-08,5.777067160260302,1.1021510816802247,3.1190927047845415e-05,3.43771139843918e-05,-2.1239097322852096e-05,-2.284172474274617e-05,-1.7402813292370894e-07,-2.50682369496494e-05,-2.3374830072485025e-05,-2.6432520149522043e-06
hub_x+0.000_y-0.667_D1,xi+0.000000_eta-0.666667,FE,0,-0.0001876388374866284,-0.00818763883748663,0.04981236116251338,0.5,True,1.1142852793561359e-08,9.866165883986605,1.1181284237609173,9.476222450825886e-06,1.0595633672149764e-05,6.952565831816404e-06,6.423804762956766e-06,-4.419871708654125e-07,6.976677217547269e-06,7.70747027647925e-06,-2.0465409484639395e-06
hub_x+0.000_y-0.667_D1,xi+0.000000_eta-0.666667,FE,1,-0.0001876388374866284,-0.00818763883748663,0.05018763883748663,0.5,True,1.1142852793561359e-08,9.723816114473166,1.1275778922236952,9.093513762033668e-06,1.0253645080701089e-05,6.888935091403044e-06,5.813184640486235e-06,-1.2006040905920455e-06,6.923728286017877e-06,7.026364323669858e-06,-2.7981115870245446e-06
hub_x+0.000_y-0.667_D1,xi+0.000000_eta-0.666667,FE,2,-0.000325,-0.008,0.05,0.5,True,1.1142852793561359e-08,8.304600572543594,1.1041578220348187,1.138701485807264e-05,1.2573061525167607e-05,1.1313848753912211e-05,-7.138530591384869e-07,-1.0730086493243182e-06,1.2282213915907373e-05,2.3118600609540035e-07,-2.6787404633758194e-06
hub_x+0.000_y-0.667_D1,xi+0.000000_eta-0.666667,FE,3,-0.0001876388374866284,-0.007812361162513372,0.04981236116251338,0.5,True,1.1142852793561359e-08,9.477125388527002,1.1059978270179267,9.036175681220103e-06,9.993990667981668e-06,6.10202670656285e-06,-6.584236211617826e-06,-1.032266692230194e-06,7.034162758134943e-06,-6.599113487204465e-06,-2.617652564181927e-06
hub_x+0.000_y-0.667_D1,xi+0.000000_eta-0.666667,FE,4,-0.0001876388374866284,-0.007812361162513372,0.05018763883748663,0.5,True,1.1142852793561359e-08,8.625367682183935,1.1119190033321804,9.479529468630172e-06,1.0540468958817294e-05,6.033491348013223e-06,-7.090005273281179e-06,-1.7861372637405248e-06,6.970670581606714e-06,-7.152993109661409e-06,-3.3683715780255082e-06
hub_x+0.000_y-0.667_D1,xi+0.000000_eta-0.666667,FE,5,0.0,-0.008325,0.05,0.5,True,1.1142852793561359e-08,8.668073517139232,1.12574006267643,1.135796124581342e-05,1.2786112004738464e-05,6.291046979293565e-07,1.1326945428993822e-05,-5.548136525345569e-07,-3.6112675459195944e-07,1.2585716500126166e-05,-2.225755566832741e-06
hub_x+0.000_y-0.667_D1,xi+0.000000_eta-0.666667,FE,6,0.0,-0.008,0.049675000000000004,0.5,True,1.1142852793561359e-08,27.756632670418295,2.7407776318636556,8.285281376090509e-07,2.2708113869285395e-06,-1.085391360503374e-07,6.237957224957898e-07,-5.343753618490697e-07,-3.0292481446182757e-07,8.214493903210132e-07,-2.095242661585722e-06
hub_x+0.000_y-0.667_D1,xi+0.000000_eta-0.666667,FE,7,0.0,-0.008,0.050325,0.5,True,1.1142852793561359e-08,6.540299860144208,1.8140680748329998,1.8943308229258074e-06,3.4364450690418317e-06,-1.372924920742704e-07,-3.617879946117756e-07,-1.8543865522758713e-06,-3.092501264797464e-07,-2.7184815814195725e-07,-3.411688387108208e-06
hub_x+0.000_y-0.667_D1,xi+0.000000_eta-0.666667,FE,8,0.0,-0.007675,0.05,0.5,True,1.1142852793561359e-08,7.592311171711373,1.109756252806042,1.125470960826233e-05,1.2489984361285361e-05,-8.800672183378453e-07,-1.111059422626117e-05,-1.5648213945659892e-06,-2.7466057632884384e-07,-1.2067112815994317e-05,-3.210772367987073e-06
hub_x+0.000_y-0.667_D1,xi+0.000000_eta-0.666667,FE,9,0.0001876388374866284,-0.00818763883748663,0.04981236116251338,0.5,True,1.1142852793561359e-08,9.367733361132574,1.1411340515032964,9.725335233988438e-06,1.1097911197788986e-05,-6.285127572855125e-06,7.410018375082785e-06,-4.134543352398958e-07,-7.62807051061904e-06,7.784462918460833e-06,-2.092441232183735e-06
hub_x+0.000_y-0.667_D1,xi+0.000000_eta-0.666667,FE,10,0.0001876388374866284,-0.00818763883748663,0.05018763883748663,0.5,True,1.1142852793561359e-08,9.080073666448277,1.1549310589204342,9.330815181941406e-06,1.0776448258670452e-05,-6.283789262734149e-06,6.7986339513728805e-06,-1.164766438534015e-06,-7.589717418655642e-06,7.10304133764108e-06,-2.841624593875582e-06
hub_x+0.000_y-0.667_D1,xi+0.000000_eta-0.666667,FE,11,0.000325,-0.008,0.05,0.5,True,1.1142852793561359e-08,7.762993905522416,1.133399176906727,1.1608150965196749e-05,1.3156668749363025e-05,-1.1525820688408471e-05,9.334845742300649e-07,-1.016480614241127e-06,-1.286182094763024e-05,3.0365310203007356e-07,-2.7530509049403867e-06
hub_x+0.000_y-0.667_D1,xi+0.000000_eta-0.666667,FE,12,0.0001876388374866284,-0.007812361162513372,0.04981236116251338,0.5,True,1.1142852793561359e-08,8.966503174839378,1.1293220838187739,9.208823228310392e-06,1.0399727437714222e-05,-7.1811080514950055e-06,-5.67755901548693e-06,-9.997179745736888e-07,-7.593600125512904e-06,-6.588865637059559e-06,-2.660529558063984e-06
hub_x+0.000_y-0.667_D1,xi+0.000000_eta-0.666667,FE,13,0.0001876388374866284,-0.007812361162513372,0.05018763883748663,0.5,True,1.1142852793561359e-08,8.129666456848328,1.1365225998071853,9.612415311306132e-06,1.0924727240032039e-05,-7.152929546891596e-06,-6.179385722333853e-06,-1.7462299702084692e-06,-7.531079753985034e-06,-7.14261792799916e-06,-3.408153773355856e-06
hub_x+0.000_y-0.667_D1,xi+0.000000_eta-0.666667,FE,14,-0.0003752776749732568,-0.008375277674973257,0.049624722325026745,1.0,True,1.1142852793561359e-08,6.956133674539222,1.1010888365467824,1.836938705640905e-05,2.0226327022018964e-05,1.3649986482326965e-05,1.2284139189016962e-05,4.6062375678761684e-07,1.3861990058647597e-05,1.4669641545166327e-05,-1.323311509788926e-06
hub_x+0.000_y-0.667_D1,xi+0.000000_eta-0.666667,FE,15,-0.0003752776749732568,-0.008375277674973257,0.05037527767497326,1.0,True,1.1142852793561359e-08,6.790532279981753,1.1045179930690106,1.7449056197642658e-05,1.927279653236865e-05,1.3455709950302816e-05,1.106294385150397e-05,-1.0122772645297947e-06,1.3692404008894368e-05,1.3277645363387139e-05,-2.7681929555973e-06
hub_x+0.000_y-0.667_D1,xi+0.000000_eta-0.666667,FE,16,-0.00065,-0.008,0.05,1.0,True,1.1142852793561359e-08,6.130099115969427,1.0960412503083607,2.1932275926167507e-05,2.4038679128224596e-05,2.187000818324291e-05,-1.5097013294571746e-06,-6.695306283285927e-07,2.390561184616486e-05,1.945735946002958e-07,-2.5183243648361756e-06
hub_x+0.000_y-0.667_D1,xi+0.000000_eta-0.666667,FE,17,-0.0003752776749732568,-0.007624722325026744,0.049624722325026745,1.0,True,1.1142852793561359e-08,6.413637574660372,1.093501782250467,1.7681388083560234e-05,1.9334629382035284e-05,1.2016312543088457e-05,-1.2952107258005528e-05,-6.947193716900576e-07,1.4013886503206632e-05,-1.3097647746413333e-05,-2.427035625362518e-06
hub_x+0.000_y-0.667_D1,xi+0.000000_eta-0.666667,FE,18,-0.0003752776749732568,-0.007624722325026744,0.05037527767497326,1.0,True,1.1142852793561359e-08,5.8941537529553685,1.0976470462154204,1.821599992646192e-05,1.9994738513141244e-05,1.1759767319395696e-05,-1.3747714963174897e-05,-2.1285815008664034e-06,1.3742076044473325e-05,-1.3999698047702577e-05,-3.866958594290705e-06
hub_x+0.000_y-0.667_D1,xi+0.000000_eta-0.666667,FE,19,0.0,-0.00865,0.05,1.0,True,1.1142852793561359e-08,6.660550798889909,1.1071585523855376,2.1625111745261682e-05,2.3942427415059412e-05,1.3478251624032119e-06,2.1580465779851178e-05,3.3514482141260334e-07,-4.1720754970166184e-07,2.3881740500277752e-05,-1.6517381945252952e-06
hub_x+0.000_y-0.667_D1,xi+0.000000_eta-0.666667,FE,20,0.0,-0.008,0.049350000000000005,1.0,True,1.1142852793561359e-08,52.92881409497104,1.7822678037275392,1.1196073745361214e-06,1.9954401764516494e-06,-5.098498819875048e-08,1.1104273980541905e-06,1.3368693931959362e-07,-2.7292654759071757e-07,1.371637246788422e-06,-1.4233424959019104e-06
hub_x+0.000_y-0.667_D1,xi+0.000000_eta-0.666667,FE,21,0.0,-0.008,0.05065,1.0,True,1.1142852793561359e-08,7.506937404831485,1.5659403972580084,2.6392442819444846e-06,4.132899239329073e-06,-1.2506830127342467e-07,-8.373488370120986e-07,-2.499763033758945e-06,-2.8947502218820555e-07,-7.94633145315908e-07,-4.045444165767378e-06
hub_x+0.000_y-0.667_D1,xi+0.000000_eta-0.666667,FE,22,0.0,-0.007350000000000001,0.05,1.0,True,1.1142852793561359e-08,5.529030187402973,1.0988070508914103,2.1569031876907238e-05,2.3700204307247264e-05,-1.5545325507972922e-06,-2.1451417156863823e-05,-1.6258126022886472e-06,-2.488848643634514e-07,-2.343287547190839e-05,-3.5409162158383148e-06
hub_x+0.000_y-0.667_D1,xi+0.000000_eta-0.666667,FE,23,0.0003752776749732568,-0.008375277674973257,0.049624722325026745,1.0,True,1.1142852793561359e-08,6.808985130208769,1.1137606397887558,1.8694469582684512e-05,2.082116440292214e-05,-1.2045075163706997e-05,1.4287846601257384e-05,5.067511988176489e-07,-1.4484296310707374e-05,1.4890201831218012e-05,-1.4170169027688148e-06
hub_x+0.000_y-0.667_D1,xi+0.000000_eta-0.666667,FE,24,0.0003752776749732568,-0.008375277674973257,0.05037527767497326,1.0,True,1.1142852793561359e-08,6.693124118318059,1.1219421725691239,1.7748701289239144e-05,1.9913016484729374e-05,-1.1994449243531716e-05,1.3049459926795506e-05,-9.279980700081731e-07,-1.4362112105633103e-05,1.349560319091133e-05,-2.850729011988828e-06
hub_x+0.000_y-0.667_D1,xi+0.000000_eta-0.666667,FE,25,0.00065,-0.008,0.05,1.0,True,1.1142852793561359e-08,5.969215626395334,1.1112811588466045,2.2034053162734024e-05,2.4486028132770757e-05,-2.196585271868044e-05,1.6463677300489596e-06,-5.387823464829955e-07,-2.433894556662443e-05,3.295280630466414e-07,-2.6594574031931094e-06
hub_x+0.000_y-0.667_D1,xi+0.000000_eta-0.666667,FE,26,0.0003752776749732568,-0.007624722325026744,0.049624722325026745,1.0,True,1.1142852793561359e-08,6.184831347952543,1.103809941849032,1.7854996680018155e-05,1.9708522847085497e-05,-1.3876497532960584e-05,-1.1217289907252111e-05,-6.450812335342983e-07,-1.4475625767808042e-05,-1.3136435218477013e-05,-2.5132053627229923e-06
hub_x+0.000_y-0.667_D1,xi+0.000000_eta-0.666667,FE,27,0.0003752776749732568,-0.007624722325026744,0.05037527767497326,1.0,True,1.1142852793561359e-08,5.767877051162421,1.1125869149386316,1.8290550005739882e-05,2.0349826603416904e-05,-1.36325813091802e-05,-1.202412655371743e-05,-2.029119755275479e-06,-1.4200044843276163e-05,-1.4034245814136576e-05,-3.938795966595682e-06
hub_x+0.000_y-0.667_D1,xi+0.000000_eta-0.666667,FE,28,-0.0007505553499465136,-0.008750555349946513,0.04924944465005349,2.0,True,1.1142852793561359e-08,6.604013035771731,1.0955948178592572,3.233811885316254e-05,3.5429475434841624e-05,2.4350367157703318e-05,2.1131358632048925e-05,2.505839701585403e-06,2.47127393336079e-05,2.5387518146739266e-05,-4.6546387397888565e-08
hub_x+0.000_y-0.667_D1,xi+0.000000_eta-0.666667,FE,29,-0.0007505553499465136,-0.008750555349946513,0.05075055534994652,2.0,True,1.1142852793561359e-08,6.3306925695012755,1.1000793994741787,3.0447987251768243e-05,3.349520353112266e-05,2.3848259862431486e-05,1.892974588379061e-05,-7.176345095774023e-08,2.4326707354912685e-05,2.2890679212634394e-05,-2.481284756741293e-06
hub_x+0.000_y-0.667_D1,xi+0.000000_eta-0.666667,FE,30,-0.0013,-0.008,0.05,2.0,True,1.1142852793561359e-08,6.21961192531819,1.0952745326558513,3.722365134689761e-05,4.077011733271762e-05,3.710234034762863e-05,-2.8929039683451213e-06,8.047775804864185e-07,4.071975938213996e-05,1.707712983172564e-07,-2.018539161833996e-06
hub_x+0.000_y-0.667_D1,xi+0.000000_eta-0.666667,FE,31,-0.0007505553499465136,-0.007249444650053487,0.04924944465005349,2.0,True,1.1142852793561359e-08,5.976934825874797,1.0904990862318813,3.166236972708015e-05,3.452778525531688e-05,2.1446125597325865e-05,-2.32892296940768e-05,4.255982314074845e-07,2.523048965324103e-05,-2.3488558776682147e-05,-1.9692519110879285e-06
hub_x+0.000_y-0.667_D1,xi+0.000000_eta-0.666667,FE,32,-0.0007505553499465136,-0.007249444650053487,0.05075055534994652,2.0,True,1.1142852793561359e-08,5.610617540108084,1.0975517539877722,3.1458627096929434e-05,3.452747134828216e-05,2.0353027460200112e-05,-2.390246708035816e-05,-2.01781057098964e-06,2.4093239053738476e-05,-2.433835928852834e-05,-4.393902223350308e-06
hub_x+0.000_y-0.667_D1,xi+0.000000_eta-0.666667,FE,33,0.0,-0.0093,0.05,2.0,True,1.1142852793561359e-08,6.806597234892664,1.1031087862768054,3.626942281043602e-05,4.000911897538035e-05,2.4920115914334236e-06,3.6092756284957226e-05,2.563952609745049e-06,-5.77190274205662e-07,4.000106570851757e-05,-5.578483273813087e-07
hub_x+0.000_y-0.667_D1,xi+0.000000_eta-0.666667,FE,34,0.0,-0.008,0.0487,2.0,True,1.1142852793561359e-08,37.88096527298042,0.9683824103074822,2.517436977811564e-06,2.437841688370346e-06,1.4142821015648286e-07,2.0420976406663488e-06,1.4653751139588405e-06,-1.635495517972767e-07,2.4314273790463327e-06,-6.696672373028793e-08
hub_x+0.000_y-0.667_D1,xi+0.000000_eta-0.666667,FE,35,0.0,-0.008,0.051300000000000005,2.0,True,1.1142852793561359e-08,6.284912961438878,1.3502811568218913,4.093042639115801e-06,5.5267583496666104e-06,-8.071245145563469e-08,-1.7085894508798829e-06,-3.7184950765251854e-06,-2.2405813399241627e-07,-1.7526419471789988e-06,-5.236707172755609e-06
hub_x+0.000_y-0.667_D1,xi+0.000000_eta-0.666667,FE,36,0.0,-0.0067,0.05,2.0,True,1.1142852793561359e-08,5.699028629741089,1.0969991481204409,3.653668750982109e-05,4.0080715073416484e-05,-2.8144063144845388e-06,-3.6418195121943846e-05,-8.507146098025206e-07,-2.546995338391446e-07,-3.990542040183263e-05,-3.7358093496399916e-06
hub_x+0.000_y-0.667_D1,xi+0.000000_eta-0.666667,FE,37,0.0007505553499465136,-0.008750555349946513,0.04924944465005349,2.0,True,1.1142852793561359e-08,6.5203813293716335,1.1040071450845907,3.2813733605097194e-05,3.622659635692965e-05,-2.0835158229356297e-05,2.521817500739886e-05,2.5847522047915684e-06,-2.5124584823466688e-05,2.609739662038552e-05,-2.177399702077868e-07
hub_x+0.000_y-0.667_D1,xi+0.000000_eta-0.666667,FE,38,0.0007505553499465136,-0.008750555349946513,0.05075055534994652,2.0,True,1.1142852793561359e-08,6.362768822348916,1.1087997795865485,3.097351021513092e-05,3.434342129955887e-05,-2.0827508183682156e-05,2.292493820839781e-05,1.429896731035344e-07,-2.4893992049378267e-05,2.3514880098562674e-05,-2.609628393987613e-06
hub_x+0.000_y-0.667_D1,xi+0.000000_eta-0.666667,FE,39,0.0013,-0.008,0.05,2.0,True,1.1142852793561359e-08,6.294390517989773,1.1024168285874778,3.6885208312176526e-05,4.066287436929812e-05,-3.675326475085953e-05,2.929645527383216e-06,1.0645653900847615e-06,-4.0598876795677797e-05,3.659062729387653e-07,-2.250925921064777e-06
hub_x+0.000_y-0.667_D1,xi+0.000000_eta-0.666667,FE,40,0.0007505553499465136,-0.007249444650053487,0.04924944465005349,2.0,True,1.1142852793561359e-08,5.79968586939309,1.0980168827743781,3.1745915751623974e-05,3.4857551454416184e-05,-2.4600315988264233e-05,-2.0060102919247656e-05,4.6892542685368997e-07,-2.5437054739097506e-05,-2.3736828837890107e-05,-2.137310533857303e-06
hub_x+0.000_y-0.667_D1,xi+0.000000_eta-0.666667,FE,41,0.0007505553499465136,-0.007249444650053487,0.05075055534994652,2.0,True,1.1142852793561359e-08,5.678232510084848,1.1067622666382164,3.150242088960824e-05,3.486569074837391e-05,-2.3566986912718162e-05,-2.0827305107396703e-05,-1.79527483277736e-06,-2.4294692595174227e-05,-2.4598754351780457e-05,-4.503952420707243e-06
hub_x+0.000_y-0.667_D1_Conventional,xi+0.000000_eta-0.666667,Conventional,0,-0.0001876388374866284,-0.00818763883748663,0.04981236116251338,0.5,True,1.1142852793561359e-08,9.744243617636851,1.1669723186456202,7.750993108928793e-06,9.045194400132858e-06,4.938294516041815e-06,5.928349468765069e-06,-7.387922737047925e-07,5.1659138841659735e-06,7.069431316714075e-06,-2.2698053519714704e-06
hub_x+0.000_y-0.667_D1_Conventional,xi+0.000000_eta-0.666667,Conventional,1,-0.0001876388374866284,-0.00818763883748663,0.05018763883748663,0.5,True,1.1142852793561359e-08,9.486030448419818,1.183689019322171,7.392057637753583e-06,8.749897456005502e-06,4.94322965822153e-06,5.306483823986175e-06,-1.4311624966170644e-06,5.173744371221588e-06,6.402392834091607e-06,-2.966890741135733e-06
hub_x+0.000_y-0.667_D1_Conventional,xi+0.000000_eta-0.666667,Conventional,2,-0.000325,-0.008,0.05,0.5,True,1.1142852793561359e-08,9.091532311669031,1.1460388583964676,9.476544412608672e-06,1.0860488140169466e-05,9.315390269559943e-06,-1.1602794767214002e-06,-1.2969771261790548e-06,1.046408460359252e-05,-3.5035776921439037e-07,-2.886240718507505e-06
hub_x+0.000_y-0.667_D1_Conventional,xi+0.000000_eta-0.666667,Conventional,3,-0.0001876388374866284,-0.007812361162513372,0.04981236116251338,0.5,True,1.1142852793561359e-08,10.622306452265718,1.1315992817622524,8.19557556184097e-06,9.27410741940751e-06,4.073205287705396e-06,-7.0040875426546204e-06,-1.2325644684494521e-06,5.1768852477065516e-06,-7.158591142995832e-06,-2.8219674707922013e-06
hub_x+0.000_y-0.667_D1_Conventional,xi+0.000000_eta-0.666667,Conventional,4,-0.0001876388374866284,-0.007812361162513372,0.05018763883748663,0.5,True,1.1142852793561359e-08,9.617781886163687,1.1317350621598465,8.757523732066466e-06,9.911196665276573e-06,4.080255392176251e-06,-7.506545795554871e-06,-1.922890551113476e-06,5.179996218636994e-06,-7.684746553013354e-06,-3.513421256929672e-06
hub_x+0.000_y-0.667_D1_Conventional,xi+0.000000_eta-0.666667,Conventional,5,0.0,-0.008325,0.05,0.5,True,1.1142852793561359e-08,7.377131371569304,1.1325082193629177,1.086280209474472e-05,1.2302212657611117e-05,-1.2962258343322723e-06,1.0751869648053425e-05,-8.47093269520761e-07,-2.0656089600824524e-06,1.1888425385488504e-05,-2.3964635926270194e-06
hub_x+0.000_y-0.667_D1_Conventional,xi+0.000000_eta-0.666667,Conventional,6,0.0,-0.008,0.049675000000000004,0.5,True,1.1142852793561359e-08,26.66824800602322,1.377730187258145,2.2788947674829173e-06,3.1397021147458464e-06,-2.131428618358621e-06,1.3495803620403727e-07,-7.950847342056251e-07,-2.130387665399566e-06,1.8984040049497409e-07,-2.298507860937794e-06
hub_x+0.000_y-0.667_D1_Conventional,xi+0.000000_eta-0.666667,Conventional,7,0.0,-0.008,0.050325,0.5,True,1.1142852793561359e-08,15.661908293493157,1.391615939372057,2.976427045708042e-06,4.142043319185394e-06,-2.0253068545167456e-06,-8.52519182529347e-07,-2.007600843516779e-06,-2.0132506432060137e-06,-8.627289109748933e-07,-3.5155431346816104e-06
hub_x+0.000_y-0.667_D1_Conventional,xi+0.000000_eta-0.666667,Conventional,8,0.0,-0.007675,0.05,0.5,True,1.1142852793561359e-08,7.9529222704090845,1.1010132645147812,1.1937747026318299e-05,1.3143617824398333e-05,-2.8100194432284275e-06,-1.1479346889138741e-05,-1.6846927885731218e-06,-2.041551614168536e-06,-1.254700965558575e-05,-3.3405546280768098e-06
hub_x+0.000_y-0.667_D1_Conventional,xi+0.000000_eta-0.666667,Conventional,9,0.0001876388374866284,-0.00818763883748663,0.04981236116251338,0.5,True,1.1142852793561359e-08,7.5890160224518,1.1143087941227345,1.069047107745215e-05,1.1912485934919677e-05,-8.196121529030211e-06,6.828415077592009e-06,-6.946303098213662e-07,-9.315701435848972e-06,7.076501146991643e-06,-2.2468109454082902e-06
hub_x+0.000_y-0.667_D1_Conventional,xi+0.000000_eta-0.666667,Conventional,10,0.0001876388374866284,-0.00818763883748663,0.05018763883748663,0.5,True,1.1142852793561359e-08,7.418491244313894,1.1246441396770892,1.0312678445942972e-05,1.1598093378603994e-05,-8.113311395759923e-06,6.2136274272210914e-06,-1.3843226215498837e-06,-9.203247269087812e-06,6.415735504023399e-06,-2.9418272663871957e-06
hub_x+0.000_y-0.667_D1_Conventional,xi+0.000000_eta-0.666667,Conventional,11,0.000325,-0.008,0.05,0.5,True,1.1142852793561359e-08,6.652330809269077,1.1004234711581893,1.3377996286504838e-05,1.4721461110737018e-05,-1.3317010701553745e-05,4.0833215853325547e-07,-1.2088322732074318e-06,-1.4441514486695828e-05,-3.2308327085264127e-07,-2.8389599795685853e-06
hub_x+0.000_y-0.667_D1_Conventional,xi+0.000000_eta-0.666667,Conventional,12,0.0001876388374866284,-0.007812361162513372,0.04981236116251338,0.5,True,1.1142852793561359e-08,8.068506559980465,1.0950700852148714,1.1012343587605248e-05,1.2059288030894321e-05,-9.087593092172879e-06,-6.108070487839222e-06,-1.1742393274583178e-06,-9.311919986475943e-06,-7.1355118199007275e-06,-2.7926770392578383e-06
hub_x+0.000_y-0.667_D1_Conventional,xi+0.000000_eta-0.666667,Conventional,13,0.0001876388374866284,-0.007812361162513372,0.05018763883748663,0.5,True,1.1142852793561359e-08,7.5700322231230555,1.1018023616366497,1.1294551040831897e-05,1.2444363010414263e-05,-8.97165573065793e-06,-6.603500073651813e-06,-1.8628106296105694e-06,-9.170029817792367e-06,-7.658530915751316e-06,-3.4813256222661683e-06
hub_x+0.000_y-0.667_D1_Conventional,xi+0.000000_eta-0.666667,Conventional,14,-0.0003752776749732568,-0.008375277674973257,0.049624722325026745,1.0,True,1.1142852793561359e-08,6.552035921169153,1.1186339395970943,1.664688207879342e-05,1.862176728180895e-05,1.1683270759342842e-05,1.1857986939561497e-05,8.951564291753715e-08,1.2084557516988108e-05,1.407709424374702e-05,-1.602842465472179e-06
hub_x+0.000_y-0.667_D1_Conventional,xi+0.000000_eta-0.666667,Conventional,15,-0.0003752776749732568,-0.008375277674973257,0.05037527767497326,1.0,True,1.1142852793561359e-08,6.493134881701805,1.1252327178645278,1.5749841747974784e-05,1.772223723600987e-05,1.1590384687610792e-05,1.0590264085331564e-05,-1.251720608755422e-06,1.2012130022274802e-05,1.26926122808413e-05,-2.9468658716703945e-06
hub_x+0.000_y-0.667_D1_Conventional,xi+0.000000_eta-0.666667,Conventional,16,-0.00065,-0.008,0.05,1.0,True,1.1142852793561359e-08,6.422985520289329,1.1122380741673046,2.0081361430840775e-05,2.2335254764495933e-05,1.9971178403802903e-05,-1.9004217518752795e-06,-8.952693698185596e-07,2.216088555873386e-05,-3.437859780042521e-07,-2.764157710581477e-06
hub_x+0.000_y-0.667_D1_Conventional,xi+0.000000_eta-0.666667,Conventional,17,-0.0003752776749732568,-0.007624722325026744,0.049624722325026745,1.0,True,1.1142852793561359e-08,7.17242667596319,1.1060267276103999,1.6672203669594203e-05,1.8439902866735376e-05,9.974156376287932e-06,-1.333009611074925e-05,-8.871964043958474e-07,1.2129947424969005e-05,-1.362840943262618e-05,-2.6759763711268307e-06
hub_x+0.000_y-0.667_D1_Conventional,xi+0.000000_eta-0.666667,Conventional,18,-0.0003752776749732568,-0.007624722325026744,0.05037527767497326,1.0,True,1.1142852793561359e-08,6.609377810904289,1.1067653307773888,1.7348163007144784e-05,1.9200345368982656e-05,9.85448456076862e-06,-1.4106615191665274e-05,-2.2025670474058545e-06,1.1977888141653622e-05,-1.446388297284702e-05,-3.997442595214258e-06
hub_x+0.000_y-0.667_D1_Conventional,xi+0.000000_eta-0.666667,Conventional,19,0.0,-0.00865,0.05,1.0,True,1.1142852793561359e-08,5.685975102077036,1.1111534546968622,2.097792208913669e-05,2.330969060170585e-05,-4.919260677657599e-07,2.097211271020648e-05,-4.138106013016551e-08,-2.005360177741012e-06,2.3150772589261084e-05,-1.8335580233802521e-06
hub_x+0.000_y-0.667_D1_Conventional,xi+0.000000_eta-0.666667,Conventional,20,0.0,-0.008,0.049350000000000005,1.0,True,1.1142852793561359e-08,31.794113145702603,1.2651992413992321,2.2366794849152646e-06,2.829845187568018e-06,-2.1396797933443874e-06,6.265754811625204e-07,-1.7862997117082405e-07,-2.161969635666096e-06,7.252996876148735e-07,-1.6756644781117272e-06
hub_x+0.000_y-0.667_D1_Conventional,xi+0.000000_eta-0.666667,Conventional,21,0.0,-0.008,0.05065,1.0,True,1.1142852793561359e-08,12.204234983591226,1.350369617733701,3.504781976396254e-06,4.7327510977061745e-06,-1.944496145061488e-06,-1.3231150003539438e-06,-2.598422240466593e-06,-1.9323945547468983e-06,-1.3605402932994008e-06,-4.100452944240711e-06
hub_x+0.000_y-0.667_D1_Conventional,xi+0.000000_eta-0.666667,Conventional,22,0.0,-0.007350000000000001,0.05,1.0,True,1.1142852793561359e-08,6.034268243645064,1.0955325235551026,2.1995285299809322e-05,2.4096550410814556e-05,-3.4021561577931154e-06,-2.166680629281779e-05,-1.6635546181324592e-06,-1.9567166232065304e-06,-2.3739677892550868e-05,-3.6390514307063524e-06
hub_x+0.000_y-0.667_D1_Conventional,xi+0.000000_eta-0.666667,Conventional,23,0.0003752776749732568,-0.008375277674973257,0.049624722325026745,1.0,True,1.1142852793561359e-08,5.708181122099871,1.1019006985369302,1.9421071544012426e-05,2.1400092300682988e-05,-1.3843851874397142e-05,1.3619773028967743e-05,1.6603564919238576e-07,-1.6044423176014315e-05,1.4074736316632457e-05,-1.5627645516818526e-06
hub_x+0.000_y-0.667_D1_Conventional,xi+0.000000_eta-0.666667,Conventional,24,0.0003752776749732568,-0.008375277674973257,0.05037527767497326,1.0,True,1.1142852793561359e-08,5.607561347830774,1.1095371701887533,1.844677762929286e-05,2.04673854499068e-05,-1.363935864592576e-05,1.2365538608412093e-05,-1.1597221892590002e-06,-1.577273473047189e-05,1.2717584555521278e-05,-2.897887049280741e-06
hub_x+0.000_y-0.667_D1_Conventional,xi+0.000000_eta-0.666667,Conventional,25,0.00065,-0.008,0.05,1.0,True,1.1142852793561359e-08,5.407995284800534,1.0956932123014862,2.3500618562740503e-05,2.574946824408108e-05,-2.3463429374965174e-05,1.1174354856820502e-06,-7.056151449504061e-07,-2.5609211306516916e-05,-2.9309078871535377e-07,-2.6678659825179403e-06
hub_x+0.000_y-0.667_D1_Conventional,xi+0.000000_eta-0.666667,Conventional,26,0.0003752776749732568,-0.007624722325026744,0.049624722325026745,1.0,True,1.1142852793561359e-08,6.092797891345959,1.088395215985415,1.947636940233542e-05,2.1197987282266588e-05,-1.566856681294663e-05,-1.1541941701459415e-05,-7.80103124315663e-07,-1.6079529773820634e-05,-1.356295674165362e-05,-2.6171724238162765e-06
hub_x+0.000_y-0.667_D1_Conventional,xi+0.000000_eta-0.666667,Conventional,27,0.0003752776749732568,-0.007624722325026744,0.05037527767497326,1.0,True,1.1142852793561359e-08,5.7516699692150715,1.0961703891003733,1.971416559289429e-05,2.161008456875213e-05,-1.5247573347510365e-05,-1.2324796832665112e-05,-2.0637865853514543e-06,-1.5636761613076788e-05,-1.4390124586195955e-05,-3.92578090552515e-06
hub_x+0.000_y-0.667_D1_Conventional,xi+0.000000_eta-0.666667,Conventional,28,-0.0007505553499465136,-0.008750555349946513,0.04924944465005349,2.0,True,1.1142852793561359e-08,6.163768887356641,1.103491430525093,3.0948262148526034e-05,3.415114207054258e-05,2.2636240592216713e-05,2.1009274949461546e-05,2.001476445801247e-06,2.3195810298785044e-05,2.506190600711828e-05,-3.9466010126374733e-07
hub_x+0.000_y-0.667_D1_Conventional,xi+0.000000_eta-0.666667,Conventional,29,-0.0007505553499465136,-0.008750555349946513,0.05075055534994652,2.0,True,1.1142852793561359e-08,6.068537923526338,1.1095948542029201,2.9029782771639536e-05,3.2211297582039814e-05,2.2239123572318175e-05,1.8655869683902002e-05,-3.289328822236802e-07,2.290544975235202e-05,2.2490143789622868e-05,-2.6648632016087714e-06
hub_x+0.000_y-0.667_D1_Conventional,xi+0.000000_eta-0.666667,Conventional,30,-0.0013,-0.008,0.05,2.0,True,1.1142852793561359e-08,6.39357945798691,1.1024602984914103,3.581406897064981e-05,3.9483589167574544e-05,3.5666894677385136e-05,-3.1838598447030002e-06,6.19028913755322e-07,3.941590349563602e-05,-2.673172630280835e-07,-2.2954099105399723e-06
hub_x+0.000_y-0.667_D1_Conventional,xi+0.000000_eta-0.666667,Conventional,31,-0.0007505553499465136,-0.007249444650053487,0.04924944465005349,2.0,True,1.1142852793561359e-08,6.4502309277154435,1.0967052139940394,3.071135288835962e-05,3.368130084147489e-05,1.9568658457550155e-05,-2.3668203871048242e-05,2.663229685972156e-07,2.347900958356881e-05,-2.40409046359804e-05,-2.280578793270939e-06
hub_x+0.000_y-0.667_D1_Conventional,xi+0.000000_eta-0.666667,Conventional,32,-0.0007505553499465136,-0.007249444650053487,0.05075055534994652,2.0,True,1.1142852793561359e-08,6.092355393646161,1.1016099007156261,3.0614577422823696e-05,3.3725321595207665e-05,1.86607201888491e-05,-2.4189106282004212e-05,-1.979143776851625e-06,2.2509608718570623e-05,-2.471127223499967e-05,-4.479716125466462e-06
hub_x+0.000_y-0.667_D1_Conventional,xi+0.000000_eta-0.666667,Conventional,33,0.0,-0.0093,0.05,2.0,True,1.1142852793561359e-08,6.061632255289051,1.103949621010054,3.567966969793221e-05,3.938855784079617e-05,9.905028707824928e-07,3.560824400790476e-05,2.0274842761482873e-06,-1.809830710716054e-06,3.933984263941956e-05,-7.48186261569157e-07
hub_x+0.000_y-0.667_D1_Conventional,xi+0.000000_eta-0.666667,Conventional,34,0.0,-0.008,0.0487,2.0,True,1.1142852793561359e-08,30.52640492578928,1.0074719083146497,2.8114606872286027e-06,2.832467663713817e-06,-2.0726637675835473e-06,1.5781329577675611e-06,1.057294883174089e-06,-2.1732996566279077e-06,1.7689454317692273e-06,-4.1288464237388276e-07
hub_x+0.000_y-0.667_D1_Conventional,xi+0.000000_eta-0.666667,Conventional,35,0.0,-0.008,0.051300000000000005,2.0,True,1.1142852793561359e-08,8.2055519297504,1.2725019680562994,4.663007692637828e-06,5.9336864659433e-06,-1.7649978074691316e-06,-2.1802079975642506e-06,-3.724931753547385e-06,-1.7483163683689228e-06,-2.2622997068068094e-06,-5.199425447950361e-06
hub_x+0.000_y-0.667_D1_Conventional,xi+0.000000_eta-0.666667,Conventional,36,0.0,-0.0067,0.05,2.0,True,1.1142852793561359e-08,6.111931187960176,1.0949449263321192,3.6531069609666074e-05,3.9999509322589334e-05,-4.354779464868566e-06,-3.626315476028291e-05,-7.338592987748199e-07,-1.6869899096218904e-06,-3.978748403514981e-05,-3.7511231978494366e-06
hub_x+0.000_y-0.667_D1_Conventional,xi+0.000000_eta-0.666667,Conventional,37,0.0007505553499465136,-0.008750555349946513,0.04924944465005349,2.0,True,1.1142852793561359e-08,5.75265912018979,1.0980351215765596,3.308392076896102e-05,3.6327306963775375e-05,-2.2306169162827558e-05,2.4339253628271663e-05,2.1404120035348474e-06,-2.63116326524791e-05,2.50452591128896e-05,-3.259054611061394e-07
hub_x+0.000_y-0.667_D1_Conventional,xi+0.000000_eta-0.666667,Conventional,38,0.0007505553499465136,-0.008750555349946513,0.05075055534994652,2.0,True,1.1142852793561359e-08,5.618501061778449,1.1034098394349052,3.1138620919023025e-05,3.4358660708483576e-05,-2.200396404000064e-05,2.2032295400770385e-05,-1.312959944908935e-07,-2.5805573949545088e-05,2.253869921957186e-05,-2.5684540690703086e-06
hub_x+0.000_y-0.667_D1_Conventional,xi+0.000000_eta-0.666667,Conventional,39,0.0013,-0.008,0.05,2.0,True,1.1142852793561359e-08,5.8895827420343565,1.0945830111542483,3.7500459390643144e-05,4.104736575947778e-05,-3.7411526780363496e-05,2.4111579440947154e-06,9.211057702835749e-07,-4.0992799692392035e-05,-2.0471642825035703e-07,-2.105872825166961e-06
hub_x+0.000_y-0.667_D1_Conventional,xi+0.000000_eta-0.666667,Conventional,40,0.0007505553499465136,-0.007249444650053487,0.04924944465005349,2.0,True,1.1142852793561359e-08,5.885485387978626,1.0903474897904657,3.280703462657233e-05,3.577106785255203e-05,-2.5972061089747306e-05,-2.0039457067537517e-05,4.1680232469394777e-07,-2.6628630628848326e-05,-2.378610077055343e-05,-2.1695013891028925e-06
hub_x+0.000_y-0.667_D1_Conventional,xi+0.000000_eta-0.666667,Conventional,41,0.0007505553499465136,-0.007249444650053487,0.05075055534994652,2.0,True,1.1142852793561359e-08,5.6866935001489765,1.0972914585631521,3.225480778365568e-05,3.5392925078601655e-05,-2.462036159651372e-05,-2.076699950488713e-05,-1.715270119108083e-06,-2.5169219927134822e-05,-2.4504166210305808e-05,-4.326124387571007e-06
hub_x+0.667_y+0.000_D1,xi+0.666667_eta+0.000000,FE,0,0.007812361162513271,-0.0001876388374866284,0.056479027829179976,0.5,True,1.1142852793561359e-08,11.290715275482096,1.12460270409008,7.933358725553513e-06,8.92187667527411e-06,5.0715093574854714e-06,6.0757524375230535e-06,-5.506412835830988e-07,6.0768075511009095e-06,6.152975244643444e-06,-2.1938981367620792e-06
hub_x+0.667_y+0.000_D1,xi+0.666667_eta+0.000000,FE,1,0.007812361162513271,-0.0001876388374866284,0.05685430550415323,0.5,True,1.1142852793561359e-08,10.614838778249993,1.1332837711172983,8.220992939824486e-06,9.316717881172978e-06,5.451976156249661e-06,6.0458868259452896e-06,-1.143649157823507e-06,6.4810806718476855e-06,6.076645761056897e-06,-2.8055661990050955e-06
hub_x+0.667_y+0.000_D1,xi+0.666667_eta+0.000000,FE,2,0.0076749999999999,0.0,0.0566666666666666,0.5,True,1.1142852793561359e-08,9.720459792443814,1.1234879586075752,9.813480087713811e-06,1.1025326710581678e-05,9.729365379517916e-06,8.491668685284988e-07,-9.606020888938295e-07,1.069813539626454e-05,-4.230943958801645e-09,-2.6660289228308767e-06
hub_x+0.667_y+0.000_D1,xi+0.666667_eta+0.000000,FE,3,0.007812361162513271,0.0001876388374866284,0.056479027829179976,0.5,True,1.1142852793561359e-08,11.123850816123051,1.135077198849318,7.873651126173523e-06,8.937201865013821e-06,5.940445994387559e-06,-5.132448140350421e-06,-6.02876049509272e-07,6.02841958710818e-06,-6.2154125710476335e-06,-2.213680426222361e-06
hub_x+0.667_y+0.000_D1,xi+0.666667_eta+0.000000,FE,4,0.007812361162513271,0.0001876388374866284,0.05685430550415323,0.5,True,1.1142852793561359e-08,10.459367445229717,1.146828181010357,8.150149196311379e-06,9.346820777768803e-06,6.294263018270746e-06,-5.03800266072499e-06,-1.1940327338445092e-06,6.426379031516207e-06,-6.170845535190265e-06,-2.8258408617333336e-06
hub_x+0.667_y+0.000_D1,xi+0.666667_eta+0.000000,FE,5,0.0079999999999999,-0.000325,0.0566666666666666,0.5,True,1.1142852793561359e-08,9.619673302876913,1.1160714825670497,9.66598200370686e-06,1.0787926865343536e-05,-6.030635836571316e-07,9.62896141503059e-06,-5.921355232576458e-07,1.719024704083711e-07,1.0549631163257716e-05,-2.2483544898191566e-06
hub_x+0.667_y+0.000_D1,xi+0.666667_eta+0.000000,FE,6,0.0079999999999999,0.0,0.0563416666666666,0.5,True,1.1142852793561359e-08,34.12936688257573,5.344274285747067,3.3293910293726937e-07,1.7793178865473446e-06,-2.2079677710510776e-07,-3.786479432609283e-08,-2.4629958756626795e-07,-2.474217679811688e-07,-5.1311326895302106e-08,-1.7612841218408304e-06
hub_x+0.667_y+0.000_D1,xi+0.666667_eta+0.000000,FE,7,0.0079999999999999,0.0,0.0569916666666666,0.5,True,1.1142852793561359e-08,10.89383005895119,2.0503557152892844,1.4106802545962846e-06,2.8923963224572348e-06,5.084264071354503e-07,5.013674802566278e-08,-1.314917364602273e-06,5.435257276778399e-07,-7.584532345055383e-08,-2.8398562915096763e-06
hub_x+0.667_y+0.000_D1,xi+0.666667_eta+0.000000,FE,8,0.0079999999999999,0.000325,0.0566666666666666,0.5,True,1.1142852793561359e-08,9.301476661627436,1.129727116828002,9.697093702716853e-06,1.0955069710381286e-05,9.079469335665335e-07,-9.630854960676419e-06,-6.75197283401217e-07,1.2537297089234505e-07,-1.0713359251426708e-05,-2.285118711873175e-06
hub_x+0.667_y+0.000_D1,xi+0.666667_eta+0.000000,FE,9,0.008187638837486529,-0.0001876388374866284,0.056479027829179976,0.5,True,1.1142852793561359e-08,11.033008732370783,1.1188337375133521,7.922857075641591e-06,8.864359793724189e-06,-6.059281838241174e-06,5.102336937888917e-06,-1.514120802943119e-07,-6.197726125624361e-06,6.0988337131253555e-06,-1.7231635917674157e-06
hub_x+0.667_y+0.000_D1,xi+0.666667_eta+0.000000,FE,10,0.008187638837486529,-0.0001876388374866284,0.05685430550415323,0.5,True,1.1142852793561359e-08,10.76996475976631,1.1321736192901999,7.618231323652762e-06,8.625160530289917e-06,-5.596950247474301e-06,5.110180056195183e-06,-7.730822862066369e-07,-5.700239246233876e-06,6.034197224756949e-06,-2.34288936181409e-06
hub_x+0.667_y+0.000_D1,xi+0.666667_eta+0.000000,FE,11,0.0083249999999999,0.0,0.0566666666666666,0.5,True,1.1142852793561359e-08,9.415253886272414,1.1178265531440281,9.4355762541933e-06,1.0547337681152537e-05,-9.39845462374524e-06,-7.834063189528287e-07,-2.9227465426032044e-07,-1.0381460391119004e-05,-8.403396647998679e-08,-1.8613303308024218e-06
hub_x+0.667_y+0.000_D1,xi+0.666667_eta+0.000000,FE,12,0.008187638837486529,0.0001876388374866284,0.056479027829179976,0.5,True,1.1142852793561359e-08,10.672094988484655,1.1232365825754835,7.996028198771224e-06,8.981431388164988e-06,-5.17334866532149e-06,-6.093556040594995e-06,-2.0372855148254066e-07,-6.197397107402039e-06,-6.26179432014204e-06,-1.7459412263065962e-06
hub_x+0.667_y+0.000_D1,xi+0.666667_eta+0.000000,FE,13,0.008187638837486529,0.0001876388374866284,0.05685430550415323,0.5,True,1.1142852793561359e-08,10.383922258663073,1.1450472361310107,7.654550441716409e-06,8.76482182711278e-06,-4.71234663243867e-06,-5.976196999846285e-06,-8.191465678088693e-07,-5.70330210416765e-06,-6.22119847783355e-06,-2.3645583665942785e-06
hub_x+0.667_y+0.000_D1,xi+0.666667_eta+0.000000,FE,14,0.007624722325026643,-0.0003752776749732568,0.05629138899169334,1.0,True,1.1142852793561359e-08,7.980167496956065,1.102524769966778,1.5380653725403778e-05,1.6957551710539467e-05,9.770736242791182e-06,1.1877748853576005e-05,-1.2768894219077593e-07,1.1732017065942235e-05,1.2073138626322206e-05,-2.039033910867328e-06
hub_x+0.667_y+0.000_D1,xi+0.666667_eta+0.000000,FE,15,0.007624722325026643,-0.0003752776749732568,0.05704194434163986,1.0,True,1.1142852793561359e-08,7.6092142867534225,1.109579015296767,1.5694798595397655e-05,1.7414619170762414e-05,1.041536109246966e-05,1.167233938316e-05,-1.2662738992403769e-06,1.2409435130961444e-05,1.1788343450152148e-05,-3.2108938466415715e-06
hub_x+0.667_y+0.000_D1,xi+0.666667_eta+0.000000,FE,16,0.0073499999999999,0.0,0.0566666666666666,1.0,True,1.1142852793561359e-08,7.418030140312359,1.1053005196206642,1.8705707418711908e-05,2.0675428129774384e-05,1.8612818394115196e-05,1.6717415955723825e-06,-8.196105781246352e-07,2.046884386186925e-05,8.389137985029253e-08,-2.9142274352339366e-06
hub_x+0.667_y+0.000_D1,xi+0.666667_eta+0.000000,FE,17,0.007624722325026643,0.0003752776749732568,0.05629138899169334,1.0,True,1.1142852793561359e-08,7.914464262506876,1.1096475761774156,1.5196340618013341e-05,1.6862582533544913e-05,1.1438879484367082e-05,-1.0001125131424436e-05,-2.414548123325819e-07,1.1593260327000314e-05,-1.2068017943417026e-05,-2.075077735502754e-06
hub_x+0.667_y+0.000_D1,xi+0.666667_eta+0.000000,FE,18,0.007624722325026643,0.0003752776749732568,0.05704194434163986,1.0,True,1.1142852793561359e-08,7.638524849901183,1.1187587363624298,1.551191040892393e-05,1.7354085287654956e-05,1.2010329644876688e-05,-9.721602911651772e-06,-1.364471760075155e-06,1.2247970692869945e-05,-1.1857089872366316e-05,-3.2497553502424215e-06
hub_x+0.667_y+0.000_D1,xi+0.666667_eta+0.000000,FE,19,0.0079999999999999,-0.00065,0.0566666666666666,1.0,True,1.1142852793561359e-08,7.2327646419465985,1.1033142112498018,1.8538045398152754e-05,2.0453288936575924e-05,-1.3082574527726034e-06,1.84915025391394e-05,-1.0919462550197484e-07,1.9164177381026644e-07,2.0342675909668336e-05,-2.1156177792289296e-06
hub_x+0.667_y+0.000_D1,xi+0.666667_eta+0.000000,FE,20,0.0079999999999999,0.0,0.056016666666666604,1.0,True,1.1142852793561359e-08,88.91305256345501,2.043029854230372,6.704215178006293e-07,1.3696911757851244e-06,-5.92711703860763e-07,-7.29569165832216e-08,3.046885884952692e-07,-6.45592753804282e-07,-3.652109960829527e-08,-1.2074477721799983e-06
hub_x+0.667_y+0.000_D1,xi+0.666667_eta+0.000000,FE,21,0.0079999999999999,0.0,0.0573166666666666,1.0,True,1.1142852793561359e-08,10.589034184051494,1.7199621515153758,2.026854777147392e-06,3.486113503311646e-06,8.659444440740061e-07,9.044125351320744e-08,-1.8303280818163515e-06,9.324145766418148e-07,-8.870192443551492e-08,-3.3579342435251912e-06
hub_x+0.667_y+0.000_D1,xi+0.666667_eta+0.000000,FE,22,0.0079999999999999,0.00065,0.0566666666666666,1.0,True,1.1142852793561359e-08,7.050133087766127,1.110440545039152,1.8664239623818495e-05,2.0725528420614346e-05,1.6373921820166302e-06,-1.8590226557608004e-05,-2.761595813894789e-07,9.99872695425716e-08,-2.0609396264630137e-05,-2.1886791603777425e-06
hub_x+0.667_y+0.000_D1,xi+0.666667_eta+0.000000,FE,23,0.008375277674973156,-0.0003752776749732568,0.05629138899169334,1.0,True,1.1142852793561359e-08,7.569570868244524,1.1018032428632505,1.5543125994541277e-05,1.7125466625017664e-05,-1.1920913721208168e-05,9.953447290423114e-06,6.398974687122659e-07,-1.2220546561624237e-05,1.1945419222783564e-05,-1.1166057727420375e-06
hub_x+0.667_y+0.000_D1,xi+0.666667_eta+0.000000,FE,24,0.008375277674973156,-0.0003752776749732568,0.05704194434163986,1.0,True,1.1142852793561359e-08,7.333838028637027,1.1084888232742358,1.4774126721818085e-05,1.637695434477257e-05,-1.0964826192846019e-05,9.885343622260504e-06,-5.721786634003833e-07,-1.1183502244951663e-05,1.1736946379464345e-05,-2.3190517099679e-06
hub_x+0.667_y+0.000_D1,xi+0.666667_eta+0.000000,FE,25,0.008649999999999899,0.0,0.0566666666666666,1.0,True,1.1142852793561359e-08,6.897058716248757,1.1056207659294188,1.822355593879047e-05,2.014834187500313e-05,-1.8159824544257674e-05,-1.4559626298719306e-06,4.4602286535386335e-07,-2.0101858791494647e-05,-5.544971438377075e-08,-1.366703613805404e-06
hub_x+0.667_y+0.000_D1,xi+0.666667_eta+0.000000,FE,26,0.008375277674973156,0.0003752776749732568,0.05629138899169334,1.0,True,1.1142852793561359e-08,7.399976181328324,1.1042637879780843,1.5603344501618224e-05,1.7230208304483955e-05,-1.013285860561717e-05,-1.1853280190167515e-05,5.378520690041791e-07,-1.2171601778159656e-05,-1.2140187545938581e-05,-1.1610489736640409e-06
hub_x+0.667_y+0.000_D1,xi+0.666667_eta+0.000000,FE,27,0.008375277674973156,0.0003752776749732568,0.05704194434163986,1.0,True,1.1142852793561359e-08,7.1844266985372265,1.1174691738297433,1.4787831667698917e-05,1.6524946036436824e-05,-9.198246700523708e-06,-1.156025243848122e-05,-6.57865204348654e-07,-1.11433362168996e-05,-1.197178716078921e-05,-2.3614003559424924e-06
hub_x+0.667_y+0.000_D1,xi+0.666667_eta+0.000000,FE,28,0.007249444650053386,-0.0007505553499465136,0.055916111316720085,2.0,True,1.1142852793561359e-08,7.3445906814509225,1.0953898824734123,2.7584372605618928e-05,3.0215642666571728e-05,1.7380379122946615e-05,2.139068794286262e-05,1.1218301651021825e-06,2.0943265147439868e-05,2.1715707422423464e-05,-1.6711546492419375e-06
hub_x+0.667_y+0.000_D1,xi+0.666667_eta+0.000000,FE,29,0.007249444650053386,-0.0007505553499465136,0.05741722201661312,2.0,True,1.1142852793561359e-08,7.274590971550385,1.10411311666137,2.734103281419799e-05,3.0187592953224933e-05,1.809389635130665e-05,2.0482623155592413e-05,-7.779067046971384e-07,2.170424762439488e-05,2.0659094474066116e-05,-3.6630887076558326e-06
hub_x+0.667_y+0.000_D1,xi+0.666667_eta+0.000000,FE,30,0.0066999999999999,0.0,0.0566666666666666,2.0,True,1.1142852793561359e-08,7.58657033761668,1.098897742076165,3.1876859050643735e-05,3.502940843523256e-05,3.1720244952675786e-05,3.1389226527564882e-06,3.2767004267410674e-07,3.489607922826419e-05,2.984019094584879e-07,-3.038760621944804e-06
hub_x+0.667_y+0.000_D1,xi+0.666667_eta+0.000000,FE,31,0.007249444650053386,0.0007505553499465136,0.055916111316720085,2.0,True,1.1142852793561359e-08,7.353907326141287,1.1019923340282873,2.7074470547815846e-05,2.9835858991567707e-05,2.03711485946193e-05,-1.7811631354199707e-05,8.88284235240935e-07,2.0548219922260572e-05,-2.156360599375564e-05,-1.7204756136578151e-06
hub_x+0.667_y+0.000_D1,xi+0.666667_eta+0.000000,FE,32,0.007249444650053386,0.0007505553499465136,0.05741722201661312,2.0,True,1.1142852793561359e-08,7.402246214271451,1.1105365430762884,2.691004322115233e-05,2.9884586372852018e-05,2.0917656854497928e-05,-1.690034683122787e-05,-9.90118612070513e-07,2.120383278979587e-05,-2.0724983727909512e-05,-3.736445794697924e-06
hub_x+0.667_y+0.000_D1,xi+0.666667_eta+0.000000,FE,33,0.0079999999999999,-0.0013,0.0566666666666666,2.0,True,1.1142852793561359e-08,7.376272420357369,1.1000205359246038,3.164196434796662e-05,3.480681057975745e-05,-2.464354953488167e-06,3.1507881045461165e-05,1.5473507961279437e-06,2.1774452438057592e-07,3.4765379754660975e-05,-1.6837519328647389e-06
hub_x+0.667_y+0.000_D1,xi+0.666667_eta+0.000000,FE,34,0.0079999999999999,0.0,0.0553666666666666,2.0,True,1.1142852793561359e-08,50.17229763596395,0.7657916274415194,1.8890205727615264e-06,1.4465961386855603e-06,-1.289293560778577e-06,-6.072100092880922e-08,1.379287424178654e-06,-1.444321644036012e-06,4.58835646945212e-09,-8.095877972149464e-08
hub_x+0.667_y+0.000_D1,xi+0.666667_eta+0.000000,FE,35,0.0079999999999999,0.0,0.057966666666666604,2.0,True,1.1142852793561359e-08,8.607514844565504,1.446146817479444,3.221520387503006e-06,4.6587914558326175e-06,1.544238104407359e-06,1.5303836572460574e-07,-2.8231368267603015e-06,1.6831572022786652e-06,-1.2356720923215188e-07,-4.342355444474696e-06
hub_x+0.667_y+0.000_D1,xi+0.666667_eta+0.000000,FE,36,0.0079999999999999,0.0013,0.0566666666666666,2.0,True,1.1142852793561359e-08,7.219729907263227,1.1044080070629947,3.206212532572229e-05,3.540966793318492e-05,2.866164708572792e-06,-3.191019898932734e-05,1.2264504585131011e-06,3.630236083494319e-08,-3.536285547371402e-05,-1.8198126338270569e-06
hub_x+0.667_y+0.000_D1,xi+0.666667_eta+0.000000,FE,37,0.008750555349946412,-0.0007505553499465136,0.055916111316720085,2.0,True,1.1142852793561359e-08,7.0941408322000115,1.0976583251880052,2.7833230210679573e-05,3.055137685762673e-05,-2.1398466014619364e-05,1.761578377824482e-05,2.5452933151196404e-06,-2.188465372411042e-05,2.1317798988292607e-05,2.3595043272014458e-09
hub_x+0.667_y+0.000_D1,xi+0.666667_eta+0.000000,FE,38,0.008750555349946412,-0.0007505553499465136,0.05741722201661312,2.0,True,1.1142852793561359e-08,6.889359640492335,1.1045191688065046,2.6119761708785563e-05,2.8849777492011796e-05,-1.9579211780667313e-05,1.7285316919327513e-05,3.379893044591674e-07,-1.9893120182430364e-05,2.078805897717735e-05,-2.104764762952953e-06
hub_x+0.667_y+0.000_D1,xi+0.666667_eta+0.000000,FE,39,0.009299999999999899,0.0,0.0566666666666666,2.0,True,1.1142852793561359e-08,7.24326554769247,1.0999524627863957,3.1285475558638695e-05,3.441253589016822e-05,-3.108098353671675e-05,-2.6046293990699235e-06,2.4432251255301657e-06,-3.4409582172823636e-05,1.6979099239298142e-07,-4.1767463738639064e-07
hub_x+0.667_y+0.000_D1,xi+0.666667_eta+0.000000,FE,40,0.008750555349946412,0.0007505553499465136,0.055916111316720085,2.0,True,1.1142852793561359e-08,7.064172694721529,1.0970108448805918,2.7835720414804333e-05,3.0536087170104435e-05,-1.7845083194917497e-05,-2.123338652417658e-05,2.3502411562527773e-06,-2.1606481135445815e-05,-2.1577891248630432e-05,-8.486380924223335e-08
hub_x+0.667_y+0.000_D1,xi+0.666667_eta+0.000000,FE,41,0.008750555349946412,0.0007505553499465136,0.05741722201661312,2.0,True,1.1142852793561359e-08,6.831941095871652,1.1078216753185346,2.6059291156238058e-05,2.8869047586317117e-05,-1.6063221028799482e-05,-2.0518902099960547e-05,1.8504690690669396e-07,-1.962573253071041e-05,-2.1059412460432795e-05,-2.18029309851345e-06
hub_x+0.667_y+0.000_D1_Conventional,xi+0.666667_eta+0.000000,Conventional,0,0.007812361162513271,-0.0001876388374866284,0.056479027829179976,0.5,True,1.1142852793561359e-08,10.22221898426983,1.1016056922309043,8.605104527099216e-06,9.47943212929442e-06,3.90283061273318e-06,7.63948535095726e-06,-6.737957428817668e-07,4.792909234002987e-06,7.86030112839179e-06,-2.259053062570907e-06
hub_x+0.667_y+0.000_D1_Conventional,xi+0.666667_eta+0.000000,Conventional,1,0.007812361162513271,-0.0001876388374866284,0.05685430550415323,0.5,True,1.1142852793561359e-08,9.753389349716677,1.1100562859686518,8.819197878622628e-06,9.789806042366447e-06,4.29686450635021e-06,7.599506632070305e-06,-1.2500822314908303e-06,5.2078317817410856e-06,7.782670338154725e-06,-2.854616066627643e-06
hub_x+0.667_y+0.000_D1_Conventional,xi+0.666667_eta+0.000000,Conventional,2,0.0076749999999999,0.0,0.0566666666666666,0.5,True,1.1142852793561359e-08,10.44814744124557,1.1109637229361171,8.95851369889666e-06,9.95258373090044e-06,8.560003323882352e-06,2.40983471236383e-06,-1.083516242392592e-06,9.417779428424866e-06,1.7045099339753958e-06,-2.730201355779589e-06
hub_x+0.667_y+0.000_D1_Conventional,xi+0.666667_eta+0.000000,Conventional,3,0.007812361162513271,0.0001876388374866284,0.056479027829179976,0.5,True,1.1142852793561359e-08,14.073742285773543,1.1560955836461437,6.012018369382963e-06,6.950467885643134e-06,4.782500111310519e-06,-3.5755142095523994e-06,-6.983950861811246e-07,4.761536916785954e-06,-4.52234094052977e-06,-2.277103958331584e-06
hub_x+0.667_y+0.000_D1_Conventional,xi+0.666667_eta+0.000000,Conventional,4,0.007812361162513271,0.0001876388374866284,0.05685430550415323,0.5,True,1.1142852793561359e-08,12.958956628078319,1.1682231502633915,6.350936242025908e-06,7.419310743781451e-06,5.153131258999341e-06,-3.4859147360543283e-06,-1.2759419386325193e-06,5.171825230639564e-06,-4.474332586899262e-06,-2.8772805908222183e-06
hub_x+0.667_y+0.000_D1_Conventional,xi+0.666667_eta+0.000000,Conventional,5,0.0079999999999999,-0.000325,0.0566666666666666,0.5,True,1.1142852793561359e-08,8.054968500975065,1.1037092730459936,1.1292622185695863e-05,1.2463771823357441e-05,-1.6962200161294469e-06,1.1143272199940156e-05,-6.882137486225408e-07,-1.0397286340526326e-06,1.2206073233269553e-05,-2.297030399518139e-06
hub_x+0.667_y+0.000_D1_Conventional,xi+0.666667_eta+0.000000,Conventional,6,0.0079999999999999,0.0,0.0563416666666666,0.5,True,1.1142852793561359e-08,29.783888427095114,1.3864996372795089,2.0843552932823138e-06,2.8899578580975525e-06,-1.3595660726702362e-06,1.5430368022994905e-06,-3.393442344101249e-07,-1.4960231548568506e-06,1.6687160832518583e-06,-1.8245979763247924e-06
hub_x+0.667_y+0.000_D1_Conventional,xi+0.666667_eta+0.000000,Conventional,7,0.0079999999999999,0.0,0.0569916666666666,0.5,True,1.1142852793561359e-08,19.877215962281493,1.5297954511297467,2.212092587691307e-06,3.3840491781279918e-06,-6.044733615285686e-07,1.6264401520256485e-06,-1.3720998519058157e-06,-6.864531053106563e-07,1.647970715453029e-06,-2.874850169175313e-06
hub_x+0.667_y+0.000_D1_Conventional,xi+0.666667_eta+0.000000,Conventional,8,0.0079999999999999,0.000325,0.0566666666666666,0.5,True,1.1142852793561359e-08,10.679147985328491,1.157120148341383,8.129545969953634e-06,9.406861438700842e-06,-2.2108276665138268e-07,-8.093933216111128e-06,-7.272449250507673e-07,-1.1159663459054987e-06,-9.044575134503453e-06,-2.3322353822127426e-06
hub_x+0.667_y+0.000_D1_Conventional,xi+0.666667_eta+0.000000,Conventional,9,0.008187638837486529,-0.0001876388374866284,0.056479027829179976,0.5,True,1.1142852793561359e-08,8.795618366826895,1.1150359002133252,9.723006654306563e-06,1.084150147756487e-05,-7.097020839739503e-06,6.6420513113139625e-06,-2.2870937424028805e-07,-7.347102866006797e-06,7.77228305630019e-06,-1.774781636456991e-06
hub_x+0.667_y+0.000_D1_Conventional,xi+0.666667_eta+0.000000,Conventional,10,0.008187638837486529,-0.0001876388374866284,0.05685430550415323,0.5,True,1.1142852793561359e-08,8.600698563803231,1.1230653981039818,9.41752706854574e-06,1.0576498786391345e-05,-6.622916764266602e-06,6.644295565690251e-06,-8.246975543415773e-07,-6.841114405695204e-06,7.70851193197687e-06,-2.3749366436386035e-06
hub_x+0.667_y+0.000_D1_Conventional,xi+0.666667_eta+0.000000,Conventional,11,0.0083249999999999,0.0,0.0566666666666666,0.5,True,1.1142852793561359e-08,8.354786480900268,1.126724129245224,1.0435301707511836e-05,1.1757706229807471e-05,-1.0401791279488404e-05,7.698834656712565e-07,-3.248682102706225e-07,-1.1492636927328582e-05,1.6012379537015603e-06,-1.8971002236788938e-06
hub_x+0.667_y+0.000_D1_Conventional,xi+0.666667_eta+0.000000,Conventional,12,0.008187638837486529,0.0001876388374866284,0.056479027829179976,0.5,True,1.1142852793561359e-08,10.618889978042118,1.1481383831144174,7.732297808657309e-06,8.877747903790955e-06,-6.265802635032916e-06,-4.523767305570387e-06,-2.5234124837927607e-07,-7.400193069021278e-06,-4.564586987674718e-06,-1.7933477120806152e-06
hub_x+0.667_y+0.000_D1_Conventional,xi+0.666667_eta+0.000000,Conventional,13,0.008187638837486529,0.0001876388374866284,0.05685430550415323,0.5,True,1.1142852793561359e-08,10.376114805154996,1.1717966081921967,7.326611347301431e-06,8.585298326310276e-06,-5.789878588366492e-06,-4.409396332478224e-06,-8.448453997678629e-07,-6.8953048309101105e-06,-4.518723002242883e-06,-2.3965101855771003e-06
hub_x+0.667_y+0.000_D1_Conventional,xi+0.666667_eta+0.000000,Conventional,14,0.007624722325026643,-0.0003752776749732568,0.05629138899169334,1.0,True,1.1142852793561359e-08,7.508094421844864,1.091123125184023,1.59124354152591e-05,1.7362426259586436e-05,8.573510767874268e-06,1.3402163118523134e-05,-2.872937563440829e-07,1.0412779584463573e-05,1.3731174472675691e-05,-2.117242202936331e-06
hub_x+0.667_y+0.000_D1_Conventional,xi+0.666667_eta+0.000000,Conventional,15,0.007624722325026643,-0.0003752776749732568,0.05704194434163986,1.0,True,1.1142852793561359e-08,7.17846959794221,1.0987127567578174,1.6144588936025097e-05,1.7738265816621893e-05,9.242588468297624e-06,1.3163166577956968e-05,-1.3976251142106728e-06,1.1111224361716084e-05,1.3437645731597543e-05,-3.2582885932375777e-06
hub_x+0.667_y+0.000_D1_Conventional,xi+0.666667_eta+0.000000,Conventional,16,0.0073499999999999,0.0,0.0566666666666666,1.0,True,1.1142852793561359e-08,7.610328911341024,1.0981707900669606,1.7801384247618344e-05,1.9548960203492584e-05,1.748751648599873e-05,3.1772030989168906e-06,-9.90670859322137e-07,1.924112244653152e-05,1.7276287485460807e-06,-2.992716315074784e-06
hub_x+0.667_y+0.000_D1_Conventional,xi+0.666667_eta+0.000000,Conventional,17,0.007624722325026643,0.0003752776749732568,0.05629138899169334,1.0,True,1.1142852793561359e-08,8.854526852410212,1.1124021885951203,1.3397464225964165e-05,1.4903368526587367e-05,1.0320160392471007e-05,-8.536106295071956e-06,-3.481759309532255e-07,1.0374845110709892e-05,-1.0481332942588892e-05,-2.1481718075272403e-06
hub_x+0.667_y+0.000_D1_Conventional,xi+0.666667_eta+0.000000,Conventional,18,0.007624722325026643,0.0003752776749732568,0.05704194434163986,1.0,True,1.1142852793561359e-08,8.467328752206004,1.1208569111564939,1.3776288349819358e-05,1.544124800697972e-05,1.0926449059227124e-05,-8.261655745499765e-06,-1.464198072780469e-06,1.1055218551854665e-05,-1.026030049131374e-05,-3.307645176213836e-06
hub_x+0.667_y+0.000_D1_Conventional,xi+0.666667_eta+0.000000,Conventional,19,0.0079999999999999,-0.00065,0.0566666666666666,1.0,True,1.1142852793561359e-08,6.552064776915171,1.0986437226863015,1.9976020709931772e-05,2.1946529757218097e-05,-2.337750846455435e-06,1.9837617457850725e-05,-2.1273922886020218e-07,-9.632639037648997e-07,2.18186133355246e-05,-2.161111554508699e-06
hub_x+0.667_y+0.000_D1_Conventional,xi+0.666667_eta+0.000000,Conventional,20,0.0079999999999999,0.0,0.056016666666666604,1.0,True,1.1142852793561359e-08,31.737819705953754,1.2296730102380884,2.3104770028050273e-06,2.841131211125134e-06,-1.7382228517467389e-06,1.5094036617341319e-06,1.964328997391516e-07,-1.899636796379962e-06,1.6780772361868208e-06,-1.283535504012353e-06
hub_x+0.667_y+0.000_D1_Conventional,xi+0.666667_eta+0.000000,Conventional,21,0.0079999999999999,0.0,0.0573166666666666,1.0,True,1.1142852793561359e-08,15.738704764092343,1.4989707757447595,2.5110260932384485e-06,3.76395473089697e-06,-2.3022592725884142e-07,1.6587475372684475e-06,-1.8710437383845447e-06,-2.8386543601608894e-07,1.6330294238047323e-06,-3.3793476488022156e-06
hub_x+0.667_y+0.000_D1_Conventional,xi+0.666667_eta+0.000000,Conventional,22,0.0079999999999999,0.00065,0.0566666666666666,1.0,True,1.1142852793561359e-08,7.60943067633905,1.1192199402215157,1.7219863870536427e-05,1.9272815011804418e-05,5.350779905584138e-07,-1.7208911979150714e-05,-3.012503239314138e-07,-1.1148854010961554e-06,-1.9110880111085873e-05,-2.229953004293779e-06
hub_x+0.667_y+0.000_D1_Conventional,xi+0.666667_eta+0.000000,Conventional,23,0.008375277674973156,-0.0003752776749732568,0.05629138899169334,1.0,True,1.1142852793561359e-08,6.725193082629283,1.1025273902806418,1.71589921180789e-05,1.8918258799791633e-05,-1.2814930117032715e-05,1.1397135243395728e-05,5.602542704958013e-07,-1.3206592655885792e-05,1.3494710360804731e-05,-1.1744014285526496e-06
hub_x+0.667_y+0.000_D1_Conventional,xi+0.666667_eta+0.000000,Conventional,24,0.008375277674973156,-0.0003752776749732568,0.05704194434163986,1.0,True,1.1142852793561359e-08,6.531371761108924,1.109134347020776,1.6374172920671044e-05,1.8161157590373752e-05,-1.1829802753707354e-05,1.130548439325989e-05,-5.960941856551328e-07,-1.2157918288310835e-05,1.3288038557714215e-05,-2.3325306441389777e-06
hub_x+0.667_y+0.000_D1_Conventional,xi+0.666667_eta+0.000000,Conventional,25,0.008649999999999899,0.0,0.0566666666666666,1.0,True,1.1142852793561359e-08,6.5753467924342015,1.1116689582097259,1.8988835161229685e-05,2.1109298601300418e-05,-1.898343527889782e-05,3.2206033379773235e-08,4.5167307166190065e-07,-2.1006901863324352e-05,1.5415328702256288e-06,-1.3914876763872443e-06
hub_x+0.667_y+0.000_D1_Conventional,xi+0.666667_eta+0.000000,Conventional,26,0.008375277674973156,0.0003752776749732568,0.05629138899169334,1.0,True,1.1142852793561359e-08,7.502734824376228,1.1163995867872927,1.5247912533230559e-05,1.7022763251467376e-05,-1.1194123141035632e-05,-1.0340019237822484e-05,5.238758305563263e-07,-1.3334204334970239e-05,-1.0513063611351288e-05,-1.2037262863501967e-06
hub_x+0.667_y+0.000_D1_Conventional,xi+0.666667_eta+0.000000,Conventional,27,0.008375277674973156,0.0003752776749732568,0.05704194434163986,1.0,True,1.1142852793561359e-08,7.349871465653268,1.1309184450516376,1.434507780389671e-05,1.6223113084127627e-05,-1.0225157753009965e-05,-1.0041143721202175e-05,-6.346959083469878e-07,-1.2283606536887024e-05,-1.0327488867736648e-05,-2.3760013203100343e-06
hub_x+0.667_y+0.000_D1_Conventional,xi+0.666667_eta+0.000000,Conventional,28,0.007249444650053386,-0.0007505553499465136,0.055916111316720085,2.0,True,1.1142852793561359e-08,7.073967688593406,1.0895364590874028,2.7910676142429716e-05,3.0409699254958122e-05,1.6146576993664342e-05,2.274804110453862e-05,9.058256021366425e-07,1.9589387961005866e-05,2.3192713657985244e-05,-1.761738138573293e-06
hub_x+0.667_y+0.000_D1_Conventional,xi+0.666667_eta+0.000000,Conventional,29,0.007249444650053386,-0.0007505553499465136,0.05741722201661312,2.0,True,1.1142852793561359e-08,6.933802791712019,1.0983074146122593,2.7581360672150683e-05,3.0292812931318064e-05,1.691984539869629e-05,2.1759875358076615e-05,-9.788322698228094e-07,2.0387688984917485e-05,2.2096762262142417e-05,-3.7053678193215697e-06
hub_x+0.667_y+0.000_D1_Conventional,xi+0.666667_eta+0.000000,Conventional,30,0.0066999999999999,0.0,0.0566666666666666,2.0,True,1.1142852793561359e-08,7.5498685185662,1.0954201177373237,3.1224297562739935e-05,3.420372371244181e-05,3.091146860479059e-05,4.408272712126304e-06,7.070132315197026e-08,3.401781847221188e-05,1.6809270519433553e-06,-3.139622020998707e-06
hub_x+0.667_y+0.000_D1_Conventional,xi+0.666667_eta+0.000000,Conventional,31,0.007249444650053386,0.0007505553499465136,0.055916111316720085,2.0,True,1.1142852793561359e-08,7.723586718468111,1.1026565744449648,2.5715356206881672e-05,2.835520658571221e-05,1.952726754103212e-05,-1.6713254224735438e-05,7.952989671338975e-07,1.9628316501816674e-05,-2.0384399884912943e-05,-1.7953197918168653e-06
hub_x+0.667_y+0.000_D1_Conventional,xi+0.666667_eta+0.000000,Conventional,32,0.007249444650053386,0.0007505553499465136,0.05741722201661312,2.0,True,1.1142852793561359e-08,7.676115511767347,1.110066656760207,2.56174437014791e-05,2.843707008444373e-05,2.0133265178479556e-05,-1.5798886024755955e-05,-1.1402874322927315e-06,2.0329126784689577e-05,-1.9514928964424587e-05,-3.8159018164837295e-06
hub_x+0.667_y+0.000_D1_Conventional,xi+0.666667_eta+0.000000,Conventional,33,0.0079999999999999,-0.0013,0.0566666666666666,2.0,True,1.1142852793561359e-08,6.988621016689106,1.0976430518373455,3.249159918568308e-05,3.5664178089248985e-05,-3.3004403357953526e-06,3.229272188635861e-05,1.41110750945217e-06,-7.543143525226837e-07,3.561499974731291e-05,-1.7135931950574e-06
hub_x+0.667_y+0.000_D1_Conventional,xi+0.666667_eta+0.000000,Conventional,34,0.0079999999999999,0.0,0.0553666666666666,2.0,True,1.1142852793561359e-08,26.850617735775185,1.014468406168665,3.1528539139992197e-06,3.198470685017426e-06,-2.457775555504807e-06,1.5169419442237685e-06,1.2644027284207552e-06,-2.7030348381221283e-06,1.7005500032648207e-06,-1.787374421041613e-07
hub_x+0.667_y+0.000_D1_Conventional,xi+0.666667_eta+0.000000,Conventional,35,0.0079999999999999,0.0,0.057966666666666604,2.0,True,1.1142852793561359e-08,10.855399231930424,1.3904505455572438,3.342491306243251e-06,4.647568860286273e-06,4.897842311263375e-07,1.6933348871467262e-06,-2.839890226615015e-06,5.035053578301577e-07,1.586958662445116e-06,-4.3391175219656565e-06
hub_x+0.667_y+0.000_D1_Conventional,xi+0.666667_eta+0.000000,Conventional,36,0.0079999999999999,0.0013,0.0566666666666666,2.0,True,1.1142852793561359e-08,7.510004265664817,1.1079963507656985,3.1171277038932515e-05,3.453766120784383e-05,1.900047642067086e-06,-3.108738000938134e-05,1.2700926533423953e-06,-1.0489879568382073e-06,-3.4472905408247065e-05,-1.835336124054497e-06
hub_x+0.667_y+0.000_D1_Conventional,xi+0.666667_eta+0.000000,Conventional,37,0.008750555349946412,-0.0007505553499465136,0.055916111316720085,2.0,True,1.1142852793561359e-08,6.7067988162225065,1.097945800512847,2.8857063496321365e-05,3.168349168091862e-05,-2.184116257641513e-05,1.8701596936938447e-05,2.43803259814565e-06,-2.237618896038807e-05,2.2430880427222593e-05,-7.35932299107469e-08
hub_x+0.667_y+0.000_D1_Conventional,xi+0.666667_eta+0.000000,Conventional,38,0.008750555349946412,-0.0007505553499465136,0.05741722201661312,2.0,True,1.1142852793561359e-08,6.611643461374737,1.1064275749796124,2.711167422140841e-05,2.999710396243018e-05,-1.9990672529746973e-05,1.8310578101198814e-05,3.723177354082183e-07,-2.038301927176819e-05,2.1909142541929387e-05,-2.0852444885411088e-06
hub_x+0.667_y+0.000_D1_Conventional,xi+0.666667_eta+0.000000,Conventional,39,0.009299999999999899,0.0,0.0566666666666666,2.0,True,1.1142852793561359e-08,7.146631956063013,1.1032011456894366,3.1537053284219464e-05,3.479171331481972e-05,-3.140993443057677e-05,-1.355405096777151e-06,2.482866476916639e-06,-3.475828631460923e-05,1.4626677636592416e-06,-4.3064006479235614e-07
hub_x+0.667_y+0.000_D1_Conventional,xi+0.666667_eta+0.000000,Conventional,40,0.008750555349946412,0.0007505553499465136,0.055916111316720085,2.0,True,1.1142852793561359e-08,7.16668885120538,1.1027718633525545,2.7549049576068453e-05,3.038031673459291e-05,-1.88489684391502e-05,-1.994758446187392e-05,2.4000823862949178e-06,-2.268732991242959e-05,-2.0204872556839812e-05,-1.0877178230128734e-07
hub_x+0.667_y+0.000_D1_Conventional,xi+0.666667_eta+0.000000,Conventional,41,0.008750555349946412,0.0007505553499465136,0.05741722201661312,2.0,True,1.1142852793561359e-08,7.003061777335146,1.1142333300407359,2.5649270191163647e-05,2.8579271738214855e-05,-1.7004573733715906e-05,-1.9200178419668396e-05,2.875449996697776e-07,-2.0655522934548075e-05,-1.9632753607040484e-05,-2.1631299527129204e-06
hub_x+0.667_y+0.667_D1,xi+0.666667_eta+0.666667,FE,0,0.007812361162513271,0.007812361162513271,0.056479027829179976,0.5,True,1.1142852793561359e-08,11.283787864623186,1.1295786033357678,7.714456571303133e-06,8.714085079307028e-06,4.8336718293169896e-06,5.907280594660901e-06,-1.1191482533302709e-06,5.809216988872082e-06,5.8863250329497425e-06,-2.745806685123806e-06
hub_x+0.667_y+0.667_D1,xi+0.666667_eta+0.666667,FE,1,0.007812361162513271,0.007812361162513271,0.05685430550415323,0.5,True,1.1142852793561359e-08,10.30553317670091,1.1357025437310266,8.327118521467341e-06,9.457129686780205e-06,5.1825410757531715e-06,6.289240373257158e-06,-1.711030799280879e-06,6.228458220533448e-06,6.272554504605728e-06,-3.361349445445856e-06
hub_x+0.667_y+0.667_D1,xi+0.666667_eta+0.666667,FE,2,0.0076749999999999,0.0079999999999999,0.0566666666666666,0.5,True,1.1142852793561359e-08,9.534187688130928,1.1337254983892522,9.57049014242399e-06,1.0850308706549062e-05,9.423244343873086e-06,9.728938915120098e-07,-1.3602297885861984e-06,1.0428202763120695e-05,6.717044210569365e-08,-2.9962099876950516e-06
hub_x+0.667_y+0.667_D1,xi+0.666667_eta+0.666667,FE,3,0.007812361162513271,0.008187638837486529,0.056479027829179976,0.5,True,1.1142852793561359e-08,10.72445379963849,1.150068630863433,7.67112470609259e-06,8.822319887918559e-06,5.675393624154803e-06,-5.103354986014649e-06,-7.69304461215806e-07,5.776075977359206e-06,-6.25945148475108e-06,-2.2999003497075064e-06
hub_x+0.667_y+0.667_D1,xi+0.666667_eta+0.666667,FE,4,0.007812361162513271,0.008187638837486529,0.05685430550415323,0.5,True,1.1142852793561359e-08,10.177380316970252,1.1615258273940579,7.703266641616456e-06,8.9475431595406e-06,6.016083563779632e-06,-4.608806650435041e-06,-1.380563929837073e-06,6.1970238774552356e-06,-5.756023406618278e-06,-2.9195236249350624e-06
hub_x+0.667_y+0.667_D1,xi+0.666667_eta+0.666667,FE,5,0.0079999999999999,0.0076749999999999,0.0566666666666666,0.5,True,1.1142852793561359e-08,9.353146031779504,1.1138997658942063,9.760996617224419e-06,1.087277184682042e-05,-7.964616354871338e-07,9.64498119030203e-06,-1.2716295307139431e-06,-6.043972079130082e-08,1.04621007047068e-05,-2.959385665595957e-06
hub_x+0.667_y+0.667_D1,xi+0.666667_eta+0.666667,FE,6,0.0079999999999999,0.0079999999999999,0.0563416666666666,0.5,True,1.1142852793561359e-08,21.51871742586454,2.9335946173424037,7.345984222784461e-07,2.1550139775042716e-06,-3.8507104562037717e-07,-2.247794474677933e-07,-5.838059025351536e-07,-4.645341213102105e-07,-3.8081140104897744e-07,-2.0696076850960056e-06
hub_x+0.667_y+0.667_D1,xi+0.666667_eta+0.666667,FE,7,0.0079999999999999,0.0079999999999999,0.0569916666666666,0.5,True,1.1142852793561359e-08,11.579522036410921,1.8067072981377421,1.7722491819317961e-06,3.201935531114819e-06,2.867132068410492e-07,5.564587851921773e-07,-1.6580157780501635e-06,3.6328961218418794e-07,3.990509438612093e-07,-3.156132149847037e-06
hub_x+0.667_y+0.667_D1,xi+0.666667_eta+0.666667,FE,8,0.0079999999999999,0.0083249999999999,0.0566666666666666,0.5,True,1.1142852793561359e-08,8.99181571552244,1.1402572617361146,9.37621850529424e-06,1.0691301238286296e-05,6.941544768081979e-07,-9.32595725835538e-06,-6.768635288430505e-07,-7.702574920944395e-08,-1.0463236849536577e-05,-2.195145515049212e-06
hub_x+0.667_y+0.667_D1,xi+0.666667_eta+0.666667,FE,9,0.008187638837486529,0.007812361162513271,0.056479027829179976,0.5,True,1.1142852793561359e-08,10.365742813655409,1.1231136909735562,7.963919532461235e-06,8.944387060718935e-06,-6.152585880775509e-06,5.011713149536349e-06,-6.726311068958056e-07,-6.364745966325854e-06,5.864500598251939e-06,-2.258251848044796e-06
hub_x+0.667_y+0.667_D1,xi+0.666667_eta+0.666667,FE,10,0.008187638837486529,0.007812361162513271,0.05685430550415323,0.5,True,1.1142852793561359e-08,9.982711355362856,1.1303102214620118,7.987808146422071e-06,9.028701194978394e-06,-5.731108930623797e-06,5.414450871001872e-06,-1.2818701864377835e-06,-5.839889733769137e-06,6.255316015870904e-06,-2.878220753731557e-06
hub_x+0.667_y+0.667_D1,xi+0.666667_eta+0.666667,FE,11,0.0083249999999999,0.0079999999999999,0.0566666666666666,0.5,True,1.1142852793561359e-08,8.810509009199116,1.126094215435013,9.489246242438774e-06,1.0685785302448737e-05,-9.450741008916893e-06,-6.08999059808659e-07,-5.986725124532333e-07,-1.0465119320434823e-05,-1.1623356271760473e-08,-2.1603587749909085e-06
hub_x+0.667_y+0.667_D1,xi+0.666667_eta+0.666667,FE,12,0.008187638837486529,0.008187638837486529,0.056479027829179976,0.5,True,1.1142852793561359e-08,9.976153495649198,1.140275765472222,8.01672989800225e-06,9.141282821028564e-06,-5.274931792636183e-06,-6.028681508161639e-06,-3.1313274135595976e-07,-6.34213647906242e-06,-6.328558958407921e-06,-1.8137524651761381e-06
hub_x+0.667_y+0.667_D1,xi+0.666667_eta+0.666667,FE,13,0.008187638837486529,0.008187638837486529,0.05685430550415323,0.5,True,1.1142852793561359e-08,9.88792455372762,1.1579073966850253,7.429159640563216e-06,8.602278898962012e-06,-4.84690609211166e-06,-5.550257918629026e-06,-9.458072403613922e-07,-5.830527852630555e-06,-5.836277401742432e-06,-2.4376245209500616e-06
hub_x+0.667_y+0.667_D1,xi+0.666667_eta+0.666667,FE,14,0.007624722325026643,0.007624722325026643,0.05629138899169334,1.0,True,1.1142852793561359e-08,8.043051343038824,1.1063803112900625,1.4853665026033675e-05,1.6433802535301452e-05,9.505108420773827e-06,1.1377227920437392e-05,-9.181304163191171e-07,1.1426040385754257e-05,1.1471175393939013e-05,-2.8155997502985566e-06
hub_x+0.667_y+0.667_D1,xi+0.666667_eta+0.666667,FE,15,0.007624722325026643,0.007624722325026643,0.05704194434163986,1.0,True,1.1142852793561359e-08,7.534789224537768,1.1122806896738997,1.5783547034646186e-05,1.7555734581196693e-05,1.007155267694122e-05,1.1978883443697203e-05,-2.0470796547285563e-06,1.2105606405976142e-05,1.2071788057552122e-05,-3.991245835895951e-06
hub_x+0.667_y+0.667_D1,xi+0.666667_eta+0.666667,FE,16,0.0073499999999999,0.0079999999999999,0.0566666666666666,1.0,True,1.1142852793561359e-08,7.321408102769451,1.1117246307496889,1.838996676925804e-05,2.044457901605244e-05,1.8256925930267863e-05,1.7993757801722692e-06,-1.2797578493048303e-06,2.0182238775734845e-05,1.5037305467541598e-07,-3.2612017857324025e-06
hub_x+0.667_y+0.667_D1,xi+0.666667_eta+0.666667,FE,17,0.007624722325026643,0.008375277674973156,0.05629138899169334,1.0,True,1.1142852793561359e-08,7.8082305765485644,1.1142435241040995,1.501727005989665e-05,1.6732895913962225e-05,1.1167569156074814e-05,-1.0037640784489317e-05,-2.2263575119799192e-07,1.1297364041928052e-05,-1.2189743085856524e-05,-1.9415290037642704e-06
hub_x+0.667_y+0.667_D1,xi+0.666667_eta+0.666667,FE,18,0.007624722325026643,0.008375277674973156,0.05704194434163986,1.0,True,1.1142852793561359e-08,7.475356500093804,1.1227500281702194,1.4834228336892783e-05,1.665513028312984e-05,1.1714779123009837e-05,-8.98993502255075e-06,-1.4139832886145259e-06,1.201196556453517e-05,-1.11030718444681e-05,-3.13493917660768e-06
hub_x+0.667_y+0.667_D1,xi+0.666667_eta+0.666667,FE,19,0.0079999999999999,0.0073499999999999,0.0566666666666666,1.0,True,1.1142852793561359e-08,7.199521260221356,1.1021260518382128,1.847886818653046e-05,2.036604203685957e-05,-1.5670492777294412e-06,1.8379122460280653e-05,-1.1048907667015885e-06,-1.03740793084783e-07,2.0114583631790843e-05,-3.188797800844881e-06
hub_x+0.667_y+0.667_D1,xi+0.666667_eta+0.666667,FE,20,0.0079999999999999,0.0079999999999999,0.056016666666666604,1.0,True,1.1142852793561359e-08,50.217677069437784,1.9978777770908718,9.552045105258502e-07,1.9083818641565597e-06,-7.208295747521381e-07,-6.259369330211176e-07,-3.198963850527058e-08,-8.800640962506116e-07,-7.72998617072811e-07,-1.5066126456179043e-06
hub_x+0.667_y+0.667_D1,xi+0.666667_eta+0.666667,FE,21,0.0079999999999999,0.0079999999999999,0.0573166666666666,1.0,True,1.1142852793561359e-08,11.560257927483981,1.5666094983564323,2.447722206100129e-06,3.834624857414423e-06,6.11631640319702e-07,9.457878698161647e-07,-2.173185689282928e-06,7.70305972907179e-07,7.826476573620223e-07,-3.674022203203166e-06
hub_x+0.667_y+0.667_D1,xi+0.666667_eta+0.666667,FE,22,0.0079999999999999,0.008649999999999899,0.0566666666666666,1.0,True,1.1142852793561359e-08,6.970956387509703,1.114780531445819,1.8166045059064937e-05,2.0251153365213107e-05,1.4014240208186507e-06,-1.8111844382150148e-05,4.792576161408571e-08,-1.468807487158449e-07,-2.0177521430950016e-05,-1.7190891688890245e-06
hub_x+0.667_y+0.667_D1,xi+0.666667_eta+0.666667,FE,23,0.008375277674973156,0.007624722325026643,0.05629138899169334,1.0,True,1.1142852793561359e-08,7.413019323440989,1.1044804007047313,1.536750110648617e-05,1.697310377992225e-05,-1.1999752395273419e-05,9.600244475943582e-06,-3.658841480913447e-08,-1.238122014073491e-05,1.145953799197894e-05,-1.8629623616870013e-06
hub_x+0.667_y+0.667_D1,xi+0.666667_eta+0.666667,FE,24,0.008375277674973156,0.007624722325026643,0.05704194434163986,1.0,True,1.1142852793561359e-08,7.115706762590612,1.1076150894510381,1.5186991126768361e-05,1.6821340535367663e-05,-1.1083678639203005e-05,1.0308790535971186e-05,-1.2351538336931336e-06,-1.1263230135025737e-05,1.2114516401360654e-05,-3.0554274158315386e-06
hub_x+0.667_y+0.667_D1,xi+0.666667_eta+0.666667,FE,25,0.008649999999999899,0.0079999999999999,0.0566666666666666,1.0,True,1.1142852793561359e-08,6.839319977426504,1.1079481830535134,1.815319945333842e-05,2.0112804350934335e-05,-1.8101032228019734e-05,-1.362759126926991e-06,1.84851926834672e-07,-2.0044667997801442e-05,7.185986781855807e-09,-1.654125774683363e-06
hub_x+0.667_y+0.667_D1,xi+0.666667_eta+0.666667,FE,26,0.008375277674973156,0.008375277674973156,0.05629138899169334,1.0,True,1.1142852793561359e-08,7.241836870047364,1.109491688236177,1.570915333266077e-05,1.742917505181476e-05,-1.0171022059157452e-05,-1.19524300482502e-05,6.835383258202306e-07,-1.2259133890370025e-05,-1.2349283200163498e-05,-9.924634436304052e-07
hub_x+0.667_y+0.667_D1,xi+0.666667_eta+0.666667,FE,27,0.008375277674973156,0.008375277674973156,0.05704194434163986,1.0,True,1.1142852793561359e-08,7.051376059202813,1.1193023054566495,1.4384702660787563e-05,1.610083085152792e-05,-9.304679385821337e-06,-1.0954925279169043e-05,-5.7638901287526e-07,-1.1217674804834684e-05,-1.1338087227668387e-05,-2.2018864866912042e-06
hub_x+0.667_y+0.667_D1,xi+0.666667_eta+0.666667,FE,28,0.007249444650053386,0.007249444650053386,0.055916111316720085,2.0,True,1.1142852793561359e-08,7.328579885410086,1.1004220978022645,2.670843381616972e-05,2.939055076900242e-05,1.7221380048555614e-05,2.0414749067850395e-05,-5.0265620757412394e-08,2.0753764691507692e-05,2.0623052083780867e-05,-2.788449100216665e-06
hub_x+0.667_y+0.667_D1,xi+0.666667_eta+0.666667,FE,29,0.007249444650053386,0.007249444650053386,0.05741722201661312,2.0,True,1.1142852793561359e-08,7.252186738024473,1.107926573527639,2.7317380223758223e-05,3.026565146906013e-05,1.7629575972452434e-05,2.0782731889876922e-05,-1.874931602591814e-06,2.131062871354485e-05,2.0956667696858016e-05,-4.762860665978718e-06
hub_x+0.667_y+0.667_D1,xi+0.666667_eta+0.666667,FE,30,0.0066999999999999,0.0079999999999999,0.0566666666666666,2.0,True,1.1142852793561359e-08,7.416175147062487,1.1024778436293745,3.167714643896261e-05,3.492335209835942e-05,3.1507956288292356e-05,3.2625363041469844e-06,-2.148346216570901e-07,3.475583619858532e-05,3.6868516252139243e-07,-3.396533994240011e-06
hub_x+0.667_y+0.667_D1,xi+0.666667_eta+0.666667,FE,31,0.007249444650053386,0.008750555349946412,0.055916111316720085,2.0,True,1.1142852793561359e-08,7.348088235086625,1.102243034805603,2.6914065543425034e-05,2.9665841283541716e-05,2.0095003526050918e-05,-1.7861754470966866e-05,1.2310501950265638e-06,2.019518384728223e-05,-2.1696709031216786e-05,-1.212231681435095e-06
hub_x+0.667_y+0.667_D1,xi+0.666667_eta+0.666667,FE,32,0.007249444650053386,0.008750555349946412,0.05741722201661312,2.0,True,1.1142852793561359e-08,7.2710560681305125,1.1101446526378396,2.5969970341318423e-05,2.8830423703577937e-05,2.0713584369901484e-05,-1.564372487486905e-05,-8.128063233850581e-07,2.1079348395241285e-05,-1.939575410050493e-05,-3.2648315473563644e-06
hub_x+0.667_y+0.667_D1,xi+0.666667_eta+0.666667,FE,33,0.0079999999999999,0.0066999999999999,0.0566666666666666,2.0,True,1.1142852793561359e-08,7.4267087430828775,1.098373679589909,3.140809932755108e-05,3.449782962732763e-05,-2.9021226556225496e-06,3.1273631348968606e-05,7.98104620033118e-08,-2.3251257932098006e-07,3.434226820685874e-05,-3.264169313127177e-06
hub_x+0.667_y+0.667_D1,xi+0.666667_eta+0.666667,FE,34,0.0079999999999999,0.0079999999999999,0.0553666666666666,2.0,True,1.1142852793561359e-08,37.95971207032994,1.0228794273553041,2.2826241125072315e-06,2.334849245068806e-06,-1.4068200661431807e-06,-1.415740381109566e-06,1.1076593852769283e-06,-1.7051884370993636e-06,-1.5541380643790285e-06,-3.5848049881298987e-07
hub_x+0.667_y+0.667_D1,xi+0.666667_eta+0.666667,FE,35,0.0079999999999999,0.0079999999999999,0.057966666666666604,2.0,True,1.1142852793561359e-08,9.535609018775542,1.3608391757248264,3.767999762761976e-06,5.127641691288349e-06,1.2725465100831647e-06,1.6618988546944315e-06,-3.133135775643118e-06,1.561780201243401e-06,1.5170844445896524e-06,-4.642413887755665e-06
hub_x+0.667_y+0.667_D1,xi+0.666667_eta+0.666667,FE,36,0.0079999999999999,0.009299999999999899,0.0566666666666666,2.0,True,1.1142852793561359e-08,7.178431062737436,1.1067892091930576,3.129656123049634e-05,3.463869625476315e-05,2.443845862270529e-06,-3.113460656189523e-05,2.0343639034499646e-06,-3.987691356837194e-07,-3.462777312019495e-05,-7.730395478061453e-07
hub_x+0.667_y+0.667_D1,xi+0.666667_eta+0.666667,FE,37,0.008750555349946412,0.007249444650053386,0.055916111316720085,2.0,True,1.1142852793561359e-08,7.013948619458385,1.096351356369455,2.759617516092431e-05,3.0255104068288425e-05,-2.1616143136984037e-05,1.708187449775627e-05,1.5813927522085454e-06,-2.2161826337506623e-05,2.056806684345025e-05,-1.0860027129446278e-06
hub_x+0.667_y+0.667_D1,xi+0.666667_eta+0.666667,FE,38,0.008750555349946412,0.007249444650053386,0.05741722201661312,2.0,True,1.1142852793561359e-08,6.856291559961723,1.1035394832958256,2.657636178840466e-05,2.9328064555859e-05,-1.957919772344143e-05,1.7964094549160726e-05,-4.993289931249275e-07,-1.9813381490387374e-05,2.1396559871570898e-05,-3.122900922426126e-06
hub_x+0.667_y+0.667_D1,xi+0.666667_eta+0.666667,FE,39,0.009299999999999899,0.0079999999999999,0.0566666666666666,2.0,True,1.1142852793561359e-08,7.09915201641037,1.1020412289478103,3.091346536986219e-05,3.40679133672385e-05,-3.073974833837981e-05,-2.387383076268453e-06,2.2384403753263907e-06,-3.406080899701952e-05,1.8178106157203204e-07,-6.71540997911273e-07
hub_x+0.667_y+0.667_D1,xi+0.666667_eta+0.666667,FE,40,0.008750555349946412,0.008750555349946412,0.055916111316720085,2.0,True,1.1142852793561359e-08,6.9913805578057024,1.0995143864509693,2.8001686689799643e-05,3.078825736032733e-05,-1.7732522940172457e-05,-2.147502557512062e-05,2.911247876405466e-06,-2.1537710458493533e-05,-2.199541336488638e-05,4.955909599921486e-07
hub_x+0.667_y+0.667_D1,xi+0.666667_eta+0.666667,FE,41,0.008750555349946412,0.008750555349946412,0.05741722201661312,2.0,True,1.1142852793561359e-08,6.683623433066516,1.1087057282824002,2.5475307071128866e-05,2.824461887951371e-05,-1.6221345275106096e-05,-1.9633252351883195e-05,6.281957667594956e-07,-1.970941974421454e-05,-2.0167148047572986e-05,-1.6072985480680003e-06
hub_x+0.667_y+0.667_D1_Conventional,xi+0.666667_eta+0.666667,Conventional,0,0.007812361162513271,0.007812361162513271,0.056479027829179976,0.5,True,1.1142852793561359e-08,11.283156312536052,1.143768871292352,7.123305093489752e-06,8.147414626651835e-06,5.4688142677179445e-06,4.359140855448642e-06,-1.3533059382490567e-06,5.515808348922142e-06,5.220856742592288e-06,-2.9493860767742326e-06
hub_x+0.667_y+0.667_D1_Conventional,xi+0.666667_eta+0.666667,Conventional,1,0.007812361162513271,0.007812361162513271,0.05685430550415323,0.5,True,1.1142852793561359e-08,10.17302518853922,1.1474879680870138,7.762069347931968e-06,8.906881184208947e-06,5.863126368654229e-06,4.708710445152499e-06,-1.9239323509438193e-06,5.913654035792033e-06,5.6419143716683936e-06,-3.5397783260167034e-06
hub_x+0.667_y+0.667_D1_Conventional,xi+0.666667_eta+0.666667,Conventional,2,0.0076749999999999,0.0079999999999999,0.0566666666666666,0.5,True,1.1142852793561359e-08,9.169604329952092,1.1251698737521534,9.425187452143208e-06,1.0604936975618353e-05,9.224059982414567e-06,-1.2441402475788812e-06,-1.4842476185631222e-06,1.010663335096299e-05,-6.22132685027218e-07,-3.1517616483897976e-06
hub_x+0.667_y+0.667_D1_Conventional,xi+0.666667_eta+0.666667,Conventional,3,0.007812361162513271,0.008187638837486529,0.056479027829179976,0.5,True,1.1142852793561359e-08,9.974668673674595,1.1326520718845963,8.084527328411483e-06,9.156956628732906e-06,4.616890451411951e-06,-6.577807445013592e-06,-8.811094709609065e-07,5.513507904371321e-06,-6.8850826432016355e-06,-2.459008394701822e-06
hub_x+0.667_y+0.667_D1_Conventional,xi+0.666667_eta+0.666667,Conventional,4,0.007812361162513271,0.008187638837486529,0.05685430550415323,0.5,True,1.1142852793561359e-08,9.635569273527908,1.139847501304301,8.071220435112195e-06,9.199960445438849e-06,5.022592606951206e-06,-6.146870359144506e-06,-1.460872206814296e-06,5.913965439814791e-06,-6.352000354745036e-06,-3.0522739830550247e-06
hub_x+0.667_y+0.667_D1_Conventional,xi+0.666667_eta+0.666667,Conventional,5,0.0079999999999999,0.0076749999999999,0.0566666666666666,0.5,True,1.1142852793561359e-08,9.34484159707883,1.1371600799688744,9.092198879549033e-06,1.0339285604960889e-05,5.29487710139505e-07,8.937500622059633e-06,-1.5839210399409405e-06,-3.0561060665744243e-07,9.832999263219379e-06,-3.1811247173880297e-06
hub_x+0.667_y+0.667_D1_Conventional,xi+0.666667_eta+0.666667,Conventional,6,0.0079999999999999,0.0079999999999999,0.0563416666666666,0.5,True,1.1142852793561359e-08,23.581001695265805,1.9674088997404628,1.3225114295788984e-06,2.601920756562007e-06,-6.35192807952823e-07,-8.368027620859405e-07,-8.033229210331114e-07,-7.444275697641035e-07,-1.0195966070083624e-06,-2.275135595031723e-06
hub_x+0.667_y+0.667_D1_Conventional,xi+0.666667_eta+0.666667,Conventional,7,0.0079999999999999,0.0079999999999999,0.0569916666666666,0.5,True,1.1142852793561359e-08,4.0380136285375485,1.8037392779466133,1.8414422210800501e-06,3.3214816622313375e-06,1.5172490544056692e-07,-1.5512618929408564e-07,-1.828612827265623e-06,6.078520440291597e-08,-1.841632651733682e-07,-3.315815055642493e-06
hub_x+0.667_y+0.667_D1_Conventional,xi+0.666667_eta+0.666667,Conventional,8,0.0079999999999999,0.0083249999999999,0.0566666666666666,0.5,True,1.1142852793561359e-08,8.46539237341444,1.1283759005232583,9.9134102060881e-06,1.118605316855112e-05,-9.646969187138958e-07,-9.8355823320616e-06,-7.787053091082249e-07,-3.384155890057109e-07,-1.0933243349331134e-05,-2.340395317692504e-06
hub_x+0.667_y+0.667_D1_Conventional,xi+0.666667_eta+0.666667,Conventional,9,0.008187638837486529,0.007812361162513271,0.056479027829179976,0.5,True,1.1142852793561359e-08,10.407320054816916,1.1468517574233341,7.659888087830088e-06,8.784756115193998e-06,-5.5279716840106316e-06,5.211138807370598e-06,-9.795136084680415e-07,-6.626004188424519e-06,5.203935257309563e-06,-2.4873814215253658e-06
hub_x+0.667_y+0.667_D1_Conventional,xi+0.666667_eta+0.666667,Conventional,10,0.008187638837486529,0.007812361162513271,0.05685430550415323,0.5,True,1.1142852793561359e-08,9.89081956232247,1.158199621605717,7.644229378220314e-06,8.853543573322074e-06,-5.0188093877068265e-06,5.5488354258175505e-06,-1.5672334012215653e-06,-6.102837646120761e-06,5.625331628080998e-06,-3.081598699362946e-06
hub_x+0.667_y+0.667_D1_Conventional,xi+0.666667_eta+0.666667,Conventional,11,0.0083249999999999,0.0079999999999999,0.0566666666666666,0.5,True,1.1142852793561359e-08,8.673452701266863,1.1362657644500094,9.735760397636856e-06,1.1062411230722968e-05,-9.695085112176351e-06,2.5498539790102274e-07,-8.516675611457096e-07,-1.079033223883445e-05,-6.078893828732948e-07,-2.3613858031642145e-06
hub_x+0.667_y+0.667_D1_Conventional,xi+0.666667_eta+0.666667,Conventional,12,0.008187638837486529,0.008187638837486529,0.056479027829179976,0.5,True,1.1142852793561359e-08,9.397594832494164,1.138157357868816,8.570578996407845e-06,9.754667545957522e-06,-6.389063136532057e-06,-5.690656143053492e-06,-5.011279603075585e-07,-6.658904403201393e-06,-6.841819104397958e-06,-2.0005105408063142e-06
hub_x+0.667_y+0.667_D1_Conventional,xi+0.666667_eta+0.666667,Conventional,13,0.008187638837486529,0.008187638837486529,0.05685430550415323,0.5,True,1.1142852793561359e-08,9.337741956066592,1.1524245544086391,7.97875584066672e-06,9.19491414441567e-06,-5.899288916446604e-06,-5.256960588788357e-06,-1.1060291195034355e-06,-6.149223782405654e-06,-6.323702496770312e-06,-2.596975111435033e-06
hub_x+0.667_y+0.667_D1_Conventional,xi+0.666667_eta+0.666667,Conventional,14,0.007624722325026643,0.007624722325026643,0.05629138899169334,1.0,True,1.1142852793561359e-08,7.844565277474317,1.1101485233857662,1.4230462737795123e-05,1.5797927195459423e-05,1.0939188516527861e-05,9.023189888185889e-06,-1.1925890211553707e-06,1.1100552196835777e-05,1.0822742406117955e-05,-3.0365262075564265e-06
hub_x+0.667_y+0.667_D1_Conventional,xi+0.666667_eta+0.666667,Conventional,15,0.007624722325026643,0.007624722325026643,0.05704194434163986,1.0,True,1.1142852793561359e-08,7.2885021923274,1.1150856981804724,1.5190711708702643e-05,1.6938945371556963e-05,1.1557223944024025e-05,9.590331304034418e-06,-2.283383980729226e-06,1.1718284603751238e-05,1.1500656381247467e-05,-4.164682346416081e-06
hub_x+0.667_y+0.667_D1_Conventional,xi+0.666667_eta+0.666667,Conventional,16,0.0073499999999999,0.0079999999999999,0.0566666666666666,1.0,True,1.1142852793561359e-08,7.04244661482511,1.1068511217798238,1.8134765799640948e-05,2.0072485868546968e-05,1.7974189997921246e-05,-2.00581596753271e-06,-1.33226379927011e-06,1.9773935381014803e-05,-6.652195881406235e-07,-3.3843243624130937e-06
hub_x+0.667_y+0.667_D1_Conventional,xi+0.666667_eta+0.666667,Conventional,17,0.007624722325026643,0.008375277674973156,0.05629138899169334,1.0,True,1.1142852793561359e-08,7.327864977732079,1.1081572823691361,1.5451582175846747e-05,1.7122783312289716e-05,9.221236760653428e-06,-1.2395737993409751e-05,-2.5663970787231566e-07,1.1113737694086721e-05,-1.285904944080088e-05,-2.0783142942542772e-06
hub_x+0.667_y+0.667_D1_Conventional,xi+0.666667_eta+0.666667,Conventional,18,0.007624722325026643,0.008375277674973156,0.05704194434163986,1.0,True,1.1142852793561359e-08,7.053480532055071,1.1116700365828363,1.5222469037776549e-05,1.6922362712106147e-05,9.931764119437343e-06,-1.1451047432526684e-05,-1.3989774050879696e-06,1.177795759628402e-05,-1.1717055333442389e-05,-3.218180997592483e-06
hub_x+0.667_y+0.667_D1_Conventional,xi+0.666667_eta+0.666667,Conventional,19,0.0079999999999999,0.0073499999999999,0.0566666666666666,1.0,True,1.1142852793561359e-08,7.070837962783804,1.1115695600056772,1.789027039775699e-05,1.988627999441733e-05,1.3359542345920699e-06,1.7773832203800406e-05,-1.5387949762990382e-06,-2.3847939380348965e-07,1.958383695625972e-05,-3.4468231265514845e-06
hub_x+0.667_y+0.667_D1_Conventional,xi+0.666667_eta+0.666667,Conventional,20,0.0079999999999999,0.0079999999999999,0.056016666666666604,1.0,True,1.1142852793561359e-08,33.47703598511031,1.5883476910802934,1.5921709455189512e-06,2.528921045120154e-06,-1.041282941992798e-06,-1.1726561720762224e-06,-2.749830114044788e-07,-1.148397894395165e-06,-1.437410258071818e-06,-1.7350722401647348e-06
hub_x+0.667_y+0.667_D1_Conventional,xi+0.666667_eta+0.666667,Conventional,21,0.0079999999999999,0.0079999999999999,0.0573166666666666,1.0,True,1.1142852793561359e-08,6.588292110179121,1.6054884598181465,2.3953423375273863e-06,3.8456944802140424e-06,5.54325801119074e-07,1.7258234811960224e-07,-2.3239197820239802e-06,4.581488419604923e-07,2.281544527104305e-07,-3.811484122945735e-06
hub_x+0.667_y+0.667_D1_Conventional,xi+0.666667_eta+0.666667,Conventional,22,0.0079999999999999,0.008649999999999899,0.0566666666666666,1.0,True,1.1142852793561359e-08,6.773016017934163,1.1084454165692095,1.8471559866953928e-05,2.0474715871408838e-05,-1.6753829156797963e-06,-1.8395418325899853e-05,1.4164019881205257e-08,-2.9560478751986433e-07,-2.039047064680711e-05,-1.8317517916502648e-06
hub_x+0.667_y+0.667_D1_Conventional,xi+0.666667_eta+0.666667,Conventional,23,0.008375277674973156,0.007624722325026643,0.05629138899169334,1.0,True,1.1142852793561359e-08,7.603330852769818,1.1124986270660684,1.4979898891327193e-05,1.666511695019002e-05,-1.0477876402527442e-05,1.0696241059363569e-05,-4.493373874152961e-07,-1.2576873177728466e-05,1.0724427772353392e-05,-2.1295616897428214e-06
hub_x+0.667_y+0.667_D1_Conventional,xi+0.666667_eta+0.666667,Conventional,24,0.008375277674973156,0.007624722325026643,0.05704194434163986,1.0,True,1.1142852793561359e-08,7.271974445189395,1.1202685876878145,1.4730019653953569e-05,1.6501578314348314e-05,-9.393246189299176e-06,1.1233347547576719e-05,-1.5975944129931754e-06,-1.1441404604207578e-05,1.1431048606061034e-05,-3.2752824783914935e-06
hub_x+0.667_y+0.667_D1_Conventional,xi+0.666667_eta+0.666667,Conventional,25,0.008649999999999899,0.0079999999999999,0.0566666666666666,1.0,True,1.1142852793561359e-08,6.860279517415495,1.1137179716880816,1.8457796869472318e-05,2.055678009129933e-05,-1.843185547717508e-05,9.727444810754386e-07,-1.0362006451607165e-07,-2.0461929728694e-05,-6.457764416299663e-07,-1.8637629375714768e-06
hub_x+0.667_y+0.667_D1_Conventional,xi+0.666667_eta+0.666667,Conventional,26,0.008375277674973156,0.008375277674973156,0.05629138899169334,1.0,True,1.1142852793561359e-08,7.091339021466113,1.1096539970594947,1.6180616260124553e-05,1.7954885507933063e-05,-1.2265740120087469e-05,-1.054107525824349e-05,4.996941703989136e-07,-1.264765300942523e-05,-1.2689149625101398e-05,-1.1833295179072998e-06
hub_x+0.667_y+0.667_D1_Conventional,xi+0.666667_eta+0.666667,Conventional,27,0.008375277674973156,0.008375277674973156,0.05704194434163986,1.0,True,1.1142852793561359e-08,6.927531800344267,1.118068220772978,1.4838460906666627e-05,1.6590411584926147e-05,-1.123796437555704e-05,-9.663852746365324e-06,-7.057116046602028e-07,-1.1595839417713305e-05,-1.1632674191513308e-05,-2.33648366353335e-06
hub_x+0.667_y+0.667_D1_Conventional,xi+0.666667_eta+0.666667,Conventional,28,0.007249444650053386,0.007249444650053386,0.055916111316720085,2.0,True,1.1142852793561359e-08,7.105687337073465,1.1017161555324437,2.613714004108005e-05,2.8795709442671813e-05,2.0031931675277226e-05,1.678451222735494e-05,-3.898104331948412e-07,2.030885233831407e-05,2.0188290424548872e-05,-3.029245572977217e-06
hub_x+0.667_y+0.667_D1_Conventional,xi+0.666667_eta+0.666667,Conventional,29,0.007249444650053386,0.007249444650053386,0.05741722201661312,2.0,True,1.1142852793561359e-08,6.998974731091375,1.1086352891872784,2.6756327111624154e-05,2.966300844498486e-05,2.0400635269327205e-05,1.7178501344988023e-05,-2.148071845251298e-06,2.0649756173641656e-05,2.0719161980735878e-05,-4.919142892051479e-06
hub_x+0.667_y+0.667_D1_Conventional,xi+0.666667_eta+0.666667,Conventional,30,0.0066999999999999,0.0079999999999999,0.0566666666666666,2.0,True,1.1142852793561359e-08,7.305620181445602,1.1008418110108755,3.1115846267263374e-05,3.42536245559902e-05,3.0938819976627424e-05,-3.3110388403126564e-06,-1.4942951431741175e-07,3.407140300463085e-05,-7.654291693980514e-07,-3.4444753889963673e-06
hub_x+0.667_y+0.667_D1_Conventional,xi+0.666667_eta+0.666667,Conventional,31,0.007249444650053386,0.008750555349946412,0.055916111316720085,2.0,True,1.1142852793561359e-08,6.985166395862526,1.098030271607361,2.7606146904139342e-05,3.031238498318483e-05,1.6739665192790566e-05,-2.1910373163178518e-05,1.3485191791237641e-06,2.024363985866243e-05,-2.252349003603226e-05,-1.3145817731653753e-06
hub_x+0.667_y+0.667_D1_Conventional,xi+0.666667_eta+0.666667,Conventional,32,0.007249444650053386,0.008750555349946412,0.05741722201661312,2.0,True,1.1142852793561359e-08,6.84711507801295,1.1051951627793464,2.6502863631886655e-05,2.929083668576179e-05,1.7606036921048782e-05,-1.9799551144475793e-05,-6.379804874247615e-07,2.105502144965088e-05,-2.0100501652367223e-05,-3.2571488805230555e-06
hub_x+0.667_y+0.667_D1_Conventional,xi+0.666667_eta+0.666667,Conventional,33,0.0079999999999999,0.0066999999999999,0.0566666666666666,2.0,True,1.1142852793561359e-08,7.137159335896391,1.1022476439995184,3.125265825373239e-05,3.4448168928898626e-05,2.7831799022832665e-06,3.112365172000655e-05,-5.485081292446628e-07,-3.080372868016401e-08,3.4262788627238e-05,-3.5688526404779163e-06
hub_x+0.667_y+0.667_D1_Conventional,xi+0.666667_eta+0.666667,Conventional,34,0.0079999999999999,0.0079999999999999,0.0553666666666666,2.0,True,1.1142852793561359e-08,29.733763701144085,1.1143362693745191,2.741959383124595e-06,3.055464789767519e-06,-1.8382737086997714e-06,-1.8585508353570309e-06,8.27574663098068e-07,-1.9519838559955514e-06,-2.264462228436526e-06,-6.307415662742467e-07
hub_x+0.667_y+0.667_D1_Conventional,xi+0.666667_eta+0.666667,Conventional,35,0.0079999999999999,0.0079999999999999,0.057966666666666604,2.0,True,1.1142852793561359e-08,7.337172584535965,1.3863592662598305,3.607101056069021e-06,5.000737973416908e-06,1.301158925623635e-06,8.47177647066812e-07,-3.255833766222492e-06,1.2216023603346781e-06,1.032431601754248e-06,-4.738053707979442e-06
hub_x+0.667_y+0.667_D1_Conventional,xi+0.666667_eta+0.666667,Conventional,36,0.0079999999999999,0.009299999999999899,0.0566666666666666,2.0,True,1.1142852793561359e-08,7.089843669241105,1.1016533965043311,3.093174537782e-05,3.407606235528255e-05,-2.642767723857301e-06,-3.0748733098414186e-05,2.0746237534828203e-06,-8.227526115638451e-08,-3.406581396638072e-05,-8.316100230554929e-07
hub_x+0.667_y+0.667_D1_Conventional,xi+0.666667_eta+0.666667,Conventional,37,0.008750555349946412,0.007249444650053386,0.055916111316720085,2.0,True,1.1142852793561359e-08,7.17558246877224,1.101989131364383,2.6903835385586488e-05,2.9647734186932806e-05,-1.834275740279098e-05,1.9656605160122096e-05,9.88677346839579e-07,-2.2136618431598926e-05,1.967340544045747e-05,-1.3839744246905118e-06
hub_x+0.667_y+0.667_D1_Conventional,xi+0.666667_eta+0.666667,Conventional,38,0.008750555349946412,0.007249444650053386,0.05741722201661312,2.0,True,1.1142852793561359e-08,7.077417544300001,1.1088537271474819,2.5830968838430087e-05,2.8642766072323664e-05,-1.6027151058982188e-05,2.023279381077434e-05,-1.0017158655047486e-06,-1.9707489424194182e-05,2.051189993824642e-05,-3.3592960263270377e-06
hub_x+0.667_y+0.667_D1_Conventional,xi+0.666667_eta+0.666667,Conventional,39,0.009299999999999899,0.0079999999999999,0.0566666666666666,2.0,True,1.1142852793561359e-08,7.097693217083092,1.1061562311203978,3.145823146938844e-05,3.4797718759891814e-05,-3.1330450736238176e-05,2.0699333987194983e-06,1.9335355105710574e-06,-3.4777867894804326e-05,-7.987662613330862e-07,-8.620371475876544e-07
hub_x+0.667_y+0.667_D1_Conventional,xi+0.666667_eta+0.666667,Conventional,40,0.008750555349946412,0.008750555349946412,0.055916111316720085,2.0,True,1.1142852793561359e-08,6.936713423876921,1.099100634215059,2.8299228367291614e-05,3.1103699846287005e-05,-2.169371683367449e-05,-1.7964371008791424e-05,2.7405018487431623e-06,-2.220459318916323e-05,-2.1778532535882214e-05,3.0283001040198437e-07
hub_x+0.667_y+0.667_D1_Conventional,xi+0.666667_eta+0.666667,Conventional,41,0.008750555349946412,0.008750555349946412,0.05741722201661312,2.0,True,1.1142852793561359e-08,6.635068532080873,1.1076564426807491,2.5707237203890962e-05,2.8474786912412072e-05,-1.976320276710909e-05,-1.6430945567852777e-05,5.49444073137971e-07,-2.0277003498691895e-05,-1.9919559763855548e-05,-1.6934454923313894e-06
hub_x+0.667_y-0.667_D1,xi+0.666667_eta-0.666667,FE,0,0.007812361162513271,-0.00818763883748663,0.056479027829179976,0.5,True,1.1142852793561359e-08,10.365743294269675,1.1231136996808517,7.963919145498021e-06,8.94438669545945e-06,5.011712677878288e-06,6.152585767710159e-06,-6.726310737650848e-07,5.864500134675696e-06,6.364745889635465e-06,-2.25825182135855e-06
hub_x+0.667_y-0.667_D1,xi+0.666667_eta-0.666667,FE,1,0.007812361162513271,-0.00818763883748663,0.05685430550415323,0.5,True,1.1142852793561359e-08,9.982711811752813,1.1303102308954585,7.987807744118411e-06,9.028700815603013e-06,5.414450399664375e-06,5.731108822835672e-06,-1.2818701523116369e-06,6.255315552756183e-06,5.8398896562998754e-06,-2.8782207273520237e-06
hub_x+0.667_y-0.667_D1,xi+0.666667_eta-0.666667,FE,2,0.0076749999999999,-0.008,0.0566666666666666,0.5,True,1.1142852793561359e-08,9.353146322664031,1.113899773985639,9.760996145422382e-06,1.0872771400260685e-05,9.644980725061853e-06,7.964615320679686e-07,-1.2716295026743686e-06,1.0462100248383909e-05,6.043964639014262e-08,-2.9593856396617687e-06
hub_x+0.667_y-0.667_D1,xi+0.666667_eta-0.666667,FE,3,0.007812361162513271,-0.007812361162513372,0.056479027829179976,0.5,True,1.1142852793561359e-08,11.283787981104126,1.1295786114688502,7.71445626976654e-06,8.714084801440053e-06,5.907280115844703e-06,-4.8336719382315615e-06,-1.1191482317543126e-06,5.886324558887272e-06,-5.80921706561774e-06,-2.745806657189232e-06
hub_x+0.667_y-0.667_D1,xi+0.666667_eta-0.666667,FE,4,0.007812361162513271,-0.007812361162513372,0.05685430550415323,0.5,True,1.1142852793561359e-08,10.305533217540399,1.1357025516041472,8.327118227631427e-06,9.457129418630416e-06,6.289239899486797e-06,-5.182541185252825e-06,-1.711030779037327e-06,6.27255403596691e-06,-6.22845829943299e-06,-3.361349419329148e-06
hub_x+0.667_y-0.667_D1,xi+0.666667_eta-0.666667,FE,5,0.0079999999999999,-0.008325,0.0566666666666666,0.5,True,1.1142852793561359e-08,8.810509280499078,1.1260942170542942,9.489246145037865e-06,1.0685785208131895e-05,-6.089995300819076e-07,9.450740882984915e-06,-5.986724781994665e-07,-1.162381947698106e-08,1.0465119228630541e-05,-2.1603587506936117e-06
hub_x+0.667_y-0.667_D1,xi+0.666667_eta-0.666667,FE,6,0.0079999999999999,-0.008,0.0563416666666666,0.5,True,1.1142852793561359e-08,21.518719786408482,2.9335944158733347,7.345984865916341e-07,2.1550140181742206e-06,-2.247799318881486e-07,3.850709267764502e-07,-5.83805875334091e-07,-3.8081188200553883e-07,4.645340373358576e-07,-2.069607657795856e-06
hub_x+0.667_y-0.667_D1,xi+0.666667_eta-0.666667,FE,7,0.0079999999999999,-0.008,0.0569916666666666,0.5,True,1.1142852793561359e-08,11.579516617796639,1.8067074200483544,1.7722490194989045e-06,3.2019354537020916e-06,5.564583008431578e-07,-2.867133130706772e-07,-1.65801574861206e-06,3.9905046450299914e-07,-3.6328969430695957e-07,-3.1561321224664716e-06
hub_x+0.667_y-0.667_D1,xi+0.666667_eta-0.666667,FE,8,0.0079999999999999,-0.007675,0.0566666666666666,0.5,True,1.1142852793561359e-08,9.534187429449737,1.1337254983615914,9.570490192701754e-06,1.085030876328552e-05,9.728934107678744e-07,-9.423244447165739e-06,-1.360229770606781e-06,6.716996361244383e-08,-1.042820283384044e-05,-2.9962099577467987e-06
hub_x+0.667_y-0.667_D1,xi+0.666667_eta-0.666667,FE,9,0.008187638837486529,-0.00818763883748663,0.056479027829179976,0.5,True,1.1142852793561359e-08,9.976153466983789,1.1402757589855452,8.016730162201681e-06,9.141283070286835e-06,-6.02868198057214e-06,5.274931655934603e-06,-3.131327129157685e-07,-6.328559427881927e-06,6.342136376459775e-06,-1.8137524421114244e-06
hub_x+0.667_y-0.667_D1,xi+0.666667_eta-0.666667,FE,10,0.008187638837486529,-0.00818763883748663,0.05685430550415323,0.5,True,1.1142852793561359e-08,9.887924549443687,1.1579073881104376,7.42915990901729e-06,8.602279146104986e-06,-5.550258394345511e-06,4.846905964731456e-06,-9.458072101636826e-07,-5.836277874516017e-06,5.830527754435668e-06,-2.437624496041774e-06
hub_x+0.667_y-0.667_D1,xi+0.666667_eta-0.666667,FE,11,0.0083249999999999,-0.008,0.0566666666666666,0.5,True,1.1142852793561359e-08,8.99181548190432,1.1402572523449477,9.376218981874725e-06,1.0691301693657017e-05,-9.325957730528728e-06,-6.941545973236305e-07,-6.768635013603844e-07,-1.0463237320994382e-05,7.702565734759321e-08,-2.1951454889036154e-06
hub_x+0.667_y-0.667_D1,xi+0.666667_eta-0.666667,FE,12,0.008187638837486529,-0.007812361162513372,0.056479027829179976,0.5,True,1.1142852793561359e-08,10.724453306383861,1.150068621475623,7.671125102158531e-06,8.82232027140651e-06,-5.103355468449227e-06,-5.675393729143553e-06,-7.69304435717192e-07,-6.25945196605993e-06,-5.776076053287775e-06,-2.2999003201213384e-06
hub_x+0.667_y-0.667_D1,xi+0.666667_eta-0.666667,FE,13,0.008187638837486529,-0.007812361162513372,0.05685430550415323,0.5,True,1.1142852793561359e-08,10.177379884594632,1.1615258182406245,7.70326700364624e-06,8.947543509536203e-06,-4.6088071318167155e-06,-6.016083664339304e-06,-1.3805639046600082e-06,-5.756023886955094e-06,-6.197023950754049e-06,-2.9195235949768395e-06
hub_x+0.667_y-0.667_D1,xi+0.666667_eta-0.666667,FE,14,0.007624722325026643,-0.008375277674973257,0.05629138899169334,1.0,True,1.1142852793561359e-08,7.413019540458463,1.1044804043585323,1.5367500753411305e-05,1.6973103446107767e-05,9.600244033539115e-06,1.1999752297173317e-05,-3.6588373527383955e-08,1.1459537562500808e-05,1.238122008474887e-05,-1.8629623342729112e-06
hub_x+0.667_y-0.667_D1,xi+0.666667_eta-0.666667,FE,15,0.007624722325026643,-0.008375277674973257,0.05704194434163986,1.0,True,1.1142852793561359e-08,7.115706985018193,1.1076150931933222,1.5186990754390179e-05,1.682134017975e-05,1.030879009223494e-05,1.1083678546396582e-05,-1.2351537913635025e-06,1.211451597159676e-05,1.1263230073237221e-05,-3.0554273897645503e-06
hub_x+0.667_y-0.667_D1,xi+0.666667_eta-0.666667,FE,16,0.0073499999999999,-0.008,0.0566666666666666,1.0,True,1.1142852793561359e-08,7.199521348976242,1.1021260554226657,1.8478867765047517e-05,2.0366041638568872e-05,1.8379122046496656e-05,1.5670491790927999e-06,-1.1048907404794948e-06,2.01145832322027e-05,1.0374072478442045e-07,-3.1887977798430836e-06
hub_x+0.667_y-0.667_D1,xi+0.666667_eta-0.666667,FE,17,0.007624722325026643,-0.007624722325026744,0.05629138899169334,1.0,True,1.1142852793561359e-08,8.043051278131678,1.106380314006279,1.4853664750787822e-05,1.6433802271120627e-05,1.1377227461927614e-05,-9.50510854035397e-06,-9.181304071028305e-07,1.1471174940813091e-05,-1.1426040467032185e-05,-2.8155997246224795e-06
hub_x+0.667_y-0.667_D1,xi+0.666667_eta-0.666667,FE,18,0.007624722325026643,-0.007624722325026744,0.05704194434163986,1.0,True,1.1142852793561359e-08,7.534789145663755,1.1122806924548392,1.5783546780537474e-05,1.755573434244957e-05,1.1978883003779964e-05,-1.0071552802925494e-05,-2.0470796499037397e-06,1.2071787623931528e-05,-1.210560649806412e-05,-3.991245817960189e-06
hub_x+0.667_y-0.667_D1,xi+0.666667_eta-0.666667,FE,19,0.0079999999999999,-0.00865,0.0566666666666666,1.0,True,1.1142852793561359e-08,6.839320166819341,1.107948183671092,1.8153199354760954e-05,2.011280425292664e-05,-1.3627595646125244e-06,1.81010320958124e-05,1.8485196542092037e-07,7.185560237715944e-09,2.0044667901298453e-05,-1.6541257542652018e-06
hub_x+0.667_y-0.667_D1,xi+0.666667_eta-0.666667,FE,20,0.0079999999999999,-0.008,0.056016666666666604,1.0,True,1.1142852793561359e-08,50.217672576612,1.9978774574340175,9.552047302206108e-07,1.9083819977421004e-06,-6.259374156389606e-07,7.208294479374078e-07,-3.1989612771970455e-08,-7.729990971011519e-07,8.800640094890239e-07,-1.506612619218702e-06
hub_x+0.667_y-0.667_D1,xi+0.666667_eta-0.666667,FE,21,0.0079999999999999,-0.008,0.0573166666666666,1.0,True,1.1142852793561359e-08,11.560255131315222,1.5666095732426397,2.4477220214549097e-06,3.834624751448087e-06,9.457873878270362e-07,-6.116317451955054e-07,-2.173185661560402e-06,7.826471804436028e-07,-7.703060557587678e-07,-3.6740221768279187e-06
hub_x+0.667_y-0.667_D1,xi+0.666667_eta-0.666667,FE,22,0.0079999999999999,-0.007350000000000001,0.0566666666666666,1.0,True,1.1142852793561359e-08,7.321407930832495,1.1117246303428716,1.8389966820996522e-05,2.0444579066090034e-05,1.7993753219176222e-06,-1.825692602772729e-05,-1.2797578467509063e-06,1.503725974967733e-07,-2.018223883475727e-05,-3.261201755234461e-06
hub_x+0.667_y-0.667_D1,xi+0.666667_eta-0.666667,FE,23,0.008375277674973156,-0.008375277674973257,0.05629138899169334,1.0,True,1.1142852793561359e-08,7.241836956214916,1.1094916859896653,1.570915355567737e-05,1.742917526395903e-05,-1.1952430487425567e-05,1.0171021885942927e-05,6.835383491661186e-07,-1.2349283636671712e-05,1.2259133753369414e-05,-9.924634299723612e-07
hub_x+0.667_y-0.667_D1,xi+0.666667_eta-0.666667,FE,24,0.008375277674973156,-0.008375277674973257,0.05704194434163986,1.0,True,1.1142852793561359e-08,7.051376137569583,1.1193023020953552,1.4384702908708616e-05,1.6100831080675306e-05,-1.0954925732217737e-05,9.304679237429786e-06,-5.763889849284391e-07,-1.1338087678222285e-05,1.1217674682200202e-05,-2.2018864670342512e-06
hub_x+0.667_y-0.667_D1,xi+0.666667_eta-0.666667,FE,25,0.008649999999999899,-0.008,0.0566666666666666,1.0,True,1.1142852793561359e-08,6.970956322705595,1.1147805280137055,1.8166045497252333e-05,2.0251153791347953e-05,-1.8111844811603672e-05,-1.401424149839954e-06,4.7925785045489523e-08,-2.0177521861206243e-05,1.4688064680030414e-07,-1.7190891474749861e-06
hub_x+0.667_y-0.667_D1,xi+0.666667_eta-0.666667,FE,26,0.008375277674973156,-0.007624722325026744,0.05629138899169334,1.0,True,1.1142852793561359e-08,7.808230367078886,1.1142435210774226,1.5017270436235562e-05,1.6732896287842994e-05,-1.0037641247868573e-05,-1.1167569246088021e-05,-2.2263572927785074e-07,-1.2189743550492093e-05,-1.1297364099836719e-05,-1.941528971884484e-06
hub_x+0.667_y-0.667_D1,xi+0.666667_eta-0.666667,FE,27,0.008375277674973156,-0.007624722325026744,0.05704194434163986,1.0,True,1.1142852793561359e-08,7.475356294561464,1.1227500252658567,1.4834228676683908e-05,1.6655130621546354e-05,-8.989935484001339e-06,-1.1714779201679008e-05,-1.413983267777156e-06,-1.1103072307124106e-05,-1.2011965614759614e-05,-3.134939143488681e-06
hub_x+0.667_y-0.667_D1,xi+0.666667_eta-0.666667,FE,28,0.007249444650053386,-0.008750555349946513,0.055916111316720085,2.0,True,1.1142852793561359e-08,7.013948746047879,1.0963513582966706,2.7596174930098264e-05,3.025510386840576e-05,1.7081874152273402e-05,2.1616143110261994e-05,1.5813928212657067e-06,2.0568066524917936e-05,2.2161826361945686e-05,-1.0860026784223408e-06
hub_x+0.667_y-0.667_D1,xi+0.666667_eta-0.666667,FE,29,0.007249444650053386,-0.008750555349946513,0.05741722201661312,2.0,True,1.1142852793561359e-08,6.856291707749359,1.1035394851253428,2.657636152214243e-05,2.9328064310650027e-05,1.7964094195927503e-05,1.9579197687807625e-05,-4.993289268659473e-07,2.1396559545188713e-05,1.981338148454199e-05,-3.122900892892093e-06
hub_x+0.667_y-0.667_D1,xi+0.666667_eta-0.666667,FE,30,0.0066999999999999,-0.008,0.0566666666666666,2.0,True,1.1142852793561359e-08,7.426708775864788,1.098373681471934,3.1408099084006226e-05,3.44978294189352e-05,3.127363111322489e-05,2.902122559620903e-06,7.981048567752946e-08,3.434226799828304e-05,2.3251251608851804e-07,-3.2641693096279965e-06
hub_x+0.667_y-0.667_D1,xi+0.666667_eta-0.666667,FE,31,0.007249444650053386,-0.007249444650053487,0.055916111316720085,2.0,True,1.1142852793561359e-08,7.328579769272883,1.1004220987550017,2.67084336277474e-05,2.939055058710446e-05,2.041474868223626e-05,-1.722138021337445e-05,-5.0265647472991005e-08,2.0623051707055394e-05,-2.0753764810004844e-05,-2.788449087265256e-06
hub_x+0.667_y-0.667_D1,xi+0.666667_eta-0.666667,FE,32,0.007249444650053386,-0.007249444650053487,0.05741722201661312,2.0,True,1.1142852793561359e-08,7.252186645176399,1.1079265749811495,2.7317380092698346e-05,3.0265651363561516e-05,2.0782731561340333e-05,-1.7629576153375514e-05,-1.8749316335679624e-06,2.095666738552583e-05,-2.1310628866798318e-05,-4.762860679746286e-06
hub_x+0.667_y-0.667_D1,xi+0.666667_eta-0.666667,FE,33,0.0079999999999999,-0.0093,0.0566666666666666,2.0,True,1.1142852793561359e-08,7.099152144882071,1.1020412294680622,3.091346527371421e-05,3.4067913277362255e-05,-2.387383402732724e-06,3.073974821318408e-05,2.2384404185808574e-06,1.81780754442397e-07,3.406080890899244e-05,-6.715409863077104e-07
hub_x+0.667_y-0.667_D1,xi+0.666667_eta-0.666667,FE,34,0.0079999999999999,-0.008,0.0553666666666666,2.0,True,1.1142852793561359e-08,37.95970836438019,1.0228794369610996,2.282624328161549e-06,2.334849487583594e-06,-1.4157408563983302e-06,1.4068199203203126e-06,1.1076594074125114e-06,-1.5541385392953538e-06,1.705188341238879e-06,-3.5848047540874024e-07
hub_x+0.667_y-0.667_D1,xi+0.666667_eta-0.666667,FE,35,0.0079999999999999,-0.008,0.057966666666666604,2.0,True,1.1142852793561359e-08,9.535607847213196,1.3608392100300448,3.7679995702981896e-06,5.127641558638137e-06,1.6618983820337104e-06,-1.2725466150380253e-06,-3.13313575226423e-06,1.5170839759266422e-06,-1.5617802883479786e-06,-4.642413865090796e-06
hub_x+0.667_y-0.667_D1,xi+0.666667_eta-0.666667,FE,36,0.0079999999999999,-0.0067,0.0566666666666666,2.0,True,1.1142852793561359e-08,7.4161750120987255,1.1024778430630149,3.1677146486474353e-05,3.4923352132799405e-05,3.2625359347032167e-06,-3.1507956374049536e-05,-2.1483466041558675e-07,3.6868479576319714e-07,-3.475583623951098e-05,-3.3965339693830125e-06
hub_x+0.667_y-0.667_D1,xi+0.666667_eta-0.666667,FE,37,0.008750555349946412,-0.008750555349946513,0.055916111316720085,2.0,True,1.1142852793561359e-08,6.9913806569457035,1.0995143854185647,2.8001686779648774e-05,3.078825743020867e-05,-2.14750259056447e-05,1.773252268014485e-05,2.9112478863185873e-06,-2.199541368922538e-05,2.1537710227443938e-05,4.955909475493632e-07
hub_x+0.667_y-0.667_D1,xi+0.666667_eta-0.666667,FE,38,0.008750555349946412,-0.008750555349946513,0.05741722201661312,2.0,True,1.1142852793561359e-08,6.683623493391999,1.108705726726122,2.547530722700988e-05,2.8244619012693218e-05,-1.963325272273909e-05,1.6221345070579742e-05,6.281957790197253e-07,-2.0167148417820797e-05,1.9709419556491576e-05,-1.6072985447534905e-06
hub_x+0.667_y-0.667_D1,xi+0.666667_eta-0.666667,FE,39,0.009299999999999899,-0.008,0.0566666666666666,2.0,True,1.1142852793561359e-08,7.1784310466748895,1.106789207845547,3.12965615140557e-05,3.463869652643114e-05,-3.1134606835368526e-05,-2.443846004206001e-06,2.034363909879957e-06,-3.462777339344673e-05,3.9876901632189004e-07,-7.73039542272426e-07
hub_x+0.667_y-0.667_D1,xi+0.666667_eta-0.666667,FE,40,0.008750555349946412,-0.007249444650053487,0.055916111316720085,2.0,True,1.1142852793561359e-08,7.348088142215077,1.1022430335953541,2.6914065820968406e-05,2.966584155688925e-05,-1.786175485350332e-05,-2.0095003556728554e-05,1.2310502117448512e-06,-2.1696709414751322e-05,-2.0195183838973398e-05,-1.2122316446810522e-06
hub_x+0.667_y-0.667_D1,xi+0.666667_eta-0.666667,FE,41,0.008750555349946412,-0.007249444650053487,0.05741722201661312,2.0,True,1.1142852793561359e-08,7.271055958214847,1.110144651587761,2.5969970575785952e-05,2.8830423936600302e-05,-1.564372525958273e-05,-2.071358437378958e-05,-8.128063113568529e-07,-1.9395754484394238e-05,-2.1079348366878766e-05,-3.2648315075914455e-06
hub_x+0.667_y-0.667_D1_Conventional,xi+0.666667_eta-0.666667,Conventional,0,0.007812361162513271,-0.00818763883748663,0.056479027829179976,0.5,True,1.1142852793561359e-08,11.05396720228709,1.1705367369545325,6.60005819851266e-06,7.725610587397018e-06,4.801855127418556e-06,4.467859170457983e-06,-7.356561642457723e-07,5.6739962124566605e-06,4.730180413857462e-06,-2.2619060947545164e-06
hub_x+0.667_y-0.667_D1_Conventional,xi+0.666667_eta-0.666667,Conventional,1,0.007812361162513271,-0.00818763883748663,0.05685430550415323,0.5,True,1.1142852793561359e-08,10.410123736352785,1.1762748898889044,6.737980388732461e-06,7.925717139829872e-06,5.196764325149472e-06,4.092047005542169e-06,-1.284200752308751e-06,6.072779651981428e-06,4.23623827586085e-06,-2.8271230516560167e-06
hub_x+0.667_y-0.667_D1_Conventional,xi+0.666667_eta-0.666667,Conventional,2,0.0076749999999999,-0.008,0.0566666666666666,0.5,True,1.1142852793561359e-08,8.528285489748958,1.1298510171406337,9.455958681037794e-06,1.0683824533810356e-05,9.332094796883821e-06,-7.854453413678449e-07,-1.3077602590656511e-06,1.0175144969688352e-05,-1.4491185292293467e-06,-2.9172910385009708e-06
hub_x+0.667_y-0.667_D1_Conventional,xi+0.666667_eta-0.666667,Conventional,3,0.007812361162513271,-0.007812361162513372,0.056479027829179976,0.5,True,1.1142852793561359e-08,9.237651797275253,1.1175010071695226,8.567079850424536e-06,9.573720361351141e-06,5.61770627483887e-06,-6.360409934553276e-06,-1.175337754699503e-06,5.630395246059848e-06,-7.255175491628487e-06,-2.705032257879638e-06
hub_x+0.667_y-0.667_D1_Conventional,xi+0.666667_eta-0.666667,Conventional,4,0.007812361162513271,-0.007812361162513372,0.05685430550415323,0.5,True,1.1142852793561359e-08,8.554021195519393,1.124419814638788,9.122734147937358e-06,1.0257783039622667e-05,5.993741608027612e-06,-6.661868966176282e-06,-1.7084618074859827e-06,6.022305732417805e-06,-7.635108226550159e-06,-3.2648229541774793e-06
hub_x+0.667_y-0.667_D1_Conventional,xi+0.666667_eta-0.666667,Conventional,5,0.0079999999999999,-0.008325,0.0566666666666666,0.5,True,1.1142852793561359e-08,10.256618484147086,1.156338561455812,7.812268688335011e-06,9.03362753677559e-06,-7.344286107853398e-07,7.752074564143437e-06,-6.3047333516961e-07,-1.0028078570195051e-07,8.774165772607714e-06,-2.1471807637012066e-06
hub_x+0.667_y-0.667_D1_Conventional,xi+0.666667_eta-0.666667,Conventional,6,0.0079999999999999,-0.008,0.0563416666666666,0.5,True,1.1142852793561359e-08,32.772907940032255,1.6418053154939463,1.471682372174785e-06,2.4162159413553023e-06,-3.8875454814157565e-07,-1.2573485889214464e-06,-6.586299657671901e-07,-5.119869001490624e-07,-1.1349319783167421e-06,-2.0707240989396173e-06
hub_x+0.667_y-0.667_D1_Conventional,xi+0.666667_eta-0.666667,Conventional,7,0.0079999999999999,-0.008,0.0569916666666666,0.5,True,1.1142852793561359e-08,17.084993704811225,1.4508117896652113,2.491986864272206e-06,3.6154039223769574e-06,3.875801733869731e-07,-1.842400705309462e-06,-1.6325868374998441e-06,2.806911967997486e-07,-1.9022672067421515e-06,-3.0616559976802142e-06
hub_x+0.667_y-0.667_D1_Conventional,xi+0.666667_eta-0.666667,Conventional,8,0.0079999999999999,-0.007675,0.0566666666666666,0.5,True,1.1142852793561359e-08,7.917516870624774,1.1080136987397418,1.094799414572689e-05,1.213052748718789e-05,7.524480206478978e-07,-1.0834594797154185e-05,-1.3798381689795378e-06,-9.598156480216146e-08,-1.1777543824926336e-05,-2.9034369475810264e-06
hub_x+0.667_y-0.667_D1_Conventional,xi+0.666667_eta-0.666667,Conventional,9,0.008187638837486529,-0.00818763883748663,0.056479027829179976,0.5,True,1.1142852793561359e-08,11.462100295264563,1.140637617934744,7.082368364312741e-06,8.078415780406074e-06,-6.094130417503596e-06,3.5894326740611554e-06,-3.7079533526942183e-07,-6.350493681822237e-06,4.652690247095052e-06,-1.8123203311877044e-06
hub_x+0.667_y-0.667_D1_Conventional,xi+0.666667_eta-0.666667,Conventional,10,0.008187638837486529,-0.00818763883748663,0.05685430550415323,0.5,True,1.1142852793561359e-08,11.475546725549025,1.1578755971204362,6.53817517057953e-06,7.570393479712783e-06,-5.6192867481238535e-06,3.204547967087221e-06,-9.498543731433067e-07,-5.850061350020217e-06,4.17225139795288e-06,-2.3832662274613137e-06
hub_x+0.667_y-0.667_D1_Conventional,xi+0.666667_eta-0.666667,Conventional,11,0.0083249999999999,-0.008,0.0566666666666666,0.5,True,1.1142852793561359e-08,9.069940198255354,1.113703934046027,9.647675711054815e-06,1.074465439380205e-05,-9.34985457379717e-06,-2.273618646073943e-06,-6.989451528883209e-07,-1.0418518158529793e-05,-1.5197684207110156e-06,-2.1429842206708344e-06
hub_x+0.667_y-0.667_D1_Conventional,xi+0.666667_eta-0.666667,Conventional,12,0.008187638837486529,-0.007812361162513372,0.056479027829179976,0.5,True,1.1142852793561359e-08,9.36229020911737,1.108917570829159,8.907531816217869e-06,9.877718543723765e-06,-5.202856235981562e-06,-7.184352788020663e-06,-8.120868561312255e-07,-6.301036122391732e-06,-7.266077787893524e-06,-2.2517506508535192e-06
hub_x+0.667_y-0.667_D1_Conventional,xi+0.666667_eta-0.666667,Conventional,13,0.008187638837486529,-0.007812361162513372,0.05685430550415323,0.5,True,1.1142852793561359e-08,8.947020474867223,1.1173650578169234,8.94822420185317e-06,9.99843305266246e-06,-4.714229363214256e-06,-7.481420001731669e-06,-1.3693475217521094e-06,-5.7910041128027795e-06,-7.648744426841976e-06,-2.8159622808070905e-06
hub_x+0.667_y-0.667_D1_Conventional,xi+0.666667_eta-0.666667,Conventional,14,0.007624722325026643,-0.008375277674973257,0.05629138899169334,1.0,True,1.1142852793561359e-08,7.585434237660454,1.1248241090947868,1.391427776730768e-05,1.5651115093309262e-05,9.369496878086742e-06,1.0286066494418852e-05,-1.284138221122635e-07,1.1227890598847592e-05,1.0735235431300479e-05,-1.9096063989402917e-06
hub_x+0.667_y-0.667_D1_Conventional,xi+0.666667_eta-0.666667,Conventional,15,0.007624722325026643,-0.008375277674973257,0.05704194434163986,1.0,True,1.1142852793561359e-08,7.309939213222691,1.1279564905718897,1.3849864080369036e-05,1.562204408299073e-05,1.0057133234081149e-05,9.445888728284452e-06,-1.203325512696219e-06,1.1899428943660141e-05,9.668249128238202e-06,-2.9961326639536892e-06
hub_x+0.667_y-0.667_D1_Conventional,xi+0.666667_eta-0.666667,Conventional,16,0.0073499999999999,-0.008,0.0566666666666666,1.0,True,1.1142852793561359e-08,6.609479086604397,1.110950396021533,1.7975215198541692e-05,1.9969572443392172e-05,1.7937082653629896e-05,2.9184029435075675e-08,-1.16986136065758e-06,1.9675574679945118e-05,-1.3114684241361642e-06,-3.1520842562159387e-06
hub_x+0.667_y-0.667_D1_Conventional,xi+0.666667_eta-0.666667,Conventional,17,0.007624722325026643,-0.007624722325026744,0.05629138899169334,1.0,True,1.1142852793561359e-08,6.847555929129034,1.102214434548838,1.5499172325328298e-05,1.708341146053673e-05,1.094373130629419e-05,-1.0927327242727838e-05,-1.025966469333741e-06,1.1065499754659197e-05,-1.2714903068609324e-05,-2.7800903340546554e-06
hub_x+0.667_y-0.667_D1_Conventional,xi+0.666667_eta-0.666667,Conventional,18,0.007624722325026643,-0.007624722325026744,0.05704194434163986,1.0,True,1.1142852793561359e-08,6.4872451364756,1.1086310461190336,1.6340676013810224e-05,1.811578074348263e-05,1.153053688721541e-05,-1.13974252620552e-05,-2.040369838226257e-06,1.1671448343170323e-05,-1.3310160917804968e-05,-3.846871697987849e-06
hub_x+0.667_y-0.667_D1_Conventional,xi+0.666667_eta-0.666667,Conventional,19,0.0079999999999999,-0.00865,0.0566666666666666,1.0,True,1.1142852793561359e-08,7.550417655176945,1.1181935851739218,1.6461028560324238e-05,1.840661654151928e-05,-1.4517079116487347e-06,1.6396079192303445e-05,1.6307213980549892e-07,-4.725679879666971e-08,1.8331623429622736e-05,-1.6591810437699164e-06
hub_x+0.667_y-0.667_D1_Conventional,xi+0.666667_eta-0.666667,Conventional,20,0.0079999999999999,-0.008,0.056016666666666604,1.0,True,1.1142852793561359e-08,46.50476748793844,1.5615402989355263,1.2505428914414943e-06,1.9527731205332484e-06,-7.89219531582059e-07,-9.57062442651605e-07,-1.581819685362134e-07,-9.122222562537852e-07,-7.466927445458155e-07,-1.5567990752550734e-06
hub_x+0.667_y-0.667_D1_Conventional,xi+0.666667_eta-0.666667,Conventional,21,0.0079999999999999,-0.008,0.0573166666666666,1.0,True,1.1142852793561359e-08,13.407113715618083,1.379820044165416,3.084703779022004e-06,4.256336104607367e-06,7.70307081472192e-07,-2.1237270185080424e-06,-2.100430421462555e-06,6.688958555875872e-07,-2.2760584523977728e-06,-3.5339118963311214e-06
hub_x+0.667_y-0.667_D1_Conventional,xi+0.666667_eta-0.666667,Conventional,22,0.0079999999999999,-0.007350000000000001,0.0566666666666666,1.0,True,1.1142852793561359e-08,6.393290424556652,1.0999964899119583,1.949983098269067e-05,2.144974563483619e-05,1.507365795243459e-06,-1.939658842228989e-05,-1.3204598778921264e-06,-5.353916029682051e-08,-2.122158549178131e-05,-3.1197805327468013e-06
hub_x+0.667_y-0.667_D1_Conventional,xi+0.666667_eta-0.666667,Conventional,23,0.008375277674973156,-0.008375277674973257,0.05629138899169334,1.0,True,1.1142852793561359e-08,7.989437932398535,1.1059459509304355,1.4644319277360456e-05,1.6195825608929316e-05,-1.1950878885129593e-05,8.441882435387571e-06,6.059718783322536e-07,-1.2290111606537762e-05,1.0497667277962677e-05,-1.0280591300543767e-06
hub_x+0.667_y-0.667_D1_Conventional,xi+0.666667_eta-0.666667,Conventional,24,0.008375277674973156,-0.008375277674973257,0.05704194434163986,1.0,True,1.1142852793561359e-08,7.815117501115256,1.1142600676905936,1.3367669916474102e-05,1.4895060785995944e-05,-1.0948441984111849e-05,7.648673067986855e-06,-5.692252764910315e-07,-1.1263105255046095e-05,9.508894253212983e-06,-2.1415475510668055e-06
hub_x+0.667_y-0.667_D1_Conventional,xi+0.666667_eta-0.666667,Conventional,25,0.008649999999999899,-0.008,0.0566666666666666,1.0,True,1.1142852793561359e-08,7.011005309299715,1.1012474175730285,1.8235870451292216e-05,2.008220524168185e-05,-1.7998832629294982e-05,-2.930628801282711e-06,2.0246679508271923e-08,-1.9960933876060052e-05,-1.4462246280741145e-06,-1.6626847234951413e-06
hub_x+0.667_y-0.667_D1_Conventional,xi+0.666667_eta-0.666667,Conventional,26,0.008375277674973156,-0.007624722325026744,0.05629138899169334,1.0,True,1.1142852793561359e-08,7.1732179624886205,1.0963863464877104,1.608219539138376e-05,1.7632299448660733e-05,-1.0065674617553116e-05,-1.2539452835635725e-05,-2.851765822419033e-07,-1.2126053553498926e-05,-1.2660057450594126e-05,-1.8920238932354387e-06
hub_x+0.667_y-0.667_D1_Conventional,xi+0.666667_eta-0.666667,Conventional,27,0.008375277674973156,-0.007624722325026744,0.05704194434163986,1.0,True,1.1142852793561359e-08,6.827871798607488,1.10353990194715,1.5884410263281696e-05,1.7529080544430186e-05,-9.023380522845887e-06,-1.2999584045335024e-05,-1.3798217277770024e-06,-1.1028739738299003e-05,-1.3296014283683598e-05,-2.9751585984728696e-06
hub_x+0.667_y-0.667_D1_Conventional,xi+0.666667_eta-0.666667,Conventional,28,0.007249444650053386,-0.008750555349946513,0.055916111316720085,2.0,True,1.1142852793561359e-08,7.0815079177786515,1.1060472347153372,2.620795616877986e-05,2.8987237448019724e-05,1.6886175131710844e-05,1.9989158694773313e-05,1.4654660149744036e-06,2.032586115965672e-05,2.0632380701896404e-05,-1.1933857541668268e-06
hub_x+0.667_y-0.667_D1_Conventional,xi+0.666667_eta-0.666667,Conventional,29,0.007249444650053386,-0.008750555349946513,0.05741722201661312,2.0,True,1.1142852793561359e-08,7.01166464206954,1.113152860352938,2.5324499578737516e-05,2.8190039143078437e-05,1.775807486090338e-05,1.805079461163579e-05,-3.871305161937118e-07,2.119012971617267e-05,1.8342002303452576e-05,-3.037706536222788e-06
hub_x+0.667_y-0.667_D1_Conventional,xi+0.666667_eta-0.666667,Conventional,30,0.0066999999999999,-0.008,0.0566666666666666,2.0,True,1.1142852793561359e-08,6.978970448359004,1.103100840646885,3.064758203320999e-05,3.380737350462831e-05,3.060832164720069e-05,1.5498757660201799e-06,-5.3061603304428424e-08,3.363995689680624e-05,-9.012988165469172e-07,-3.2371999792650588e-06
hub_x+0.667_y-0.667_D1_Conventional,xi+0.666667_eta-0.666667,Conventional,31,0.007249444650053386,-0.007249444650053487,0.055916111316720085,2.0,True,1.1142852793561359e-08,6.459138292342861,1.0979267898110274,2.688567367045844e-05,2.95185013849133e-05,1.9647459612097933e-05,-1.8350182941001414e-05,-2.959147464111552e-07,1.9873036681518917e-05,-2.1651922671965994e-05,-2.7565524978380383e-06
hub_x+0.667_y-0.667_D1_Conventional,xi+0.666667_eta-0.666667,Conventional,32,0.007249444650053386,-0.007249444650053487,0.05741722201661312,2.0,True,1.1142852793561359e-08,6.559188473870466,1.1055430924972025,2.7344469238559634e-05,3.023048908469184e-05,1.9996580301907014e-05,-1.855527775006672e-05,-1.8863832552791058e-06,2.0202276558452033e-05,-2.2024709713851735e-05,-4.545619229110252e-06
hub_x+0.667_y-0.667_D1_Conventional,xi+0.666667_eta-0.666667,Conventional,33,0.0079999999999999,-0.0093,0.0566666666666666,2.0,True,1.1142852793561359e-08,7.540147897773429,1.106734059122205,2.9432271759591453e-05,3.2573697593680495e-05,-2.409236888058525e-06,2.924562462545435e-05,2.2688408526560013e-06,1.9604123769036702e-07,3.2566224393823495e-05,-6.696054725036076e-07
hub_x+0.667_y-0.667_D1_Conventional,xi+0.666667_eta-0.666667,Conventional,34,0.0079999999999999,-0.008,0.0553666666666666,2.0,True,1.1142852793561359e-08,47.00443113609887,0.9691940642687327,1.8435277395896458e-06,1.7867361425250387e-06,-1.5809107350577605e-06,-3.215673563657841e-07,8.921379992666837e-07,-1.7131757994178784e-06,3.2270673228017315e-08,-5.063727154414807e-07
hub_x+0.667_y-0.667_D1_Conventional,xi+0.666667_eta-0.666667,Conventional,35,0.0079999999999999,-0.008,0.057966666666666604,2.0,True,1.1142852793561359e-08,9.438078637805637,1.286179977479583,4.2936415983076536e-06,5.522395854216739e-06,1.4788678661393423e-06,-2.7132374437865007e-06,-2.9810485710322237e-06,1.410112698976112e-06,-2.9975857130133095e-06,-4.4184746281941035e-06
hub_x+0.667_y-0.667_D1_Conventional,xi+0.666667_eta-0.666667,Conventional,36,0.0079999999999999,-0.0067,0.0566666666666666,2.0,True,1.1142852793561359e-08,6.685232375146109,1.095830160488916,3.2060602587428884e-05,3.513297527875355e-05,2.808353779348219e-06,-3.1935551423076334e-05,-3.4050348473889045e-07,9.078444830136447e-08,-3.4988868143154184e-05,-3.1775487694801566e-06
hub_x+0.667_y-0.667_D1_Conventional,xi+0.666667_eta-0.666667,Conventional,37,0.008750555349946412,-0.008750555349946513,0.055916111316720085,2.0,True,1.1142852793561359e-08,7.4191617920571495,1.0969672997488857,2.6859469753371857e-05,2.9463960008043196e-05,-2.1369217051972432e-05,1.6029248132443468e-05,2.8019425987243038e-06,-2.1826859917418347e-05,1.97874082226634e-05,4.1424790963628165e-07
hub_x+0.667_y-0.667_D1_Conventional,xi+0.666667_eta-0.666667,Conventional,38,0.008750555349946412,-0.008750555349946513,0.05741722201661312,2.0,True,1.1142852793561359e-08,7.044861888303373,1.1031995584504033,2.4425786881419277e-05,2.6946517302385402e-05,-1.954464516192511e-05,1.4636803379133499e-05,6.244174177084711e-07,-1.9979453909920165e-05,1.8015639550809853e-05,-1.5404375237014339e-06
hub_x+0.667_y-0.667_D1_Conventional,xi+0.666667_eta-0.666667,Conventional,39,0.009299999999999899,-0.008,0.0566666666666666,2.0,True,1.1142852793561359e-08,7.133775214715372,1.0987202543658738,3.1038323806571003e-05,3.410243502784605e-05,-3.073806349532182e-05,-3.835930691515503e-06,1.958221899838139e-06,-3.407726458042312e-05,-1.098989959069356e-06,-7.12975886103944e-07
hub_x+0.667_y-0.667_D1_Conventional,xi+0.666667_eta-0.666667,Conventional,40,0.008750555349946412,-0.007249444650053487,0.055916111316720085,2.0,True,1.1142852793561359e-08,6.9142031664039125,1.0928059287221232,2.7551233334095112e-05,3.0108151131105728e-05,-1.7703780291077062e-05,-2.1081543447716322e-05,1.1023372882534526e-06,-2.1369343762227405e-05,-2.1177490165621207e-05,-1.1686838709732295e-06
hub_x+0.667_y-0.667_D1_Conventional,xi+0.666667_eta-0.666667,Conventional,41,0.008750555349946412,-0.007249444650053487,0.05741722201661312,2.0,True,1.1142852793561359e-08,6.75651050737816,1.0999139792670491,2.655143414377954e-05,2.920429358433155e-05,-1.550941314682541e-05,-2.1537221815750545e-05,-7.647453116560935e-07,-1.906474712955882e-05,-2.1917817522053075e-05,-3.005903477457446e-06
hub_x-0.667_y+0.000_D1,xi-0.666667_eta+0.000000,FE,0,-0.00818763883748663,-0.0001876388374866284,0.043145694495846675,0.5,True,1.1142852793561359e-08,8.706112090670842,1.1050547473214969,1.1478421489111794e-05,1.2684284158300073e-05,7.641772839251051e-06,8.563386309410194e-06,1.6088092116343538e-07,9.106760932792127e-06,8.707047545438503e-06,-1.4646818640737704e-06
hub_x-0.667_y+0.000_D1,xi-0.666667_eta+0.000000,FE,1,-0.00818763883748663,-0.0001876388374866284,0.043520972170819926,0.5,True,1.1142852793561359e-08,8.508726158564697,1.117489722095609,1.1005587068240338e-05,1.2298630434386925e-05,7.022194536146985e-06,8.434619555759788e-06,-8.178774741493703e-07,8.44477319087154e-06,8.60448636429032e-06,-2.430006321618855e-06
hub_x-0.667_y+0.000_D1,xi-0.666667_eta+0.000000,FE,2,-0.008325,0.0,0.0433333333333333,0.5,True,1.1142852793561359e-08,7.629077498406615,1.1183391868990205,1.335719775903117e-05,1.4937877681084336e-05,1.3303227200971778e-05,1.1980909892504141e-06,-5.8787708484921554e-08,1.4835535996156185e-05,2.503627191547325e-07,-1.7275357682690932e-06
hub_x-0.667_y+0.000_D1,xi-0.666667_eta+0.000000,FE,3,-0.00818763883748663,0.0001876388374866284,0.043145694495846675,0.5,True,1.1142852793561359e-08,8.494922185268747,1.1316014907881629,1.0831795762351325e-05,1.2257276232589663e-05,8.409008010331947e-06,-6.826424624694862e-06,1.277128138632935e-07,8.97553286295382e-06,-8.207888924450692e-06,-1.5202598040871482e-06
hub_x-0.667_y+0.000_D1,xi-0.666667_eta+0.000000,FE,4,-0.00818763883748663,0.0001876388374866284,0.043520972170819926,0.5,True,1.1142852793561359e-08,8.215493571991702,1.1440795410026374,1.0417649512327625e-05,1.1918619672390139e-05,7.848078450469682e-06,-6.7993015939111885e-06,-8.393949201717663e-07,8.313851723092457e-06,-8.171058072529882e-06,-2.483379632046231e-06
hub_x-0.667_y+0.000_D1,xi-0.666667_eta+0.000000,FE,5,-0.008,-0.000325,0.0433333333333333,0.5,True,1.1142852793561359e-08,7.341995851620748,1.0957607341898856,1.3610800818181135e-05,1.4914181097442457e-05,-6.267675494475492e-07,1.3582213416254915e-05,-6.201129465385767e-07,4.0397842152069464e-07,1.473937808641927e-05,-2.2406099321030875e-06
hub_x-0.667_y+0.000_D1,xi-0.666667_eta+0.000000,FE,6,-0.008,0.0,0.0430083333333333,0.5,True,1.1142852793561359e-08,68.65206787263521,2.538790371406307,6.687027844159038e-07,1.697696190407684e-06,5.415330217157243e-07,3.8653515123018454e-07,6.705204799614947e-08,8.07837794916922e-07,1.9420312761650427e-07,-1.480491674158452e-06
hub_x-0.667_y+0.000_D1,xi-0.666667_eta+0.000000,FE,7,-0.008,0.0,0.0436583333333333,0.5,True,1.1142852793561359e-08,11.845029743424394,1.8810690518353903,1.6907158100960857e-06,3.1803531858205475e-06,-3.988373608799058e-07,2.9473627632605797e-07,-1.6163474989904443e-06,-2.5086562681854123e-07,1.4776455295589004e-07,-3.166998336079385e-06
hub_x-0.667_y+0.000_D1,xi-0.666667_eta+0.000000,FE,8,-0.008,0.000325,0.0433333333333333,0.5,True,1.1142852793561359e-08,6.844836881151894,1.1243822169136577,1.2930746074344674e-05,1.4539100937419241e-05,7.253366134147206e-07,-1.2893441412773161e-05,-6.612483435187607e-07,1.3476111214187337e-07,-1.4349983806987056e-05,-2.333508142331765e-06
hub_x-0.667_y+0.000_D1,xi-0.666667_eta+0.000000,FE,9,-0.007812361162513372,-0.0001876388374866284,0.043145694495846675,0.5,True,1.1142852793561359e-08,8.181743980685122,1.0895118745374004,1.0823675928684319e-05,1.179252345044619e-05,-7.732250279990183e-06,7.554089841495154e-06,-5.477160609218949e-07,-7.80367487514873e-06,8.58317014025293e-06,-2.120249540918764e-06
hub_x-0.667_y+0.000_D1,xi-0.666667_eta+0.000000,FE,10,-0.007812361162513372,-0.0001876388374866284,0.043520972170819926,0.5,True,1.1142852793561359e-08,7.601046583350646,1.0987305289078675,1.11850178801436e-05,1.2289320611294131e-05,-8.232006681373213e-06,7.423722792047962e-06,-1.4923239875397097e-06,-8.3473735021509e-06,8.478473807123111e-06,-3.076400267308394e-06
hub_x-0.667_y+0.000_D1,xi-0.666667_eta+0.000000,FE,11,-0.007675,0.0,0.0433333333333333,0.5,True,1.1142852793561359e-08,6.5061857903481295,1.0999429777943728,1.3248887276372345e-05,1.4573020523234975e-05,-1.3178329145353774e-05,-5.889911977286595e-07,-1.2319676812881125e-06,-1.4291390071345186e-05,2.7486869513489565e-08,-2.8510246353352302e-06
hub_x-0.667_y+0.000_D1,xi-0.666667_eta+0.000000,FE,12,-0.007812361162513372,0.0001876388374866284,0.043145694495846675,0.5,True,1.1142852793561359e-08,7.845658793394151,1.112826581670717,1.0564625878133367e-05,1.1756596502593151e-05,-7.011981829954728e-06,-7.881604317518468e-06,-5.689851873152765e-07,-7.981603091105302e-06,-8.353155546556007e-06,-2.1763193322406557e-06
hub_x-0.667_y+0.000_D1,xi-0.666667_eta+0.000000,FE,13,-0.007812361162513372,0.0001876388374866284,0.043520972170819926,0.5,True,1.1142852793561359e-08,7.153187491445547,1.1240200299546341,1.0940430367347078e-05,1.229726286922205e-05,-7.472447468586696e-06,-7.847859202548511e-06,-1.5055402315969538e-06,-8.522000131146376e-06,-8.295275368383495e-06,-3.1283533052036393e-06
hub_x-0.667_y+0.000_D1,xi-0.666667_eta+0.000000,FE,14,-0.008375277674973257,-0.0003752776749732568,0.04295805565836004,1.0,True,1.1142852793561359e-08,6.167422448860573,1.096555687212841,2.1982198563318515e-05,2.410470485204886e-05,1.4671800984147182e-05,1.632357682769363e-05,1.2231717414671612e-06,1.7359282662088076e-05,1.6713818151407544e-05,-5.834245999234671e-07
hub_x-0.667_y+0.000_D1,xi-0.666667_eta+0.000000,FE,15,-0.008375277674973257,-0.0003752776749732568,0.04370861100830656,1.0,True,1.1142852793561359e-08,6.000240154697394,1.1041048340502535,2.085778624333547e-05,2.302918261885357e-05,1.3431662415193602e-05,1.5944703214062442e-05,-6.357131054309979e-07,1.5984931923060712e-05,1.639736560473828e-05,-2.43959109937874e-06
hub_x-0.667_y+0.000_D1,xi-0.666667_eta+0.000000,FE,16,-0.00865,0.0,0.0433333333333333,1.0,True,1.1142852793561359e-08,5.728447797891153,1.104884116213282,2.5461929644177295e-05,2.81324816319916e-05,2.5371311978461072e-05,1.9515648652397e-06,8.931877033379911e-07,2.8110437956758255e-05,2.558720281619893e-07,-1.083665150677981e-06
hub_x-0.667_y+0.000_D1,xi-0.666667_eta+0.000000,FE,17,-0.008375277674973257,0.0003752776749732568,0.04295805565836004,1.0,True,1.1142852793561359e-08,5.9136472748921145,1.1100102258358364,2.1192231873540716e-05,2.352359408791434e-05,1.6279963575479967e-05,-1.3518277499502398e-05,1.1531050296515887e-06,1.715814441299272e-05,-1.60770600660295e-05,-6.969209059316458e-07
hub_x-0.667_y+0.000_D1,xi-0.666667_eta+0.000000,FE,18,-0.008375277674973257,0.0003752776749732568,0.04370861100830656,1.0,True,1.1142852793561359e-08,5.806757994710458,1.1163933688473304,2.020763340141449e-05,2.255966792943696e-05,1.5100210949114948e-05,-1.3411818487669274e-05,-6.746864694094435e-07,1.578894572872614e-05,-1.5911861650811984e-05,-2.541745201082511e-06
hub_x-0.667_y+0.000_D1,xi-0.666667_eta+0.000000,FE,19,-0.008,-0.00065,0.0433333333333333,1.0,True,1.1142852793561359e-08,5.456695717087537,1.0931385537608644,2.575981019549976e-05,2.8159041662262977e-05,-1.284622083659869e-06,2.5727166371092263e-05,-1.7457927851269294e-07,5.226401956216116e-07,2.807916068551756e-05,-2.0540715079733277e-06
hub_x-0.667_y+0.000_D1,xi-0.666667_eta+0.000000,FE,20,-0.008,0.0,0.0426833333333333,1.0,True,1.1142852793561359e-08,64.96726078753098,1.049258088538009,1.42673713342619e-06,1.4970154774649626e-06,1.0127883951103322e-06,4.188900704326354e-07,9.134383523369061e-07,1.3525867303037408e-06,2.094813981726552e-07,-6.063678921212065e-07
hub_x-0.667_y+0.000_D1,xi-0.666667_eta+0.000000,FE,21,-0.008,0.0,0.0439833333333333,1.0,True,1.1142852793561359e-08,9.632362031610658,1.5728226290285061,2.5672744246238257e-06,4.037867309974491e-06,-8.569809439018828e-07,2.540858766124426e-07,-2.4066412280235543e-06,-7.593431974938987e-07,1.1444873852215007e-07,-3.964173533995587e-06
hub_x-0.667_y+0.000_D1,xi-0.666667_eta+0.000000,FE,22,-0.008,0.00065,0.0433333333333333,1.0,True,1.1142852793561359e-08,5.080386333024074,1.1080666218774766,2.4967986063007488e-05,2.7666191971920625e-05,1.3323591835654902e-06,-2.4931173727712076e-05,-2.484423618144932e-07,3.9260842568922064e-09,-2.757570425650893e-05,-2.2357767264606456e-06
hub_x-0.667_y+0.000_D1,xi-0.666667_eta+0.000000,FE,23,-0.007624722325026744,-0.0003752776749732568,0.04295805565836004,1.0,True,1.1142852793561359e-08,5.579472592642667,1.0867028274589128,2.0820170850460434e-05,2.2625338531372993e-05,-1.5104831689917097e-05,1.4328359402978518e-05,-1.4727756351797958e-07,-1.5370073319944795e-05,1.6498396053946282e-05,-1.8627177579768603e-06
hub_x-0.667_y+0.000_D1,xi-0.666667_eta+0.000000,FE,24,-0.007624722325026744,-0.0003752776749732568,0.04370861100830656,1.0,True,1.1142852793561359e-08,5.178100159068913,1.0934119470983739,2.1238171696144304e-05,2.322207066709072e-05,-1.590212866374009e-05,1.3943839290345063e-05,-1.936901340231369e-06,-1.6296919923866935e-05,1.612919485692139e-05,-3.6775046335639818e-06
hub_x-0.667_y+0.000_D1,xi-0.666667_eta+0.000000,FE,25,-0.007350000000000001,0.0,0.0433333333333333,1.0,True,1.1142852793561359e-08,4.779357416508115,1.0946876966353423,2.5367060482293357e-05,2.776900900977113e-05,-2.5284058152698898e-05,-1.5457876422230748e-06,-1.3471085362435455e-06,-2.758069181627992e-05,-1.7753745895553557e-07,-3.2236285100500785e-06
hub_x-0.667_y+0.000_D1,xi-0.666667_eta+0.000000,FE,26,-0.007624722325026744,0.0003752776749732568,0.04295805565836004,1.0,True,1.1142852793561359e-08,5.212984954294151,1.098638186214009,2.079484632149895e-05,2.2846012245250666e-05,-1.365814508684391e-05,-1.5679347868058e-05,-1.968673510390908e-07,-1.576248716099528e-05,-1.641899570426507e-05,-1.975057992294789e-06
hub_x-0.667_y+0.000_D1,xi-0.666667_eta+0.000000,FE,27,-0.007624722325026744,0.0003752776749732568,0.04370861100830656,1.0,True,1.1142852793561359e-08,4.874642355383834,1.1070033278640685,2.122398256272257e-05,2.3495019327462846e-05,-1.4448132715438987e-05,-1.5425278779996692e-05,-1.941564168189449e-06,-1.666935671931923e-05,-1.6122395554287163e-05,-3.7705226896334953e-06
hub_x-0.667_y+0.000_D1,xi-0.666667_eta+0.000000,FE,28,-0.008750555349946513,-0.0007505553499465136,0.042582777983386784,2.0,True,1.1142852793561359e-08,5.8269021262832625,1.0952929267526468,3.8054009363747725e-05,4.1680287290691874e-05,2.5142149725226992e-05,2.8350632773079426e-05,3.495934383889758e-06,2.9879155412625504e-05,2.9045308045771634e-05,9.233098012132382e-07
hub_x-0.667_y+0.000_D1,xi-0.666667_eta+0.000000,FE,29,-0.008750555349946513,-0.0007505553499465136,0.044083888683279816,2.0,True,1.1142852793561359e-08,5.573253543093187,1.1012374510878724,3.575677233960904e-05,3.937669683040039e-05,2.291539726949371e-05,2.744696218976617e-05,3.091968328688615e-07,2.7341705475927294e-05,2.8252833126966324e-05,-2.1755034453445458e-06
hub_x-0.667_y+0.000_D1,xi-0.666667_eta+0.000000,FE,30,-0.0093,0.0,0.0433333333333333,2.0,True,1.1142852793561359e-08,5.780822952472046,1.1007771734521468,4.222264980591856e-05,4.647772910901887e-05,4.1994539408397063e-05,3.098019280712782e-06,3.100498838276305e-06,4.6477503197023135e-05,1.126241958222154e-07,9.118932262088011e-08
hub_x-0.667_y+0.000_D1,xi-0.666667_eta+0.000000,FE,31,-0.008750555349946513,0.0007505553499465136,0.042582777983386784,2.0,True,1.1142852793561359e-08,5.536523889112611,1.1001442809051416,3.725341817202564e-05,4.0984134946121686e-05,2.8581320699077747e-05,-2.3663449539440676e-05,3.3115598274265555e-06,2.9803262504280173e-05,-2.8124050692971753e-05,7.089668553855976e-07
hub_x-0.667_y+0.000_D1,xi-0.666667_eta+0.000000,FE,32,-0.008750555349946513,0.0007505553499465136,0.044083888683279816,2.0,True,1.1142852793561359e-08,5.466049900591622,1.106058564169185,3.518606899001295e-05,3.891785294585161e-05,2.62787644986408e-05,-2.3397231634334533e-05,2.3566765629237239e-07,2.7204728053091402e-05,-2.7729341809772504e-05,-2.3633984575341838e-06
hub_x-0.667_y+0.000_D1,xi-0.666667_eta+0.000000,FE,33,-0.008,-0.0013,0.0433333333333333,2.0,True,1.1142852793561359e-08,5.562148171907712,1.094624591229587,4.273192314502985e-05,4.6775413905082434e-05,-2.4715144636331872e-06,4.2638912882107445e-05,1.3535066164750113e-06,7.239267012248387e-07,4.6746031123900294e-05,-1.4912579543382854e-06
hub_x-0.667_y+0.000_D1,xi-0.666667_eta+0.000000,FE,34,-0.008,0.0,0.0420333333333333,2.0,True,1.1142852793561359e-08,27.403510919046294,0.8267440390820736,3.2913236294538345e-06,2.7210821913409333e-06,1.974056738279658e-06,4.4311302029058466e-07,2.5960666553659202e-06,2.4506964513779063e-06,2.3054119112604936e-07,1.15983876225564e-06
hub_x-0.667_y+0.000_D1,xi-0.666667_eta+0.000000,FE,35,-0.008,0.0,0.0446333333333333,2.0,True,1.1142852793561359e-08,6.302431964905893,1.3465288747269861,4.237535707621457e-06,5.705964187998943e-06,-1.7028613408901895e-06,1.2733653678264175e-07,-3.878241551717576e-06,-1.721585561670162e-06,3.1296367441469356e-08,-5.4399624085061695e-06
hub_x-0.667_y+0.000_D1,xi-0.666667_eta+0.000000,FE,36,-0.008,0.0013,0.0433333333333333,2.0,True,1.1142852793561359e-08,5.351632431188153,1.102493521368564,4.169371844476511e-05,4.5967054467118535e-05,2.4361817795429533e-06,-4.1604273073020505e-05,1.2311125675217788e-06,-2.0129513977233354e-07,-4.593065741088605e-05,-1.817769637100415e-06
hub_x-0.667_y+0.000_D1,xi-0.666667_eta+0.000000,FE,37,-0.007249444650053487,-0.0007505553499465136,0.042582777983386784,2.0,True,1.1142852793561359e-08,5.31490630001013,1.0907767200577927,3.627077683462006e-05,3.956331898961504e-05,-2.6591747101307255e-05,2.4645876296639613e-05,1.0144061601083826e-06,-2.7064640967822557e-05,2.882716815836525e-05,-1.325064046085071e-06
hub_x-0.667_y+0.000_D1,xi-0.666667_eta+0.000000,FE,38,-0.007249444650053487,-0.0007505553499465136,0.044083888683279816,2.0,True,1.1142852793561359e-08,5.058021369317244,1.0944702283650558,3.620732668518824e-05,3.962784110562615e-05,-2.7543694750931895e-05,2.3423227282370163e-05,-1.915152430972938e-06,-2.8180469049285646e-05,2.7529698808942922e-05,-4.282830646184165e-06
hub_x-0.667_y+0.000_D1,xi-0.666667_eta+0.000000,FE,39,-0.0067,0.0,0.0433333333333333,2.0,True,1.1142852793561359e-08,5.140496546401618,1.09231308637417,4.2313082986825704e-05,4.621913427134596e-05,-4.21759395044382e-05,-3.3612042996218862e-06,-5.379818065433242e-07,-4.6085734458695735e-05,-6.681836147236067e-07,-3.4448487415713577e-06
hub_x-0.667_y+0.000_D1,xi-0.666667_eta+0.000000,FE,40,-0.007249444650053487,0.0007505553499465136,0.042582777983386784,2.0,True,1.1142852793561359e-08,4.986648467763052,1.0924878375410423,3.692882115327634e-05,4.034428796468277e-05,-2.392240665318112e-05,-2.8116965732213104e-05,9.447379023092681e-07,-2.790189005880128e-05,-2.9099733548654664e-05,-1.5334959801434237e-06
hub_x-0.667_y+0.000_D1,xi-0.666667_eta+0.000000,FE,41,-0.007249444650053487,0.0007505553499465136,0.044083888683279816,2.0,True,1.1142852793561359e-08,4.855865351778712,1.1021527392718145,3.6673891660943715e-05,4.042023015386687e-05,-2.4819395820090054e-05,-2.6937105587152008e-05,-1.8341928118268655e-06,-2.8961943685661206e-05,-2.7847136446375618e-05,-4.420160107631378e-06
hub_x-0.667_y+0.000_D1_Conventional,xi-0.666667_eta+0.000000,Conventional,0,-0.00818763883748663,-0.0001876388374866284,0.043145694495846675,0.5,True,1.1142852793561359e-08,8.193610766461502,1.1052482680801938,1.1179485133158688e-05,1.2356106581451914e-05,7.259262406383543e-06,8.501622736119338e-06,-8.005004985322206e-08,8.540457496248948e-06,8.774175470343241e-06,-1.6576490649686433e-06
hub_x-0.667_y+0.000_D1_Conventional,xi-0.666667_eta+0.000000,Conventional,1,-0.00818763883748663,-0.0001876388374866284,0.043520972170819926,0.5,True,1.1142852793561359e-08,7.922247802081579,1.1193848781487035,1.0738716326343194e-05,1.202075666643717e-05,6.62945195045477e-06,8.382531032348769e-06,-1.0505087653090763e-06,7.875636365646693e-06,8.695978127410888e-06,-2.6178057753371268e-06
hub_x-0.667_y+0.000_D1_Conventional,xi-0.666667_eta+0.000000,Conventional,2,-0.008325,0.0,0.0433333333333333,0.5,True,1.1142852793561359e-08,7.297585404069644,1.1105558898206374,1.2975616918076892e-05,1.44101477924266e-05,1.2924318366566275e-05,1.1156039047410288e-06,-2.899260113331262e-07,1.4281471694618982e-05,3.025858953189293e-07,-1.8974634150170326e-06
hub_x-0.667_y+0.000_D1_Conventional,xi-0.666667_eta+0.000000,Conventional,3,-0.00818763883748663,0.0001876388374866284,0.043145694495846675,0.5,True,1.1142852793561359e-08,8.497464413441312,1.1183282281652236,1.0616110358395965e-05,1.1872295887111435e-05,8.056575982834101e-06,-6.913003345126142e-06,-6.13785364570933e-08,8.451533989136106e-06,-8.167296425490666e-06,-1.6787650102881048e-06
hub_x-0.667_y+0.000_D1_Conventional,xi-0.666667_eta+0.000000,Conventional,4,-0.00818763883748663,0.0001876388374866284,0.043520972170819926,0.5,True,1.1142852793561359e-08,8.255389806214154,1.1301585779925178,1.0213027218098022e-05,1.154234031780454e-05,7.489674991569541e-06,-6.868009394942091e-06,-1.0203628909637993e-06,7.791072199980263e-06,-8.098417999526406e-06,-2.6344714634358144e-06
hub_x-0.667_y+0.000_D1_Conventional,xi-0.666667_eta+0.000000,Conventional,5,-0.008,-0.000325,0.0433333333333333,0.5,True,1.1142852793561359e-08,6.844206039438676,1.1049284134586368,1.3612410218729729e-05,1.5040738826329174e-05,-1.011207231688675e-06,1.3548564234883328e-05,-8.435514630408681e-07,-1.5860310943009925e-07,1.4839880579032912e-05,-2.4447114135551482e-06
hub_x-0.667_y+0.000_D1_Conventional,xi-0.666667_eta+0.000000,Conventional,6,-0.008,0.0,0.0430083333333333,0.5,True,1.1142852793561359e-08,59.69899472716052,4.281927773050483,3.9836852188623725e-07,1.7057852377737485e-06,1.9160662325379975e-07,3.2701108878080793e-07,-1.2267081547577842e-07,2.7889225244934234e-07,2.6141811172011993e-07,-1.6624027670198527e-06
hub_x-0.667_y+0.000_D1_Conventional,xi-0.666667_eta+0.000000,Conventional,7,-0.008,0.0,0.0436583333333333,0.5,True,1.1142852793561359e-08,10.420570809511316,1.753971455702214,1.955732659940381e-06,3.4302992605199925e-06,-7.558955230137302e-07,2.6320630701167824e-07,-1.7844423878048153e-06,-7.696658592910235e-07,2.669230538473191e-07,-3.3321643964682534e-06
hub_x-0.667_y+0.000_D1_Conventional,xi-0.666667_eta+0.000000,Conventional,8,-0.008,0.000325,0.0433333333333333,0.5,True,1.1142852793561359e-08,7.045446571813121,1.1161990209172257,1.297977424076937e-05,1.4488011299273397e-05,4.059096368216048e-07,-1.2948735865683526e-05,-8.000101179588651e-07,-3.4333598180816767e-07,-1.4270940403259901e-05,-2.4748437967018435e-06
hub_x-0.667_y+0.000_D1_Conventional,xi-0.666667_eta+0.000000,Conventional,9,-0.007812361162513372,-0.0001876388374866284,0.043145694495846675,0.5,True,1.1142852793561359e-08,7.8365951523006405,1.1072617800634155,1.1064111111786592e-05,1.2250867364456235e-05,-8.077221171470238e-06,7.5265096708018035e-06,-7.243652507122303e-07,-8.32091560188786e-06,8.688235558386907e-06,-2.3153137173479097e-06
hub_x-0.667_y+0.000_D1_Conventional,xi-0.666667_eta+0.000000,Conventional,10,-0.007812361162513372,-0.0001876388374866284,0.043520972170819926,0.5,True,1.1142852793561359e-08,7.270792121454823,1.115218121295696,1.1454115669676729e-05,1.2773837358240473e-05,-8.574360245629359e-06,7.412567876814605e-06,-1.6525585085318455e-06,-8.854319357107674e-06,8.611227895481157e-06,-3.2586352525582676e-06
hub_x-0.667_y+0.000_D1_Conventional,xi-0.666667_eta+0.000000,Conventional,11,-0.007675,0.0,0.0433333333333333,0.5,True,1.1142852793561359e-08,6.628575657194081,1.1106204960456283,1.3550477106867332e-05,1.5049437606083927e-05,-1.3470219471534082e-05,-5.917767677945901e-07,-1.3484871039569924e-06,-1.4743197762142788e-05,1.6451670180528795e-07,-3.0160613820988654e-06
hub_x-0.667_y+0.000_D1_Conventional,xi-0.666667_eta+0.000000,Conventional,12,-0.007812361162513372,0.0001876388374866284,0.043145694495846675,0.5,True,1.1142852793561359e-08,8.018564509144326,1.1152479796036923,1.0796316290169036e-05,1.2040569929773448e-05,-7.311683596818198e-06,-7.912888561878712e-06,-6.970817919570583e-07,-8.448476484441785e-06,-8.255271090548968e-06,-2.3343240021781982e-06
hub_x-0.667_y+0.000_D1_Conventional,xi-0.666667_eta+0.000000,Conventional,13,-0.007812361162513372,0.0001876388374866284,0.043520972170819926,0.5,True,1.1142852793561359e-08,7.383436553527368,1.1248035050021141,1.1171160753998038e-05,1.2565360771039053e-05,-7.770931063601363e-06,-7.860129315536487e-06,-1.6204413409516907e-06,-8.975030083981718e-06,-8.162465232186167e-06,-3.2728103567640924e-06
hub_x-0.667_y+0.000_D1_Conventional,xi-0.666667_eta+0.000000,Conventional,14,-0.008375277674973257,-0.0003752776749732568,0.04295805565836004,1.0,True,1.1142852793561359e-08,5.723597861036164,1.0952471834937136,2.167907430065814e-05,2.3743945068546776e-05,1.4298455720211512e-05,1.6268497744238876e-05,9.340276742695575e-07,1.678812724092454e-05,1.6772679080973574e-05,-7.816313756276587e-07
hub_x-0.667_y+0.000_D1_Conventional,xi-0.666667_eta+0.000000,Conventional,15,-0.008375277674973257,-0.0003752776749732568,0.04370861100830656,1.0,True,1.1142852793561359e-08,5.534118592104452,1.1043807919835344,2.0567265892522567e-05,2.2714093395320008e-05,1.3015193511532377e-05,1.589888698017567e-05,-9.179090056689401e-07,1.5392429687258255e-05,1.649375912199865e-05,-2.6380024866586324e-06
hub_x-0.667_y+0.000_D1_Conventional,xi-0.666667_eta+0.000000,Conventional,16,-0.00865,0.0,0.0433333333333333,1.0,True,1.1142852793561359e-08,5.407159988342251,1.100336056457594,2.5090676520396593e-05,2.7608176056306334e-05,2.5015032796985566e-05,1.8441831455237635e-06,6.238356696146551e-07,2.7579076689509447e-05,2.742221897364323e-07,-1.2372212012486685e-06
hub_x-0.667_y+0.000_D1_Conventional,xi-0.666667_eta+0.000000,Conventional,17,-0.008375277674973257,0.0003752776749732568,0.04295805565836004,1.0,True,1.1142852793561359e-08,5.830901166869914,1.1030360361199685,2.1015513166633672e-05,2.318086834035061e-05,1.594934844258527e-05,-1.3650536809657807e-05,9.658792482154575e-07,1.665892133073918e-05,-1.6097778686184684e-05,-8.333777532011185e-07
hub_x-0.667_y+0.000_D1_Conventional,xi-0.666667_eta+0.000000,Conventional,18,-0.008375277674973257,0.0003752776749732568,0.04370861100830656,1.0,True,1.1142852793561359e-08,5.698314703678111,1.108958927600802,2.0009983083998448e-05,2.2190249382141107e-05,1.474073067546187e-05,-1.350450320237364e-05,-8.594622926467606e-07,1.528243158710455e-05,-1.586619564355777e-05,-2.6680120365979216e-06
hub_x-0.667_y+0.000_D1_Conventional,xi-0.666667_eta+0.000000,Conventional,19,-0.008,-0.00065,0.0433333333333333,1.0,True,1.1142852793561359e-08,5.160933163397681,1.0975978424633916,2.575870723702797e-05,2.8272701488008055e-05,-1.691091018481742e-06,2.569949536838263e-05,-4.3260547916912926e-07,-6.316204189825718e-08,2.818039086184168e-05,-2.2819357704164455e-06
hub_x-0.667_y+0.000_D1_Conventional,xi-0.666667_eta+0.000000,Conventional,20,-0.008,0.0,0.0426833333333333,1.0,True,1.1142852793561359e-08,86.61392409182935,1.123847260780775,1.043595332079685e-06,1.172841755321357e-06,6.715076093923814e-07,3.4850300727217475e-07,7.188284924715263e-07,8.259988367871519e-07,2.524468468639033e-07,-7.934445753548428e-07
hub_x-0.667_y+0.000_D1_Conventional,xi-0.666667_eta+0.000000,Conventional,21,-0.008,0.0,0.0439833333333333,1.0,True,1.1142852793561359e-08,8.296484371239622,1.5169008908079995,2.84574715718429e-06,4.316716397747181e-06,-1.2115964674461504e-06,2.3844161664899616e-07,-2.5638752852165585e-06,-1.2659977529285952e-06,2.6022898985572227e-07,-4.118685593851249e-06
hub_x-0.667_y+0.000_D1_Conventional,xi-0.666667_eta+0.000000,Conventional,22,-0.008,0.00065,0.0433333333333333,1.0,True,1.1142852793561359e-08,5.254608827240849,1.1044887077606016,2.5005658155473333e-05,2.7618467062842092e-05,1.0670730050940032e-06,-2.498054157441434e-05,-3.4181521198775653e-07,-4.1592911874995987e-07,-2.751576159492733e-05,-2.3429873496439195e-06
hub_x-0.667_y+0.000_D1_Conventional,xi-0.666667_eta+0.000000,Conventional,23,-0.007624722325026744,-0.0003752776749732568,0.04295805565836004,1.0,True,1.1142852793561359e-08,5.498799286670242,1.0955440137726358,2.1049708144732643e-05,2.306088174962294e-05,-1.542688243951782e-05,1.4317785544915286e-05,-3.202003521785839e-07,-1.586535790488627e-05,1.6606861811664343e-05,-2.0752894709508847e-06
hub_x-0.667_y+0.000_D1_Conventional,xi-0.666667_eta+0.000000,Conventional,24,-0.007624722325026744,-0.0003752776749732568,0.04370861100830656,1.0,True,1.1142852793561359e-08,5.184173707154694,1.1020541693444703,2.1495421115124278e-05,2.3689118461737872e-05,-1.622081806339717e-05,1.3953366177311024e-05,-2.05955397903808e-06,-1.6762832891417673e-05,1.6287984422691308e-05,-3.857891962564695e-06
hub_x-0.667_y+0.000_D1_Conventional,xi-0.666667_eta+0.000000,Conventional,25,-0.007350000000000001,0.0,0.0433333333333333,1.0,True,1.1142852793561359e-08,5.044772149064501,1.1002857171999014,2.5560437311088982e-05,2.8123784098774663e-05,-2.5478780563282493e-05,-1.4985810945945368e-06,-1.3863445621965034e-06,-2.7921708395202076e-05,3.339240103252471e-09,-3.3653263106670763e-06
hub_x-0.667_y+0.000_D1_Conventional,xi-0.666667_eta+0.000000,Conventional,26,-0.007624722325026744,0.0003752776749732568,0.04295805565836004,1.0,True,1.1142852793561359e-08,5.533329697372514,1.0999881210358093,2.0961934147783668e-05,2.3057878556496924e-05,-1.3894139529558278e-05,-1.569338139898214e-05,-2.708324486956383e-07,-1.615642330662004e-05,-1.6314753955920252e-05,-2.1129488449203016e-06
hub_x-0.667_y+0.000_D1_Conventional,xi-0.666667_eta+0.000000,Conventional,27,-0.007624722325026744,0.0003752776749732568,0.04370861100830656,1.0,True,1.1142852793561359e-08,5.21916461226143,1.1079753904978988,2.133868167771312e-05,2.364273416457455e-05,-1.4658996070123727e-05,-1.5379104385007128e-05,-1.9840156939704897e-06,-1.7023632784655396e-05,-1.5941859009357432e-05,-3.877104192011851e-06
hub_x-0.667_y+0.000_D1_Conventional,xi-0.666667_eta+0.000000,Conventional,28,-0.008750555349946513,-0.0007505553499465136,0.042582777983386784,2.0,True,1.1142852793561359e-08,5.467351245087509,1.0933307220602932,3.785247834509999e-05,4.1385277480819786e-05,2.486921558195242e-05,2.8363006259814267e-05,3.141991265165328e-06,2.9390792212780875e-05,2.9126538724097472e-05,7.531714434567355e-07
hub_x-0.667_y+0.000_D1_Conventional,xi-0.666667_eta+0.000000,Conventional,29,-0.008750555349946513,-0.0007505553499465136,0.044083888683279816,2.0,True,1.1142852793561359e-08,5.224891866303973,1.1010580311149647,3.5484837576103466e-05,3.90708653959788e-05,2.251281436062236e-05,2.7428906404749758e-05,-4.450624762879836e-08,2.6756552984956893e-05,2.837120451917416e-05,-2.386241665271977e-06
hub_x-0.667_y+0.000_D1_Conventional,xi-0.666667_eta+0.000000,Conventional,30,-0.0093,0.0,0.0433333333333333,2.0,True,1.1142852793561359e-08,5.498250143444504,1.0983090864141776,4.2000590117885273e-05,4.612962976123091e-05,4.180234846697987e-05,2.975747697500677e-06,2.7853471124093245e-06,4.612955319590672e-05,8.386000462755669e-08,-5.599453245923759e-09
hub_x-0.667_y+0.000_D1_Conventional,xi-0.666667_eta+0.000000,Conventional,31,-0.008750555349946513,0.0007505553499465136,0.042582777983386784,2.0,True,1.1142852793561359e-08,5.4698060430856765,1.0970926894393416,3.7196544991486674e-05,4.080805758256158e-05,2.8342135583763743e-05,-2.3882618631001602e-05,3.1506883662749627e-06,2.9413494863729077e-05,-2.8279923509349432e-05,6.243475541636277e-07
hub_x-0.667_y+0.000_D1_Conventional,xi-0.666667_eta+0.000000,Conventional,32,-0.008750555349946513,0.0007505553499465136,0.044083888683279816,2.0,True,1.1142852793561359e-08,5.334094286085037,1.1025240623209933,3.504528630270123e-05,3.863827141965643e-05,2.5963244211786036e-05,-2.353890296129604e-05,4.5710131769662896e-08,2.6766469593994902e-05,-2.7757994429133008e-05,-2.442512854624576e-06
hub_x-0.667_y+0.000_D1_Conventional,xi-0.666667_eta+0.000000,Conventional,33,-0.008,-0.0013,0.0433333333333333,2.0,True,1.1142852793561359e-08,5.3746667072559955,1.09647807387769,4.272355340282793e-05,4.6845439544343396e-05,-2.87070527203644e-06,4.261357524472461e-05,1.0697062529431997e-06,1.3718684292108632e-07,4.6812827970733985e-05,-1.7422753098541467e-06
hub_x-0.667_y+0.000_D1_Conventional,xi-0.666667_eta+0.000000,Conventional,34,-0.008,0.0,0.0420333333333333,2.0,True,1.1142852793561359e-08,28.546014788988362,0.7427342242053443,2.9413694584297454e-06,2.1846557628081108e-06,1.6629213582642162e-06,3.607324997210189e-07,2.399212143779081e-06,1.94327144499935e-06,2.3113547688018626e-07,9.710784130790854e-07
hub_x-0.667_y+0.000_D1_Conventional,xi-0.666667_eta+0.000000,Conventional,35,-0.008,0.0,0.0446333333333333,2.0,True,1.1142852793561359e-08,5.534743224128131,1.328868917820591,4.508143882222674e-06,5.990732282148763e-06,-2.0452069397633916e-06,1.4808924516123504e-07,-4.014792573948617e-06,-2.1906869751030237e-06,2.300789842920514e-07,-5.571070589615646e-06
hub_x-0.667_y+0.000_D1_Conventional,xi-0.666667_eta+0.000000,Conventional,36,-0.008,0.0013,0.0433333333333333,2.0,True,1.1142852793561359e-08,5.461343003015589,1.1006065125988307,4.176483422912169e-05,4.5966648550181895e-05,2.277419557493621e-06,-4.168488250747882e-05,1.2187324082204792e-06,-4.801773907568913e-07,-4.592641958332802e-05,-1.8617714321176984e-06
hub_x-0.667_y+0.000_D1_Conventional,xi-0.666667_eta+0.000000,Conventional,37,-0.007249444650053487,-0.0007505553499465136,0.042582777983386784,2.0,True,1.1142852793561359e-08,5.305294779903862,1.0953054648337566,3.644497266598444e-05,3.991837772676964e-05,-2.6841623886101817e-05,2.463810968116319e-05,8.525321814301397e-07,-2.7478597394199064e-05,2.891281059420428e-05,-1.5661893653844731e-06
hub_x-0.667_y+0.000_D1_Conventional,xi-0.666667_eta+0.000000,Conventional,38,-0.007249444650053487,-0.0007505553499465136,0.044083888683279816,2.0,True,1.1142852793561359e-08,5.180435196052714,1.099591837012559,3.6370620435356085e-05,3.9992837337799716e-05,-2.7745148060620214e-05,2.343748889691657e-05,-1.9268897617447103e-06,-2.8507625300652254e-05,2.769626994019441e-05,-4.433843642394482e-06
hub_x-0.667_y+0.000_D1_Conventional,xi-0.666667_eta+0.000000,Conventional,39,-0.0067,0.0,0.0433333333333333,2.0,True,1.1142852793561359e-08,5.442090789355242,1.09561397323267,4.225380008289344e-05,4.62938537929978e-05,-4.212817673965275e-05,-3.233160607917308e-06,-3.8342994290825097e-07,-4.615815944708542e-05,-4.227481743906111e-07,-3.5166033961688107e-06
hub_x-0.667_y+0.000_D1_Conventional,xi-0.666667_eta+0.000000,Conventional,40,-0.007249444650053487,0.0007505553499465136,0.042582777983386784,2.0,True,1.1142852793561359e-08,5.30604121036147,1.0935433450635463,3.696984558560927e-05,4.042812860816994e-05,-2.3995987246797818e-05,-2.8106247106354813e-05,1.0004760226167656e-06,-2.813426827862517e-05,-2.8987447930419334e-05,-1.6199980451536494e-06
hub_x-0.667_y+0.000_D1_Conventional,xi-0.666667_eta+0.000000,Conventional,41,-0.007249444650053487,0.0007505553499465136,0.044083888683279816,2.0,True,1.1142852793561359e-08,5.183499178223961,1.102361378284116,3.659019117113147e-05,4.0335613571087776e-05,-2.48284680671219e-05,-2.682081536270543e-05,-1.7415873964632605e-06,-2.9095917129549e-05,-2.7579408759588e-05,-4.445845365967906e-06
hub_x-0.667_y+0.667_D1,xi-0.666667_eta+0.666667,FE,0,-0.00818763883748663,0.007812361162513271,0.043145694495846675,0.5,True,1.1142852793561359e-08,8.683730680538527,1.1201427683305698,1.0609599507032646e-05,1.1884266162686197e-05,7.200691345966053e-06,7.791072377458074e-06,-1.1330070152824653e-07,8.660544553800652e-06,7.969816885990879e-06,-1.6470485909579662e-06
hub_x-0.667_y+0.667_D1,xi-0.666667_eta+0.666667,FE,1,-0.00818763883748663,0.007812361162513271,0.043520972170819926,0.5,True,1.1142852793561359e-08,8.260937845777162,1.1304889396230189,1.061206140904571e-05,1.1996818049526444e-05,6.574502498128467e-06,8.259259559349091e-06,-1.0846178049250391e-06,8.015169206192054e-06,8.527811466324636e-06,-2.6376386227791285e-06
hub_x-0.667_y+0.667_D1,xi-0.666667_eta+0.666667,FE,2,-0.008325,0.0079999999999999,0.0433333333333333,0.5,True,1.1142852793561359e-08,7.121323275615005,1.120929251563104,1.307133581287442e-05,1.465204266965532e-05,1.3051359304097448e-05,7.207004009382689e-07,-4.9307001224311884e-08,1.4564249789844162e-05,-1.6299252253921858e-07,-1.5932406880383097e-06
hub_x-0.667_y+0.667_D1,xi-0.666667_eta+0.666667,FE,3,-0.00818763883748663,0.008187638837486529,0.043145694495846675,0.5,True,1.1142852793561359e-08,7.726068550968205,1.1177530863113445,1.1214260559393687e-05,1.2534774350961879e-05,8.348684453106756e-06,-7.4713827106407376e-06,4.873891541314949e-07,8.857863503765423e-06,-8.811322066733282e-06,-1.0096660905920505e-06
hub_x-0.667_y+0.667_D1,xi-0.666667_eta+0.666667,FE,4,-0.00818763883748663,0.008187638837486529,0.043520972170819926,0.5,True,1.1142852793561359e-08,7.652040756068153,1.1327220131897755,1.0380170041355117e-05,1.1757847106495963e-05,7.71964319927988e-06,-6.9209120951754676e-06,-5.059789858404168e-07,8.229223027295723e-06,-8.150908926367083e-06,-2.0222612642363258e-06
hub_x-0.667_y+0.667_D1,xi-0.666667_eta+0.666667,FE,5,-0.008,0.0076749999999999,0.0433333333333333,0.5,True,1.1142852793561359e-08,7.629659698078977,1.1101290941821276,1.3189134966365073e-05,1.4641642453256685e-05,-1.2042568493705872e-06,1.30943513194046e-05,-1.0202990374124826e-06,-1.4000974197410166e-07,1.4396643352006616e-05,-2.6635974163308766e-06
hub_x-0.667_y+0.667_D1,xi-0.666667_eta+0.666667,FE,6,-0.008,0.0079999999999999,0.0430083333333333,0.5,True,1.1142852793561359e-08,73.16933563443281,2.4019572111350134,6.41302443383913e-07,1.5403810284044935e-06,3.208513766470757e-07,-5.270153707641388e-07,1.7486571125349497e-07,5.536796652873563e-07,-6.337339498112222e-07,-1.2901913895901003e-06
hub_x-0.667_y+0.667_D1,xi-0.666667_eta+0.666667,FE,7,-0.008,0.0079999999999999,0.0436583333333333,0.5,True,1.1142852793561359e-08,16.56891537069198,1.7825743678101016,1.7375312516392522e-06,3.0972786724411344e-06,-7.066770005562852e-07,4.239688521579715e-07,-1.529664302946137e-06,-4.7339485715413175e-07,4.581322959615627e-07,-3.0264083140540905e-06
hub_x-0.667_y+0.667_D1,xi-0.666667_eta+0.666667,FE,8,-0.008,0.0083249999999999,0.0433333333333333,0.5,True,1.1142852793561359e-08,6.58226917624528,1.1090113046886165,1.3161362649201177e-05,1.4596099963070625e-05,7.512873800714073e-07,-1.3139825041973534e-05,-4.5076852801674644e-08,1.6499021204368583e-07,-1.4508780448239769e-05,-1.5856236207421654e-06
hub_x-0.667_y+0.667_D1,xi-0.666667_eta+0.666667,FE,9,-0.007812361162513372,0.007812361162513271,0.043145694495846675,0.5,True,1.1142852793561359e-08,8.823771259884984,1.0952670853617643,1.0685088490287175e-05,1.1703025727589368e-05,-8.171337512359381e-06,6.851903271932302e-06,-6.721464546207899e-07,-8.18289623209205e-06,8.052763554087989e-06,-2.270246589554662e-06
hub_x-0.667_y+0.667_D1,xi-0.666667_eta+0.666667,FE,10,-0.007812361162513372,0.007812361162513271,0.043520972170819926,0.5,True,1.1142852793561359e-08,8.136725408033374,1.1011817980607028,1.1502535744784659e-05,1.2666382993699477e-05,-8.701011558253061e-06,7.35364110032341e-06,-1.5889269935493383e-06,-8.703721325072094e-06,8.616951431032681e-06,-3.2296503330528522e-06
hub_x-0.667_y+0.667_D1,xi-0.666667_eta+0.666667,FE,11,-0.007675,0.0079999999999999,0.0433333333333333,0.5,True,1.1142852793561359e-08,7.014204269602877,1.0880645382074885,1.3507060765198826e-05,1.4696553834026547e-05,-1.344242826734683e-05,-8.536131928705208e-07,-1.0065571563332946e-06,-1.4455616622018018e-05,-4.183472976419011e-08,-2.6499231175757407e-06
hub_x-0.667_y+0.667_D1,xi-0.666667_eta+0.666667,FE,12,-0.007812361162513372,0.008187638837486529,0.043145694495846675,0.5,True,1.1142852793561359e-08,7.6902167330102005,1.096165372153116,1.095459464869455e-05,1.2008047319872795e-05,-7.021563499944091e-06,-8.407622603383208e-06,-1.1257038926805145e-07,-8.028007240641165e-06,-8.77854595722217e-06,-1.637507574778066e-06
hub_x-0.667_y+0.667_D1,xi-0.666667_eta+0.666667,FE,13,-0.007812361162513372,0.008187638837486529,0.043520972170819926,0.5,True,1.1142852793561359e-08,7.353143344197058,1.1024677261356308,1.094139819974255e-05,1.2062538394014654e-05,-7.59231974400155e-06,-7.805452463291784e-06,-1.070414552155368e-06,-8.56226490515618e-06,-8.081585998676061e-06,-2.6230554601478616e-06
hub_x-0.667_y+0.667_D1,xi-0.666667_eta+0.666667,FE,14,-0.008375277674973257,0.007624722325026643,0.04295805565836004,1.0,True,1.1142852793561359e-08,6.167643039145576,1.1041957083693432,2.0689323051377236e-05,2.284506172239767e-05,1.4090885211260197e-05,1.513603934964559e-05,6.287726881142881e-07,1.67429219456062e-05,1.5504389180411252e-05,-1.088726763629902e-06
hub_x-0.667_y+0.667_D1,xi-0.666667_eta+0.666667,FE,15,-0.008375277674973257,0.007624722325026643,0.04370861100830656,1.0,True,1.1142852793561359e-08,5.934134062117946,1.1103098181034738,2.0473541214473626e-05,2.2731973821776188e-05,1.2795892253551764e-05,1.593533739830446e-05,-1.2231325759881377e-06,1.5384119780259432e-05,1.6466833204577633e-05,-2.985782415576847e-06
hub_x-0.667_y+0.667_D1,xi-0.666667_eta+0.666667,FE,16,-0.00865,0.0079999999999999,0.0433333333333333,1.0,True,1.1142852793561359e-08,5.426911569714125,1.1073860270002396,2.5183785773262588e-05,2.7888172472278414e-05,2.5131417916506174e-05,1.3854914318394635e-06,8.457617110007902e-07,2.7870039349745985e-05,-3.040975872141868e-07,-9.58433693381249e-07
hub_x-0.667_y+0.667_D1,xi-0.666667_eta+0.666667,FE,17,-0.008375277674973257,0.008375277674973156,0.04295805565836004,1.0,True,1.1142852793561359e-08,5.510019952784048,1.1032911991643313,2.1844907340997217e-05,2.410129401588252e-05,1.635221757105446e-05,-1.4371705082690328e-05,1.8052839837058776e-06,1.713378388252418e-05,-1.6949327619073065e-05,1.616055948791334e-07
hub_x-0.667_y+0.667_D1,xi-0.666667_eta+0.666667,FE,18,-0.008375277674973257,0.008375277674973156,0.04370861100830656,1.0,True,1.1142852793561359e-08,5.349107102851731,1.1119955842695524,2.0123511495044816e-05,2.2377255922487415e-05,1.5115421869305072e-05,-1.3283795106078716e-05,-1.4326263942136487e-07,1.5884689819026952e-05,-1.565703763330493e-05,-1.8098023436476708e-06
hub_x-0.667_y+0.667_D1,xi-0.666667_eta+0.666667,FE,19,-0.008,0.0073499999999999,0.0433333333333333,1.0,True,1.1142852793561359e-08,5.800074726206703,1.1007667192207933,2.526534194947402e-05,2.7811247567713998e-05,-2.1758728924318116e-06,2.515161227069408e-05,-9.997405485940914e-07,-3.2805800125425196e-07,2.7645971648467872e-05,-3.0096712166948325e-06
hub_x-0.667_y+0.667_D1,xi-0.666667_eta+0.666667,FE,20,-0.008,0.0079999999999999,0.0426833333333333,1.0,True,1.1142852793561359e-08,51.924988457378426,0.9808593615895437,1.7032433059394965e-06,1.6706421416954782e-06,8.482440122191981e-07,-1.0231529725677296e-06,1.065212584270295e-06,1.0975555048083289e-06,-1.200828248533196e-06,-3.8003762576682546e-07
hub_x-0.667_y+0.667_D1,xi-0.666667_eta+0.666667,FE,21,-0.008,0.0079999999999999,0.0439833333333333,1.0,True,1.1142852793561359e-08,13.327156710050735,1.4881754180468203,2.735289016377959e-06,4.0705898754271454e-06,-1.1724109013047123e-06,8.695097060176819e-07,-2.3132685863861163e-06,-9.496836284852088e-07,9.708079419074266e-07,-3.837360405232562e-06
hub_x-0.667_y+0.667_D1,xi-0.666667_eta+0.666667,FE,22,-0.008,0.008649999999999899,0.0433333333333333,1.0,True,1.1142852793561359e-08,4.9701718985697925,1.101160131716702,2.510036025321693e-05,2.7639516002569026e-05,1.5948578053390051e-06,-2.503588821287534e-05,8.299486818057727e-07,2.4785177789263225e-07,-2.762213907295755e-05,-9.480756228574147e-07
hub_x-0.667_y+0.667_D1,xi-0.666667_eta+0.666667,FE,23,-0.007624722325026744,0.007624722325026643,0.04295805565836004,1.0,True,1.1142852793561359e-08,6.2342444844159965,1.091559208565153,2.0589122457419065e-05,2.2474246214671374e-05,-1.5640946844159138e-05,1.3381253361003687e-05,-4.634693877851304e-07,-1.5878521571035936e-05,1.5735489731188536e-05,-2.3148776545375425e-06
hub_x-0.667_y+0.667_D1,xi-0.666667_eta+0.666667,FE,24,-0.007624722325026744,0.007624722325026643,0.04370861100830656,1.0,True,1.1142852793561359e-08,5.900850592625856,1.0966688822037194,2.183131892469929e-05,2.3941728122182874e-05,-1.646037684844454e-05,1.4180520585395035e-05,-2.1389988140043236e-06,-1.6707423107791243e-05,1.6652655758365465e-05,-4.0935821436906675e-06
hub_x-0.667_y+0.667_D1,xi-0.666667_eta+0.666667,FE,25,-0.007350000000000001,0.0079999999999999,0.0433333333333333,1.0,True,1.1142852793561359e-08,5.357998439478919,1.089313104707464,2.5498393545540928e-05,2.777573423814595e-05,-2.5427265344248512e-05,-1.6390486414943615e-06,-9.67352090646068e-07,-2.7615423311609506e-05,-4.5834716706862886e-08,-2.979548114642871e-06
hub_x-0.667_y+0.667_D1,xi-0.666667_eta+0.666667,FE,26,-0.007624722325026744,0.008375277674973156,0.04295805565836004,1.0,True,1.1142852793561359e-08,5.383994047721215,1.0921879800804388,2.1138805883966693e-05,2.3087549699722076e-05,-1.3427313966934154e-05,-1.6313877800130073e-05,6.43230095551378e-07,-1.5598547044959257e-05,-1.698749343925587e-05,-1.070209266717719e-06
hub_x-0.667_y+0.667_D1,xi-0.666667_eta+0.666667,FE,27,-0.007624722325026744,0.008375277674973156,0.04370861100830656,1.0,True,1.1142852793561359e-08,5.0929988019223105,1.0961428122052665,2.0843093085216534e-05,2.2847006669485395e-05,-1.442475115954548e-05,-1.4997899568435066e-05,-1.193353208119002e-06,-1.65320928056537e-05,-1.5490726401556333e-05,-2.9517819656758187e-06
hub_x-0.667_y+0.667_D1,xi-0.666667_eta+0.666667,FE,28,-0.008750555349946513,0.007249444650053386,0.042582777983386784,2.0,True,1.1142852793561359e-08,5.825628957441607,1.0981707980265136,3.622150533314255e-05,3.977739941741877e-05,2.454799248468027e-05,2.6529984706373987e-05,2.3565706122493277e-06,2.916697082606217e-05,2.7046687612015237e-05,-7.750137138830393e-08
hub_x-0.667_y+0.667_D1,xi-0.666667_eta+0.666667,FE,29,-0.008750555349946513,0.007249444650053386,0.044083888683279816,2.0,True,1.1142852793561359e-08,5.705172809095559,1.10351946309923,3.527716135017058e-05,3.892903415280514e-05,2.1925838177999742e-05,2.7625796905637874e-05,-7.423465811778508e-07,2.641179337250388e-05,2.8415615383428976e-05,-3.2310483282464138e-06
hub_x-0.667_y+0.667_D1,xi-0.666667_eta+0.666667,FE,30,-0.0093,0.0079999999999999,0.0433333333333333,2.0,True,1.1142852793561359e-08,5.681082847600801,1.1017610977152323,4.2169333307901904e-05,4.646053095523351e-05,4.199123741880331e-05,2.3980516716420794e-06,3.0394078125108803e-06,4.645439478824853e-05,-7.245025969286655e-07,2.1269105952561207e-07
hub_x-0.667_y+0.667_D1,xi-0.666667_eta+0.666667,FE,31,-0.008750555349946513,0.008750555349946412,0.042582777983386784,2.0,True,1.1142852793561359e-08,5.30626807329927,1.0964157927410427,3.807682686300613e-05,4.17480343100663e-05,2.865679338649668e-05,-2.4679284139042378e-05,4.423332583403225e-06,2.9760485285006254e-05,-2.9203100833884412e-05,2.0954202541205195e-06
hub_x-0.667_y+0.667_D1,xi-0.666667_eta+0.666667,FE,32,-0.008750555349946513,0.008750555349946412,0.044083888683279816,2.0,True,1.1142852793561359e-08,5.105194797986677,1.104077109625094,3.514131732621892e-05,3.879872406195002e-05,2.6611333050777048e-05,-2.292817256868488e-05,1.023737927030795e-06,2.767742913900252e-05,-2.7161694084422196e-05,-1.242288032260504e-06
hub_x-0.667_y+0.667_D1,xi-0.666667_eta+0.666667,FE,33,-0.008,0.0066999999999999,0.0433333333333333,2.0,True,1.1142852793561359e-08,5.903636182913852,1.0963802533994214,4.2257114778678246e-05,4.6329866208975685e-05,-3.8693449082490305e-06,4.207957975677395e-05,-2.9780743686927032e-08,-6.871526365501595e-07,4.6213115851127946e-05,-3.2143813597481604e-06
hub_x-0.667_y+0.667_D1,xi-0.666667_eta+0.666667,FE,34,-0.008,0.0079999999999999,0.0420333333333333,2.0,True,1.1142852793561359e-08,21.00472921997852,0.8882186618348203,3.997836839778917e-06,3.5509532880623763e-06,1.916557526369309e-06,-2.026307407548425e-06,2.864190101184803e-06,2.206251014220841e-06,-2.351690166652758e-06,1.4870370124241142e-06
hub_x-0.667_y+0.667_D1,xi-0.666667_eta+0.666667,FE,35,-0.008,0.0079999999999999,0.0446333333333333,2.0,True,1.1142852793561359e-08,9.108491697507379,1.304503650507379,4.553722363763002e-06,5.940347446925927e-06,-1.9946845869831803e-06,1.6786766059731175e-06,-3.733586160415428e-06,-1.8245109110355133e-06,1.9052276849236545e-06,-5.322498961419551e-06
hub_x-0.667_y+0.667_D1,xi-0.666667_eta+0.666667,FE,36,-0.008,0.009299999999999899,0.0433333333333333,2.0,True,1.1142852793561359e-08,5.272155725871697,1.0970001052047051,4.164530979771033e-05,4.5684909229370774e-05,2.8354331350008564e-06,-4.14435288663884e-05,2.9539908911569883e-06,2.062898533237007e-07,-4.5683954900884516e-05,2.1128276364122389e-07
hub_x-0.667_y+0.667_D1,xi-0.666667_eta+0.666667,FE,37,-0.007249444650053487,0.007249444650053386,0.042582777983386784,2.0,True,1.1142852793561359e-08,5.729310892280365,1.0906338944964635,3.62543184559155e-05,3.954018852989014e-05,-2.7393007531470124e-05,2.374570756428455e-05,3.74322528357278e-07,-2.7875645243608967e-05,2.7946563868208256e-05,-2.3161345366522735e-06
hub_x-0.667_y+0.667_D1,xi-0.666667_eta+0.666667,FE,38,-0.007249444650053487,0.007249444650053386,0.044083888683279816,2.0,True,1.1142852793561359e-08,5.645454807352485,1.0969591903533251,3.7091038773171564e-05,4.068735586198207e-05,-2.791918449440097e-05,2.4320491020537717e-05,-2.1858661808219856e-06,-2.8409261978377707e-05,2.8682639927438856e-05,-5.067635314065098e-06
hub_x-0.667_y+0.667_D1,xi-0.666667_eta+0.666667,FE,39,-0.0067,0.0079999999999999,0.0433333333333333,2.0,True,1.1142852793561359e-08,5.5569453679808225,1.0912602406581726,4.205108253602156e-05,4.588867444819557e-05,-4.1946161351461226e-05,-2.9685860367339634e-06,2.4233674622364538e-08,-4.578076204255925e-05,-1.174946615133756e-07,-3.1430024529991866e-06
hub_x-0.667_y+0.667_D1,xi-0.666667_eta+0.666667,FE,40,-0.007249444650053487,0.008750555349946412,0.042582777983386784,2.0,True,1.1142852793561359e-08,5.188990470064242,1.0903746679581274,3.708674925413494e-05,4.0438451903623715e-05,-2.3254106066084407e-05,-2.8790137391544214e-05,2.4086324506621467e-06,-2.731863711980632e-05,-2.9815423194203156e-05,-3.1591590668710096e-08
hub_x-0.667_y+0.667_D1,xi-0.666667_eta+0.666667,FE,41,-0.007249444650053487,0.008750555349946412,0.044083888683279816,2.0,True,1.1142852793561359e-08,4.934641286261597,1.0976510957924808,3.579688683846362e-05,3.929249206419903e-05,-2.4655224712654307e-05,-2.5943125145990693e-05,-7.008989611601995e-07,-2.8660791184354428e-05,-2.6692365928566136e-05,-3.158572848217471e-06
hub_x-0.667_y+0.667_D1_Conventional,xi-0.666667_eta+0.666667,Conventional,0,-0.00818763883748663,0.007812361162513271,0.043145694495846675,0.5,True,1.1142852793561359e-08,7.104456984194105,1.1093536468797325,1.169081202975849e-05,1.2969244960198028e-05,9.178171901352535e-06,7.220997803690019e-06,-5.416984248385206e-07,1.0520900815025618e-05,7.31288445213141e-06,-2.0084028151219785e-06
hub_x-0.667_y+0.667_D1_Conventional,xi-0.666667_eta+0.666667,Conventional,1,-0.00818763883748663,0.007812361162513271,0.043520972170819926,0.5,True,1.1142852793561359e-08,6.81184004043204,1.1207795189438885,1.1522571738894092e-05,1.2914262410514164e-05,8.485751114216303e-06,7.65671348585939e-06,-1.4616518398704003e-06,9.815231942125948e-06,7.855331298258897e-06,-2.955193009683768e-06
hub_x-0.667_y+0.667_D1_Conventional,xi-0.666667_eta+0.666667,Conventional,2,-0.008325,0.0079999999999999,0.0433333333333333,0.5,True,1.1142852793561359e-08,6.05547818897651,1.1018243210964962,1.4903532664019835e-05,1.6421074759473112e-05,1.4895640252957506e-05,2.1506569789405584e-07,-4.3466546626980004e-07,1.6292601875811037e-05,-7.246215792274235e-07,-1.9177444927418055e-06
hub_x-0.667_y+0.667_D1_Conventional,xi-0.666667_eta+0.666667,Conventional,3,-0.00818763883748663,0.008187638837486529,0.043145694495846675,0.5,True,1.1142852793561359e-08,6.950341566471797,1.0979136778492404,1.2942741145091771e-05,1.4210012532058397e-05,1.0234136207505462e-05,-7.922611634220213e-06,9.606939364694201e-08,1.0629135921873995e-05,-9.32991987781281e-06,-1.3778682045746916e-06
hub_x-0.667_y+0.667_D1_Conventional,xi-0.666667_eta+0.666667,Conventional,4,-0.00818763883748663,0.008187638837486529,0.043520972170819926,0.5,True,1.1142852793561359e-08,6.856091190270093,1.1077014744328397,1.209433877478772e-05,1.3396916893122621e-05,9.538452590915889e-06,-7.3862727327352175e-06,-8.566957965555298e-07,9.94514627740544e-06,-8.66445409966903e-06,-2.3449270600535847e-06
hub_x-0.667_y+0.667_D1_Conventional,xi-0.666667_eta+0.666667,Conventional,5,-0.008,0.0076749999999999,0.0433333333333333,0.5,True,1.1142852793561359e-08,6.804384035062183,1.1214661939710744,1.2582738022407621e-05,1.4111115319724597e-05,7.90497571040358e-07,1.2474809919049033e-05,-1.4420565919261394e-06,1.7392401953912356e-06,1.3673231060432034e-05,-3.023470105249653e-06
hub_x-0.667_y+0.667_D1_Conventional,xi-0.666667_eta+0.666667,Conventional,6,-0.008,0.0079999999999999,0.0430083333333333,0.5,True,1.1142852793561359e-08,26.16137140213965,1.2594017378213962,2.5702014742050112e-06,3.2369162031649053e-06,2.3270197170342813e-06,-1.061219547937526e-06,-2.544168343773242e-07,2.4417808510812476e-06,-1.2745702175408417e-06,-1.7002363195045385e-06
hub_x-0.667_y+0.667_D1_Conventional,xi-0.666667_eta+0.666667,Conventional,7,-0.008,0.0079999999999999,0.0436583333333333,0.5,True,1.1142852793561359e-08,10.757916712837623,1.6198258608257108,2.2308180014282936e-06,3.6135366895090776e-06,1.1856113316226508e-06,-1.512362202182094e-07,-1.8836141673704307e-06,1.3197099938045352e-06,-1.8648040806426197e-07,-3.3587554236783664e-06
hub_x-0.667_y+0.667_D1_Conventional,xi-0.666667_eta+0.666667,Conventional,8,-0.008,0.0083249999999999,0.0433333333333333,0.5,True,1.1142852793561359e-08,6.697730376573074,1.1028159666417934,1.3851578046894911e-05,1.5275741433300655e-05,2.6038867548631446e-06,-1.3598667263874228e-05,-4.0278630004594904e-07,1.9182885515305814e-06,-1.5028500244826654e-05,-1.952594622898013e-06
hub_x-0.667_y+0.667_D1_Conventional,xi-0.666667_eta+0.666667,Conventional,9,-0.007812361162513372,0.007812361162513271,0.043145694495846675,0.5,True,1.1142852793561359e-08,9.147565646331374,1.1336127947881314,8.855334269622133e-06,1.0038520230169462e-05,-6.1688631544543835e-06,6.255042720630569e-06,-1.1119860482244484e-06,-6.302865555594452e-06,7.3377556430449304e-06,-2.6838622026074375e-06
hub_x-0.667_y+0.667_D1_Conventional,xi-0.666667_eta+0.666667,Conventional,10,-0.007812361162513372,0.007812361162513271,0.043520972170819926,0.5,True,1.1142852793561359e-08,8.241270565747447,1.1362406393241817,9.741198242686314e-06,1.1068345319053493e-05,-6.761626172681682e-06,6.72654831706341e-06,-1.9811366541539713e-06,-6.876440007029934e-06,7.89087866710845e-06,-3.599565917232842e-06
hub_x-0.667_y+0.667_D1_Conventional,xi-0.666667_eta+0.666667,Conventional,11,-0.007675,0.0079999999999999,0.0433333333333333,0.5,True,1.1142852793561359e-08,7.643591747229873,1.1144770294126638,1.170839380164863e-05,1.304873594325501e-05,-1.1532397341718898e-05,-1.4539220290537279e-06,-1.4058476804516237e-06,-1.2662188791995004e-05,-7.514990445015067e-07,-3.0616554180352574e-06
hub_x-0.667_y+0.667_D1_Conventional,xi-0.666667_eta+0.666667,Conventional,12,-0.007812361162513372,0.008187638837486529,0.043145694495846675,0.5,True,1.1142852793561359e-08,8.383643813670497,1.112070129119217,1.030918950321774e-05,1.1464541701957829e-05,-5.092367873561795e-06,-8.949395883793734e-06,-5.054611446059294e-07,-6.208470673864394e-06,-9.416648123027033e-06,-2.0536178940560876e-06
hub_x-0.667_y+0.667_D1_Conventional,xi-0.666667_eta+0.666667,Conventional,13,-0.007812361162513372,0.008187638837486529,0.043520972170819926,0.5,True,1.1142852793561359e-08,7.964018009430443,1.11902303789459,1.0223403298595012e-05,1.1440223816815363e-05,-5.718976980619443e-06,-8.35363922368387e-06,-1.424074794875125e-06,-6.789793534917212e-06,-8.707032799397585e-06,-2.994161746172128e-06
hub_x-0.667_y+0.667_D1_Conventional,xi-0.666667_eta+0.666667,Conventional,14,-0.008375277674973257,0.007624722325026643,0.04295805565836004,1.0,True,1.1142852793561359e-08,5.2916796056864746,1.0995846937540124,2.165640172702489e-05,2.381304786082453e-05,1.60420129653735e-05,1.4547288394836229e-05,1.730784173096772e-07,1.8571921607697566e-05,1.48359730830715e-05,-1.427893167514265e-06
hub_x-0.667_y+0.667_D1_Conventional,xi-0.666667_eta+0.666667,Conventional,15,-0.008375277674973257,0.007624722325026643,0.04370861100830656,1.0,True,1.1142852793561359e-08,5.1165090483887505,1.1071694751484864,2.1188643428550844e-05,2.3459419223897066e-05,1.4609180547661337e-05,1.5265247838864696e-05,-1.5819805580793893e-06,1.7085321178462627e-05,1.574565539930163e-05,-3.2419880625584087e-06
hub_x-0.667_y+0.667_D1_Conventional,xi-0.666667_eta+0.666667,Conventional,16,-0.00865,0.0079999999999999,0.0433333333333333,1.0,True,1.1142852793561359e-08,4.875899998044958,1.09826528276318,2.674957114734245e-05,2.9378125319929858e-05,2.6729166195953414e-05,9.365113196190904e-07,4.627932411589891e-07,2.934232338264748e-05,-7.665787295179269e-07,-1.2307164064451426e-06
hub_x-0.667_y+0.667_D1_Conventional,xi-0.666667_eta+0.666667,Conventional,17,-0.008375277674973257,0.008375277674973156,0.04295805565836004,1.0,True,1.1142852793561359e-08,5.328088787272513,1.0930957461662756,2.334591695250682e-05,2.551932251113635e-05,1.8094649531184663e-05,-1.4683903967299872e-05,1.4136693305222143e-06,1.8759656140614058e-05,-1.729950953467013e-05,-1.951736999923686e-07
hub_x-0.667_y+0.667_D1_Conventional,xi-0.666667_eta+0.666667,Conventional,18,-0.008375277674973257,0.008375277674973156,0.04370861100830656,1.0,True,1.1142852793561359e-08,5.116526522336553,1.0993657864550779,2.1576482939603125e-05,2.3720447135831358e-05,1.6732616555026955e-05,-1.3614311849211925e-05,-4.633272470192231e-07,1.7402419614803347e-05,-1.5984149374334287e-05,-2.079031662348283e-06
hub_x-0.667_y+0.667_D1_Conventional,xi-0.666667_eta+0.666667,Conventional,19,-0.008,0.0073499999999999,0.0433333333333333,1.0,True,1.1142852793561359e-08,5.237999194739178,1.1057042355736235,2.4547077455735176e-05,2.714180751376019e-05,-1.8826380975700948e-07,2.4503883269310772e-05,-1.4433548003833283e-06,1.543479681004173e-06,2.6891207799878854e-05,-3.3404084558735113e-06
hub_x-0.667_y+0.667_D1_Conventional,xi-0.666667_eta+0.666667,Conventional,20,-0.008,0.0079999999999999,0.0426833333333333,1.0,True,1.1142852793561359e-08,23.752175044574756,1.0890570261670427,3.3425332572139936e-06,3.6402093289659105e-06,2.90580530179015e-06,-1.536991709414496e-06,6.053764191484096e-07,3.0333158016580373e-06,-1.8358836981809415e-06,-8.244090324927142e-07
hub_x-0.667_y+0.667_D1_Conventional,xi-0.666667_eta+0.666667,Conventional,21,-0.008,0.0079999999999999,0.0439833333333333,1.0,True,1.1142852793561359e-08,3.505870429421776,1.5486537092093375,2.7229104900340507e-06,4.2168454302362475e-06,6.632883360317696e-07,2.7564043695417027e-07,-2.6264638717365588e-06,7.969298219103563e-07,3.2746823607381184e-07,-4.127887207254694e-06
hub_x-0.667_y+0.667_D1_Conventional,xi-0.666667_eta+0.666667,Conventional,22,-0.008,0.008649999999999899,0.0433333333333333,1.0,True,1.1142852793561359e-08,5.217657564158936,1.096970397918673,2.558810597342496e-05,2.806939479165315e-05,3.305581898847218e-06,-2.5368574364128963e-05,5.096374681070903e-07,1.8707736208303002e-06,-2.797717155517484e-05,-1.2918985260485388e-06
hub_x-0.667_y+0.667_D1_Conventional,xi-0.666667_eta+0.666667,Conventional,23,-0.007624722325026744,0.007624722325026643,0.04295805565836004,1.0,True,1.1142852793561359e-08,6.107650880598698,1.1062955613979795,1.8749563170013065e-05,2.0742558513136485e-05,-1.368024857081891e-05,1.2787250236410896e-05,-9.39760340899232e-07,-1.4045040677435097e-05,1.5013116470317701e-05,-2.75624742879874e-06
hub_x-0.667_y+0.667_D1_Conventional,xi-0.666667_eta+0.666667,Conventional,24,-0.007624722325026744,0.007624722325026643,0.04370861100830656,1.0,True,1.1142852793561359e-08,5.850014948001617,1.1106121076884155,2.0062830272756924e-05,2.2282022215421513e-05,-1.4624839173574018e-05,1.350239189527821e-05,-2.5132948109746043e-06,-1.4972536736236955e-05,1.5889860541924164e-05,-4.452413912561848e-06
hub_x-0.667_y+0.667_D1_Conventional,xi-0.666667_eta+0.666667,Conventional,25,-0.007350000000000001,0.0079999999999999,0.0433333333333333,1.0,True,1.1142852793561359e-08,5.621650950966083,1.1009024332179764,2.3850096518080397e-05,2.6256629289238297e-05,-2.3702267452410084e-05,-2.277790305447738e-06,-1.3569424676753138e-06,-2.602094059614053e-05,-7.979777127610706e-07,-3.4182544806594846e-06
hub_x-0.667_y+0.667_D1_Conventional,xi-0.666667_eta+0.666667,Conventional,26,-0.007624722325026744,0.008375277674973156,0.04295805565836004,1.0,True,1.1142852793561359e-08,5.924996869261314,1.0990613249740653,2.0460048975124937e-05,2.2486848535635078e-05,-1.157174292834206e-05,-1.6871097148199443e-05,2.728565207084573e-07,-1.3858893989035076e-05,-1.7643546021586188e-05,-1.5148261449588958e-06
hub_x-0.667_y+0.667_D1_Conventional,xi-0.666667_eta+0.666667,Conventional,27,-0.007624722325026744,0.008375277674973156,0.04370861100830656,1.0,True,1.1142852793561359e-08,5.573271936549146,1.1021992257049895,2.010142836355333e-05,2.2155778777872794e-05,-1.2667210749835124e-05,-1.553587251860927e-05,-1.4986190843069757e-06,-1.4869244469273985e-05,-1.6088378535433402e-05,-3.3088031473040476e-06
hub_x-0.667_y+0.667_D1_Conventional,xi-0.666667_eta+0.666667,Conventional,28,-0.008750555349946513,0.007249444650053386,0.042582777983386784,2.0,True,1.1142852793561359e-08,5.244398997746482,1.0965065443184259,3.6958052653041596e-05,4.0524746599325075e-05,2.6296149008635384e-05,2.5901261238895115e-05,1.880124850947114e-06,3.0782300690816435e-05,2.6355064623402476e-05,-3.400291398546741e-07
hub_x-0.667_y+0.667_D1_Conventional,xi-0.666667_eta+0.666667,Conventional,29,-0.008750555349946513,0.007249444650053386,0.044083888683279816,2.0,True,1.1142852793561359e-08,5.165633896852709,1.1034921971086618,3.558714267347829e-05,3.927013425757597e-05,2.3411777057099496e-05,2.6780488277206896e-05,-1.0671768014498917e-06,2.777321636830137e-05,2.7558215140613264e-05,-3.3669979850353593e-06
hub_x-0.667_y+0.667_D1_Conventional,xi-0.666667_eta+0.666667,Conventional,30,-0.0093,0.0079999999999999,0.0433333333333333,2.0,True,1.1142852793561359e-08,5.245856189466226,1.097166191041581,4.2933623138013015e-05,4.710531976594844e-05,4.2801716783703815e-05,2.0815751241145515e-06,2.641227200980925e-06,4.70957607027557e-05,-9.477575321397657e-07,4.722013656457471e-08
hub_x-0.667_y+0.667_D1_Conventional,xi-0.666667_eta+0.666667,Conventional,31,-0.008750555349946513,0.008750555349946412,0.042582777983386784,2.0,True,1.1142852793561359e-08,5.254656759417238,1.0907282795056534,3.895856724671107e-05,4.249321102501047e-05,2.9937553834938612e-05,-2.459819105493444e-05,4.054852540056709e-06,3.090279661024674e-05,-2.9111320055383312e-05,1.7947672592376477e-06
hub_x-0.667_y+0.667_D1_Conventional,xi-0.666667_eta+0.666667,Conventional,32,-0.008750555349946513,0.008750555349946412,0.044083888683279816,2.0,True,1.1142852793561359e-08,4.902353457810313,1.096445207659579,3.5917025406598126e-05,3.938105038045186e-05,2.7672154375558485e-05,-2.288583602751894e-05,7.232534790727415e-07,2.8637210670280422e-05,-2.6996478701486396e-05,-1.4026517079645714e-06
hub_x-0.667_y+0.667_D1_Conventional,xi-0.666667_eta+0.666667,Conventional,33,-0.008,0.0066999999999999,0.0433333333333333,2.0,True,1.1142852793561359e-08,5.498907895081462,1.100160452317861,4.153166279670074e-05,4.5691492927931166e-05,-2.0126259899023566e-06,4.148018648337348e-05,-4.716784796727553e-07,1.0425444183768765e-06,4.55489975629071e-05,-3.4517311791589526e-06
hub_x-0.667_y+0.667_D1_Conventional,xi-0.666667_eta+0.666667,Conventional,34,-0.008,0.0079999999999999,0.0420333333333333,2.0,True,1.1142852793561359e-08,15.894916915271304,0.9895562167462504,5.320970295174307e-06,5.265399234711867e-06,4.065403290082946e-06,-2.491128016904518e-06,2.362096986684392e-06,4.236687033158774e-06,-2.9665187559962715e-06,9.872580991265397e-07
hub_x-0.667_y+0.667_D1_Conventional,xi-0.666667_eta+0.666667,Conventional,35,-0.008,0.0079999999999999,0.0446333333333333,2.0,True,1.1142852793561359e-08,2.9361431831011915,1.3784126380989885,4.1159330392282575e-06,5.67345411884141e-06,-2.702827015824363e-07,1.0639507986949295e-06,-3.966845187626117e-06,-1.6778552082455772e-07,1.2689069149496634e-06,-5.527187792973306e-06
hub_x-0.667_y+0.667_D1_Conventional,xi-0.666667_eta+0.666667,Conventional,36,-0.008,0.009299999999999899,0.0433333333333333,2.0,True,1.1142852793561359e-08,5.459087213917784,1.0944921408248414,4.170931960768409e-05,4.565052250976169e-05,4.18398575001926e-06,-4.140919926742742e-05,2.7276036020772563e-06,1.463939756963176e-06,-4.5627032011100756e-05,-3.218167534341469e-08
hub_x-0.667_y+0.667_D1_Conventional,xi-0.666667_eta+0.666667,Conventional,37,-0.007249444650053487,0.007249444650053386,0.042582777983386784,2.0,True,1.1142852793561359e-08,5.598839590815826,1.0971936617158806,3.4742079368986346e-05,3.8118789278481876e-05,-2.5766464241177347e-05,2.3304200272936993e-05,-1.2509607475548375e-07,-2.6367039896365278e-05,2.7388895530857955e-05,-2.76942318191634e-06
hub_x-0.667_y+0.667_D1_Conventional,xi-0.666667_eta+0.666667,Conventional,38,-0.007249444650053487,0.007249444650053386,0.044083888683279816,2.0,True,1.1142852793561359e-08,5.659512632795787,1.1038254893572472,3.560263510120235e-05,3.929909611299219e-05,-2.6474961196973107e-05,2.367262021569002e-05,-2.4962187187499946e-06,-2.706104480495639e-05,2.7983120887572657e-05,-5.39108103758749e-06
hub_x-0.667_y+0.667_D1_Conventional,xi-0.666667_eta+0.666667,Conventional,39,-0.0067,0.0079999999999999,0.0433333333333333,2.0,True,1.1142852793561359e-08,5.751410734361299,1.0965789954667238,4.11048914915722e-05,4.507476062059692e-05,-4.0944376100194384e-05,-3.618939763830943e-06,-2.710079067463975e-07,-4.4922919988609065e-05,-8.708962823091087e-07,-3.592609687483877e-06
hub_x-0.667_y+0.667_D1_Conventional,xi-0.666667_eta+0.666667,Conventional,40,-0.007249444650053487,0.008750555349946412,0.042582777983386784,2.0,True,1.1142852793561359e-08,5.602536924168126,1.0942317427639685,3.6610126782695084e-05,4.005996283223828e-05,-2.1680729058561866e-05,-2.942201500878764e-05,2.142989350630114e-06,-2.588665456978512e-05,-3.0568711869930864e-05,-4.853781186694329e-07
hub_x-0.667_y+0.667_D1_Conventional,xi-0.666667_eta+0.666667,Conventional,41,-0.007249444650053487,0.008750555349946412,0.044083888683279816,2.0,True,1.1142852793561359e-08,5.2914206764151155,1.1006804041725193,3.514997123962635e-05,3.868888455068436e-05,-2.3196500029501494e-05,-2.6394662662742636e-05,-8.744412203895609e-07,-2.730112203272185e-05,-2.719534712268336e-05,-3.448422596981142e-06
hub_x-0.667_y-0.667_D1,xi-0.666667_eta-0.666667,FE,0,-0.00818763883748663,-0.00818763883748663,0.043145694495846675,0.5,True,1.1142852793561359e-08,7.726068681558295,1.117753089664758,1.1214260121059649e-05,1.2534773898618706e-05,7.471382315589843e-06,8.348684224822813e-06,4.873890348323664e-07,8.811321605864228e-06,8.85786330850127e-06,-1.009666209907983e-06
hub_x-0.667_y-0.667_D1,xi-0.666667_eta-0.666667,FE,1,-0.00818763883748663,-0.00818763883748663,0.043520972170819926,0.5,True,1.1142852793561359e-08,7.6520408699716675,1.1327220181057034,1.0380169622185274e-05,1.175784668272122e-05,6.920911712661707e-06,7.719642970960032e-06,-5.059791021251184e-07,8.150908482726218e-06,8.229222832488703e-06,-2.0222613811885907e-06
hub_x-0.667_y-0.667_D1,xi-0.666667_eta-0.666667,FE,2,-0.008325,-0.008,0.0433333333333333,0.5,True,1.1142852793561359e-08,6.582269212235991,1.1090113055705513,1.3161362247283312e-05,1.459609952894663e-05,1.3139824659552755e-05,7.512870196322064e-07,-4.5076984769916046e-08,1.4508780001921141e-05,1.6498986604171776e-07,-1.585623744421338e-06
hub_x-0.667_y-0.667_D1,xi-0.666667_eta-0.666667,FE,3,-0.00818763883748663,-0.007812361162513372,0.043145694495846675,0.5,True,1.1142852793561359e-08,7.690216625475689,1.096165371255552,1.095459469500467e-05,1.2008047360803893e-05,8.40762232230907e-06,-7.021563906881829e-06,-1.12570505946787e-07,8.778545627493785e-06,-8.02800763902266e-06,-1.6375076894820814e-06
hub_x-0.667_y-0.667_D1,xi-0.666667_eta-0.666667,FE,4,-0.00818763883748663,-0.007812361162513372,0.043520972170819926,0.5,True,1.1142852793561359e-08,7.353143215342513,1.1024677248142405,1.0941398297654817e-05,1.206253848750191e-05,7.805452196108102e-06,-7.59232014367381e-06,-1.0704146664540094e-06,8.081585688567697e-06,-8.562265295276094e-06,-2.6230555720596583e-06
hub_x-0.667_y-0.667_D1,xi-0.666667_eta-0.666667,FE,5,-0.008,-0.008325,0.0433333333333333,0.5,True,1.1142852793561359e-08,7.1213232766708385,1.1209292554136998,1.307133572255816e-05,1.4652042618749612e-05,-7.207007589711577e-07,1.3051359193509018e-05,-4.930709737009507e-08,1.6299210675811756e-07,1.4564249731380674e-05,-1.5932407968563728e-06
hub_x-0.667_y-0.667_D1,xi-0.666667_eta-0.666667,FE,6,-0.008,-0.008,0.0430083333333333,0.5,True,1.1142852793561359e-08,73.16935108001807,2.4019584560183342,6.413020591532317e-07,1.540380903845075e-06,5.270150981592078e-07,3.2085111248309685e-07,1.7486560841050137e-07,6.337336300832412e-07,5.536794301242677e-07,-1.2901914988440105e-06
hub_x-0.667_y-0.667_D1,xi-0.666667_eta-0.666667,FE,7,-0.008,-0.008,0.0436583333333333,0.5,True,1.1142852793561359e-08,16.568918016098337,1.782574212807857,1.7375315023901176e-06,3.097278850101917e-06,-4.239690978496165e-07,-7.066772573407402e-07,-1.5296644010448863e-06,-4.581325804302396e-07,-4.733950829678683e-07,-3.0264084174907437e-06
hub_x-0.667_y-0.667_D1,xi-0.666667_eta-0.666667,FE,8,-0.008,-0.007675,0.0433333333333333,0.5,True,1.1142852793561359e-08,7.014204098711167,1.0880645360233387,1.3507061154290499e-05,1.4696554227881955e-05,8.536130445034265e-07,-1.3442428660556969e-05,-1.0065572521389697e-06,4.1834554890120574e-08,-1.4455617004823801e-05,-2.6499232164236446e-06
hub_x-0.667_y-0.667_D1,xi-0.666667_eta-0.666667,FE,9,-0.007812361162513372,-0.00818763883748663,0.043145694495846675,0.5,True,1.1142852793561359e-08,8.68373068908515,1.1201427726453097,1.0609599608659895e-05,1.1884266322300888e-05,-7.791072626204704e-06,7.200691225251976e-06,-1.1330078490063841e-07,-7.969817177329806e-06,8.660544485696471e-06,-1.6470486910186665e-06
hub_x-0.667_y-0.667_D1,xi-0.666667_eta-0.666667,FE,10,-0.007812361162513372,-0.00818763883748663,0.043520972170819926,0.5,True,1.1142852793561359e-08,8.260937859058757,1.130488943143687,1.0612061526076581e-05,1.1996818219190098e-05,-8.259259792435135e-06,6.574502381146046e-06,-1.0846178841435842e-06,-8.527811736734284e-06,8.015169140871467e-06,-2.637638718689551e-06
hub_x-0.667_y-0.667_D1,xi-0.666667_eta-0.666667,FE,11,-0.007675,-0.008,0.0433333333333333,0.5,True,1.1142852793561359e-08,7.629659788366499,1.1101290943868585,1.3189135104516989e-05,1.464164260932337e-05,-1.3094351438894415e-05,-1.2042570015706305e-06,-1.0202991101114553e-06,-1.4396643493533657e-05,-1.4000984747053476e-07,-2.6635975037268552e-06
hub_x-0.667_y-0.667_D1,xi-0.666667_eta-0.666667,FE,12,-0.007812361162513372,-0.007812361162513372,0.043145694495846675,0.5,True,1.1142852793561359e-08,8.82377116129796,1.0952670824639053,1.068508878778159e-05,1.1703026022461329e-05,-6.851903394605566e-06,-8.17133779154785e-06,-6.72146539223766e-07,-8.05276370080445e-06,-8.182896483480062e-06,-2.270246683085979e-06
hub_x-0.667_y-0.667_D1,xi-0.666667_eta-0.666667,FE,13,-0.007812361162513372,-0.007812361162513372,0.043520972170819926,0.5,True,1.1142852793561359e-08,8.136725350625372,1.1011817947102072,1.1502536027947707e-05,1.2666383266974275e-05,-7.353641205395425e-06,-8.701011828716771e-06,-1.588927076072519e-06,-8.616951555189617e-06,-8.70372156661199e-06,-3.2296504226145687e-06
hub_x-0.667_y-0.667_D1,xi-0.666667_eta-0.666667,FE,14,-0.008375277674973257,-0.008375277674973257,0.04295805565836004,1.0,True,1.1142852793561359e-08,5.510019934104202,1.1032911995847992,2.1844906869392623e-05,2.4101293504750406e-05,1.4371704579134172e-05,1.6352217398608977e-05,1.805283847809152e-06,1.6949327028921467e-05,1.713378374852314e-05,1.6160546909283026e-07
hub_x-0.667_y-0.667_D1,xi-0.666667_eta-0.666667,FE,15,-0.008375277674973257,-0.008375277674973257,0.04370861100830656,1.0,True,1.1142852793561359e-08,5.349107087282825,1.1119955853196246,2.0123511038810113e-05,2.237725543628758e-05,1.3283794620058262e-05,1.5115421687795686e-05,-1.4326277024893686e-07,1.565703706981566e-05,1.5884689675381474e-05,-1.8098024677045071e-06
hub_x-0.667_y-0.667_D1,xi-0.666667_eta-0.666667,FE,16,-0.00865,-0.008,0.0433333333333333,1.0,True,1.1142852793561359e-08,4.970171867084776,1.1011601317928148,2.5100359746319604e-05,2.763951544630436e-05,2.5035887738590483e-05,1.5948573585764644e-06,8.299485171688113e-07,2.7622138515649533e-05,2.478513309634848e-07,-9.480757598987558e-07
hub_x-0.667_y-0.667_D1,xi-0.666667_eta-0.666667,FE,17,-0.008375277674973257,-0.007624722325026744,0.04295805565836004,1.0,True,1.1142852793561359e-08,5.383993966386568,1.0921879801069332,2.1138805997181174e-05,2.3087549823933633e-05,1.631387750188173e-05,-1.3427314513615271e-05,6.432299686088944e-07,1.698749308661052e-05,-1.5598547604623233e-05,-1.070209386653143e-06
hub_x-0.667_y-0.667_D1,xi-0.666667_eta-0.666667,FE,18,-0.008375277674973257,-0.007624722325026744,0.04370861100830656,1.0,True,1.1142852793561359e-08,5.09299870492979,1.0961428120515901,2.0843093261163813e-05,2.284700685914565e-05,1.4997899296288145e-05,-1.4424751686607608e-05,-1.1933533306120438e-06,1.549072608574006e-05,-1.6532093343136467e-05,-2.9517820807511806e-06
hub_x-0.667_y-0.667_D1,xi-0.666667_eta-0.666667,FE,19,-0.008,-0.00865,0.0433333333333333,1.0,True,1.1142852793561359e-08,5.426911541664107,1.107386028835118,2.518378583362456e-05,2.7888172585331603e-05,-1.3854918697165352e-06,2.5131417955649217e-05,8.457616279369964e-07,3.040970794493392e-07,2.787003946478424e-05,-9.58433798903469e-07
hub_x-0.667_y-0.667_D1,xi-0.666667_eta-0.666667,FE,20,-0.008,-0.008,0.0426833333333333,1.0,True,1.1142852793561359e-08,51.92500090107438,0.9808593549539139,1.70324293693991e-06,1.67064176845669e-06,1.0231526894354196e-06,8.482437444590461e-07,1.0652124794250465e-06,1.200827912972852e-06,1.0975552653798779e-06,-3.800377367765823e-07
hub_x-0.667_y-0.667_D1,xi-0.666667_eta-0.666667,FE,21,-0.008,-0.008,0.0439833333333333,1.0,True,1.1142852793561359e-08,13.327157698562894,1.488175351995584,2.735289278009299e-06,4.070590084111235e-06,-8.695099365469931e-07,-1.172411153487807e-06,-2.313268681285437e-06,-9.708082073076094e-07,-9.496838493243886e-07,-3.837360504802919e-06
hub_x-0.667_y-0.667_D1,xi-0.666667_eta-0.666667,FE,22,-0.008,-0.007350000000000001,0.0433333333333333,1.0,True,1.1142852793561359e-08,5.35799834759665,1.089313103519579,2.54983940369451e-05,2.7775734743149796e-05,1.6390486107360827e-06,-2.5427265835955597e-05,-9.673521709319736e-07,4.583467663689512e-08,-2.761542381038541e-05,-2.979548200152988e-06
hub_x-0.667_y-0.667_D1,xi-0.666667_eta-0.666667,FE,23,-0.007624722325026744,-0.008375277674973257,0.04295805565836004,1.0,True,1.1142852793561359e-08,6.16764308632421,1.1041957112838054,2.0689323227924885e-05,2.2845061977639078e-05,-1.5136039582008898e-05,1.4090885223738345e-05,6.28772624121268e-07,-1.5504389454815845e-05,1.6742922033741865e-05,-1.0887268562900673e-06
hub_x-0.667_y-0.667_D1,xi-0.666667_eta-0.666667,FE,24,-0.007624722325026744,-0.008375277674973257,0.04370861100830656,1.0,True,1.1142852793561359e-08,5.934134120831193,1.110309820583858,2.0473541384187462e-05,2.2731974060993373e-05,-1.5935337599235218e-05,1.2795892269596313e-05,-1.2231326311248123e-06,-1.6466833436857554e-05,1.5384119869108787e-05,-2.9857824979991133e-06
hub_x-0.667_y-0.667_D1,xi-0.666667_eta-0.666667,FE,25,-0.007350000000000001,-0.008,0.0433333333333333,1.0,True,1.1142852793561359e-08,5.80007484538737,1.1007667193988262,2.5265341932895558e-05,2.781124755396304e-05,-2.515161224863865e-05,-2.1758729313532288e-06,-9.99740599788357e-07,-2.764597162760483e-05,-3.280579775577218e-07,-3.0096712838522154e-06
hub_x-0.667_y-0.667_D1,xi-0.666667_eta-0.666667,FE,26,-0.007624722325026744,-0.007624722325026744,0.04295805565836004,1.0,True,1.1142852793561359e-08,6.234244506253242,1.091559206478701,2.058912266049831e-05,2.2474246393386175e-05,-1.3381253339618284e-05,-1.564094712774855e-05,-4.634694563549418e-07,-1.5735489714249354e-05,-1.587852182939863e-05,-2.3148777325585417e-06
hub_x-0.667_y-0.667_D1,xi-0.666667_eta-0.666667,FE,27,-0.007624722325026744,-0.007624722325026744,0.04370861100830656,1.0,True,1.1142852793561359e-08,5.900850617001653,1.0966688798684219,2.1831319088873052e-05,2.3941728251244505e-05,-1.41805205274225e-05,-1.6460377107492414e-05,-2.1389988804769544e-06,-1.6652655694412634e-05,-1.670742333943172e-05,-4.093582213269681e-06
hub_x-0.667_y-0.667_D1,xi-0.666667_eta-0.666667,FE,28,-0.008750555349946513,-0.008750555349946513,0.042582777983386784,2.0,True,1.1142852793561359e-08,5.306268005653183,1.096415792217457,3.80768264427719e-05,4.174803382937838e-05,2.4679283513587494e-05,2.8656793390851076e-05,4.423332427369256e-06,2.9203100093660402e-05,2.9760485345271822e-05,2.095420137450836e-06
hub_x-0.667_y-0.667_D1,xi-0.666667_eta-0.666667,FE,29,-0.008750555349946513,-0.008750555349946513,0.044083888683279816,2.0,True,1.1142852793561359e-08,5.1051947522019985,1.1040771094233395,3.514131687882104e-05,3.879872356089835e-05,2.2928171947996174e-05,2.661133300064075e-05,1.0237377739649678e-06,2.716169336217138e-05,2.767742913965207e-05,-1.2422881605819402e-06
hub_x-0.667_y-0.667_D1,xi-0.666667_eta-0.666667,FE,30,-0.0093,-0.008,0.0433333333333333,2.0,True,1.1142852793561359e-08,5.272155687780227,1.0970001052860296,4.164530921176618e-05,4.5684908589976766e-05,4.144352833197016e-05,2.8354325736574783e-06,2.9539906670546795e-06,4.568395426483654e-05,2.062892622296376e-07,2.112826143923781e-07
hub_x-0.667_y-0.667_D1,xi-0.666667_eta-0.666667,FE,31,-0.008750555349946513,-0.007249444650053487,0.042582777983386784,2.0,True,1.1142852793561359e-08,5.188990426719112,1.0903746687793723,3.708674947609213e-05,4.043845217609752e-05,2.8790137063672624e-05,-2.3254106839481128e-05,2.4086323205007274e-06,2.981542280401959e-05,-2.731863794883813e-05,-3.159171372372459e-08
hub_x-0.667_y-0.667_D1,xi-0.666667_eta-0.666667,FE,32,-0.008750555349946513,-0.007249444650053487,0.044083888683279816,2.0,True,1.1142852793561359e-08,4.9346412188022315,1.0976510965430002,3.579688712423694e-05,3.929249240474468e-05,2.5943124857562425e-05,-2.465522542762524e-05,-7.00899082085837e-07,2.669236559864778e-05,-2.8660791946070168e-05,-3.1585729608673116e-06
hub_x-0.667_y-0.667_D1,xi-0.666667_eta-0.666667,FE,33,-0.008,-0.0093,0.0433333333333333,2.0,True,1.1142852793561359e-08,5.681082826936862,1.1017610987549855,4.216933361592923e-05,4.646053133845173e-05,-2.3980522002027926e-06,4.1991237700185495e-05,3.0394077816512593e-06,7.245019871891035e-07,4.645439518142233e-05,2.1269097315302547e-07
hub_x-0.667_y-0.667_D1,xi-0.666667_eta-0.666667,FE,34,-0.008,-0.008,0.0420333333333333,2.0,True,1.1142852793561359e-08,21.004731041858037,0.8882186318269588,3.997836479236388e-06,3.550952847855251e-06,2.02630710697036e-06,1.9165572518909114e-06,2.8641899942529947e-06,2.3516898041554713e-06,2.2062507678017673e-06,1.4870369001126466e-06
hub_x-0.667_y-0.667_D1,xi-0.666667_eta-0.666667,FE,35,-0.008,-0.008,0.0446333333333333,2.0,True,1.1142852793561359e-08,9.108492097640344,1.3045036262334033,4.553722615503328e-06,5.9403476647851485e-06,-1.678676805295327e-06,-1.99468482860872e-06,-3.7335862487463904e-06,-1.9052279098576997e-06,-1.8245111218334887e-06,-5.322499051791699e-06
hub_x-0.667_y-0.667_D1,xi-0.666667_eta-0.666667,FE,36,-0.008,-0.0067,0.0433333333333333,2.0,True,1.1142852793561359e-08,5.556945305533373,1.0912602399185818,4.205108309729493e-05,4.588867502959029e-05,2.968586230526335e-06,-4.194616190043753e-05,2.423365048650333e-08,1.1749488046066941e-07,-4.5780762621683325e-05,-3.143002497850037e-06
hub_x-0.667_y-0.667_D1,xi-0.666667_eta-0.666667,FE,37,-0.007249444650053487,-0.008750555349946513,0.042582777983386784,2.0,True,1.1142852793561359e-08,5.8256290161427975,1.0981708002342512,3.622150563021135e-05,3.977739982361863e-05,-2.652998489268039e-05,2.4547992723294892e-05,2.3565705953023295e-06,-2.7046687832571057e-05,2.9166971175303112e-05,-7.75014484101421e-08
hub_x-0.667_y-0.667_D1,xi-0.666667_eta-0.666667,FE,38,-0.007249444650053487,-0.008750555349946513,0.044083888683279816,2.0,True,1.1142852793561359e-08,5.705172879536452,1.1035194650232458,3.527716158962154e-05,3.892903448491776e-05,-2.7625797028345633e-05,2.1925838408749362e-05,-7.423465783113082e-07,-2.8415615521055127e-05,2.6411793707957423e-05,-3.2310483771970848e-06
hub_x-0.667_y-0.667_D1,xi-0.666667_eta-0.666667,FE,39,-0.0067,-0.008,0.0433333333333333,2.0,True,1.1142852793561359e-08,5.903636282531811,1.0963802535354654,4.2257114507760545e-05,4.63298659176957e-05,-4.2079579501656895e-05,-3.869344723770434e-06,-2.978077153879399e-08,-4.6213115561138444e-05,-6.871523652582445e-07,-3.2143813886104413e-06
hub_x-0.667_y-0.667_D1,xi-0.666667_eta-0.666667,FE,40,-0.007249444650053487,-0.007249444650053487,0.042582777983386784,2.0,True,1.1142852793561359e-08,5.729310925947886,1.0906338927179544,3.625431845433101e-05,3.9540188463683405e-05,-2.374570726035565e-05,-2.7393007793375598e-05,3.743224887750199e-07,-2.7946563530912597e-05,-2.787564548425807e-05,-2.316134579904793e-06
hub_x-0.667_y-0.667_D1,xi-0.666667_eta-0.666667,FE,41,-0.007249444650053487,-0.007249444650053487,0.044083888683279816,2.0,True,1.1142852793561359e-08,5.64545482530425,1.0969591883753376,3.709103868063697e-05,4.068735568710978e-05,-2.432049065214034e-05,-2.7919184688822295e-05,-2.185866226257429e-06,-2.868263950447825e-05,-2.840926214995585e-05,-5.067635342111199e-06
hub_x-0.667_y-0.667_D1_Conventional,xi-0.666667_eta-0.666667,Conventional,0,-0.00818763883748663,-0.00818763883748663,0.043145694495846675,0.5,True,1.1142852793561359e-08,6.572229976535934,1.0990069084078968,1.3593629320031244e-05,1.4939492533050478e-05,9.465176344082127e-06,9.740119628087826e-06,5.72070359640695e-07,1.095139684526972e-05,1.0122786147238271e-05,-8.857453921801459e-07
hub_x-0.667_y-0.667_D1_Conventional,xi-0.666667_eta-0.666667,Conventional,1,-0.00818763883748663,-0.00818763883748663,0.043520972170819926,0.5,True,1.1142852793561359e-08,6.52353979588813,1.1080720464001481,1.2727160361544702e-05,1.4102610626679688e-05,8.91578310195422e-06,9.07367252563161e-06,-3.973530482836379e-07,1.0278103763455638e-05,9.471266928150268e-06,-1.881306006768946e-06
hub_x-0.667_y-0.667_D1_Conventional,xi-0.666667_eta-0.666667,Conventional,2,-0.008325,-0.008,0.0433333333333333,0.5,True,1.1142852793561359e-08,6.09766959461126,1.0975773914432487,1.5326380436409557e-05,1.6821888659661242e-05,1.5163100262912437e-05,2.2299527406370064e-06,7.508976593340041e-08,1.668736575857725e-05,1.5414796118396265e-06,-1.4600009328030431e-06
hub_x-0.667_y-0.667_D1_Conventional,xi-0.666667_eta-0.666667,Conventional,3,-0.00818763883748663,-0.007812361162513372,0.043145694495846675,0.5,True,1.1142852793561359e-08,7.5852406869893905,1.0933135394036302,1.1778944146270764e-05,1.287807911499696e-05,1.0484564051043748e-05,-5.36818397796368e-06,-6.529874532548049e-09,1.102632052370757e-05,-6.472692869353036e-06,-1.5392934806632623e-06
hub_x-0.667_y-0.667_D1_Conventional,xi-0.666667_eta-0.666667,Conventional,4,-0.00818763883748663,-0.007812361162513372,0.043520972170819926,0.5,True,1.1142852793561359e-08,7.359491806193419,1.0994190081067055,1.1583188413294065e-05,1.2734777516056843e-05,9.877375662249262e-06,-5.97574882098565e-06,-9.47697142110523e-07,1.0312150437602837e-05,-7.038304582107739e-06,-2.509258923506252e-06
hub_x-0.667_y-0.667_D1_Conventional,xi-0.666667_eta-0.666667,Conventional,5,-0.008,-0.008325,0.0433333333333333,0.5,True,1.1142852793561359e-08,6.209621772274625,1.1079573944552719,1.4428892930539926e-05,1.598659861619511e-05,1.2321451255246788e-06,1.4376163363181777e-05,2.6392153016590717e-08,2.234475039298659e-06,1.5762262354643228e-05,-1.4592950618293864e-06
hub_x-0.667_y-0.667_D1_Conventional,xi-0.666667_eta-0.666667,Conventional,6,-0.008,-0.008,0.0430083333333333,0.5,True,1.1142852793561359e-08,23.302511951267995,1.1515327762637129,3.1923795596770133e-06,3.6761296972424004e-06,2.5429266125495688e-06,1.9143532278812574e-06,2.4507797765484397e-07,2.8212471928301057e-06,2.034886346870611e-06,-1.189004366356714e-06
hub_x-0.667_y-0.667_D1_Conventional,xi-0.666667_eta-0.666667,Conventional,7,-0.008,-0.008,0.0436583333333333,0.5,True,1.1142852793561359e-08,17.895706698968905,1.526623206113533,2.2904296941130192e-06,3.496623123004456e-06,1.602452039345363e-06,8.170237678692188e-07,-1.4179872383097564e-06,1.700334048111469e-06,9.576628909787745e-07,-2.901399520301276e-06
hub_x-0.667_y-0.667_D1_Conventional,xi-0.666667_eta-0.666667,Conventional,8,-0.008,-0.007675,0.0433333333333333,0.5,True,1.1142852793561359e-08,7.8333456550679195,1.0964480513151453,1.2129302480715067e-05,1.3299150068791994e-05,2.8978353473361933e-06,-1.1742631441907056e-05,-9.127627226970805e-07,2.2496911568241655e-06,-1.2854505118983053e-05,-2.562807132266438e-06
hub_x-0.667_y-0.667_D1_Conventional,xi-0.666667_eta-0.666667,Conventional,9,-0.007812361162513372,-0.00818763883748663,0.043145694495846675,0.5,True,1.1142852793561359e-08,8.01484992491445,1.120237798411277,1.0492479902871976e-05,1.1754072586267873e-05,-5.864356781054056e-06,8.70049521314469e-06,-5.326446023339317e-08,-5.907260694340643e-06,1.0045489886060092e-05,-1.5331752676769925e-06
hub_x-0.667_y-0.667_D1_Conventional,xi-0.666667_eta-0.666667,Conventional,10,-0.007812361162513372,-0.00818763883748663,0.043520972170819926,0.5,True,1.1142852793561359e-08,7.689240490012572,1.1357640217215133,1.0275597157489626e-05,1.1670653553180567e-05,-6.32827671616872e-06,8.033501010711775e-06,-1.0018344461529677e-06,-6.481832268016457e-06,9.37436358656872e-06,-2.5122325040651085e-06
hub_x-0.667_y-0.667_D1_Conventional,xi-0.666667_eta-0.666667,Conventional,11,-0.007675,-0.008,0.0433333333333333,0.5,True,1.1142852793561359e-08,7.949010256791943,1.1298789653426493,1.1269121510962e-05,1.2732743353126337e-05,-1.122188384855294e-05,3.8493610948850034e-07,-9.561624914338444e-07,-1.2398835533475338e-05,1.3540712976096238e-06,-2.560882978857495e-06
hub_x-0.667_y-0.667_D1_Conventional,xi-0.666667_eta-0.666667,Conventional,12,-0.007812361162513372,-0.007812361162513372,0.043145694495846675,0.5,True,1.1142852793561359e-08,10.701800441405773,1.1224501799830218,8.150459330724582e-06,9.148484542716107e-06,-4.889007203280596e-06,-6.492895646961793e-06,-6.08195680460193e-07,-5.93589755557886e-06,-6.610161847716498e-06,-2.1830368721076744e-06
hub_x-0.667_y-0.667_D1_Conventional,xi-0.666667_eta-0.666667,Conventional,13,-0.007812361162513372,-0.007812361162513372,0.043520972170819926,0.5,True,1.1142852793561359e-08,9.628723475943268,1.1287337139968359,9.020028986769555e-06,1.0181210818595516e-05,-5.3940377360549056e-06,-7.071814380084739e-06,-1.5015729079220077e-06,-6.519732381423084e-06,-7.165021912773356e-06,-3.1325076850324404e-06
hub_x-0.667_y-0.667_D1_Conventional,xi-0.666667_eta-0.666667,Conventional,14,-0.008375277674973257,-0.008375277674973257,0.04295805565836004,1.0,True,1.1142852793561359e-08,5.150939142031923,1.0948549466371653,2.3938582960430607e-05,2.6209275969711607e-05,1.6240682648543918e-05,1.748575903413536e-05,1.8826078356515737e-06,1.8941899323087578e-05,1.811204525516417e-05,2.905401270079676e-07
hub_x-0.667_y-0.667_D1_Conventional,xi-0.666667_eta-0.666667,Conventional,15,-0.008375277674973257,-0.008375277674973257,0.04370861100830656,1.0,True,1.1142852793561359e-08,4.979654184232223,1.101700020473533,2.2173780310849273e-05,2.4428854222438265e-05,1.5151785218962759e-05,1.6189481747916414e-05,-2.4873401655626516e-08,1.763028496968929e-05,1.6829713419473804e-05,-1.6439941383931808e-06
hub_x-0.667_y-0.667_D1_Conventional,xi-0.666667_eta-0.666667,Conventional,16,-0.00865,-0.008,0.0433333333333333,1.0,True,1.1142852793561359e-08,4.966075269165227,1.0958897248996289,2.7077135802016617e-05,2.9673554905141885e-05,2.6897550409642794e-05,2.9512384584469473e-06,9.915930430164062e-07,2.9624180411915218e-05,1.5063570316463109e-06,-8.115935706858223e-07
hub_x-0.667_y-0.667_D1_Conventional,xi-0.666667_eta-0.666667,Conventional,17,-0.008375277674973257,-0.007624722325026744,0.04295805565836004,1.0,True,1.1142852793561359e-08,5.63831977076158,1.090673140571731,2.181328274057614e-05,2.3791161592843313e-05,1.8400696590311363e-05,-1.168898654120983e-05,7.754112141541905e-07,1.924844064395643e-05,-1.3947718031972427e-05,-9.889713916288092e-07
hub_x-0.667_y-0.667_D1_Conventional,xi-0.666667_eta-0.666667,Conventional,18,-0.008375277674973257,-0.007624722325026744,0.04370861100830656,1.0,True,1.1142852793561359e-08,5.366217975396916,1.0942219239131696,2.1342322765743864e-05,2.335323747750809e-05,1.7070303682453304e-05,-1.2768087354342852e-05,-1.037023884913011e-06,1.7716711728306117e-05,-1.494783194570666e-05,-2.8379827941516014e-06
hub_x-0.667_y-0.667_D1_Conventional,xi-0.666667_eta-0.666667,Conventional,19,-0.008,-0.00865,0.0433333333333333,1.0,True,1.1142852793561359e-08,4.9480562311249825,1.1013216512352926,2.6169884715480017e-05,2.88214606474897e-05,4.393846349355213e-07,2.6150922649394266e-05,8.938969456795174e-07,2.2026564193321043e-06,2.8725660871098325e-05,-8.132072748218109e-07
hub_x-0.667_y-0.667_D1_Conventional,xi-0.666667_eta-0.666667,Conventional,20,-0.008,-0.008,0.0426833333333333,1.0,True,1.1142852793561359e-08,19.9362146720772,1.0520840596344931,4.0753527009059245e-06,4.287613614011502e-06,3.0346165202475406e-06,2.4784901480850526e-06,1.1210213190065807e-06,3.3943401781937267e-06,2.603323181218647e-06,-2.9119352995245455e-07
hub_x-0.667_y-0.667_D1_Conventional,xi-0.666667_eta-0.666667,Conventional,21,-0.008,-0.008,0.0439833333333333,1.0,True,1.1142852793561359e-08,10.1748050531588,1.56975208195201,2.4897217266263625e-06,3.908245863852886e-06,1.148391271780208e-06,3.15608353923269e-07,-2.1863904339957756e-06,1.165710705031913e-06,4.5545408772258165e-07,-3.7024405273378777e-06
hub_x-0.667_y-0.667_D1_Conventional,xi-0.666667_eta-0.666667,Conventional,22,-0.008,-0.007350000000000001,0.0433333333333333,1.0,True,1.1142852793561359e-08,5.779726162657506,1.093376706802134,2.4015667759084443e-05,2.6258171726081937e-05,3.650743641399167e-06,-2.3720159723778647e-05,-8.822649590349589e-07,2.2097156893199233e-06,-2.600137820526428e-05,-2.9218265512500615e-06
hub_x-0.667_y-0.667_D1_Conventional,xi-0.666667_eta-0.666667,Conventional,23,-0.007624722325026744,-0.008375277674973257,0.04295805565836004,1.0,True,1.1142852793561359e-08,5.657630183291192,1.1042014780604779,2.0493664794188867e-05,2.2629134956619325e-05,-1.3351311582009888e-05,1.5533866776003303e-05,6.570834970121477e-07,-1.3607617482266574e-05,1.8054429287833048e-05,-9.736931918423479e-07
hub_x-0.667_y-0.667_D1_Conventional,xi-0.666667_eta-0.666667,Conventional,24,-0.007624722325026744,-0.008375277674973257,0.04370861100830656,1.0,True,1.1142852793561359e-08,5.495717413691044,1.1134756910626669,2.0056063037632178e-05,2.23319386508239e-05,-1.4151786447719843e-05,1.4165178042404547e-05,-1.1490587167715804e-06,-1.4603691197158663e-05,1.6652405884920396e-05,-2.853956125461921e-06
hub_x-0.667_y-0.667_D1_Conventional,xi-0.666667_eta-0.666667,Conventional,25,-0.007350000000000001,-0.008,0.0433333333333333,1.0,True,1.1142852793561359e-08,5.7094456746593485,1.1091908850597447,2.3593739858483953e-05,2.616996119550119e-05,-2.356682980904499e-05,-5.975626100120803e-07,-9.549932923526035e-07,-2.5981182737030224e-05,1.1609096378450328e-06,-2.9150130997714673e-06
hub_x-0.667_y-0.667_D1_Conventional,xi-0.666667_eta-0.666667,Conventional,26,-0.007624722325026744,-0.007624722325026744,0.04295805565836004,1.0,True,1.1142852793561359e-08,6.699656116854343,1.1030129202207115,1.811884644609298e-05,1.9985321729535678e-05,-1.1555699762618863e-05,-1.3949259599718439e-05,-4.201858552707265e-07,-1.3784580762321338e-05,-1.4294886788772747e-05,-2.248250327757508e-06
hub_x-0.667_y-0.667_D1_Conventional,xi-0.666667_eta-0.666667,Conventional,27,-0.007624722325026744,-0.007624722325026744,0.04370861100830656,1.0,True,1.1142852793561359e-08,6.394662574052125,1.10817217820039,1.9450550900440976e-05,2.155455935853923e-05,-1.2361361854820761e-05,-1.487607534433137e-05,-2.0550050546419075e-06,-1.4746334103784299e-05,-1.5198822024033306e-05,-4.017520220499128e-06
hub_x-0.667_y-0.667_D1_Conventional,xi-0.666667_eta-0.666667,Conventional,28,-0.008750555349946513,-0.008750555349946513,0.042582777983386784,2.0,True,1.1142852793561359e-08,5.200569329024797,1.092034028955343,3.9281720636318304e-05,4.2896975650776915e-05,2.60242726593978e-05,2.9080622323224467e-05,4.484218325756911e-06,3.0618627218495556e-05,2.9960911219731385e-05,2.2347228287921505e-06
hub_x-0.667_y-0.667_D1_Conventional,xi-0.666667_eta-0.666667,Conventional,29,-0.008750555349946513,-0.008750555349946513,0.044083888683279816,2.0,True,1.1142852793561359e-08,4.92247125171966,1.09873304770576,3.63413233123726e-05,3.9929412920663526e-05,2.4321133913553836e-05,2.697989799314561e-05,1.1221985264804716e-06,2.857708440220573e-05,2.7868009586963684e-05,-1.0403388481458577e-06
hub_x-0.667_y-0.667_D1_Conventional,xi-0.666667_eta-0.666667,Conventional,30,-0.0093,-0.008,0.0433333333333333,2.0,True,1.1142852793561359e-08,5.357044941877797,1.0940712931800665,4.286944604649088e-05,4.6902230273997366e-05,4.2576431569291724e-05,3.8710197203603094e-06,3.170502402300471e-06,4.688668748094316e-05,1.1491642740612559e-06,3.703555192844343e-07
hub_x-0.667_y-0.667_D1_Conventional,xi-0.666667_eta-0.666667,Conventional,31,-0.008750555349946513,-0.007249444650053487,0.042582777983386784,2.0,True,1.1142852793561359e-08,5.466316401889054,1.089065066020374,3.752864364527121e-05,4.087113476919238e-05,3.073000598005883e-05,-2.1385220841972042e-05,2.5957958046403597e-06,3.193552528171484e-05,-2.5506308669970385e-05,1.0016717661214124e-08
hub_x-0.667_y-0.667_D1_Conventional,xi-0.666667_eta-0.666667,Conventional,32,-0.008750555349946513,-0.007249444650053487,0.044083888683279816,2.0,True,1.1142852793561359e-08,5.179768465965154,1.0957894788583826,3.609148731756311e-05,3.95486720789364e-05,2.785029525846305e-05,-2.295004104340968e-05,-5.021224114298584e-07,2.8744765451518225e-05,-2.699173884597519e-05,-3.0466303377865955e-06
hub_x-0.667_y-0.667_D1_Conventional,xi-0.666667_eta-0.666667,Conventional,33,-0.008,-0.0093,0.0433333333333333,2.0,True,1.1142852793561359e-08,5.3086544637846815,1.0975382742441662,4.241985059070933e-05,4.655740961102249e-05,-9.799207633409756e-07,4.2304615315869654e-05,2.966985408114214e-06,2.112262765630721e-06,4.650812621757377e-05,3.5345640139467925e-07
hub_x-0.667_y-0.667_D1_Conventional,xi-0.666667_eta-0.666667,Conventional,34,-0.008,-0.008,0.0420333333333333,2.0,True,1.1142852793561359e-08,13.684062106905584,0.9931631938636277,6.138121742322248e-06,6.096156593928539e-06,4.019240954355981e-06,3.614155700091663e-06,2.9086284138562055e-06,4.538805810166097e-06,3.761224735334806e-06,1.5542057539484597e-06
hub_x-0.667_y-0.667_D1_Conventional,xi-0.666667_eta-0.666667,Conventional,35,-0.008,-0.008,0.0446333333333333,2.0,True,1.1142852793561359e-08,4.860034327683761,1.4241923704966521,3.650465068795786e-06,5.198964499743495e-06,2.975775384051624e-07,-5.851074211851112e-07,-3.5909597787790742e-06,1.7472503297420505e-07,-4.7454879394309303e-07,-5.174312174058737e-06
hub_x-0.667_y-0.667_D1_Conventional,xi-0.666667_eta-0.666667,Conventional,36,-0.008,-0.0067,0.0433333333333333,2.0,True,1.1142852793561359e-08,5.866543690484795,1.0926402384333433,4.088978722913989e-05,4.467782686753609e-05,4.73875002922806e-06,-4.061414556995428e-05,1.0063512004206499e-07,1.9729216169405393e-06,-4.4523073225340797e-05,-3.1482923101071177e-06
hub_x-0.667_y-0.667_D1_Conventional,xi-0.666667_eta-0.666667,Conventional,37,-0.007249444650053487,-0.008750555349946513,0.042582777983386784,2.0,True,1.1142852793561359e-08,5.402052741149086,1.0976962826275476,3.614803498849888e-05,3.9679563631165744e-05,-2.5135919198676985e-05,2.5874391427234335e-05,2.319885306989028e-06,-2.559136540532459e-05,3.0324055157734953e-05,3.8281085864682375e-08
hub_x-0.667_y-0.667_D1_Conventional,xi-0.666667_eta-0.666667,Conventional,38,-0.007249444650053487,-0.008750555349946513,0.044083888683279816,2.0,True,1.1142852793561359e-08,5.372308536930162,1.1054765945030929,3.5016307589109285e-05,3.870970846568134e-05,-2.6265900958685526e-05,2.3146292149238488e-05,-7.024270394395999e-07,-2.7041478806809743e-05,2.752340052320314e-05,-3.108436436255756e-06
hub_x-0.667_y-0.667_D1_Conventional,xi-0.666667_eta-0.666667,Conventional,39,-0.0067,-0.008,0.0433333333333333,2.0,True,1.1142852793561359e-08,5.795942739028534,1.102094033270708,4.141620007854723e-05,4.564454698731273e-05,-4.134485943281404e-05,-2.4295701671231686e-06,3.763283311337669e-08,-4.55317433733283e-05,6.692181559339747e-07,-3.1364250544437265e-06
hub_x-0.667_y-0.667_D1_Conventional,xi-0.666667_eta-0.666667,Conventional,40,-0.007249444650053487,-0.007249444650053487,0.042582777983386784,2.0,True,1.1142852793561359e-08,5.922266931539563,1.0972681344971653,3.4337564921445133e-05,3.7677515804529404e-05,-2.2440361319574238e-05,-2.5986956626536922e-05,4.202783267129372e-07,-2.660884585746522e-05,-2.657837818756897e-05,-2.2703154522614306e-06
hub_x-0.667_y-0.667_D1_Conventional,xi-0.666667_eta-0.666667,Conventional,41,-0.007249444650053487,-0.007249444650053487,0.044083888683279816,2.0,True,1.1142852793561359e-08,5.9275566389802785,1.1036217640923116,3.534897172803164e-05,3.901189453733953e-05,-2.3057195651302634e-05,-2.6710270176650458e-05,-2.115891778203299e-06,-2.7444035482711462e-05,-2.7262448293211635e-05,-5.050915251331978e-06
