field_class,plane,x_m,y_m,z_m,total_force_x_n,total_force_y_n,total_force_z_n,radiation_force_x_n,radiation_force_y_n,radiation_force_z_n
Vortex,XY,-0.007,-0.007,0.05,-3.2550455872251456e-07,-2.1913195997285388e-07,-1.105408313153083e-06,-3.2550455872251456e-07,-2.1913195997285388e-07,8.876966203052688e-09
Vortex,XY,-0.006,-0.007,0.05,3.4378744514056766e-06,4.031461519174688e-06,-9.106605310269097e-07,3.4378744514056766e-06,4.031461519174688e-06,2.0362474832922602e-07
Vortex,XY,-0.005,-0.007,0.05,6.5666858170068515e-06,8.64483487087632e-06,-8.055463324885153e-07,6.5666858170068515e-06,8.64483487087632e-06,3.0873894686762044e-07
Vortex,XY,-0.004,-0.007,0.05,7.258153706609772e-06,1.1181205768170386e-05,-7.929317511328296e-07,7.258153706609772e-06,1.1181205768170386e-05,3.2135352822330614e-07
Vortex,XY,-0.003,-0.007,0.05,5.56646056797918e-06,1.0436536135706327e-05,-7.345494161132932e-07,5.56646056797918e-06,1.0436536135706327e-05,3.7973586324284256e-07
Vortex,XY,-0.002,-0.007,0.05,3.102064531021204e-06,7.2438482603817494e-06,-5.140622034305239e-07,3.102064531021204e-06,7.2438482603817494e-06,6.002230759256119e-07
Vortex,XY,-0.001,-0.007,0.05,1.262376266719494e-06,3.87872625763317e-06,-1.081629675711576e-07,1.262376266719494e-06,3.87872625763317e-06,1.0061223117849782e-06
Vortex,XY,0.0,-0.007,0.05,1.6303549740854006e-07,2.452206437402901e-06,3.0335438162635644e-07,1.6303549740854006e-07,2.452206437402901e-06,1.4176396609824922e-06
Vortex,XY,0.001,-0.007,0.05,-1.0270485589627523e-06,3.931992151157816e-06,5.020688147915203e-07,-1.0270485589627523e-06,3.931992151157816e-06,1.616354094147656e-06
Vortex,XY,0.002000000000000001,-0.007,0.05,-2.9980164466976537e-06,7.409561838158983e-06,3.729283509890725e-07,-2.9980164466976537e-06,7.409561838158983e-06,1.4872136303452083e-06
Vortex,XY,0.003,-0.007,0.05,-5.5988473768394516e-06,1.0611255069869691e-05,-1.8831406236308145e-08,-5.5988473768394516e-06,1.0611255069869691e-05,1.0954538731198276e-06
Vortex,XY,0.003999999999999999,-0.007,0.05,-7.29864559154424e-06,1.1260765159855808e-05,-5.034643212689179e-07,-7.29864559154424e-06,1.1260765159855808e-05,6.108209580872179e-07
Vortex,XY,0.005,-0.007,0.05,-6.6471983951185896e-06,8.647139008514503e-06,-8.594778753786943e-07,-6.6471983951185896e-06,8.647139008514503e-06,2.5480740397744144e-07
Vortex,XY,0.006000000000000001,-0.007,0.05,-3.571811776435923e-06,3.971954414162228e-06,-1.0282611740051677e-06,-3.571811776435923e-06,3.971954414162228e-06,8.6024105350968e-08
Vortex,XY,0.007,-0.007,0.05,2.1912636807559238e-07,-3.255035254177635e-07,-1.1053996478567646e-06,2.1912636807559238e-07,-3.255035254177635e-07,8.885631499371132e-09
Vortex,XY,-0.007,-0.006,0.05,3.971942459374417e-06,3.571782785782623e-06,-1.0282654268121692e-06,3.971942459374417e-06,3.571782785782623e-06,8.601985254396661e-08
Vortex,XY,-0.006,-0.006,0.05,8.265766998231447e-06,8.272302071212095e-06,-8.278369339018547e-07,8.265766998231447e-06,8.272302071212095e-06,2.864483454542811e-07
Vortex,XY,-0.005,-0.006,0.05,9.229556059455623e-06,1.0711188302419186e-05,-7.163240889299276e-07,9.229556059455623e-06,1.0711188302419186e-05,3.979611904262082e-07
Vortex,XY,-0.004,-0.006,0.05,6.111446373011281e-06,8.94812106516626e-06,-6.224510410599987e-07,6.111446373011281e-06,8.94812106516626e-06,4.918342382961371e-07
Vortex,XY,-0.003,-0.006,0.05,1.1640555949707333e-06,3.2959651097782516e-06,-3.143811512080325e-07,1.1640555949707333e-06,3.2959651097782516e-06,7.999041281481033e-07
Vortex,XY,-0.002,-0.006,0.05,-2.1537254642646523e-06,-3.850056997151367e-06,3.5253669064559254e-07,-2.1537254642646523e-06,-3.850056997151367e-06,1.4668219700017283e-06
Vortex,XY,-0.001,-0.006,0.05,-2.087532592534255e-06,-9.54851048965611e-06,1.2661722879031912e-06,-2.087532592534255e-06,-9.54851048965611e-06,2.380457567259327e-06
Vortex,XY,0.0,-0.006,0.05,5.310549355356722e-07,-1.1636899254649111e-05,2.103556791539344e-06,5.310549355356722e-07,-1.1636899254649111e-05,3.2178420708954797e-06
Vortex,XY,0.001,-0.006,0.05,3.121802868867546e-06,-9.23740047442035e-06,2.408944385479293e-06,3.121802868867546e-06,-9.23740047442035e-06,3.5232296648354286e-06
Vortex,XY,0.002000000000000001,-0.006,0.05,3.053775682020726e-06,-3.218770205445378e-06,2.04633241072696e-06,3.053775682020726e-06,-3.218770205445378e-06,3.1606176900830955e-06
Vortex,XY,0.003,-0.006,0.05,-5.088236838148742e-07,3.956684991609987e-06,1.2504501813134237e-06,-5.088236838148742e-07,3.956684991609987e-06,2.3647354606695595e-06
Vortex,XY,0.003999999999999999,-0.006,0.05,-5.638979217584308e-06,9.409721745851766e-06,2.8253200203608285e-07,-5.638979217584308e-06,9.409721745851766e-06,1.3968172813922186e-06
Vortex,XY,0.005,-0.006,0.05,-8.9641586877719e-06,1.092405384354453e-05,-4.7151491194402684e-07,-8.9641586877719e-06,1.092405384354453e-05,6.427703674121089e-07
Vortex,XY,0.006000000000000001,-0.006,0.05,-8.272331663155208e-06,8.265762315235306e-06,-8.278372197746202e-07,-8.272331663155208e-06,8.265762315235306e-06,2.864480595815156e-07
Vortex,XY,0.007,-0.006,0.05,-4.031473564012612e-06,3.437874129092897e-06,-9.106547505739362e-07,-4.031473564012612e-06,3.437874129092897e-06,2.0363052878219955e-07
Vortex,XY,-0.007,-0.005,0.05,8.647122238724185e-06,6.6471549111204185e-06,-8.594770125424221e-07,8.647122238724185e-06,6.6471549111204185e-06,2.548082668137137e-07
Vortex,XY,-0.006,-0.005,0.05,1.0924073365100303e-05,8.964125767381855e-06,-4.7150946601989806e-07,1.0924073365100303e-05,8.964125767381855e-06,6.427758133362377e-07
Vortex,XY,-0.005,-0.005,0.05,7.86495718624478e-06,7.041434756112588e-06,-6.279894833209499e-08,7.86495718624478e-06,7.041434756112588e-06,1.0514863310240408e-06
Vortex,XY,-0.004,-0.005,0.05,9.993147006003946e-07,1.1943886637509271e-06,4.10311604510578e-07,9.993147006003946e-07,1.1943886637509271e-06,1.5245968838667138e-06
Vortex,XY,-0.003,-0.005,0.05,-5.441603957796306e-06,-6.045268786054355e-06,1.1194547063908058e-06,-5.441603957796306e-06,-6.045268786054355e-06,2.2337399857469416e-06
Vortex,XY,-0.002,-0.005,0.05,-7.693317538495927e-06,-1.1762764055309061e-05,2.1901517429073344e-06,-7.693317538495927e-06,-1.1762764055309061e-05,3.30443702226347e-06
Vortex,XY,-0.001,-0.005,0.05,-4.7380967422025415e-06,-1.4707477389840475e-05,3.4373282648234475e-06,-4.7380967422025415e-06,-1.4707477389840475e-05,4.5516135441795834e-06
Vortex,XY,0.0,-0.005,0.05,1.4708653269876728e-06,-1.515976612463831e-05,4.515936192090166e-06,1.4708653269876728e-06,-1.515976612463831e-05,5.630221471446302e-06
Vortex,XY,0.001,-0.005,0.05,7.62894519486529e-06,-1.3610305375273047e-05,4.858653409592723e-06,7.62894519486529e-06,-1.3610305375273047e-05,5.972938688948859e-06
Vortex,XY,0.002000000000000001,-0.005,0.05,1.0302155255894608e-05,-9.915019144554266e-06,4.234969946233916e-06,1.0302155255894608e-05,-9.915019144554266e-06,5.349255225590052e-06
Vortex,XY,0.003,-0.005,0.05,7.4950725133963015e-06,-4.095850586078068e-06,2.907572565786599e-06,7.4950725133963015e-06,-4.095850586078068e-06,4.021857845142735e-06
Vortex,XY,0.003999999999999999,-0.005,0.05,4.3612065978408275e-07,2.6415422114150884e-06,1.2883180439799237e-06,4.3612065978408275e-07,2.6415422114150884e-06,2.4026033233360594e-06
Vortex,XY,0.005,-0.005,0.05,-7.041446214657841e-06,7.864911845983324e-06,-6.280747109887262e-08,-7.041446214657841e-06,7.864911845983324e-06,1.0514778082572632e-06
Vortex,XY,0.006000000000000001,-0.005,0.05,-1.07112043916792e-05,9.229529319064798e-06,-7.163288855196997e-07,-1.07112043916792e-05,9.229529319064798e-06,3.979563938364361e-07
Vortex,XY,0.007,-0.005,0.05,-8.644840789284618e-06,6.566674861338135e-06,-8.055446962172217e-07,-8.644840789284618e-06,6.566674861338135e-06,3.087405831389141e-07
Vortex,XY,-0.007,-0.004,0.05,1.1260754087864318e-05,7.298602887585672e-06,-5.03460294895581e-07,1.1260754087864318e-05,7.298602887585672e-06,6.108249844605548e-07
Vortex,XY,-0.006,-0.004,0.05,9.40976688713444e-06,5.638957486803185e-06,2.8253854154203543e-07,9.40976688713444e-06,5.638957486803185e-06,1.3968238208981712e-06
Vortex,XY,-0.005,-0.004,0.05,2.6416094751838854e-06,-4.361127480002907e-07,1.2883242812295575e-06,2.6416094751838854e-06,-4.361127480002907e-07,2.4026095605856933e-06
Vortex,XY,-0.004,-0.004,0.05,-4.785829840941884e-06,-7.3553126876582205e-06,2.322968671322292e-06,-4.785829840941884e-06,-7.3553126876582205e-06,3.437253950678428e-06
Vortex,XY,-0.003,-0.004,0.05,-8.508350524239106e-06,-1.0585139097195543e-05,3.306770986173335e-06,-8.508350524239106e-06,-1.0585139097195543e-05,4.421056265529471e-06
Vortex,XY,-0.002,-0.004,0.05,-7.295701242340634e-06,-8.391113560895555e-06,4.3683578277593235e-06,-7.295701242340634e-06,-8.391113560895555e-06,5.4826431071154595e-06
Vortex,XY,-0.001,-0.004,0.05,-2.7923569367992893e-06,-3.2944459065927084e-06,5.420029923122385e-06,-2.7923569367992893e-06,-3.2944459065927084e-06,6.534315202478521e-06
Vortex,XY,0.0,-0.004,0.05,2.780413429163312e-06,-6.439627660600474e-08,6.330474014357996e-06,2.780413429163312e-06,-6.439627660600474e-08,7.444759293714132e-06
Vortex,XY,0.001,-0.004,0.05,8.18691078644107e-06,-1.1981879977545664e-06,6.691697519253542e-06,8.18691078644107e-06,-1.1981879977545664e-06,7.805982798609678e-06
Vortex,XY,0.002000000000000001,-0.004,0.05,1.208216398426056e-05,-5.01323714757812e-06,6.014617452850196e-06,1.208216398426056e-05,-5.01323714757812e-06,7.128902732206332e-06
Vortex,XY,0.003,-0.004,0.05,1.2209770998239061e-05,-7.17482018309421e-06,4.430820435499044e-06,1.2209770998239061e-05,-7.17482018309421e-06,5.54510571485518e-06
Vortex,XY,0.003999999999999999,-0.004,0.05,7.355328672199219e-06,-4.785853985330724e-06,2.322961890541332e-06,7.355328672199219e-06,-4.785853985330724e-06,3.437247169897468e-06
Vortex,XY,0.005,-0.004,0.05,-1.1943936210254603e-06,9.992789211102856e-07,4.103000648415282e-07,-1.1943936210254603e-06,9.992789211102856e-07,1.524585344197664e-06
Vortex,XY,0.006000000000000001,-0.004,0.05,-8.948124710643047e-06,6.111409640288289e-06,-6.22460604549803e-07,-8.948124710643047e-06,6.111409640288289e-06,4.918246748063327e-07
Vortex,XY,0.007,-0.004,0.05,-1.1181196331373937e-05,7.258130958962695e-06,-7.929357072397587e-07,-1.1181196331373937e-05,7.258130958962695e-06,3.2134957211637707e-07
Vortex,XY,-0.007,-0.003,0.05,1.061125705155269e-05,5.598817511528963e-06,-1.8827767608107363e-08,1.061125705155269e-05,5.598817511528963e-06,1.0954575117480284e-06
Vortex,XY,-0.006,-0.003,0.05,3.95676194058609e-06,5.088186300586032e-07,1.25045274310049e-06,3.95676194058609e-06,5.088186300586032e-07,2.3647380224566258e-06
Vortex,XY,-0.005,-0.003,0.05,-4.09575574328189e-06,-7.495042830051074e-06,2.9075695853781943e-06,-4.09575574328189e-06,-7.495042830051074e-06,4.02185486473433e-06
Vortex,XY,-0.004,-0.003,0.05,-7.17479996796696e-06,-1.2209719965724233e-05,4.430814840525768e-06,-7.17479996796696e-06,-1.2209719965724233e-05,5.545100119881904e-06
Vortex,XY,-0.003,-0.003,0.05,-3.4144127352638745e-06,-8.324434491587962e-06,5.338563252855745e-06,-3.4144127352638745e-06,-8.324434491587962e-06,6.452848532211881e-06
Vortex,XY,-0.002,-0.003,0.05,2.7896852359282715e-06,3.982382099615513e-06,5.735793394510186e-06,2.7896852359282715e-06,3.982382099615513e-06,6.850078673866322e-06
Vortex,XY,-0.001,-0.003,0.05,5.658798021540954e-06,1.8131786596244608e-05,5.892699929650011e-06,5.658798021540954e-06,1.8131786596244608e-05,7.006985209006147e-06
Vortex,XY,0.0,-0.003,0.05,3.8304309753743056e-06,2.529341669795971e-05,6.188042358748825e-06,3.8304309753743056e-06,2.529341669795971e-05,7.302327638104961e-06
Vortex,XY,0.001,-0.003,0.05,1.6752515205832478e-06,2.1137629916463996e-05,6.585282852826216e-06,1.6752515205832478e-06,2.1137629916463996e-05,7.699568132182352e-06
Vortex,XY,0.002000000000000001,-0.003,0.05,3.55879255923065e-06,8.799787619192046e-06,6.460572103997613e-06,3.55879255923065e-06,8.799787619192046e-06,7.574857383353749e-06
Vortex,XY,0.003,-0.003,0.05,8.324474041325875e-06,-3.414310073078707e-06,5.3385620752975955e-06,8.324474041325875e-06,-3.414310073078707e-06,6.4528473546537315e-06
Vortex,XY,0.003999999999999999,-0.003,0.05,1.0585119635716021e-05,-8.508294389796908e-06,3.306758310478183e-06,1.0585119635716021e-05,-8.508294389796908e-06,4.421043589834319e-06
Vortex,XY,0.005,-0.003,0.05,6.04523473683179e-06,-5.441603417619729e-06,1.11943837267946e-06,6.04523473683179e-06,-5.441603417619729e-06,2.233723652035596e-06
Vortex,XY,0.006000000000000001,-0.003,0.05,-3.295973240848108e-06,1.1640246223105862e-06,-3.143961690390087e-07,-3.295973240848108e-06,1.1640246223105862e-06,7.998891103171271e-07
Vortex,XY,0.007,-0.003,0.05,-1.0436511109231303e-05,5.566432127085216e-06,-7.345592209791559e-07,-1.0436511109231303e-05,5.566432127085216e-06,3.797260583769798e-07
Vortex,XY,-0.007,-0.002,0.05,7.409576280247603e-06,2.99800229315843e-06,3.729283690506648e-07,7.409576280247603e-06,2.99800229315843e-06,1.4872136484068006e-06
Vortex,XY,-0.006,-0.002,0.05,-3.2186642347931814e-06,-3.053772324969267e-06,2.0463274260355766e-06,-3.2186642347931814e-06,-3.053772324969267e-06,3.1606127053917126e-06
Vortex,XY,-0.005,-0.002,0.05,-9.914890380141529e-06,-1.0302120831264833e-05,4.234954913432797e-06,-9.914890380141529e-06,-1.0302120831264833e-05,5.349240192788933e-06
Vortex,XY,-0.004,-0.002,0.05,-5.013195669747517e-06,-1.2082093040083754e-05,6.014595099755648e-06,-5.013195669747517e-06,-1.2082093040083754e-05,7.128880379111784e-06
Vortex,XY,-0.003,-0.002,0.05,8.799681804610703e-06,-3.5586907802501482e-06,6.4605552989061e-06,8.799681804610703e-06,-3.5586907802501482e-06,7.574840578262236e-06
Vortex,XY,-0.002,-0.002,0.05,2.0077707007143325e-05,1.3841707856762378e-05,5.611975441767638e-06,2.0077707007143325e-05,1.3841707856762378e-05,6.726260721123774e-06
Vortex,XY,-0.001,-0.002,0.05,1.822977761653828e-05,3.203760793975002e-05,4.415287438770597e-06,1.822977761653828e-05,3.203760793975002e-05,5.529572718126733e-06
Vortex,XY,0.0,-0.002,0.05,3.894523663405204e-06,4.10672210382742e-05,3.943493199506508e-06,3.894523663405204e-06,4.10672210382742e-05,5.057778478862644e-06
Vortex,XY,0.001,-0.002,0.05,-1.0852648024163534e-05,3.595105787656201e-05,4.607231044629484e-06,-1.0852648024163534e-05,3.595105787656201e-05,5.72151632398562e-06
Vortex,XY,0.002000000000000001,-0.002,0.05,-1.3841592174986102e-05,2.0077907129476134e-05,5.6119731029885695e-06,-1.3841592174986102e-05,2.0077907129476134e-05,6.7262583823447055e-06
Vortex,XY,0.003,-0.002,0.05,-3.982387318269477e-06,2.789860447522715e-06,5.7357750593358905e-06,-3.982387318269477e-06,2.789860447522715e-06,6.8500603386920265e-06
Vortex,XY,0.003999999999999999,-0.002,0.05,8.3910203378215e-06,-7.295597182516811e-06,4.368333414702213e-06,8.3910203378215e-06,-7.295597182516811e-06,5.482618694058349e-06
Vortex,XY,0.005,-0.002,0.05,1.1762669350716245e-05,-7.693290537456245e-06,2.1901281507475187e-06,1.1762669350716245e-05,-7.693290537456245e-06,3.3044134301036543e-06
Vortex,XY,0.006000000000000001,-0.002,0.05,3.850026288803469e-06,-2.1537451275475083e-06,3.5251687702464245e-07,3.850026288803469e-06,-2.1537451275475083e-06,1.4668021563807782e-06
Vortex,XY,0.007,-0.002,0.05,-7.243813478642707e-06,3.102038857081985e-06,-5.14076576665087e-07,-7.243813478642707e-06,3.102038857081985e-06,6.002087026910488e-07
Vortex,XY,-0.007,-0.001,0.05,3.9320089901115996e-06,1.0270477324682254e-06,5.020644342855214e-07,3.9320089901115996e-06,1.0270477324682254e-06,1.6163497136416572e-06
Vortex,XY,-0.006,-0.001,0.05,-9.237280430779286e-06,-3.1218031831754562e-06,2.4089331063239795e-06,-9.237280430779286e-06,-3.1218031831754562e-06,3.5232183856801155e-06
Vortex,XY,-0.005,-0.001,0.05,-1.3610146614208023e-05,-7.628932908904594e-06,4.858629838949319e-06,-1.3610146614208023e-05,-7.628932908904594e-06,5.972915118305455e-06
Vortex,XY,-0.004,-0.001,0.05,-1.19810162886533e-06,-8.186861874946663e-06,6.691663479839255e-06,-1.19810162886533e-06,-8.186861874946663e-06,7.80594875919539e-06
Vortex,XY,-0.003,-0.001,0.05,2.1137574150723287e-05,-1.6751423523945784e-06,6.585250633981028e-06,2.1137574150723287e-05,-1.6751423523945784e-06,7.699535913337164e-06
Vortex,XY,-0.002,-0.001,0.05,3.595089415721948e-05,1.0852822882376302e-05,4.60721564110376e-06,3.595089415721948e-05,1.0852822882376302e-05,5.721500920459896e-06
Vortex,XY,-0.001,-0.001,0.05,2.882643515477099e-05,2.4116008155932155e-05,2.202313969280674e-06,2.882643515477099e-05,2.4116008155932155e-05,3.31659924863681e-06
Vortex,XY,0.0,-0.001,0.05,2.5309760851674414e-06,3.137402918393611e-05,1.159069497733345e-06,2.5309760851674414e-06,3.137402918393611e-05,2.273354777089481e-06
Vortex,XY,0.001,-0.001,0.05,-2.4115790544451572e-05,2.8826584836265873e-05,2.202308938495394e-06,-2.4115790544451572e-05,2.8826584836265873e-05,3.3165942178515297e-06
Vortex,XY,0.002000000000000001,-0.001,0.05,-3.2037498899144834e-05,1.8229935237966773e-05,4.415263433261095e-06,-3.2037498899144834e-05,1.8229935237966773e-05,5.529548712617231e-06
Vortex,XY,0.003,-0.001,0.05,-1.8131848026425964e-05,5.6589250728880595e-06,5.892663072819243e-06,-1.8131848026425964e-05,5.6589250728880595e-06,7.006948352175379e-06
Vortex,XY,0.003999999999999999,-0.001,0.05,3.2942769835348683e-06,-2.792284332944461e-06,5.4199930482154885e-06,3.2942769835348683e-06,-2.792284332944461e-06,6.5342783275716245e-06
Vortex,XY,0.005,-0.001,0.05,1.4707322928691715e-05,-4.738076959734042e-06,3.4372987725328476e-06,1.4707322928691715e-05,-4.738076959734042e-06,4.5515840518889836e-06
Vortex,XY,0.006000000000000001,-0.001,0.05,9.548455585197818e-06,-2.0875433874832893e-06,1.2661501486081811e-06,9.548455585197818e-06,-2.0875433874832893e-06,2.380435427964317e-06
Vortex,XY,0.007,-0.001,0.05,-3.878685856509919e-06,1.2623625566870518e-06,-1.0817886211706785e-07,-3.878685856509919e-06,1.2623625566870518e-06,1.006106417239068e-06
Vortex,XY,-0.007,0.0,0.05,2.452211114308194e-06,-1.6302385488516607e-07,3.03346899360884e-07,2.452211114308194e-06,-1.6302385488516607e-07,1.4176321787170198e-06
Vortex,XY,-0.006,0.0,0.05,-1.1636792160357382e-05,-5.310616821662723e-07,2.103542244647847e-06,-1.1636792160357382e-05,-5.310616821662723e-07,3.217827524003983e-06
Vortex,XY,-0.005,0.0,0.05,-1.5159601048942901e-05,-1.4708882719905761e-06,4.515909842744721e-06,-1.5159601048942901e-05,-1.4708882719905761e-06,5.630195122100857e-06
Vortex,XY,-0.004,0.0,0.05,-6.426800693214726e-08,-2.7804255868322174e-06,6.330436721225898e-06,-6.426800693214726e-08,-2.7804255868322174e-06,7.444722000582034e-06
Vortex,XY,-0.003,0.0,0.05,2.5293433893904682e-05,-3.830392363065917e-06,6.188004475597732e-06,2.5293433893904682e-05,-3.830392363065917e-06,7.302289754953868e-06
Vortex,XY,-0.002,0.0,0.05,4.106713081129507e-05,-3.894409851603333e-06,3.943467763991773e-06,4.106713081129507e-05,-3.894409851603333e-06,5.057753043347909e-06
Vortex,XY,-0.001,0.0,0.05,3.1373915660458446e-05,-2.5307993493725548e-06,1.1590603689781986e-06,3.1373915660458446e-05,-2.5307993493725548e-06,2.2733456483343344e-06
Vortex,XY,0.0,0.0,0.05,7.489297117889795e-11,1.1469044566322055e-10,-6.807267143926292e-08,7.489297117889795e-11,1.1469044566322055e-10,1.0462126079168729e-06
Vortex,XY,0.001,0.0,0.05,-3.137381446554919e-05,2.530993666534927e-06,1.1590551792113745e-06,-3.137381446554919e-05,2.530993666534927e-06,2.2733404585675103e-06
Vortex,XY,0.002000000000000001,0.0,0.05,-4.1067133462812936e-05,3.894520182871147e-06,3.943460640529509e-06,-4.1067133462812936e-05,3.894520182871147e-06,5.057745919885645e-06
Vortex,XY,0.003,0.0,0.05,-2.5293511558634415e-05,3.830413482540676e-06,6.188000478922958e-06,-2.5293511558634415e-05,3.830413482540676e-06,7.302285758279094e-06
Vortex,XY,0.003999999999999999,0.0,0.05,6.419512973960685e-08,2.7803945185649743e-06,6.330436659294158e-06,6.419512973960685e-08,2.7803945185649743e-06,7.444721938650294e-06
Vortex,XY,0.005,0.0,0.05,1.5159591353029473e-05,1.4708540363380664e-06,4.515909877047422e-06,1.5159591353029473e-05,1.4708540363380664e-06,5.630195156403558e-06
Vortex,XY,0.006000000000000001,0.0,0.05,1.1636838914910104e-05,5.310538470778268e-07,2.1035389878815457e-06,1.1636838914910104e-05,5.310538470778268e-07,3.2178242672376816e-06
Vortex,XY,0.007,0.0,0.05,-2.4521618908962117e-06,1.6304306094129013e-07,3.033415458187244e-07,-2.4521618908962117e-06,1.6304306094129013e-07,1.4176268251748602e-06
Vortex,XY,-0.007,0.001,0.05,3.87871041260839e-06,-1.2623517018183088e-06,-1.0817145140588672e-07,3.87871041260839e-06,-1.2623517018183088e-06,1.006113827950249e-06
Vortex,XY,-0.006,0.001,0.05,-9.548440284843122e-06,2.087529861071206e-06,1.266158736072812e-06,-9.548440284843122e-06,2.087529861071206e-06,2.380444015428948e-06
Vortex,XY,-0.005,0.001,0.05,-1.4707340666431508e-05,4.738051999315978e-06,3.4373061825068796e-06,-1.4707340666431508e-05,4.738051999315978e-06,4.551591461863016e-06
Vortex,XY,-0.004,0.001,0.05,-3.2943106779420116e-06,2.7922829533398087e-06,5.419999581302753e-06,-3.2943106779420116e-06,2.7922829533398087e-06,6.534284860658889e-06
Vortex,XY,-0.003,0.001,0.05,1.8131852444206812e-05,-5.6588656206399575e-06,5.892668974763745e-06,1.8131852444206812e-05,-5.6588656206399575e-06,7.006954254119881e-06
Vortex,XY,-0.002,0.001,0.05,3.203758299077172e-05,-1.822980425560309e-05,4.415265436505168e-06,3.203758299077172e-05,-1.822980425560309e-05,5.529550715861304e-06
Vortex,XY,-0.001,0.001,0.05,2.411593307921747e-05,-2.8826412889232825e-05,2.202305032008652e-06,2.411593307921747e-05,-2.8826412889232825e-05,3.316590311364788e-06
Vortex,XY,0.0,0.001,0.05,-2.5308564155131586e-06,-3.1373875045386125e-05,1.1590606666305712e-06,-2.5308564155131586e-06,-3.1373875045386125e-05,2.273345945986707e-06
Vortex,XY,0.001,0.001,0.05,-2.8826420380498286e-05,-2.4115921840758295e-05,2.202304583789026e-06,-2.8826420380498286e-05,-2.4115921840758295e-05,3.3165898631451614e-06
Vortex,XY,0.002000000000000001,0.001,0.05,-3.5950994350679154e-05,-1.0852817319056442e-05,4.607212164729477e-06,-3.5950994350679154e-05,-1.0852817319056442e-05,5.721497444085613e-06
Vortex,XY,0.003,0.001,0.05,-2.1137713999341277e-05,1.6750970871271494e-06,6.585256625773214e-06,-2.1137713999341277e-05,1.6750970871271494e-06,7.69954190512935e-06
Vortex,XY,0.003999999999999999,0.001,0.05,1.1980203578946987e-06,8.186813367711353e-06,6.691675766144007e-06,1.1980203578946987e-06,8.186813367711353e-06,7.805961045500143e-06
Vortex,XY,0.005,0.001,0.05,1.3610165886683245e-05,7.628915365593774e-06,4.858640712432527e-06,1.3610165886683245e-05,7.628915365593774e-06,5.972925991788663e-06
Vortex,XY,0.006000000000000001,0.001,0.05,9.237360943727533e-06,3.1218199542349903e-06,2.4089371295732823e-06,9.237360943727533e-06,3.1218199542349903e-06,3.523222408929418e-06
Vortex,XY,0.007,0.001,0.05,-3.931945253785921e-06,-1.0270155256808258e-06,5.02062674731504e-07,-3.931945253785921e-06,-1.0270155256808258e-06,1.6163479540876397e-06
Vortex,XY,-0.007,0.002000000000000001,0.05,7.243818013363556e-06,-3.10202833310188e-06,-5.140688675947677e-07,7.243818013363556e-06,-3.10202833310188e-06,6.002164117613681e-07
Vortex,XY,-0.006,0.002000000000000001,0.05,-3.850030278658453e-06,2.1537431812293834e-06,3.525269120918832e-07,-3.850030278658453e-06,2.1537431812293834e-06,1.466812191448019e-06
Vortex,XY,-0.005,0.002000000000000001,0.05,-1.1762681981874036e-05,7.693287907651395e-06,2.190137741899919e-06,-1.1762681981874036e-05,7.693287907651395e-06,3.3044230212560547e-06
Vortex,XY,-0.004,0.002000000000000001,0.05,-8.391016010170157e-06,7.295614818065846e-06,4.3683415633662675e-06,-8.391016010170157e-06,7.295614818065846e-06,5.4826268427224035e-06
Vortex,XY,-0.003,0.002000000000000001,0.05,3.982443812210856e-06,-2.789812048352366e-06,5.735780455978841e-06,3.982443812210856e-06,-2.789812048352366e-06,6.850065735334977e-06
Vortex,XY,-0.002,0.002000000000000001,0.05,1.3841705637077487e-05,-2.0077843375324555e-05,5.611972694473941e-06,1.3841705637077487e-05,-2.0077843375324555e-05,6.726257973830077e-06
Vortex,XY,-0.001,0.002000000000000001,0.05,1.0852769137787843e-05,-3.5951015199433856e-05,4.60722539742462e-06,1.0852769137787843e-05,-3.5951015199433856e-05,5.721510676780756e-06
Vortex,XY,0.0,0.002000000000000001,0.05,-3.894474647599841e-06,-4.1067234440254656e-05,3.943486601979422e-06,-3.894474647599841e-06,-4.1067234440254656e-05,5.057771881335558e-06
Vortex,XY,0.001,0.002000000000000001,0.05,-1.8229846084047077e-05,-3.203768265804057e-05,4.41528634046691e-06,-1.8229846084047077e-05,-3.203768265804057e-05,5.529571619823046e-06
Vortex,XY,0.002000000000000001,0.002000000000000001,0.05,-2.0077859296780837e-05,-1.3841810550526573e-05,5.611986309231687e-06,-2.0077859296780837e-05,-1.3841810550526573e-05,6.726271588587823e-06
Vortex,XY,0.003,0.002000000000000001,0.05,-8.799822359027019e-06,3.5586100149265187e-06,6.46057714568658e-06,-8.799822359027019e-06,3.5586100149265187e-06,7.574862425042716e-06
Vortex,XY,0.003999999999999999,0.002000000000000001,0.05,5.013151558792786e-06,1.2082066915991053e-05,6.014620910235378e-06,5.013151558792786e-06,1.2082066915991053e-05,7.128906189591514e-06
Vortex,XY,0.005,0.002000000000000001,0.05,9.914951237552794e-06,1.0302147872477996e-05,4.234975405210299e-06,9.914951237552794e-06,1.0302147872477996e-05,5.349260684566435e-06
Vortex,XY,0.006000000000000001,0.002000000000000001,0.05,3.2187635267652536e-06,3.0538225068147597e-06,2.0463373788805577e-06,3.2187635267652536e-06,3.0538225068147597e-06,3.1606226582366933e-06
Vortex,XY,0.007,0.002000000000000001,0.05,-7.409521628507212e-06,-2.9979632027846562e-06,3.7292942477524e-07,-7.409521628507212e-06,-2.9979632027846562e-06,1.4872147041313758e-06
Vortex,XY,-0.007,0.003,0.05,1.0436508428149165e-05,-5.5664193251968855e-06,-7.345531794945737e-07,1.0436508428149165e-05,-5.5664193251968855e-06,3.797320998615621e-07
Vortex,XY,-0.006,0.003,0.05,3.295963414541381e-06,-1.164010939300684e-06,-3.143879056036652e-07,3.295963414541381e-06,-1.164010939300684e-06,7.998973737524706e-07
Vortex,XY,-0.005,0.003,0.05,-6.0452412605173875e-06,5.441620551921225e-06,1.1194471884667796e-06,-6.0452412605173875e-06,5.441620551921225e-06,2.2337324678229154e-06
Vortex,XY,-0.004,0.003,0.05,-1.0585102439692287e-05,8.508314969186326e-06,3.3067671567105888e-06,-1.0585102439692287e-05,8.508314969186326e-06,4.421052436066725e-06
Vortex,XY,-0.003,0.003,0.05,-8.324418126176564e-06,3.4143205353140406e-06,5.338569906347694e-06,-8.324418126176564e-06,3.4143205353140406e-06,6.45285518570383e-06
Vortex,XY,-0.002,0.003,0.05,-3.5587122607887705e-06,-8.799813907878326e-06,6.460577382367662e-06,-3.5587122607887705e-06,-8.799813907878326e-06,7.574862661723798e-06
Vortex,XY,-0.001,0.003,0.05,-1.6751952840440314e-06,-2.1137717286279883e-05,6.58528772798583e-06,-1.6751952840440314e-06,-2.1137717286279883e-05,7.699573007341966e-06
Vortex,XY,0.0,0.003,0.05,-3.8304507522076155e-06,-2.5293562765563174e-05,6.18805102410327e-06,-3.8304507522076155e-06,-2.5293562765563174e-05,7.302336303459406e-06
Vortex,XY,0.001,0.003,0.05,-5.658900922631377e-06,-1.8131953178951556e-05,5.892717674037795e-06,-5.658900922631377e-06,-1.8131953178951556e-05,7.007002953393931e-06
Vortex,XY,0.002000000000000001,0.003,0.05,-2.7898165383846766e-06,-3.982510990733227e-06,5.735822707139307e-06,-2.7898165383846766e-06,-3.982510990733227e-06,6.850107986495443e-06
Vortex,XY,0.003,0.003,0.05,3.4143345301828886e-06,8.324386246018698e-06,5.33859870565774e-06,3.4143345301828886e-06,8.324386246018698e-06,6.452883985013876e-06
Vortex,XY,0.003999999999999999,0.003,0.05,7.174820623804955e-06,1.2209753641346608e-05,4.43084830317629e-06,7.174820623804955e-06,1.2209753641346608e-05,5.545133582532426e-06
Vortex,XY,0.005,0.003,0.05,4.095847796808524e-06,7.4951195958658266e-06,2.907593631294544e-06,4.095847796808524e-06,7.4951195958658266e-06,4.02187891065068e-06
Vortex,XY,0.006000000000000001,0.003,0.05,-3.956674078367603e-06,-5.087500545370514e-07,1.2504642466354471e-06,-3.956674078367603e-06,-5.087500545370514e-07,2.364749525991583e-06
Vortex,XY,0.007,0.003,0.05,-1.0611237209577842e-05,-5.598789948035942e-06,-1.882592412815074e-08,-1.0611237209577842e-05,-5.598789948035942e-06,1.095459355227985e-06
Vortex,XY,-0.007,0.003999999999999999,0.05,1.1181197926097937e-05,-7.258120767317419e-06,-7.929322056824147e-07,1.1181197926097937e-05,-7.258120767317419e-06,3.213530736737211e-07
Vortex,XY,-0.006,0.003999999999999999,0.05,8.948119504498863e-06,-6.111390373443433e-06,-6.22454755901605e-07,8.948119504498863e-06,-6.111390373443433e-06,4.918305234545308e-07
Vortex,XY,-0.005,0.003999999999999999,0.05,1.1943879260300176e-06,-9.9925439026153e-07,4.1030795355436767e-07,1.1943879260300176e-06,-9.9925439026153e-07,1.5245932329105034e-06
Vortex,XY,-0.004,0.003999999999999999,0.05,-7.3553232296453375e-06,4.785869717017673e-06,2.3229726135801237e-06,-7.3553232296453375e-06,4.785869717017673e-06,3.4372578929362596e-06
Vortex,XY,-0.003,0.003999999999999999,0.05,-1.2209751834377622e-05,7.174805120176414e-06,4.430833948144797e-06,-1.2209751834377622e-05,7.174805120176414e-06,5.545119227500933e-06
Vortex,XY,-0.002,0.003999999999999999,0.05,-1.2082145756710813e-05,5.013169022477108e-06,6.014634318591641e-06,-1.2082145756710813e-05,5.013169022477108e-06,7.128919597947777e-06
Vortex,XY,-0.001,0.003999999999999999,0.05,-8.186920568811538e-06,1.1980623879802884e-06,6.691719915800612e-06,-8.186920568811538e-06,1.1980623879802884e-06,7.806005195156748e-06
Vortex,XY,0.0,0.003999999999999999,0.05,-2.780466979252466e-06,6.424121576772808e-08,6.33050306473918e-06,-2.780466979252466e-06,6.424121576772808e-08,7.444788344095316e-06
Vortex,XY,0.001,0.003999999999999999,0.05,2.7922775911097425e-06,3.294314528297272e-06,5.420066687149708e-06,2.7922775911097425e-06,3.294314528297272e-06,6.534351966505844e-06
Vortex,XY,0.002000000000000001,0.003999999999999999,0.05,7.295644051077326e-06,8.391056160970373e-06,4.368400004230381e-06,7.295644051077326e-06,8.391056160970373e-06,5.482685283586517e-06
Vortex,XY,0.003,0.003999999999999999,0.05,8.508358650833083e-06,1.0585171706597867e-05,3.306811120245665e-06,8.508358650833083e-06,1.0585171706597867e-05,4.421096399601801e-06
Vortex,XY,0.003999999999999999,0.003999999999999999,0.05,4.785903025318725e-06,7.3554054511488155e-06,2.323000860780683e-06,4.785903025318725e-06,7.3554054511488155e-06,3.4372861401368185e-06
Vortex,XY,0.005,0.003999999999999999,0.05,-2.641519970741841e-06,4.362091797311814e-07,1.2883446502237592e-06,-2.641519970741841e-06,4.362091797311814e-07,2.402629929579895e-06
Vortex,XY,0.006000000000000001,0.003999999999999999,0.05,-9.409723062691638e-06,-5.63890584067607e-06,2.825470608640726e-07,-9.409723062691638e-06,-5.63890584067607e-06,1.3968323402202084e-06
Vortex,XY,0.007,0.003999999999999999,0.05,-1.1260781714985105e-05,-7.298606935447944e-06,-5.034594782356777e-07,-1.1260781714985105e-05,-7.298606935447944e-06,6.108258011204581e-07
Vortex,XY,-0.007,0.005,0.05,8.644851252372533e-06,-6.56667289977413e-06,-8.055431084858586e-07,8.644851252372533e-06,-6.56667289977413e-06,3.0874217087027726e-07
Vortex,XY,-0.006,0.005,0.05,1.071120843799908e-05,-9.229518123145632e-06,-7.163248245965222e-07,1.071120843799908e-05,-9.229518123145632e-06,3.9796045475961354e-07
Vortex,XY,-0.005,0.005,0.05,7.04144171813728e-06,-7.864894095412637e-06,-6.279999943037061e-08,7.04144171813728e-06,-7.864894095412637e-06,1.0514852799257652e-06
Vortex,XY,-0.004,0.005,0.05,-4.361324127091314e-07,-2.641529656581903e-06,1.2883308267101694e-06,-4.361324127091314e-07,-2.641529656581903e-06,2.402616106066305e-06
Vortex,XY,-0.003,0.005,0.05,-7.495090950007438e-06,4.0958411936360765e-06,2.907591917095837e-06,-7.495090950007438e-06,4.0958411936360765e-06,4.021877196451973e-06
Vortex,XY,-0.002,0.005,0.05,-1.0302184693249791e-05,9.91497799816383e-06,4.234996854127994e-06,-1.0302184693249791e-05,9.91497799816383e-06,5.34928213348413e-06
Vortex,XY,-0.001,0.005,0.05,-7.6289868937879676e-06,1.3610240863356289e-05,4.858688498137456e-06,-7.6289868937879676e-06,1.3610240863356289e-05,5.972973777493592e-06
Vortex,XY,0.0,0.005,0.05,-1.4709100375875023e-06,1.5159708471796904e-05,4.515977375405715e-06,-1.4709100375875023e-06,1.5159708471796904e-05,5.630262654761851e-06
Vortex,XY,0.001,0.005,0.05,4.738072566526051e-06,1.4707463766468332e-05,3.4373723804500537e-06,4.738072566526051e-06,1.4707463766468332e-05,4.55165765980619e-06
Vortex,XY,0.002000000000000001,0.005,0.05,7.693338476669304e-06,1.176281442422318e-05,2.1901935708178306e-06,7.693338476669304e-06,1.176281442422318e-05,3.304478850173966e-06
Vortex,XY,0.003,0.005,0.05,5.4416706191171304e-06,6.045368931013547e-06,1.1194880697433024e-06,5.4416706191171304e-06,6.045368931013547e-06,2.233773349099438e-06
Vortex,XY,0.003999999999999999,0.005,0.05,-9.992332054586048e-07,-1.1942828019772786e-06,4.103335668002525e-07,-9.992332054586048e-07,-1.1942828019772786e-06,1.5246188461563883e-06
Vortex,XY,0.005,0.005,0.05,-7.864909145897769e-06,-7.041370501002034e-06,-6.278789085120963e-08,-7.864909145897769e-06,-7.041370501002034e-06,1.0514973885049261e-06
Vortex,XY,0.006000000000000001,0.005,0.05,-1.0924088182002969e-05,-8.964122332796548e-06,-4.7150635468210317e-07,-1.0924088182002969e-05,-8.964122332796548e-06,6.427789246740326e-07
Vortex,XY,0.007,0.005,0.05,-8.647187177588587e-06,-6.647194872149631e-06,-8.594773224544104e-07,-8.647187177588587e-06,-6.647194872149631e-06,2.548079569017253e-07
Vortex,XY,-0.007,0.006000000000000001,0.05,4.031489937329543e-06,-3.437880944236939e-06,-9.106543777250103e-07,4.031489937329543e-06,-3.437880944236939e-06,2.0363090163112543e-07
Vortex,XY,-0.006,0.006000000000000001,0.05,8.272344396978407e-06,-8.265764835308742e-06,-8.2783435646248e-07,8.272344396978407e-06,-8.265764835308742e-06,2.864509228936558e-07
Vortex,XY,-0.005,0.006000000000000001,0.05,8.964160085054756e-06,-1.092404987571374e-05,-4.7150820731041277e-07,8.964160085054756e-06,-1.092404987571374e-05,6.42777072045723e-07
Vortex,XY,-0.004,0.006000000000000001,0.05,5.638964978563455e-06,-9.409712287174557e-06,2.8254482558087923e-07,5.638964978563455e-06,-9.409712287174557e-06,1.396830104937015e-06
Vortex,XY,-0.003,0.006000000000000001,0.05,5.087940707754013e-07,-3.956672946733898e-06,1.2504708823895818e-06,5.087940707754013e-07,-3.956672946733898e-06,2.3647561617457175e-06
Vortex,XY,-0.002,0.006000000000000001,0.05,-3.0538145220323243e-06,3.218785702969478e-06,2.0463609201523737e-06,-3.0538145220323243e-06,3.218785702969478e-06,3.1606461995085097e-06
Vortex,XY,-0.001,0.006000000000000001,0.05,-3.1218371281301766e-06,9.237428284096066e-06,2.4089795557000496e-06,-3.1218371281301766e-06,9.237428284096066e-06,3.523264835056185e-06
Vortex,XY,0.0,0.006000000000000001,0.05,-5.310675779340003e-07,1.1636953007288678e-05,2.1035948835965677e-06,-5.310675779340003e-07,1.1636953007288678e-05,3.2178801629527037e-06
Vortex,XY,0.001,0.006000000000000001,0.05,2.0875561087873063e-06,9.548596714229241e-06,1.2662080382515135e-06,2.0875561087873063e-06,9.548596714229241e-06,2.3804933176076493e-06
Vortex,XY,0.002000000000000001,0.006000000000000001,0.05,2.153784107637825e-06,3.850164296506429e-06,3.525658209199446e-07,2.153784107637825e-06,3.850164296506429e-06,1.4668511002760804e-06
Vortex,XY,0.003,0.006000000000000001,0.05,-1.1639857081343793e-06,-3.2958661204064077e-06,-3.14362517940598e-07,-1.1639857081343793e-06,-3.2958661204064077e-06,7.999227614155378e-07
Vortex,XY,0.003999999999999999,0.006000000000000001,0.05,-6.111402916398837e-06,-8.948064947142946e-06,-6.22442115392554e-07,-6.111402916398837e-06,-8.948064947142946e-06,4.918431639635818e-07
Vortex,XY,0.005,0.006000000000000001,0.05,-9.229565698087562e-06,-1.0711191246825959e-05,-7.163219785423061e-07,-9.229565698087562e-06,-1.0711191246825959e-05,3.979633008138297e-07
Vortex,XY,0.006000000000000001,0.006000000000000001,0.05,-8.265825406859479e-06,-8.272350136368561e-06,-8.278375908259144e-07,-8.265825406859479e-06,-8.272350136368561e-06,2.8644768853022135e-07
Vortex,XY,0.007,0.006000000000000001,0.05,-3.972015498651878e-06,-3.571841341591964e-06,-1.0282654468639425e-06,-3.972015498651878e-06,-3.571841341591964e-06,8.601983249219327e-08
Vortex,XY,-0.007,0.007,0.05,-2.191102100162348e-07,3.2549220503991615e-07,-1.105400432950355e-06,-2.191102100162348e-07,3.2549220503991615e-07,8.884846405780843e-09
Vortex,XY,-0.006,0.007,0.05,3.571828651146447e-06,-3.971967200545499e-06,-1.0282597560134654e-06,3.571828651146447e-06,-3.971967200545499e-06,8.602552334267034e-08
Vortex,XY,-0.005,0.007,0.05,6.6472088680403036e-06,-8.647147980500021e-06,-8.594732085508933e-07,6.6472088680403036e-06,-8.647147980500021e-06,2.548120708052425e-07
Vortex,XY,-0.004,0.007,0.05,7.2986442169332924e-06,-1.1260763305781136e-05,-5.034548561208353e-07,7.2986442169332924e-06,-1.1260763305781136e-05,6.108304232353004e-07
Vortex,XY,-0.003,0.007,0.05,5.598833945600107e-06,-1.0611235317510683e-05,-1.8815859887385987e-08,5.598833945600107e-06,-1.0611235317510683e-05,1.0954694194687498e-06
Vortex,XY,-0.002,0.007,0.05,2.9979993617266683e-06,-7.409517961093483e-06,3.729495970973375e-07,2.9979993617266683e-06,-7.409517961093483e-06,1.4872348764534733e-06
Vortex,XY,-0.001,0.007,0.05,1.0270414799218722e-06,-3.931922036361715e-06,5.020935221480068e-07,1.0270414799218722e-06,-3.931922036361715e-06,1.6163788015041425e-06
Vortex,XY,0.0,0.007,0.05,-1.6302116508994778e-07,-2.452115527538863e-06,3.0337830967303704e-07,-1.6302116508994778e-07,-2.452115527538863e-06,1.4176635890291728e-06
Vortex,XY,0.001,0.007,0.05,-1.2623384873402958e-06,-3.878630109582503e-06,-1.0814407278657943e-07,-1.2623384873402958e-06,-3.878630109582503e-06,1.0061412065695564e-06
Vortex,XY,0.002000000000000001,0.007,0.05,-3.10201791699384e-06,-7.243772177772636e-06,-5.140502266982619e-07,-3.10201791699384e-06,-7.243772177772636e-06,6.002350526578738e-07
Vortex,XY,0.003,0.007,0.05,-5.566431637038098e-06,-1.0436504187664186e-05,-7.345443808350873e-07,-5.566431637038098e-06,-1.0436504187664186e-05,3.7974089852104847e-07
Vortex,XY,0.003999999999999999,0.007,0.05,-7.258164303235672e-06,-1.1181227248666899e-05,-7.929319717765037e-07,-7.258164303235672e-06,-1.1181227248666899e-05,3.213533075796321e-07
Vortex,XY,0.005,0.007,0.05,-6.566736695707482e-06,-8.644896390027542e-06,-8.055483094858605e-07,-6.566736695707482e-06,-8.644896390027542e-06,3.087369698702753e-07
Vortex,XY,0.006000000000000001,0.007,0.05,-3.4379418689837313e-06,-4.03153171007569e-06,-9.106614248599587e-07,-3.4379418689837313e-06,-4.03153171007569e-06,2.0362385449617705e-07
Vortex,XY,0.007,0.007,0.05,3.2545377455841957e-07,2.1908390419957986e-07,-1.1054067959356834e-06,3.2545377455841957e-07,2.1908390419957986e-07,8.878483420452274e-09
Vortex,XZ,-0.007,0.0,0.043000000000000003,8.98736410668502e-06,3.318463919355426e-07,2.691652000565135e-06,8.98736410668502e-06,3.318463919355426e-07,3.805937279921271e-06
Vortex,XZ,-0.006,0.0,0.043000000000000003,-1.580794360165105e-06,1.8038499972613838e-06,1.858313887231029e-06,-1.580794360165105e-06,1.8038499972613838e-06,2.972599166587165e-06
Vortex,XZ,-0.005,0.0,0.043000000000000003,-9.898890193874363e-06,2.6047055861687764e-06,7.64829218695594e-07,-9.898890193874363e-06,2.6047055861687764e-06,1.8791144980517298e-06
Vortex,XZ,-0.004,0.0,0.043000000000000003,-5.351133746767324e-06,1.9923197063967202e-06,8.027905497986808e-07,-5.351133746767324e-06,1.9923197063967202e-06,1.9170758291548166e-06
Vortex,XZ,-0.003,0.0,0.043000000000000003,1.0939165880271441e-05,3.223577824008223e-07,2.749305477453053e-06,1.0939165880271441e-05,3.223577824008223e-07,3.863590756809189e-06
Vortex,XZ,-0.002,0.0,0.043000000000000003,2.4150034612237515e-05,-1.1130741668098466e-06,5.938804771962755e-06,2.4150034612237515e-05,-1.1130741668098466e-06,7.053090051318891e-06
Vortex,XZ,-0.001,0.0,0.043000000000000003,2.0110397164697976e-05,-1.165503492653882e-06,8.820851451567643e-06,2.0110397164697976e-05,-1.165503492653882e-06,9.93513673092378e-06
Vortex,XZ,0.0,0.0,0.043000000000000003,6.208299019428419e-11,9.047139192541113e-11,1.0006775283413113e-05,6.208299019428419e-11,9.047139192541113e-11,1.1121060562769249e-05
Vortex,XZ,0.001,0.0,0.043000000000000003,-2.011031227506262e-05,1.1656573366193456e-06,8.820861718092598e-06,-2.011031227506262e-05,1.1656573366193456e-06,9.935146997448734e-06
Vortex,XZ,0.002000000000000001,0.0,0.043000000000000003,-2.4150031917612343e-05,1.1131627513637946e-06,5.9388217290885956e-06,-2.4150031917612343e-05,1.1131627513637946e-06,7.0531070084447316e-06
Vortex,XZ,0.003,0.0,0.043000000000000003,-1.093921801125517e-05,-3.2233737796642306e-07,2.74932378051026e-06,-1.093921801125517e-05,-3.2233737796642306e-07,3.863609059866396e-06
Vortex,XZ,0.003999999999999999,0.0,0.043000000000000003,5.351089286010974e-06,-1.9923406126514542e-06,8.028043611116089e-07,5.351089286010974e-06,-1.9923406126514542e-06,1.9170896404677447e-06
Vortex,XZ,0.005,0.0,0.043000000000000003,9.898894305701736e-06,-2.6047316176748054e-06,7.648371236778307e-07,9.898894305701736e-06,-2.6047316176748054e-06,1.8791224030339664e-06
Vortex,XZ,0.006000000000000001,0.0,0.043000000000000003,1.5808316101767062e-06,-1.8038583847456488e-06,1.8583182205449716e-06,1.5808316101767062e-06,-1.8038583847456488e-06,2.9726034999011073e-06
Vortex,XZ,0.007,0.0,0.043000000000000003,-8.98734180335223e-06,-3.318372917041939e-07,2.691653710840985e-06,-8.98734180335223e-06,-3.318372917041939e-07,3.8059389901971207e-06
Vortex,XZ,-0.007,0.0,0.044000000000000004,8.203589165762807e-06,5.511613350253364e-07,2.318792306199619e-06,8.203589165762807e-06,5.511613350253364e-07,3.4330775855557545e-06
Vortex,XZ,-0.006,0.0,0.044000000000000004,-3.5067752655708295e-06,1.8723593274413366e-06,1.7658066336641837e-06,-3.5067752655708295e-06,1.8723593274413366e-06,2.8800919130203194e-06
Vortex,XZ,-0.005,0.0,0.044000000000000004,-1.138283672109517e-05,2.4436943720168982e-06,1.1446264039336069e-06,-1.138283672109517e-05,2.4436943720168982e-06,2.2589116832897427e-06
Vortex,XZ,-0.004,0.0,0.044000000000000004,-4.5590182494719756e-06,1.6380207153198544e-06,1.582076153535919e-06,-4.5590182494719756e-06,1.6380207153198544e-06,2.696361432892055e-06
Vortex,XZ,-0.003,0.0,0.044000000000000004,1.4335171191890681e-05,-1.2892272020111385e-07,3.5465910957608385e-06,1.4335171191890681e-05,-1.2892272020111385e-07,4.6608763751169745e-06
Vortex,XZ,-0.002,0.0,0.044000000000000004,2.8547338016527562e-05,-1.5293287192329832e-06,6.401995629610633e-06,2.8547338016527562e-05,-1.5293287192329832e-06,7.516280908966769e-06
Vortex,XZ,-0.001,0.0,0.044000000000000004,2.3160751245198812e-05,-1.4047573107324199e-06,8.764167346678623e-06,2.3160751245198812e-05,-1.4047573107324199e-06,9.878452626034759e-06
Vortex,XZ,0.0,0.0,0.044000000000000004,6.588883519167755e-11,1.0063626790102165e-10,9.646604987390932e-06,6.588883519167755e-11,1.0063626790102165e-10,1.0760890266747068e-05
Vortex,XZ,0.001,0.0,0.044000000000000004,-2.316066077201654e-05,1.4049286124289738e-06,8.764177895132962e-06,-2.316066077201654e-05,1.4049286124289738e-06,9.878463174489098e-06
Vortex,XZ,0.002000000000000001,0.0,0.044000000000000004,-2.8547335078490826e-05,1.5294268847862499e-06,6.402013254426361e-06,-2.8547335078490826e-05,1.5294268847862499e-06,7.516298533782497e-06
Vortex,XZ,0.003,0.0,0.044000000000000004,-1.4335227503019057e-05,1.289440609069781e-07,3.5466103576076778e-06,-1.4335227503019057e-05,1.289440609069781e-07,4.660895636963814e-06
Vortex,XZ,0.003999999999999999,0.0,0.044000000000000004,4.558969753827628e-06,-1.6380454332905753e-06,1.5820913525526295e-06,4.558969753827628e-06,-1.6380454332905753e-06,2.6963766319087653e-06
Vortex,XZ,0.005,0.0,0.044000000000000004,1.1382840186997363e-05,-2.44372492856518e-06,1.144635031707771e-06,1.1382840186997363e-05,-2.44372492856518e-06,2.2589203110639067e-06
Vortex,XZ,0.006000000000000001,0.0,0.044000000000000004,3.5068172268317407e-06,-1.8723694892052414e-06,1.7658098877159748e-06,3.5068172268317407e-06,-1.8723694892052414e-06,2.8800951670721106e-06
Vortex,XZ,0.007,0.0,0.044000000000000004,-8.203561187914975e-06,-5.51150496712325e-07,2.3187920893968647e-06,-8.203561187914975e-06,-5.51150496712325e-07,3.4330773687530007e-06
Vortex,XZ,-0.007,0.0,0.045000000000000005,7.284461057382653e-06,6.258658362537241e-07,1.938240410761377e-06,7.284461057382653e-06,6.258658362537241e-07,3.052525690117513e-06
Vortex,XZ,-0.006,0.0,0.045000000000000005,-5.469249283302304e-06,1.761572458947897e-06,1.6949106280127219e-06,-5.469249283302304e-06,1.761572458947897e-06,2.8091959073688577e-06
Vortex,XZ,-0.005,0.0,0.045000000000000005,-1.2713028319610064e-05,2.0893428702864915e-06,1.644474747013726e-06,-1.2713028319610064e-05,2.0893428702864915e-06,2.758760026369862e-06
Vortex,XZ,-0.004,0.0,0.045000000000000005,-3.620487580633773e-06,1.068907130321556e-06,2.4644748299874023e-06,-3.620487580633773e-06,1.068907130321556e-06,3.5787601093435383e-06
Vortex,XZ,-0.003,0.0,0.045000000000000005,1.7607654212846842e-05,-7.121237360317799e-07,4.349679466474617e-06,1.7607654212846842e-05,-7.121237360317799e-07,5.463964745830753e-06
Vortex,XZ,-0.002,0.0,0.045000000000000005,3.252280550405799e-05,-1.9544012529492454e-06,6.60961795022132e-06,3.252280550405799e-05,-1.9544012529492454e-06,7.723903229577456e-06
Vortex,XZ,-0.001,0.0,0.045000000000000005,2.585429823554655e-05,-1.64781273118403e-06,8.243447147467496e-06,2.585429823554655e-05,-1.64781273118403e-06,9.357732426823632e-06
Vortex,XZ,0.0,0.0,0.045000000000000005,6.947894528216393e-11,1.0856350623246446e-10,8.81237429058277e-06,6.947894528216393e-11,1.0856350623246446e-10,9.926659569938906e-06
Vortex,XZ,0.001,0.0,0.045000000000000005,-2.585420280368381e-05,1.6479978086751838e-06,8.24345724788782e-06,-2.585420280368381e-05,1.6479978086751838e-06,9.357742527243956e-06
Vortex,XZ,0.002000000000000001,0.0,0.045000000000000005,-3.252280240110914e-05,1.9545067191200153e-06,6.609634901644995e-06,-3.252280240110914e-05,1.9545067191200153e-06,7.723920181001131e-06
Vortex,XZ,0.003,0.0,0.045000000000000005,-1.760771487780728e-05,7.121455954905187e-07,4.34969827268969e-06,-1.760771487780728e-05,7.121455954905187e-07,5.463983552045826e-06
Vortex,XZ,0.003999999999999999,0.0,0.045000000000000005,3.620434444600759e-06,-1.068935066932903e-06,2.464490291978331e-06,3.620434444600759e-06,-1.068935066932903e-06,3.578775571334467e-06
Vortex,XZ,0.005,0.0,0.045000000000000005,1.2713030931636989e-05,-2.0893768533527215e-06,1.6444834572921051e-06,1.2713030931636989e-05,-2.0893768533527215e-06,2.758768736648241e-06
Vortex,XZ,0.006000000000000001,0.0,0.045000000000000005,5.469294555394989e-06,-1.7615839729090553e-06,1.69491307641965e-06,5.469294555394989e-06,-1.7615839729090553e-06,2.809198355775786e-06
Vortex,XZ,0.007,0.0,0.045000000000000005,-7.284428102610009e-06,-6.258535928700989e-07,1.938238652123867e-06,-7.284428102610009e-06,-6.258535928700989e-07,3.0525239314800027e-06
Vortex,XZ,-0.007,0.0,0.046,6.262181193905753e-06,5.978767477586205e-07,1.5528129749885241e-06,6.262181193905753e-06,5.978767477586205e-07,2.66709825434466e-06
Vortex,XZ,-0.006,0.0,0.046,-7.36869470739781e-06,1.5085407349067536e-06,1.6833774244623422e-06,-7.36869470739781e-06,1.5085407349067536e-06,2.797662703818478e-06
Vortex,XZ,-0.005,0.0,0.046,-1.3824001707484835e-05,1.5421774553457725e-06,2.247440811065971e-06,-1.3824001707484835e-05,1.5421774553457725e-06,3.3617260904221065e-06
Vortex,XZ,-0.004,0.0,0.046,-2.5983129491145566e-06,3.356874672285343e-07,3.428464981451262e-06,-2.5983129491145566e-06,3.356874672285343e-07,4.542750260807398e-06
Vortex,XZ,-0.003,0.0,0.046,2.0492723437112546e-05,-1.3735890481164964e-06,5.0475995393412246e-06,2.0492723437112546e-05,-1.3735890481164964e-06,6.1618848186973605e-06
Vortex,XZ,-0.002,0.0,0.046,3.5885233596962885e-05,-2.4060666514258636e-06,6.550409754744976e-06,3.5885233596962885e-05,-2.4060666514258636e-06,7.664695034101112e-06
Vortex,XZ,-0.001,0.0,0.046,2.8058243153371513e-05,-1.83564689290339e-06,7.355424871913078e-06,2.8058243153371513e-05,-1.83564689290339e-06,8.469710151269214e-06
Vortex,XZ,0.0,0.0,0.046,7.245179110703815e-11,1.1416887645029317e-10,7.556750321150504e-06,7.245179110703815e-11,1.1416887645029317e-10,8.67103560050664e-06
Vortex,XZ,0.001,0.0,0.046,-2.8058143824657545e-05,1.8358416575343078e-06,7.355433507154576e-06,-2.8058143824657545e-05,1.8358416575343078e-06,8.469718786510712e-06
Vortex,XZ,0.002000000000000001,0.0,0.046,-3.5885230844912575e-05,2.406177808320201e-06,6.550424437197589e-06,-3.5885230844912575e-05,2.406177808320201e-06,7.664709716553725e-06
Vortex,XZ,0.003,0.0,0.046,-2.049278854775265e-05,1.3736117448925253e-06,5.047616052305761e-06,-2.049278854775265e-05,1.3736117448925253e-06,6.161901331661897e-06
Vortex,XZ,0.003999999999999999,0.0,0.046,2.5982550242009243e-06,-3.357174810166876e-07,3.4284793313723607e-06,2.5982550242009243e-06,-3.357174810166876e-07,4.542764610728497e-06
Vortex,XZ,0.005,0.0,0.046,1.3824002485175374e-05,-1.5422136127402243e-06,2.247448877020144e-06,1.3824002485175374e-05,-1.5422136127402243e-06,3.36173415637628e-06
Vortex,XZ,0.006000000000000001,0.0,0.046,7.3687419611313565e-06,-1.5085527595455192e-06,1.6833787655654157e-06,7.3687419611313565e-06,-1.5085527595455192e-06,2.7976640449215514e-06
Vortex,XZ,0.007,0.0,0.046,-6.2621436542792675e-06,-5.978628528586026e-07,1.5528099550504448e-06,-6.2621436542792675e-06,-5.978628528586026e-07,2.6670952344065806e-06
Vortex,XZ,-0.007,0.0,0.047,5.206819675110782e-06,4.927047450936303e-07,1.1701041103691845e-06,5.206819675110782e-06,4.927047450936303e-07,2.2843893897253203e-06
Vortex,XZ,-0.006,0.0,0.047,-8.993291562331018e-06,1.1110793396230147e-06,1.753626387606705e-06,-8.993291562331018e-06,1.1110793396230147e-06,2.867911666962841e-06
Vortex,XZ,-0.005,0.0,0.047,-1.4601617097605659e-05,8.136018476114533e-07,2.9045411163913067e-06,-1.4601617097605659e-05,8.136018476114533e-07,4.018826395747443e-06
Vortex,XZ,-0.004,0.0,0.047,-1.667890629788626e-06,-4.967895782348776e-07,4.3659644343889395e-06,-1.667890629788626e-06,-4.967895782348776e-07,5.4802497137450755e-06
Vortex,XZ,-0.003,0.0,0.047,2.2795666797636174e-05,-2.116695588164067e-06,5.6261405185981535e-06,2.2795666797636174e-05,-2.116695588164067e-06,6.7404257979542895e-06
Vortex,XZ,-0.002,0.0,0.047,3.852943189371077e-05,-2.878924270796424e-06,6.240434426314707e-06,3.852943189371077e-05,-2.878924270796424e-06,7.354719705670843e-06
Vortex,XZ,-0.001,0.0,0.047,2.967516421690759e-05,-2.0413791791222993e-06,6.149766649419171e-06,2.967516421690759e-05,-2.0413791791222993e-06,7.264051928775307e-06
Vortex,XZ,0.0,0.0,0.047,7.465927739395913e-11,1.1745937846829462e-10,5.9535979270133575e-06,7.465927739395913e-11,1.1745937846829462e-10,7.0678832063694935e-06
Vortex,XZ,0.001,0.0,0.047,-2.967506192876814e-05,2.0415793384433526e-06,6.149772950492945e-06,-2.967506192876814e-05,2.0415793384433526e-06,7.264058229849081e-06
Vortex,XZ,0.002000000000000001,0.0,0.047,-3.852943003430815e-05,2.8790384385502163e-06,6.240445095860015e-06,-3.852943003430815e-05,2.8790384385502163e-06,7.354730375216151e-06
Vortex,XZ,0.003,0.0,0.047,-2.2795735902825895e-05,2.1167187491590543e-06,5.626153309762259e-06,-2.2795735902825895e-05,2.1167187491590543e-06,6.740438589118395e-06
Vortex,XZ,0.003999999999999999,0.0,0.047,1.6678284690912735e-06,4.967586431094717e-07,4.365976610880642e-06,1.6678284690912735e-06,4.967586431094717e-07,5.480261890236778e-06
Vortex,XZ,0.005,0.0,0.047,1.4601615267745174e-05,-8.136389308552161e-07,2.904547914816687e-06,1.4601615267745174e-05,-8.136389308552161e-07,4.018833194172823e-06
Vortex,XZ,0.006000000000000001,0.0,0.047,8.993339661565933e-06,-1.111091403488031e-06,1.753626339139883e-06,8.993339661565933e-06,-1.111091403488031e-06,2.867911618496019e-06
Vortex,XZ,0.007,0.0,0.047,-5.206778197579068e-06,-4.926890674974166e-07,1.1701001729050352e-06,-5.206778197579068e-06,-4.926890674974166e-07,2.284385452261171e-06
Vortex,XZ,-0.007,0.0,0.048,4.144284243636451e-06,3.080619543995744e-07,8.155950349199287e-07,4.144284243636451e-06,3.080619543995744e-07,1.9298803142760644e-06
Vortex,XZ,-0.006,0.0,0.048,-1.0228669382517395e-05,5.761333963037319e-07,1.8879386486185869e-06,-1.0228669382517395e-05,5.761333963037319e-07,3.0022239279747226e-06
Vortex,XZ,-0.005,0.0,0.048,-1.5075182230957762e-05,3.560730333613102e-08,3.5638367565207825e-06,-1.5075182230957762e-05,3.560730333613102e-08,4.6781220358769185e-06
Vortex,XZ,-0.004,0.0,0.048,-9.207710477139421e-07,-1.3398297764529656e-06,5.201362337980856e-06,-9.207710477139421e-07,-1.3398297764529656e-06,6.315647617336992e-06
Vortex,XZ,-0.003,0.0,0.048,2.4436026231771053e-05,-2.8281141803751575e-06,6.029112818558844e-06,2.4436026231771053e-05,-2.8281141803751575e-06,7.14339809791498e-06
Vortex,XZ,-0.002,0.0,0.048,4.0296327646136576e-05,-3.365627869821298e-06,5.66986163058099e-06,4.0296327646136576e-05,-3.365627869821298e-06,6.784146909937126e-06
Vortex,XZ,-0.001,0.0,0.048,3.0775406401216935e-05,-2.2738471543089374e-06,4.644390146594684e-06,3.0775406401216935e-05,-2.2738471543089374e-06,5.75867542595082e-06
Vortex,XZ,0.0,0.0,0.048,7.589411725396963e-11,1.1832056588359846e-10,4.110359757262874e-06,7.589411725396963e-11,1.1832056588359846e-10,5.22464503661901e-06
Vortex,XZ,0.001,0.0,0.048,-3.07753028988373e-05,2.274048781443004e-06,4.644393033030693e-06,-3.07753028988373e-05,2.274048781443004e-06,5.758678312386829e-06
Vortex,XZ,0.002000000000000001,0.0,0.048,-4.029632700056761e-05,3.365742863564534e-06,5.669866979630808e-06,-4.029632700056761e-05,3.365742863564534e-06,6.784152258986944e-06
Vortex,XZ,0.003,0.0,0.048,-2.443609885521032e-05,2.8281374245565035e-06,6.029120570796858e-06,-2.443609885521032e-05,2.8281374245565035e-06,7.143405850152994e-06
Vortex,XZ,0.003999999999999999,0.0,0.048,9.207046879098805e-07,1.339798236602162e-06,5.201371169655806e-06,9.207046879098805e-07,1.339798236602162e-06,6.315656449011942e-06
Vortex,XZ,0.005,0.0,0.048,1.5075177663411595e-05,-3.564412547577613e-08,3.563841671187832e-06,1.5075177663411595e-05,-3.564412547577613e-08,4.678126950543968e-06
Vortex,XZ,0.006000000000000001,0.0,0.048,1.0228717420011567e-05,-5.761443796028235e-07,1.887937445650842e-06,1.0228717420011567e-05,-5.761443796028235e-07,3.002222725006978e-06
Vortex,XZ,0.007,0.0,0.048,-4.144239755490452e-06,-3.080446472107785e-07,8.155905413843818e-07,-4.144239755490452e-06,-3.080446472107785e-07,1.9298758207405176e-06
Vortex,XZ,-0.007,0.0,0.049,3.2319619276746903e-06,7.832367781405065e-08,5.421520372966236e-07,3.2319619276746903e-06,7.832367781405065e-08,1.6564373166527594e-06
Vortex,XZ,-0.006,0.0,0.049,-1.1114048440174686e-05,4.4370132869787834e-08,2.0136929851455196e-06,-1.1114048440174686e-05,4.4370132869787834e-08,3.1279782645016556e-06
Vortex,XZ,-0.005,0.0,0.049,-1.523840434205736e-05,-7.213444020801678e-07,4.121707508596238e-06,-1.523840434205736e-05,-7.213444020801678e-07,5.235992787952374e-06
Vortex,XZ,-0.004,0.0,0.049,-3.5190289555918287e-07,-2.107078961397922e-06,5.869260320610543e-06,-3.5190289555918287e-07,-2.107078961397922e-06,6.983545599966679e-06
Vortex,XZ,-0.003,0.0,0.049,2.524366803208716e-05,-3.404003116795965e-06,6.219726649101499e-06,2.524366803208716e-05,-3.404003116795965e-06,7.334011928457635e-06
Vortex,XZ,-0.002,0.0,0.049,4.1128683220393024e-05,-3.7131669664345543e-06,4.8551372867195615e-06,4.1128683220393024e-05,-3.7131669664345543e-06,5.9694225660756975e-06
Vortex,XZ,-0.001,0.0,0.049,3.135020261188644e-05,-2.4693385917823054e-06,2.9328649439146633e-06,3.135020261188644e-05,-2.4693385917823054e-06,4.047150223270799e-06
Vortex,XZ,0.0,0.0,0.049,7.59763265648169e-11,1.173554325437448e-10,2.081596407132048e-06,7.59763265648169e-11,1.173554325437448e-10,3.1958816864881837e-06
Vortex,XZ,0.001,0.0,0.049,-3.135009946038674e-05,2.4695381563182715e-06,2.9328639423265415e-06,-3.135009946038674e-05,2.4695381563182715e-06,4.0471492216826775e-06
Vortex,XZ,0.002000000000000001,0.0,0.049,-4.112868400236698e-05,3.7132806446293618e-06,4.855136497571995e-06,-4.112868400236698e-05,3.7132806446293618e-06,5.969421776928131e-06
Vortex,XZ,0.003,0.0,0.049,-2.5243743427099106e-05,3.404025563928135e-06,6.219728821029349e-06,-2.5243743427099106e-05,3.404025563928135e-06,7.334014100385485e-06
Vortex,XZ,0.003999999999999999,0.0,0.049,3.518327903347958e-07,2.1070473323618703e-06,5.869264931358342e-06,3.518327903347958e-07,2.1070473323618703e-06,6.983550210714478e-06
Vortex,XZ,0.005,0.0,0.049,1.5238397068381568e-05,7.213084612074935e-07,4.1217099837407966e-06,1.5238397068381568e-05,7.213084612074935e-07,5.2359952630969325e-06
Vortex,XZ,0.006000000000000001,0.0,0.049,1.111409606947854e-05,-4.4379611345826674e-08,2.0136906698691403e-06,1.111409606947854e-05,-4.4379611345826674e-08,3.1279759492252763e-06
Vortex,XZ,0.007,0.0,0.049,-3.2319148203534015e-06,-7.830529696526521e-08,5.421470706301869e-07,-3.2319148203534015e-06,-7.830529696526521e-08,1.6564323499863227e-06
Vortex,XZ,-0.007,0.0,0.05,2.452211114308194e-06,-1.6302385488516607e-07,3.03346899360884e-07,2.452211114308194e-06,-1.6302385488516607e-07,1.4176321787170198e-06
Vortex,XZ,-0.006,0.0,0.05,-1.1636792160357382e-05,-5.310616821662723e-07,2.103542244647847e-06,-1.1636792160357382e-05,-5.310616821662723e-07,3.217827524003983e-06
Vortex,XZ,-0.005,0.0,0.05,-1.5159601048942901e-05,-1.4708882719905761e-06,4.515909842744721e-06,-1.5159601048942901e-05,-1.4708882719905761e-06,5.630195122100857e-06
Vortex,XZ,-0.004,0.0,0.05,-6.426800693214726e-08,-2.7804255868322174e-06,6.330436721225898e-06,-6.426800693214726e-08,-2.7804255868322174e-06,7.444722000582034e-06
Vortex,XZ,-0.003,0.0,0.05,2.5293433893904682e-05,-3.830392363065917e-06,6.188004475597732e-06,2.5293433893904682e-05,-3.830392363065917e-06,7.302289754953868e-06
Vortex,XZ,-0.002,0.0,0.05,4.106713081129507e-05,-3.894409851603333e-06,3.943467763991773e-06,4.106713081129507e-05,-3.894409851603333e-06,5.057753043347909e-06
Vortex,XZ,-0.001,0.0,0.05,3.1373915660458446e-05,-2.5307993493725548e-06,1.1590603689781986e-06,3.1373915660458446e-05,-2.5307993493725548e-06,2.2733456483343344e-06
Vortex,XZ,0.0,0.0,0.05,7.489297117889795e-11,1.1469044566322055e-10,-6.807267143926292e-08,7.489297117889795e-11,1.1469044566322055e-10,1.0462126079168729e-06
Vortex,XZ,0.001,0.0,0.05,-3.137381446554919e-05,2.530993666534927e-06,1.1590551792113745e-06,-3.137381446554919e-05,2.530993666534927e-06,2.2733404585675103e-06
Vortex,XZ,0.002000000000000001,0.0,0.05,-4.1067133462812936e-05,3.894520182871147e-06,3.943460640529509e-06,-4.1067133462812936e-05,3.894520182871147e-06,5.057745919885645e-06
Vortex,XZ,0.003,0.0,0.05,-2.5293511558634415e-05,3.830413482540676e-06,6.188000478922958e-06,-2.5293511558634415e-05,3.830413482540676e-06,7.302285758279094e-06
Vortex,XZ,0.003999999999999999,0.0,0.05,6.419512973960685e-08,2.7803945185649743e-06,6.330436659294158e-06,6.419512973960685e-08,2.7803945185649743e-06,7.444721938650294e-06
Vortex,XZ,0.005,0.0,0.05,1.5159591353029473e-05,1.4708540363380664e-06,4.515909877047422e-06,1.5159591353029473e-05,1.4708540363380664e-06,5.630195156403558e-06
Vortex,XZ,0.006000000000000001,0.0,0.05,1.1636838914910104e-05,5.310538470778268e-07,2.1035389878815457e-06,1.1636838914910104e-05,5.310538470778268e-07,3.2178242672376816e-06
Vortex,XZ,0.007,0.0,0.05,-2.4521618908962117e-06,1.6304306094129013e-07,3.033415458187244e-07,-2.4521618908962117e-06,1.6304306094129013e-07,1.4176268251748602e-06
Vortex,XZ,-0.007,0.0,0.051000000000000004,1.8073601098755249e-06,-4.1907853723840876e-07,1.1866602791931443e-07,1.8073601098755249e-06,-4.1907853723840876e-07,1.2329513072754502e-06
Vortex,XZ,-0.006,0.0,0.051000000000000004,-1.1844190432207369e-05,-1.062772605901267e-06,2.11001438421496e-06,-1.1844190432207369e-05,-1.062772605901267e-06,3.224299663571096e-06
Vortex,XZ,-0.005,0.0,0.051000000000000004,-1.4918294560756708e-05,-2.148220773598619e-06,4.773118643421548e-06,-1.4918294560756708e-05,-2.148220773598619e-06,5.887403922777684e-06
Vortex,XZ,-0.004,0.0,0.051000000000000004,1.819131046684346e-08,-3.376247316032691e-06,6.632150007812319e-06,1.819131046684346e-08,-3.376247316032691e-06,7.746435287168455e-06
Vortex,XZ,-0.003,0.0,0.051000000000000004,2.4738929372298845e-05,-4.145568068966408e-06,6.0350670125937136e-06,2.4738929372298845e-05,-4.145568068966408e-06,7.1493522919498496e-06
Vortex,XZ,-0.002,0.0,0.051000000000000004,4.012623442389128e-05,-3.919771074012922e-06,3.028261121917955e-06,4.012623442389128e-05,-3.919771074012922e-06,4.142546401274091e-06
Vortex,XZ,-0.001,0.0,0.051000000000000004,3.072579562393351e-05,-2.482467006645716e-06,-5.464946879474607e-07,3.072579562393351e-05,-2.482467006645716e-06,5.67790591408675e-07
Vortex,XZ,0.0,0.0,0.051000000000000004,7.272943118349793e-11,1.1026408239488884e-10,-2.150115851683358e-06,7.272943118349793e-11,1.1026408239488884e-10,-1.0358305723272226e-06
Vortex,XZ,0.001,0.0,0.051000000000000004,-3.07256978186245e-05,2.4826534707468814e-06,-5.465038849579414e-07,-3.07256978186245e-05,2.4826534707468814e-06,5.677813943981944e-07
Vortex,XZ,0.002000000000000001,0.0,0.051000000000000004,-4.012623886683941e-05,3.919876540377346e-06,3.0282478158549065e-06,-4.012623886683941e-05,3.919876540377346e-06,4.1425330952110425e-06
Vortex,XZ,0.003,0.0,0.051000000000000004,-2.473900836169332e-05,4.1455874875272515e-06,6.03505689918602e-06,-2.473900836169332e-05,4.1455874875272515e-06,7.149342178542156e-06
Vortex,XZ,0.003999999999999999,0.0,0.051000000000000004,-1.8266256624506475e-08,3.3762170510834608e-06,6.632145079395268e-06,-1.8266256624506475e-08,3.3762170510834608e-06,7.746430358751404e-06
Vortex,XZ,0.005,0.0,0.051000000000000004,1.4918282558906953e-05,2.1481884034265713e-06,4.773116126031823e-06,1.4918282558906953e-05,2.1481884034265713e-06,5.887401405387959e-06
Vortex,XZ,0.006000000000000001,0.0,0.051000000000000004,1.1844235984668027e-05,1.0627663694948473e-06,2.1100104211735042e-06,1.1844235984668027e-05,1.0627663694948473e-06,3.22429570052964e-06
Vortex,XZ,0.007,0.0,0.051000000000000004,-1.8073095438398743e-06,4.1909851630126675e-07,1.1866072916906839e-07,-1.8073095438398743e-06,4.1909851630126675e-07,1.2329460085252042e-06
Vortex,XZ,-0.007,0.0,0.052000000000000005,1.3446886594755493e-06,-7.111309471165867e-07,-2.4468516204483994e-08,1.3446886594755493e-06,-7.111309471165867e-07,1.0898167631516518e-06
Vortex,XZ,-0.006,0.0,0.052000000000000005,-1.1791107613943258e-05,-1.5880108589118397e-06,2.053118892001143e-06,-1.1791107613943258e-05,-1.5880108589118397e-06,3.167404171357279e-06
Vortex,XZ,-0.005,0.0,0.052000000000000005,-1.455145947187711e-05,-2.75260504880182e-06,4.882961854608312e-06,-1.455145947187711e-05,-2.75260504880182e-06,5.997247133964448e-06
Vortex,XZ,-0.004,0.0,0.052000000000000005,-2.4858347899654642e-08,-3.8537067171277205e-06,6.681080346997951e-06,-2.4858347899654642e-08,-3.8537067171277205e-06,7.795365626354087e-06
Vortex,XZ,-0.003,0.0,0.052000000000000005,2.3726584394071813e-05,-4.328752316145947e-06,5.701390261206234e-06,2.3726584394071813e-05,-4.328752316145947e-06,6.81567554056237e-06
Vortex,XZ,-0.002,0.0,0.052000000000000005,3.841190765713779e-05,-3.853230042746737e-06,2.1082572534207167e-06,3.841190765713779e-05,-3.853230042746737e-06,3.2225425327768526e-06
Vortex,XZ,-0.001,0.0,0.052000000000000005,2.943463294843194e-05,-2.324608104622116e-06,-2.079456201996802e-06,2.943463294843194e-05,-2.324608104622116e-06,-9.651709226406664e-07
Vortex,XZ,0.0,0.0,0.052000000000000005,6.95925916189787e-11,1.0416569568295797e-10,-3.973185000236212e-06,6.95925916189787e-11,1.0416569568295797e-10,-2.8588997208800767e-06
Vortex,XZ,0.001,0.0,0.052000000000000005,-2.9434539647144665e-05,2.3247843172265092e-06,-2.079469041239269e-06,-2.9434539647144665e-05,2.3247843172265092e-06,-9.65183761883133e-07
Vortex,XZ,0.002000000000000001,0.0,0.052000000000000005,-3.8411913811934544e-05,3.8533288710384284e-06,2.108238342116689e-06,-3.8411913811934544e-05,3.8533288710384284e-06,3.222523621472825e-06
Vortex,XZ,0.003,0.0,0.052000000000000005,-2.3726663832804162e-05,4.328769642986641e-06,5.701374369354297e-06,-2.3726663832804162e-05,4.328769642986641e-06,6.815659648710433e-06
Vortex,XZ,0.003999999999999999,0.0,0.052000000000000005,2.4782270557270616e-08,3.85367749343348e-06,6.681070813021517e-06,2.4782270557270616e-08,3.85367749343348e-06,7.795356092377653e-06
Vortex,XZ,0.005,0.0,0.052000000000000005,1.4551445541323263e-05,2.7525747403862906e-06,4.882956970630629e-06,1.4551445541323263e-05,2.7525747403862906e-06,5.997242249986765e-06
Vortex,XZ,0.006000000000000001,0.0,0.052000000000000005,1.1791151694276789e-05,1.5880063491815343e-06,2.0531144572183534e-06,1.1791151694276789e-05,1.5880063491815343e-06,3.1673997365744893e-06
Vortex,XZ,0.007,0.0,0.052000000000000005,-1.3446376087356776e-06,7.111515297146457e-07,-2.4473599508555815e-08,-1.3446376087356776e-06,7.111515297146457e-07,1.08981167984758e-06
Vortex,XZ,-0.007,0.0,0.053000000000000005,1.1158207995623036e-06,-9.969281154354217e-07,-2.0650085790244234e-07,1.1158207995623036e-06,-9.969281154354217e-07,9.077844214536934e-07
Vortex,XZ,-0.006,0.0,0.053000000000000005,-1.1483679376706654e-05,-2.092948249244073e-06,1.9696018327315023e-06,-1.1483679376706654e-05,-2.092948249244073e-06,3.0838871120876383e-06
Vortex,XZ,-0.005,0.0,0.053000000000000005,-1.4094023495169927e-05,-3.30334279864265e-06,4.828340742391197e-06,-1.4094023495169927e-05,-3.30334279864265e-06,5.942626021747333e-06
Vortex,XZ,-0.004,0.0,0.053000000000000005,-2.541877130614072e-07,-4.2139754819865775e-06,6.495576655211906e-06,-2.541877130614072e-07,-4.2139754819865775e-06,7.609861934568042e-06
Vortex,XZ,-0.003,0.0,0.053000000000000005,2.229951982542018e-05,-4.400653302969177e-06,5.179696205010166e-06,2.229951982542018e-05,-4.400653302969177e-06,6.293981484366302e-06
Vortex,XZ,-0.002,0.0,0.053000000000000005,3.603694643573342e-05,-3.6911501407033998e-06,1.0785680783103452e-06,3.603694643573342e-05,-3.6911501407033998e-06,2.192853357666481e-06
Vortex,XZ,-0.001,0.0,0.053000000000000005,2.757682511633735e-05,-2.1659284164907205e-06,-3.424198404205136e-06,2.757682511633735e-05,-2.1659284164907205e-06,-2.3099131248490005e-06
Vortex,XZ,0.0,0.0,0.053000000000000005,6.559336373093079e-11,9.693600960806372e-11,-5.426850731364054e-06,6.559336373093079e-11,9.693600960806372e-11,-4.312565452007918e-06
Vortex,XZ,0.001,0.0,0.053000000000000005,-2.7576737550639576e-05,2.1660923507122707e-06,-3.424214296799956e-06,-2.7576737550639576e-05,2.1660923507122707e-06,-2.3099290174438205e-06
Vortex,XZ,0.002000000000000001,0.0,0.053000000000000005,-3.603695408952833e-05,3.6912414794620964e-06,1.0785447100794173e-06,-3.603695408952833e-05,3.6912414794620964e-06,2.192829989435553e-06
Vortex,XZ,0.003,0.0,0.053000000000000005,-2.2299598591327182e-05,4.4006686149416795e-06,5.179675250438707e-06,-2.2299598591327182e-05,4.4006686149416795e-06,6.293960529794843e-06
Vortex,XZ,0.003999999999999999,0.0,0.053000000000000005,2.541117624518216e-07,4.213947608049794e-06,6.495563313399525e-06,2.541117624518216e-07,4.213947608049794e-06,7.609848592755661e-06
Vortex,XZ,0.005,0.0,0.053000000000000005,1.4094008188044797e-05,3.303314859785888e-06,4.828333957964342e-06,1.4094008188044797e-05,3.303314859785888e-06,5.942619237320478e-06
Vortex,XZ,0.006000000000000001,0.0,0.053000000000000005,1.1483721814730735e-05,2.0929457015379366e-06,1.9695972229012414e-06,1.1483721814730735e-05,2.0929457015379366e-06,3.083882502257377e-06
Vortex,XZ,0.007,0.0,0.053000000000000005,-1.1157698456954026e-06,9.969492205493586e-07,-2.065056491966024e-07,-1.1157698456954026e-06,9.969492205493586e-07,9.077796301595334e-07
Vortex,XZ,-0.007,0.0,0.054,1.0481097077854608e-06,-1.2640270277092317e-06,-3.6366628740125285e-07,1.0481097077854608e-06,-1.2640270277092317e-06,7.506189919548829e-07
Vortex,XZ,-0.006,0.0,0.054,-1.091728855050591e-05,-2.5484617189969375e-06,1.7875864253393418e-06,-1.091728855050591e-05,-2.5484617189969375e-06,2.9018717046954775e-06
Vortex,XZ,-0.005,0.0,0.054,-1.3581020830492083e-05,-3.7666122174392876e-06,4.601643592997618e-06,-1.3581020830492083e-05,-3.7666122174392876e-06,5.715928872353754e-06
Vortex,XZ,-0.004,0.0,0.054,-6.352334483478767e-07,-4.474916539248477e-06,6.111536005512607e-06,-6.352334483478767e-07,-4.474916539248477e-06,7.225821284868743e-06
Vortex,XZ,-0.003,0.0,0.054,2.0440713811541736e-05,-4.436382985872145e-06,4.515347735281608e-06,2.0440713811541736e-05,-4.436382985872145e-06,5.629633014637744e-06
Vortex,XZ,-0.002,0.0,0.054,3.3223549916577725e-05,-3.5455364168744643e-06,1.0354726231606554e-07,3.3223549916577725e-05,-3.5455364168744643e-06,1.2178325416722013e-06
Vortex,XZ,-0.001,0.0,0.054,2.5448914113030212e-05,-1.990803789707667e-06,-4.572544664875638e-06,2.5448914113030212e-05,-1.990803789707667e-06,-3.458259385519502e-06
Vortex,XZ,0.0,0.0,0.054,6.088726794831479e-11,8.882307247014198e-11,-6.532404580354272e-06,6.088726794831479e-11,8.882307247014198e-11,-5.418119300998136e-06
Vortex,XZ,0.001,0.0,0.054,-2.5448833751928748e-05,1.9909539008537293e-06,-4.572562514421314e-06,-2.5448833751928748e-05,1.9909539008537293e-06,-3.4582772350651776e-06
Vortex,XZ,0.002000000000000001,0.0,0.054,-3.322355948625435e-05,3.5456192930884827e-06,1.035202654115935e-07,-3.322355948625435e-05,3.5456192930884827e-06,1.2178055447677293e-06
Vortex,XZ,0.003,0.0,0.054,-2.0440790873357083e-05,4.4363959706134865e-06,4.515322808418977e-06,-2.0440790873357083e-05,4.4363959706134865e-06,5.629608087775113e-06
Vortex,XZ,0.003999999999999999,0.0,0.054,6.351591137624405e-07,4.474890369360007e-06,6.111519792697987e-06,6.351591137624405e-07,4.474890369360007e-06,7.225805072054123e-06
Vortex,XZ,0.005,0.0,0.054,1.3581005193169551e-05,3.7665871253866124e-06,4.601635438558466e-06,1.3581005193169551e-05,3.7665871253866124e-06,5.715920717914602e-06
Vortex,XZ,0.006000000000000001,0.0,0.054,1.0917329302168486e-05,2.5484612173523086e-06,1.7875819979128267e-06,1.0917329302168486e-05,2.5484612173523086e-06,2.9018672772689625e-06
Vortex,XZ,0.007,0.0,0.054,-1.0480594485810197e-06,1.2640484075595915e-06,-3.636706940770116e-07,-1.0480594485810197e-06,1.2640484075595915e-06,7.506145852791242e-07
Vortex,XZ,-0.007,0.0,0.055,1.0852335079665602e-06,-1.443370891290831e-06,-4.7455149744946173e-07,1.0852335079665602e-06,-1.443370891290831e-06,6.39733781906674e-07
Vortex,XZ,-0.006,0.0,0.055,-1.0183780501550395e-05,-2.850938570601801e-06,1.546480555708402e-06,-1.0183780501550395e-05,-2.850938570601801e-06,2.660765835064538e-06
Vortex,XZ,-0.005,0.0,0.055,-1.2934356653698532e-05,-4.051729286360807e-06,4.2358133975473234e-06,-1.2934356653698532e-05,-4.051729286360807e-06,5.350098676903459e-06
Vortex,XZ,-0.004,0.0,0.055,-1.1676735517256804e-06,-4.618795451595693e-06,5.554054153087708e-06,-1.1676735517256804e-06,-4.618795451595693e-06,6.668339432443844e-06
Vortex,XZ,-0.003,0.0,0.055,1.8244709833028738e-05,-4.385098844960891e-06,3.812080500956297e-06,1.8244709833028738e-05,-4.385098844960891e-06,4.926365780312433e-06
Vortex,XZ,-0.002,0.0,0.055,3.0108201587054084e-05,-3.366695789649917e-06,-7.059541650322795e-07,3.0108201587054084e-05,-3.366695789649917e-06,4.0833111432385624e-07
Vortex,XZ,-0.001,0.0,0.055,2.3145496901639884e-05,-1.7844785437210362e-06,-5.461634540063221e-06,2.3145496901639884e-05,-1.7844785437210362e-06,-4.347349260707085e-06
Vortex,XZ,0.0,0.0,0.055,5.5509110332264714e-11,8.018642137474862e-11,-7.466865593551521e-06,5.5509110332264714e-11,8.018642137474862e-11,-6.3525803141953854e-06
Vortex,XZ,0.001,0.0,0.055,-2.3145424497714306e-05,1.7846136936107345e-06,-5.461653509943199e-06,-2.3145424497714306e-05,1.7846136936107345e-06,-4.347368230587063e-06
Vortex,XZ,0.002000000000000001,0.0,0.055,-3.0108213359798345e-05,3.366769262336187e-06,-7.059834725285795e-07,-3.0108213359798345e-05,3.366769262336187e-06,4.0830180682755623e-07
Vortex,XZ,0.003,0.0,0.055,-1.8244784578801782e-05,4.385109105110498e-06,3.8120532118289794e-06,-1.8244784578801782e-05,4.385109105110498e-06,4.926338491185115e-06
Vortex,XZ,0.003999999999999999,0.0,0.055,1.1676022590973085e-06,4.618771201189143e-06,5.554036332563511e-06,1.1676022590973085e-06,4.618771201189143e-06,6.668321611919647e-06
Vortex,XZ,0.005,0.0,0.055,1.2934341814338764e-05,4.051707429958537e-06,4.235804514536066e-06,1.2934341814338764e-05,4.051707429958537e-06,5.350089793892202e-06
Vortex,XZ,0.006000000000000001,0.0,0.055,1.0183819882506983e-05,2.8509400267728204e-06,1.5464760575865e-06,1.0183819882506983e-05,2.8509400267728204e-06,2.660761336942636e-06
Vortex,XZ,0.007,0.0,0.055,-1.0851844710349375e-06,1.4433921792526036e-06,-4.745556957095906e-07,-1.0851844710349375e-06,1.4433921792526036e-06,6.397295836465452e-07
Vortex,XZ,-0.007,0.0,0.056,1.1444810258662842e-06,-1.556027467068304e-06,-5.931711113902054e-07,1.1444810258662842e-06,-1.556027467068304e-06,5.211141679659303e-07
Vortex,XZ,-0.006,0.0,0.056,-9.3283281069154e-06,-3.037106734627082e-06,1.2309744773049789e-06,-9.3283281069154e-06,-3.037106734627082e-06,2.3452597566611147e-06
Vortex,XZ,-0.005,0.0,0.056,-1.2163349589118306e-05,-4.192240648551296e-06,3.706427461613851e-06,-1.2163349589118306e-05,-4.192240648551296e-06,4.820712740969987e-06
Vortex,XZ,-0.004,0.0,0.056,-1.768248373552041e-06,-4.636949170035491e-06,4.8702519718737765e-06,-1.768248373552041e-06,-4.636949170035491e-06,5.9845372512299124e-06
Vortex,XZ,-0.003,0.0,0.056,1.5891551685949027e-05,-4.273818072076732e-06,3.098347845637164e-06,1.5891551685949027e-05,-4.273818072076732e-06,4.2126331249933e-06
Vortex,XZ,-0.002,0.0,0.056,2.6786319103573407e-05,-3.179983278465865e-06,-1.3663357415107087e-06,2.6786319103573407e-05,-3.179983278465865e-06,-2.520504621545728e-07
Vortex,XZ,-0.001,0.0,0.056,2.0702141661517243e-05,-1.6032959514123517e-06,-6.093918282298414e-06,2.0702141661517243e-05,-1.6032959514123517e-06,-4.979633002942278e-06
Vortex,XZ,0.0,0.0,0.056,4.958369937281686e-11,7.123724935494616e-11,-8.120231334191864e-06,4.958369937281686e-11,7.123724935494616e-11,-7.005946054835728e-06
Vortex,XZ,0.001,0.0,0.056,-2.0702077789094837e-05,1.603415554787083e-06,-6.093937548655427e-06,-2.0702077789094837e-05,1.603415554787083e-06,-4.979652269299291e-06
Vortex,XZ,0.002000000000000001,0.0,0.056,-2.6786333004351467e-05,3.1800472224129794e-06,-1.366365810497917e-06,-2.6786333004351467e-05,3.1800472224129794e-06,-2.52080531141781e-07
Vortex,XZ,0.003,0.0,0.056,-1.5891623391507107e-05,4.273825445844122e-06,3.0983199068547177e-06,-1.5891623391507107e-05,4.273825445844122e-06,4.212605186210854e-06
Vortex,XZ,0.003999999999999999,0.0,0.056,1.7681813526153175e-06,4.636926955599846e-06,4.870233987975783e-06,1.7681813526153175e-06,4.636926955599846e-06,5.984519267331919e-06
Vortex,XZ,0.005,0.0,0.056,1.2163336397756693e-05,4.192222092532264e-06,3.7064186979983733e-06,1.2163336397756693e-05,4.192222092532264e-06,4.820703977354509e-06
Vortex,XZ,0.006000000000000001,0.0,0.056,9.32836627656399e-06,3.0371100446627085e-06,1.2309701543943412e-06,9.32836627656399e-06,3.0371100446627085e-06,2.345255433750477e-06
Vortex,XZ,0.007,0.0,0.056,-1.1444336110197783e-06,1.5560484033931577e-06,-5.931751433181444e-07,-1.1444336110197783e-06,1.5560484033931577e-06,5.211101360379913e-07
Vortex,XZ,-0.007,0.0,0.057,1.2463316911251151e-06,-1.6204317026098176e-06,-7.202652946754965e-07,1.2463316911251151e-06,-1.6204317026098176e-06,3.9401998468063933e-07
Vortex,XZ,-0.006,0.0,0.057,-8.390885002423971e-06,-3.0774315681536303e-06,8.783483866836033e-07,-8.390885002423971e-06,-3.0774315681536303e-06,1.992633666039739e-06
Vortex,XZ,-0.005,0.0,0.057,-1.1314893797210456e-05,-4.179000114714377e-06,3.08936053963217e-06,-1.1314893797210456e-05,-4.179000114714377e-06,4.203645818988306e-06
Vortex,XZ,-0.004,0.0,0.057,-2.337679817360529e-06,-4.501418933089881e-06,4.09941292291173e-06,-2.337679817360529e-06,-4.501418933089881e-06,5.213698202267866e-06
Vortex,XZ,-0.003,0.0,0.057,1.3445359821847457e-05,-4.0538270962060095e-06,2.360830892472371e-06,1.3445359821847457e-05,-4.0538270962060095e-06,3.475116171828507e-06
Vortex,XZ,-0.002,0.0,0.057,2.3404576310072955e-05,-2.9406843660540677e-06,-1.9397054479291267e-06,2.3404576310072955e-05,-2.9406843660540677e-06,-8.254201685729909e-07
Vortex,XZ,-0.001,0.0,0.057,1.8176275252366927e-05,-1.4690086609435832e-06,-6.493003508385246e-06,1.8176275252366927e-05,-1.4690086609435832e-06,-5.37871822902911e-06
Vortex,XZ,0.0,0.0,0.057,4.371224220611768e-11,6.235299536940408e-11,-8.39967456529209e-06,4.371224220611768e-11,6.235299536940408e-11,-7.285389285935955e-06
Vortex,XZ,0.001,0.0,0.057,-1.817622024290313e-05,1.4691129380072595e-06,-6.493022440365686e-06,-1.817622024290313e-05,1.4691129380072595e-06,-5.37873716100955e-06
Vortex,XZ,0.002000000000000001,0.0,0.057,-2.3404592206023665e-05,2.9407390271088732e-06,-1.939734740800543e-06,-2.3404592206023665e-05,2.9407390271088732e-06,-8.254494614444072e-07
Vortex,XZ,0.003,0.0,0.057,-1.3445427631400379e-05,4.053831912140282e-06,2.3608038491923224e-06,-1.3445427631400379e-05,4.053831912140282e-06,3.4750891285484584e-06
Vortex,XZ,0.003999999999999999,0.0,0.057,2.3376180135912157e-06,4.5013987844432825e-06,4.099395845894929e-06,2.3376180135912157e-06,4.5013987844432825e-06,5.2136811252510646e-06
Vortex,XZ,0.005,0.0,0.057,1.1314882797750485e-05,4.178984826575299e-06,3.0893525825537907e-06,1.1314882797750485e-05,4.178984826575299e-06,4.203637861909927e-06
Vortex,XZ,0.006000000000000001,0.0,0.057,8.390922033832217e-06,3.0774364874111234e-06,8.783442836745742e-07,8.390922033832217e-06,3.0774364874111234e-06,1.99262956303071e-06
Vortex,XZ,0.007,0.0,0.057,-1.2462862759914467e-06,1.6204522194584189e-06,-7.202692342409331e-07,-1.2462862759914467e-06,1.6204522194584189e-06,3.940160451152026e-07
Twin,XY,-0.007,-0.007,0.05,-2.496930861477184e-06,-2.5206522097164103e-06,-5.357194917264954e-07,-2.496930861477184e-06,-2.5206522097164103e-06,5.785657876296404e-07
Twin,XY,-0.006,-0.007,0.05,1.6763832656732102e-07,1.4760788219665077e-06,-4.1828742793941386e-07,1.6763832656732102e-07,1.4760788219665077e-06,6.959978514167219e-07
Twin,XY,-0.005,-0.007,0.05,2.305842215926092e-06,5.5275932395103974e-06,-4.498964145294581e-07,2.305842215926092e-06,5.5275932395103974e-06,6.643888648266777e-07
Twin,XY,-0.004,-0.007,0.05,2.742642563621005e-06,7.428253927956412e-06,-6.569410914336172e-07,2.742642563621005e-06,7.428253927956412e-06,4.573441879225186e-07
Twin,XY,-0.003,-0.007,0.05,1.7094388919934443e-06,6.281443590362392e-06,-9.634277773321795e-07,1.7094388919934443e-06,6.281443590362392e-06,1.5085750202395643e-07
Twin,XY,-0.002,-0.007,0.05,3.7497746571844223e-07,3.078523375274063e-06,-1.2702981199567777e-06,3.7497746571844223e-07,3.078523375274063e-06,-1.5601284060064185e-07
Twin,XY,-0.001,-0.007,0.05,-1.739565516018859e-07,-7.735995288666454e-08,-1.437665888054557e-06,-1.739565516018859e-07,-7.735995288666454e-08,-3.233806086984212e-07
Twin,XY,0.0,-0.007,0.05,1.456692959834715e-07,-1.2769092888152248e-06,-1.3996422078062928e-06,1.456692959834715e-07,-1.2769092888152248e-06,-2.8535692845015697e-07
Twin,XY,0.001,-0.007,0.05,4.471677012062093e-07,2.471817218091615e-07,-1.1637507186136971e-06,4.471677012062093e-07,2.471817218091615e-07,-4.9465439257561276e-08
Twin,XY,0.002000000000000001,-0.007,0.05,-1.506260960910444e-07,3.712566370903469e-06,-8.036909710293397e-07,-1.506260960910444e-07,3.712566370903469e-06,3.1059430832679605e-07
Twin,XY,0.003,-0.007,0.05,-1.602779159522991e-06,7.156767732474426e-06,-4.284045597430027e-07,-1.602779159522991e-06,7.156767732474426e-06,6.858807196131331e-07
Twin,XY,0.003999999999999999,-0.007,0.05,-2.7791352088140864e-06,8.414477331203461e-06,-1.6382595136600572e-07,-2.7791352088140864e-06,8.414477331203461e-06,9.504593279901301e-07
Twin,XY,0.005,-0.007,0.05,-2.4796488483946514e-06,6.500738992222014e-06,-1.0409370970293923e-07,-2.4796488483946514e-06,6.500738992222014e-06,1.0101915696531965e-06
Twin,XY,0.006000000000000001,-0.007,0.05,-4.2745654303931884e-07,2.3265671666095245e-06,-2.5694504163385936e-07,-4.2745654303931884e-07,2.3265671666095245e-06,8.573402377222764e-07
Twin,XY,0.007,-0.007,0.05,2.23313808362201e-06,-1.8781534485115554e-06,-5.961824046863224e-07,2.23313808362201e-06,-1.8781534485115554e-06,5.181028746698133e-07
Twin,XY,-0.007,-0.006,0.05,2.5237114091384046e-06,5.6570035868686334e-06,-3.848456376229068e-07,2.5237114091384046e-06,5.6570035868686334e-06,7.29439641733229e-07
Twin,XY,-0.006,-0.006,0.05,5.3650318275895525e-06,1.1814628530785722e-05,-3.8321867273880306e-07,5.3650318275895525e-06,1.1814628530785722e-05,7.310666066173327e-07
Twin,XY,-0.005,-0.006,0.05,5.074831942473983e-06,1.5486448569999996e-05,-4.992149013724901e-07,5.074831942473983e-06,1.5486448569999996e-05,6.150703779836457e-07
Twin,XY,-0.004,-0.006,0.05,1.805531550466189e-06,1.503096788786473e-05,-7.221092732650109e-07,1.805531550466189e-06,1.503096788786473e-05,3.9217600609112484e-07
Twin,XY,-0.003,-0.006,0.05,-2.1711327863240295e-06,1.103892856939824e-05,-1.0080122920410055e-06,-2.1711327863240295e-06,1.103892856939824e-05,1.0627298731513032e-07
Twin,XY,-0.002,-0.006,0.05,-4.1768540569794725e-06,5.784220661388541e-06,-1.271950978557117e-06,-4.1768540569794725e-06,5.784220661388541e-06,-1.5766569920098114e-07
Twin,XY,-0.001,-0.006,0.05,-3.0868365568782176e-06,1.6581758055306508e-06,-1.3962205286113166e-06,-3.0868365568782176e-06,1.6581758055306508e-06,-2.819352492551808e-07
Twin,XY,0.0,-0.006,0.05,2.4814329172448874e-07,1.658980574661314e-07,-1.3414440077199717e-06,2.4814329172448874e-07,1.658980574661314e-07,-2.2715872836383598e-07
Twin,XY,0.001,-0.006,0.05,3.5803144450353476e-06,1.8293924311375194e-06,-1.1297765109196238e-06,3.5803144450353476e-06,1.8293924311375194e-06,-1.5491231563488073e-08
Twin,XY,0.002000000000000001,-0.006,0.05,4.638596749664941e-06,6.133268229319009e-06,-8.347121376996691e-07,4.638596749664941e-06,6.133268229319009e-06,2.7957314165646665e-07
Twin,XY,0.003,-0.006,0.05,2.4991816556059303e-06,1.1544066346350534e-05,-4.893175864969103e-07,2.4991816556059303e-06,1.1544066346350534e-05,6.249676928592255e-07
Twin,XY,0.003999999999999999,-0.006,0.05,-1.6851897789520254e-06,1.5650280050755458e-05,-2.471319837091052e-07,-1.6851897789520254e-06,1.5650280050755458e-05,8.671532956470306e-07
Twin,XY,0.005,-0.006,0.05,-5.214122212429835e-06,1.6151447743500193e-05,-1.3925885961044736e-07,-5.214122212429835e-06,1.6151447743500193e-05,9.750264197456884e-07
Twin,XY,0.006000000000000001,-0.006,0.05,-5.725914555127204e-06,1.2423506267874942e-05,-1.7605265361175957e-07,-5.725914555127204e-06,1.2423506267874942e-05,9.382326257443762e-07
Twin,XY,0.007,-0.006,0.05,-2.9686652030445913e-06,6.113321314867748e-06,-3.599161248529679e-07,-2.9686652030445913e-06,6.113321314867748e-06,7.543691545031679e-07
Twin,XY,-0.007,-0.005,0.05,9.081692993449737e-06,1.2548047337191412e-05,-4.476059343882638e-07,9.081692993449737e-06,1.2548047337191412e-05,6.66679344967872e-07
Twin,XY,-0.006,-0.005,0.05,9.453138269172912e-06,1.6786744589167512e-05,-4.430415041907633e-07,9.453138269172912e-06,1.6786744589167512e-05,6.712437751653725e-07
Twin,XY,-0.005,-0.005,0.05,4.949476027872782e-06,1.6609626539583137e-05,-4.313868896630326e-07,4.949476027872782e-06,1.6609626539583137e-05,6.828983896931032e-07
Twin,XY,-0.004,-0.005,0.05,-1.7262711577170638e-06,1.2865019102307121e-05,-4.4741445082683476e-07,-1.7262711577170638e-06,1.2865019102307121e-05,6.66870828529301e-07
Twin,XY,-0.003,-0.005,0.05,-6.725488261477153e-06,8.463458534187098e-06,-6.099780145278875e-07,-6.725488261477153e-06,8.463458534187098e-06,5.043072648282483e-07
Twin,XY,-0.002,-0.005,0.05,-7.705789474131762e-06,5.942432100740745e-06,-8.729644038154596e-07,-7.705789474131762e-06,5.942432100740745e-06,2.413208755406762e-07
Twin,XY,-0.001,-0.005,0.05,-4.7277706637285126e-06,5.532422744280347e-06,-1.0839253459426836e-06,-4.7277706637285126e-06,5.532422744280347e-06,3.035993341345229e-08
Twin,XY,0.0,-0.005,0.05,3.8744008907303794e-07,5.7930216788608255e-06,-1.090203303160856e-06,3.8744008907303794e-07,5.7930216788608255e-06,2.408197619527983e-08
Twin,XY,0.001,-0.005,0.05,5.502750629533938e-06,5.864895410575184e-06,-8.68945473771478e-07,5.502750629533938e-06,5.864895410575184e-06,2.4533980558465775e-07
Twin,XY,0.002000000000000001,-0.005,0.05,8.427641676727514e-06,6.511957045425564e-06,-5.58411113739194e-07,8.427641676727514e-06,6.511957045425564e-06,5.558741656169418e-07
Twin,XY,0.003,-0.005,0.05,7.311520111737836e-06,9.117718636738366e-06,-2.962883531237669e-07,7.311520111737836e-06,9.117718636738366e-06,8.179969262323689e-07
Twin,XY,0.003999999999999999,-0.005,0.05,2.0474929175126365e-06,1.3477568503593913e-05,-2.2606172043845982e-07,2.0474929175126365e-06,1.3477568503593913e-05,8.88223558917676e-07
Twin,XY,0.005,-0.005,0.05,-4.9777559983823285e-06,1.7155590730323156e-05,-3.296527167982523e-07,-4.9777559983823285e-06,1.7155590730323156e-05,7.846325625578835e-07
Twin,XY,0.006000000000000001,-0.005,0.05,-9.813049701014e-06,1.724653290416934e-05,-4.2369296402682e-07,-9.813049701014e-06,1.724653290416934e-05,6.905923153293158e-07
Twin,XY,0.007,-0.005,0.05,-9.6131476394721e-06,1.2870242847097712e-05,-5.037119127058058e-07,-9.6131476394721e-06,1.2870242847097712e-05,6.1057336665033e-07
Twin,XY,-0.007,-0.004,0.05,1.2946091121387294e-05,1.2853937165728962e-05,-3.445450818152245e-07,1.2946091121387294e-05,1.2853937165728962e-05,7.697401975409113e-07
Twin,XY,-0.006,-0.004,0.05,8.502686940297745e-06,1.1446052798004433e-05,-1.7844962784733786e-08,8.502686940297745e-06,1.1446052798004433e-05,1.096440316571402e-06
Twin,XY,-0.005,-0.004,0.05,2.0065899683109878e-07,5.400048289119003e-06,5.081712582990287e-07,2.0065899683109878e-07,5.400048289119003e-06,1.6224565376551644e-06
Twin,XY,-0.004,-0.004,0.05,-6.284358730975653e-06,-7.678937007847327e-07,9.174783161347477e-07,-6.284358730975653e-06,-7.678937007847327e-07,2.0317635954908835e-06
Twin,XY,-0.003,-0.004,0.05,-7.524195429929609e-06,-1.9614687406696468e-06,8.105184743992788e-07,-7.524195429929609e-06,-1.9614687406696468e-06,1.9248037537554146e-06
Twin,XY,-0.002,-0.004,0.05,-4.760237374805956e-06,3.1362627178073487e-06,2.40895245459219e-07,-4.760237374805956e-06,3.1362627178073487e-06,1.3551805248153548e-06
Twin,XY,-0.001,-0.004,0.05,-1.390902435333551e-06,1.0620658223932831e-05,-4.2917473024750057e-07,-1.390902435333551e-06,1.0620658223932831e-05,6.851105491086352e-07
Twin,XY,0.0,-0.004,0.05,7.232633233182192e-07,1.434674213223157e-05,-6.915757093336193e-07,7.232633233182192e-07,1.434674213223157e-05,4.227095700225165e-07
Twin,XY,0.001,-0.004,0.05,2.7630445132706533e-06,1.1402287065875467e-05,-3.203917433189866e-07,2.7630445132706533e-06,1.1402287065875467e-05,7.938935360371492e-07
Twin,XY,0.002000000000000001,-0.004,0.05,5.9074449806438455e-06,4.441621014264559e-06,3.3516324634288896e-07,5.9074449806438455e-06,4.441621014264559e-06,1.4494485256990247e-06
Twin,XY,0.003,-0.004,0.05,8.310631924875391e-06,-5.418856141801925e-07,8.03966907690547e-07,8.310631924875391e-06,-5.418856141801925e-07,1.9182521870466827e-06
Twin,XY,0.003999999999999999,-0.004,0.05,6.674627715479455e-06,4.755239673707934e-07,7.519486698121123e-07,6.674627715479455e-06,4.755239673707934e-07,1.866233949168248e-06
Twin,XY,0.005,-0.004,0.05,-1.9709869151798148e-07,6.332312264935103e-06,2.275186306046394e-07,-1.9709869151798148e-07,6.332312264935103e-06,1.3418039099607752e-06
Twin,XY,0.006000000000000001,-0.004,0.05,-8.853121743287189e-06,1.210919711213884e-05,-2.804059724249229e-07,-8.853121743287189e-06,1.210919711213884e-05,8.338793069312129e-07
Twin,XY,0.007,-0.004,0.05,-1.3540033496607476e-05,1.3309320559933694e-05,-5.333264512392356e-07,-1.3540033496607476e-05,1.3309320559933694e-05,5.809588281169001e-07
Twin,XY,-0.007,-0.003,0.05,1.1236810564710049e-05,6.992197672846744e-06,2.934950247949978e-07,1.1236810564710049e-05,6.992197672846744e-06,1.4077803041511336e-06
Twin,XY,-0.006,-0.003,0.05,9.607010866032815e-07,-6.446199209889894e-07,1.35520315501607e-06,9.607010866032815e-07,-6.446199209889894e-07,2.4694884343722058e-06
Twin,XY,-0.005,-0.003,0.05,-8.558819080304484e-06,-1.145742096672865e-05,2.7211876261427167e-06,-8.558819080304484e-06,-1.145742096672865e-05,3.835472905498853e-06
Twin,XY,-0.004,-0.003,0.05,-9.394895453640433e-06,-1.7987850695506475e-05,3.6772100603689495e-06,-9.394895453640433e-06,-1.7987850695506475e-05,4.7914953397250855e-06
Twin,XY,-0.003,-0.003,0.05,-1.3657094661844179e-06,-1.4202629278207063e-05,3.4474633777038412e-06,-1.3657094661844179e-06,-1.4202629278207063e-05,4.561748657059977e-06
Twin,XY,-0.002,-0.003,0.05,7.40628266175196e-06,-7.027056557180148e-07,2.0670557360656023e-06,7.40628266175196e-06,-7.027056557180148e-07,3.1813410154217383e-06
Twin,XY,-0.001,-0.003,0.05,8.487887330438163e-06,1.4621198998686185e-05,4.102377956291997e-07,8.487887330438163e-06,1.4621198998686185e-05,1.5245230749853355e-06
Twin,XY,0.0,-0.003,0.05,1.2272068240869912e-06,2.1633371982213323e-05,-3.1862949171067064e-07,1.2272068240869912e-06,2.1633371982213323e-05,7.956557876454651e-07
Twin,XY,0.001,-0.003,0.05,-6.253340978041091e-06,1.571383858477508e-05,4.0736276339047587e-07,-6.253340978041091e-06,1.571383858477508e-05,1.5216480427466116e-06
Twin,XY,0.002000000000000001,-0.003,0.05,-5.718510687015439e-06,1.1368469885723597e-06,2.00609933431539e-06,-5.718510687015439e-06,1.1368469885723597e-06,3.120384613671526e-06
Twin,XY,0.003,-0.003,0.05,2.4005705659300254e-06,-1.2070559372215094e-05,3.287822009607313e-06,2.4005705659300254e-06,-1.2070559372215094e-05,4.402107288963449e-06
Twin,XY,0.003999999999999999,-0.003,0.05,9.817183226557224e-06,-1.598941303279782e-05,3.3774678863607107e-06,9.817183226557224e-06,-1.598941303279782e-05,4.491753165716847e-06
Twin,XY,0.005,-0.003,0.05,8.503543068832491e-06,-9.807658043333023e-06,2.3770686248459117e-06,8.503543068832491e-06,-9.807658043333023e-06,3.4913539042020472e-06
Twin,XY,0.006000000000000001,-0.003,0.05,-1.4212493894101579e-06,5.413304684390214e-07,1.0589085712898617e-06,-1.4212493894101579e-06,5.413304684390214e-07,2.1731938506459974e-06
Twin,XY,0.007,-0.003,0.05,-1.1928027397752717e-05,7.778442111358391e-06,1.1690108453651978e-07,-1.1928027397752717e-05,7.778442111358391e-06,1.2311863638926556e-06
Twin,XY,-0.007,-0.002,0.05,4.677406887526367e-06,4.4211852104492417e-07,1.3444356907260403e-06,4.677406887526367e-06,4.4211852104492417e-07,2.458720970082176e-06
Twin,XY,-0.006,-0.002,0.05,-1.075084015844087e-05,-9.75619300009231e-06,3.3953346627434273e-06,-1.075084015844087e-05,-9.75619300009231e-06,4.509619942099563e-06
Twin,XY,-0.005,-0.002,0.05,-1.8710970037599154e-05,-2.1373165837289956e-05,5.793143309135094e-06,-1.8710970037599154e-05,-2.1373165837289956e-05,6.90742858849123e-06
Twin,XY,-0.004,-0.002,0.05,-9.973318247126984e-06,-2.6542990356713315e-05,7.322429995418363e-06,-9.973318247126984e-06,-2.6542990356713315e-05,8.4367152747745e-06
Twin,XY,-0.003,-0.002,0.05,1.0350764460385266e-05,-1.9844648232162716e-05,6.759736448431901e-06,1.0350764460385266e-05,-1.9844648232162716e-05,7.874021727788037e-06
Twin,XY,-0.002,-0.002,0.05,2.5796133827466258e-05,-3.0341426672579835e-06,4.166981023746635e-06,2.5796133827466258e-05,-3.0341426672579835e-06,5.281266303102771e-06
Twin,XY,-0.001,-0.002,0.05,2.232812529154292e-05,1.4720218609126721e-05,1.2002224747181981e-06,2.232812529154292e-05,1.4720218609126721e-05,2.314507754074334e-06
Twin,XY,0.0,-0.002,0.05,1.560481155442211e-06,2.2582725949050102e-05,-9.217492900521258e-08,1.560481155442211e-06,2.2582725949050102e-05,1.0221103503509232e-06
Twin,XY,0.001,-0.002,0.05,-1.9528069604880094e-05,1.574006776549433e-05,1.2557474185242043e-06,-1.9528069604880094e-05,1.574006776549433e-05,2.37003269788034e-06
Twin,XY,0.002000000000000001,-0.002,0.05,-2.3739498532577058e-05,-1.2884602440156028e-06,4.274992069059677e-06,-2.3739498532577058e-05,-1.2884602440156028e-06,5.389277348415813e-06
Twin,XY,0.003,-0.002,0.05,-9.119189944015923e-06,-1.7790109335110075e-05,6.891392814279755e-06,-9.119189944015923e-06,-1.7790109335110075e-05,8.00567809363589e-06
Twin,XY,0.003999999999999999,-0.002,0.05,1.047151914123664e-05,-2.4511778843008356e-05,7.438965692745779e-06,1.047151914123664e-05,-2.4511778843008356e-05,8.553250972101915e-06
Twin,XY,0.005,-0.002,0.05,1.8594325566740855e-05,-1.9638298476321408e-05,5.889997000094077e-06,1.8594325566740855e-05,-1.9638298476321408e-05,7.004282279450213e-06
Twin,XY,0.006000000000000001,-0.002,0.05,1.0166705514013876e-05,-8.401570530998194e-06,3.5160209135223574e-06,1.0166705514013876e-05,-8.401570530998194e-06,4.630306192878493e-06
Twin,XY,0.007,-0.002,0.05,-5.5007590866005616e-06,1.4341691547412274e-06,1.4908980495167903e-06,-5.5007590866005616e-06,1.4341691547412274e-06,2.605183328872926e-06
Twin,XY,-0.007,-0.001,0.05,-2.320365918534665e-06,-1.6372132360036898e-06,2.3137965578081574e-06,-2.320365918534665e-06,-1.6372132360036898e-06,3.428081837164293e-06
Twin,XY,-0.006,-0.001,0.05,-2.1291430471144533e-05,-8.663419864125789e-06,5.236472365711394e-06,-2.1291430471144533e-05,-8.663419864125789e-06,6.35075764506753e-06
Twin,XY,-0.005,-0.001,0.05,-2.6706104398374346e-05,-1.6041793543622456e-05,8.453062346379175e-06,-2.6706104398374346e-05,-1.6041793543622456e-05,9.567347625735311e-06
Twin,XY,-0.004,-0.001,0.05,-9.09331475906829e-06,-1.88641057662831e-05,1.0364043229535888e-05,-9.09331475906829e-06,-1.88641057662831e-05,1.1478328508892024e-05
Twin,XY,-0.003,-0.001,0.05,2.1660166779305782e-05,-1.3844278356186592e-05,9.394898470819496e-06,2.1660166779305782e-05,-1.3844278356186592e-05,1.0509183750175632e-05
Twin,XY,-0.002,-0.001,0.05,4.226908182339043e-05,-2.433912436542586e-06,5.759637231307284e-06,4.226908182339043e-05,-2.433912436542586e-06,6.87392251066342e-06
Twin,XY,-0.001,-0.001,0.05,3.421248850705532e-05,9.384541712193278e-06,1.7018469012039062e-06,3.421248850705532e-05,9.384541712193278e-06,2.816132180560042e-06
Twin,XY,0.0,-0.001,0.05,1.373273832747678e-06,1.4553113443261193e-05,5.013881299638977e-08,1.373273832747678e-06,1.4553113443261193e-05,1.1644240923525255e-06
Twin,XY,0.001,-0.001,0.05,-3.176411619654842e-05,9.978896622838796e-06,2.0331109176070776e-06,-3.176411619654842e-05,9.978896622838796e-06,3.1473961969632136e-06
Twin,XY,0.002000000000000001,-0.001,0.05,-4.048866220543589e-05,-1.4230527622529066e-06,6.379502867210999e-06,-4.048866220543589e-05,-1.4230527622529066e-06,7.493788146567135e-06
Twin,XY,0.003,-0.001,0.05,-2.058935335163394e-05,-1.2765527017489411e-05,1.0217768590857268e-05,-2.058935335163394e-05,-1.2765527017489411e-05,1.1332053870213404e-05
Twin,XY,0.003999999999999999,-0.001,0.05,9.571667095827451e-06,-1.7888556010003425e-05,1.1228173935511823e-05,9.571667095827451e-06,-1.7888556010003425e-05,1.234245921486796e-05
Twin,XY,0.005,-0.001,0.05,2.6698239357861555e-05,-1.51861399646455e-05,9.29996703228492e-06,2.6698239357861555e-05,-1.51861399646455e-05,1.0414252311641056e-05
Twin,XY,0.006000000000000001,-0.001,0.05,2.081892896372967e-05,-7.886250410956867e-06,6.004983054152039e-06,2.081892896372967e-05,-7.886250410956867e-06,7.119268333508175e-06
Twin,XY,0.007,-0.001,0.05,1.5742301728822853e-06,-9.265560030458078e-07,2.9255714527857084e-06,1.5742301728822853e-06,-9.265560030458078e-07,4.039856732141844e-06
Twin,XY,-0.007,0.0,0.05,-4.9467510356356476e-06,2.7792774172399227e-07,2.5676552244979963e-06,-4.9467510356356476e-06,2.7792774172399227e-07,3.6819405038541323e-06
Twin,XY,-0.006,0.0,0.05,-2.5158189413590686e-05,5.672916297957063e-07,5.757150407819369e-06,-2.5158189413590686e-05,5.672916297957063e-07,6.871435687175505e-06
Twin,XY,-0.005,0.0,0.05,-2.9513023296334287e-05,7.455369129380993e-07,9.187053767298082e-06,-2.9513023296334287e-05,7.455369129380993e-07,1.0301339046654218e-05
Twin,XY,-0.004,0.0,0.05,-8.619642522506988e-06,7.309461554652163e-07,1.11386959732677e-05,-8.619642522506988e-06,7.309461554652163e-07,1.2252981252623837e-05
Twin,XY,-0.003,0.0,0.05,2.592780397956243e-05,5.075010218261301e-07,1.0025539544568015e-05,2.592780397956243e-05,5.075010218261301e-07,1.113982482392415e-05
Twin,XY,-0.002,0.0,0.05,4.829035780484257e-05,1.8975174839022168e-07,6.068442426585692e-06,4.829035780484257e-05,1.8975174839022168e-07,7.182727705941828e-06
Twin,XY,-0.001,0.0,0.05,3.8216415522304886e-05,-1.439908099996973e-08,1.7331844085967315e-06,3.8216415522304886e-05,-1.439908099996973e-08,2.8474696879528673e-06
Twin,XY,0.0,0.0,0.05,5.583627230159371e-07,-2.1992550527538842e-08,8.5692518225995e-08,5.583627230159371e-07,-2.1992550527538842e-08,1.1999777975821308e-06
Twin,XY,0.001,0.0,0.05,-3.722914183408093e-05,1.310900873459011e-07,2.42452221362126e-06,-3.722914183408093e-05,1.310900873459011e-07,3.538807492977396e-06
Twin,XY,0.002000000000000001,0.0,0.05,-4.75555893316804e-05,3.3946812732762746e-07,7.390182942488829e-06,-4.75555893316804e-05,3.3946812732762746e-07,8.504468221844965e-06
Twin,XY,0.003,0.0,0.05,-2.540070222475007e-05,5.426784264507881e-07,1.1779925164183326e-05,-2.540070222475007e-05,5.426784264507881e-07,1.2894210443539462e-05
Twin,XY,0.003999999999999999,0.0,0.05,9.066900340329115e-06,6.905120647622284e-07,1.3047382644471392e-05,9.066900340329115e-06,6.905120647622284e-07,1.4161667923827528e-05
Twin,XY,0.005,0.0,0.05,2.9899393318670774e-05,7.66862001793671e-07,1.0970893644077356e-05,2.9899393318670774e-05,7.66862001793671e-07,1.2085178923433492e-05
Twin,XY,0.006000000000000001,0.0,0.05,2.5264853792658044e-05,7.704895442802061e-07,7.222415137299528e-06,2.5264853792658044e-05,7.704895442802061e-07,8.336700416655664e-06
Twin,XY,0.007,0.0,0.05,4.656490316551323e-06,6.938994244180034e-07,3.6117316559260686e-06,4.656490316551323e-06,6.938994244180034e-07,4.7260169352822046e-06
Twin,XY,-0.007,0.001,0.05,-1.3379437768489474e-06,1.5038279508028276e-06,1.99424821543186e-06,-1.3379437768489474e-06,1.5038279508028276e-06,3.1085334947879957e-06
Twin,XY,-0.006,0.001,0.05,-2.027977523397476e-05,8.77875387389661e-06,4.59966886470599e-06,-2.027977523397476e-05,8.77875387389661e-06,5.713954144062126e-06
Twin,XY,-0.005,0.001,0.05,-2.6134114246448172e-05,1.6335119115850567e-05,7.54508811085633e-06,-2.6134114246448172e-05,1.6335119115850567e-05,8.659373390212466e-06
Twin,XY,-0.004,0.001,0.05,-9.258583848811945e-06,1.9127524962707458e-05,9.335328025214038e-06,-9.258583848811945e-06,1.9127524962707458e-05,1.0449613304570174e-05
Twin,XY,-0.003,0.001,0.05,2.0671066688368358e-05,1.3867212289900565e-05,8.444493428386003e-06,2.0671066688368358e-05,1.3867212289900565e-05,9.558778707742139e-06
Twin,XY,-0.002,0.001,0.05,4.0632908558260046e-05,2.1630536427577653e-06,5.0255763294279335e-06,4.0632908558260046e-05,2.1630536427577653e-06,6.1398616087840695e-06
Twin,XY,-0.001,0.001,0.05,3.226865028726123e-05,-9.727109158385807e-06,1.2778947362050631e-06,3.226865028726123e-05,-9.727109158385807e-06,2.392180015561199e-06
Twin,XY,0.0,0.001,0.05,-4.644111104311528e-07,-1.4679109726591507e-05,-2.7105954729382106e-08,-4.644111104311528e-07,-1.4679109726591507e-05,1.0871793246267537e-06
Twin,XY,0.001,0.001,0.05,-3.309650320307253e-05,-9.684567900119684e-06,2.259754690481965e-06,-3.309650320307253e-05,-9.684567900119684e-06,3.374039969838101e-06
Twin,XY,0.002000000000000001,0.001,0.05,-4.116101785864875e-05,2.2171116514985402e-06,6.840154076644369e-06,-4.116101785864875e-05,2.2171116514985402e-06,7.954439356000505e-06
Twin,XY,0.003,0.001,0.05,-2.069762305146563e-05,1.3909280519890435e-05,1.0831224669525932e-05,-2.069762305146563e-05,1.3909280519890435e-05,1.1945509948882068e-05
Twin,XY,0.003999999999999999,0.001,0.05,9.815898471163932e-06,1.9237666147296272e-05,1.1904944339808369e-05,9.815898471163932e-06,1.9237666147296272e-05,1.3019229619164505e-05
Twin,XY,0.005,0.001,0.05,2.7093817532488917e-05,1.657129281806827e-05,9.878169867669263e-06,2.7093817532488917e-05,1.657129281806827e-05,1.09924551470254e-05
Twin,XY,0.006000000000000001,0.001,0.05,2.1153557409253593e-05,9.181280580274428e-06,6.392191959784159e-06,2.1153557409253593e-05,9.181280580274428e-06,7.506477239140295e-06
Twin,XY,0.007,0.001,0.05,1.6233820334566201e-06,1.936205838849704e-06,3.121495356274749e-06,1.6233820334566201e-06,1.936205838849704e-06,4.235780635630885e-06
Twin,XY,-0.007,0.002000000000000001,0.05,5.965748744601624e-06,-1.8421386458097157e-06,9.42990923434318e-07,5.965748744601624e-06,-1.8421386458097157e-06,2.0572762027904537e-06
Twin,XY,-0.006,0.002000000000000001,0.05,-9.335340139329942e-06,7.942962484942752e-06,2.5461042216750218e-06,-9.335340139329942e-06,7.942962484942752e-06,3.6603895010311577e-06
Twin,XY,-0.005,0.002000000000000001,0.05,-1.7801407218835998e-05,1.9259702451648173e-05,4.568842171007152e-06,-1.7801407218835998e-05,1.9259702451648173e-05,5.683127450363288e-06
Twin,XY,-0.004,0.002000000000000001,0.05,-1.0067777510534061e-05,2.431882829903115e-05,5.9306115040583485e-06,-1.0067777510534061e-05,2.431882829903115e-05,7.0448967834144845e-06
Twin,XY,-0.003,0.002000000000000001,0.05,9.078799757872414e-06,1.7792251115145322e-05,5.4274529886536115e-06,9.078799757872414e-06,1.7792251115145322e-05,6.5417382680097475e-06
Twin,XY,-0.002,0.002000000000000001,0.05,2.35398155830115e-05,1.4005109194019054e-06,3.1206322135965146e-06,2.35398155830115e-05,1.4005109194019054e-06,4.2349174929526506e-06
Twin,XY,-0.001,0.002000000000000001,0.05,1.954482185021077e-05,-1.5699436074101572e-05,6.068574566769084e-07,1.954482185021077e-05,-1.5699436074101572e-05,1.7211427360330442e-06
Twin,XY,0.0,0.002000000000000001,0.05,-1.1114469772594524e-06,-2.277133196152326e-05,-1.8441761812177808e-07,-1.1114469772594524e-06,-2.277133196152326e-05,9.298676612343577e-07
Twin,XY,0.001,0.002000000000000001,0.05,-2.1519988447214888e-05,-1.517549820678402e-05,1.6204315431129228e-06,-2.1519988447214888e-05,-1.517549820678402e-05,2.7347168224690586e-06
Twin,XY,0.002000000000000001,0.002000000000000001,0.05,-2.4769065431771596e-05,2.3528364073225664e-06,4.976180209562152e-06,-2.4769065431771596e-05,2.3528364073225664e-06,6.090465488918288e-06
Twin,XY,0.003,0.002000000000000001,0.05,-9.284146986818446e-06,1.9053466512332808e-05,7.792443474907853e-06,-9.284146986818446e-06,1.9053466512332808e-05,8.906728754263989e-06
Twin,XY,0.003999999999999999,0.002000000000000001,0.05,1.0852957720355572e-05,2.574523978955107e-05,8.37555775641031e-06,1.0852957720355572e-05,2.574523978955107e-05,9.489843035766447e-06
Twin,XY,0.005,0.002000000000000001,0.05,1.9185433293496528e-05,2.0573757003588067e-05,6.70733662229331e-06,1.9185433293496528e-05,2.0573757003588067e-05,7.821621901649446e-06
Twin,XY,0.006000000000000001,0.002000000000000001,0.05,1.0602789616393214e-05,8.953352212919489e-06,4.080915322503034e-06,1.0602789616393214e-05,8.953352212919489e-06,5.19520060185917e-06
Twin,XY,0.007,0.002000000000000001,0.05,-5.448341931845808e-06,-1.2489900354963854e-06,1.771316253729855e-06,-5.448341931845808e-06,-1.2489900354963854e-06,2.8856015330859907e-06
Twin,XY,-0.007,0.003,0.05,1.208613015838599e-05,-8.709532919060346e-06,1.3641254636920817e-08,1.208613015838599e-05,-8.709532919060346e-06,1.1279265339930566e-06
Twin,XY,-0.006,0.003,0.05,2.125278053084801e-06,-1.989518501064613e-06,6.788340522437149e-07,2.125278053084801e-06,-1.989518501064613e-06,1.7931193315998507e-06
Twin,XY,-0.005,0.003,0.05,-7.682694899888325e-06,8.104573784507789e-06,1.6915595609747347e-06,-7.682694899888325e-06,8.104573784507789e-06,2.8058448403308705e-06
Twin,XY,-0.004,0.003,0.05,-9.223146774402265e-06,1.4349421625260519e-05,2.488647101120027e-06,-9.223146774402265e-06,1.4349421625260519e-05,3.602932380476163e-06
Twin,XY,-0.003,0.003,0.05,-2.1714223463627995e-06,1.0807344695051815e-05,2.353704005919424e-06,-2.1714223463627995e-06,1.0807344695051815e-05,3.46798928527556e-06
Twin,XY,-0.002,0.003,0.05,5.693318219733238e-06,-1.8810251832094035e-06,1.2457218389936448e-06,5.693318219733238e-06,-1.8810251832094035e-06,2.3600071183497806e-06
Twin,XY,-0.001,0.003,0.05,6.228360823461738e-06,-1.599260966399478e-05,-2.0375300303376733e-08,6.228360823461738e-06,-1.599260966399478e-05,1.093909979052759e-06
Twin,XY,0.0,0.003,0.05,-1.0467347571043676e-06,-2.1684796668418685e-05,-3.656590056314061e-07,-1.0467347571043676e-06,-2.1684796668418685e-05,7.486262737247297e-07
Twin,XY,0.001,0.003,0.05,-8.056995415394978e-06,-1.4720694186453376e-05,7.166704704364429e-07,-8.056995415394978e-06,-1.4720694186453376e-05,1.8309557497925787e-06
Twin,XY,0.002000000000000001,0.003,0.05,-6.748609599700395e-06,3.5626395770484057e-07,2.6301155214676066e-06,-6.748609599700395e-06,3.5626395770484057e-07,3.7444008008237425e-06
Twin,XY,0.003,0.003,0.05,2.1809516280758097e-06,1.3520463068290372e-05,4.142098267322064e-06,2.1809516280758097e-06,1.3520463068290372e-05,5.2563835466782e-06
Twin,XY,0.003999999999999999,0.003,0.05,1.0140265316695164e-05,1.698479394145083e-05,4.33532193009394e-06,1.0140265316695164e-05,1.698479394145083e-05,5.449607209450076e-06
Twin,XY,0.005,0.003,0.05,8.993580397052718e-06,1.0210483774089433e-05,3.217097270530871e-06,8.993580397052718e-06,1.0210483774089433e-05,4.331382549887007e-06
Twin,XY,0.006000000000000001,0.003,0.05,-1.036313710839073e-06,-7.227278260385447e-07,1.6455347924590745e-06,-1.036313710839073e-06,-7.227278260385447e-07,2.7598200718152102e-06
Twin,XY,0.007,0.003,0.05,-1.1839143542216526e-05,-8.29145675888975e-06,3.935613416633771e-07,-1.1839143542216526e-05,-8.29145675888975e-06,1.507846621019513e-06
Twin,XY,-0.007,0.003999999999999999,0.05,1.3041198488210208e-05,-1.3654707552418531e-05,-3.738190358651653e-07,1.3041198488210208e-05,-1.3654707552418531e-05,7.404662434909705e-07
Twin,XY,-0.006,0.003999999999999999,0.05,8.958201683199307e-06,-1.3144113998155012e-05,-2.655939373923016e-07,8.958201683199307e-06,-1.3144113998155012e-05,8.486913419638342e-07
Twin,XY,-0.005,0.003999999999999999,0.05,7.469632477144285e-07,-7.933034179382164e-06,6.521370389876429e-08,7.469632477144285e-07,-7.933034179382164e-06,1.1794989832549e-06
Twin,XY,-0.004,0.003999999999999999,0.05,-5.980595314712045e-06,-2.2455758153499595e-06,4.1042196750735165e-07,-5.980595314712045e-06,-2.2455758153499595e-06,1.5247072468634874e-06
Twin,XY,-0.003,0.003999999999999999,0.05,-7.666003542283126e-06,-9.998539579135406e-07,3.877213322826951e-07,-7.666003542283126e-06,-9.998539579135406e-07,1.502006611638831e-06
Twin,XY,-0.002,0.003999999999999999,0.05,-5.385912044467344e-06,-5.430212476230089e-06,-2.8654953571348713e-08,-5.385912044467344e-06,-5.430212476230089e-06,1.085630325784787e-06
Twin,XY,-0.001,0.003999999999999999,0.05,-2.3578479918056412e-06,-1.1752719201554867e-05,-5.214127733295475e-07,-2.3578479918056412e-06,-1.1752719201554867e-05,5.928725060265882e-07
Twin,XY,0.0,0.003999999999999999,0.05,-3.720569612624316e-07,-1.4178323440307849e-05,-6.710669040527669e-07,-3.720569612624316e-07,-1.4178323440307849e-05,4.432183753033689e-07
Twin,XY,0.001,0.003999999999999999,0.05,1.7157791188070079e-06,-1.0195145753140338e-05,-1.9658266173336456e-07,1.7157791188070079e-06,-1.0195145753140338e-05,9.177026176227712e-07
Twin,XY,0.002000000000000001,0.003999999999999999,0.05,5.100256495740103e-06,-2.7489724454039692e-06,6.124972522015363e-07,5.100256495740103e-06,-2.7489724454039692e-06,1.726782531557672e-06
Twin,XY,0.003,0.003999999999999999,0.05,7.916985888811399e-06,2.0853962809453087e-06,1.2437874900499794e-06,7.916985888811399e-06,2.0853962809453087e-06,2.358072769406115e-06
Twin,XY,0.003999999999999999,0.003999999999999999,0.05,6.670660276345279e-06,5.114542153408862e-07,1.2949088964674635e-06,6.670660276345279e-06,5.114542153408862e-07,2.4091941758235992e-06
Twin,XY,0.005,0.003999999999999999,0.05,2.1741866008546355e-08,-6.0158140145702915e-06,7.336736319044747e-07,2.1741866008546355e-08,-6.0158140145702915e-06,1.8479589112606105e-06
Twin,XY,0.006000000000000001,0.003999999999999999,0.05,-8.584514784614836e-06,-1.2278082959308394e-05,3.516991132996794e-08,-8.584514784614836e-06,-1.2278082959308394e-05,1.1494551906861037e-06
Twin,XY,0.007,0.003999999999999999,0.05,-1.3352518325416066e-05,-1.368600665825874e-05,-4.293481279268653e-07,-1.3352518325416066e-05,-1.368600665825874e-05,6.849371514292705e-07
Twin,XY,-0.007,0.005,0.05,8.591337187939143e-06,-1.1928469327830099e-05,-3.4656309089609144e-07,8.591337187939143e-06,-1.1928469327830099e-05,7.677221884600443e-07
Twin,XY,-0.006,0.005,0.05,9.227779030219748e-06,-1.6682621637269455e-05,-3.121194050854607e-07,9.227779030219748e-06,-1.6682621637269455e-05,8.021658742706751e-07
Twin,XY,-0.005,0.005,0.05,4.9985391091609566e-06,-1.712686937577823e-05,-2.9745594094458145e-07,4.9985391091609566e-06,-1.712686937577823e-05,8.168293384115543e-07
Twin,XY,-0.004,0.005,0.05,-1.4970025623569126e-06,-1.3878417715378464e-05,-2.8622160894420365e-07,-1.4970025623569126e-06,-1.3878417715378464e-05,8.280636704119321e-07
Twin,XY,-0.003,0.005,0.05,-6.461101952120274e-06,-9.655990754635518e-06,-4.1689447655399804e-07,-6.461101952120274e-06,-9.655990754635518e-06,6.973908028021377e-07
Twin,XY,-0.002,0.005,0.05,-7.468628618995846e-06,-6.916069815977112e-06,-6.737866416200638e-07,-7.468628618995846e-06,-6.916069815977112e-06,4.404986377360719e-07
Twin,XY,-0.001,0.005,0.05,-4.608360344866108e-06,-5.945072814235329e-06,-9.193019458901765e-07,-4.608360344866108e-06,-5.945072814235329e-06,1.949833334659593e-07
Twin,XY,0.0,0.005,0.05,3.2690057431591074e-07,-5.51668127119206e-06,-1.026968865595336e-06,3.2690057431591074e-07,-5.51668127119206e-06,8.731641376079986e-08
Twin,XY,0.001,0.005,0.05,5.203509917872575e-06,-4.982742263961563e-06,-9.056084321791618e-07,5.203509917872575e-06,-4.982742263961563e-06,2.0867684717697397e-07
Twin,XY,0.002000000000000001,0.005,0.05,7.954810558971266e-06,-5.267813943632387e-06,-6.290923797173457e-07,7.954810558971266e-06,-5.267813943632387e-06,4.851928996387901e-07
Twin,XY,0.003,0.005,0.05,6.841129972065504e-06,-7.828152312351423e-06,-3.4973741681653595e-07,6.841129972065504e-06,-7.828152312351423e-06,7.645478625395998e-07
Twin,XY,0.003999999999999999,0.005,0.05,1.7693442016665633e-06,-1.240594014978184e-05,-2.4583164828194314e-07,1.7693442016665633e-06,-1.240594014978184e-05,8.684536310741926e-07
Twin,XY,0.005,0.005,0.05,-5.002735070620391e-06,-1.639445243875364e-05,-3.564412495512031e-07,-5.002735070620391e-06,-1.639445243875364e-05,7.578440298049327e-07
Twin,XY,0.006000000000000001,0.005,0.05,-9.648702109309394e-06,-1.6775142588432704e-05,-5.064956454418758e-07,-9.648702109309394e-06,-1.6775142588432704e-05,6.0778963391426e-07
Twin,XY,0.007,0.005,0.05,-9.423544698212802e-06,-1.2617869340133124e-05,-6.14133794945272e-07,-9.423544698212802e-06,-1.2617869340133124e-05,5.001514844108638e-07
Twin,XY,-0.007,0.006000000000000001,0.05,1.9595797013038115e-06,-4.408039974475721e-06,-3.52118926501929e-07,1.9595797013038115e-06,-4.408039974475721e-06,7.621663528542068e-07
Twin,XY,-0.006,0.006000000000000001,0.05,4.827911366210167e-06,-1.05495002022575e-05,-1.810943248751412e-07,4.827911366210167e-06,-1.05495002022575e-05,9.331909544809946e-07
Twin,XY,-0.005,0.006000000000000001,0.05,4.753643453911437e-06,-1.4437325101039855e-05,-1.667671495961871e-07,4.753643453911437e-06,-1.4437325101039855e-05,9.475181297599487e-07
Twin,XY,-0.004,0.006000000000000001,0.05,1.8019304450337397e-06,-1.4336978896148303e-05,-2.946833511564228e-07,1.8019304450337397e-06,-1.4336978896148303e-05,8.19601928199713e-07
Twin,XY,-0.003,0.006000000000000001,0.05,-1.8835681322302232e-06,-1.0690650143566466e-05,-5.445213713877058e-07,-1.8835681322302232e-06,-1.0690650143566466e-05,5.6976390796843e-07
Twin,XY,-0.002,0.006000000000000001,0.05,-3.727712530492191e-06,-5.651391545127963e-06,-8.713145145386123e-07,-3.727712530492191e-06,-5.651391545127963e-06,2.429707648175235e-07
Twin,XY,-0.001,0.006000000000000001,0.05,-2.5977480222202566e-06,-1.5935912912804998e-06,-1.1228721930399858e-06,-2.5977480222202566e-06,-1.5935912912804998e-06,-8.586913683849924e-09
Twin,XY,0.0,0.006000000000000001,0.05,6.152464876052286e-07,-4.776284415857302e-08,-1.2690743051767954e-06,6.152464876052286e-07,-4.776284415857302e-08,-1.5478902582065953e-07
Twin,XY,0.001,0.006000000000000001,0.05,3.693395237991811e-06,-1.5485061572759812e-06,-1.2602929537138175e-06,3.693395237991811e-06,-1.5485061572759812e-06,-1.460076743576818e-07
Twin,XY,0.002000000000000001,0.006000000000000001,0.05,4.5011851570846555e-06,-5.602337321681496e-06,-1.1065007993347669e-06,4.5011851570846555e-06,-5.602337321681496e-06,7.784480021368953e-09
Twin,XY,0.003,0.006000000000000001,0.05,2.251277782883559e-06,-1.0763473087154563e-05,-8.552431053492437e-07,2.251277782883559e-06,-1.0763473087154563e-05,2.5904217400689206e-07
Twin,XY,0.003999999999999999,0.006000000000000001,0.05,-1.9046113673219142e-06,-1.470840511682229e-05,-6.404980705991526e-07,-1.9046113673219142e-06,-1.470840511682229e-05,4.737872087569832e-07
Twin,XY,0.005,0.006000000000000001,0.05,-5.297911692063372e-06,-1.5184120067029551e-05,-5.266139603288989e-07,-5.297911692063372e-06,-1.5184120067029551e-05,5.876713190272369e-07
Twin,XY,0.006000000000000001,0.006000000000000001,0.05,-5.683566697453855e-06,-1.156865342668304e-05,-5.237765820653136e-07,-5.683566697453855e-06,-1.156865342668304e-05,5.905086972908222e-07
Twin,XY,0.007,0.006000000000000001,0.05,-2.9076269427277563e-06,-5.456350424305104e-06,-6.029415241812088e-07,-2.9076269427277563e-06,-5.456350424305104e-06,5.11343755174927e-07
Twin,XY,-0.007,0.007,0.05,-2.7678941111340943e-06,3.1119469238863847e-06,-6.914312324650415e-07,-2.7678941111340943e-06,3.1119469238863847e-06,4.228540468910943e-07
Twin,XY,-0.006,0.007,0.05,-2.6018478525960653e-07,-5.997615186510496e-07,-3.7533760662198537e-07,-2.6018478525960653e-07,-5.997615186510496e-07,7.389476727341504e-07
Twin,XY,-0.005,0.007,0.05,1.8732924760093362e-06,-4.530224736777225e-06,-2.2322988046079578e-07,1.8732924760093362e-06,-4.530224736777225e-06,8.9105539889534e-07
Twin,XY,-0.004,0.007,0.05,2.470204698481272e-06,-6.54633804975791e-06,-2.748364039911588e-07,2.470204698481272e-06,-6.54633804975791e-06,8.39448875364977e-07
Twin,XY,-0.003,0.007,0.05,1.6881935198994195e-06,-5.686549250455908e-06,-5.150161652788183e-07,1.6881935198994195e-06,-5.686549250455908e-06,5.992691140773175e-07
Twin,XY,-0.002,0.007,0.05,5.610540875761381e-07,-2.8064841335987473e-06,-8.522189697408887e-07,5.610540875761381e-07,-2.8064841335987473e-06,2.6206630961524717e-07
Twin,XY,-0.001,0.007,0.05,1.3617810347652326e-07,9.054582973094222e-08,-1.165384333341623e-06,1.3617810347652326e-07,9.054582973094222e-08,-5.109905398548708e-08
Twin,XY,0.0,0.007,0.05,4.5812824852700557e-07,1.135074991197131e-06,-1.3442304817613457e-06,4.5812824852700557e-07,1.135074991197131e-06,-2.299452024052099e-07
Twin,XY,0.001,0.007,0.05,6.742793438107586e-07,-3.873778635624936e-07,-1.3373377800424644e-06,6.742793438107586e-07,-3.873778635624936e-07,-2.2305250068632863e-07
Twin,XY,0.002000000000000001,0.007,0.05,-3.682758374686097e-08,-3.674745885477067e-06,-1.1561728834493699e-06,-3.682758374686097e-08,-3.674745885477067e-06,-4.188760409323411e-08
Twin,XY,0.003,0.007,0.05,-1.5672982928316237e-06,-6.85840318478714e-06,-8.80418104553136e-07,-1.5672982928316237e-06,-6.85840318478714e-06,2.3386717480299976e-07
Twin,XY,0.003999999999999999,0.007,0.05,-2.7911471235202466e-06,-7.895373048143828e-06,-6.566411713876242e-07,-2.7911471235202466e-06,-7.895373048143828e-06,4.5764410796851154e-07
Twin,XY,0.005,0.007,0.05,-2.5028224210527794e-06,-5.86175851397541e-06,-5.604794967220013e-07,-2.5028224210527794e-06,-5.86175851397541e-06,5.538057826341345e-07
Twin,XY,0.006000000000000001,0.007,0.05,-4.831285881510592e-07,-1.705045167935479e-06,-6.238971629473486e-07,-4.831285881510592e-07,-1.705045167935479e-06,4.903881164087872e-07
Twin,XY,0.007,0.007,0.05,2.1099246405144513e-06,2.35131304430554e-06,-7.919755099495385e-07,2.1099246405144513e-06,2.35131304430554e-06,3.2230976940659724e-07
Twin,XZ,-0.007,0.0,0.043000000000000003,6.327484345167661e-06,3.2975203497614376e-07,3.951945346848367e-06,6.327484345167661e-06,3.2975203497614376e-07,5.066230626204503e-06
Twin,XZ,-0.006,0.0,0.043000000000000003,-8.515314311869543e-06,1.0717628021398094e-06,2.668596733544488e-06,-8.515314311869543e-06,1.0717628021398094e-06,3.7828820129006237e-06
Twin,XZ,-0.005,0.0,0.043000000000000003,-1.8742643224409433e-05,1.653836657452637e-06,7.074188071364273e-07,-1.8742643224409433e-05,1.653836657452637e-06,1.821704086492563e-06
Twin,XZ,-0.004,0.0,0.043000000000000003,-1.1563650329827505e-05,1.8079655399394048e-06,-1.479994903649551e-07,-1.1563650329827505e-05,1.8079655399394048e-06,9.662857889911807e-07
Twin,XZ,-0.003,0.0,0.043000000000000003,1.0582489849377291e-05,1.4900269221803212e-06,1.1981659766457011e-06,1.0582489849377291e-05,1.4900269221803212e-06,2.312451256001837e-06
Twin,XZ,-0.002,0.0,0.043000000000000003,2.866711320245374e-05,8.846060470187155e-07,4.09160449532956e-06,2.866711320245374e-05,8.846060470187155e-07,5.205889774685696e-06
Twin,XZ,-0.001,0.0,0.043000000000000003,2.4979164581372123e-05,3.3063273288241156e-07,6.85232450672167e-06,2.4979164581372123e-05,3.3063273288241156e-07,7.966609786077806e-06
Twin,XZ,0.0,0.0,0.043000000000000003,1.025788808465807e-06,-1.383243007195024e-08,7.989367131211687e-06,1.025788808465807e-06,-1.383243007195024e-08,9.103652410567823e-06
Twin,XZ,0.001,0.0,0.043000000000000003,-2.3339160758222263e-05,-1.842048434502865e-07,6.8001434792215925e-06,-2.3339160758222263e-05,-1.842048434502865e-07,7.914428758577728e-06
Twin,XZ,0.002000000000000001,0.0,0.043000000000000003,-2.796333037993576e-05,-3.1283010872891944e-07,4.082260270007248e-06,-2.796333037993576e-05,-3.1283010872891944e-07,5.196545549363384e-06
Twin,XZ,0.003,0.0,0.043000000000000003,-1.079938761658782e-05,-4.6470922234116673e-07,1.3915692059332818e-06,-1.079938761658782e-05,-4.6470922234116673e-07,2.5058544852894176e-06
Twin,XZ,0.003999999999999999,0.0,0.043000000000000003,1.0881603901013772e-05,-5.432209955816425e-07,3.250804434123534e-07,1.0881603901013772e-05,-5.432209955816425e-07,1.4393657227684892e-06
Twin,XZ,0.005,0.0,0.043000000000000003,1.8003935172085305e-05,-4.485322487376939e-07,1.4088544886318049e-06,1.8003935172085305e-05,-4.485322487376939e-07,2.5231397679879407e-06
Twin,XZ,0.006000000000000001,0.0,0.043000000000000003,7.988624159918811e-06,-2.336877907083788e-07,3.5078300022967443e-06,7.988624159918811e-06,-2.336877907083788e-07,4.62211528165288e-06
Twin,XZ,0.007,0.0,0.043000000000000003,-6.554509392974768e-06,-4.2528230163880145e-08,4.849710960286027e-06,-6.554509392974768e-06,-4.2528230163880145e-08,5.963996239642163e-06
Twin,XZ,-0.007,0.0,0.044000000000000004,4.593515227660621e-06,4.466008900474667e-07,3.7713545373110057e-06,4.593515227660621e-06,4.466008900474667e-07,4.885639816667142e-06
Twin,XZ,-0.006,0.0,0.044000000000000004,-1.1846344169513774e-05,1.2302484298977797e-06,2.9816386043252287e-06,-1.1846344169513774e-05,1.2302484298977797e-06,4.095923883681365e-06
Twin,XZ,-0.005,0.0,0.044000000000000004,-2.153583017850203e-05,1.8358404939771077e-06,1.7208662122790291e-06,-2.153583017850203e-05,1.8358404939771077e-06,2.835151491635165e-06
Twin,XZ,-0.004,0.0,0.044000000000000004,-1.144182023394622e-05,2.006407461586832e-06,1.3566990676377239e-06,-1.144182023394622e-05,2.006407461586832e-06,2.4709843469938597e-06
Twin,XZ,-0.003,0.0,0.044000000000000004,1.4176004846372257e-05,1.678147224000858e-06,2.618352211583763e-06,1.4176004846372257e-05,1.678147224000858e-06,3.7326374909398986e-06
Twin,XZ,-0.002,0.0,0.044000000000000004,3.3771806790373894e-05,1.0346685936044136e-06,4.978203834977908e-06,3.3771806790373894e-05,1.0346685936044136e-06,6.092489114334044e-06
Twin,XZ,-0.001,0.0,0.044000000000000004,2.8620786350450128e-05,4.30569013557942e-07,7.012025274797546e-06,2.8620786350450128e-05,4.30569013557942e-07,8.126310554153682e-06
Twin,XZ,0.0,0.0,0.044000000000000004,1.0044455903890199e-06,1.2081055854832124e-09,7.790842568127093e-06,1.0044455903890199e-06,1.2081055854832124e-09,8.90512784748323e-06
Twin,XZ,0.001,0.0,0.044000000000000004,-2.6992359145369787e-05,-2.452994623008049e-07,7.02328054935489e-06,-2.6992359145369787e-05,-2.452994623008049e-07,8.137565828711026e-06
Twin,XZ,0.002000000000000001,0.0,0.044000000000000004,-3.3021183388627344e-05,-4.024463426350745e-07,5.08802767717563e-06,-3.3021183388627344e-05,-4.024463426350745e-07,6.202312956531766e-06
Twin,XZ,0.003,0.0,0.044000000000000004,-1.4284724731617962e-05,-5.709772970400025e-07,2.968200444241812e-06,-1.4284724731617962e-05,-5.709772970400025e-07,4.082485723597948e-06
Twin,XZ,0.003999999999999999,0.0,0.044000000000000004,1.0881074537487805e-05,-6.366342228339793e-07,2.026616133619116e-06,1.0881074537487805e-05,-6.366342228339793e-07,3.140901412975252e-06
Twin,XZ,0.005,0.0,0.044000000000000004,2.092431197891682e-05,-5.114020192116861e-07,2.649151973427495e-06,2.092431197891682e-05,-5.114020192116861e-07,3.7634372527836307e-06
Twin,XZ,0.006000000000000001,0.0,0.044000000000000004,1.1368507265243943e-05,-2.6459977227473566e-07,4.019451001579509e-06,1.1368507265243943e-05,-2.6459977227473566e-07,5.133736280935645e-06
Twin,XZ,0.007,0.0,0.044000000000000004,-4.861437871223873e-06,-2.8180423091759173e-08,4.807607755718788e-06,-4.861437871223873e-06,-2.8180423091759173e-08,5.921893035074924e-06
Twin,XZ,-0.007,0.0,0.045000000000000005,2.7491788648629083e-06,5.146125900264777e-07,3.5822500229707554e-06,2.7491788648629083e-06,5.146125900264777e-07,4.696535302326891e-06
Twin,XZ,-0.006,0.0,0.045000000000000005,-1.5157348535455953e-05,1.2881194962802298e-06,3.3461938356617445e-06,-1.5157348535455953e-05,1.2881194962802298e-06,4.4604791150178805e-06
Twin,XZ,-0.005,0.0,0.045000000000000005,-2.4083470482051497e-05,1.9057884329232733e-06,2.895054375076365e-06,-2.4083470482051497e-05,1.9057884329232733e-06,4.009339654432501e-06
Twin,XZ,-0.004,0.0,0.045000000000000005,-1.10431039846248e-05,2.063410707021509e-06,3.0386900526385156e-06,-1.10431039846248e-05,2.063410707021509e-06,4.152975331994652e-06
Twin,XZ,-0.003,0.0,0.045000000000000005,1.764747256059113e-05,1.7315553626662885e-06,4.154000046923097e-06,1.764747256059113e-05,1.7315553626662885e-06,5.268285326279233e-06
Twin,XZ,-0.002,0.0,0.045000000000000005,3.837421098980325e-05,1.1067207052969337e-06,5.68264231204625e-06,3.837421098980325e-05,1.1067207052969337e-06,6.796927591402386e-06
Twin,XZ,-0.001,0.0,0.045000000000000005,3.1832290924164475e-05,4.808754066959259e-07,6.788913272571981e-06,3.1832290924164475e-05,4.808754066959259e-07,7.903198551928117e-06
Twin,XZ,0.0,0.0,0.045000000000000005,9.445356032828491e-07,1.5162890155269444e-08,7.196171350591883e-06,9.445356032828491e-07,1.5162890155269444e-08,8.31045662994802e-06
Twin,XZ,0.001,0.0,0.045000000000000005,-3.0276885571391147e-05,-2.700005409875548e-07,6.918416385018982e-06,-3.0276885571391147e-05,-2.700005409875548e-07,8.032701664375118e-06
Twin,XZ,0.002000000000000001,0.0,0.045000000000000005,-3.7614996342010654e-05,-4.388245624702877e-07,6.007345660282632e-06,-3.7614996342010654e-05,-4.388245624702877e-07,7.121630939638768e-06
Twin,XZ,0.003,0.0,0.045000000000000005,-1.7639047157170697e-05,-5.644327147585776e-07,4.745196262576766e-06,-1.7639047157170697e-05,-5.644327147585776e-07,5.859481541932902e-06
Twin,XZ,0.003999999999999999,0.0,0.045000000000000005,1.0668106536706555e-05,-6.015216052392666e-07,3.959525233160452e-06,1.0668106536706555e-05,-6.015216052392666e-07,5.073810512516588e-06
Twin,XZ,0.005,0.0,0.045000000000000005,2.3646281834871467e-05,-4.6066469252479236e-07,4.072087828923649e-06,2.3646281834871467e-05,-4.6066469252479236e-07,5.186373108279785e-06
Twin,XZ,0.006000000000000001,0.0,0.045000000000000005,1.4792665995432478e-05,-1.8190723813039334e-07,4.566511891751947e-06,1.4792665995432478e-05,-1.8190723813039334e-07,5.680797171108083e-06
Twin,XZ,0.007,0.0,0.045000000000000005,-3.040617900482298e-06,4.591678397405208e-08,4.723196159770728e-06,-3.040617900482298e-06,4.591678397405208e-08,5.837481439126864e-06
Twin,XZ,-0.007,0.0,0.046,8.699799160631111e-07,5.152575948848588e-07,3.380278154569e-06,8.699799160631111e-07,5.152575948848588e-07,4.494563433925136e-06
Twin,XZ,-0.006,0.0,0.046,-1.8334529959752563e-05,1.2488743163685326e-06,3.778927273000529e-06,-1.8334529959752563e-05,1.2488743163685326e-06,4.893212552356665e-06
Twin,XZ,-0.005,0.0,0.046,-2.627518510956363e-05,1.8153769772177428e-06,4.241340878742387e-06,-2.627518510956363e-05,1.8153769772177428e-06,5.355626158098523e-06
Twin,XZ,-0.004,0.0,0.046,-1.045540052101374e-05,1.95557877340801e-06,4.888954058631198e-06,-1.045540052101374e-05,1.95557877340801e-06,6.003239337987334e-06
Twin,XZ,-0.003,0.0,0.046,2.072798752229584e-05,1.6518194292919082e-06,5.648585106914892e-06,2.072798752229584e-05,1.6518194292919082e-06,6.762870386271028e-06
Twin,XZ,-0.002,0.0,0.046,4.226926522867663e-05,1.0798322273736001e-06,6.2095665498469825e-06,4.226926522867663e-05,1.0798322273736001e-06,7.3238518292031184e-06
Twin,XZ,-0.001,0.0,0.046,3.441780232940323e-05,4.786429994228417e-07,6.264562589151809e-06,3.441780232940323e-05,4.786429994228417e-07,7.378847868507945e-06
Twin,XZ,0.0,0.0,0.046,8.687567303792078e-07,2.389774282283259e-08,6.2419903255448566e-06,8.687567303792078e-07,2.389774282283259e-08,7.3562756049009925e-06
Twin,XZ,0.001,0.0,0.046,-3.297147566598659e-05,-2.5422444423423413e-07,6.527431887564723e-06,-3.297147566598659e-05,-2.5422444423423413e-07,7.64171716692086e-06
Twin,XZ,0.002000000000000001,0.0,0.046,-4.150626004965987e-05,-4.160866363226719e-07,6.76954554012195e-06,-4.150626004965987e-05,-4.160866363226719e-07,7.883830819478086e-06
Twin,XZ,0.003,0.0,0.046,-2.0611943421293957e-05,-4.832531937962486e-07,6.515226989608316e-06,-2.0611943421293957e-05,-4.832531937962486e-07,7.629512268964452e-06
Twin,XZ,0.003999999999999999,0.0,0.046,1.0278462615077392e-05,-4.585229464706988e-07,6.072308969422547e-06,1.0278462615077392e-05,-4.585229464706988e-07,7.186594248778683e-06
Twin,XZ,0.005,0.0,0.046,2.6047619856296506e-05,-3.07291579674222e-07,5.642750371532904e-06,2.6047619856296506e-05,-3.07291579674222e-07,6.75703565088904e-06
Twin,XZ,0.006000000000000001,0.0,0.046,1.8094063999857243e-05,-4.410265394157037e-08,5.162968145203559e-06,1.8094063999857243e-05,-4.410265394157037e-08,6.277253424559695e-06
Twin,XZ,0.007,0.0,0.046,-1.1617340344370714e-06,1.692451318281937e-07,4.579257114670406e-06,-1.1617340344370714e-06,1.692451318281937e-07,5.693542394026542e-06
Twin,XZ,-0.007,0.0,0.047,-9.082491334593412e-07,4.69617889004445e-07,3.164506174082233e-06,-9.082491334593412e-07,4.69617889004445e-07,4.278791453438369e-06
Twin,XZ,-0.006,0.0,0.047,-2.103614182331941e-05,1.1269933014260617e-06,4.29002857873913e-06,-2.103614182331941e-05,1.1269933014260617e-06,5.404313858095266e-06
Twin,XZ,-0.005,0.0,0.047,-2.79068735194889e-05,1.6016692163138204e-06,5.62784910130969e-06,-2.79068735194889e-05,1.6016692163138204e-06,6.742134380665826e-06
Twin,XZ,-0.004,0.0,0.047,-9.84860350455811e-06,1.7191365896595907e-06,6.719162464477878e-06,-9.84860350455811e-06,1.7191365896595907e-06,7.833447743834014e-06
Twin,XZ,-0.003,0.0,0.047,2.3214396238984086e-05,1.4430962790020574e-06,7.0662082640563435e-06,2.3214396238984086e-05,1.4430962790020574e-06,8.18049354341248e-06
Twin,XZ,-0.002,0.0,0.047,4.5315604076129554e-05,9.274856840080886e-07,6.514118826673813e-06,4.5315604076129554e-05,9.274856840080886e-07,7.628404106029949e-06
Twin,XZ,-0.001,0.0,0.047,3.6295095635036285e-05,4.0583586673008843e-07,5.453650185499888e-06,3.6295095635036285e-05,4.0583586673008843e-07,6.567935464856024e-06
Twin,XZ,0.0,0.0,0.047,7.857151093079947e-07,2.3153091078287664e-08,4.9785260348896566e-06,7.857151093079947e-07,2.3153091078287664e-08,6.0928113142457925e-06
Twin,XZ,0.001,0.0,0.047,-3.497233018012046e-05,-1.9048231848598154e-07,5.846902148447377e-06,-3.497233018012046e-05,-1.9048231848598154e-07,6.961187427803513e-06
Twin,XZ,0.002000000000000001,0.0,0.047,-4.4584216062200444e-05,-2.9071283057692847e-07,7.309956426528261e-06,-4.4584216062200444e-05,-2.9071283057692847e-07,8.424241705884397e-06
Twin,XZ,0.003,0.0,0.047,-2.2990698154867277e-05,-3.045885812214924e-07,8.213432875314782e-06,-2.2990698154867277e-05,-3.045885812214924e-07,9.327718154670918e-06
Twin,XZ,0.003999999999999999,0.0,0.047,9.871180557799515e-06,-2.426362134403052e-07,8.148478844811119e-06,9.871180557799515e-06,-2.426362134403052e-07,9.262764124167255e-06
Twin,XZ,0.005,0.0,0.047,2.78929088302094e-05,-7.428226997262817e-08,7.215034755401454e-06,2.78929088302094e-05,-7.428226997262817e-08,8.32932003475759e-06
Twin,XZ,0.006000000000000001,0.0,0.047,2.091683368688041e-05,1.4522354500275182e-07,5.792527928664869e-06,2.091683368688041e-05,1.4522354500275182e-07,6.906813208021005e-06
Twin,XZ,0.007,0.0,0.047,6.315470570247252e-07,3.139877445281863e-07,4.375161194804858e-06,6.315470570247252e-07,3.139877445281863e-07,5.489446474160994e-06
Twin,XZ,-0.007,0.0,0.048,-2.582090169598423e-06,3.9721409412625203e-07,2.918344193800981e-06,-2.582090169598423e-06,3.9721409412625203e-07,4.032629473157117e-06
Twin,XZ,-0.006,0.0,0.048,-2.3042878416765122e-05,9.400858747821125e-07,4.841001157515514e-06,-2.3042878416765122e-05,9.400858747821125e-07,5.95528643687165e-06
Twin,XZ,-0.005,0.0,0.048,-2.9011430703971204e-05,1.3329174614140353e-06,7.000173121328544e-06,-2.9011430703971204e-05,1.3329174614140353e-06,8.11445840068468e-06
Twin,XZ,-0.004,0.0,0.048,-9.326618310814626e-06,1.4033313432932395e-06,8.438784816374968e-06,-9.326618310814626e-06,1.4033313432932395e-06,9.553070095731104e-06
Twin,XZ,-0.003,0.0,0.048,2.5004457138034044e-05,1.1467019188397276e-06,8.297902973670949e-06,2.5004457138034044e-05,1.1467019188397276e-06,9.412188253027085e-06
Twin,XZ,-0.002,0.0,0.048,4.735120032718249e-05,6.918600327517009e-07,6.563405835400011e-06,4.735120032718249e-05,6.918600327517009e-07,7.677691114756147e-06
Twin,XZ,-0.001,0.0,0.048,3.755449793574038e-05,2.79079632302078e-07,4.35197648920343e-06,3.755449793574038e-05,2.79079632302078e-07,5.466261768559566e-06
Twin,XZ,0.0,0.0,0.048,7.046469741041207e-07,1.7195898658904525e-08,3.4883655786983624e-06,7.046469741041207e-07,1.7195898658904525e-08,4.602650858054498e-06
Twin,XZ,0.001,0.0,0.048,-3.636274109856007e-05,-8.5971228995197e-08,4.871880340036016e-06,-3.636274109856007e-05,-8.5971228995197e-08,5.986165619392152e-06
Twin,XZ,0.002000000000000001,0.0,0.048,-4.663945569714246e-05,-8.159038301574416e-08,7.572721982390207e-06,-4.663945569714246e-05,-8.159038301574416e-08,8.687007261746343e-06
Twin,XZ,0.003,0.0,0.048,-2.467113617470036e-05,-4.9980303619350414e-08,9.70517691508052e-06,-2.467113617470036e-05,-4.9980303619350414e-08,1.0819462194436657e-05
Twin,XZ,0.003999999999999999,0.0,0.048,9.534818000943884e-06,3.8874377176764056e-08,1.009553816337988e-05,9.534818000943884e-06,3.8874377176764056e-08,1.1209823442736016e-05
Twin,XZ,0.005,0.0,0.048,2.916150407511829e-05,1.7411008808964763e-07,8.728644903156305e-06,2.916150407511829e-05,1.7411008808964763e-07,9.842930182512441e-06
Twin,XZ,0.006000000000000001,0.0,0.048,2.3036903803132894e-05,3.5576622899411735e-07,6.389142610970142e-06,2.3036903803132894e-05,3.5576622899411735e-07,7.503427890326278e-06
Twin,XZ,0.007,0.0,0.048,2.331763497978139e-06,4.525234453443118e-07,4.107185665124676e-06,2.331763497978139e-06,4.525234453443118e-07,5.221470944480812e-06
Twin,XZ,-0.007,0.0,0.049,-3.924072976463725e-06,3.433293591492682e-07,2.7320991946911457e-06,-3.924072976463725e-06,3.433293591492682e-07,3.846384474047282e-06
Twin,XZ,-0.006,0.0,0.049,-2.4425269365090807e-05,7.732844946951186e-07,5.3440628662725845e-06,-2.4425269365090807e-05,7.732844946951186e-07,6.4583481456287205e-06
Twin,XZ,-0.005,0.0,0.049,-2.9514827720300462e-05,1.0620023254705512e-06,8.220339311558688e-06,-2.9514827720300462e-05,1.0620023254705512e-06,9.334624590914824e-06
Twin,XZ,-0.004,0.0,0.049,-8.87589970524567e-06,1.0886493349383766e-06,9.926873836902929e-06,-8.87589970524567e-06,1.0886493349383766e-06,1.1041159116259065e-05
Twin,XZ,-0.003,0.0,0.049,2.587570720379712e-05,8.229759482163743e-07,9.314088824294912e-06,2.587570720379712e-05,8.229759482163743e-07,1.0428374103651048e-05
Twin,XZ,-0.002,0.0,0.049,4.8329175125382136e-05,4.37313398907141e-07,6.386570080221802e-06,4.8329175125382136e-05,4.37313398907141e-07,7.500855359577938e-06
Twin,XZ,-0.001,0.0,0.049,3.820336790258609e-05,1.269911532567878e-07,3.0688727949904625e-06,3.820336790258609e-05,1.269911532567878e-07,4.1831580743465985e-06
Twin,XZ,0.0,0.0,0.049,6.336149143976484e-07,1.4003188918303772e-09,1.8359452533721113e-06,6.336149143976484e-07,1.4003188918303772e-09,2.950230532728247e-06
Twin,XZ,0.001,0.0,0.049,-3.7127538328515424e-05,3.386610250435337e-08,3.6905688173358042e-06,-3.7127538328515424e-05,3.386610250435337e-08,4.80485409669194e-06
Twin,XZ,0.002000000000000001,0.0,0.049,-4.761383551538383e-05,1.3331630643915535e-07,7.57571081877429e-06,-4.761383551538383e-05,1.3331630643915535e-07,8.689996098130426e-06
Twin,XZ,0.003,0.0,0.049,-2.5430945816761417e-05,2.4797433184966696e-07,1.0931633018677862e-05,-2.5430945816761417e-05,2.4797433184966696e-07,1.2045918298033998e-05
Twin,XZ,0.003999999999999999,0.0,0.049,9.223832974383301e-06,3.464934012755238e-07,1.1750863564502982e-05,9.223832974383301e-06,3.464934012755238e-07,1.2865148843859118e-05
Twin,XZ,0.005,0.0,0.049,2.9799091004656607e-05,4.543317344035131e-07,1.0016425612424463e-05,2.9799091004656607e-05,4.543317344035131e-07,1.1130710891780599e-05
Twin,XZ,0.006000000000000001,0.0,0.049,2.4495836890744366e-05,5.485118943834457e-07,6.885891385951328e-06,2.4495836890744366e-05,5.485118943834457e-07,8.000176665307464e-06
Twin,XZ,0.007,0.0,0.049,3.656541291987243e-06,5.806707482473583e-07,3.869948822677333e-06,3.656541291987243e-06,5.806707482473583e-07,4.984234102033469e-06
Twin,XZ,-0.007,0.0,0.05,-4.9467510356356476e-06,2.7792774172399227e-07,2.5676552244979963e-06,-4.9467510356356476e-06,2.7792774172399227e-07,3.6819405038541323e-06
Twin,XZ,-0.006,0.0,0.05,-2.5158189413590686e-05,5.672916297957063e-07,5.757150407819369e-06,-2.5158189413590686e-05,5.672916297957063e-07,6.871435687175505e-06
Twin,XZ,-0.005,0.0,0.05,-2.9513023296334287e-05,7.455369129380993e-07,9.187053767298082e-06,-2.9513023296334287e-05,7.455369129380993e-07,1.0301339046654218e-05
Twin,XZ,-0.004,0.0,0.05,-8.619642522506988e-06,7.309461554652163e-07,1.11386959732677e-05,-8.619642522506988e-06,7.309461554652163e-07,1.2252981252623837e-05
Twin,XZ,-0.003,0.0,0.05,2.592780397956243e-05,5.075010218261301e-07,1.0025539544568015e-05,2.592780397956243e-05,5.075010218261301e-07,1.113982482392415e-05
Twin,XZ,-0.002,0.0,0.05,4.829035780484257e-05,1.8975174839022168e-07,6.068442426585692e-06,4.829035780484257e-05,1.8975174839022168e-07,7.182727705941828e-06
Twin,XZ,-0.001,0.0,0.05,3.8216415522304886e-05,-1.439908099996973e-08,1.7331844085967315e-06,3.8216415522304886e-05,-1.439908099996973e-08,2.8474696879528673e-06
Twin,XZ,0.0,0.0,0.05,5.583627230159371e-07,-2.1992550527538842e-08,8.5692518225995e-08,5.583627230159371e-07,-2.1992550527538842e-08,1.1999777975821308e-06
Twin,XZ,0.001,0.0,0.05,-3.722914183408093e-05,1.310900873459011e-07,2.42452221362126e-06,-3.722914183408093e-05,1.310900873459011e-07,3.538807492977396e-06
Twin,XZ,0.002000000000000001,0.0,0.05,-4.75555893316804e-05,3.3946812732762746e-07,7.390182942488829e-06,-4.75555893316804e-05,3.3946812732762746e-07,8.504468221844965e-06
Twin,XZ,0.003,0.0,0.05,-2.540070222475007e-05,5.426784264507881e-07,1.1779925164183326e-05,-2.540070222475007e-05,5.426784264507881e-07,1.2894210443539462e-05
Twin,XZ,0.003999999999999999,0.0,0.05,9.066900340329115e-06,6.905120647622284e-07,1.3047382644471392e-05,9.066900340329115e-06,6.905120647622284e-07,1.4161667923827528e-05
Twin,XZ,0.005,0.0,0.05,2.9899393318670774e-05,7.66862001793671e-07,1.0970893644077356e-05,2.9899393318670774e-05,7.66862001793671e-07,1.2085178923433492e-05
Twin,XZ,0.006000000000000001,0.0,0.05,2.5264853792658044e-05,7.704895442802061e-07,7.222415137299528e-06,2.5264853792658044e-05,7.704895442802061e-07,8.336700416655664e-06
Twin,XZ,0.007,0.0,0.05,4.656490316551323e-06,6.938994244180034e-07,3.6117316559260686e-06,4.656490316551323e-06,6.938994244180034e-07,4.7260169352822046e-06
Twin,XZ,-0.007,0.0,0.051000000000000004,-5.6575019373872205e-06,1.8816793141381766e-07,2.469818168376011e-06,-5.6575019373872205e-06,1.8816793141381766e-07,3.584103447732147e-06
Twin,XZ,-0.006,0.0,0.051000000000000004,-2.529739052825333e-05,3.4202124482351783e-07,6.025411322366548e-06,-2.529739052825333e-05,3.4202124482351783e-07,7.139696601722684e-06
Twin,XZ,-0.005,0.0,0.051000000000000004,-2.914311472478031e-05,4.21892817951936e-07,9.910689334167855e-06,-2.914311472478031e-05,4.21892817951936e-07,1.1024974613523991e-05
Twin,XZ,-0.004,0.0,0.051000000000000004,-8.454852093447944e-06,3.7700009776253266e-07,1.2073535453352565e-05,-8.454852093447944e-06,3.7700009776253266e-07,1.3187820732708701e-05
Twin,XZ,-0.003,0.0,0.051000000000000004,2.5345941987361868e-05,1.834629082442382e-07,1.04995866653593e-05,2.5345941987361868e-05,1.834629082442382e-07,1.1613871944715436e-05
Twin,XZ,-0.002,0.0,0.051000000000000004,4.7260211632580246e-05,-4.9295101541672846e-08,5.669323450344634e-06,4.7260211632580246e-05,-4.9295101541672846e-08,6.78360872970077e-06
Twin,XZ,-0.001,0.0,0.051000000000000004,3.7477513715881615e-05,-1.58499442174057e-07,4.296196209854101e-07,3.7477513715881615e-05,-1.58499442174057e-07,1.5439049003415459e-06
Twin,XZ,0.0,0.0,0.051000000000000004,5.057351808356505e-07,-5.30091439047996e-08,-1.6342117068380932e-06,5.057351808356505e-07,-5.30091439047996e-08,-5.199264274819574e-07
Twin,XZ,0.001,0.0,0.051000000000000004,-3.654796452026131e-05,2.1446415701901668e-07,1.1750060728010327e-06,-3.654796452026131e-05,2.1446415701901668e-07,2.2892913521571685e-06
Twin,XZ,0.002000000000000001,0.0,0.051000000000000004,-4.651276617537293e-05,5.133800749120804e-07,7.062591895284155e-06,-4.651276617537293e-05,5.133800749120804e-07,8.17687717464029e-06
Twin,XZ,0.003,0.0,0.051000000000000004,-2.4779002564007076e-05,8.245508236175571e-07,1.230030214791054e-05,-2.4779002564007076e-05,8.245508236175571e-07,1.3414587427266676e-05
Twin,XZ,0.003999999999999999,0.0,0.051000000000000004,8.965075862521397e-06,1.025938406846609e-06,1.3974939463897821e-05,8.965075862521397e-06,1.025938406846609e-06,1.5089224743253957e-05
Twin,XZ,0.005,0.0,0.051000000000000004,2.9571744477522597e-05,1.0771557362785112e-06,1.1623829238433062e-05,2.9571744477522597e-05,1.0771557362785112e-06,1.2738114517789198e-05
Twin,XZ,0.006000000000000001,0.0,0.051000000000000004,2.5426139706825596e-05,9.96809985949543e-07,7.37375570433624e-06,2.5426139706825596e-05,9.96809985949543e-07,8.488040983692376e-06
Twin,XZ,0.007,0.0,0.051000000000000004,5.361245211196911e-06,7.904141857333761e-07,3.380668395947758e-06,5.361245211196911e-06,7.904141857333761e-07,4.494953675303894e-06
Twin,XZ,-0.007,0.0,0.052000000000000005,-6.016132670608914e-06,5.3203028484654106e-08,2.38405348083641e-06,-6.016132670608914e-06,5.3203028484654106e-08,3.4983387601925454e-06
Twin,XZ,-0.006,0.0,0.052000000000000005,-2.4966704273416042e-05,9.305366641782387e-08,6.145957558703055e-06,-2.4966704273416042e-05,9.305366641782387e-08,7.260242838059191e-06
Twin,XZ,-0.005,0.0,0.052000000000000005,-2.844939696922776e-05,9.647875249205266e-08,1.0376901720258908e-05,-2.844939696922776e-05,9.647875249205266e-08,1.1491186999615044e-05
Twin,XZ,-0.004,0.0,0.052000000000000005,-8.289685812157369e-06,1.5622515722224172e-08,1.2598440199796121e-05,-8.289685812157369e-06,1.5622515722224172e-08,1.3712725479152257e-05
Twin,XZ,-0.003,0.0,0.052000000000000005,2.4302424160291328e-05,-1.2589287279876415e-07,1.0656120597773293e-05,2.4302424160291328e-05,-1.2589287279876415e-07,1.177040587712943e-05
Twin,XZ,-0.002,0.0,0.052000000000000005,4.532693683734092e-05,-2.8204553247629383e-07,5.175149304625354e-06,4.532693683734092e-05,-2.8204553247629383e-07,6.28943458398149e-06
Twin,XZ,-0.001,0.0,0.052000000000000005,3.598587745371101e-05,-2.8383774547377597e-07,-7.819519859492811e-07,3.598587745371101e-05,-2.8383774547377597e-07,3.3233329340685464e-07
Twin,XZ,0.0,0.0,0.052000000000000005,4.811606397292839e-07,-8.690886497501634e-08,-3.1758879630396395e-06,4.811606397292839e-07,-8.690886497501634e-08,-2.061602683683504e-06
Twin,XZ,0.001,0.0,0.052000000000000005,-3.5093534991210604e-05,2.676598344881265e-07,-1.2887177522264086e-08,-3.5093534991210604e-05,2.676598344881265e-07,1.1013981018338717e-06
Twin,XZ,0.002000000000000001,0.0,0.052000000000000005,-4.4590955620162034e-05,6.768035555654979e-07,6.562846098618413e-06,-4.4590955620162034e-05,6.768035555654979e-07,7.677131377974549e-06
Twin,XZ,0.003,0.0,0.052000000000000005,-2.373420188197825e-05,1.0638370006226123e-06,1.2405654964524067e-05,-2.373420188197825e-05,1.0638370006226123e-06,1.3519940243880203e-05
Twin,XZ,0.003999999999999999,0.0,0.052000000000000005,8.799951853751379e-06,1.3256725534063866e-06,1.4395601129473546e-05,8.799951853751379e-06,1.3256725534063866e-06,1.550988640882968e-05
Twin,XZ,0.005,0.0,0.052000000000000005,2.8880497995345588e-05,1.3608139755412373e-06,1.1948261313983572e-05,2.8880497995345588e-05,1.3608139755412373e-06,1.3062546593339708e-05
Twin,XZ,0.006000000000000001,0.0,0.052000000000000005,2.5100039664600347e-05,1.2153959168716177e-06,7.333072254502566e-06,2.5100039664600347e-05,1.2153959168716177e-06,8.447357533858702e-06
Twin,XZ,0.007,0.0,0.052000000000000005,5.723766631852293e-06,9.154410622129069e-07,3.149229629127022e-06,5.723766631852293e-06,9.154410622129069e-07,4.263514908483158e-06
Twin,XZ,-0.007,0.0,0.053000000000000005,-5.936861719087796e-06,-8.439140391732898e-08,2.1537374840524265e-06,-5.936861719087796e-06,-8.439140391732898e-08,3.2680227634085625e-06
Twin,XZ,-0.006,0.0,0.053000000000000005,-2.418554327785724e-05,-1.5684389852542047e-07,6.12069075778736e-06,-2.418554327785724e-05,-1.5684389852542047e-07,7.234976037143496e-06
Twin,XZ,-0.005,0.0,0.053000000000000005,-2.749785176232563e-05,-2.2668917223805735e-07,1.0512224917090552e-05,-2.749785176232563e-05,-2.2668917223805735e-07,1.1626510196446688e-05
Twin,XZ,-0.004,0.0,0.053000000000000005,-8.216046216082904e-06,-3.117417020154381e-07,1.271336044466784e-05,-8.216046216082904e-06,-3.117417020154381e-07,1.3827645724023976e-05
Twin,XZ,-0.003,0.0,0.053000000000000005,2.2826713090646757e-05,-4.123731541723425e-07,1.0480973167551748e-05,2.2826713090646757e-05,-4.123731541723425e-07,1.1595258446907884e-05
Twin,XZ,-0.002,0.0,0.053000000000000005,4.257588273130478e-05,-4.7443603252924705e-07,4.436352517366764e-06,4.257588273130478e-05,-4.7443603252924705e-07,5.5506377967229e-06
Twin,XZ,-0.001,0.0,0.053000000000000005,3.378631036204876e-05,-3.883139762930726e-07,-1.9007751039218292e-06,3.378631036204876e-05,-3.883139762930726e-07,-7.864898245656934e-07
Twin,XZ,0.0,0.0,0.053000000000000005,4.6978422695209637e-07,-1.1628114829623891e-07,-4.433613317476808e-06,4.6978422695209637e-07,-1.1628114829623891e-07,-3.3193280381206717e-06
Twin,XZ,0.001,0.0,0.053000000000000005,-3.291093453284111e-05,3.0790703789113547e-07,-1.1674457379312338e-06,-3.291093453284111e-05,3.0790703789113547e-07,-5.31604585750981e-08
Twin,XZ,0.002000000000000001,0.0,0.053000000000000005,-4.1865255103153154e-05,8.081382149947199e-07,5.732993429154578e-06,-4.1865255103153154e-05,8.081382149947199e-07,6.847278708510714e-06
Twin,XZ,0.003,0.0,0.053000000000000005,-2.2288457059110744e-05,1.2697557000577835e-06,1.2075587863870906e-05,-2.2288457059110744e-05,1.2697557000577835e-06,1.3189873143227042e-05
Twin,XZ,0.003999999999999999,0.0,0.053000000000000005,8.675167233533524e-06,1.5727670088503467e-06,1.4313321643891976e-05,8.675167233533524e-06,1.5727670088503467e-06,1.5427606923248112e-05
Twin,XZ,0.005,0.0,0.053000000000000005,2.7874599508729502e-05,1.6173213529864145e-06,1.18673375061162e-05,2.7874599508729502e-05,1.6173213529864145e-06,1.2981622785472336e-05
Twin,XZ,0.006000000000000001,0.0,0.053000000000000005,2.430204828895911e-05,1.4060623620214674e-06,7.100134734077344e-06,2.430204828895911e-05,1.4060623620214674e-06,8.21442001343348e-06
Twin,XZ,0.007,0.0,0.053000000000000005,5.6379929133847224e-06,1.0215719004600713e-06,2.746349741367821e-06,5.6379929133847224e-06,1.0215719004600713e-06,3.860635020723957e-06
Twin,XZ,-0.007,0.0,0.054,-5.547450736852798e-06,-2.305229941358703e-07,1.8726771690443864e-06,-5.547450736852798e-06,-2.305229941358703e-07,2.986962448400522e-06
Twin,XZ,-0.006,0.0,0.054,-2.29252487031358e-05,-3.916531816439566e-07,5.854902885752945e-06,-2.29252487031358e-05,-3.916531816439566e-07,6.969188165109081e-06
Twin,XZ,-0.005,0.0,0.054,-2.633735807550501e-05,-5.140494439773383e-07,1.0309066193252222e-05,-2.633735807550501e-05,-5.140494439773383e-07,1.1423351472608358e-05
Twin,XZ,-0.004,0.0,0.054,-8.244458532654274e-06,-6.056085496361613e-07,1.2456584710557342e-05,-8.244458532654274e-06,-6.056085496361613e-07,1.3570869989913478e-05
Twin,XZ,-0.003,0.0,0.054,2.086153121214083e-05,-6.748350372916454e-07,9.989968523275007e-06,2.086153121214083e-05,-6.748350372916454e-07,1.1104253802631143e-05
Twin,XZ,-0.002,0.0,0.054,3.92889855242029e-05,-6.522912369075891e-07,3.6174597127955673e-06,3.92889855242029e-05,-6.522912369075891e-07,4.731744992151703e-06
Twin,XZ,-0.001,0.0,0.054,3.124394128605872e-05,-4.7559915874308894e-07,-2.899736730816646e-06,3.124394128605872e-05,-4.7559915874308894e-07,-1.78545145146051e-06
Twin,XZ,0.0,0.0,0.054,4.723667787030651e-07,-1.3853029460747196e-07,-5.403940973059662e-06,4.723667787030651e-07,-1.3853029460747196e-07,-4.289655693703526e-06
Twin,XZ,0.001,0.0,0.054,-3.035870395727421e-05,3.3723742726085434e-07,-2.2606751030137607e-06,-3.035870395727421e-05,3.3723742726085434e-07,-1.146389823657625e-06
Twin,XZ,0.002000000000000001,0.0,0.054,-3.859255333344092e-05,9.121410122111984e-07,4.7448679745351785e-06,-3.859255333344092e-05,9.121410122111984e-07,5.8591532538913144e-06
Twin,XZ,0.003,0.0,0.054,-2.0370029247824906e-05,1.4401851542361783e-06,1.1344391601332394e-05,-2.0370029247824906e-05,1.4401851542361783e-06,1.245867688068853e-05
Twin,XZ,0.003999999999999999,0.0,0.054,8.613173288084954e-06,1.765446835914553e-06,1.3780031027246051e-05,8.613173288084954e-06,1.765446835914553e-06,1.4894316306602187e-05
Twin,XZ,0.005,0.0,0.054,2.6615718361438946e-05,1.8198729539795866e-06,1.1390227922615393e-05,2.6615718361438946e-05,1.8198729539795866e-06,1.250451320197153e-05
Twin,XZ,0.006000000000000001,0.0,0.054,2.299184687632309e-05,1.5651114324512208e-06,6.595361501718954e-06,2.299184687632309e-05,1.5651114324512208e-06,7.70964678107509e-06
Twin,XZ,0.007,0.0,0.054,5.239552096162178e-06,1.1139084401489808e-06,2.2928394196476645e-06,5.239552096162178e-06,1.1139084401489808e-06,3.4071246990038005e-06
Twin,XZ,-0.007,0.0,0.055,-4.932741186005234e-06,-3.589602894783427e-07,1.6146716091654628e-06,-4.932741186005234e-06,-3.589602894783427e-07,2.7289568885215986e-06
Twin,XZ,-0.006,0.0,0.055,-2.1354286449554475e-05,-5.770241333534395e-07,5.462689552260863e-06,-2.1354286449554475e-05,-5.770241333534395e-07,6.576974831616999e-06
Twin,XZ,-0.005,0.0,0.055,-2.4901875639020146e-05,-7.247778602641665e-07,9.852634360842789e-06,-2.4901875639020146e-05,-7.247778602641665e-07,1.0966919640198925e-05
Twin,XZ,-0.004,0.0,0.055,-8.386218958127156e-06,-8.181513446395166e-07,1.1853541394822607e-05,-8.386218958127156e-06,-8.181513446395166e-07,1.2967826674178743e-05
Twin,XZ,-0.003,0.0,0.055,1.850097421995013e-05,-8.576124988947883e-07,9.317632013281307e-06,1.850097421995013e-05,-8.576124988947883e-07,1.0431917292637443e-05
Twin,XZ,-0.002,0.0,0.055,3.564049007216549e-05,-7.721869995075421e-07,2.8894058894984657e-06,3.564049007216549e-05,-7.721869995075421e-07,4.003691168854602e-06
Twin,XZ,-0.001,0.0,0.055,2.8468709521574017e-05,-5.446288272571081e-07,-3.653046690213821e-06,2.8468709521574017e-05,-5.446288272571081e-07,-2.538761410857685e-06
Twin,XZ,0.0,0.0,0.055,4.7561222411444996e-07,-1.5689275039221958e-07,-6.228314319166869e-06,4.7561222411444996e-07,-1.5689275039221958e-07,-5.114029039810733e-06
Twin,XZ,0.001,0.0,0.055,-2.7591952306640738e-05,3.6611129870908853e-07,-3.148032150061183e-06,-2.7591952306640738e-05,3.6611129870908853e-07,-2.033746870705047e-06
Twin,XZ,0.002000000000000001,0.0,0.055,-3.497904791496203e-05,9.88802712737157e-07,3.7891930215306052e-06,-3.497904791496203e-05,9.88802712737157e-07,4.903478300886741e-06
Twin,XZ,0.003,0.0,0.055,-1.808129065216503e-05,1.5536853295424368e-06,1.0376288961304534e-05,-1.808129065216503e-05,1.5536853295424368e-06,1.149057424066067e-05
Twin,XZ,0.003999999999999999,0.0,0.055,8.644789142635751e-06,1.8928777634443065e-06,1.284749571653574e-05,8.644789142635751e-06,1.8928777634443065e-06,1.3961780995891875e-05
Twin,XZ,0.005,0.0,0.055,2.50682468254766e-05,1.9291519924176012e-06,1.0635848484690638e-05,2.50682468254766e-05,1.9291519924176012e-06,1.1750133764046774e-05
Twin,XZ,0.006000000000000001,0.0,0.055,2.1352391725109837e-05,1.6536613717997949e-06,5.96690842260553e-06,2.1352391725109837e-05,1.6536613717997949e-06,7.081193701961666e-06
Twin,XZ,0.007,0.0,0.055,4.6268347720804044e-06,1.1595029061138254e-06,1.8738902513376748e-06,4.6268347720804044e-06,1.1595029061138254e-06,2.9881755306938106e-06
Twin,XZ,-0.007,0.0,0.056,-4.256315161589799e-06,-4.605271683390879e-07,1.3229481049060638e-06,-4.256315161589799e-06,-4.605271683390879e-07,2.4372333842621996e-06
Twin,XZ,-0.006,0.0,0.056,-1.953053267791255e-05,-7.081781827690552e-07,4.909922424205032e-06,-1.953053267791255e-05,-7.081781827690552e-07,6.024207703561168e-06
Twin,XZ,-0.005,0.0,0.056,-2.3221651497881478e-05,-8.612911955785976e-07,9.068612487321383e-06,-2.3221651497881478e-05,-8.612911955785976e-07,1.0182897766677519e-05
Twin,XZ,-0.004,0.0,0.056,-8.566411624748956e-06,-9.558337163782217e-07,1.0971536938866935e-05,-8.566411624748956e-06,-9.558337163782217e-07,1.208582221822307e-05
Twin,XZ,-0.003,0.0,0.056,1.5953209279291645e-05,-9.661240438055544e-07,8.489659196538868e-06,1.5953209279291645e-05,-9.661240438055544e-07,9.603944475895004e-06
Twin,XZ,-0.002,0.0,0.056,3.177126254924981e-05,-8.518341781275513e-07,2.25980085367421e-06,3.177126254924981e-05,-8.518341781275513e-07,3.3740861330303454e-06
Twin,XZ,-0.001,0.0,0.056,2.5560007641620297e-05,-5.761467435772052e-07,-4.201102149626978e-06,2.5560007641620297e-05,-5.761467435772052e-07,-3.086816870270843e-06
Twin,XZ,0.0,0.0,0.056,4.802645519099376e-07,-1.6729850472396154e-07,-6.820809285903998e-06,4.802645519099376e-07,-1.6729850472396154e-07,-5.706524006547862e-06
Twin,XZ,0.001,0.0,0.056,-2.4698428030422503e-05,3.781095874184099e-07,-3.8406092606877275e-06,-2.4698428030422503e-05,3.781095874184099e-07,-2.726323981331592e-06
Twin,XZ,0.002000000000000001,0.0,0.056,-3.116382832892732e-05,1.0342613781385967e-06,2.9005487873119695e-06,-3.116382832892732e-05,1.0342613781385967e-06,4.0148340666681055e-06
Twin,XZ,0.003,0.0,0.056,-1.562610237581056e-05,1.6012266159548385e-06,9.222981035221928e-06,-1.562610237581056e-05,1.6012266159548385e-06,1.0337266314578064e-05
Twin,XZ,0.003999999999999999,0.0,0.056,8.700938660744812e-06,1.941148916941778e-06,1.1619743785415555e-05,8.700938660744812e-06,1.941148916941778e-06,1.2734029064771691e-05
Twin,XZ,0.005,0.0,0.056,2.32670437212289e-05,1.966933495060806e-06,9.546756160644094e-06,2.32670437212289e-05,1.966933495060806e-06,1.066104144000023e-05
Twin,XZ,0.006000000000000001,0.0,0.056,1.94539789302128e-05,1.6830273272214745e-06,5.1819035799816585e-06,1.94539789302128e-05,1.6830273272214745e-06,6.2961888593377945e-06
Twin,XZ,0.007,0.0,0.056,3.958288824296453e-06,1.1709411111584596e-06,1.4384022627141612e-06,3.958288824296453e-06,1.1709411111584596e-06,2.552687542070297e-06
Twin,XZ,-0.007,0.0,0.057,-3.5124848403133974e-06,-5.271489890828802e-07,1.0014828500404612e-06,-3.5124848403133974e-06,-5.271489890828802e-07,2.115768129396597e-06
Twin,XZ,-0.006,0.0,0.057,-1.7581247469362788e-05,-7.642621791678299e-07,4.26776851877657e-06,-1.7581247469362788e-05,-7.642621791678299e-07,5.382053798132706e-06
Twin,XZ,-0.005,0.0,0.057,-2.140257885672196e-05,-9.224981167379681e-07,8.101659588453697e-06,-2.140257885672196e-05,-9.224981167379681e-07,9.215944867809833e-06
Twin,XZ,-0.004,0.0,0.057,-8.681096490456308e-06,-9.888004844205949e-07,9.867921433325766e-06,-8.681096490456308e-06,-9.888004844205949e-07,1.0982206712681902e-05
Twin,XZ,-0.003,0.0,0.057,1.3327523361619343e-05,-9.934626735393522e-07,7.5424195710446386e-06,1.3327523361619343e-05,-9.934626735393522e-07,8.656704850400775e-06
Twin,XZ,-0.002,0.0,0.057,2.7822875790674613e-05,-8.685529495258075e-07,1.6144213872759279e-06,2.7822875790674613e-05,-8.685529495258075e-07,2.7287066666320637e-06
Twin,XZ,-0.001,0.0,0.057,2.2570805660639723e-05,-5.946537026938654e-07,-4.583852896821755e-06,2.2570805660639723e-05,-5.946537026938654e-07,-3.469567617465619e-06
Twin,XZ,0.0,0.0,0.057,4.911115621712692e-07,-1.7449384522789903e-07,-7.097656176291203e-06,4.911115621712692e-07,-1.7449384522789903e-07,-5.983370896935067e-06
Twin,XZ,0.001,0.0,0.057,-2.1702356732393306e-05,3.8163820705434175e-07,-4.3782530629485366e-06,-2.1702356732393306e-05,3.8163820705434175e-07,-3.2639677835924006e-06
Twin,XZ,0.002000000000000001,0.0,0.057,-2.7266586343799336e-05,1.0168102981456791e-06,1.975666687826011e-06,-2.7266586343799336e-05,1.0168102981456791e-06,3.0899519671821464e-06
Twin,XZ,0.003,0.0,0.057,-1.3101542542325353e-05,1.571046471913181e-06,7.93340529297216e-06,-1.3101542542325353e-05,1.571046471913181e-06,9.047690572328296e-06
Twin,XZ,0.003999999999999999,0.0,0.057,8.689916915211163e-06,1.8847495181986559e-06,1.0187282407817374e-05,8.689916915211163e-06,1.8847495181986559e-06,1.130156768717351e-05
Twin,XZ,0.005,0.0,0.057,2.131405968618744e-05,1.9149634598001658e-06,8.29186817701929e-06,2.131405968618744e-05,1.9149634598001658e-06,9.406153456375426e-06
Twin,XZ,0.006000000000000001,0.0,0.057,1.741942462714811e-05,1.6301441192317403e-06,4.336705408636338e-06,1.741942462714811e-05,1.6301441192317403e-06,5.450990687992474e-06
Twin,XZ,0.007,0.0,0.057,3.220654136300281e-06,1.1448971497929137e-06,9.975281598050707e-07,3.220654136300281e-06,1.1448971497929137e-06,2.1118134391612065e-06
Bottle,XY,-0.007,-0.007,0.05,6.295512016448021e-06,6.422022648057182e-06,2.1752609400172756e-07,6.295512016448021e-06,6.422022648057182e-06,1.3318113733578633e-06
Bottle,XY,-0.006,-0.007,0.05,5.991260038009608e-06,6.371004867767231e-06,-1.8737893479453016e-07,5.991260038009608e-06,6.371004867767231e-06,9.269063445616056e-07
Bottle,XY,-0.005,-0.007,0.05,2.719541825368867e-06,3.3289351495076145e-06,-6.27694348031465e-07,2.719541825368867e-06,3.3289351495076145e-06,4.865909313246708e-07
Bottle,XY,-0.004,-0.007,0.05,-1.2669785284445266e-06,-1.048827248551175e-06,-8.572917717140177e-07,-1.2669785284445266e-06,-1.048827248551175e-06,2.569935076421181e-07
Bottle,XY,-0.003,-0.007,0.05,-3.8838577154324605e-06,-4.896220355002625e-06,-7.70970974292619e-07,-3.8838577154324605e-06,-4.896220355002625e-06,3.4331430506351675e-07
Bottle,XY,-0.002,-0.007,0.05,-4.312194503412442e-06,-7.166520355933257e-06,-4.648650956452826e-07,-4.312194503412442e-06,-7.166520355933257e-06,6.494201837108532e-07
Bottle,XY,-0.001,-0.007,0.05,-2.732803751079926e-06,-8.014020930660518e-06,-1.4762298257314168e-07,-2.732803751079926e-06,-8.014020930660518e-06,9.66662296782994e-07
Bottle,XY,0.0,-0.007,0.05,5.365278716010034e-09,-8.245550316947773e-06,-3.469560830657851e-09,5.365278716010034e-09,-8.245550316947773e-06,1.110815718525478e-06
Bottle,XY,0.001,-0.007,0.05,2.7726827943565134e-06,-8.280140933134067e-06,-1.3617528160970244e-07,2.7726827943565134e-06,-8.280140933134067e-06,9.781099977464333e-07
Bottle,XY,0.002000000000000001,-0.007,0.05,4.413641435483199e-06,-7.626675455699342e-06,-4.500646325897998e-07,4.413641435483199e-06,-7.626675455699342e-06,6.64220646766336e-07
Bottle,XY,0.003,-0.007,0.05,4.023444720316487e-06,-5.430861758260128e-06,-7.635807851200668e-07,4.023444720316487e-06,-5.430861758260128e-06,3.50704494236069e-07
Bottle,XY,0.003999999999999999,-0.007,0.05,1.388519647401367e-06,-1.5305491741675495e-06,-8.656261004437186e-07,1.388519647401367e-06,-1.5305491741675495e-06,2.486591789124172e-07
Bottle,XY,0.005,-0.007,0.05,-2.668545918102634e-06,2.9964297401684445e-06,-6.530508429799891e-07,-2.668545918102634e-06,2.9964297401684445e-06,4.612344363761467e-07
Bottle,XY,0.006000000000000001,-0.007,0.05,-6.029264278742202e-06,6.2192013530814005e-06,-2.2944204757737316e-07,-6.029264278742202e-06,6.2192013530814005e-06,8.848432317787626e-07
Bottle,XY,0.007,-0.007,0.05,-6.398439556138573e-06,6.435133086690889e-06,1.5845538575520769e-07,-6.398439556138573e-06,6.435133086690889e-06,1.2727406651113435e-06
Bottle,XY,-0.007,-0.006,0.05,6.253261093990666e-06,6.322205427528307e-06,-1.474876072263938e-07,6.253261093990666e-06,6.322205427528307e-06,9.66797672129742e-07
Bottle,XY,-0.006,-0.006,0.05,2.811591274768366e-06,3.0858591421841003e-06,-5.68915446627211e-07,2.811591274768366e-06,3.0858591421841003e-06,5.453698327289247e-07
Bottle,XY,-0.005,-0.006,0.05,-1.6813959940102893e-06,-1.5456891956473667e-06,-7.47751552228858e-07,-1.6813959940102893e-06,-1.5456891956473667e-06,3.665337271272778e-07
Bottle,XY,-0.004,-0.006,0.05,-4.648426697344576e-06,-4.920673184183065e-06,-5.659470326759851e-07,-4.648426697344576e-06,-4.920673184183065e-06,5.483382466801507e-07
Bottle,XY,-0.003,-0.006,0.05,-5.126700713513046e-06,-5.599798899090351e-06,-1.0968331388779187e-07,-5.126700713513046e-06,-5.599798899090351e-06,1.004601965468344e-06
Bottle,XY,-0.002,-0.006,0.05,-3.848647136816663e-06,-3.994410732652884e-06,4.6208132334807305e-07,-3.848647136816663e-06,-3.994410732652884e-06,1.5763666027042088e-06
Bottle,XY,-0.001,-0.006,0.05,-1.987191179521719e-06,-1.8182596523786538e-06,9.015797695005892e-07,-1.987191179521719e-06,-1.8182596523786538e-06,2.015865048856725e-06
Bottle,XY,0.0,-0.006,0.05,-9.69418454420632e-08,-8.510092124263302e-07,1.094329351606963e-06,-9.69418454420632e-08,-8.510092124263302e-07,2.2086146309630987e-06
Bottle,XY,0.001,-0.006,0.05,1.8372604756785575e-06,-1.8981563965731852e-06,9.82163133710107e-07,1.8372604756785575e-06,-1.8981563965731852e-06,2.0964484130662428e-06
Bottle,XY,0.002000000000000001,-0.006,0.05,3.807951177790476e-06,-4.178814087158005e-06,6.001247693089925e-07,3.807951177790476e-06,-4.178814087158005e-06,1.7144100486651283e-06
Bottle,XY,0.003,-0.006,0.05,5.20606743735903e-06,-5.904887535345367e-06,3.8123225331771555e-08,5.20606743735903e-06,-5.904887535345367e-06,1.1524085046879073e-06
Bottle,XY,0.003999999999999999,-0.006,0.05,4.807767661141692e-06,-5.327771307414249e-06,-4.562335325635926e-07,4.807767661141692e-06,-5.327771307414249e-06,6.580517467925432e-07
Bottle,XY,0.005,-0.006,0.05,1.8527754052521178e-06,-2.0058499231691617e-06,-7.103287155673082e-07,1.8527754052521178e-06,-2.0058499231691617e-06,4.039565637888275e-07
Bottle,XY,0.006000000000000001,-0.006,0.05,-2.687521434327048e-06,2.6312598790525503e-06,-6.144501875327692e-07,-2.687521434327048e-06,2.6312598790525503e-06,4.998350918233666e-07
Bottle,XY,0.007,-0.006,0.05,-6.187805939621472e-06,5.922952548880612e-06,-2.711578236178872e-07,-6.187805939621472e-06,5.922952548880612e-06,8.431274557382486e-07
Bottle,XY,-0.007,-0.005,0.05,3.153822842241984e-06,3.06085093496372e-06,-5.881809858580067e-07,3.153822842241984e-06,3.06085093496372e-06,5.261042934981291e-07
Bottle,XY,-0.006,-0.005,0.05,-1.8234509382468725e-06,-1.45922317138785e-06,-7.283695994001947e-07,-1.8234509382468725e-06,-1.45922317138785e-06,3.8591567995594106e-07
Bottle,XY,-0.005,-0.005,0.05,-4.913723590326168e-06,-4.734156654786201e-06,-4.515971696493482e-07,-4.913723590326168e-06,-4.734156654786201e-06,6.626881097067876e-07
Bottle,XY,-0.004,-0.005,0.05,-4.74651097644701e-06,-4.6796682921458345e-06,1.411653351563328e-07,-4.74651097644701e-06,-4.6796682921458345e-06,1.2554506145124686e-06
Bottle,XY,-0.003,-0.005,0.05,-2.4496510428122174e-06,-1.446562641461675e-06,8.307761716319167e-07,-2.4496510428122174e-06,-1.446562641461675e-06,1.9450614509880524e-06
Bottle,XY,-0.002,-0.005,0.05,-2.2942428729781158e-07,3.0864520714950983e-06,1.3519536417096019e-06,-2.2942428729781158e-07,3.0864520714950983e-06,2.4662389210657376e-06
Bottle,XY,-0.001,-0.005,0.05,5.121104323557236e-07,6.82927638372702e-06,1.6795415847042173e-06,5.121104323557236e-07,6.82927638372702e-06,2.793826864060353e-06
Bottle,XY,0.0,-0.005,0.05,-6.293356437866499e-08,8.29541573704756e-06,1.8432811101600065e-06,-6.293356437866499e-08,8.29541573704756e-06,2.9575663895161423e-06
Bottle,XY,0.001,-0.005,0.05,-6.343082890923966e-07,7.016352330529333e-06,1.804010963816053e-06,-6.343082890923966e-07,7.016352330529333e-06,2.9182962431721888e-06
Bottle,XY,0.002000000000000001,-0.005,0.05,1.263747442237566e-07,3.3439966349180333e-06,1.5707916522040632e-06,1.263747442237566e-07,3.3439966349180333e-06,2.685076931560199e-06
Bottle,XY,0.003,-0.005,0.05,2.395058489781996e-06,-1.283418485620871e-06,1.0863666230422354e-06,2.395058489781996e-06,-1.283418485620871e-06,2.200651902398371e-06
Bottle,XY,0.003999999999999999,-0.005,0.05,4.76674919429304e-06,-4.731154471045392e-06,3.624708565122833e-07,4.76674919429304e-06,-4.731154471045392e-06,1.476756135868419e-06
Bottle,XY,0.005,-0.005,0.05,5.0021025453154556e-06,-5.018468953276143e-06,-3.2099112577398035e-07,5.0021025453154556e-06,-5.018468953276143e-06,7.932941535821554e-07
Bottle,XY,0.006000000000000001,-0.005,0.05,1.949614635920272e-06,-1.9165701225973643e-06,-7.157093875412152e-07,1.949614635920272e-06,-1.9165701225973643e-06,3.9857589181492054e-07
Bottle,XY,0.007,-0.005,0.05,-3.010299009034809e-06,2.5211999713359287e-06,-6.904017250756652e-07,-3.010299009034809e-06,2.5211999713359287e-06,4.2388355428047054e-07
Bottle,XY,-0.007,-0.004,0.05,-1.3420751935497286e-06,-1.151237720186791e-06,-8.341388550633513e-07,-1.3420751935497286e-06,-1.151237720186791e-06,2.8014642429278454e-07
Bottle,XY,-0.006,-0.004,0.05,-5.218629627491096e-06,-4.636524026465491e-06,-5.141161347248195e-07,-5.218629627491096e-06,-4.636524026465491e-06,6.001691446313163e-07
Bottle,XY,-0.005,-0.004,0.05,-4.8196549635372594e-06,-4.7188681843354086e-06,1.9814570747587068e-07,-4.8196549635372594e-06,-4.7188681843354086e-06,1.3124309868320065e-06
Bottle,XY,-0.004,-0.004,0.05,-1.2536355974175212e-06,-1.1960780323805842e-06,9.680219253714006e-07,-1.2536355974175212e-06,-1.1960780323805842e-06,2.0823072047275363e-06
Bottle,XY,-0.003,-0.004,0.05,2.418134649575383e-06,3.7993181156315765e-06,1.5121679965473851e-06,2.418134649575383e-06,3.7993181156315765e-06,2.626453275903521e-06
Bottle,XY,-0.002,-0.004,0.05,3.8853528577618e-06,7.865489992034733e-06,1.6830791334056562e-06,3.8853528577618e-06,7.865489992034733e-06,2.797364412761792e-06
Bottle,XY,-0.001,-0.004,0.05,2.7573939776297543e-06,1.0050222971967489e-05,1.6591716555493603e-06,2.7573939776297543e-06,1.0050222971967489e-05,2.773456934905496e-06
Bottle,XY,0.0,-0.004,0.05,8.12364142929169e-08,1.0771260238296149e-05,1.6947189750704903e-06,8.12364142929169e-08,1.0771260238296149e-05,2.809004254426626e-06
Bottle,XY,0.001,-0.004,0.05,-2.6703095235716295e-06,1.0358470836344601e-05,1.7619220868987105e-06,-2.6703095235716295e-06,1.0358470836344601e-05,2.8762073662548463e-06
Bottle,XY,0.002000000000000001,-0.004,0.05,-3.963863206514811e-06,8.332892873960309e-06,1.8760129300946883e-06,-3.963863206514811e-06,8.332892873960309e-06,2.990298209450824e-06
Bottle,XY,0.003,-0.004,0.05,-2.6244311332264437e-06,4.217636863169023e-06,1.7577865661235528e-06,-2.6244311332264437e-06,4.217636863169023e-06,2.8720718454796886e-06
Bottle,XY,0.003999999999999999,-0.004,0.05,1.0441362588746665e-06,-9.790176911762008e-07,1.2110874763231077e-06,1.0441362588746665e-06,-9.790176911762008e-07,2.3253727556792435e-06
Bottle,XY,0.005,-0.004,0.05,4.7137813402439905e-06,-4.740628418496548e-06,3.795232653309753e-07,4.7137813402439905e-06,-4.740628418496548e-06,1.493808544687111e-06
Bottle,XY,0.006000000000000001,-0.004,0.05,5.247853583574466e-06,-4.841125905922563e-06,-4.3273453454970344e-07,5.247853583574466e-06,-4.841125905922563e-06,6.815507448064323e-07
Bottle,XY,0.007,-0.004,0.05,1.4815699074736148e-06,-1.4621908446211455e-06,-8.601544174267445e-07,1.4815699074736148e-06,-1.4621908446211455e-06,2.5413086192939135e-07
Bottle,XY,-0.007,-0.003,0.05,-5.295372022807066e-06,-4.0898918773528575e-06,-7.40995881431988e-07,-5.295372022807066e-06,-4.0898918773528575e-06,3.732893979241477e-07
Bottle,XY,-0.006,-0.003,0.05,-5.8383219512849836e-06,-5.3269868070672825e-06,9.328724625081802e-09,-5.8383219512849836e-06,-5.3269868070672825e-06,1.1236140039812176e-06
Bottle,XY,-0.005,-0.003,0.05,-1.4411331974845766e-06,-2.4892188858524866e-06,9.863686116994361e-07,-1.4411331974845766e-06,-2.4892188858524866e-06,2.100653891055572e-06
Bottle,XY,-0.004,-0.003,0.05,3.821634500270813e-06,2.559951983491733e-06,1.6141491799061316e-06,3.821634500270813e-06,2.559951983491733e-06,2.7284344592622674e-06
Bottle,XY,-0.003,-0.003,0.05,6.151352606903876e-06,6.362326541893122e-06,1.6948009145183128e-06,6.151352606903876e-06,6.362326541893122e-06,2.8090861938744486e-06
Bottle,XY,-0.002,-0.003,0.05,5.0696255996705425e-06,6.9190838318918485e-06,1.3337831157828519e-06,5.0696255996705425e-06,6.9190838318918485e-06,2.4480683951389877e-06
Bottle,XY,-0.001,-0.003,0.05,2.604880472005368e-06,5.344748660739629e-06,9.258833682908575e-07,2.604880472005368e-06,5.344748660739629e-06,2.0401686476469933e-06
Bottle,XY,0.0,-0.003,0.05,2.125009171681895e-07,4.414447329076028e-06,7.847046269241821e-07,2.125009171681895e-07,4.414447329076028e-06,1.8989899062803179e-06
Bottle,XY,0.001,-0.003,0.05,-2.3227320070035986e-06,5.527765419485923e-06,9.535834259926428e-07,-2.3227320070035986e-06,5.527765419485923e-06,2.0678687053487785e-06
Bottle,XY,0.002000000000000001,-0.003,0.05,-5.1111018978141245e-06,7.1923025256385674e-06,1.4050432649058976e-06,-5.1111018978141245e-06,7.1923025256385674e-06,2.5193285442620334e-06
Bottle,XY,0.003,-0.003,0.05,-6.464711184925537e-06,6.612909393047451e-06,1.818370125119631e-06,-6.464711184925537e-06,6.612909393047451e-06,2.932655404475767e-06
Bottle,XY,0.003999999999999999,-0.003,0.05,-4.1879412601231666e-06,2.7323896927518326e-06,1.7718189222941014e-06,-4.1879412601231666e-06,2.7323896927518326e-06,2.886104201650237e-06
Bottle,XY,0.005,-0.003,0.05,1.2252805528394623e-06,-2.3720917933666665e-06,1.1402702301843829e-06,1.2252805528394623e-06,-2.3720917933666665e-06,2.2545555095405187e-06
Bottle,XY,0.006000000000000001,-0.003,0.05,5.833637039911508e-06,-5.216193267435771e-06,1.1850318696002833e-07,5.833637039911508e-06,-5.216193267435771e-06,1.2327884663161641e-06
Bottle,XY,0.007,-0.003,0.05,5.430864486653933e-06,-3.971909846193619e-06,-6.967160190693548e-07,5.430864486653933e-06,-3.971909846193619e-06,4.17569260286781e-07
Bottle,XY,-0.007,-0.002,0.05,-7.584586509123903e-06,-4.734850427737999e-06,-3.7912619182659016e-07,-7.584586509123903e-06,-4.734850427737999e-06,7.351590875295456e-07
Bottle,XY,-0.006,-0.002,0.05,-4.049939944563465e-06,-4.1299483799161495e-06,6.822206609538207e-07,-4.049939944563465e-06,-4.1299483799161495e-06,1.7965059403099565e-06
Bottle,XY,-0.005,-0.002,0.05,3.3590006663762538e-06,-2.425045321248457e-07,1.6155751056907018e-06,3.3590006663762538e-06,-2.425045321248457e-07,2.7298603850468376e-06
Bottle,XY,-0.004,-0.002,0.05,8.091228921094098e-06,4.13380448731475e-06,1.8749842144506772e-06,8.091228921094098e-06,4.13380448731475e-06,2.989269493806813e-06
Bottle,XY,-0.003,-0.002,0.05,6.776932776694445e-06,5.47255658446045e-06,1.405115418436769e-06,6.776932776694445e-06,5.47255658446045e-06,2.519400697792905e-06
Bottle,XY,-0.002,-0.002,0.05,2.267499949265591e-06,2.7053736491147984e-06,6.572501823008116e-07,2.267499949265591e-06,2.7053736491147984e-06,1.7715354616569474e-06
Bottle,XY,-0.001,-0.002,0.05,-3.758891736434564e-07,-1.7058480671760336e-06,6.017844988845237e-08,-3.758891736434564e-07,-1.7058480671760336e-06,1.1744637292445881e-06
Bottle,XY,0.0,-0.002,0.05,2.3240776107462332e-07,-3.822774102701446e-06,-1.612874278987787e-07,2.3240776107462332e-07,-3.822774102701446e-06,9.529978514573571e-07
Bottle,XY,0.001,-0.002,0.05,6.751826756405616e-07,-1.7757747912122054e-06,8.704716128907588e-09,6.751826756405616e-07,-1.7757747912122054e-06,1.1229899954850434e-06
Bottle,XY,0.002000000000000001,-0.002,0.05,-2.331132445575301e-06,2.5777904728708916e-06,5.94374889419956e-07,-2.331132445575301e-06,2.5777904728708916e-06,1.7086601687760918e-06
Bottle,XY,0.003,-0.002,0.05,-7.117682666811476e-06,5.330601617357096e-06,1.378965773223407e-06,-7.117682666811476e-06,5.330601617357096e-06,2.4932510525795427e-06
Bottle,XY,0.003999999999999999,-0.002,0.05,-8.430379034920506e-06,4.0620416648435175e-06,1.9030480021151388e-06,-8.430379034920506e-06,4.0620416648435175e-06,3.0173332814712745e-06
Bottle,XY,0.005,-0.002,0.05,-3.466797965402378e-06,-1.4196989008699896e-07,1.6774829407359634e-06,-3.466797965402378e-06,-1.4196989008699896e-07,2.791768220092099e-06
Bottle,XY,0.006000000000000001,-0.002,0.05,4.1785176108002505e-06,-3.8080685486782556e-06,7.46134406737552e-07,4.1785176108002505e-06,-3.8080685486782556e-06,1.8604196860936878e-06
Bottle,XY,0.007,-0.002,0.05,7.774800326600333e-06,-4.255426327211886e-06,-3.3515960044250015e-07,7.774800326600333e-06,-4.255426327211886e-06,7.791256789136356e-07
Bottle,XY,-0.007,-0.001,0.05,-8.350180334394828e-06,-3.138189551942139e-06,2.6349324698206774e-08,-8.350180334394828e-06,-3.138189551942139e-06,1.1406346040543426e-06
Bottle,XY,-0.006,-0.001,0.05,-1.6355625433105827e-06,-2.1977682033957964e-06,1.2188997563968375e-06,-1.6355625433105827e-06,-2.1977682033957964e-06,2.3331850357529733e-06
Bottle,XY,-0.005,-0.001,0.05,7.373835410926164e-06,5.283568284232492e-07,2.014990200716473e-06,7.373835410926164e-06,5.283568284232492e-07,3.1292754800726088e-06
Bottle,XY,-0.004,-0.001,0.05,1.048616420817809e-05,2.9470529266257878e-06,1.8806077838003161e-06,1.048616420817809e-05,2.9470529266257878e-06,2.994893063156452e-06
Bottle,XY,-0.003,-0.001,0.05,5.319402897684675e-06,2.8971051526423998e-06,9.915503181787669e-07,5.319402897684675e-06,2.8971051526423998e-06,2.1058355975349027e-06
Bottle,XY,-0.002,-0.001,0.05,-2.1042471899233397e-06,-3.516343976399386e-08,3.941463031824396e-08,-2.1042471899233397e-06,-3.516343976399386e-08,1.1536999096743797e-06
Bottle,XY,-0.001,-0.001,0.05,-4.169743002627781e-06,-3.819457717410982e-06,-5.115733086771905e-07,-4.169743002627781e-06,-3.819457717410982e-06,6.027119706789453e-07
Bottle,XY,0.0,-0.001,0.05,1.3361529736734288e-07,-5.598797282576149e-06,-7.100809685415441e-07,1.3361529736734288e-07,-5.598797282576149e-06,4.042043108145916e-07
Bottle,XY,0.001,-0.001,0.05,4.301479899930855e-06,-4.059332856170102e-06,-5.918781401708672e-07,4.301479899930855e-06,-4.059332856170102e-06,5.224071391852686e-07
Bottle,XY,0.002000000000000001,-0.001,0.05,1.9631427266068966e-06,-4.2576345859342897e-07,-7.976775441920464e-08,1.9631427266068966e-06,-4.2576345859342897e-07,1.0345175249369311e-06
Bottle,XY,0.003,-0.001,0.05,-5.601285581522308e-06,2.5073943376335705e-06,8.840324257002586e-07,-5.601285581522308e-06,2.5073943376335705e-06,1.9983177050563943e-06
Bottle,XY,0.003999999999999999,-0.001,0.05,-1.0620037439467518e-05,2.7253155232061255e-06,1.8061533060444097e-06,-1.0620037439467518e-05,2.7253155232061255e-06,2.9204385854005455e-06
Bottle,XY,0.005,-0.001,0.05,-7.1898529993369114e-06,5.99223388671274e-07,1.967650997925678e-06,-7.1898529993369114e-06,5.99223388671274e-07,3.081936277281814e-06
Bottle,XY,0.006000000000000001,-0.001,0.05,2.0171394852989756e-06,-1.8172274689995385e-06,1.1814921730462892e-06,2.0171394852989756e-06,-1.8172274689995385e-06,2.295777452402425e-06
Bottle,XY,0.007,-0.001,0.05,8.629978444396774e-06,-2.5640142992269504e-06,-6.60160241070569e-09,8.629978444396774e-06,-2.5640142992269504e-06,1.10768367694543e-06
Bottle,XY,-0.007,0.0,0.05,-8.454618221081577e-06,-1.4391726157454088e-07,2.476886400134033e-07,-8.454618221081577e-06,-1.4391726157454088e-07,1.361973919369539e-06
Bottle,XY,-0.006,0.0,0.05,-5.099418231982465e-07,-1.1085610531047583e-07,1.4641987618709e-06,-5.099418231982465e-07,-1.1085610531047583e-07,2.5784840412270357e-06
Bottle,XY,-0.005,0.0,0.05,8.949714307099503e-06,-3.807525048119109e-08,2.1829763070905527e-06,8.949714307099503e-06,-3.807525048119109e-08,3.2972615864466883e-06
Bottle,XY,-0.004,0.0,0.05,1.1263399890025858e-05,5.18330378009489e-08,1.8781240858318047e-06,1.1263399890025858e-05,5.18330378009489e-08,2.9924093651879404e-06
Bottle,XY,-0.003,0.0,0.05,4.437472186688534e-06,1.2029126796166437e-07,7.886415833502211e-07,4.437472186688534e-06,1.2029126796166437e-07,1.902926862706357e-06
Bottle,XY,-0.002,0.0,0.05,-4.163455556125303e-06,1.3687517082426515e-07,-2.500560982393276e-07,-4.163455556125303e-06,1.3687517082426515e-07,8.642291811168082e-07
Bottle,XY,-0.001,0.0,0.05,-5.910313018966861e-06,9.07448669463255e-08,-7.787018840678371e-07,-5.910313018966861e-06,9.07448669463255e-08,3.3558339528829875e-07
Bottle,XY,0.0,0.0,0.05,3.4418536578270195e-09,-3.812846476799658e-09,-9.228690224842313e-07,3.4418536578270195e-09,-3.812846476799658e-09,1.9141625687190446e-07
Bottle,XY,0.001,0.0,0.05,5.838286331578996e-06,-1.069634540251036e-07,-8.313347556165622e-07,5.838286331578996e-06,-1.069634540251036e-07,2.829505237395736e-07
Bottle,XY,0.002000000000000001,0.0,0.05,3.965089763071253e-06,-1.6851349912104308e-07,-3.319043083669656e-07,3.965089763071253e-06,-1.6851349912104308e-07,7.823809709891702e-07
Bottle,XY,0.003,0.0,0.05,-4.59755216805893e-06,-1.5297771255319094e-07,6.996518532642419e-07,-4.59755216805893e-06,-1.5297771255319094e-07,1.8139371326203777e-06
Bottle,XY,0.003999999999999999,0.0,0.05,-1.1139108204290212e-05,-6.340366274309464e-08,1.779697364747355e-06,-1.1139108204290212e-05,-6.340366274309464e-08,2.893982644103491e-06
Bottle,XY,0.005,0.0,0.05,-8.477891992427885e-06,6.051595918178496e-08,2.0626676092349215e-06,-8.477891992427885e-06,6.051595918178496e-08,3.176952888591057e-06
Bottle,XY,0.006000000000000001,0.0,0.05,1.0876176520830662e-06,1.5711740804514354e-07,1.3211173817661578e-06,1.0876176520830662e-06,1.5711740804514354e-07,2.4354026611222936e-06
Bottle,XY,0.007,0.0,0.05,8.754088260418327e-06,1.784313430499974e-07,1.088608361753904e-07,8.754088260418327e-06,1.784313430499974e-07,1.2231461155315262e-06
Bottle,XY,-0.007,0.001,0.05,-8.394171495482553e-06,2.9873986486577907e-06,1.3650010589458024e-07,-8.394171495482553e-06,2.9873986486577907e-06,1.250785385250716e-06
Bottle,XY,-0.006,0.001,0.05,-1.5721594035396055e-06,2.0769120059004056e-06,1.3325671543351892e-06,-1.5721594035396055e-06,2.0769120059004056e-06,2.446852433691325e-06
Bottle,XY,-0.005,0.001,0.05,7.533975048567408e-06,-5.657461532464851e-07,2.085999853052113e-06,7.533975048567408e-06,-5.657461532464851e-07,3.200285132408249e-06
Bottle,XY,-0.004,0.001,0.05,1.0687434573193965e-05,-2.8780791162907005e-06,1.8727545188189139e-06,1.0687434573193965e-05,-2.8780791162907005e-06,2.9870397981750496e-06
Bottle,XY,-0.003,0.001,0.05,5.475561956677335e-06,-2.746455899482399e-06,8.956242341240304e-07,5.475561956677335e-06,-2.746455899482399e-06,2.009909513480166e-06
Bottle,XY,-0.002,0.001,0.05,-2.0692237952266284e-06,2.0419255858473661e-07,-1.2486401227341076e-07,-2.0692237952266284e-06,2.0419255858473661e-07,9.89421267082725e-07
Bottle,XY,-0.001,0.001,0.05,-4.2727300008169634e-06,3.927653539181428e-06,-6.989721855363438e-07,-4.2727300008169634e-06,3.927653539181428e-06,4.153130938197919e-07
Bottle,XY,0.0,0.001,0.05,-5.7231557794057985e-08,5.583760562710532e-06,-8.692201085382972e-07,-5.7231557794057985e-08,5.583760562710532e-06,2.450651708178386e-07
Bottle,XY,0.001,0.001,0.05,4.122461117380739e-06,3.913383167956197e-06,-6.918159504004342e-07,4.122461117380739e-06,3.913383167956197e-06,4.2246932895570155e-07
Bottle,XY,0.002000000000000001,0.001,0.05,1.8957121455255054e-06,2.1328436520686616e-07,-1.1786769040744833e-07,1.8957121455255054e-06,2.1328436520686616e-07,9.964175889486874e-07
Bottle,XY,0.003,0.001,0.05,-5.5115651021113e-06,-2.6769836140621727e-06,8.820507864913911e-07,-5.5115651021113e-06,-2.6769836140621727e-06,1.996336065847527e-06
Bottle,XY,0.003999999999999999,0.001,0.05,-1.0414500394325253e-05,-2.758385778020042e-06,1.8042467124307902e-06,-1.0414500394325253e-05,-2.758385778020042e-06,2.918531991786926e-06
Bottle,XY,0.005,0.001,0.05,-6.982098323385101e-06,-4.6517899412505403e-07,1.940278712872304e-06,-6.982098323385101e-06,-4.6517899412505403e-07,3.0545639922284395e-06
Bottle,XY,0.006000000000000001,0.001,0.05,2.1076076181455366e-06,2.0588362525245886e-06,1.1259639576719679e-06,2.1076076181455366e-06,2.0588362525245886e-06,2.2402492370281037e-06
Bottle,XY,0.007,0.001,0.05,8.548476334127478e-06,2.7969706105241994e-06,-7.275774960441975e-08,8.548476334127478e-06,2.7969706105241994e-06,1.041527529751716e-06
Bottle,XY,-0.007,0.002000000000000001,0.05,-7.696574107490018e-06,4.8851167147556265e-06,-2.3081001205308163e-07,-7.696574107490018e-06,4.8851167147556265e-06,8.834752673030542e-07
Bottle,XY,-0.006,0.002000000000000001,0.05,-4.004794410308987e-06,4.243933114373794e-06,8.540137189312293e-07,-4.004794410308987e-06,4.243933114373794e-06,1.968298998287365e-06
Bottle,XY,-0.005,0.002000000000000001,0.05,3.553916741400387e-06,3.1104145934722624e-07,1.744036502793545e-06,3.553916741400387e-06,3.1104145934722624e-07,2.8583217821496807e-06
Bottle,XY,-0.004,0.002000000000000001,0.05,8.355733550861442e-06,-4.11689676820043e-06,1.9081006841560852e-06,8.355733550861442e-06,-4.11689676820043e-06,3.0223859635122212e-06
Bottle,XY,-0.003,0.002000000000000001,0.05,6.989936126896534e-06,-5.500835794149292e-06,1.3184810759679622e-06,6.989936126896534e-06,-5.500835794149292e-06,2.432766355324098e-06
Bottle,XY,-0.002,0.002000000000000001,0.05,2.322739754304191e-06,-2.759526733787518e-06,4.74527256471261e-07,2.322739754304191e-06,-2.759526733787518e-06,1.5888125358273968e-06
Bottle,XY,-0.001,0.002000000000000001,0.05,-5.09569531595932e-07,1.6515335538932609e-06,-1.5848613490810947e-07,-5.09569531595932e-07,1.6515335538932609e-06,9.557991444480263e-07
Bottle,XY,0.0,0.002000000000000001,0.05,-2.3562620184885467e-08,3.7913090758789077e-06,-3.483061387301564e-07,-2.3562620184885467e-08,3.7913090758789077e-06,7.659791406259794e-07
Bottle,XY,0.001,0.002000000000000001,0.05,4.3744068904179196e-07,1.78654069395793e-06,-1.0651653614647234e-07,4.3744068904179196e-07,1.78654069395793e-06,1.0077687432096634e-06
Bottle,XY,0.002000000000000001,0.002000000000000001,0.05,-2.4078396278292617e-06,-2.5129487706999167e-06,5.512113397647838e-07,-2.4078396278292617e-06,-2.5129487706999167e-06,1.6654966191209196e-06
Bottle,XY,0.003,0.002000000000000001,0.05,-6.976484328773935e-06,-5.216224972909024e-06,1.370439050590788e-06,-6.976484328773935e-06,-5.216224972909024e-06,2.4847243299469237e-06
Bottle,XY,0.003999999999999999,0.002000000000000001,0.05,-8.143860917515432e-06,-3.927462071118494e-06,1.8838435971758956e-06,-8.143860917515432e-06,-3.927462071118494e-06,2.9981288765320314e-06
Bottle,XY,0.005,0.002000000000000001,0.05,-3.2046659296491842e-06,2.5257735541541946e-07,1.6217398712289998e-06,-3.2046659296491842e-06,2.5257735541541946e-07,2.7360251505851356e-06
Bottle,XY,0.006000000000000001,0.002000000000000001,0.05,4.248384913338768e-06,3.851186306640491e-06,6.574487257588938e-07,4.248384913338768e-06,3.851186306640491e-06,1.7717340051150295e-06
Bottle,XY,0.007,0.002000000000000001,0.05,7.58898437255625e-06,4.202983092119547e-06,-4.284372371667747e-07,7.58898437255625e-06,4.202983092119547e-06,6.85848042189361e-07
Bottle,XY,-0.007,0.003,0.05,-5.463426257248541e-06,4.498035815994984e-06,-6.552378172411305e-07,-5.463426257248541e-06,4.498035815994984e-06,4.5904746211500524e-07
Bottle,XY,-0.006,0.003,0.05,-5.886519334419842e-06,5.671562532393701e-06,1.4933084194114483e-07,-5.886519334419842e-06,5.671562532393701e-06,1.2636161212972806e-06
Bottle,XY,-0.005,0.003,0.05,-1.359647617432904e-06,2.695733885819863e-06,1.1333356258815936e-06,-1.359647617432904e-06,2.695733885819863e-06,2.2476209052377293e-06
Bottle,XY,-0.004,0.003,0.05,3.980339906333316e-06,-2.5265072571905454e-06,1.7171575591234537e-06,3.980339906333316e-06,-2.5265072571905454e-06,2.8314428384795895e-06
Bottle,XY,-0.003,0.003,0.05,6.297121236769562e-06,-6.482780337360019e-06,1.7278431024894367e-06,6.297121236769562e-06,-6.482780337360019e-06,2.8421283818455725e-06
Bottle,XY,-0.002,0.003,0.05,5.1172671164791715e-06,-7.116494971567811e-06,1.2986944529847274e-06,5.1172671164791715e-06,-7.116494971567811e-06,2.412979732340863e-06
Bottle,XY,-0.001,0.003,0.05,2.5213493270783728e-06,-5.5106608808624845e-06,8.555490932856796e-07,2.5213493270783728e-06,-5.5106608808624845e-06,1.9698343726418154e-06
Bottle,XY,0.0,0.003,0.05,4.4598045103579375e-08,-4.452183820677447e-06,7.193849090027643e-07,4.4598045103579375e-08,-4.452183820677447e-06,1.8336701883589001e-06
Bottle,XY,0.001,0.003,0.05,-2.4708395768231323e-06,-5.39675231529909e-06,9.168131185420049e-07,-2.4708395768231323e-06,-5.39675231529909e-06,2.0310983978981407e-06
Bottle,XY,0.002000000000000001,0.003,0.05,-5.137502283246276e-06,-6.934949143207646e-06,1.3911336631358706e-06,-5.137502283246276e-06,-6.934949143207646e-06,2.5054189424920064e-06
Bottle,XY,0.003,0.003,0.05,-6.3403175528535265e-06,-6.334773667894282e-06,1.8024553993421107e-06,-6.3403175528535265e-06,-6.334773667894282e-06,2.9167406786982465e-06
Bottle,XY,0.003999999999999999,0.003,0.05,-3.988068085846408e-06,-2.557019250921328e-06,1.7302950907822431e-06,-3.988068085846408e-06,-2.557019250921328e-06,2.844580370138379e-06
Bottle,XY,0.005,0.003,0.05,1.3577027510463779e-06,2.3606354830699962e-06,1.0683245024842351e-06,1.3577027510463779e-06,2.3606354830699962e-06,2.182609781840371e-06
Bottle,XY,0.006000000000000001,0.003,0.05,5.773884507165233e-06,5.008443574705763e-06,3.461647442161753e-08,5.773884507165233e-06,5.008443574705763e-06,1.1489017537777533e-06
Bottle,XY,0.007,0.003,0.05,5.157129351682172e-06,3.6412126218128995e-06,-7.593779214701583e-07,5.157129351682172e-06,3.6412126218128995e-06,3.549073578859775e-07
Bottle,XY,-0.007,0.003999999999999999,0.05,-1.5004916975251294e-06,1.5913190961184596e-06,-8.677615555758064e-07,-1.5004916975251294e-06,1.5913190961184596e-06,2.4652372378032944e-07
Bottle,XY,-0.006,0.003999999999999999,0.05,-5.353874430315436e-06,5.054076875676227e-06,-4.7107344072333515e-07,-5.353874430315436e-06,5.054076875676227e-06,6.432118386328006e-07
Bottle,XY,-0.005,0.003999999999999999,0.05,-4.900816705919088e-06,5.016937863989369e-06,3.07913179602786e-07,-4.900816705919088e-06,5.016937863989369e-06,1.4221984589589218e-06
Bottle,XY,-0.004,0.003999999999999999,0.05,-1.278670833547466e-06,1.3113753396286419e-06,1.1200185844871652e-06,-1.278670833547466e-06,1.3113753396286419e-06,2.234303863843301e-06
Bottle,XY,-0.003,0.003999999999999999,0.05,2.426961613992953e-06,-3.861295068382724e-06,1.6753880689361165e-06,2.426961613992953e-06,-3.861295068382724e-06,2.7896733482922522e-06
Bottle,XY,-0.002,0.003999999999999999,0.05,3.8958252329631155e-06,-8.030110213451644e-06,1.8383790844554147e-06,3.8958252329631155e-06,-8.030110213451644e-06,2.9526643638115504e-06
Bottle,XY,-0.001,0.003999999999999999,0.05,2.746875281152241e-06,-1.0202015627931986e-05,1.7920633467502046e-06,2.746875281152241e-06,-1.0202015627931986e-05,2.9063486261063403e-06
Bottle,XY,0.0,0.003999999999999999,0.05,5.750034090600194e-08,-1.0808256423161656e-05,1.8022041893274967e-06,5.750034090600194e-08,-1.0808256423161656e-05,2.9164894686836325e-06
Bottle,XY,0.001,0.003999999999999999,0.05,-2.6819358192086286e-06,-1.0250912304251468e-05,1.838004265819941e-06,-2.6819358192086286e-06,-1.0250912304251468e-05,2.9522895451760767e-06
Bottle,XY,0.002000000000000001,0.003999999999999999,0.05,-3.944904424990632e-06,-8.138145208068303e-06,1.910131803958749e-06,-3.944904424990632e-06,-8.138145208068303e-06,3.0244170833148845e-06
Bottle,XY,0.003,0.003999999999999999,0.05,-2.5841037933590023e-06,-4.058098491674044e-06,1.7433392846295605e-06,-2.5841037933590023e-06,-4.058098491674044e-06,2.8576245639856963e-06
Bottle,XY,0.003999999999999999,0.003999999999999999,0.05,1.0560603513221957e-06,9.800286706556772e-07,1.1582370606732156e-06,1.0560603513221957e-06,9.800286706556772e-07,2.2725223400293514e-06
Bottle,XY,0.005,0.003999999999999999,0.05,4.63807314773832e-06,4.527494015530579e-06,3.134343941886644e-07,4.63807314773832e-06,4.527494015530579e-06,1.4277196735448002e-06
Bottle,XY,0.006000000000000001,0.003999999999999999,0.05,5.056460169356132e-06,4.459628305470724e-06,-4.793515714695826e-07,5.056460169356132e-06,4.459628305470724e-06,6.349337078865532e-07
Bottle,XY,0.007,0.003999999999999999,0.05,1.2100011679586024e-06,1.0355765900649535e-06,-8.585135929703712e-07,1.2100011679586024e-06,1.0355765900649535e-06,2.557716863857646e-07
Bottle,XY,-0.007,0.005,0.05,3.085281959056466e-06,-2.8633190565685013e-06,-7.018409396409738e-07,3.085281959056466e-06,-2.8633190565685013e-06,4.1244433971516196e-07
Bottle,XY,-0.006,0.005,0.05,-1.954799608416594e-06,1.702633591232596e-06,-7.766930210610371e-07,-1.954799608416594e-06,1.702633591232596e-06,3.375922582950987e-07
Bottle,XY,-0.005,0.005,0.05,-5.072759178166775e-06,4.961037179645405e-06,-4.1133688886172925e-07,-5.072759178166775e-06,4.961037179645405e-06,7.029483904944065e-07
Bottle,XY,-0.004,0.005,0.05,-4.895294544824686e-06,4.834879434739163e-06,2.7351737789730164e-07,-4.895294544824686e-06,4.834879434739163e-06,1.3878026572534374e-06
Bottle,XY,-0.003,0.005,0.05,-2.5532627644818552e-06,1.5028933059941761e-06,1.0364610052434274e-06,-2.5532627644818552e-06,1.5028933059941761e-06,2.150746284599563e-06
Bottle,XY,-0.002,0.005,0.05,-2.716897835949434e-07,-3.112877706230739e-06,1.5964428194300512e-06,-2.716897835949434e-07,-3.112877706230739e-06,2.710728098786187e-06
Bottle,XY,-0.001,0.005,0.05,5.276056412699119e-07,-6.894737921510439e-06,1.923716693878022e-06,5.276056412699119e-07,-6.894737921510439e-06,3.038001973234158e-06
Bottle,XY,0.0,0.005,0.05,-1.1908645939735979e-08,-8.362055525620096e-06,2.050903531544657e-06,-1.1908645939735979e-08,-8.362055525620096e-06,3.1651888109007925e-06
Bottle,XY,0.001,0.005,0.05,-5.880300828842335e-07,-7.075819606554567e-06,1.9499362120032173e-06,-5.880300828842335e-07,-7.075819606554567e-06,3.0642214913593533e-06
Bottle,XY,0.002000000000000001,0.005,0.05,1.2651690740626787e-07,-3.426463870943476e-06,1.642072644050727e-06,1.2651690740626787e-07,-3.426463870943476e-06,2.756357923406863e-06
Bottle,XY,0.003,0.005,0.05,2.324190352396548e-06,1.127376874843074e-06,1.0903460933424723e-06,2.324190352396548e-06,1.127376874843074e-06,2.204631372698608e-06
Bottle,XY,0.003999999999999999,0.005,0.05,4.6206856086668936e-06,4.46922505798764e-06,3.27340808164194e-07,4.6206856086668936e-06,4.46922505798764e-06,1.4416260875203298e-06
Bottle,XY,0.005,0.005,0.05,4.8050170397110615e-06,4.672742432530437e-06,-3.546807675435802e-07,4.8050170397110615e-06,4.672742432530437e-06,7.596045118125556e-07
Bottle,XY,0.006000000000000001,0.005,0.05,1.749383390132923e-06,1.5681784386382565e-06,-7.173558311282196e-07,1.749383390132923e-06,1.5681784386382565e-06,3.969294482279162e-07
Bottle,XY,0.007,0.005,0.05,-3.158274288337089e-06,-2.7743013980709327e-06,-6.437250683090586e-07,-3.158274288337089e-06,-2.7743013980709327e-06,4.7056021104707727e-07
Bottle,XY,-0.007,0.006000000000000001,0.05,6.3105016910588276e-06,-6.450899651726988e-06,-2.470063268220133e-07,6.3105016910588276e-06,-6.450899651726988e-06,8.672789525341225e-07
Bottle,XY,-0.006,0.006000000000000001,0.05,2.7876828855139327e-06,-3.145250369085956e-06,-6.407144321832656e-07,2.7876828855139327e-06,-3.145250369085956e-06,4.735708471728701e-07
Bottle,XY,-0.005,0.006000000000000001,0.05,-1.7713206392152566e-06,1.5599395105213575e-06,-7.606194622065756e-07,-1.7713206392152566e-06,1.5599395105213575e-06,3.5366581714956017e-07
Bottle,XY,-0.004,0.006000000000000001,0.05,-4.7702842016944125e-06,4.992218037531738e-06,-5.024989497690693e-07,-4.7702842016944125e-06,4.992218037531738e-06,6.117863295870664e-07
Bottle,XY,-0.003,0.006000000000000001,0.05,-5.24366140899363e-06,5.691671012888056e-06,2.6133367729308994e-08,-5.24366140899363e-06,5.691671012888056e-06,1.1404186470854448e-06
Bottle,XY,-0.002,0.006000000000000001,0.05,-3.9304497582294595e-06,4.059254668688459e-06,6.488020922797578e-07,-3.9304497582294595e-06,4.059254668688459e-06,1.7630873716358936e-06
Bottle,XY,-0.001,0.006000000000000001,0.05,-2.02213632495737e-06,1.8105163552715672e-06,1.1029131635419574e-06,-2.02213632495737e-06,1.8105163552715672e-06,2.217198442898093e-06
Bottle,XY,0.0,0.006000000000000001,0.05,-1.0649973620279728e-07,7.375763654522479e-07,1.2768581386082706e-06,-1.0649973620279728e-07,7.375763654522479e-07,2.3911434179644064e-06
Bottle,XY,0.001,0.006000000000000001,0.05,1.8091879935190331e-06,1.6646689858989639e-06,1.1186194612341434e-06,1.8091879935190331e-06,1.6646689858989639e-06,2.232904740590279e-06
Bottle,XY,0.002000000000000001,0.006000000000000001,0.05,3.72410291626981e-06,3.836724133590789e-06,6.807795322762826e-07,3.72410291626981e-06,3.836724133590789e-06,1.7950648116324184e-06
Bottle,XY,0.003,0.006000000000000001,0.05,5.064691390829983e-06,5.504077846710518e-06,7.157578947259254e-08,5.064691390829983e-06,5.504077846710518e-06,1.1858610688287283e-06
Bottle,XY,0.003999999999999999,0.006000000000000001,0.05,4.645436155214383e-06,4.952574128130016e-06,-4.511804313390068e-07,4.645436155214383e-06,4.952574128130016e-06,6.63104848017129e-07
Bottle,XY,0.005,0.006000000000000001,0.05,1.7270748788401185e-06,1.7456297648686302e-06,-7.129916550939385e-07,1.7270748788401185e-06,1.7456297648686302e-06,4.012936242621973e-07
Bottle,XY,0.006000000000000001,0.006000000000000001,0.05,-2.7323397408008263e-06,-2.717641443636767e-06,-6.053165701879932e-07,-2.7323397408008263e-06,-2.717641443636767e-06,5.089687091681426e-07
Bottle,XY,0.007,0.006000000000000001,0.05,-6.14169911138834e-06,-5.8342728672017405e-06,-2.3811830688132964e-07,-6.14169911138834e-06,-5.8342728672017405e-06,8.761669724748061e-07
Bottle,XY,-0.007,0.007,0.05,6.4350416466414164e-06,-6.693839365064365e-06,2.1420669528451248e-07,6.4350416466414164e-06,-6.693839365064365e-06,1.3284919746406483e-06
Bottle,XY,-0.006,0.007,0.05,6.094908931728756e-06,-6.626698358589603e-06,-2.0508821225986501e-07,6.094908931728756e-06,-6.626698358589603e-06,9.091970670962708e-07
Bottle,XY,-0.005,0.007,0.05,2.781398884228042e-06,-3.5220106407682516e-06,-6.414088052975203e-07,2.781398884228042e-06,-3.5220106407682516e-06,4.728764740586155e-07
Bottle,XY,-0.004,0.007,0.05,-1.2497227890163501e-06,9.496867761390499e-07,-8.535882738011243e-07,-1.2497227890163501e-06,9.496867761390499e-07,2.606970055550115e-07
Bottle,XY,-0.003,0.007,0.05,-3.914033997054144e-06,4.882403685594408e-06,-7.430368095161138e-07,-3.914033997054144e-06,4.882403685594408e-06,3.7124846984002195e-07
Bottle,XY,-0.002,0.007,0.05,-4.388932480187357e-06,7.1898072582192266e-06,-4.1414194109240185e-07,-4.388932480187357e-06,7.1898072582192266e-06,7.001433382637339e-07
Bottle,XY,-0.001,0.007,0.05,-2.8478745591279266e-06,7.998112178763148e-06,-7.890011934680484e-08,-2.8478745591279266e-06,7.998112178763148e-06,1.035385160009331e-06
Bottle,XY,0.0,0.007,0.05,-1.4077796550827077e-07,8.120774120423268e-06,7.083904302485289e-08,-1.4077796550827077e-07,8.120774120423268e-06,1.1851243223809887e-06
Bottle,XY,0.001,0.007,0.05,2.6022046177682334e-06,8.025194701026952e-06,-6.68022838874422e-08,2.6022046177682334e-06,8.025194701026952e-06,1.0474829954686936e-06
Bottle,XY,0.002000000000000001,0.007,0.05,4.241328449520932e-06,7.287324064666444e-06,-3.9294120343398934e-07,4.241328449520932e-06,7.287324064666444e-06,7.213440759221464e-07
Bottle,XY,0.003,0.007,0.05,3.894822476530308e-06,5.113028187406339e-06,-7.235481133491e-07,3.894822476530308e-06,5.113028187406339e-06,3.9073716600703573e-07
Bottle,XY,0.003999999999999999,0.007,0.05,1.3554625763231847e-06,1.3509106918916436e-06,-8.467781128065736e-07,1.3554625763231847e-06,1.3509106918916436e-06,2.675071665495622e-07
Bottle,XY,0.005,0.007,0.05,-2.5877823997188347e-06,-2.964845803548005e-06,-6.576296705442223e-07,-2.5877823997188347e-06,-2.964845803548005e-06,4.566556088119135e-07
Bottle,XY,0.006000000000000001,0.007,0.05,-5.864339662437945e-06,-5.986611900931803e-06,-2.530759919286684e-07,-5.864339662437945e-06,-5.986611900931803e-06,8.612092874274674e-07
Bottle,XY,0.007,0.007,0.05,-6.21621360856746e-06,-6.093063747545547e-06,1.273143389245777e-07,-6.21621360856746e-06,-6.093063747545547e-06,1.2415996182807135e-06
Bottle,XZ,-0.007,0.0,0.043000000000000003,-2.2232118459012403e-06,-4.205052783543335e-07,-4.0023669144344515e-07,-2.2232118459012403e-06,-4.205052783543335e-07,7.140485879126906e-07
Bottle,XZ,-0.006,0.0,0.043000000000000003,5.893538763908261e-06,-3.6526227914944894e-07,-1.9473004311259508e-06,5.893538763908261e-06,-3.6526227914944894e-07,-8.330151517698148e-07
Bottle,XZ,-0.005,0.0,0.043000000000000003,1.1980810821631125e-05,-1.3331431259918805e-07,-3.1686507708959023e-06,1.1980810821631125e-05,-1.3331431259918805e-07,-2.0543654915397667e-06
Bottle,XZ,-0.004,0.0,0.043000000000000003,6.605662936805585e-06,2.4366507256575154e-07,-2.639917407796511e-06,6.605662936805585e-06,2.4366507256575154e-07,-1.5256321284403753e-06
Bottle,XZ,-0.003,0.0,0.043000000000000003,-8.717952835212058e-06,6.544357251009709e-07,7.466237912743914e-07,-8.717952835212058e-06,6.544357251009709e-07,1.8609090706305272e-06
Bottle,XZ,-0.002,0.0,0.043000000000000003,-2.1227585089799596e-05,9.425917312385109e-07,6.27511617563122e-06,-2.1227585089799596e-05,9.425917312385109e-07,7.389401454987356e-06
Bottle,XZ,-0.001,0.0,0.043000000000000003,-1.808970672905593e-05,9.838073459319453e-07,1.1486920947736736e-05,-1.808970672905593e-05,9.838073459319453e-07,1.2601206227092872e-05
Bottle,XZ,0.0,0.0,0.043000000000000003,2.384285731868501e-07,7.579323909727359e-07,1.3633103889020174e-05,2.384285731868501e-07,7.579323909727359e-07,1.474738916837631e-05
Bottle,XZ,0.001,0.0,0.043000000000000003,1.837586137036825e-05,3.621974735466816e-07,1.1381839512682426e-05,1.837586137036825e-05,3.621974735466816e-07,1.2496124792038562e-05
Bottle,XZ,0.002000000000000001,0.0,0.043000000000000003,2.1121923459593543e-05,-2.705470667311934e-08,6.105791608668208e-06,2.1121923459593543e-05,-2.705470667311934e-08,7.220076888024344e-06
Bottle,XZ,0.003,0.0,0.043000000000000003,8.373609434620058e-06,-2.571294170939486e-07,5.719711772625689e-07,8.373609434620058e-06,-2.571294170939486e-07,1.6862564566187047e-06
Bottle,XZ,0.003999999999999999,0.0,0.043000000000000003,-6.848205552771127e-06,-2.6918601686300374e-07,-2.7678513602267236e-06,-6.848205552771127e-06,-2.6918601686300374e-07,-1.6535660808705878e-06
Bottle,XZ,0.005,0.0,0.043000000000000003,-1.193155596109588e-05,-1.1136605360890107e-07,-3.2158980385253348e-06,-1.193155596109588e-05,-1.1136605360890107e-07,-2.1016127591691988e-06
Bottle,XZ,0.006000000000000001,0.0,0.043000000000000003,-5.670648037537705e-06,9.639441415639343e-08,-1.9004972665497404e-06,-5.670648037537705e-06,9.639441415639343e-08,-7.862119871936045e-07
Bottle,XZ,0.007,0.0,0.043000000000000003,2.336112174933324e-06,2.3488654936706158e-07,-2.7403108894070415e-07,2.336112174933324e-06,2.3488654936706158e-07,8.402541904154316e-07
Bottle,XZ,-0.007,0.0,0.044000000000000004,-3.7196773194519164e-06,-4.027868255819237e-07,-5.155698239490102e-07,-3.7196773194519164e-06,-4.027868255819237e-07,5.987154554071256e-07
Bottle,XZ,-0.006,0.0,0.044000000000000004,3.947319548967316e-06,-3.470705978560231e-07,-1.9534887891750833e-06,3.947319548967316e-06,-3.470705978560231e-07,-8.392035098189473e-07
Bottle,XZ,-0.005,0.0,0.044000000000000004,1.0740027540292296e-05,-1.3311865675466283e-07,-3.0365963366038897e-06,1.0740027540292296e-05,-1.3311865675466283e-07,-1.9223110572477537e-06
Bottle,XZ,-0.004,0.0,0.044000000000000004,7.1335489324236965e-06,2.035672011202955e-07,-2.5514508314626143e-06,7.1335489324236965e-06,2.035672011202955e-07,-1.4371655521064786e-06
Bottle,XZ,-0.003,0.0,0.044000000000000004,-6.174450211473652e-06,5.652137693468631e-07,5.029902103141878e-07,-6.174450211473652e-06,5.652137693468631e-07,1.6172754896703235e-06
Bottle,XZ,-0.002,0.0,0.044000000000000004,-1.7686950116776948e-05,8.161923546916012e-07,5.526590818508821e-06,-1.7686950116776948e-05,8.161923546916012e-07,6.640876097864957e-06
Bottle,XZ,-0.001,0.0,0.044000000000000004,-1.5395003772638534e-05,8.53364971136929e-07,1.022893803859002e-05,-1.5395003772638534e-05,8.53364971136929e-07,1.1343223317946156e-05
Bottle,XZ,0.0,0.0,0.044000000000000004,2.0659089222287428e-07,6.518395187005927e-07,1.2200206450888183e-05,2.0659089222287428e-07,6.518395187005927e-07,1.3314491730244319e-05
Bottle,XZ,0.001,0.0,0.044000000000000004,1.563585959836573e-05,3.006633088698816e-07,1.0118149753306237e-05,1.563585959836573e-05,3.006633088698816e-07,1.1232435032662373e-05
Bottle,XZ,0.002000000000000001,0.0,0.044000000000000004,1.7571218517437064e-05,-4.173981107799481e-08,5.345951376086367e-06,1.7571218517437064e-05,-4.173981107799481e-08,6.460236655442503e-06
Bottle,XZ,0.003,0.0,0.044000000000000004,5.862908945583081e-06,-2.3641666620320948e-07,3.1363438416873834e-07,5.862908945583081e-06,-2.3641666620320948e-07,1.4279196635248741e-06
Bottle,XZ,0.003999999999999999,0.0,0.044000000000000004,-7.3106274666278965e-06,-2.308703510046296e-07,-2.6965376033806978e-06,-7.3106274666278965e-06,-2.308703510046296e-07,-1.5822523240245618e-06
Bottle,XZ,0.005,0.0,0.044000000000000004,-1.0606955021899812e-05,-7.401662431247458e-08,-3.1133616079345762e-06,-1.0606955021899812e-05,-7.401662431247458e-08,-1.9990763285784407e-06
Bottle,XZ,0.006000000000000001,0.0,0.044000000000000004,-3.649789160985298e-06,1.1872177604830296e-07,-1.945735851045927e-06,-3.649789160985298e-06,1.1872177604830296e-07,-8.314505716897911e-07
Bottle,XZ,0.007,0.0,0.044000000000000004,3.861944001743969e-06,2.385029004751925e-07,-4.3107226570292667e-07,3.861944001743969e-06,2.385029004751925e-07,6.832130136532091e-07
Bottle,XZ,-0.007,0.0,0.045000000000000005,-5.206819746202142e-06,-3.777109552728878e-07,-5.486571873238266e-07,-5.206819746202142e-06,-3.777109552728878e-07,5.656280920323092e-07
Bottle,XZ,-0.006,0.0,0.045000000000000005,2.1445511910576273e-06,-3.2281447555275157e-07,-1.7279254335924206e-06,2.1445511910576273e-06,-3.2281447555275157e-07,-6.136401542362848e-07
Bottle,XZ,-0.005,0.0,0.045000000000000005,9.73064329535023e-06,-1.2716099749717859e-07,-2.6207628146987746e-06,9.73064329535023e-06,-1.2716099749717859e-07,-1.5064775353426386e-06
Bottle,XZ,-0.004,0.0,0.045000000000000005,7.875798367971539e-06,1.7212105360305058e-07,-2.2129340824803966e-06,7.875798367971539e-06,1.7212105360305058e-07,-1.0986488031242606e-06
Bottle,XZ,-0.003,0.0,0.045000000000000005,-3.5413612442888633e-06,4.870916611147645e-07,3.6051717576513727e-07,-3.5413612442888633e-06,4.870916611147645e-07,1.474802455121273e-06
Bottle,XZ,-0.002,0.0,0.045000000000000005,-1.4129252449150678e-05,6.993179917090457e-07,4.540564579207835e-06,-1.4129252449150678e-05,6.993179917090457e-07,5.654849858563971e-06
Bottle,XZ,-0.001,0.0,0.045000000000000005,-1.2839496305425638e-05,7.176441697696043e-07,8.489453391713445e-06,-1.2839496305425638e-05,7.176441697696043e-07,9.60373867106958e-06
Bottle,XZ,0.0,0.0,0.045000000000000005,1.692163859444069e-07,5.305273658975401e-07,1.0082614169126695e-05,1.692163859444069e-07,5.305273658975401e-07,1.119689944848283e-05
Bottle,XZ,0.001,0.0,0.045000000000000005,1.3018521342733076e-05,2.2237996687367025e-07,8.380585018205213e-06,1.3018521342733076e-05,2.2237996687367025e-07,9.494870297561349e-06
Bottle,XZ,0.002000000000000001,0.0,0.045000000000000005,1.3990990565349025e-05,-6.981945430252547e-08,4.361217792367985e-06,1.3990990565349025e-05,-6.981945430252547e-08,5.475503071724121e-06
Bottle,XZ,0.003,0.0,0.045000000000000005,3.253913268395267e-06,-2.2283994151447246e-07,1.7154920831624818e-07,3.253913268395267e-06,-2.2283994151447246e-07,1.285834487672384e-06
Bottle,XZ,0.003999999999999999,0.0,0.045000000000000005,-7.992818504066034e-06,-1.9617624669176346e-07,-2.3672540984435966e-06,-7.992818504066034e-06,-1.9617624669176346e-07,-1.2529688190874606e-06
Bottle,XZ,0.005,0.0,0.045000000000000005,-9.51961586185715e-06,-4.0164572466276356e-08,-2.718648433758599e-06,-9.51961586185715e-06,-4.0164572466276356e-08,-1.6043631544024633e-06
Bottle,XZ,0.006000000000000001,0.0,0.045000000000000005,-1.7790333050143536e-06,1.3970396340774278e-07,-1.7568430788329735e-06,-1.7790333050143536e-06,1.3970396340774278e-07,-6.425577994768376e-07
Bottle,XZ,0.007,0.0,0.045000000000000005,5.378629133129111e-06,2.4236834054434533e-07,-5.093412010460627e-07,5.378629133129111e-06,2.4236834054434533e-07,6.049440783100731e-07
Bottle,XZ,-0.007,0.0,0.046,-6.56970320403863e-06,-3.4276072966529846e-07,-4.861298819920785e-07,-6.56970320403863e-06,-3.4276072966529846e-07,6.281553973640573e-07
Bottle,XZ,-0.006,0.0,0.046,6.446224300522321e-07,-2.907756662192286e-07,-1.2726923166217315e-06,6.446224300522321e-07,-2.907756662192286e-07,-1.5840703726559573e-07
Bottle,XZ,-0.005,0.0,0.046,8.994263998308368e-06,-1.1736529490639306e-07,-1.9088641670755373e-06,8.994263998308368e-06,-1.1736529490639306e-07,-7.945788877194017e-07
Bottle,XZ,-0.004,0.0,0.046,8.76320240122793e-06,1.439774160049203e-07,-1.6319157385027802e-06,8.76320240122793e-06,1.439774160049203e-07,-5.176304591466446e-07
Bottle,XZ,-0.003,0.0,0.046,-1.0301364920175896e-06,4.109328143649167e-07,2.3751475675656242e-07,-1.0301364920175896e-06,4.109328143649167e-07,1.3518000361126982e-06
Bottle,XZ,-0.002,0.0,0.046,-1.0914523980545709e-05,5.8474136215659e-07,3.419552629813517e-06,-1.0914523980545709e-05,5.8474136215659e-07,4.533837909169653e-06
Bottle,XZ,-0.001,0.0,0.046,-1.0551343096045922e-05,5.887049787800816e-07,6.42121599518164e-06,-1.0551343096045922e-05,5.887049787800816e-07,7.5355012745377756e-06
Bottle,XZ,0.0,0.0,0.046,1.341285708194927e-07,4.1728575390142226e-07,7.645405996798784e-06,1.341285708194927e-07,4.1728575390142226e-07,8.75969127615492e-06
Bottle,XZ,0.001,0.0,0.046,1.0674394136803435e-05,1.4953295044453543e-07,6.3215513490537165e-06,1.0674394136803435e-05,1.4953295044453543e-07,7.4358366284098525e-06
Bottle,XZ,0.002000000000000001,0.0,0.046,1.0759071978652542e-05,-9.547868154766602e-08,3.255236870944173e-06,1.0759071978652542e-05,-9.547868154766602e-08,4.369522150300309e-06
Bottle,XZ,0.003,0.0,0.046,7.641350222580193e-07,-2.1399150959815555e-07,5.730096924383504e-08,7.641350222580193e-07,-2.1399150959815555e-07,1.1715862485999708e-06
Bottle,XZ,0.003999999999999999,0.0,0.046,-8.829189690094574e-06,-1.7116614599833882e-07,-1.788998086615165e-06,-8.829189690094574e-06,-1.7116614599833882e-07,-6.747128072590293e-07
Bottle,XZ,0.005,0.0,0.046,-8.715075221211623e-06,-1.4971907798724127e-08,-2.021967446505622e-06,-8.715075221211623e-06,-1.4971907798724127e-08,-9.076821671494862e-07
Bottle,XZ,0.006000000000000001,0.0,0.046,-2.219849993251085e-07,1.5468582705653947e-07,-1.3330247629082807e-06,-2.219849993251085e-07,1.5468582705653947e-07,-2.1873948355214485e-07
Bottle,XZ,0.007,0.0,0.046,6.767906112118651e-06,2.4177437840502116e-07,-4.914896466066867e-07,6.767906112118651e-06,2.4177437840502116e-07,6.227956327494491e-07
Bottle,XZ,-0.007,0.0,0.047,-7.67415297219832e-06,-2.992988310912165e-07,-3.3454257535826095e-07,-7.67415297219832e-06,-2.992988310912165e-07,7.797427039978748e-07
Bottle,XZ,-0.006,0.0,0.047,-4.1785094511810666e-07,-2.518517780216507e-07,-6.462373776601393e-07,-4.1785094511810666e-07,-2.518517780216507e-07,4.680479016959965e-07
Bottle,XZ,-0.005,0.0,0.047,8.556457087637806e-06,-9.926703233758634e-08,-9.470437417674088e-07,8.556457087637806e-06,-9.926703233758634e-08,1.6724153758872694e-07
Bottle,XZ,-0.004,0.0,0.047,9.652470777818659e-06,1.2042285694994115e-07,-8.54921443508851e-07,9.652470777818659e-06,1.2042285694994115e-07,2.5936383584728473e-07
Bottle,XZ,-0.003,0.0,0.047,1.1398859874549532e-06,3.341981471081783e-07,1.8795415446152778e-07,1.1398859874549532e-06,3.341981471081783e-07,1.3022394338176636e-06
Bottle,XZ,-0.002,0.0,0.047,-8.19100512176345e-06,4.664077932772959e-07,2.2303301386446856e-06,-8.19100512176345e-06,4.664077932772959e-07,3.344615418000821e-06
Bottle,XZ,-0.001,0.0,0.047,-8.702674763880773e-06,4.5870906891069014e-07,4.288389738688093e-06,-8.702674763880773e-06,4.5870906891069014e-07,5.402675018044229e-06
Bottle,XZ,0.0,0.0,0.047,9.970563968954829e-08,3.063553323025659e-07,5.083998982592907e-06,9.970563968954829e-08,3.063553323025659e-07,6.198284261949043e-06
Bottle,XZ,0.001,0.0,0.047,8.773675008731717e-06,7.927874050606068e-08,4.200228493925337e-06,8.773675008731717e-06,7.927874050606068e-08,5.314513773281473e-06
Bottle,XZ,0.002000000000000001,0.0,0.047,8.021930959443732e-06,-1.1747936112826962e-07,2.0844121853755375e-06,8.021930959443732e-06,-1.1747936112826962e-07,3.198697464731673e-06
Bottle,XZ,0.003,0.0,0.047,-1.379424241004178e-06,-1.9866223939216988e-07,2.499078995169585e-08,-1.379424241004178e-06,-1.9866223939216988e-07,1.1392760693078316e-06
Bottle,XZ,0.003999999999999999,0.0,0.047,-9.661169354215807e-06,-1.401648568302224e-07,-1.0065879624918957e-06,-9.661169354215807e-06,-1.401648568302224e-07,1.0769731686424013e-07
Bottle,XZ,0.005,0.0,0.047,-8.21206900934298e-06,1.0526740276527022e-08,-1.0719486506850243e-06,-8.21206900934298e-06,1.0526740276527022e-08,4.233662867111142e-08
Bottle,XZ,0.006000000000000001,0.0,0.047,8.908010052917289e-07,1.6119789199567655e-07,-7.374585093374752e-07,8.908010052917289e-07,1.6119789199567655e-07,3.7682677001866067e-07
Bottle,XZ,0.007,0.0,0.047,7.89424757443757e-06,2.3033459588739657e-07,-3.8075500854178893e-07,7.89424757443757e-06,2.3033459588739657e-07,7.335302708143469e-07
Bottle,XZ,-0.007,0.0,0.048,-8.410487148584568e-06,-2.4949079886423886e-07,-1.249343953153601e-07,-8.410487148584568e-06,-2.4949079886423886e-07,9.893508840407757e-07
Bottle,XZ,-0.006,0.0,0.048,-9.706492705759126e-07,-2.059433092353933e-07,6.011076990648668e-08,-9.706492705759126e-07,-2.059433092353933e-07,1.1743960492626225e-06
Bottle,XZ,-0.005,0.0,0.048,8.459846677020264e-06,-7.899917791845573e-08,1.4286134159408772e-07,8.459846677020264e-06,-7.899917791845573e-08,1.2571466209502235e-06
Bottle,XZ,-0.004,0.0,0.048,1.0369245041954562e-05,9.672239950862473e-08,7.837724689854907e-08,1.0369245041954562e-05,9.672239950862473e-08,1.1926625262546849e-06
Bottle,XZ,-0.003,0.0,0.048,2.8453906467494256e-06,2.6068846445989826e-07,2.6293489391350036e-07,2.8453906467494256e-06,2.6068846445989826e-07,1.3772201732696361e-06
Bottle,XZ,-0.002,0.0,0.048,-6.138629205293837e-06,3.497792656592892e-07,1.1488591451521892e-06,-6.138629205293837e-06,3.497792656592892e-07,2.263144424508325e-06
Bottle,XZ,-0.001,0.0,0.048,-7.281344980580703e-06,3.270805083068112e-07,2.2484950262381595e-06,-7.281344980580703e-06,3.270805083068112e-07,3.3627803055942955e-06
Bottle,XZ,0.0,0.0,0.048,6.53415153981885e-08,1.9491313657542398e-07,2.7008650916447263e-06,6.53415153981885e-08,1.9491313657542398e-07,3.815150371000862e-06
Bottle,XZ,0.001,0.0,0.048,7.300489935737083e-06,1.194493106085543e-08,2.1703621981461148e-06,7.300489935737083e-06,1.194493106085543e-08,3.2846474775022503e-06
Bottle,XZ,0.002000000000000001,0.0,0.048,5.958177114396889e-06,-1.3620456810920265e-07,1.0204098909848646e-06,5.958177114396889e-06,-1.3620456810920265e-07,2.1346951703410003e-06
Bottle,XZ,0.003,0.0,0.048,-3.056029218611447e-06,-1.8267314582660194e-07,1.187456052627877e-07,-3.056029218611447e-06,-1.8267314582660194e-07,1.2330308846189235e-06
Bottle,XZ,0.003999999999999999,0.0,0.048,-1.0326087951102509e-05,-1.106839697430136e-07,-6.239545163101047e-08,-1.0326087951102509e-05,-1.106839697430136e-07,1.0518898277251253e-06
Bottle,XZ,0.005,0.0,0.048,-8.060126954715592e-06,3.229762738768697e-08,1.1688275794288163e-08,-8.060126954715592e-06,3.229762738768697e-08,1.125973555150424e-06
Bottle,XZ,0.006000000000000001,0.0,0.048,1.4895794534756412e-06,1.6448415454489323e-07,-5.6204171648682795e-08,1.4895794534756412e-06,1.6448415454489323e-07,1.058081107707453e-06
Bottle,XZ,0.007,0.0,0.048,8.658633687511972e-06,2.150585482888041e-07,-2.0838478088332857e-07,8.658633687511972e-06,2.150585482888041e-07,9.059004984728072e-07
Bottle,XZ,-0.007,0.0,0.049,-8.667976989896169e-06,-1.967949300603872e-07,5.91095323971882e-08,-8.667976989896169e-06,-1.967949300603872e-07,1.173394811753324e-06
Bottle,XZ,-0.006,0.0,0.049,-9.905150665444562e-07,-1.5798904625513827e-07,7.80931437085595e-07,-9.905150665444562e-07,-1.5798904625513827e-07,1.8952167164417308e-06
Bottle,XZ,-0.005,0.0,0.049,8.59718020464309e-06,-5.8652553311172385e-08,1.2254755797963827e-06,8.59718020464309e-06,-5.8652553311172385e-08,2.3397608591525185e-06
Bottle,XZ,-0.004,0.0,0.049,1.0918094528044813e-05,7.419019705910494e-08,9.989029518727399e-07,1.0918094528044813e-05,7.419019705910494e-08,2.1131882312288756e-06
Bottle,XZ,-0.003,0.0,0.049,3.938697298812677e-06,1.9014775440989443e-07,4.7370710928978317e-07,3.938697298812677e-06,1.9014775440989443e-07,1.587992388645919e-06
Bottle,XZ,-0.002,0.0,0.049,-4.783212616333435e-06,2.4132276937344267e-07,2.8302090348213877e-07,-4.783212616333435e-06,2.4132276937344267e-07,1.3973061828382746e-06
Bottle,XZ,-0.001,0.0,0.049,-6.363992657156204e-06,2.0508444492203423e-07,5.131230043807739e-07,-6.363992657156204e-06,2.0508444492203423e-07,1.6274082837369097e-06
Bottle,XZ,0.0,0.0,0.049,3.2898874547527426e-08,9.117967108414657e-08,6.401225114421885e-07,3.2898874547527426e-08,9.117967108414657e-08,1.7544077907983243e-06
Bottle,XZ,0.001,0.0,0.049,6.33514791115615e-06,-5.1680173580211404e-08,4.4802967601661123e-07,6.33514791115615e-06,-5.1680173580211404e-08,1.562314955372747e-06
Bottle,XZ,0.002000000000000001,0.0,0.049,4.589601478614898e-06,-1.5560843026331027e-07,1.761529469953989e-07,4.589601478614898e-06,-1.5560843026331027e-07,1.2904382263515347e-06
Bottle,XZ,0.003,0.0,0.049,-4.1244918574062595e-06,-1.6905382433312921e-07,3.5500621616664324e-07,-4.1244918574062595e-06,-1.6905382433312921e-07,1.469291495522779e-06
Bottle,XZ,0.003999999999999999,0.0,0.049,-1.0830736283459457e-05,-8.600245806366036e-08,8.764967677178655e-07,-1.0830736283459457e-05,-8.600245806366036e-08,1.9907820470740013e-06
Bottle,XZ,0.005,0.0,0.049,-8.155794298461233e-06,5.0399678068548045e-08,1.0950788530452777e-06,-8.155794298461233e-06,5.0399678068548045e-08,2.2093641324014135e-06
Bottle,XZ,0.006000000000000001,0.0,0.049,1.546905215788265e-06,1.6302751118415745e-07,6.479210126305393e-07,1.546905215788265e-06,1.6302751118415745e-07,1.7622062919866751e-06
Bottle,XZ,0.007,0.0,0.049,8.94508672581979e-06,1.9668145840422922e-07,-5.463801354362639e-08,8.94508672581979e-06,1.9668145840422922e-07,1.0596472658125094e-06
Bottle,XZ,-0.007,0.0,0.05,-8.454618221081577e-06,-1.4391726157454088e-07,2.476886400134033e-07,-8.454618221081577e-06,-1.4391726157454088e-07,1.361973919369539e-06
Bottle,XZ,-0.006,0.0,0.05,-5.099418231982465e-07,-1.1085610531047583e-07,1.4641987618709e-06,-5.099418231982465e-07,-1.1085610531047583e-07,2.5784840412270357e-06
Bottle,XZ,-0.005,0.0,0.05,8.949714307099503e-06,-3.807525048119109e-08,2.1829763070905527e-06,8.949714307099503e-06,-3.807525048119109e-08,3.2972615864466883e-06
Bottle,XZ,-0.004,0.0,0.05,1.1263399890025858e-05,5.18330378009489e-08,1.8781240858318047e-06,1.1263399890025858e-05,5.18330378009489e-08,2.9924093651879404e-06
Bottle,XZ,-0.003,0.0,0.05,4.437472186688534e-06,1.2029126796166437e-07,7.886415833502211e-07,4.437472186688534e-06,1.2029126796166437e-07,1.902926862706357e-06
Bottle,XZ,-0.002,0.0,0.05,-4.163455556125303e-06,1.3687517082426515e-07,-2.500560982393276e-07,-4.163455556125303e-06,1.3687517082426515e-07,8.642291811168082e-07
Bottle,XZ,-0.001,0.0,0.05,-5.910313018966861e-06,9.07448669463255e-08,-7.787018840678371e-07,-5.910313018966861e-06,9.07448669463255e-08,3.3558339528829875e-07
Bottle,XZ,0.0,0.0,0.05,3.4418536578270195e-09,-3.812846476799658e-09,-9.228690224842313e-07,3.4418536578270195e-09,-3.812846476799658e-09,1.9141625687190446e-07
Bottle,XZ,0.001,0.0,0.05,5.838286331578996e-06,-1.069634540251036e-07,-8.313347556165622e-07,5.838286331578996e-06,-1.069634540251036e-07,2.829505237395736e-07
Bottle,XZ,0.002000000000000001,0.0,0.05,3.965089763071253e-06,-1.6851349912104308e-07,-3.319043083669656e-07,3.965089763071253e-06,-1.6851349912104308e-07,7.823809709891702e-07
Bottle,XZ,0.003,0.0,0.05,-4.59755216805893e-06,-1.5297771255319094e-07,6.996518532642419e-07,-4.59755216805893e-06,-1.5297771255319094e-07,1.8139371326203777e-06
Bottle,XZ,0.003999999999999999,0.0,0.05,-1.1139108204290212e-05,-6.340366274309464e-08,1.779697364747355e-06,-1.1139108204290212e-05,-6.340366274309464e-08,2.893982644103491e-06
Bottle,XZ,0.005,0.0,0.05,-8.477891992427885e-06,6.051595918178496e-08,2.0626676092349215e-06,-8.477891992427885e-06,6.051595918178496e-08,3.176952888591057e-06
Bottle,XZ,0.006000000000000001,0.0,0.05,1.0876176520830662e-06,1.5711740804514354e-07,1.3211173817661578e-06,1.0876176520830662e-06,1.5711740804514354e-07,2.4354026611222936e-06
Bottle,XZ,0.007,0.0,0.05,8.754088260418327e-06,1.784313430499974e-07,1.088608361753904e-07,8.754088260418327e-06,1.784313430499974e-07,1.2231461155315262e-06
Bottle,XZ,-0.007,0.0,0.051000000000000004,-7.827037639083675e-06,-9.08400855662954e-08,4.1976660781493895e-07,-7.827037639083675e-06,-9.08400855662954e-08,1.5340518871710747e-06
Bottle,XZ,-0.006,0.0,0.051000000000000004,3.392774411820082e-07,-6.558990398890073e-08,2.0621316424940306e-06,3.392774411820082e-07,-6.558990398890073e-08,3.176416921850166e-06
Bottle,XZ,-0.005,0.0,0.051000000000000004,9.559635743769902e-06,-2.3496561448414012e-08,2.984736032894781e-06,9.559635743769902e-06,-2.3496561448414012e-08,4.099021312250917e-06
Bottle,XZ,-0.004,0.0,0.051000000000000004,1.1409386371036165e-05,2.050321483213917e-08,2.635152127674152e-06,1.1409386371036165e-05,2.050321483213917e-08,3.7494374070302877e-06
Bottle,XZ,-0.003,0.0,0.051000000000000004,4.322421244475417e-06,4.525284408688153e-08,1.2651197395367443e-06,4.322421244475417e-06,4.525284408688153e-08,2.37940501889288e-06
Bottle,XZ,-0.002,0.0,0.051000000000000004,-4.288551807382955e-06,3.273531594575925e-08,-3.9203216509877496e-07,-4.288551807382955e-06,3.273531594575925e-08,7.222531142573608e-07
Bottle,XZ,-0.001,0.0,0.051000000000000004,-5.969267841442653e-06,-1.904723910601376e-08,-1.5236291258921322e-06,-5.969267841442653e-06,-1.904723910601376e-08,-4.0934384653599627e-07
Bottle,XZ,0.0,0.0,0.051000000000000004,-2.3666690510885397e-08,-9.171721080164292e-08,-1.9075553199321576e-06,-2.3666690510885397e-08,-9.171721080164292e-08,-7.93270040576022e-07
Bottle,XZ,0.001,0.0,0.051000000000000004,5.860930697530331e-06,-1.5452589304082982e-07,-1.5623918414673106e-06,5.860930697530331e-06,-1.5452589304082982e-07,-4.481065621111749e-07
Bottle,XZ,0.002000000000000001,0.0,0.051000000000000004,4.0910379018993004e-06,-1.737335447122657e-07,-4.49977684687511e-07,4.0910379018993004e-06,-1.737335447122657e-07,6.643075946686248e-07
Bottle,XZ,0.003,0.0,0.051000000000000004,-4.450981021386057e-06,-1.30471685189736e-07,1.202609479592509e-06,-4.450981021386057e-06,-1.30471685189736e-07,2.3168947589486448e-06
Bottle,XZ,0.003999999999999999,0.0,0.051000000000000004,-1.1247219348255585e-05,-3.42687259897637e-08,2.5584819904353472e-06,-1.1247219348255585e-05,-3.42687259897637e-08,3.672767269791483e-06
Bottle,XZ,0.005,0.0,0.051000000000000004,-9.064043692978899e-06,7.612176090831336e-08,2.872716865379126e-06,-9.064043692978899e-06,7.612176090831336e-08,3.987002144735262e-06
Bottle,XZ,0.006000000000000001,0.0,0.051000000000000004,2.477426800271266e-07,1.5053032125702094e-07,1.911270356593956e-06,2.477426800271266e-07,1.5053032125702094e-07,3.025555635950092e-06
Bottle,XZ,0.007,0.0,0.051000000000000004,8.136291706428308e-06,1.5468535075516427e-07,2.602456894252888e-07,8.136291706428308e-06,1.5468535075516427e-07,1.3745309687814246e-06
Bottle,XZ,-0.007,0.0,0.052000000000000005,-6.878205366593952e-06,-3.8303714340366364e-08,5.166707781799191e-07,-6.878205366593952e-06,-3.8303714340366364e-08,1.6309560575360548e-06
Bottle,XZ,-0.006,0.0,0.052000000000000005,1.5538152590136608e-06,-2.2047426010441377e-08,2.515622590065922e-06,1.5538152590136608e-06,-2.2047426010441377e-08,3.6299078694220577e-06
Bottle,XZ,-0.005,0.0,0.052000000000000005,1.0317318310434812e-05,-1.1616971081630476e-08,3.6174074239634363e-06,1.0317318310434812e-05,-1.1616971081630476e-08,4.731692703319572e-06
Bottle,XZ,-0.004,0.0,0.052000000000000005,1.1388736839632275e-05,-1.2487345022231106e-08,3.275757708684741e-06,1.1388736839632275e-05,-1.2487345022231106e-08,4.390042988040877e-06
Bottle,XZ,-0.003,0.0,0.052000000000000005,3.6406497688556422e-06,-2.936631860916746e-08,1.819290874101514e-06,3.6406497688556422e-06,-2.936631860916746e-08,2.9335761534576497e-06
Bottle,XZ,-0.002,0.0,0.052000000000000005,-5.115410159036898e-06,-6.837015565633298e-08,-1.4077274099929707e-07,-5.115410159036898e-06,-6.837015565633298e-08,9.735125383568387e-07
Bottle,XZ,-0.001,0.0,0.052000000000000005,-6.487417104026128e-06,-1.2185621172905807e-07,-1.6601527863543955e-06,-6.487417104026128e-06,-1.2185621172905807e-07,-5.458675069982597e-07
Bottle,XZ,0.0,0.0,0.052000000000000005,-4.829876059999578e-08,-1.7127989031512326e-07,-2.1930190202399085e-06,-4.829876059999578e-08,-1.7127989031512326e-07,-1.0787337408837727e-06
Bottle,XZ,0.001,0.0,0.052000000000000005,6.345146779839008e-06,-1.9520216720908124e-07,-1.6860792385213934e-06,6.345146779839008e-06,-1.9520216720908124e-07,-5.717939591652575e-07
Bottle,XZ,0.002000000000000001,0.0,0.052000000000000005,4.920326330166017e-06,-1.7443797259619406e-07,-1.7761762371007765e-07,4.920326330166017e-06,-1.7443797259619406e-07,9.366676556460581e-07
Bottle,XZ,0.003,0.0,0.052000000000000005,-3.737880219630322e-06,-1.036255576100081e-07,1.7791539434370905e-06,-3.737880219630322e-06,-1.036255576100081e-07,2.8934392227932263e-06
Bottle,XZ,0.003999999999999999,0.0,0.052000000000000005,-1.1192030198470105e-05,-3.07411732574748e-09,3.219132227208201e-06,-1.1192030198470105e-05,-3.07411732574748e-09,4.333417506564337e-06
Bottle,XZ,0.005,0.0,0.052000000000000005,-9.805083857017023e-06,9.396218424035969e-08,3.5165450752499114e-06,-9.805083857017023e-06,9.396218424035969e-08,4.630830354606047e-06
Bottle,XZ,0.006000000000000001,0.0,0.052000000000000005,-9.645730220751562e-07,1.4623579031940545e-07,2.3606322913906773e-06,-9.645730220751562e-07,1.4623579031940545e-07,3.4749175707468132e-06
Bottle,XZ,0.007,0.0,0.052000000000000005,7.189824371908522e-06,1.327550928647582e-07,3.427709697992554e-07,7.189824371908522e-06,1.327550928647582e-07,1.4570562491553912e-06
Bottle,XZ,-0.007,0.0,0.053000000000000005,-5.632848077828419e-06,1.092895061402477e-08,5.417710336341144e-07,-5.632848077828419e-06,1.092895061402477e-08,1.6560563129902502e-06
Bottle,XZ,-0.006,0.0,0.053000000000000005,3.042208726477507e-06,1.5473795428104e-08,2.793263978487107e-06,3.042208726477507e-06,1.5473795428104e-08,3.907549257843243e-06
Bottle,XZ,-0.005,0.0,0.053000000000000005,1.1179525723689243e-05,-3.4770323971478836e-09,4.061839248237021e-06,1.1179525723689243e-05,-3.4770323971478836e-09,5.176124527593157e-06
Bottle,XZ,-0.004,0.0,0.053000000000000005,1.1100339648438996e-05,-4.375574164682252e-08,3.805548059588959e-06,1.1100339648438996e-05,-4.375574164682252e-08,4.919833338945095e-06
Bottle,XZ,-0.003,0.0,0.053000000000000005,2.465270015786418e-06,-9.863577508211613e-08,2.3414018001270396e-06,2.465270015786418e-06,-9.863577508211613e-08,3.4556870794831756e-06
Bottle,XZ,-0.002,0.0,0.053000000000000005,-6.434006991440071e-06,-1.5943832269896823e-07,4.571184958654897e-07,-6.434006991440071e-06,-1.5943832269896823e-07,1.5714037752216255e-06
Bottle,XZ,-0.001,0.0,0.053000000000000005,-7.281213692637649e-06,-2.1222070292988043e-07,-1.1362641356678347e-06,-7.281213692637649e-06,-2.1222070292988043e-07,-2.1978856311699014e-08
Bottle,XZ,0.0,0.0,0.053000000000000005,-6.94573717282055e-08,-2.396612917663919e-07,-1.747224778921e-06,-6.94573717282055e-08,-2.396612917663919e-07,-6.329394995648641e-07
Bottle,XZ,0.001,0.0,0.053000000000000005,7.110640371786804e-06,-2.2866789048565298e-07,-1.148311152389366e-06,7.110640371786804e-06,-2.2866789048565298e-07,-3.402587303323027e-08
Bottle,XZ,0.002000000000000001,0.0,0.053000000000000005,6.239516987493882e-06,-1.74011551742906e-07,4.4373008012341073e-07,6.239516987493882e-06,-1.74011551742906e-07,1.5580153594795465e-06
Bottle,XZ,0.003,0.0,0.053000000000000005,-2.5367152477257117e-06,-8.222726227085918e-08,2.3263332414626043e-06,-2.5367152477257117e-06,-8.222726227085918e-08,3.4406185208187403e-06
Bottle,XZ,0.003999999999999999,0.0,0.053000000000000005,-1.087547769827934e-05,2.621559103489096e-08,3.7693192995556996e-06,-1.087547769827934e-05,2.621559103489096e-08,4.883604578911836e-06
Bottle,XZ,0.005,0.0,0.053000000000000005,-1.0656083102658794e-05,1.1448694588489661e-07,3.971775815251694e-06,-1.0656083102658794e-05,1.1448694588489661e-07,5.08606109460783e-06
Bottle,XZ,0.006000000000000001,0.0,0.053000000000000005,-2.455734379715578e-06,1.4536214323233628e-07,2.63713730415516e-06,-2.455734379715578e-06,1.4536214323233628e-07,3.751422583511296e-06
Bottle,XZ,0.007,0.0,0.053000000000000005,5.940215572018008e-06,1.1227507750223389e-07,3.55085124324233e-07,5.940215572018008e-06,1.1227507750223389e-07,1.4693704036803688e-06
Bottle,XZ,-0.007,0.0,0.054,-4.114517511865169e-06,5.7632852931118957e-08,5.075080142155674e-07,-4.114517511865169e-06,5.7632852931118957e-08,1.6217932935717032e-06
Bottle,XZ,-0.006,0.0,0.054,4.688651261704432e-06,4.8429680775647136e-08,2.8853556875857913e-06,4.688651261704432e-06,4.8429680775647136e-08,3.999640966941927e-06
Bottle,XZ,-0.005,0.0,0.054,1.2066607957764709e-05,1.3001369134797657e-09,4.298811865981861e-06,1.2066607957764709e-05,1.3001369134797657e-09,5.413097145337997e-06
Bottle,XZ,-0.004,0.0,0.054,1.0586191382917101e-05,-7.557802146300659e-08,4.170674798276496e-06,1.0586191382917101e-05,-7.557802146300659e-08,5.284960077632632e-06
Bottle,XZ,-0.003,0.0,0.054,9.434154769382567e-07,-1.6378148751568824e-07,2.90135809717669e-06,9.434154769382567e-07,-1.6378148751568824e-07,4.015643376532826e-06
Bottle,XZ,-0.002,0.0,0.054,-8.042974072956048e-06,-2.424191670746229e-07,1.2802234432568567e-06,-8.042974072956048e-06,-2.424191670746229e-07,2.3945087226129924e-06
Bottle,XZ,-0.001,0.0,0.054,-8.214423703483556e-06,-2.9058761955161083e-07,-9.648900632933084e-08,-8.214423703483556e-06,-2.9058761955161083e-07,1.017796273026805e-06
Bottle,XZ,0.0,0.0,0.054,-8.692634666429327e-08,-2.961088879988082e-07,-6.741426293644916e-07,-8.692634666429327e-08,-2.961088879988082e-07,4.4014264999164423e-07
Bottle,XZ,0.001,0.0,0.054,8.021404698607037e-06,-2.539613710677659e-07,-9.557076512045859e-08,8.021404698607037e-06,-2.539613710677659e-07,1.0187145142356772e-06
Bottle,XZ,0.002000000000000001,0.0,0.054,7.851943592608927e-06,-1.6966215371377116e-07,1.2883062984842589e-06,7.851943592608927e-06,-1.6966215371377116e-07,2.4025915778403947e-06
Bottle,XZ,0.003,0.0,0.054,-9.924096859772214e-07,-5.983582889962146e-08,2.913050369418828e-06,-9.924096859772214e-07,-5.983582889962146e-08,4.027335648774964e-06
Bottle,XZ,0.003999999999999999,0.0,0.054,-1.034194250075375e-05,4.9533055540728905e-08,4.1589826578319706e-06,-1.034194250075375e-05,4.9533055540728905e-08,5.2732679371881066e-06
Bottle,XZ,0.005,0.0,0.054,-1.1540800789671202e-05,1.256870868235402e-07,4.22534474587461e-06,-1.1540800789671202e-05,1.256870868235402e-07,5.339630025230746e-06
Bottle,XZ,0.006000000000000001,0.0,0.054,-4.114213943546776e-06,1.414375703167339e-07,2.733182532042783e-06,-4.114213943546776e-06,1.414375703167339e-07,3.847467811398919e-06
Bottle,XZ,0.007,0.0,0.054,4.416229104359121e-06,9.384465588311512e-08,3.1451623207319966e-07,4.416229104359121e-06,9.384465588311512e-08,1.4288015114293354e-06
Bottle,XZ,-0.007,0.0,0.055,-2.433333533584988e-06,1.0001750205029075e-07,3.7335654011655576e-07,-2.433333533584988e-06,1.0001750205029075e-07,1.4876418194726915e-06
Bottle,XZ,-0.006,0.0,0.055,6.442059352523022e-06,7.780567836865334e-08,2.771571159712944e-06,6.442059352523022e-06,7.780567836865334e-08,3.88585643906908e-06
Bottle,XZ,-0.005,0.0,0.055,1.2840100011755654e-05,5.895115128087674e-09,4.300651615168732e-06,1.2840100011755654e-05,5.895115128087674e-09,5.414936894524868e-06
Bottle,XZ,-0.004,0.0,0.055,9.89904269643976e-06,-1.0266145650251038e-07,4.377760805070201e-06,9.89904269643976e-06,-1.0266145650251038e-07,5.492046084426337e-06
Bottle,XZ,-0.003,0.0,0.055,-7.739820242684882e-07,-2.2117560157279206e-07,3.4709910345072022e-06,-7.739820242684882e-07,-2.2117560157279206e-07,4.585276313863338e-06
Bottle,XZ,-0.002,0.0,0.055,-9.856525959455778e-06,-3.1785702599538555e-07,2.2997157052235327e-06,-9.856525959455778e-06,-3.1785702599538555e-07,3.4140009845796687e-06
Bottle,XZ,-0.001,0.0,0.055,-9.306097837580208e-06,-3.6353702638974574e-07,1.3583045441102942e-06,-9.306097837580208e-06,-3.6353702638974574e-07,2.47258982346643e-06
Bottle,XZ,0.0,0.0,0.055,-1.0294843752239664e-07,-3.472327334906037e-07,9.598396757336554e-07,-1.0294843752239664e-07,-3.472327334906037e-07,2.074124955089791e-06
Bottle,XZ,0.001,0.0,0.055,9.093068208063754e-06,-2.7246080518359683e-07,1.3725474302960377e-06,9.093068208063754e-06,-2.7246080518359683e-07,2.4868327096521735e-06
Bottle,XZ,0.002000000000000001,0.0,0.055,9.671920472582945e-06,-1.607845018074343e-07,2.3298073873423656e-06,9.671920472582945e-06,-1.607845018074343e-07,3.4440926666985015e-06
Bottle,XZ,0.003,0.0,0.055,7.486237113489456e-07,-3.572526513037724e-08,3.5087815738737756e-06,7.486237113489456e-07,-3.572526513037724e-08,4.623066853229912e-06
Bottle,XZ,0.003999999999999999,0.0,0.055,-9.637168037324292e-06,7.265394262962553e-08,4.39005541276933e-06,-9.637168037324292e-06,7.265394262962553e-08,5.504340692125466e-06
Bottle,XZ,0.005,0.0,0.055,-1.2318791517442095e-05,1.3603309155625236e-07,4.244427472550571e-06,-1.2318791517442095e-05,1.3603309155625236e-07,5.358712751906707e-06
Bottle,XZ,0.006000000000000001,0.0,0.055,-5.8873528859983205e-06,1.351133438292652e-07,2.629449489056325e-06,-5.8873528859983205e-06,1.351133438292652e-07,3.743734768412461e-06
Bottle,XZ,0.007,0.0,0.055,2.7216334054923005e-06,7.435644770299662e-08,1.8064876310161789e-07,2.7216334054923005e-06,7.435644770299662e-08,1.2949340424577537e-06
Bottle,XZ,-0.007,0.0,0.056,-6.947337101546682e-07,1.3508025308991555e-07,2.061506219021756e-07,-6.947337101546682e-07,1.3508025308991555e-07,1.3204359012583114e-06
Bottle,XZ,-0.006,0.0,0.056,8.168608182070176e-06,1.0157845135351311e-07,2.5103736158246715e-06,8.168608182070176e-06,1.0157845135351311e-07,3.624658895180807e-06
Bottle,XZ,-0.005,0.0,0.056,1.3478921130686657e-05,8.941919666646184e-09,4.0744860458976345e-06,1.3478921130686657e-05,8.941919666646184e-09,5.1887713252537705e-06
Bottle,XZ,-0.004,0.0,0.056,9.098109070337558e-06,-1.2668003756295604e-07,4.4471780459578615e-06,9.098109070337558e-06,-1.2668003756295604e-07,5.5614633253139975e-06
Bottle,XZ,-0.003,0.0,0.056,-2.5633067051960248e-06,-2.695670478685011e-07,3.999979897323172e-06,-2.5633067051960248e-06,-2.695670478685011e-07,5.114265176679308e-06
Bottle,XZ,-0.002,0.0,0.056,-1.1764165683586369e-05,-3.794364718641229e-07,3.444503490891795e-06,-1.1764165683586369e-05,-3.794364718641229e-07,4.558788770247931e-06
Bottle,XZ,-0.001,0.0,0.056,-1.0497657186226602e-05,-4.220131935665111e-07,3.1138606743036285e-06,-1.0497657186226602e-05,-4.220131935665111e-07,4.2281459536597645e-06
Bottle,XZ,0.0,0.0,0.056,-1.157048572320203e-07,-3.882304406880487e-07,3.0535689344529983e-06,-1.157048572320203e-07,-3.882304406880487e-07,4.167854213809134e-06
Bottle,XZ,0.001,0.0,0.056,1.02689895362033e-05,-2.898838814413806e-07,3.1401723166648505e-06,1.02689895362033e-05,-2.898838814413806e-07,4.2544575960209865e-06
Bottle,XZ,0.002000000000000001,0.0,0.056,1.1589466553915022e-05,-1.5329716384265499e-07,3.4961677956325276e-06,1.1589466553915022e-05,-1.5329716384265499e-07,4.610453074988664e-06
Bottle,XZ,0.003,0.0,0.056,2.5628052955541426e-06,-1.2609789028647323e-08,4.062083991288943e-06,2.5628052955541426e-06,-1.2609789028647323e-08,5.176369270645079e-06
Bottle,XZ,0.003999999999999999,0.0,0.056,-8.82231405729496e-06,9.516487804181544e-08,4.4814961812742996e-06,-8.82231405729496e-06,9.516487804181544e-08,5.5957814606304356e-06
Bottle,XZ,0.005,0.0,0.056,-1.2968578679385992e-05,1.4527045517147598e-07,4.035468166601746e-06,-1.2968578679385992e-05,1.4527045517147598e-07,5.149753445957882e-06
Bottle,XZ,0.006000000000000001,0.0,0.056,-7.640803829771754e-06,1.2888754697048072e-07,2.3790209227159604e-06,-7.640803829771754e-06,1.2888754697048072e-07,3.493306202072096e-06
Bottle,XZ,0.007,0.0,0.056,9.641178244248184e-07,5.714707804210782e-08,1.7556322168678993e-08,9.641178244248184e-07,5.714707804210782e-08,1.1318416015248148e-06
Bottle,XZ,-0.007,0.0,0.057,1.0141563801374374e-06,1.6346235116460147e-07,2.4034977004597945e-08,1.0141563801374374e-06,1.6346235116460147e-07,1.1383202563607337e-06
Bottle,XZ,-0.006,0.0,0.057,9.755851409941792e-06,1.1884213538775837e-07,2.122338103550424e-06,9.755851409941792e-06,1.1884213538775837e-07,3.23662338290656e-06
Bottle,XZ,-0.005,0.0,0.057,1.3945133045711244e-05,7.720887935688548e-09,3.662497013556644e-06,1.3945133045711244e-05,7.720887935688548e-09,4.77678229291278e-06
Bottle,XZ,-0.004,0.0,0.057,8.177110636795964e-06,-1.49552187630506e-07,4.3523333912747965e-06,8.177110636795964e-06,-1.49552187630506e-07,5.4666186706309325e-06
Bottle,XZ,-0.003,0.0,0.057,-4.326618739033208e-06,-3.106810111133433e-07,4.496035640914861e-06,-4.326618739033208e-06,-3.106810111133433e-07,5.610320920270997e-06
Bottle,XZ,-0.002,0.0,0.057,-1.3573984007109715e-05,-4.2674290799661926e-07,4.7140623331521305e-06,-1.3573984007109715e-05,-4.2674290799661926e-07,5.8283476125082664e-06
Bottle,XZ,-0.001,0.0,0.057,-1.1657852079339804e-05,-4.6538453245768534e-07,5.0635914383264615e-06,-1.1657852079339804e-05,-4.6538453245768534e-07,6.1778767176825975e-06
Bottle,XZ,0.0,0.0,0.057,-1.2457167329308054e-07,-4.1620395748496145e-07,5.254677525656949e-06,-1.2457167329308054e-07,-4.1620395748496145e-07,6.368962805013085e-06
Bottle,XZ,0.001,0.0,0.057,1.1421034335532601e-05,-2.981226458851227e-07,5.1007554493448805e-06,1.1421034335532601e-05,-2.981226458851227e-07,6.2150407287010165e-06
Bottle,XZ,0.002000000000000001,0.0,0.057,1.3410747495553384e-05,-1.4300243758531194e-07,4.7830952430534476e-06,1.3410747495553384e-05,-1.4300243758531194e-07,5.8973805224095836e-06
Bottle,XZ,0.003,0.0,0.057,4.3472733453405285e-06,7.069414122096883e-09,4.577797427796511e-06,4.3472733453405285e-06,7.069414122096883e-09,5.692082707152647e-06
Bottle,XZ,0.003999999999999999,0.0,0.057,-7.895081983012508e-06,1.1522593179202172e-07,4.405370249306466e-06,-7.895081983012508e-06,1.1522593179202172e-07,5.519655528662602e-06
Bottle,XZ,0.005,0.0,0.057,-1.3454016565559107e-05,1.5502089419560496e-07,3.6388975219211515e-06,-1.3454016565559107e-05,1.5502089419560496e-07,4.7531828012772875e-06
Bottle,XZ,0.006000000000000001,0.0,0.057,-9.260701552365906e-06,1.22999483958579e-07,2.0023445113192625e-06,-9.260701552365906e-06,1.22999483958579e-07,3.1166297906753985e-06
Bottle,XZ,0.007,0.0,0.057,-7.676739596487595e-07,4.111127743627253e-08,-1.5824895669008468e-07,-7.676739596487595e-07,4.111127743627253e-08,9.56036322666051e-07
