task,method,optimizer,parameter,parameter_value,metric,n_valid_pairs,median_paired_difference,ci95_lo,ci95_hi,bootstrap_seed,bootstrap_resamples,sampling_unit
Single,Conventional,BFGS,lambda_pressure_factor,0.0,delta_solve_wall_s,1,0.7786739000002854,,,20260908,10000,paired seed; targets nested inside command
Single,Conventional,BFGS,lambda_pressure_factor,0.0,delta_iterations,1,23.0,,,20260908,10000,paired seed; targets nested inside command
Single,Conventional,BFGS,lambda_pressure_factor,0.0,delta_evaluations,1,81.0,,,20260908,10000,paired seed; targets nested inside command
Single,Conventional,BFGS,lambda_pressure_factor,0.0,delta_terminal_gradient_l2,1,2.809699341657722e-08,,,20260908,10000,paired seed; targets nested inside command
Single,Conventional,BFGS,lambda_pressure_factor,0.0,delta_terminal_gradient_inf,1,2.240830043435143e-08,,,20260908,10000,paired seed; targets nested inside command
Single,Conventional,BFGS,lambda_pressure_factor,0.0,delta_relative_gradient_l2,1,-6.778871452141066e-05,,,20260908,10000,paired seed; targets nested inside command
Single,Conventional,BFGS,lambda_pressure_factor,0.0,delta_objective_n_m,1,-56.86473978241719,,,20260908,10000,paired seed; targets nested inside command
Single,Conventional,BFGS,lambda_pressure_factor,0.0,delta_surrogate_residual_n,1,-8.413572564874835e-07,,,20260908,10000,paired seed; targets nested inside command
Single,Conventional,BFGS,lambda_pressure_factor,0.0,delta_command_cosine_to_fixed_GFE,1,-0.0002012645837510263,,,20260908,10000,paired seed; targets nested inside command
Single,Conventional,BFGS,lambda_pressure_factor,0.0,delta_field_cosine_to_fixed_GFE,1,-8.738760721815897e-05,,,20260908,10000,paired seed; targets nested inside command
Single,Conventional,BFGS,lambda_pressure_factor,0.0,delta_worst_displacement_a,1,0.19029508793785843,,,20260908,10000,paired seed; targets nested inside command
Single,Conventional,BFGS,lambda_pressure_factor,0.0,delta_minimum_stiffness_n_m,1,-0.00012054395936224576,,,20260908,10000,paired seed; targets nested inside command
Single,Conventional,BFGS,lambda_pressure_factor,0.0,delta_common_nominal_loss_std_n_m,0,,,,20260908,10000,paired seed; targets nested inside command
Single,Conventional,BFGS,lambda_pressure_factor,0.01,delta_solve_wall_s,1,34.91967810000642,,,20260908,10000,paired seed; targets nested inside command
Single,Conventional,BFGS,lambda_pressure_factor,0.01,delta_iterations,1,4062.0,,,20260908,10000,paired seed; targets nested inside command
Single,Conventional,BFGS,lambda_pressure_factor,0.01,delta_evaluations,1,4832.0,,,20260908,10000,paired seed; targets nested inside command
Single,Conventional,BFGS,lambda_pressure_factor,0.01,delta_terminal_gradient_l2,1,6.847928844976675,,,20260908,10000,paired seed; targets nested inside command
Single,Conventional,BFGS,lambda_pressure_factor,0.01,delta_terminal_gradient_inf,1,1.4966921761807221,,,20260908,10000,paired seed; targets nested inside command
Single,Conventional,BFGS,lambda_pressure_factor,0.01,delta_relative_gradient_l2,1,0.9700039815698956,,,20260908,10000,paired seed; targets nested inside command
Single,Conventional,BFGS,lambda_pressure_factor,0.01,delta_objective_n_m,1,-56.86430764068459,,,20260908,10000,paired seed; targets nested inside command
Single,Conventional,BFGS,lambda_pressure_factor,0.01,delta_surrogate_residual_n,1,-8.41734211187405e-07,,,20260908,10000,paired seed; targets nested inside command
Single,Conventional,BFGS,lambda_pressure_factor,0.01,delta_command_cosine_to_fixed_GFE,1,-0.0002162062384930552,,,20260908,10000,paired seed; targets nested inside command
Single,Conventional,BFGS,lambda_pressure_factor,0.01,delta_field_cosine_to_fixed_GFE,1,-8.859654362580738e-05,,,20260908,10000,paired seed; targets nested inside command
Single,Conventional,BFGS,lambda_pressure_factor,0.01,delta_worst_displacement_a,1,0.19004366227025007,,,20260908,10000,paired seed; targets nested inside command
Single,Conventional,BFGS,lambda_pressure_factor,0.01,delta_minimum_stiffness_n_m,1,-0.00012056891579438362,,,20260908,10000,paired seed; targets nested inside command
Single,Conventional,BFGS,lambda_pressure_factor,0.01,delta_common_nominal_loss_std_n_m,0,,,,20260908,10000,paired seed; targets nested inside command
Single,Conventional,BFGS,lambda_pressure_factor,0.03,delta_solve_wall_s,1,81.99770980000903,,,20260908,10000,paired seed; targets nested inside command
Single,Conventional,BFGS,lambda_pressure_factor,0.03,delta_iterations,1,9963.0,,,20260908,10000,paired seed; targets nested inside command
Single,Conventional,BFGS,lambda_pressure_factor,0.03,delta_evaluations,1,11598.0,,,20260908,10000,paired seed; targets nested inside command
Single,Conventional,BFGS,lambda_pressure_factor,0.03,delta_terminal_gradient_l2,1,20.85661808087997,,,20260908,10000,paired seed; targets nested inside command
Single,Conventional,BFGS,lambda_pressure_factor,0.03,delta_terminal_gradient_inf,1,4.282773661916265,,,20260908,10000,paired seed; targets nested inside command
Single,Conventional,BFGS,lambda_pressure_factor,0.03,delta_relative_gradient_l2,1,0.9956171425089186,,,20260908,10000,paired seed; targets nested inside command
Single,Conventional,BFGS,lambda_pressure_factor,0.03,delta_objective_n_m,1,-56.821146548470225,,,20260908,10000,paired seed; targets nested inside command
Single,Conventional,BFGS,lambda_pressure_factor,0.03,delta_surrogate_residual_n,1,-7.628546624843021e-07,,,20260908,10000,paired seed; targets nested inside command
Single,Conventional,BFGS,lambda_pressure_factor,0.03,delta_command_cosine_to_fixed_GFE,1,-0.0009556376340430495,,,20260908,10000,paired seed; targets nested inside command
Single,Conventional,BFGS,lambda_pressure_factor,0.03,delta_field_cosine_to_fixed_GFE,1,-0.00018588158895771478,,,20260908,10000,paired seed; targets nested inside command
Single,Conventional,BFGS,lambda_pressure_factor,0.03,delta_worst_displacement_a,1,0.16839163379938574,,,20260908,10000,paired seed; targets nested inside command
Single,Conventional,BFGS,lambda_pressure_factor,0.03,delta_minimum_stiffness_n_m,1,-0.00013544423900262517,,,20260908,10000,paired seed; targets nested inside command
Single,Conventional,BFGS,lambda_pressure_factor,0.03,delta_common_nominal_loss_std_n_m,0,,,,20260908,10000,paired seed; targets nested inside command
Single,Conventional,BFGS,lambda_pressure_factor,0.1,delta_solve_wall_s,1,73.70160650000616,,,20260908,10000,paired seed; targets nested inside command
Single,Conventional,BFGS,lambda_pressure_factor,0.1,delta_iterations,1,8931.0,,,20260908,10000,paired seed; targets nested inside command
Single,Conventional,BFGS,lambda_pressure_factor,0.1,delta_evaluations,1,10537.0,,,20260908,10000,paired seed; targets nested inside command
Single,Conventional,BFGS,lambda_pressure_factor,0.1,delta_terminal_gradient_l2,1,68.25019875312472,,,20260908,10000,paired seed; targets nested inside command
Single,Conventional,BFGS,lambda_pressure_factor,0.1,delta_terminal_gradient_inf,1,14.264583282004025,,,20260908,10000,paired seed; targets nested inside command
Single,Conventional,BFGS,lambda_pressure_factor,0.1,delta_relative_gradient_l2,1,0.9808025350093575,,,20260908,10000,paired seed; targets nested inside command
Single,Conventional,BFGS,lambda_pressure_factor,0.1,delta_objective_n_m,1,-56.33482046690058,,,20260908,10000,paired seed; targets nested inside command
Single,Conventional,BFGS,lambda_pressure_factor,0.1,delta_surrogate_residual_n,1,4.543830253093485e-07,,,20260908,10000,paired seed; targets nested inside command
Single,Conventional,BFGS,lambda_pressure_factor,0.1,delta_command_cosine_to_fixed_GFE,1,-0.011455628568874388,,,20260908,10000,paired seed; targets nested inside command
Single,Conventional,BFGS,lambda_pressure_factor,0.1,delta_field_cosine_to_fixed_GFE,1,-0.0020122004805631644,,,20260908,10000,paired seed; targets nested inside command
Single,Conventional,BFGS,lambda_pressure_factor,0.1,delta_worst_displacement_a,1,0.20280081131612918,,,20260908,10000,paired seed; targets nested inside command
Single,Conventional,BFGS,lambda_pressure_factor,0.1,delta_minimum_stiffness_n_m,1,-0.0002021513437563665,,,20260908,10000,paired seed; targets nested inside command
Single,Conventional,BFGS,lambda_pressure_factor,0.1,delta_common_nominal_loss_std_n_m,0,,,,20260908,10000,paired seed; targets nested inside command
Single,Conventional,BFGS,lambda_pressure_factor,0.3,delta_solve_wall_s,1,69.2495584999997,,,20260908,10000,paired seed; targets nested inside command
Single,Conventional,BFGS,lambda_pressure_factor,0.3,delta_iterations,1,7948.0,,,20260908,10000,paired seed; targets nested inside command
Single,Conventional,BFGS,lambda_pressure_factor,0.3,delta_evaluations,1,9625.0,,,20260908,10000,paired seed; targets nested inside command
Single,Conventional,BFGS,lambda_pressure_factor,0.3,delta_terminal_gradient_l2,1,205.1192152675383,,,20260908,10000,paired seed; targets nested inside command
Single,Conventional,BFGS,lambda_pressure_factor,0.3,delta_terminal_gradient_inf,1,47.08010267243224,,,20260908,10000,paired seed; targets nested inside command
Single,Conventional,BFGS,lambda_pressure_factor,0.3,delta_relative_gradient_l2,1,0.9835093583858844,,,20260908,10000,paired seed; targets nested inside command
Single,Conventional,BFGS,lambda_pressure_factor,0.3,delta_objective_n_m,1,-55.96017520357829,,,20260908,10000,paired seed; targets nested inside command
Single,Conventional,BFGS,lambda_pressure_factor,0.3,delta_surrogate_residual_n,1,-7.983110903973015e-07,,,20260908,10000,paired seed; targets nested inside command
Single,Conventional,BFGS,lambda_pressure_factor,0.3,delta_command_cosine_to_fixed_GFE,1,-0.020386080429231623,,,20260908,10000,paired seed; targets nested inside command
Single,Conventional,BFGS,lambda_pressure_factor,0.3,delta_field_cosine_to_fixed_GFE,1,-0.0012512210956501235,,,20260908,10000,paired seed; targets nested inside command
Single,Conventional,BFGS,lambda_pressure_factor,0.3,delta_worst_displacement_a,1,0.2849157624633291,,,20260908,10000,paired seed; targets nested inside command
Single,Conventional,BFGS,lambda_pressure_factor,0.3,delta_minimum_stiffness_n_m,1,-0.00026092007971452967,,,20260908,10000,paired seed; targets nested inside command
Single,Conventional,BFGS,lambda_pressure_factor,0.3,delta_common_nominal_loss_std_n_m,0,,,,20260908,10000,paired seed; targets nested inside command
Single,Conventional,BFGS,lambda_pressure_factor,1.0,delta_solve_wall_s,1,45.73928059999889,,,20260908,10000,paired seed; targets nested inside command
Single,Conventional,BFGS,lambda_pressure_factor,1.0,delta_iterations,1,5501.0,,,20260908,10000,paired seed; targets nested inside command
Single,Conventional,BFGS,lambda_pressure_factor,1.0,delta_evaluations,1,6899.0,,,20260908,10000,paired seed; targets nested inside command
Single,Conventional,BFGS,lambda_pressure_factor,1.0,delta_terminal_gradient_l2,1,676.9975485732697,,,20260908,10000,paired seed; targets nested inside command
Single,Conventional,BFGS,lambda_pressure_factor,1.0,delta_terminal_gradient_inf,1,145.25568976685906,,,20260908,10000,paired seed; targets nested inside command
Single,Conventional,BFGS,lambda_pressure_factor,1.0,delta_relative_gradient_l2,1,0.9741460471704628,,,20260908,10000,paired seed; targets nested inside command
Single,Conventional,BFGS,lambda_pressure_factor,1.0,delta_objective_n_m,1,-54.943496937469185,,,20260908,10000,paired seed; targets nested inside command
Single,Conventional,BFGS,lambda_pressure_factor,1.0,delta_surrogate_residual_n,1,1.6202339695565047e-06,,,20260908,10000,paired seed; targets nested inside command
Single,Conventional,BFGS,lambda_pressure_factor,1.0,delta_command_cosine_to_fixed_GFE,1,-0.02602880363767024,,,20260908,10000,paired seed; targets nested inside command
Single,Conventional,BFGS,lambda_pressure_factor,1.0,delta_field_cosine_to_fixed_GFE,1,-0.005408081008307919,,,20260908,10000,paired seed; targets nested inside command
Single,Conventional,BFGS,lambda_pressure_factor,1.0,delta_worst_displacement_a,1,0.1188806776649805,,,20260908,10000,paired seed; targets nested inside command
Single,Conventional,BFGS,lambda_pressure_factor,1.0,delta_minimum_stiffness_n_m,1,-0.00029809437855232365,,,20260908,10000,paired seed; targets nested inside command
Single,Conventional,BFGS,lambda_pressure_factor,1.0,delta_common_nominal_loss_std_n_m,0,,,,20260908,10000,paired seed; targets nested inside command
Single,Conventional,BFGS,lambda_pressure_factor,3.0,delta_solve_wall_s,1,22.300240299999132,,,20260908,10000,paired seed; targets nested inside command
Single,Conventional,BFGS,lambda_pressure_factor,3.0,delta_iterations,1,2338.0,,,20260908,10000,paired seed; targets nested inside command
Single,Conventional,BFGS,lambda_pressure_factor,3.0,delta_evaluations,1,3427.0,,,20260908,10000,paired seed; targets nested inside command
Single,Conventional,BFGS,lambda_pressure_factor,3.0,delta_terminal_gradient_l2,1,2107.92417837491,,,20260908,10000,paired seed; targets nested inside command
Single,Conventional,BFGS,lambda_pressure_factor,3.0,delta_terminal_gradient_inf,1,469.5516250013201,,,20260908,10000,paired seed; targets nested inside command
Single,Conventional,BFGS,lambda_pressure_factor,3.0,delta_relative_gradient_l2,1,1.0111434265890757,,,20260908,10000,paired seed; targets nested inside command
Single,Conventional,BFGS,lambda_pressure_factor,3.0,delta_objective_n_m,1,-50.07546526813567,,,20260908,10000,paired seed; targets nested inside command
Single,Conventional,BFGS,lambda_pressure_factor,3.0,delta_surrogate_residual_n,1,8.066737057680389e-07,,,20260908,10000,paired seed; targets nested inside command
Single,Conventional,BFGS,lambda_pressure_factor,3.0,delta_command_cosine_to_fixed_GFE,1,-0.07023654493743647,,,20260908,10000,paired seed; targets nested inside command
Single,Conventional,BFGS,lambda_pressure_factor,3.0,delta_field_cosine_to_fixed_GFE,1,-0.009646363201649244,,,20260908,10000,paired seed; targets nested inside command
Single,Conventional,BFGS,lambda_pressure_factor,3.0,delta_worst_displacement_a,1,0.6920295585236523,,,20260908,10000,paired seed; targets nested inside command
Single,Conventional,BFGS,lambda_pressure_factor,3.0,delta_minimum_stiffness_n_m,1,-0.0005925701283719337,,,20260908,10000,paired seed; targets nested inside command
Single,Conventional,BFGS,lambda_pressure_factor,3.0,delta_common_nominal_loss_std_n_m,0,,,,20260908,10000,paired seed; targets nested inside command
Single,Conventional,BFGS,lambda_pressure_factor,10.0,delta_solve_wall_s,1,13.050122100001317,,,20260908,10000,paired seed; targets nested inside command
Single,Conventional,BFGS,lambda_pressure_factor,10.0,delta_iterations,1,1225.0,,,20260908,10000,paired seed; targets nested inside command
Single,Conventional,BFGS,lambda_pressure_factor,10.0,delta_evaluations,1,2183.0,,,20260908,10000,paired seed; targets nested inside command
Single,Conventional,BFGS,lambda_pressure_factor,10.0,delta_terminal_gradient_l2,1,6913.696779488213,,,20260908,10000,paired seed; targets nested inside command
Single,Conventional,BFGS,lambda_pressure_factor,10.0,delta_terminal_gradient_inf,1,1547.2167091508263,,,20260908,10000,paired seed; targets nested inside command
Single,Conventional,BFGS,lambda_pressure_factor,10.0,delta_relative_gradient_l2,1,0.9949544560527108,,,20260908,10000,paired seed; targets nested inside command
Single,Conventional,BFGS,lambda_pressure_factor,10.0,delta_objective_n_m,1,-41.747004679749146,,,20260908,10000,paired seed; targets nested inside command
Single,Conventional,BFGS,lambda_pressure_factor,10.0,delta_surrogate_residual_n,1,-2.1652069864236806e-07,,,20260908,10000,paired seed; targets nested inside command
Single,Conventional,BFGS,lambda_pressure_factor,10.0,delta_command_cosine_to_fixed_GFE,1,-0.152476336478384,,,20260908,10000,paired seed; targets nested inside command
Single,Conventional,BFGS,lambda_pressure_factor,10.0,delta_field_cosine_to_fixed_GFE,1,-0.02627269273064392,,,20260908,10000,paired seed; targets nested inside command
Single,Conventional,BFGS,lambda_pressure_factor,10.0,delta_worst_displacement_a,1,1.2563265934256653,,,20260908,10000,paired seed; targets nested inside command
Single,Conventional,BFGS,lambda_pressure_factor,10.0,delta_minimum_stiffness_n_m,1,-0.0008828757740096788,,,20260908,10000,paired seed; targets nested inside command
Single,Conventional,BFGS,lambda_pressure_factor,10.0,delta_common_nominal_loss_std_n_m,0,,,,20260908,10000,paired seed; targets nested inside command
Single,Conventional,BFGS,lambda_pressure_factor,30.0,delta_solve_wall_s,1,7.076446800012491,,,20260908,10000,paired seed; targets nested inside command
Single,Conventional,BFGS,lambda_pressure_factor,30.0,delta_iterations,1,582.0,,,20260908,10000,paired seed; targets nested inside command
Single,Conventional,BFGS,lambda_pressure_factor,30.0,delta_evaluations,1,1223.0,,,20260908,10000,paired seed; targets nested inside command
Single,Conventional,BFGS,lambda_pressure_factor,30.0,delta_terminal_gradient_l2,1,20812.750404064234,,,20260908,10000,paired seed; targets nested inside command
Single,Conventional,BFGS,lambda_pressure_factor,30.0,delta_terminal_gradient_inf,1,4621.592576104257,,,20260908,10000,paired seed; targets nested inside command
Single,Conventional,BFGS,lambda_pressure_factor,30.0,delta_relative_gradient_l2,1,0.9984016389565705,,,20260908,10000,paired seed; targets nested inside command
Single,Conventional,BFGS,lambda_pressure_factor,30.0,delta_objective_n_m,1,-23.194136952474437,,,20260908,10000,paired seed; targets nested inside command
Single,Conventional,BFGS,lambda_pressure_factor,30.0,delta_surrogate_residual_n,1,1.0583187351347246e-06,,,20260908,10000,paired seed; targets nested inside command
Single,Conventional,BFGS,lambda_pressure_factor,30.0,delta_command_cosine_to_fixed_GFE,1,-0.38068723329274834,,,20260908,10000,paired seed; targets nested inside command
Single,Conventional,BFGS,lambda_pressure_factor,30.0,delta_field_cosine_to_fixed_GFE,1,-0.10252585214475574,,,20260908,10000,paired seed; targets nested inside command
Single,Conventional,BFGS,lambda_pressure_factor,30.0,delta_worst_displacement_a,1,3.9264709440010366,,,20260908,10000,paired seed; targets nested inside command
Single,Conventional,BFGS,lambda_pressure_factor,30.0,delta_minimum_stiffness_n_m,1,-0.0016938455239531181,,,20260908,10000,paired seed; targets nested inside command
Single,Conventional,BFGS,lambda_pressure_factor,30.0,delta_common_nominal_loss_std_n_m,0,,,,20260908,10000,paired seed; targets nested inside command
Single,FE,L-BFGS-B,alpha_factor,0.01,delta_solve_wall_s,1,-0.00018009998893830925,,,20260908,10000,paired seed; targets nested inside command
Single,FE,L-BFGS-B,alpha_factor,0.01,delta_iterations,1,2.0,,,20260908,10000,paired seed; targets nested inside command
Single,FE,L-BFGS-B,alpha_factor,0.01,delta_evaluations,1,3.0,,,20260908,10000,paired seed; targets nested inside command
Single,FE,L-BFGS-B,alpha_factor,0.01,delta_terminal_gradient_l2,1,-5.407430551064536e-10,,,20260908,10000,paired seed; targets nested inside command
Single,FE,L-BFGS-B,alpha_factor,0.01,delta_terminal_gradient_inf,1,3.5640572246189255e-09,,,20260908,10000,paired seed; targets nested inside command
Single,FE,L-BFGS-B,alpha_factor,0.01,delta_relative_gradient_l2,1,-1.2422511032649436e-06,,,20260908,10000,paired seed; targets nested inside command
Single,FE,L-BFGS-B,alpha_factor,0.01,delta_objective_n_m,1,-1.51545990728294e-05,,,20260908,10000,paired seed; targets nested inside command
Single,FE,L-BFGS-B,alpha_factor,0.01,delta_surrogate_residual_n,1,-1.0775897123776647e-06,,,20260908,10000,paired seed; targets nested inside command
Single,FE,L-BFGS-B,alpha_factor,0.01,delta_command_cosine_to_fixed_GFE,1,-1.7159265766064635e-06,,,20260908,10000,paired seed; targets nested inside command
Single,FE,L-BFGS-B,alpha_factor,0.01,delta_field_cosine_to_fixed_GFE,1,-1.0062562816326448e-06,,,20260908,10000,paired seed; targets nested inside command
Single,FE,L-BFGS-B,alpha_factor,0.01,delta_worst_displacement_a,1,0.02814077576600358,,,20260908,10000,paired seed; targets nested inside command
Single,FE,L-BFGS-B,alpha_factor,0.01,delta_minimum_stiffness_n_m,1,-9.88582588843474e-06,,,20260908,10000,paired seed; targets nested inside command
Single,FE,L-BFGS-B,alpha_factor,0.01,delta_common_nominal_loss_std_n_m,0,,,,20260908,10000,paired seed; targets nested inside command
Single,FE,L-BFGS-B,alpha_factor,0.03,delta_solve_wall_s,1,9.050000517163426e-05,,,20260908,10000,paired seed; targets nested inside command
Single,FE,L-BFGS-B,alpha_factor,0.03,delta_iterations,1,0.0,,,20260908,10000,paired seed; targets nested inside command
Single,FE,L-BFGS-B,alpha_factor,0.03,delta_evaluations,1,0.0,,,20260908,10000,paired seed; targets nested inside command
Single,FE,L-BFGS-B,alpha_factor,0.03,delta_terminal_gradient_l2,1,-1.5958712780100558e-08,,,20260908,10000,paired seed; targets nested inside command
Single,FE,L-BFGS-B,alpha_factor,0.03,delta_terminal_gradient_inf,1,-1.1117225857746486e-09,,,20260908,10000,paired seed; targets nested inside command
Single,FE,L-BFGS-B,alpha_factor,0.03,delta_relative_gradient_l2,1,-3.5004398910796416e-05,,,20260908,10000,paired seed; targets nested inside command
Single,FE,L-BFGS-B,alpha_factor,0.03,delta_objective_n_m,1,-1.5069960722625952e-05,,,20260908,10000,paired seed; targets nested inside command
Single,FE,L-BFGS-B,alpha_factor,0.03,delta_surrogate_residual_n,1,-1.0783443470011276e-06,,,20260908,10000,paired seed; targets nested inside command
Single,FE,L-BFGS-B,alpha_factor,0.03,delta_command_cosine_to_fixed_GFE,1,-1.6453996927179304e-06,,,20260908,10000,paired seed; targets nested inside command
Single,FE,L-BFGS-B,alpha_factor,0.03,delta_field_cosine_to_fixed_GFE,1,-9.649947172452045e-07,,,20260908,10000,paired seed; targets nested inside command
Single,FE,L-BFGS-B,alpha_factor,0.03,delta_worst_displacement_a,1,0.027595556501359482,,,20260908,10000,paired seed; targets nested inside command
Single,FE,L-BFGS-B,alpha_factor,0.03,delta_minimum_stiffness_n_m,1,-9.06297810339407e-06,,,20260908,10000,paired seed; targets nested inside command
Single,FE,L-BFGS-B,alpha_factor,0.03,delta_common_nominal_loss_std_n_m,0,,,,20260908,10000,paired seed; targets nested inside command
Single,FE,L-BFGS-B,alpha_factor,0.1,delta_solve_wall_s,1,0.004666799999540672,,,20260908,10000,paired seed; targets nested inside command
Single,FE,L-BFGS-B,alpha_factor,0.1,delta_iterations,1,1.0,,,20260908,10000,paired seed; targets nested inside command
Single,FE,L-BFGS-B,alpha_factor,0.1,delta_evaluations,1,4.0,,,20260908,10000,paired seed; targets nested inside command
Single,FE,L-BFGS-B,alpha_factor,0.1,delta_terminal_gradient_l2,1,-1.7293411471392655e-08,,,20260908,10000,paired seed; targets nested inside command
Single,FE,L-BFGS-B,alpha_factor,0.1,delta_terminal_gradient_inf,1,-7.270893149138704e-11,,,20260908,10000,paired seed; targets nested inside command
Single,FE,L-BFGS-B,alpha_factor,0.1,delta_relative_gradient_l2,1,-3.792434079110989e-05,,,20260908,10000,paired seed; targets nested inside command
Single,FE,L-BFGS-B,alpha_factor,0.1,delta_objective_n_m,1,-1.4774888935316366e-05,,,20260908,10000,paired seed; targets nested inside command
Single,FE,L-BFGS-B,alpha_factor,0.1,delta_surrogate_residual_n,1,-1.0809349703170998e-06,,,20260908,10000,paired seed; targets nested inside command
Single,FE,L-BFGS-B,alpha_factor,0.1,delta_command_cosine_to_fixed_GFE,1,-1.416953806288035e-06,,,20260908,10000,paired seed; targets nested inside command
Single,FE,L-BFGS-B,alpha_factor,0.1,delta_field_cosine_to_fixed_GFE,1,-8.309455824528911e-07,,,20260908,10000,paired seed; targets nested inside command
Single,FE,L-BFGS-B,alpha_factor,0.1,delta_worst_displacement_a,1,0.025886574830701108,,,20260908,10000,paired seed; targets nested inside command
Single,FE,L-BFGS-B,alpha_factor,0.1,delta_minimum_stiffness_n_m,1,-6.336294666767564e-06,,,20260908,10000,paired seed; targets nested inside command
Single,FE,L-BFGS-B,alpha_factor,0.1,delta_common_nominal_loss_std_n_m,0,,,,20260908,10000,paired seed; targets nested inside command
Single,FE,L-BFGS-B,alpha_factor,0.3,delta_solve_wall_s,1,-0.0005304999940562993,,,20260908,10000,paired seed; targets nested inside command
Single,FE,L-BFGS-B,alpha_factor,0.3,delta_iterations,1,0.0,,,20260908,10000,paired seed; targets nested inside command
Single,FE,L-BFGS-B,alpha_factor,0.3,delta_evaluations,1,-1.0,,,20260908,10000,paired seed; targets nested inside command
Single,FE,L-BFGS-B,alpha_factor,0.3,delta_terminal_gradient_l2,1,8.480734526912908e-09,,,20260908,10000,paired seed; targets nested inside command
Single,FE,L-BFGS-B,alpha_factor,0.3,delta_terminal_gradient_inf,1,9.654986529868483e-10,,,20260908,10000,paired seed; targets nested inside command
Single,FE,L-BFGS-B,alpha_factor,0.3,delta_relative_gradient_l2,1,1.8548350470504993e-05,,,20260908,10000,paired seed; targets nested inside command
Single,FE,L-BFGS-B,alpha_factor,0.3,delta_objective_n_m,1,-1.3941830093004703e-05,,,20260908,10000,paired seed; targets nested inside command
Single,FE,L-BFGS-B,alpha_factor,0.3,delta_surrogate_residual_n,1,-1.0883431883802352e-06,,,20260908,10000,paired seed; targets nested inside command
Single,FE,L-BFGS-B,alpha_factor,0.3,delta_command_cosine_to_fixed_GFE,1,-8.576491076217607e-07,,,20260908,10000,paired seed; targets nested inside command
Single,FE,L-BFGS-B,alpha_factor,0.3,delta_field_cosine_to_fixed_GFE,1,-5.029247792665004e-07,,,20260908,10000,paired seed; targets nested inside command
Single,FE,L-BFGS-B,alpha_factor,0.3,delta_worst_displacement_a,1,0.020368140702420025,,,20260908,10000,paired seed; targets nested inside command
Single,FE,L-BFGS-B,alpha_factor,0.3,delta_minimum_stiffness_n_m,1,-1.4764579522210178e-05,,,20260908,10000,paired seed; targets nested inside command
Single,FE,L-BFGS-B,alpha_factor,0.3,delta_common_nominal_loss_std_n_m,0,,,,20260908,10000,paired seed; targets nested inside command
Single,FE,L-BFGS-B,alpha_factor,1.0,delta_solve_wall_s,1,0.005290200002491474,,,20260908,10000,paired seed; targets nested inside command
Single,FE,L-BFGS-B,alpha_factor,1.0,delta_iterations,1,1.0,,,20260908,10000,paired seed; targets nested inside command
Single,FE,L-BFGS-B,alpha_factor,1.0,delta_evaluations,1,0.0,,,20260908,10000,paired seed; targets nested inside command
Single,FE,L-BFGS-B,alpha_factor,1.0,delta_terminal_gradient_l2,1,-2.059278628021869e-08,,,20260908,10000,paired seed; targets nested inside command
Single,FE,L-BFGS-B,alpha_factor,1.0,delta_terminal_gradient_inf,1,-3.2760584600929525e-09,,,20260908,10000,paired seed; targets nested inside command
Single,FE,L-BFGS-B,alpha_factor,1.0,delta_relative_gradient_l2,1,-4.5122225783442574e-05,,,20260908,10000,paired seed; targets nested inside command
Single,FE,L-BFGS-B,alpha_factor,1.0,delta_objective_n_m,1,-1.114285351035138e-05,,,20260908,10000,paired seed; targets nested inside command
Single,FE,L-BFGS-B,alpha_factor,1.0,delta_surrogate_residual_n,1,-1.1142812827662842e-06,,,20260908,10000,paired seed; targets nested inside command
Single,FE,L-BFGS-B,alpha_factor,1.0,delta_command_cosine_to_fixed_GFE,1,-1.568689622644115e-11,,,20260908,10000,paired seed; targets nested inside command
Single,FE,L-BFGS-B,alpha_factor,1.0,delta_field_cosine_to_fixed_GFE,1,-5.3684834355749445e-12,,,20260908,10000,paired seed; targets nested inside command
Single,FE,L-BFGS-B,alpha_factor,1.0,delta_worst_displacement_a,1,3.824873853280897e-06,,,20260908,10000,paired seed; targets nested inside command
Single,FE,L-BFGS-B,alpha_factor,1.0,delta_minimum_stiffness_n_m,1,-1.7994692428843773e-08,,,20260908,10000,paired seed; targets nested inside command
Single,FE,L-BFGS-B,alpha_factor,1.0,delta_common_nominal_loss_std_n_m,0,,,,20260908,10000,paired seed; targets nested inside command
Single,FE,L-BFGS-B,alpha_factor,3.0,delta_solve_wall_s,1,-1.1099997209385037e-05,,,20260908,10000,paired seed; targets nested inside command
Single,FE,L-BFGS-B,alpha_factor,3.0,delta_iterations,1,5.0,,,20260908,10000,paired seed; targets nested inside command
Single,FE,L-BFGS-B,alpha_factor,3.0,delta_evaluations,1,3.0,,,20260908,10000,paired seed; targets nested inside command
Single,FE,L-BFGS-B,alpha_factor,3.0,delta_terminal_gradient_l2,1,-1.0809052878831998e-08,,,20260908,10000,paired seed; targets nested inside command
Single,FE,L-BFGS-B,alpha_factor,3.0,delta_terminal_gradient_inf,1,2.674430347312925e-09,,,20260908,10000,paired seed; targets nested inside command
Single,FE,L-BFGS-B,alpha_factor,3.0,delta_relative_gradient_l2,1,-2.3552547268588724e-05,,,20260908,10000,paired seed; targets nested inside command
Single,FE,L-BFGS-B,alpha_factor,3.0,delta_objective_n_m,1,-4.146361457950387e-06,,,20260908,10000,paired seed; targets nested inside command
Single,FE,L-BFGS-B,alpha_factor,3.0,delta_surrogate_residual_n,1,-1.1883954804274575e-06,,,20260908,10000,paired seed; targets nested inside command
Single,FE,L-BFGS-B,alpha_factor,3.0,delta_command_cosine_to_fixed_GFE,1,-6.9896704280036914e-06,,,20260908,10000,paired seed; targets nested inside command
Single,FE,L-BFGS-B,alpha_factor,3.0,delta_field_cosine_to_fixed_GFE,1,-4.097385876700166e-06,,,20260908,10000,paired seed; targets nested inside command
Single,FE,L-BFGS-B,alpha_factor,3.0,delta_worst_displacement_a,1,-0.04131967405860447,,,20260908,10000,paired seed; targets nested inside command
Single,FE,L-BFGS-B,alpha_factor,3.0,delta_minimum_stiffness_n_m,1,-9.27163837353192e-06,,,20260908,10000,paired seed; targets nested inside command
Single,FE,L-BFGS-B,alpha_factor,3.0,delta_common_nominal_loss_std_n_m,0,,,,20260908,10000,paired seed; targets nested inside command
Single,FE,L-BFGS-B,alpha_factor,10.0,delta_solve_wall_s,1,0.014952400015317835,,,20260908,10000,paired seed; targets nested inside command
Single,FE,L-BFGS-B,alpha_factor,10.0,delta_iterations,1,85.0,,,20260908,10000,paired seed; targets nested inside command
Single,FE,L-BFGS-B,alpha_factor,10.0,delta_evaluations,1,95.0,,,20260908,10000,paired seed; targets nested inside command
Single,FE,L-BFGS-B,alpha_factor,10.0,delta_terminal_gradient_l2,1,1.3601295282464552e-08,,,20260908,10000,paired seed; targets nested inside command
Single,FE,L-BFGS-B,alpha_factor,10.0,delta_terminal_gradient_inf,1,6.673197700213042e-10,,,20260908,10000,paired seed; targets nested inside command
Single,FE,L-BFGS-B,alpha_factor,10.0,delta_relative_gradient_l2,1,3.0861063321827235e-05,,,20260908,10000,paired seed; targets nested inside command
Single,FE,L-BFGS-B,alpha_factor,10.0,delta_objective_n_m,1,8.669622838290703e-06,,,20260908,10000,paired seed; targets nested inside command
Single,FE,L-BFGS-B,alpha_factor,10.0,delta_surrogate_residual_n,1,-1.4477014701766891e-06,,,20260908,10000,paired seed; targets nested inside command
Single,FE,L-BFGS-B,alpha_factor,10.0,delta_command_cosine_to_fixed_GFE,1,-0.000141520181164978,,,20260908,10000,paired seed; targets nested inside command
Single,FE,L-BFGS-B,alpha_factor,10.0,delta_field_cosine_to_fixed_GFE,1,-8.278477453782518e-05,,,20260908,10000,paired seed; targets nested inside command
Single,FE,L-BFGS-B,alpha_factor,10.0,delta_worst_displacement_a,1,0.14464902774473287,,,20260908,10000,paired seed; targets nested inside command
Single,FE,L-BFGS-B,alpha_factor,10.0,delta_minimum_stiffness_n_m,1,-0.00018348015950672356,,,20260908,10000,paired seed; targets nested inside command
Single,FE,L-BFGS-B,alpha_factor,10.0,delta_common_nominal_loss_std_n_m,0,,,,20260908,10000,paired seed; targets nested inside command
Single,FE,L-BFGS-B,alpha_factor,30.0,delta_solve_wall_s,1,0.03816670000378508,,,20260908,10000,paired seed; targets nested inside command
Single,FE,L-BFGS-B,alpha_factor,30.0,delta_iterations,1,193.0,,,20260908,10000,paired seed; targets nested inside command
Single,FE,L-BFGS-B,alpha_factor,30.0,delta_evaluations,1,366.0,,,20260908,10000,paired seed; targets nested inside command
Single,FE,L-BFGS-B,alpha_factor,30.0,delta_terminal_gradient_l2,1,0.0014812134251403724,,,20260908,10000,paired seed; targets nested inside command
Single,FE,L-BFGS-B,alpha_factor,30.0,delta_terminal_gradient_inf,1,0.00016553868099547964,,,20260908,10000,paired seed; targets nested inside command
Single,FE,L-BFGS-B,alpha_factor,30.0,delta_relative_gradient_l2,1,3.3067242344653343,,,20260908,10000,paired seed; targets nested inside command
Single,FE,L-BFGS-B,alpha_factor,30.0,delta_objective_n_m,1,0.0007246796650895379,,,20260908,10000,paired seed; targets nested inside command
Single,FE,L-BFGS-B,alpha_factor,30.0,delta_surrogate_residual_n,1,-1.5011683491167662e-06,,,20260908,10000,paired seed; targets nested inside command
Single,FE,L-BFGS-B,alpha_factor,30.0,delta_command_cosine_to_fixed_GFE,1,-0.9883550121707323,,,20260908,10000,paired seed; targets nested inside command
Single,FE,L-BFGS-B,alpha_factor,30.0,delta_field_cosine_to_fixed_GFE,1,-0.9935771573449032,,,20260908,10000,paired seed; targets nested inside command
Single,FE,L-BFGS-B,alpha_factor,30.0,delta_worst_displacement_a,1,0.18196373586885667,,,20260908,10000,paired seed; targets nested inside command
Single,FE,L-BFGS-B,alpha_factor,30.0,delta_minimum_stiffness_n_m,1,-0.00018880132238804914,,,20260908,10000,paired seed; targets nested inside command
Single,FE,L-BFGS-B,alpha_factor,30.0,delta_common_nominal_loss_std_n_m,0,,,,20260908,10000,paired seed; targets nested inside command
Single,FE,L-BFGS-B,alpha_factor,100.0,delta_solve_wall_s,1,0.03960750001715496,,,20260908,10000,paired seed; targets nested inside command
Single,FE,L-BFGS-B,alpha_factor,100.0,delta_iterations,1,209.0,,,20260908,10000,paired seed; targets nested inside command
Single,FE,L-BFGS-B,alpha_factor,100.0,delta_evaluations,1,427.0,,,20260908,10000,paired seed; targets nested inside command
Single,FE,L-BFGS-B,alpha_factor,100.0,delta_terminal_gradient_l2,1,0.0052459419650232675,,,20260908,10000,paired seed; targets nested inside command
Single,FE,L-BFGS-B,alpha_factor,100.0,delta_terminal_gradient_inf,1,0.0006310948739573618,,,20260908,10000,paired seed; targets nested inside command
Single,FE,L-BFGS-B,alpha_factor,100.0,delta_relative_gradient_l2,1,10.346001819106982,,,20260908,10000,paired seed; targets nested inside command
Single,FE,L-BFGS-B,alpha_factor,100.0,delta_objective_n_m,1,0.0030349987581976476,,,20260908,10000,paired seed; targets nested inside command
Single,FE,L-BFGS-B,alpha_factor,100.0,delta_surrogate_residual_n,1,-1.5011683491170654e-06,,,20260908,10000,paired seed; targets nested inside command
Single,FE,L-BFGS-B,alpha_factor,100.0,delta_command_cosine_to_fixed_GFE,1,-0.9579764858120674,,,20260908,10000,paired seed; targets nested inside command
Single,FE,L-BFGS-B,alpha_factor,100.0,delta_field_cosine_to_fixed_GFE,1,-0.9557969834566948,,,20260908,10000,paired seed; targets nested inside command
Single,FE,L-BFGS-B,alpha_factor,100.0,delta_worst_displacement_a,1,0.13935017516673606,,,20260908,10000,paired seed; targets nested inside command
Single,FE,L-BFGS-B,alpha_factor,100.0,delta_minimum_stiffness_n_m,1,-0.0002883283969961508,,,20260908,10000,paired seed; targets nested inside command
Single,FE,L-BFGS-B,alpha_factor,100.0,delta_common_nominal_loss_std_n_m,0,,,,20260908,10000,paired seed; targets nested inside command
Single,GFE,L-BFGS-B,alpha_factor,0.01,delta_solve_wall_s,1,0.0004648000031011179,,,20260908,10000,paired seed; targets nested inside command
Single,GFE,L-BFGS-B,alpha_factor,0.01,delta_iterations,1,1.0,,,20260908,10000,paired seed; targets nested inside command
Single,GFE,L-BFGS-B,alpha_factor,0.01,delta_evaluations,1,3.0,,,20260908,10000,paired seed; targets nested inside command
Single,GFE,L-BFGS-B,alpha_factor,0.01,delta_terminal_gradient_l2,1,-5.607248740558532e-09,,,20260908,10000,paired seed; targets nested inside command
Single,GFE,L-BFGS-B,alpha_factor,0.01,delta_terminal_gradient_inf,1,-4.514731560602011e-10,,,20260908,10000,paired seed; targets nested inside command
Single,GFE,L-BFGS-B,alpha_factor,0.01,delta_relative_gradient_l2,1,-1.2337440788976717e-05,,,20260908,10000,paired seed; targets nested inside command
Single,GFE,L-BFGS-B,alpha_factor,0.01,delta_objective_n_m,1,-1.504317158787516e-05,,,20260908,10000,paired seed; targets nested inside command
Single,GFE,L-BFGS-B,alpha_factor,0.01,delta_surrogate_residual_n,1,3.6686200639202534e-08,,,20260908,10000,paired seed; targets nested inside command
Single,GFE,L-BFGS-B,alpha_factor,0.01,delta_command_cosine_to_fixed_GFE,1,-1.7147872719558421e-06,,,20260908,10000,paired seed; targets nested inside command
Single,GFE,L-BFGS-B,alpha_factor,0.01,delta_field_cosine_to_fixed_GFE,1,-1.005617581761875e-06,,,20260908,10000,paired seed; targets nested inside command
Single,GFE,L-BFGS-B,alpha_factor,0.01,delta_worst_displacement_a,1,0.02813411548595606,,,20260908,10000,paired seed; targets nested inside command
Single,GFE,L-BFGS-B,alpha_factor,0.01,delta_minimum_stiffness_n_m,1,-9.876565222988014e-06,,,20260908,10000,paired seed; targets nested inside command
Single,GFE,L-BFGS-B,alpha_factor,0.01,delta_common_nominal_loss_std_n_m,0,,,,20260908,10000,paired seed; targets nested inside command
Single,GFE,L-BFGS-B,alpha_factor,0.03,delta_solve_wall_s,1,0.0025708000030135736,,,20260908,10000,paired seed; targets nested inside command
Single,GFE,L-BFGS-B,alpha_factor,0.03,delta_iterations,1,3.0,,,20260908,10000,paired seed; targets nested inside command
Single,GFE,L-BFGS-B,alpha_factor,0.03,delta_evaluations,1,4.0,,,20260908,10000,paired seed; targets nested inside command
Single,GFE,L-BFGS-B,alpha_factor,0.03,delta_terminal_gradient_l2,1,-2.6994014565452697e-08,,,20260908,10000,paired seed; targets nested inside command
Single,GFE,L-BFGS-B,alpha_factor,0.03,delta_terminal_gradient_inf,1,-5.197479783093397e-09,,,20260908,10000,paired seed; targets nested inside command
Single,GFE,L-BFGS-B,alpha_factor,0.03,delta_relative_gradient_l2,1,-5.9170888545149626e-05,,,20260908,10000,paired seed; targets nested inside command
Single,GFE,L-BFGS-B,alpha_factor,0.03,delta_objective_n_m,1,-1.4735675404012327e-05,,,20260908,10000,paired seed; targets nested inside command
Single,GFE,L-BFGS-B,alpha_factor,0.03,delta_surrogate_residual_n,1,3.5944982016231755e-08,,,20260908,10000,paired seed; targets nested inside command
Single,GFE,L-BFGS-B,alpha_factor,0.03,delta_command_cosine_to_fixed_GFE,1,-1.646097649854461e-06,,,20260908,10000,paired seed; targets nested inside command
Single,GFE,L-BFGS-B,alpha_factor,0.03,delta_field_cosine_to_fixed_GFE,1,-9.653739498904912e-07,,,20260908,10000,paired seed; targets nested inside command
Single,GFE,L-BFGS-B,alpha_factor,0.03,delta_worst_displacement_a,1,0.027598727374144212,,,20260908,10000,paired seed; targets nested inside command
Single,GFE,L-BFGS-B,alpha_factor,0.03,delta_minimum_stiffness_n_m,1,-9.068055712553591e-06,,,20260908,10000,paired seed; targets nested inside command
Single,GFE,L-BFGS-B,alpha_factor,0.03,delta_common_nominal_loss_std_n_m,0,,,,20260908,10000,paired seed; targets nested inside command
Single,GFE,L-BFGS-B,alpha_factor,0.1,delta_solve_wall_s,1,-0.00010849999671336263,,,20260908,10000,paired seed; targets nested inside command
Single,GFE,L-BFGS-B,alpha_factor,0.1,delta_iterations,1,0.0,,,20260908,10000,paired seed; targets nested inside command
Single,GFE,L-BFGS-B,alpha_factor,0.1,delta_evaluations,1,0.0,,,20260908,10000,paired seed; targets nested inside command
Single,GFE,L-BFGS-B,alpha_factor,0.1,delta_terminal_gradient_l2,1,-1.3182875141342015e-08,,,20260908,10000,paired seed; targets nested inside command
Single,GFE,L-BFGS-B,alpha_factor,0.1,delta_terminal_gradient_inf,1,-4.039632462633668e-10,,,20260908,10000,paired seed; targets nested inside command
Single,GFE,L-BFGS-B,alpha_factor,0.1,delta_relative_gradient_l2,1,-2.892379303243801e-05,,,20260908,10000,paired seed; targets nested inside command
Single,GFE,L-BFGS-B,alpha_factor,0.1,delta_objective_n_m,1,-1.3660603624718326e-05,,,20260908,10000,paired seed; targets nested inside command
Single,GFE,L-BFGS-B,alpha_factor,0.1,delta_surrogate_residual_n,1,3.3346408928444206e-08,,,20260908,10000,paired seed; targets nested inside command
Single,GFE,L-BFGS-B,alpha_factor,0.1,delta_command_cosine_to_fixed_GFE,1,-1.4164832218277468e-06,,,20260908,10000,paired seed; targets nested inside command
Single,GFE,L-BFGS-B,alpha_factor,0.1,delta_field_cosine_to_fixed_GFE,1,-8.307269160345854e-07,,,20260908,10000,paired seed; targets nested inside command
Single,GFE,L-BFGS-B,alpha_factor,0.1,delta_worst_displacement_a,1,0.025883436133801625,,,20260908,10000,paired seed; targets nested inside command
Single,GFE,L-BFGS-B,alpha_factor,0.1,delta_minimum_stiffness_n_m,1,-6.331727818213728e-06,,,20260908,10000,paired seed; targets nested inside command
Single,GFE,L-BFGS-B,alpha_factor,0.1,delta_common_nominal_loss_std_n_m,0,,,,20260908,10000,paired seed; targets nested inside command
Single,GFE,L-BFGS-B,alpha_factor,0.3,delta_solve_wall_s,1,0.00014080000983085483,,,20260908,10000,paired seed; targets nested inside command
Single,GFE,L-BFGS-B,alpha_factor,0.3,delta_iterations,1,2.0,,,20260908,10000,paired seed; targets nested inside command
Single,GFE,L-BFGS-B,alpha_factor,0.3,delta_evaluations,1,2.0,,,20260908,10000,paired seed; targets nested inside command
Single,GFE,L-BFGS-B,alpha_factor,0.3,delta_terminal_gradient_l2,1,-1.900045772165266e-08,,,20260908,10000,paired seed; targets nested inside command
Single,GFE,L-BFGS-B,alpha_factor,0.3,delta_terminal_gradient_inf,1,2.1002172517458163e-09,,,20260908,10000,paired seed; targets nested inside command
Single,GFE,L-BFGS-B,alpha_factor,0.3,delta_relative_gradient_l2,1,-4.165979395252691e-05,,,20260908,10000,paired seed; targets nested inside command
Single,GFE,L-BFGS-B,alpha_factor,0.3,delta_objective_n_m,1,-1.0598975414305434e-05,,,20260908,10000,paired seed; targets nested inside command
Single,GFE,L-BFGS-B,alpha_factor,0.3,delta_surrogate_residual_n,1,2.594424273872646e-08,,,20260908,10000,paired seed; targets nested inside command
Single,GFE,L-BFGS-B,alpha_factor,0.3,delta_command_cosine_to_fixed_GFE,1,-8.580552957049292e-07,,,20260908,10000,paired seed; targets nested inside command
Single,GFE,L-BFGS-B,alpha_factor,0.3,delta_field_cosine_to_fixed_GFE,1,-5.030498858582533e-07,,,20260908,10000,paired seed; targets nested inside command
Single,GFE,L-BFGS-B,alpha_factor,0.3,delta_worst_displacement_a,1,0.020370952279271083,,,20260908,10000,paired seed; targets nested inside command
Single,GFE,L-BFGS-B,alpha_factor,0.3,delta_minimum_stiffness_n_m,1,-1.476327918246978e-05,,,20260908,10000,paired seed; targets nested inside command
Single,GFE,L-BFGS-B,alpha_factor,0.3,delta_common_nominal_loss_std_n_m,0,,,,20260908,10000,paired seed; targets nested inside command
Single,GFE,L-BFGS-B,alpha_factor,1.0,delta_solve_wall_s,1,0.0,,,20260908,10000,paired seed; targets nested inside command
Single,GFE,L-BFGS-B,alpha_factor,1.0,delta_iterations,1,0.0,,,20260908,10000,paired seed; targets nested inside command
Single,GFE,L-BFGS-B,alpha_factor,1.0,delta_evaluations,1,0.0,,,20260908,10000,paired seed; targets nested inside command
Single,GFE,L-BFGS-B,alpha_factor,1.0,delta_terminal_gradient_l2,1,0.0,,,20260908,10000,paired seed; targets nested inside command
Single,GFE,L-BFGS-B,alpha_factor,1.0,delta_terminal_gradient_inf,1,0.0,,,20260908,10000,paired seed; targets nested inside command
Single,GFE,L-BFGS-B,alpha_factor,1.0,delta_relative_gradient_l2,1,0.0,,,20260908,10000,paired seed; targets nested inside command
Single,GFE,L-BFGS-B,alpha_factor,1.0,delta_objective_n_m,1,0.0,,,20260908,10000,paired seed; targets nested inside command
Single,GFE,L-BFGS-B,alpha_factor,1.0,delta_surrogate_residual_n,1,0.0,,,20260908,10000,paired seed; targets nested inside command
Single,GFE,L-BFGS-B,alpha_factor,1.0,delta_command_cosine_to_fixed_GFE,1,0.0,,,20260908,10000,paired seed; targets nested inside command
Single,GFE,L-BFGS-B,alpha_factor,1.0,delta_field_cosine_to_fixed_GFE,1,-6.661338147750939e-16,,,20260908,10000,paired seed; targets nested inside command
Single,GFE,L-BFGS-B,alpha_factor,1.0,delta_worst_displacement_a,1,0.0,,,20260908,10000,paired seed; targets nested inside command
Single,GFE,L-BFGS-B,alpha_factor,1.0,delta_minimum_stiffness_n_m,1,0.0,,,20260908,10000,paired seed; targets nested inside command
Single,GFE,L-BFGS-B,alpha_factor,1.0,delta_common_nominal_loss_std_n_m,0,,,,20260908,10000,paired seed; targets nested inside command
Single,GFE,L-BFGS-B,alpha_factor,3.0,delta_solve_wall_s,1,-0.0002781999937724322,,,20260908,10000,paired seed; targets nested inside command
Single,GFE,L-BFGS-B,alpha_factor,3.0,delta_iterations,1,3.0,,,20260908,10000,paired seed; targets nested inside command
Single,GFE,L-BFGS-B,alpha_factor,3.0,delta_evaluations,1,3.0,,,20260908,10000,paired seed; targets nested inside command
Single,GFE,L-BFGS-B,alpha_factor,3.0,delta_terminal_gradient_l2,1,-1.8447912974830564e-08,,,20260908,10000,paired seed; targets nested inside command
Single,GFE,L-BFGS-B,alpha_factor,3.0,delta_terminal_gradient_inf,1,-2.4597918199235566e-09,,,20260908,10000,paired seed; targets nested inside command
Single,GFE,L-BFGS-B,alpha_factor,3.0,delta_relative_gradient_l2,1,-4.0385261538793864e-05,,,20260908,10000,paired seed; targets nested inside command
Single,GFE,L-BFGS-B,alpha_factor,3.0,delta_objective_n_m,1,2.928219626632117e-05,,,20260908,10000,paired seed; targets nested inside command
Single,GFE,L-BFGS-B,alpha_factor,3.0,delta_surrogate_residual_n,1,-7.411964504752497e-08,,,20260908,10000,paired seed; targets nested inside command
Single,GFE,L-BFGS-B,alpha_factor,3.0,delta_command_cosine_to_fixed_GFE,1,-6.992675372741175e-06,,,20260908,10000,paired seed; targets nested inside command
Single,GFE,L-BFGS-B,alpha_factor,3.0,delta_field_cosine_to_fixed_GFE,1,-4.098791753337494e-06,,,20260908,10000,paired seed; targets nested inside command
Single,GFE,L-BFGS-B,alpha_factor,3.0,delta_worst_displacement_a,1,-0.04131308559045848,,,20260908,10000,paired seed; targets nested inside command
Single,GFE,L-BFGS-B,alpha_factor,3.0,delta_minimum_stiffness_n_m,1,-9.28785820585639e-06,,,20260908,10000,paired seed; targets nested inside command
Single,GFE,L-BFGS-B,alpha_factor,3.0,delta_common_nominal_loss_std_n_m,0,,,,20260908,10000,paired seed; targets nested inside command
Single,GFE,L-BFGS-B,alpha_factor,10.0,delta_solve_wall_s,1,2.3000029614195228e-06,,,20260908,10000,paired seed; targets nested inside command
Single,GFE,L-BFGS-B,alpha_factor,10.0,delta_iterations,1,4.0,,,20260908,10000,paired seed; targets nested inside command
Single,GFE,L-BFGS-B,alpha_factor,10.0,delta_evaluations,1,6.0,,,20260908,10000,paired seed; targets nested inside command
Single,GFE,L-BFGS-B,alpha_factor,10.0,delta_terminal_gradient_l2,1,-1.3376517808270042e-08,,,20260908,10000,paired seed; targets nested inside command
Single,GFE,L-BFGS-B,alpha_factor,10.0,delta_terminal_gradient_inf,1,9.981367975006827e-10,,,20260908,10000,paired seed; targets nested inside command
Single,GFE,L-BFGS-B,alpha_factor,10.0,delta_relative_gradient_l2,1,-2.9021641347171584e-05,,,20260908,10000,paired seed; targets nested inside command
Single,GFE,L-BFGS-B,alpha_factor,10.0,delta_objective_n_m,1,0.00012009815044540517,,,20260908,10000,paired seed; targets nested inside command
Single,GFE,L-BFGS-B,alpha_factor,10.0,delta_surrogate_residual_n,1,-3.3339870771089964e-07,,,20260908,10000,paired seed; targets nested inside command
Single,GFE,L-BFGS-B,alpha_factor,10.0,delta_command_cosine_to_fixed_GFE,1,-0.00014148820341786106,,,20260908,10000,paired seed; targets nested inside command
Single,GFE,L-BFGS-B,alpha_factor,10.0,delta_field_cosine_to_fixed_GFE,1,-8.276876924206977e-05,,,20260908,10000,paired seed; targets nested inside command
Single,GFE,L-BFGS-B,alpha_factor,10.0,delta_worst_displacement_a,1,0.14463348355557396,,,20260908,10000,paired seed; targets nested inside command
Single,GFE,L-BFGS-B,alpha_factor,10.0,delta_minimum_stiffness_n_m,1,-0.00018361049301752683,,,20260908,10000,paired seed; targets nested inside command
Single,GFE,L-BFGS-B,alpha_factor,10.0,delta_common_nominal_loss_std_n_m,0,,,,20260908,10000,paired seed; targets nested inside command
Single,GFE,L-BFGS-B,alpha_factor,30.0,delta_solve_wall_s,1,0.005502800006070174,,,20260908,10000,paired seed; targets nested inside command
Single,GFE,L-BFGS-B,alpha_factor,30.0,delta_iterations,1,47.0,,,20260908,10000,paired seed; targets nested inside command
Single,GFE,L-BFGS-B,alpha_factor,30.0,delta_evaluations,1,54.0,,,20260908,10000,paired seed; targets nested inside command
Single,GFE,L-BFGS-B,alpha_factor,30.0,delta_terminal_gradient_l2,1,-6.4314167545522656e-09,,,20260908,10000,paired seed; targets nested inside command
Single,GFE,L-BFGS-B,alpha_factor,30.0,delta_terminal_gradient_inf,1,5.639610270446024e-10,,,20260908,10000,paired seed; targets nested inside command
Single,GFE,L-BFGS-B,alpha_factor,30.0,delta_relative_gradient_l2,1,-1.2825689446184856e-05,,,20260908,10000,paired seed; targets nested inside command
Single,GFE,L-BFGS-B,alpha_factor,30.0,delta_objective_n_m,1,0.0002799898085893149,,,20260908,10000,paired seed; targets nested inside command
Single,GFE,L-BFGS-B,alpha_factor,30.0,delta_surrogate_residual_n,1,-1.0676208732817e-06,,,20260908,10000,paired seed; targets nested inside command
Single,GFE,L-BFGS-B,alpha_factor,30.0,delta_command_cosine_to_fixed_GFE,1,-0.0014532619921123757,,,20260908,10000,paired seed; targets nested inside command
Single,GFE,L-BFGS-B,alpha_factor,30.0,delta_field_cosine_to_fixed_GFE,1,-0.0008456275621777642,,,20260908,10000,paired seed; targets nested inside command
Single,GFE,L-BFGS-B,alpha_factor,30.0,delta_worst_displacement_a,1,0.6658705047395375,,,20260908,10000,paired seed; targets nested inside command
Single,GFE,L-BFGS-B,alpha_factor,30.0,delta_minimum_stiffness_n_m,1,-2.402111005426512e-05,,,20260908,10000,paired seed; targets nested inside command
Single,GFE,L-BFGS-B,alpha_factor,30.0,delta_common_nominal_loss_std_n_m,0,,,,20260908,10000,paired seed; targets nested inside command
Single,GFE,L-BFGS-B,alpha_factor,100.0,delta_solve_wall_s,1,0.038545500006875955,,,20260908,10000,paired seed; targets nested inside command
Single,GFE,L-BFGS-B,alpha_factor,100.0,delta_iterations,1,244.0,,,20260908,10000,paired seed; targets nested inside command
Single,GFE,L-BFGS-B,alpha_factor,100.0,delta_evaluations,1,442.0,,,20260908,10000,paired seed; targets nested inside command
Single,GFE,L-BFGS-B,alpha_factor,100.0,delta_terminal_gradient_l2,1,0.005731650423483719,,,20260908,10000,paired seed; targets nested inside command
Single,GFE,L-BFGS-B,alpha_factor,100.0,delta_terminal_gradient_inf,1,0.0007076377696266775,,,20260908,10000,paired seed; targets nested inside command
Single,GFE,L-BFGS-B,alpha_factor,100.0,delta_relative_gradient_l2,1,13.364308108303348,,,20260908,10000,paired seed; targets nested inside command
Single,GFE,L-BFGS-B,alpha_factor,100.0,delta_objective_n_m,1,0.0004235178557781896,,,20260908,10000,paired seed; targets nested inside command
Single,GFE,L-BFGS-B,alpha_factor,100.0,delta_surrogate_residual_n,1,-1.50116834911691e-06,,,20260908,10000,paired seed; targets nested inside command
Single,GFE,L-BFGS-B,alpha_factor,100.0,delta_command_cosine_to_fixed_GFE,1,-0.004552870672930864,,,20260908,10000,paired seed; targets nested inside command
Single,GFE,L-BFGS-B,alpha_factor,100.0,delta_field_cosine_to_fixed_GFE,1,-0.0019311273533421103,,,20260908,10000,paired seed; targets nested inside command
Single,GFE,L-BFGS-B,alpha_factor,100.0,delta_worst_displacement_a,1,0.9611916834324392,,,20260908,10000,paired seed; targets nested inside command
Single,GFE,L-BFGS-B,alpha_factor,100.0,delta_minimum_stiffness_n_m,1,-0.00012993751299128498,,,20260908,10000,paired seed; targets nested inside command
Single,GFE,L-BFGS-B,alpha_factor,100.0,delta_common_nominal_loss_std_n_m,0,,,,20260908,10000,paired seed; targets nested inside command
Single,GFE,L-BFGS-B,axial_ratio_factor,0.1,delta_solve_wall_s,1,-0.0008289999968837947,,,20260908,10000,paired seed; targets nested inside command
Single,GFE,L-BFGS-B,axial_ratio_factor,0.1,delta_iterations,1,-3.0,,,20260908,10000,paired seed; targets nested inside command
Single,GFE,L-BFGS-B,axial_ratio_factor,0.1,delta_evaluations,1,-4.0,,,20260908,10000,paired seed; targets nested inside command
Single,GFE,L-BFGS-B,axial_ratio_factor,0.1,delta_terminal_gradient_l2,1,-1.2338916332397866e-08,,,20260908,10000,paired seed; targets nested inside command
Single,GFE,L-BFGS-B,axial_ratio_factor,0.1,delta_terminal_gradient_inf,1,7.541427329104342e-10,,,20260908,10000,paired seed; targets nested inside command
Single,GFE,L-BFGS-B,axial_ratio_factor,0.1,delta_relative_gradient_l2,1,-3.811549469587054e-05,,,20260908,10000,paired seed; targets nested inside command
Single,GFE,L-BFGS-B,axial_ratio_factor,0.1,delta_objective_n_m,1,-0.02253396700064792,,,20260908,10000,paired seed; targets nested inside command
Single,GFE,L-BFGS-B,axial_ratio_factor,0.1,delta_surrogate_residual_n,1,2.1923593376783808e-07,,,20260908,10000,paired seed; targets nested inside command
Single,GFE,L-BFGS-B,axial_ratio_factor,0.1,delta_command_cosine_to_fixed_GFE,1,-0.00014453019158178204,,,20260908,10000,paired seed; targets nested inside command
Single,GFE,L-BFGS-B,axial_ratio_factor,0.1,delta_field_cosine_to_fixed_GFE,1,-5.888473649573456e-05,,,20260908,10000,paired seed; targets nested inside command
Single,GFE,L-BFGS-B,axial_ratio_factor,0.1,delta_worst_displacement_a,1,0.15306504874531285,,,20260908,10000,paired seed; targets nested inside command
Single,GFE,L-BFGS-B,axial_ratio_factor,0.1,delta_minimum_stiffness_n_m,1,-0.00011391218730234711,,,20260908,10000,paired seed; targets nested inside command
Single,GFE,L-BFGS-B,axial_ratio_factor,0.1,delta_common_nominal_loss_std_n_m,0,,,,20260908,10000,paired seed; targets nested inside command
Single,GFE,L-BFGS-B,axial_ratio_factor,0.3,delta_solve_wall_s,1,-0.00039000000106170774,,,20260908,10000,paired seed; targets nested inside command
Single,GFE,L-BFGS-B,axial_ratio_factor,0.3,delta_iterations,1,-2.0,,,20260908,10000,paired seed; targets nested inside command
Single,GFE,L-BFGS-B,axial_ratio_factor,0.3,delta_evaluations,1,-1.0,,,20260908,10000,paired seed; targets nested inside command
Single,GFE,L-BFGS-B,axial_ratio_factor,0.3,delta_terminal_gradient_l2,1,-2.182378652941777e-08,,,20260908,10000,paired seed; targets nested inside command
Single,GFE,L-BFGS-B,axial_ratio_factor,0.3,delta_terminal_gradient_inf,1,-2.487109584464216e-09,,,20260908,10000,paired seed; targets nested inside command
Single,GFE,L-BFGS-B,axial_ratio_factor,0.3,delta_relative_gradient_l2,1,-5.19481507307935e-05,,,20260908,10000,paired seed; targets nested inside command
Single,GFE,L-BFGS-B,axial_ratio_factor,0.3,delta_objective_n_m,1,-0.015999269094856335,,,20260908,10000,paired seed; targets nested inside command
Single,GFE,L-BFGS-B,axial_ratio_factor,0.3,delta_surrogate_residual_n,1,1.6502144366229027e-07,,,20260908,10000,paired seed; targets nested inside command
Single,GFE,L-BFGS-B,axial_ratio_factor,0.3,delta_command_cosine_to_fixed_GFE,1,-8.264593446760671e-05,,,20260908,10000,paired seed; targets nested inside command
Single,GFE,L-BFGS-B,axial_ratio_factor,0.3,delta_field_cosine_to_fixed_GFE,1,-3.3250592065603435e-05,,,20260908,10000,paired seed; targets nested inside command
Single,GFE,L-BFGS-B,axial_ratio_factor,0.3,delta_worst_displacement_a,1,0.11217454492831799,,,20260908,10000,paired seed; targets nested inside command
Single,GFE,L-BFGS-B,axial_ratio_factor,0.3,delta_minimum_stiffness_n_m,1,-5.626776695080845e-05,,,20260908,10000,paired seed; targets nested inside command
Single,GFE,L-BFGS-B,axial_ratio_factor,0.3,delta_common_nominal_loss_std_n_m,0,,,,20260908,10000,paired seed; targets nested inside command
Single,GFE,L-BFGS-B,axial_ratio_factor,0.5,delta_solve_wall_s,1,-0.0006770999898435548,,,20260908,10000,paired seed; targets nested inside command
Single,GFE,L-BFGS-B,axial_ratio_factor,0.5,delta_iterations,1,1.0,,,20260908,10000,paired seed; targets nested inside command
Single,GFE,L-BFGS-B,axial_ratio_factor,0.5,delta_evaluations,1,2.0,,,20260908,10000,paired seed; targets nested inside command
Single,GFE,L-BFGS-B,axial_ratio_factor,0.5,delta_terminal_gradient_l2,1,-1.7037019991351256e-08,,,20260908,10000,paired seed; targets nested inside command
Single,GFE,L-BFGS-B,axial_ratio_factor,0.5,delta_terminal_gradient_inf,1,6.104549587291961e-10,,,20260908,10000,paired seed; targets nested inside command
Single,GFE,L-BFGS-B,axial_ratio_factor,0.5,delta_relative_gradient_l2,1,-4.16804715537792e-05,,,20260908,10000,paired seed; targets nested inside command
Single,GFE,L-BFGS-B,axial_ratio_factor,0.5,delta_objective_n_m,1,-0.010511853081151427,,,20260908,10000,paired seed; targets nested inside command
Single,GFE,L-BFGS-B,axial_ratio_factor,0.5,delta_surrogate_residual_n,1,1.1422086063556542e-07,,,20260908,10000,paired seed; targets nested inside command
Single,GFE,L-BFGS-B,axial_ratio_factor,0.5,delta_command_cosine_to_fixed_GFE,1,-3.9985495838390506e-05,,,20260908,10000,paired seed; targets nested inside command
Single,GFE,L-BFGS-B,axial_ratio_factor,0.5,delta_field_cosine_to_fixed_GFE,1,-1.588118724427101e-05,,,20260908,10000,paired seed; targets nested inside command
Single,GFE,L-BFGS-B,axial_ratio_factor,0.5,delta_worst_displacement_a,1,0.07415749701272578,,,20260908,10000,paired seed; targets nested inside command
Single,GFE,L-BFGS-B,axial_ratio_factor,0.5,delta_minimum_stiffness_n_m,1,-5.0581245270453316e-05,,,20260908,10000,paired seed; targets nested inside command
Single,GFE,L-BFGS-B,axial_ratio_factor,0.5,delta_common_nominal_loss_std_n_m,0,,,,20260908,10000,paired seed; targets nested inside command
Single,GFE,L-BFGS-B,axial_ratio_factor,1.0,delta_solve_wall_s,1,0.0,,,20260908,10000,paired seed; targets nested inside command
Single,GFE,L-BFGS-B,axial_ratio_factor,1.0,delta_iterations,1,0.0,,,20260908,10000,paired seed; targets nested inside command
Single,GFE,L-BFGS-B,axial_ratio_factor,1.0,delta_evaluations,1,0.0,,,20260908,10000,paired seed; targets nested inside command
Single,GFE,L-BFGS-B,axial_ratio_factor,1.0,delta_terminal_gradient_l2,1,0.0,,,20260908,10000,paired seed; targets nested inside command
Single,GFE,L-BFGS-B,axial_ratio_factor,1.0,delta_terminal_gradient_inf,1,0.0,,,20260908,10000,paired seed; targets nested inside command
Single,GFE,L-BFGS-B,axial_ratio_factor,1.0,delta_relative_gradient_l2,1,0.0,,,20260908,10000,paired seed; targets nested inside command
Single,GFE,L-BFGS-B,axial_ratio_factor,1.0,delta_objective_n_m,1,0.0,,,20260908,10000,paired seed; targets nested inside command
Single,GFE,L-BFGS-B,axial_ratio_factor,1.0,delta_surrogate_residual_n,1,0.0,,,20260908,10000,paired seed; targets nested inside command
Single,GFE,L-BFGS-B,axial_ratio_factor,1.0,delta_command_cosine_to_fixed_GFE,1,0.0,,,20260908,10000,paired seed; targets nested inside command
Single,GFE,L-BFGS-B,axial_ratio_factor,1.0,delta_field_cosine_to_fixed_GFE,1,-6.661338147750939e-16,,,20260908,10000,paired seed; targets nested inside command
Single,GFE,L-BFGS-B,axial_ratio_factor,1.0,delta_worst_displacement_a,1,0.0,,,20260908,10000,paired seed; targets nested inside command
Single,GFE,L-BFGS-B,axial_ratio_factor,1.0,delta_minimum_stiffness_n_m,1,0.0,,,20260908,10000,paired seed; targets nested inside command
Single,GFE,L-BFGS-B,axial_ratio_factor,1.0,delta_common_nominal_loss_std_n_m,0,,,,20260908,10000,paired seed; targets nested inside command
Single,GFE,L-BFGS-B,axial_ratio_factor,2.0,delta_solve_wall_s,1,-0.0010426999942865223,,,20260908,10000,paired seed; targets nested inside command
Single,GFE,L-BFGS-B,axial_ratio_factor,2.0,delta_iterations,1,-1.0,,,20260908,10000,paired seed; targets nested inside command
Single,GFE,L-BFGS-B,axial_ratio_factor,2.0,delta_evaluations,1,-1.0,,,20260908,10000,paired seed; targets nested inside command
Single,GFE,L-BFGS-B,axial_ratio_factor,2.0,delta_terminal_gradient_l2,1,-1.3478974371629713e-08,,,20260908,10000,paired seed; targets nested inside command
Single,GFE,L-BFGS-B,axial_ratio_factor,2.0,delta_terminal_gradient_inf,1,-1.0792016891350868e-09,,,20260908,10000,paired seed; targets nested inside command
Single,GFE,L-BFGS-B,axial_ratio_factor,2.0,delta_relative_gradient_l2,1,-2.147192018676759e-05,,,20260908,10000,paired seed; targets nested inside command
Single,GFE,L-BFGS-B,axial_ratio_factor,2.0,delta_objective_n_m,1,0.013124314695621198,,,20260908,10000,paired seed; targets nested inside command
Single,GFE,L-BFGS-B,axial_ratio_factor,2.0,delta_surrogate_residual_n,1,-1.8608643148820884e-07,,,20260908,10000,paired seed; targets nested inside command
Single,GFE,L-BFGS-B,axial_ratio_factor,2.0,delta_command_cosine_to_fixed_GFE,1,-0.00011520986777024955,,,20260908,10000,paired seed; targets nested inside command
Single,GFE,L-BFGS-B,axial_ratio_factor,2.0,delta_field_cosine_to_fixed_GFE,1,-4.138474987092078e-05,,,20260908,10000,paired seed; targets nested inside command
Single,GFE,L-BFGS-B,axial_ratio_factor,2.0,delta_worst_displacement_a,1,0.03456030304789557,,,20260908,10000,paired seed; targets nested inside command
Single,GFE,L-BFGS-B,axial_ratio_factor,2.0,delta_minimum_stiffness_n_m,1,-0.00011721634460326678,,,20260908,10000,paired seed; targets nested inside command
Single,GFE,L-BFGS-B,axial_ratio_factor,2.0,delta_common_nominal_loss_std_n_m,0,,,,20260908,10000,paired seed; targets nested inside command
Single,GFE,L-BFGS-B,axial_ratio_factor,3.0,delta_solve_wall_s,1,-0.0009170999983325601,,,20260908,10000,paired seed; targets nested inside command
Single,GFE,L-BFGS-B,axial_ratio_factor,3.0,delta_iterations,1,1.0,,,20260908,10000,paired seed; targets nested inside command
Single,GFE,L-BFGS-B,axial_ratio_factor,3.0,delta_evaluations,1,0.0,,,20260908,10000,paired seed; targets nested inside command
Single,GFE,L-BFGS-B,axial_ratio_factor,3.0,delta_terminal_gradient_l2,1,-6.120322243675075e-09,,,20260908,10000,paired seed; targets nested inside command
Single,GFE,L-BFGS-B,axial_ratio_factor,3.0,delta_terminal_gradient_inf,1,1.7799511434250616e-09,,,20260908,10000,paired seed; targets nested inside command
Single,GFE,L-BFGS-B,axial_ratio_factor,3.0,delta_relative_gradient_l2,1,4.797481641391173e-06,,,20260908,10000,paired seed; targets nested inside command
Single,GFE,L-BFGS-B,axial_ratio_factor,3.0,delta_objective_n_m,1,0.020985450788076225,,,20260908,10000,paired seed; targets nested inside command
Single,GFE,L-BFGS-B,axial_ratio_factor,3.0,delta_surrogate_residual_n,1,-3.3217385049745904e-07,,,20260908,10000,paired seed; targets nested inside command
Single,GFE,L-BFGS-B,axial_ratio_factor,3.0,delta_command_cosine_to_fixed_GFE,1,-0.00038932308771622015,,,20260908,10000,paired seed; targets nested inside command
Single,GFE,L-BFGS-B,axial_ratio_factor,3.0,delta_field_cosine_to_fixed_GFE,1,-0.00013077146599715928,,,20260908,10000,paired seed; targets nested inside command
Single,GFE,L-BFGS-B,axial_ratio_factor,3.0,delta_worst_displacement_a,1,0.1391357349494905,,,20260908,10000,paired seed; targets nested inside command
Single,GFE,L-BFGS-B,axial_ratio_factor,3.0,delta_minimum_stiffness_n_m,1,-0.00019584400232890153,,,20260908,10000,paired seed; targets nested inside command
Single,GFE,L-BFGS-B,axial_ratio_factor,3.0,delta_common_nominal_loss_std_n_m,0,,,,20260908,10000,paired seed; targets nested inside command
Single,GFE,L-BFGS-B,axial_ratio_factor,10.0,delta_solve_wall_s,1,0.0002437999937683344,,,20260908,10000,paired seed; targets nested inside command
Single,GFE,L-BFGS-B,axial_ratio_factor,10.0,delta_iterations,1,2.0,,,20260908,10000,paired seed; targets nested inside command
Single,GFE,L-BFGS-B,axial_ratio_factor,10.0,delta_evaluations,1,7.0,,,20260908,10000,paired seed; targets nested inside command
Single,GFE,L-BFGS-B,axial_ratio_factor,10.0,delta_terminal_gradient_l2,1,-2.0828774886456324e-08,,,20260908,10000,paired seed; targets nested inside command
Single,GFE,L-BFGS-B,axial_ratio_factor,10.0,delta_terminal_gradient_inf,1,-2.155954948884078e-09,,,20260908,10000,paired seed; targets nested inside command
Single,GFE,L-BFGS-B,axial_ratio_factor,10.0,delta_relative_gradient_l2,1,-3.58625866863894e-05,,,20260908,10000,paired seed; targets nested inside command
Single,GFE,L-BFGS-B,axial_ratio_factor,10.0,delta_objective_n_m,1,0.03922993661717964,,,20260908,10000,paired seed; targets nested inside command
Single,GFE,L-BFGS-B,axial_ratio_factor,10.0,delta_surrogate_residual_n,1,-8.64811608648504e-07,,,20260908,10000,paired seed; targets nested inside command
Single,GFE,L-BFGS-B,axial_ratio_factor,10.0,delta_command_cosine_to_fixed_GFE,1,-0.0038103214630330617,,,20260908,10000,paired seed; targets nested inside command
Single,GFE,L-BFGS-B,axial_ratio_factor,10.0,delta_field_cosine_to_fixed_GFE,1,-0.0008702409172953729,,,20260908,10000,paired seed; targets nested inside command
Single,GFE,L-BFGS-B,axial_ratio_factor,10.0,delta_worst_displacement_a,1,0.5029265524325731,,,20260908,10000,paired seed; targets nested inside command
Single,GFE,L-BFGS-B,axial_ratio_factor,10.0,delta_minimum_stiffness_n_m,1,-0.00013713627554686738,,,20260908,10000,paired seed; targets nested inside command
Single,GFE,L-BFGS-B,axial_ratio_factor,10.0,delta_common_nominal_loss_std_n_m,0,,,,20260908,10000,paired seed; targets nested inside command
Single,GFE,L-BFGS-B,gtol,1e-10,delta_solve_wall_s,1,7.800001185387373e-05,,,20260908,10000,paired seed; targets nested inside command
Single,GFE,L-BFGS-B,gtol,1e-10,delta_iterations,1,6.0,,,20260908,10000,paired seed; targets nested inside command
Single,GFE,L-BFGS-B,gtol,1e-10,delta_evaluations,1,7.0,,,20260908,10000,paired seed; targets nested inside command
Single,GFE,L-BFGS-B,gtol,1e-10,delta_terminal_gradient_l2,1,-3.081077045429053e-08,,,20260908,10000,paired seed; targets nested inside command
Single,GFE,L-BFGS-B,gtol,1e-10,delta_terminal_gradient_inf,1,-6.280797920077364e-09,,,20260908,10000,paired seed; targets nested inside command
Single,GFE,L-BFGS-B,gtol,1e-10,delta_relative_gradient_l2,1,-6.752878691160423e-05,,,20260908,10000,paired seed; targets nested inside command
Single,GFE,L-BFGS-B,gtol,1e-10,delta_objective_n_m,1,-8.398282069776997e-13,,,20260908,10000,paired seed; targets nested inside command
Single,GFE,L-BFGS-B,gtol,1e-10,delta_surrogate_residual_n,1,1.1163743907051453e-12,,,20260908,10000,paired seed; targets nested inside command
Single,GFE,L-BFGS-B,gtol,1e-10,delta_command_cosine_to_fixed_GFE,1,-1.136502003618034e-11,,,20260908,10000,paired seed; targets nested inside command
Single,GFE,L-BFGS-B,gtol,1e-10,delta_field_cosine_to_fixed_GFE,1,-3.49265061316828e-12,,,20260908,10000,paired seed; targets nested inside command
Single,GFE,L-BFGS-B,gtol,1e-10,delta_worst_displacement_a,1,1.7155684938763294e-06,,,20260908,10000,paired seed; targets nested inside command
Single,GFE,L-BFGS-B,gtol,1e-10,delta_minimum_stiffness_n_m,1,-8.507501218259217e-09,,,20260908,10000,paired seed; targets nested inside command
Single,GFE,L-BFGS-B,gtol,1e-10,delta_common_nominal_loss_std_n_m,0,,,,20260908,10000,paired seed; targets nested inside command
Single,GFE,L-BFGS-B,gtol,1e-09,delta_solve_wall_s,1,0.000410699998610653,,,20260908,10000,paired seed; targets nested inside command
Single,GFE,L-BFGS-B,gtol,1e-09,delta_iterations,1,3.0,,,20260908,10000,paired seed; targets nested inside command
Single,GFE,L-BFGS-B,gtol,1e-09,delta_evaluations,1,3.0,,,20260908,10000,paired seed; targets nested inside command
Single,GFE,L-BFGS-B,gtol,1e-09,delta_terminal_gradient_l2,1,-2.983413465742201e-08,,,20260908,10000,paired seed; targets nested inside command
Single,GFE,L-BFGS-B,gtol,1e-09,delta_terminal_gradient_inf,1,-5.4550439241875906e-09,,,20260908,10000,paired seed; targets nested inside command
Single,GFE,L-BFGS-B,gtol,1e-09,delta_relative_gradient_l2,1,-6.538826820192703e-05,,,20260908,10000,paired seed; targets nested inside command
Single,GFE,L-BFGS-B,gtol,1e-09,delta_objective_n_m,1,-8.362269210415718e-13,,,20260908,10000,paired seed; targets nested inside command
Single,GFE,L-BFGS-B,gtol,1e-09,delta_surrogate_residual_n,1,2.7954313727845416e-13,,,20260908,10000,paired seed; targets nested inside command
Single,GFE,L-BFGS-B,gtol,1e-09,delta_command_cosine_to_fixed_GFE,1,-1.0820122575694313e-11,,,20260908,10000,paired seed; targets nested inside command
Single,GFE,L-BFGS-B,gtol,1e-09,delta_field_cosine_to_fixed_GFE,1,-3.3992808567973043e-12,,,20260908,10000,paired seed; targets nested inside command
Single,GFE,L-BFGS-B,gtol,1e-09,delta_worst_displacement_a,1,9.988891139373068e-07,,,20260908,10000,paired seed; targets nested inside command
Single,GFE,L-BFGS-B,gtol,1e-09,delta_minimum_stiffness_n_m,1,-5.241631780093098e-09,,,20260908,10000,paired seed; targets nested inside command
Single,GFE,L-BFGS-B,gtol,1e-09,delta_common_nominal_loss_std_n_m,0,,,,20260908,10000,paired seed; targets nested inside command
Single,GFE,L-BFGS-B,gtol,1e-08,delta_solve_wall_s,1,0.0,,,20260908,10000,paired seed; targets nested inside command
Single,GFE,L-BFGS-B,gtol,1e-08,delta_iterations,1,0.0,,,20260908,10000,paired seed; targets nested inside command
Single,GFE,L-BFGS-B,gtol,1e-08,delta_evaluations,1,0.0,,,20260908,10000,paired seed; targets nested inside command
Single,GFE,L-BFGS-B,gtol,1e-08,delta_terminal_gradient_l2,1,0.0,,,20260908,10000,paired seed; targets nested inside command
Single,GFE,L-BFGS-B,gtol,1e-08,delta_terminal_gradient_inf,1,0.0,,,20260908,10000,paired seed; targets nested inside command
Single,GFE,L-BFGS-B,gtol,1e-08,delta_relative_gradient_l2,1,0.0,,,20260908,10000,paired seed; targets nested inside command
Single,GFE,L-BFGS-B,gtol,1e-08,delta_objective_n_m,1,0.0,,,20260908,10000,paired seed; targets nested inside command
Single,GFE,L-BFGS-B,gtol,1e-08,delta_surrogate_residual_n,1,0.0,,,20260908,10000,paired seed; targets nested inside command
Single,GFE,L-BFGS-B,gtol,1e-08,delta_command_cosine_to_fixed_GFE,1,0.0,,,20260908,10000,paired seed; targets nested inside command
Single,GFE,L-BFGS-B,gtol,1e-08,delta_field_cosine_to_fixed_GFE,1,-6.661338147750939e-16,,,20260908,10000,paired seed; targets nested inside command
Single,GFE,L-BFGS-B,gtol,1e-08,delta_worst_displacement_a,1,0.0,,,20260908,10000,paired seed; targets nested inside command
Single,GFE,L-BFGS-B,gtol,1e-08,delta_minimum_stiffness_n_m,1,0.0,,,20260908,10000,paired seed; targets nested inside command
Single,GFE,L-BFGS-B,gtol,1e-08,delta_common_nominal_loss_std_n_m,0,,,,20260908,10000,paired seed; targets nested inside command
Single,GFE,L-BFGS-B,gtol,1e-07,delta_solve_wall_s,1,0.001094899998861365,,,20260908,10000,paired seed; targets nested inside command
Single,GFE,L-BFGS-B,gtol,1e-07,delta_iterations,1,-1.0,,,20260908,10000,paired seed; targets nested inside command
Single,GFE,L-BFGS-B,gtol,1e-07,delta_evaluations,1,-1.0,,,20260908,10000,paired seed; targets nested inside command
Single,GFE,L-BFGS-B,gtol,1e-07,delta_terminal_gradient_l2,1,6.854951321211245e-08,,,20260908,10000,paired seed; targets nested inside command
Single,GFE,L-BFGS-B,gtol,1e-07,delta_terminal_gradient_inf,1,5.761150810723542e-08,,,20260908,10000,paired seed; targets nested inside command
Single,GFE,L-BFGS-B,gtol,1e-07,delta_relative_gradient_l2,1,0.00015024179539626942,,,20260908,10000,paired seed; targets nested inside command
Single,GFE,L-BFGS-B,gtol,1e-07,delta_objective_n_m,1,2.2204481309184843e-11,,,20260908,10000,paired seed; targets nested inside command
Single,GFE,L-BFGS-B,gtol,1e-07,delta_surrogate_residual_n,1,-2.8391494147766034e-11,,,20260908,10000,paired seed; targets nested inside command
Single,GFE,L-BFGS-B,gtol,1e-07,delta_command_cosine_to_fixed_GFE,1,-4.053112290236527e-10,,,20260908,10000,paired seed; targets nested inside command
Single,GFE,L-BFGS-B,gtol,1e-07,delta_field_cosine_to_fixed_GFE,1,-1.0606382438993478e-10,,,20260908,10000,paired seed; targets nested inside command
Single,GFE,L-BFGS-B,gtol,1e-07,delta_worst_displacement_a,1,-2.600237826924645e-05,,,20260908,10000,paired seed; targets nested inside command
Single,GFE,L-BFGS-B,gtol,1e-07,delta_minimum_stiffness_n_m,1,1.19907323294869e-07,,,20260908,10000,paired seed; targets nested inside command
Single,GFE,L-BFGS-B,gtol,1e-07,delta_common_nominal_loss_std_n_m,0,,,,20260908,10000,paired seed; targets nested inside command
Single,GFE,L-BFGS-B,gtol,1e-06,delta_solve_wall_s,1,-0.001969199991435744,,,20260908,10000,paired seed; targets nested inside command
Single,GFE,L-BFGS-B,gtol,1e-06,delta_iterations,1,-14.0,,,20260908,10000,paired seed; targets nested inside command
Single,GFE,L-BFGS-B,gtol,1e-06,delta_evaluations,1,-14.0,,,20260908,10000,paired seed; targets nested inside command
Single,GFE,L-BFGS-B,gtol,1e-06,delta_terminal_gradient_l2,1,2.96397784240883e-06,,,20260908,10000,paired seed; targets nested inside command
Single,GFE,L-BFGS-B,gtol,1e-06,delta_terminal_gradient_inf,1,6.720929638138124e-07,,,20260908,10000,paired seed; targets nested inside command
Single,GFE,L-BFGS-B,gtol,1e-06,delta_relative_gradient_l2,1,0.006496229246447491,,,20260908,10000,paired seed; targets nested inside command
Single,GFE,L-BFGS-B,gtol,1e-06,delta_objective_n_m,1,9.371258687593254e-07,,,20260908,10000,paired seed; targets nested inside command
Single,GFE,L-BFGS-B,gtol,1e-06,delta_surrogate_residual_n,1,4.5771119244303785e-09,,,20260908,10000,paired seed; targets nested inside command
Single,GFE,L-BFGS-B,gtol,1e-06,delta_command_cosine_to_fixed_GFE,1,-1.0482457347027463e-05,,,20260908,10000,paired seed; targets nested inside command
Single,GFE,L-BFGS-B,gtol,1e-06,delta_field_cosine_to_fixed_GFE,1,-2.701656521830742e-07,,,20260908,10000,paired seed; targets nested inside command
Single,GFE,L-BFGS-B,gtol,1e-06,delta_worst_displacement_a,1,0.003361692870915728,,,20260908,10000,paired seed; targets nested inside command
Single,GFE,L-BFGS-B,gtol,1e-06,delta_minimum_stiffness_n_m,1,-1.201147489835212e-05,,,20260908,10000,paired seed; targets nested inside command
Single,GFE,L-BFGS-B,gtol,1e-06,delta_common_nominal_loss_std_n_m,0,,,,20260908,10000,paired seed; targets nested inside command
Single,GFE,L-BFGS-B,stencil_factor,0.25,delta_solve_wall_s,1,0.00020580001000780612,,,20260908,10000,paired seed; targets nested inside command
Single,GFE,L-BFGS-B,stencil_factor,0.25,delta_iterations,1,-2.0,,,20260908,10000,paired seed; targets nested inside command
Single,GFE,L-BFGS-B,stencil_factor,0.25,delta_evaluations,1,2.0,,,20260908,10000,paired seed; targets nested inside command
Single,GFE,L-BFGS-B,stencil_factor,0.25,delta_terminal_gradient_l2,1,-1.6312776063149324e-08,,,20260908,10000,paired seed; targets nested inside command
Single,GFE,L-BFGS-B,stencil_factor,0.25,delta_terminal_gradient_inf,1,6.582996283263637e-10,,,20260908,10000,paired seed; targets nested inside command
Single,GFE,L-BFGS-B,stencil_factor,0.25,delta_relative_gradient_l2,1,-3.5631956943793803e-05,,,20260908,10000,paired seed; targets nested inside command
Single,GFE,L-BFGS-B,stencil_factor,0.25,delta_objective_n_m,1,-0.00816396936033214,,,20260908,10000,paired seed; targets nested inside command
Single,GFE,L-BFGS-B,stencil_factor,0.25,delta_surrogate_residual_n,1,4.274039230091281e-07,,,20260908,10000,paired seed; targets nested inside command
Single,GFE,L-BFGS-B,stencil_factor,0.25,delta_command_cosine_to_fixed_GFE,1,-0.01413606262967515,,,20260908,10000,paired seed; targets nested inside command
Single,GFE,L-BFGS-B,stencil_factor,0.25,delta_field_cosine_to_fixed_GFE,1,-0.0001624306443580581,,,20260908,10000,paired seed; targets nested inside command
Single,GFE,L-BFGS-B,stencil_factor,0.25,delta_worst_displacement_a,1,0.0394249295929875,,,20260908,10000,paired seed; targets nested inside command
Single,GFE,L-BFGS-B,stencil_factor,0.25,delta_minimum_stiffness_n_m,1,-8.565705271702589e-05,,,20260908,10000,paired seed; targets nested inside command
Single,GFE,L-BFGS-B,stencil_factor,0.25,delta_common_nominal_loss_std_n_m,0,,,,20260908,10000,paired seed; targets nested inside command
Single,GFE,L-BFGS-B,stencil_factor,0.5,delta_solve_wall_s,1,-0.00036890000046696514,,,20260908,10000,paired seed; targets nested inside command
Single,GFE,L-BFGS-B,stencil_factor,0.5,delta_iterations,1,-4.0,,,20260908,10000,paired seed; targets nested inside command
Single,GFE,L-BFGS-B,stencil_factor,0.5,delta_evaluations,1,-1.0,,,20260908,10000,paired seed; targets nested inside command
Single,GFE,L-BFGS-B,stencil_factor,0.5,delta_terminal_gradient_l2,1,-1.6782860043960888e-08,,,20260908,10000,paired seed; targets nested inside command
Single,GFE,L-BFGS-B,stencil_factor,0.5,delta_terminal_gradient_inf,1,1.8677041717775105e-09,,,20260908,10000,paired seed; targets nested inside command
Single,GFE,L-BFGS-B,stencil_factor,0.5,delta_relative_gradient_l2,1,-3.5260964068250284e-05,,,20260908,10000,paired seed; targets nested inside command
Single,GFE,L-BFGS-B,stencil_factor,0.5,delta_objective_n_m,1,-0.002620560983157681,,,20260908,10000,paired seed; targets nested inside command
Single,GFE,L-BFGS-B,stencil_factor,0.5,delta_surrogate_residual_n,1,1.7290793837224077e-08,,,20260908,10000,paired seed; targets nested inside command
Single,GFE,L-BFGS-B,stencil_factor,0.5,delta_command_cosine_to_fixed_GFE,1,-0.005070806100180625,,,20260908,10000,paired seed; targets nested inside command
Single,GFE,L-BFGS-B,stencil_factor,0.5,delta_field_cosine_to_fixed_GFE,1,-0.00013781762532627528,,,20260908,10000,paired seed; targets nested inside command
Single,GFE,L-BFGS-B,stencil_factor,0.5,delta_worst_displacement_a,1,-0.006201195828844888,,,20260908,10000,paired seed; targets nested inside command
Single,GFE,L-BFGS-B,stencil_factor,0.5,delta_minimum_stiffness_n_m,1,-0.00010544326493986539,,,20260908,10000,paired seed; targets nested inside command
Single,GFE,L-BFGS-B,stencil_factor,0.5,delta_common_nominal_loss_std_n_m,0,,,,20260908,10000,paired seed; targets nested inside command
Single,GFE,L-BFGS-B,stencil_factor,0.75,delta_solve_wall_s,1,-0.0004346999921835959,,,20260908,10000,paired seed; targets nested inside command
Single,GFE,L-BFGS-B,stencil_factor,0.75,delta_iterations,1,1.0,,,20260908,10000,paired seed; targets nested inside command
Single,GFE,L-BFGS-B,stencil_factor,0.75,delta_evaluations,1,5.0,,,20260908,10000,paired seed; targets nested inside command
Single,GFE,L-BFGS-B,stencil_factor,0.75,delta_terminal_gradient_l2,1,-2.3605399128584065e-08,,,20260908,10000,paired seed; targets nested inside command
Single,GFE,L-BFGS-B,stencil_factor,0.75,delta_terminal_gradient_inf,1,-3.6688872649428466e-09,,,20260908,10000,paired seed; targets nested inside command
Single,GFE,L-BFGS-B,stencil_factor,0.75,delta_relative_gradient_l2,1,-5.1310845825183177e-05,,,20260908,10000,paired seed; targets nested inside command
Single,GFE,L-BFGS-B,stencil_factor,0.75,delta_objective_n_m,1,-0.0013804163808334574,,,20260908,10000,paired seed; targets nested inside command
Single,GFE,L-BFGS-B,stencil_factor,0.75,delta_surrogate_residual_n,1,-1.9449358690859152e-07,,,20260908,10000,paired seed; targets nested inside command
Single,GFE,L-BFGS-B,stencil_factor,0.75,delta_command_cosine_to_fixed_GFE,1,-0.0008016701581137209,,,20260908,10000,paired seed; targets nested inside command
Single,GFE,L-BFGS-B,stencil_factor,0.75,delta_field_cosine_to_fixed_GFE,1,-0.00017331890345184675,,,20260908,10000,paired seed; targets nested inside command
Single,GFE,L-BFGS-B,stencil_factor,0.75,delta_worst_displacement_a,1,0.09526845760886424,,,20260908,10000,paired seed; targets nested inside command
Single,GFE,L-BFGS-B,stencil_factor,0.75,delta_minimum_stiffness_n_m,1,-0.00020008539251576123,,,20260908,10000,paired seed; targets nested inside command
Single,GFE,L-BFGS-B,stencil_factor,0.75,delta_common_nominal_loss_std_n_m,0,,,,20260908,10000,paired seed; targets nested inside command
Single,GFE,L-BFGS-B,stencil_factor,1.0,delta_solve_wall_s,1,0.0,,,20260908,10000,paired seed; targets nested inside command
Single,GFE,L-BFGS-B,stencil_factor,1.0,delta_iterations,1,0.0,,,20260908,10000,paired seed; targets nested inside command
Single,GFE,L-BFGS-B,stencil_factor,1.0,delta_evaluations,1,0.0,,,20260908,10000,paired seed; targets nested inside command
Single,GFE,L-BFGS-B,stencil_factor,1.0,delta_terminal_gradient_l2,1,0.0,,,20260908,10000,paired seed; targets nested inside command
Single,GFE,L-BFGS-B,stencil_factor,1.0,delta_terminal_gradient_inf,1,0.0,,,20260908,10000,paired seed; targets nested inside command
Single,GFE,L-BFGS-B,stencil_factor,1.0,delta_relative_gradient_l2,1,0.0,,,20260908,10000,paired seed; targets nested inside command
Single,GFE,L-BFGS-B,stencil_factor,1.0,delta_objective_n_m,1,0.0,,,20260908,10000,paired seed; targets nested inside command
Single,GFE,L-BFGS-B,stencil_factor,1.0,delta_surrogate_residual_n,1,0.0,,,20260908,10000,paired seed; targets nested inside command
Single,GFE,L-BFGS-B,stencil_factor,1.0,delta_command_cosine_to_fixed_GFE,1,0.0,,,20260908,10000,paired seed; targets nested inside command
Single,GFE,L-BFGS-B,stencil_factor,1.0,delta_field_cosine_to_fixed_GFE,1,-6.661338147750939e-16,,,20260908,10000,paired seed; targets nested inside command
Single,GFE,L-BFGS-B,stencil_factor,1.0,delta_worst_displacement_a,1,0.0,,,20260908,10000,paired seed; targets nested inside command
Single,GFE,L-BFGS-B,stencil_factor,1.0,delta_minimum_stiffness_n_m,1,0.0,,,20260908,10000,paired seed; targets nested inside command
Single,GFE,L-BFGS-B,stencil_factor,1.0,delta_common_nominal_loss_std_n_m,0,,,,20260908,10000,paired seed; targets nested inside command
Single,GFE,L-BFGS-B,stencil_factor,1.5,delta_solve_wall_s,1,-0.0010609000019030645,,,20260908,10000,paired seed; targets nested inside command
Single,GFE,L-BFGS-B,stencil_factor,1.5,delta_iterations,1,-3.0,,,20260908,10000,paired seed; targets nested inside command
Single,GFE,L-BFGS-B,stencil_factor,1.5,delta_evaluations,1,-5.0,,,20260908,10000,paired seed; targets nested inside command
Single,GFE,L-BFGS-B,stencil_factor,1.5,delta_terminal_gradient_l2,1,-1.6593461608247517e-08,,,20260908,10000,paired seed; targets nested inside command
Single,GFE,L-BFGS-B,stencil_factor,1.5,delta_terminal_gradient_inf,1,2.7569196459167605e-09,,,20260908,10000,paired seed; targets nested inside command
Single,GFE,L-BFGS-B,stencil_factor,1.5,delta_relative_gradient_l2,1,-3.654683621024995e-05,,,20260908,10000,paired seed; targets nested inside command
Single,GFE,L-BFGS-B,stencil_factor,1.5,delta_objective_n_m,1,0.0028007605381917683,,,20260908,10000,paired seed; targets nested inside command
Single,GFE,L-BFGS-B,stencil_factor,1.5,delta_surrogate_residual_n,1,1.8984608208339796e-07,,,20260908,10000,paired seed; targets nested inside command
Single,GFE,L-BFGS-B,stencil_factor,1.5,delta_command_cosine_to_fixed_GFE,1,-0.0014292993994985403,,,20260908,10000,paired seed; targets nested inside command
Single,GFE,L-BFGS-B,stencil_factor,1.5,delta_field_cosine_to_fixed_GFE,1,-0.00015058774544607356,,,20260908,10000,paired seed; targets nested inside command
Single,GFE,L-BFGS-B,stencil_factor,1.5,delta_worst_displacement_a,1,0.14529703227899318,,,20260908,10000,paired seed; targets nested inside command
Single,GFE,L-BFGS-B,stencil_factor,1.5,delta_minimum_stiffness_n_m,1,-8.547328448251694e-05,,,20260908,10000,paired seed; targets nested inside command
Single,GFE,L-BFGS-B,stencil_factor,1.5,delta_common_nominal_loss_std_n_m,0,,,,20260908,10000,paired seed; targets nested inside command
Single,GFE,L-BFGS-B,stencil_factor,2.0,delta_solve_wall_s,1,-0.0012913999962620437,,,20260908,10000,paired seed; targets nested inside command
Single,GFE,L-BFGS-B,stencil_factor,2.0,delta_iterations,1,-7.0,,,20260908,10000,paired seed; targets nested inside command
Single,GFE,L-BFGS-B,stencil_factor,2.0,delta_evaluations,1,-11.0,,,20260908,10000,paired seed; targets nested inside command
Single,GFE,L-BFGS-B,stencil_factor,2.0,delta_terminal_gradient_l2,1,1.8851469296281916e-08,,,20260908,10000,paired seed; targets nested inside command
Single,GFE,L-BFGS-B,stencil_factor,2.0,delta_terminal_gradient_inf,1,2.513892505822999e-09,,,20260908,10000,paired seed; targets nested inside command
Single,GFE,L-BFGS-B,stencil_factor,2.0,delta_relative_gradient_l2,1,4.26860332634143e-05,,,20260908,10000,paired seed; targets nested inside command
Single,GFE,L-BFGS-B,stencil_factor,2.0,delta_objective_n_m,1,0.006514462335174144,,,20260908,10000,paired seed; targets nested inside command
Single,GFE,L-BFGS-B,stencil_factor,2.0,delta_surrogate_residual_n,1,1.575473858156595e-07,,,20260908,10000,paired seed; targets nested inside command
Single,GFE,L-BFGS-B,stencil_factor,2.0,delta_command_cosine_to_fixed_GFE,1,-0.0018382515939967536,,,20260908,10000,paired seed; targets nested inside command
Single,GFE,L-BFGS-B,stencil_factor,2.0,delta_field_cosine_to_fixed_GFE,1,-0.00016491584050393193,,,20260908,10000,paired seed; targets nested inside command
Single,GFE,L-BFGS-B,stencil_factor,2.0,delta_worst_displacement_a,1,0.11969964660323434,,,20260908,10000,paired seed; targets nested inside command
Single,GFE,L-BFGS-B,stencil_factor,2.0,delta_minimum_stiffness_n_m,1,3.3577260151709983e-06,,,20260908,10000,paired seed; targets nested inside command
Single,GFE,L-BFGS-B,stencil_factor,2.0,delta_common_nominal_loss_std_n_m,0,,,,20260908,10000,paired seed; targets nested inside command
Single,GFE,L-BFGS-B,transverse_ratio_factor,0.1,delta_solve_wall_s,1,0.0021065000037197024,,,20260908,10000,paired seed; targets nested inside command
Single,GFE,L-BFGS-B,transverse_ratio_factor,0.1,delta_iterations,1,23.0,,,20260908,10000,paired seed; targets nested inside command
Single,GFE,L-BFGS-B,transverse_ratio_factor,0.1,delta_evaluations,1,25.0,,,20260908,10000,paired seed; targets nested inside command
Single,GFE,L-BFGS-B,transverse_ratio_factor,0.1,delta_terminal_gradient_l2,1,-1.0115281648285582e-08,,,20260908,10000,paired seed; targets nested inside command
Single,GFE,L-BFGS-B,transverse_ratio_factor,0.1,delta_terminal_gradient_inf,1,5.65590920836023e-10,,,20260908,10000,paired seed; targets nested inside command
Single,GFE,L-BFGS-B,transverse_ratio_factor,0.1,delta_relative_gradient_l2,1,-1.3422985278449087e-05,,,20260908,10000,paired seed; targets nested inside command
Single,GFE,L-BFGS-B,transverse_ratio_factor,0.1,delta_objective_n_m,1,0.0064015357137771275,,,20260908,10000,paired seed; targets nested inside command
Single,GFE,L-BFGS-B,transverse_ratio_factor,0.1,delta_surrogate_residual_n,1,1.591308396032154e-08,,,20260908,10000,paired seed; targets nested inside command
Single,GFE,L-BFGS-B,transverse_ratio_factor,0.1,delta_command_cosine_to_fixed_GFE,1,-0.19667680652411046,,,20260908,10000,paired seed; targets nested inside command
Single,GFE,L-BFGS-B,transverse_ratio_factor,0.1,delta_field_cosine_to_fixed_GFE,1,-0.15605506625242527,,,20260908,10000,paired seed; targets nested inside command
Single,GFE,L-BFGS-B,transverse_ratio_factor,0.1,delta_worst_displacement_a,1,0.18156491313642326,,,20260908,10000,paired seed; targets nested inside command
Single,GFE,L-BFGS-B,transverse_ratio_factor,0.1,delta_minimum_stiffness_n_m,1,-0.0004179205171024815,,,20260908,10000,paired seed; targets nested inside command
Single,GFE,L-BFGS-B,transverse_ratio_factor,0.1,delta_common_nominal_loss_std_n_m,0,,,,20260908,10000,paired seed; targets nested inside command
Single,GFE,L-BFGS-B,transverse_ratio_factor,0.3,delta_solve_wall_s,1,-0.0008440999808954075,,,20260908,10000,paired seed; targets nested inside command
Single,GFE,L-BFGS-B,transverse_ratio_factor,0.3,delta_iterations,1,4.0,,,20260908,10000,paired seed; targets nested inside command
Single,GFE,L-BFGS-B,transverse_ratio_factor,0.3,delta_evaluations,1,3.0,,,20260908,10000,paired seed; targets nested inside command
Single,GFE,L-BFGS-B,transverse_ratio_factor,0.3,delta_terminal_gradient_l2,1,-2.4737054176405324e-08,,,20260908,10000,paired seed; targets nested inside command
Single,GFE,L-BFGS-B,transverse_ratio_factor,0.3,delta_terminal_gradient_inf,1,-2.8565515400699434e-09,,,20260908,10000,paired seed; targets nested inside command
Single,GFE,L-BFGS-B,transverse_ratio_factor,0.3,delta_relative_gradient_l2,1,-5.218993253113066e-05,,,20260908,10000,paired seed; targets nested inside command
Single,GFE,L-BFGS-B,transverse_ratio_factor,0.3,delta_objective_n_m,1,0.00575106080152106,,,20260908,10000,paired seed; targets nested inside command
Single,GFE,L-BFGS-B,transverse_ratio_factor,0.3,delta_surrogate_residual_n,1,-3.530558694767872e-08,,,20260908,10000,paired seed; targets nested inside command
Single,GFE,L-BFGS-B,transverse_ratio_factor,0.3,delta_command_cosine_to_fixed_GFE,1,-0.06502542369332176,,,20260908,10000,paired seed; targets nested inside command
Single,GFE,L-BFGS-B,transverse_ratio_factor,0.3,delta_field_cosine_to_fixed_GFE,1,-0.04729399434193482,,,20260908,10000,paired seed; targets nested inside command
Single,GFE,L-BFGS-B,transverse_ratio_factor,0.3,delta_worst_displacement_a,1,0.03577225938980461,,,20260908,10000,paired seed; targets nested inside command
Single,GFE,L-BFGS-B,transverse_ratio_factor,0.3,delta_minimum_stiffness_n_m,1,-0.00014400461845113371,,,20260908,10000,paired seed; targets nested inside command
Single,GFE,L-BFGS-B,transverse_ratio_factor,0.3,delta_common_nominal_loss_std_n_m,0,,,,20260908,10000,paired seed; targets nested inside command
Single,GFE,L-BFGS-B,transverse_ratio_factor,0.5,delta_solve_wall_s,1,0.0006634000164922327,,,20260908,10000,paired seed; targets nested inside command
Single,GFE,L-BFGS-B,transverse_ratio_factor,0.5,delta_iterations,1,3.0,,,20260908,10000,paired seed; targets nested inside command
Single,GFE,L-BFGS-B,transverse_ratio_factor,0.5,delta_evaluations,1,0.0,,,20260908,10000,paired seed; targets nested inside command
Single,GFE,L-BFGS-B,transverse_ratio_factor,0.5,delta_terminal_gradient_l2,1,-2.318130788108264e-08,,,20260908,10000,paired seed; targets nested inside command
Single,GFE,L-BFGS-B,transverse_ratio_factor,0.5,delta_terminal_gradient_inf,1,-2.1078181301160526e-09,,,20260908,10000,paired seed; targets nested inside command
Single,GFE,L-BFGS-B,transverse_ratio_factor,0.5,delta_relative_gradient_l2,1,-4.90704337171766e-05,,,20260908,10000,paired seed; targets nested inside command
Single,GFE,L-BFGS-B,transverse_ratio_factor,0.5,delta_objective_n_m,1,0.0043432641184110235,,,20260908,10000,paired seed; targets nested inside command
Single,GFE,L-BFGS-B,transverse_ratio_factor,0.5,delta_surrogate_residual_n,1,-4.131612229113133e-08,,,20260908,10000,paired seed; targets nested inside command
Single,GFE,L-BFGS-B,transverse_ratio_factor,0.5,delta_command_cosine_to_fixed_GFE,1,-0.023257234394631343,,,20260908,10000,paired seed; targets nested inside command
Single,GFE,L-BFGS-B,transverse_ratio_factor,0.5,delta_field_cosine_to_fixed_GFE,1,-0.016746445699967416,,,20260908,10000,paired seed; targets nested inside command
Single,GFE,L-BFGS-B,transverse_ratio_factor,0.5,delta_worst_displacement_a,1,-0.006716479597441545,,,20260908,10000,paired seed; targets nested inside command
Single,GFE,L-BFGS-B,transverse_ratio_factor,0.5,delta_minimum_stiffness_n_m,1,-3.365548372382364e-05,,,20260908,10000,paired seed; targets nested inside command
Single,GFE,L-BFGS-B,transverse_ratio_factor,0.5,delta_common_nominal_loss_std_n_m,0,,,,20260908,10000,paired seed; targets nested inside command
Single,GFE,L-BFGS-B,transverse_ratio_factor,1.0,delta_solve_wall_s,1,0.0,,,20260908,10000,paired seed; targets nested inside command
Single,GFE,L-BFGS-B,transverse_ratio_factor,1.0,delta_iterations,1,0.0,,,20260908,10000,paired seed; targets nested inside command
Single,GFE,L-BFGS-B,transverse_ratio_factor,1.0,delta_evaluations,1,0.0,,,20260908,10000,paired seed; targets nested inside command
Single,GFE,L-BFGS-B,transverse_ratio_factor,1.0,delta_terminal_gradient_l2,1,0.0,,,20260908,10000,paired seed; targets nested inside command
Single,GFE,L-BFGS-B,transverse_ratio_factor,1.0,delta_terminal_gradient_inf,1,0.0,,,20260908,10000,paired seed; targets nested inside command
Single,GFE,L-BFGS-B,transverse_ratio_factor,1.0,delta_relative_gradient_l2,1,0.0,,,20260908,10000,paired seed; targets nested inside command
Single,GFE,L-BFGS-B,transverse_ratio_factor,1.0,delta_objective_n_m,1,0.0,,,20260908,10000,paired seed; targets nested inside command
Single,GFE,L-BFGS-B,transverse_ratio_factor,1.0,delta_surrogate_residual_n,1,0.0,,,20260908,10000,paired seed; targets nested inside command
Single,GFE,L-BFGS-B,transverse_ratio_factor,1.0,delta_command_cosine_to_fixed_GFE,1,0.0,,,20260908,10000,paired seed; targets nested inside command
Single,GFE,L-BFGS-B,transverse_ratio_factor,1.0,delta_field_cosine_to_fixed_GFE,1,-6.661338147750939e-16,,,20260908,10000,paired seed; targets nested inside command
Single,GFE,L-BFGS-B,transverse_ratio_factor,1.0,delta_worst_displacement_a,1,0.0,,,20260908,10000,paired seed; targets nested inside command
Single,GFE,L-BFGS-B,transverse_ratio_factor,1.0,delta_minimum_stiffness_n_m,1,0.0,,,20260908,10000,paired seed; targets nested inside command
Single,GFE,L-BFGS-B,transverse_ratio_factor,1.0,delta_common_nominal_loss_std_n_m,0,,,,20260908,10000,paired seed; targets nested inside command
Single,GFE,L-BFGS-B,transverse_ratio_factor,2.0,delta_solve_wall_s,1,-0.00033310000435449183,,,20260908,10000,paired seed; targets nested inside command
Single,GFE,L-BFGS-B,transverse_ratio_factor,2.0,delta_iterations,1,1.0,,,20260908,10000,paired seed; targets nested inside command
Single,GFE,L-BFGS-B,transverse_ratio_factor,2.0,delta_evaluations,1,2.0,,,20260908,10000,paired seed; targets nested inside command
Single,GFE,L-BFGS-B,transverse_ratio_factor,2.0,delta_terminal_gradient_l2,1,-1.7934411849631852e-08,,,20260908,10000,paired seed; targets nested inside command
Single,GFE,L-BFGS-B,transverse_ratio_factor,2.0,delta_terminal_gradient_inf,1,-2.1053012218722665e-10,,,20260908,10000,paired seed; targets nested inside command
Single,GFE,L-BFGS-B,transverse_ratio_factor,2.0,delta_relative_gradient_l2,1,-4.2951226210835636e-05,,,20260908,10000,paired seed; targets nested inside command
Single,GFE,L-BFGS-B,transverse_ratio_factor,2.0,delta_objective_n_m,1,-0.007740584294131804,,,20260908,10000,paired seed; targets nested inside command
Single,GFE,L-BFGS-B,transverse_ratio_factor,2.0,delta_surrogate_residual_n,1,9.985895867811518e-08,,,20260908,10000,paired seed; targets nested inside command
Single,GFE,L-BFGS-B,transverse_ratio_factor,2.0,delta_command_cosine_to_fixed_GFE,1,-0.024858350181717448,,,20260908,10000,paired seed; targets nested inside command
Single,GFE,L-BFGS-B,transverse_ratio_factor,2.0,delta_field_cosine_to_fixed_GFE,1,-0.017926408546974915,,,20260908,10000,paired seed; targets nested inside command
Single,GFE,L-BFGS-B,transverse_ratio_factor,2.0,delta_worst_displacement_a,1,0.09091176323051522,,,20260908,10000,paired seed; targets nested inside command
Single,GFE,L-BFGS-B,transverse_ratio_factor,2.0,delta_minimum_stiffness_n_m,1,-0.00012556394945779708,,,20260908,10000,paired seed; targets nested inside command
Single,GFE,L-BFGS-B,transverse_ratio_factor,2.0,delta_common_nominal_loss_std_n_m,0,,,,20260908,10000,paired seed; targets nested inside command
Single,GFE,L-BFGS-B,transverse_ratio_factor,3.0,delta_solve_wall_s,1,-0.0007350999949267134,,,20260908,10000,paired seed; targets nested inside command
Single,GFE,L-BFGS-B,transverse_ratio_factor,3.0,delta_iterations,1,-3.0,,,20260908,10000,paired seed; targets nested inside command
Single,GFE,L-BFGS-B,transverse_ratio_factor,3.0,delta_evaluations,1,-4.0,,,20260908,10000,paired seed; targets nested inside command
Single,GFE,L-BFGS-B,transverse_ratio_factor,3.0,delta_terminal_gradient_l2,1,-1.3460529808825563e-08,,,20260908,10000,paired seed; targets nested inside command
Single,GFE,L-BFGS-B,transverse_ratio_factor,3.0,delta_terminal_gradient_inf,1,1.4446575257482695e-09,,,20260908,10000,paired seed; targets nested inside command
Single,GFE,L-BFGS-B,transverse_ratio_factor,3.0,delta_relative_gradient_l2,1,-3.707082009761188e-05,,,20260908,10000,paired seed; targets nested inside command
Single,GFE,L-BFGS-B,transverse_ratio_factor,3.0,delta_objective_n_m,1,-0.013375457053446553,,,20260908,10000,paired seed; targets nested inside command
Single,GFE,L-BFGS-B,transverse_ratio_factor,3.0,delta_surrogate_residual_n,1,1.7124260849240876e-07,,,20260908,10000,paired seed; targets nested inside command
Single,GFE,L-BFGS-B,transverse_ratio_factor,3.0,delta_command_cosine_to_fixed_GFE,1,-0.06146903954341876,,,20260908,10000,paired seed; targets nested inside command
Single,GFE,L-BFGS-B,transverse_ratio_factor,3.0,delta_field_cosine_to_fixed_GFE,1,-0.04482805518355948,,,20260908,10000,paired seed; targets nested inside command
Single,GFE,L-BFGS-B,transverse_ratio_factor,3.0,delta_worst_displacement_a,1,0.18498745176058196,,,20260908,10000,paired seed; targets nested inside command
Single,GFE,L-BFGS-B,transverse_ratio_factor,3.0,delta_minimum_stiffness_n_m,1,-0.00024248003986449083,,,20260908,10000,paired seed; targets nested inside command
Single,GFE,L-BFGS-B,transverse_ratio_factor,3.0,delta_common_nominal_loss_std_n_m,0,,,,20260908,10000,paired seed; targets nested inside command
Single,GFE,L-BFGS-B,transverse_ratio_factor,10.0,delta_solve_wall_s,1,0.003525599997374229,,,20260908,10000,paired seed; targets nested inside command
Single,GFE,L-BFGS-B,transverse_ratio_factor,10.0,delta_iterations,1,48.0,,,20260908,10000,paired seed; targets nested inside command
Single,GFE,L-BFGS-B,transverse_ratio_factor,10.0,delta_evaluations,1,49.0,,,20260908,10000,paired seed; targets nested inside command
Single,GFE,L-BFGS-B,transverse_ratio_factor,10.0,delta_terminal_gradient_l2,1,-5.134668319498723e-09,,,20260908,10000,paired seed; targets nested inside command
Single,GFE,L-BFGS-B,transverse_ratio_factor,10.0,delta_terminal_gradient_inf,1,2.058537806703615e-09,,,20260908,10000,paired seed; targets nested inside command
Single,GFE,L-BFGS-B,transverse_ratio_factor,10.0,delta_relative_gradient_l2,1,-3.0150966405087785e-05,,,20260908,10000,paired seed; targets nested inside command
Single,GFE,L-BFGS-B,transverse_ratio_factor,10.0,delta_objective_n_m,1,-0.028961072097927594,,,20260908,10000,paired seed; targets nested inside command
Single,GFE,L-BFGS-B,transverse_ratio_factor,10.0,delta_surrogate_residual_n,1,2.8432297615605745e-07,,,20260908,10000,paired seed; targets nested inside command
Single,GFE,L-BFGS-B,transverse_ratio_factor,10.0,delta_command_cosine_to_fixed_GFE,1,-0.3558423736980507,,,20260908,10000,paired seed; targets nested inside command
Single,GFE,L-BFGS-B,transverse_ratio_factor,10.0,delta_field_cosine_to_fixed_GFE,1,-0.32350248492189937,,,20260908,10000,paired seed; targets nested inside command
Single,GFE,L-BFGS-B,transverse_ratio_factor,10.0,delta_worst_displacement_a,1,0.46239225915621657,,,20260908,10000,paired seed; targets nested inside command
Single,GFE,L-BFGS-B,transverse_ratio_factor,10.0,delta_minimum_stiffness_n_m,1,-0.0004159657948983894,,,20260908,10000,paired seed; targets nested inside command
Single,GFE,L-BFGS-B,transverse_ratio_factor,10.0,delta_common_nominal_loss_std_n_m,0,,,,20260908,10000,paired seed; targets nested inside command
Triple,Conventional,BFGS,lambda_pressure_factor,0.0,delta_solve_wall_s,1,-0.05799210000259336,,,20260908,10000,paired seed; targets nested inside command
Triple,Conventional,BFGS,lambda_pressure_factor,0.0,delta_iterations,1,-2342.0,,,20260908,10000,paired seed; targets nested inside command
Triple,Conventional,BFGS,lambda_pressure_factor,0.0,delta_evaluations,1,-2324.0,,,20260908,10000,paired seed; targets nested inside command
Triple,Conventional,BFGS,lambda_pressure_factor,0.0,delta_terminal_gradient_l2,1,9.185097529627869e-07,,,20260908,10000,paired seed; targets nested inside command
Triple,Conventional,BFGS,lambda_pressure_factor,0.0,delta_terminal_gradient_inf,1,2.2164142228076796e-07,,,20260908,10000,paired seed; targets nested inside command
Triple,Conventional,BFGS,lambda_pressure_factor,0.0,delta_relative_gradient_l2,1,-6.096074270748832e-08,,,20260908,10000,paired seed; targets nested inside command
Triple,Conventional,BFGS,lambda_pressure_factor,0.0,delta_objective_n_m,1,-35.49860209485104,,,20260908,10000,paired seed; targets nested inside command
Triple,Conventional,BFGS,lambda_pressure_factor,0.0,delta_surrogate_residual_n,1,6.26996391980751e-06,,,20260908,10000,paired seed; targets nested inside command
Triple,Conventional,BFGS,lambda_pressure_factor,0.0,delta_command_cosine_to_fixed_GFE,1,-0.1372994673486947,,,20260908,10000,paired seed; targets nested inside command
Triple,Conventional,BFGS,lambda_pressure_factor,0.0,delta_field_cosine_to_fixed_GFE,1,-0.08097424998428748,,,20260908,10000,paired seed; targets nested inside command
Triple,Conventional,BFGS,lambda_pressure_factor,0.0,delta_worst_displacement_a,1,0.7965983587705171,,,20260908,10000,paired seed; targets nested inside command
Triple,Conventional,BFGS,lambda_pressure_factor,0.0,delta_minimum_stiffness_n_m,1,-0.00016150539075871916,,,20260908,10000,paired seed; targets nested inside command
Triple,Conventional,BFGS,lambda_pressure_factor,0.0,delta_common_nominal_loss_std_n_m,1,0.002347584314662336,,,20260908,10000,paired seed; targets nested inside command
Triple,Conventional,BFGS,lambda_pressure_factor,0.01,delta_solve_wall_s,1,140.8389399000007,,,20260908,10000,paired seed; targets nested inside command
Triple,Conventional,BFGS,lambda_pressure_factor,0.01,delta_iterations,1,5413.0,,,20260908,10000,paired seed; targets nested inside command
Triple,Conventional,BFGS,lambda_pressure_factor,0.01,delta_evaluations,1,5643.0,,,20260908,10000,paired seed; targets nested inside command
Triple,Conventional,BFGS,lambda_pressure_factor,0.01,delta_terminal_gradient_l2,1,4.327553998567675,,,20260908,10000,paired seed; targets nested inside command
Triple,Conventional,BFGS,lambda_pressure_factor,0.01,delta_terminal_gradient_inf,1,1.160345225014913,,,20260908,10000,paired seed; targets nested inside command
Triple,Conventional,BFGS,lambda_pressure_factor,0.01,delta_relative_gradient_l2,1,0.754598843406536,,,20260908,10000,paired seed; targets nested inside command
Triple,Conventional,BFGS,lambda_pressure_factor,0.01,delta_objective_n_m,1,-35.401967906871,,,20260908,10000,paired seed; targets nested inside command
Triple,Conventional,BFGS,lambda_pressure_factor,0.01,delta_surrogate_residual_n,1,6.631739339293571e-06,,,20260908,10000,paired seed; targets nested inside command
Triple,Conventional,BFGS,lambda_pressure_factor,0.01,delta_command_cosine_to_fixed_GFE,1,-0.13583984203743615,,,20260908,10000,paired seed; targets nested inside command
Triple,Conventional,BFGS,lambda_pressure_factor,0.01,delta_field_cosine_to_fixed_GFE,1,-0.07885073468497028,,,20260908,10000,paired seed; targets nested inside command
Triple,Conventional,BFGS,lambda_pressure_factor,0.01,delta_worst_displacement_a,1,0.8630073102033989,,,20260908,10000,paired seed; targets nested inside command
Triple,Conventional,BFGS,lambda_pressure_factor,0.01,delta_minimum_stiffness_n_m,1,-0.00015263988099556793,,,20260908,10000,paired seed; targets nested inside command
Triple,Conventional,BFGS,lambda_pressure_factor,0.01,delta_common_nominal_loss_std_n_m,1,0.005741534476658163,,,20260908,10000,paired seed; targets nested inside command
Triple,Conventional,BFGS,lambda_pressure_factor,0.03,delta_solve_wall_s,1,503.45697479999217,,,20260908,10000,paired seed; targets nested inside command
Triple,Conventional,BFGS,lambda_pressure_factor,0.03,delta_iterations,1,27223.0,,,20260908,10000,paired seed; targets nested inside command
Triple,Conventional,BFGS,lambda_pressure_factor,0.03,delta_evaluations,1,28557.0,,,20260908,10000,paired seed; targets nested inside command
Triple,Conventional,BFGS,lambda_pressure_factor,0.03,delta_terminal_gradient_l2,1,13.09099616254854,,,20260908,10000,paired seed; targets nested inside command
Triple,Conventional,BFGS,lambda_pressure_factor,0.03,delta_terminal_gradient_inf,1,4.357170646864891,,,20260908,10000,paired seed; targets nested inside command
Triple,Conventional,BFGS,lambda_pressure_factor,0.03,delta_relative_gradient_l2,1,0.7822766872757039,,,20260908,10000,paired seed; targets nested inside command
Triple,Conventional,BFGS,lambda_pressure_factor,0.03,delta_objective_n_m,1,-35.32978321722526,,,20260908,10000,paired seed; targets nested inside command
Triple,Conventional,BFGS,lambda_pressure_factor,0.03,delta_surrogate_residual_n,1,6.736446528243259e-06,,,20260908,10000,paired seed; targets nested inside command
Triple,Conventional,BFGS,lambda_pressure_factor,0.03,delta_command_cosine_to_fixed_GFE,1,-0.13739018777677492,,,20260908,10000,paired seed; targets nested inside command
Triple,Conventional,BFGS,lambda_pressure_factor,0.03,delta_field_cosine_to_fixed_GFE,1,-0.08026020006280388,,,20260908,10000,paired seed; targets nested inside command
Triple,Conventional,BFGS,lambda_pressure_factor,0.03,delta_worst_displacement_a,1,0.8980659111151633,,,20260908,10000,paired seed; targets nested inside command
Triple,Conventional,BFGS,lambda_pressure_factor,0.03,delta_minimum_stiffness_n_m,1,-0.00011682394920299469,,,20260908,10000,paired seed; targets nested inside command
Triple,Conventional,BFGS,lambda_pressure_factor,0.03,delta_common_nominal_loss_std_n_m,1,0.0058627048821369,,,20260908,10000,paired seed; targets nested inside command
Triple,Conventional,BFGS,lambda_pressure_factor,0.1,delta_solve_wall_s,1,537.8037983999966,,,20260908,10000,paired seed; targets nested inside command
Triple,Conventional,BFGS,lambda_pressure_factor,0.1,delta_iterations,1,27223.0,,,20260908,10000,paired seed; targets nested inside command
Triple,Conventional,BFGS,lambda_pressure_factor,0.1,delta_evaluations,1,29782.0,,,20260908,10000,paired seed; targets nested inside command
Triple,Conventional,BFGS,lambda_pressure_factor,0.1,delta_terminal_gradient_l2,1,42.730201573852305,,,20260908,10000,paired seed; targets nested inside command
Triple,Conventional,BFGS,lambda_pressure_factor,0.1,delta_terminal_gradient_inf,1,11.849666403034778,,,20260908,10000,paired seed; targets nested inside command
Triple,Conventional,BFGS,lambda_pressure_factor,0.1,delta_relative_gradient_l2,1,0.7713831749956253,,,20260908,10000,paired seed; targets nested inside command
Triple,Conventional,BFGS,lambda_pressure_factor,0.1,delta_objective_n_m,1,-35.04368662197257,,,20260908,10000,paired seed; targets nested inside command
Triple,Conventional,BFGS,lambda_pressure_factor,0.1,delta_surrogate_residual_n,1,6.542984053085774e-06,,,20260908,10000,paired seed; targets nested inside command
Triple,Conventional,BFGS,lambda_pressure_factor,0.1,delta_command_cosine_to_fixed_GFE,1,-0.1556468841551878,,,20260908,10000,paired seed; targets nested inside command
Triple,Conventional,BFGS,lambda_pressure_factor,0.1,delta_field_cosine_to_fixed_GFE,1,-0.10356173105263211,,,20260908,10000,paired seed; targets nested inside command
Triple,Conventional,BFGS,lambda_pressure_factor,0.1,delta_worst_displacement_a,1,1.2599647197435382,,,20260908,10000,paired seed; targets nested inside command
Triple,Conventional,BFGS,lambda_pressure_factor,0.1,delta_minimum_stiffness_n_m,1,-0.00024352097675350848,,,20260908,10000,paired seed; targets nested inside command
Triple,Conventional,BFGS,lambda_pressure_factor,0.1,delta_common_nominal_loss_std_n_m,1,0.0045604151440314855,,,20260908,10000,paired seed; targets nested inside command
Triple,Conventional,BFGS,lambda_pressure_factor,0.3,delta_solve_wall_s,1,339.63771079998696,,,20260908,10000,paired seed; targets nested inside command
Triple,Conventional,BFGS,lambda_pressure_factor,0.3,delta_iterations,1,15213.0,,,20260908,10000,paired seed; targets nested inside command
Triple,Conventional,BFGS,lambda_pressure_factor,0.3,delta_evaluations,1,17264.0,,,20260908,10000,paired seed; targets nested inside command
Triple,Conventional,BFGS,lambda_pressure_factor,0.3,delta_terminal_gradient_l2,1,115.92882205568371,,,20260908,10000,paired seed; targets nested inside command
Triple,Conventional,BFGS,lambda_pressure_factor,0.3,delta_terminal_gradient_inf,1,40.76812111081773,,,20260908,10000,paired seed; targets nested inside command
Triple,Conventional,BFGS,lambda_pressure_factor,0.3,delta_relative_gradient_l2,1,0.6987939857049774,,,20260908,10000,paired seed; targets nested inside command
Triple,Conventional,BFGS,lambda_pressure_factor,0.3,delta_objective_n_m,1,-33.039988902511475,,,20260908,10000,paired seed; targets nested inside command
Triple,Conventional,BFGS,lambda_pressure_factor,0.3,delta_surrogate_residual_n,1,6.08183034593369e-06,,,20260908,10000,paired seed; targets nested inside command
Triple,Conventional,BFGS,lambda_pressure_factor,0.3,delta_command_cosine_to_fixed_GFE,1,-0.19073660956042593,,,20260908,10000,paired seed; targets nested inside command
Triple,Conventional,BFGS,lambda_pressure_factor,0.3,delta_field_cosine_to_fixed_GFE,1,-0.15208594123412544,,,20260908,10000,paired seed; targets nested inside command
Triple,Conventional,BFGS,lambda_pressure_factor,0.3,delta_worst_displacement_a,1,2.0002733219717737,,,20260908,10000,paired seed; targets nested inside command
Triple,Conventional,BFGS,lambda_pressure_factor,0.3,delta_minimum_stiffness_n_m,1,-0.00040594570975402975,,,20260908,10000,paired seed; targets nested inside command
Triple,Conventional,BFGS,lambda_pressure_factor,0.3,delta_common_nominal_loss_std_n_m,1,0.001425765170088368,,,20260908,10000,paired seed; targets nested inside command
Triple,Conventional,BFGS,lambda_pressure_factor,1.0,delta_solve_wall_s,1,208.37902659998508,,,20260908,10000,paired seed; targets nested inside command
Triple,Conventional,BFGS,lambda_pressure_factor,1.0,delta_iterations,1,7800.0,,,20260908,10000,paired seed; targets nested inside command
Triple,Conventional,BFGS,lambda_pressure_factor,1.0,delta_evaluations,1,9973.0,,,20260908,10000,paired seed; targets nested inside command
Triple,Conventional,BFGS,lambda_pressure_factor,1.0,delta_terminal_gradient_l2,1,410.5329306688969,,,20260908,10000,paired seed; targets nested inside command
Triple,Conventional,BFGS,lambda_pressure_factor,1.0,delta_terminal_gradient_inf,1,151.2107251295248,,,20260908,10000,paired seed; targets nested inside command
Triple,Conventional,BFGS,lambda_pressure_factor,1.0,delta_relative_gradient_l2,1,0.7428043776732419,,,20260908,10000,paired seed; targets nested inside command
Triple,Conventional,BFGS,lambda_pressure_factor,1.0,delta_objective_n_m,1,-30.334501179849116,,,20260908,10000,paired seed; targets nested inside command
Triple,Conventional,BFGS,lambda_pressure_factor,1.0,delta_surrogate_residual_n,1,6.019352127451493e-06,,,20260908,10000,paired seed; targets nested inside command
Triple,Conventional,BFGS,lambda_pressure_factor,1.0,delta_command_cosine_to_fixed_GFE,1,-0.28814773084818446,,,20260908,10000,paired seed; targets nested inside command
Triple,Conventional,BFGS,lambda_pressure_factor,1.0,delta_field_cosine_to_fixed_GFE,1,-0.2521347225648781,,,20260908,10000,paired seed; targets nested inside command
Triple,Conventional,BFGS,lambda_pressure_factor,1.0,delta_worst_displacement_a,1,1.4981132458493334,,,20260908,10000,paired seed; targets nested inside command
Triple,Conventional,BFGS,lambda_pressure_factor,1.0,delta_minimum_stiffness_n_m,1,-0.00042298574947587184,,,20260908,10000,paired seed; targets nested inside command
Triple,Conventional,BFGS,lambda_pressure_factor,1.0,delta_common_nominal_loss_std_n_m,1,0.0024397173032928055,,,20260908,10000,paired seed; targets nested inside command
Triple,Conventional,BFGS,lambda_pressure_factor,3.0,delta_solve_wall_s,1,63.452698499997496,,,20260908,10000,paired seed; targets nested inside command
Triple,Conventional,BFGS,lambda_pressure_factor,3.0,delta_iterations,1,864.0,,,20260908,10000,paired seed; targets nested inside command
Triple,Conventional,BFGS,lambda_pressure_factor,3.0,delta_evaluations,1,1852.0,,,20260908,10000,paired seed; targets nested inside command
Triple,Conventional,BFGS,lambda_pressure_factor,3.0,delta_terminal_gradient_l2,1,1349.150280176185,,,20260908,10000,paired seed; targets nested inside command
Triple,Conventional,BFGS,lambda_pressure_factor,3.0,delta_terminal_gradient_inf,1,589.9264165235546,,,20260908,10000,paired seed; targets nested inside command
Triple,Conventional,BFGS,lambda_pressure_factor,3.0,delta_relative_gradient_l2,1,0.8138325215375914,,,20260908,10000,paired seed; targets nested inside command
Triple,Conventional,BFGS,lambda_pressure_factor,3.0,delta_objective_n_m,1,-26.682597108400635,,,20260908,10000,paired seed; targets nested inside command
Triple,Conventional,BFGS,lambda_pressure_factor,3.0,delta_surrogate_residual_n,1,3.3288833613981043e-06,,,20260908,10000,paired seed; targets nested inside command
Triple,Conventional,BFGS,lambda_pressure_factor,3.0,delta_command_cosine_to_fixed_GFE,1,-0.3701549708035313,,,20260908,10000,paired seed; targets nested inside command
Triple,Conventional,BFGS,lambda_pressure_factor,3.0,delta_field_cosine_to_fixed_GFE,1,-0.30576573408843444,,,20260908,10000,paired seed; targets nested inside command
Triple,Conventional,BFGS,lambda_pressure_factor,3.0,delta_worst_displacement_a,1,3.3889041804692797,,,20260908,10000,paired seed; targets nested inside command
Triple,Conventional,BFGS,lambda_pressure_factor,3.0,delta_minimum_stiffness_n_m,1,-0.0004776691161042742,,,20260908,10000,paired seed; targets nested inside command
Triple,Conventional,BFGS,lambda_pressure_factor,3.0,delta_common_nominal_loss_std_n_m,1,0.0033470764289169285,,,20260908,10000,paired seed; targets nested inside command
Triple,Conventional,BFGS,lambda_pressure_factor,10.0,delta_solve_wall_s,1,65.09350970000378,,,20260908,10000,paired seed; targets nested inside command
Triple,Conventional,BFGS,lambda_pressure_factor,10.0,delta_iterations,1,815.0,,,20260908,10000,paired seed; targets nested inside command
Triple,Conventional,BFGS,lambda_pressure_factor,10.0,delta_evaluations,1,2025.0,,,20260908,10000,paired seed; targets nested inside command
Triple,Conventional,BFGS,lambda_pressure_factor,10.0,delta_terminal_gradient_l2,1,4244.439435002436,,,20260908,10000,paired seed; targets nested inside command
Triple,Conventional,BFGS,lambda_pressure_factor,10.0,delta_terminal_gradient_inf,1,1642.6995285494063,,,20260908,10000,paired seed; targets nested inside command
Triple,Conventional,BFGS,lambda_pressure_factor,10.0,delta_relative_gradient_l2,1,0.7681401274471932,,,20260908,10000,paired seed; targets nested inside command
Triple,Conventional,BFGS,lambda_pressure_factor,10.0,delta_objective_n_m,1,-18.843139811256776,,,20260908,10000,paired seed; targets nested inside command
Triple,Conventional,BFGS,lambda_pressure_factor,10.0,delta_surrogate_residual_n,1,1.8203597316558581e-06,,,20260908,10000,paired seed; targets nested inside command
Triple,Conventional,BFGS,lambda_pressure_factor,10.0,delta_command_cosine_to_fixed_GFE,1,-0.4674436430740776,,,20260908,10000,paired seed; targets nested inside command
Triple,Conventional,BFGS,lambda_pressure_factor,10.0,delta_field_cosine_to_fixed_GFE,1,-0.3228940503843577,,,20260908,10000,paired seed; targets nested inside command
Triple,Conventional,BFGS,lambda_pressure_factor,10.0,delta_worst_displacement_a,1,2.768946698298564,,,20260908,10000,paired seed; targets nested inside command
Triple,Conventional,BFGS,lambda_pressure_factor,10.0,delta_minimum_stiffness_n_m,1,-0.0007284455115258227,,,20260908,10000,paired seed; targets nested inside command
Triple,Conventional,BFGS,lambda_pressure_factor,10.0,delta_common_nominal_loss_std_n_m,1,0.002408141587427711,,,20260908,10000,paired seed; targets nested inside command
Triple,Conventional,BFGS,lambda_pressure_factor,30.0,delta_solve_wall_s,1,43.18206809999538,,,20260908,10000,paired seed; targets nested inside command
Triple,Conventional,BFGS,lambda_pressure_factor,30.0,delta_iterations,1,-205.0,,,20260908,10000,paired seed; targets nested inside command
Triple,Conventional,BFGS,lambda_pressure_factor,30.0,delta_evaluations,1,790.0,,,20260908,10000,paired seed; targets nested inside command
Triple,Conventional,BFGS,lambda_pressure_factor,30.0,delta_terminal_gradient_l2,1,12270.00867264547,,,20260908,10000,paired seed; targets nested inside command
Triple,Conventional,BFGS,lambda_pressure_factor,30.0,delta_terminal_gradient_inf,1,4194.162415443067,,,20260908,10000,paired seed; targets nested inside command
Triple,Conventional,BFGS,lambda_pressure_factor,30.0,delta_relative_gradient_l2,1,0.7402025890083308,,,20260908,10000,paired seed; targets nested inside command
Triple,Conventional,BFGS,lambda_pressure_factor,30.0,delta_objective_n_m,1,-17.196834738670898,,,20260908,10000,paired seed; targets nested inside command
Triple,Conventional,BFGS,lambda_pressure_factor,30.0,delta_surrogate_residual_n,1,2.221856060056878e-06,,,20260908,10000,paired seed; targets nested inside command
Triple,Conventional,BFGS,lambda_pressure_factor,30.0,delta_command_cosine_to_fixed_GFE,1,-0.4529939811364997,,,20260908,10000,paired seed; targets nested inside command
Triple,Conventional,BFGS,lambda_pressure_factor,30.0,delta_field_cosine_to_fixed_GFE,1,-0.27026600782023347,,,20260908,10000,paired seed; targets nested inside command
Triple,Conventional,BFGS,lambda_pressure_factor,30.0,delta_worst_displacement_a,0,,,,20260908,10000,paired seed; targets nested inside command
Triple,Conventional,BFGS,lambda_pressure_factor,30.0,delta_minimum_stiffness_n_m,0,,,,20260908,10000,paired seed; targets nested inside command
Triple,Conventional,BFGS,lambda_pressure_factor,30.0,delta_common_nominal_loss_std_n_m,1,0.005116926257267993,,,20260908,10000,paired seed; targets nested inside command
Triple,FE,BFGS,alpha_factor,0.01,delta_solve_wall_s,1,-2.4872638000088045,,,20260908,10000,paired seed; targets nested inside command
Triple,FE,BFGS,alpha_factor,0.01,delta_iterations,1,-1061.0,,,20260908,10000,paired seed; targets nested inside command
Triple,FE,BFGS,alpha_factor,0.01,delta_evaluations,1,-1058.0,,,20260908,10000,paired seed; targets nested inside command
Triple,FE,BFGS,alpha_factor,0.01,delta_terminal_gradient_l2,1,-8.95534789711674e-11,,,20260908,10000,paired seed; targets nested inside command
Triple,FE,BFGS,alpha_factor,0.01,delta_terminal_gradient_inf,1,-1.2375045208284642e-10,,,20260908,10000,paired seed; targets nested inside command
Triple,FE,BFGS,alpha_factor,0.01,delta_relative_gradient_l2,1,1.5745214786011868e-08,,,20260908,10000,paired seed; targets nested inside command
Triple,FE,BFGS,alpha_factor,0.01,delta_objective_n_m,1,-0.0034762509691009177,,,20260908,10000,paired seed; targets nested inside command
Triple,FE,BFGS,alpha_factor,0.01,delta_surrogate_residual_n,1,6.421232074451027e-06,,,20260908,10000,paired seed; targets nested inside command
Triple,FE,BFGS,alpha_factor,0.01,delta_command_cosine_to_fixed_GFE,1,-0.1052232380950906,,,20260908,10000,paired seed; targets nested inside command
Triple,FE,BFGS,alpha_factor,0.01,delta_field_cosine_to_fixed_GFE,1,-0.0641020401300858,,,20260908,10000,paired seed; targets nested inside command
Triple,FE,BFGS,alpha_factor,0.01,delta_worst_displacement_a,1,1.289529416658001,,,20260908,10000,paired seed; targets nested inside command
Triple,FE,BFGS,alpha_factor,0.01,delta_minimum_stiffness_n_m,1,1.6866322184146045e-05,,,20260908,10000,paired seed; targets nested inside command
Triple,FE,BFGS,alpha_factor,0.01,delta_common_nominal_loss_std_n_m,1,0.004920989192938335,,,20260908,10000,paired seed; targets nested inside command
Triple,FE,BFGS,alpha_factor,0.03,delta_solve_wall_s,1,-3.067445200009388,,,20260908,10000,paired seed; targets nested inside command
Triple,FE,BFGS,alpha_factor,0.03,delta_iterations,1,-1091.0,,,20260908,10000,paired seed; targets nested inside command
Triple,FE,BFGS,alpha_factor,0.03,delta_evaluations,1,-1096.0,,,20260908,10000,paired seed; targets nested inside command
Triple,FE,BFGS,alpha_factor,0.03,delta_terminal_gradient_l2,1,-9.798405790138306e-10,,,20260908,10000,paired seed; targets nested inside command
Triple,FE,BFGS,alpha_factor,0.03,delta_terminal_gradient_inf,1,-9.307834903870287e-10,,,20260908,10000,paired seed; targets nested inside command
Triple,FE,BFGS,alpha_factor,0.03,delta_relative_gradient_l2,1,-1.513649286238171e-08,,,20260908,10000,paired seed; targets nested inside command
Triple,FE,BFGS,alpha_factor,0.03,delta_objective_n_m,1,-0.003176697569817595,,,20260908,10000,paired seed; targets nested inside command
Triple,FE,BFGS,alpha_factor,0.03,delta_surrogate_residual_n,1,6.090284931017224e-06,,,20260908,10000,paired seed; targets nested inside command
Triple,FE,BFGS,alpha_factor,0.03,delta_command_cosine_to_fixed_GFE,1,-0.1031117733429131,,,20260908,10000,paired seed; targets nested inside command
Triple,FE,BFGS,alpha_factor,0.03,delta_field_cosine_to_fixed_GFE,1,-0.06270872501190872,,,20260908,10000,paired seed; targets nested inside command
Triple,FE,BFGS,alpha_factor,0.03,delta_worst_displacement_a,1,1.2539706206724497,,,20260908,10000,paired seed; targets nested inside command
Triple,FE,BFGS,alpha_factor,0.03,delta_minimum_stiffness_n_m,1,4.0992026345085296e-05,,,20260908,10000,paired seed; targets nested inside command
Triple,FE,BFGS,alpha_factor,0.03,delta_common_nominal_loss_std_n_m,1,0.00517615806384701,,,20260908,10000,paired seed; targets nested inside command
Triple,FE,BFGS,alpha_factor,0.1,delta_solve_wall_s,1,-0.3209320000023581,,,20260908,10000,paired seed; targets nested inside command
Triple,FE,BFGS,alpha_factor,0.1,delta_iterations,1,-615.0,,,20260908,10000,paired seed; targets nested inside command
Triple,FE,BFGS,alpha_factor,0.1,delta_evaluations,1,-604.0,,,20260908,10000,paired seed; targets nested inside command
Triple,FE,BFGS,alpha_factor,0.1,delta_terminal_gradient_l2,1,-6.291084570620348e-09,,,20260908,10000,paired seed; targets nested inside command
Triple,FE,BFGS,alpha_factor,0.1,delta_terminal_gradient_inf,1,-8.172205776843619e-10,,,20260908,10000,paired seed; targets nested inside command
Triple,FE,BFGS,alpha_factor,0.1,delta_relative_gradient_l2,1,-1.970464966576533e-07,,,20260908,10000,paired seed; targets nested inside command
Triple,FE,BFGS,alpha_factor,0.1,delta_objective_n_m,1,-0.0023176904964240866,,,20260908,10000,paired seed; targets nested inside command
Triple,FE,BFGS,alpha_factor,0.1,delta_surrogate_residual_n,1,5.0431336869398555e-06,,,20260908,10000,paired seed; targets nested inside command
Triple,FE,BFGS,alpha_factor,0.1,delta_command_cosine_to_fixed_GFE,1,-0.09801085239413543,,,20260908,10000,paired seed; targets nested inside command
Triple,FE,BFGS,alpha_factor,0.1,delta_field_cosine_to_fixed_GFE,1,-0.0591709102888498,,,20260908,10000,paired seed; targets nested inside command
Triple,FE,BFGS,alpha_factor,0.1,delta_worst_displacement_a,1,1.142433299887077,,,20260908,10000,paired seed; targets nested inside command
Triple,FE,BFGS,alpha_factor,0.1,delta_minimum_stiffness_n_m,1,1.8293905011986748e-05,,,20260908,10000,paired seed; targets nested inside command
Triple,FE,BFGS,alpha_factor,0.1,delta_common_nominal_loss_std_n_m,1,0.004878359778795854,,,20260908,10000,paired seed; targets nested inside command
Triple,FE,BFGS,alpha_factor,0.3,delta_solve_wall_s,1,8.311431399997673,,,20260908,10000,paired seed; targets nested inside command
Triple,FE,BFGS,alpha_factor,0.3,delta_iterations,1,-410.0,,,20260908,10000,paired seed; targets nested inside command
Triple,FE,BFGS,alpha_factor,0.3,delta_evaluations,1,-386.0,,,20260908,10000,paired seed; targets nested inside command
Triple,FE,BFGS,alpha_factor,0.3,delta_terminal_gradient_l2,1,-3.184628855877929e-09,,,20260908,10000,paired seed; targets nested inside command
Triple,FE,BFGS,alpha_factor,0.3,delta_terminal_gradient_inf,1,-9.477764558688418e-10,,,20260908,10000,paired seed; targets nested inside command
Triple,FE,BFGS,alpha_factor,0.3,delta_relative_gradient_l2,1,-9.893319526846227e-08,,,20260908,10000,paired seed; targets nested inside command
Triple,FE,BFGS,alpha_factor,0.3,delta_objective_n_m,1,-0.0009376441540915673,,,20260908,10000,paired seed; targets nested inside command
Triple,FE,BFGS,alpha_factor,0.3,delta_surrogate_residual_n,1,1.3389170204598173e-06,,,20260908,10000,paired seed; targets nested inside command
Triple,FE,BFGS,alpha_factor,0.3,delta_command_cosine_to_fixed_GFE,1,-0.012542814146444425,,,20260908,10000,paired seed; targets nested inside command
Triple,FE,BFGS,alpha_factor,0.3,delta_field_cosine_to_fixed_GFE,1,-0.008365028061702473,,,20260908,10000,paired seed; targets nested inside command
Triple,FE,BFGS,alpha_factor,0.3,delta_worst_displacement_a,1,0.5471672880168813,,,20260908,10000,paired seed; targets nested inside command
Triple,FE,BFGS,alpha_factor,0.3,delta_minimum_stiffness_n_m,1,8.08336459937162e-06,,,20260908,10000,paired seed; targets nested inside command
Triple,FE,BFGS,alpha_factor,0.3,delta_common_nominal_loss_std_n_m,1,0.0004109057721129561,,,20260908,10000,paired seed; targets nested inside command
Triple,FE,BFGS,alpha_factor,1.0,delta_solve_wall_s,1,5.2946879000082845,,,20260908,10000,paired seed; targets nested inside command
Triple,FE,BFGS,alpha_factor,1.0,delta_iterations,1,865.0,,,20260908,10000,paired seed; targets nested inside command
Triple,FE,BFGS,alpha_factor,1.0,delta_evaluations,1,948.0,,,20260908,10000,paired seed; targets nested inside command
Triple,FE,BFGS,alpha_factor,1.0,delta_terminal_gradient_l2,1,1.5109715983799214e-08,,,20260908,10000,paired seed; targets nested inside command
Triple,FE,BFGS,alpha_factor,1.0,delta_terminal_gradient_inf,1,1.3518862987064413e-09,,,20260908,10000,paired seed; targets nested inside command
Triple,FE,BFGS,alpha_factor,1.0,delta_relative_gradient_l2,1,4.7587058866219914e-07,,,20260908,10000,paired seed; targets nested inside command
Triple,FE,BFGS,alpha_factor,1.0,delta_objective_n_m,1,-0.0008305511318768971,,,20260908,10000,paired seed; targets nested inside command
Triple,FE,BFGS,alpha_factor,1.0,delta_surrogate_residual_n,1,-1.1957233108780604e-08,,,20260908,10000,paired seed; targets nested inside command
Triple,FE,BFGS,alpha_factor,1.0,delta_command_cosine_to_fixed_GFE,1,-0.00791626434329451,,,20260908,10000,paired seed; targets nested inside command
Triple,FE,BFGS,alpha_factor,1.0,delta_field_cosine_to_fixed_GFE,1,-0.005473019158753534,,,20260908,10000,paired seed; targets nested inside command
Triple,FE,BFGS,alpha_factor,1.0,delta_worst_displacement_a,1,0.4954361843007933,,,20260908,10000,paired seed; targets nested inside command
Triple,FE,BFGS,alpha_factor,1.0,delta_minimum_stiffness_n_m,1,5.0382388005186865e-05,,,20260908,10000,paired seed; targets nested inside command
Triple,FE,BFGS,alpha_factor,1.0,delta_common_nominal_loss_std_n_m,1,-2.605226474611353e-07,,,20260908,10000,paired seed; targets nested inside command
Triple,FE,BFGS,alpha_factor,3.0,delta_solve_wall_s,1,20.67928579999716,,,20260908,10000,paired seed; targets nested inside command
Triple,FE,BFGS,alpha_factor,3.0,delta_iterations,1,5014.0,,,20260908,10000,paired seed; targets nested inside command
Triple,FE,BFGS,alpha_factor,3.0,delta_evaluations,1,5157.0,,,20260908,10000,paired seed; targets nested inside command
Triple,FE,BFGS,alpha_factor,3.0,delta_terminal_gradient_l2,1,1.9163751166071274e-08,,,20260908,10000,paired seed; targets nested inside command
Triple,FE,BFGS,alpha_factor,3.0,delta_terminal_gradient_inf,1,1.37969270583692e-09,,,20260908,10000,paired seed; targets nested inside command
Triple,FE,BFGS,alpha_factor,3.0,delta_relative_gradient_l2,1,4.866120866409595e-07,,,20260908,10000,paired seed; targets nested inside command
Triple,FE,BFGS,alpha_factor,3.0,delta_objective_n_m,1,-0.000830196852993674,,,20260908,10000,paired seed; targets nested inside command
Triple,FE,BFGS,alpha_factor,3.0,delta_surrogate_residual_n,1,-1.2920129903144075e-08,,,20260908,10000,paired seed; targets nested inside command
Triple,FE,BFGS,alpha_factor,3.0,delta_command_cosine_to_fixed_GFE,1,-0.22424298837603807,,,20260908,10000,paired seed; targets nested inside command
Triple,FE,BFGS,alpha_factor,3.0,delta_field_cosine_to_fixed_GFE,1,-0.14904392207089778,,,20260908,10000,paired seed; targets nested inside command
Triple,FE,BFGS,alpha_factor,3.0,delta_worst_displacement_a,1,0.49545248905743433,,,20260908,10000,paired seed; targets nested inside command
Triple,FE,BFGS,alpha_factor,3.0,delta_minimum_stiffness_n_m,1,5.037318163266511e-05,,,20260908,10000,paired seed; targets nested inside command
Triple,FE,BFGS,alpha_factor,3.0,delta_common_nominal_loss_std_n_m,1,-2.543803910312718e-07,,,20260908,10000,paired seed; targets nested inside command
Triple,FE,BFGS,alpha_factor,10.0,delta_solve_wall_s,1,30.50978999999643,,,20260908,10000,paired seed; targets nested inside command
Triple,FE,BFGS,alpha_factor,10.0,delta_iterations,1,5705.0,,,20260908,10000,paired seed; targets nested inside command
Triple,FE,BFGS,alpha_factor,10.0,delta_evaluations,1,5883.0,,,20260908,10000,paired seed; targets nested inside command
Triple,FE,BFGS,alpha_factor,10.0,delta_terminal_gradient_l2,1,7.217463499988829e-08,,,20260908,10000,paired seed; targets nested inside command
Triple,FE,BFGS,alpha_factor,10.0,delta_terminal_gradient_inf,1,1.4488510169931393e-08,,,20260908,10000,paired seed; targets nested inside command
Triple,FE,BFGS,alpha_factor,10.0,delta_relative_gradient_l2,1,1.3375743577412353e-06,,,20260908,10000,paired seed; targets nested inside command
Triple,FE,BFGS,alpha_factor,10.0,delta_objective_n_m,1,-0.0008300833862158394,,,20260908,10000,paired seed; targets nested inside command
Triple,FE,BFGS,alpha_factor,10.0,delta_surrogate_residual_n,1,-1.3218948316456367e-08,,,20260908,10000,paired seed; targets nested inside command
Triple,FE,BFGS,alpha_factor,10.0,delta_command_cosine_to_fixed_GFE,1,-0.007916720019572665,,,20260908,10000,paired seed; targets nested inside command
Triple,FE,BFGS,alpha_factor,10.0,delta_field_cosine_to_fixed_GFE,1,-0.005473459500002886,,,20260908,10000,paired seed; targets nested inside command
Triple,FE,BFGS,alpha_factor,10.0,delta_worst_displacement_a,1,0.49546394763830626,,,20260908,10000,paired seed; targets nested inside command
Triple,FE,BFGS,alpha_factor,10.0,delta_minimum_stiffness_n_m,1,5.033992133736745e-05,,,20260908,10000,paired seed; targets nested inside command
Triple,FE,BFGS,alpha_factor,10.0,delta_common_nominal_loss_std_n_m,1,6.247058202246845e-08,,,20260908,10000,paired seed; targets nested inside command
Triple,FE,BFGS,alpha_factor,30.0,delta_solve_wall_s,1,55.90559609999764,,,20260908,10000,paired seed; targets nested inside command
Triple,FE,BFGS,alpha_factor,30.0,delta_iterations,1,10646.0,,,20260908,10000,paired seed; targets nested inside command
Triple,FE,BFGS,alpha_factor,30.0,delta_evaluations,1,10973.0,,,20260908,10000,paired seed; targets nested inside command
Triple,FE,BFGS,alpha_factor,30.0,delta_terminal_gradient_l2,1,1.1654223108693543e-06,,,20260908,10000,paired seed; targets nested inside command
Triple,FE,BFGS,alpha_factor,30.0,delta_terminal_gradient_inf,1,2.235046698906496e-07,,,20260908,10000,paired seed; targets nested inside command
Triple,FE,BFGS,alpha_factor,30.0,delta_relative_gradient_l2,1,1.3974674197230825e-05,,,20260908,10000,paired seed; targets nested inside command
Triple,FE,BFGS,alpha_factor,30.0,delta_objective_n_m,1,-0.0008300631011698492,,,20260908,10000,paired seed; targets nested inside command
Triple,FE,BFGS,alpha_factor,30.0,delta_surrogate_residual_n,1,-1.3303311008616795e-08,,,20260908,10000,paired seed; targets nested inside command
Triple,FE,BFGS,alpha_factor,30.0,delta_command_cosine_to_fixed_GFE,1,-0.2242186716261706,,,20260908,10000,paired seed; targets nested inside command
Triple,FE,BFGS,alpha_factor,30.0,delta_field_cosine_to_fixed_GFE,1,-0.14902433988840091,,,20260908,10000,paired seed; targets nested inside command
Triple,FE,BFGS,alpha_factor,30.0,delta_worst_displacement_a,1,0.4954782311520851,,,20260908,10000,paired seed; targets nested inside command
Triple,FE,BFGS,alpha_factor,30.0,delta_minimum_stiffness_n_m,1,5.0269182968601996e-05,,,20260908,10000,paired seed; targets nested inside command
Triple,FE,BFGS,alpha_factor,30.0,delta_common_nominal_loss_std_n_m,1,1.0272597266746428e-06,,,20260908,10000,paired seed; targets nested inside command
Triple,FE,BFGS,alpha_factor,100.0,delta_solve_wall_s,1,115.77127990000008,,,20260908,10000,paired seed; targets nested inside command
Triple,FE,BFGS,alpha_factor,100.0,delta_iterations,1,27223.0,,,20260908,10000,paired seed; targets nested inside command
Triple,FE,BFGS,alpha_factor,100.0,delta_evaluations,1,27874.0,,,20260908,10000,paired seed; targets nested inside command
Triple,FE,BFGS,alpha_factor,100.0,delta_terminal_gradient_l2,1,0.004366962825080731,,,20260908,10000,paired seed; targets nested inside command
Triple,FE,BFGS,alpha_factor,100.0,delta_terminal_gradient_inf,1,0.00087050846484553,,,20260908,10000,paired seed; targets nested inside command
Triple,FE,BFGS,alpha_factor,100.0,delta_relative_gradient_l2,1,0.01993086569169878,,,20260908,10000,paired seed; targets nested inside command
Triple,FE,BFGS,alpha_factor,100.0,delta_objective_n_m,1,-0.0005573586427670071,,,20260908,10000,paired seed; targets nested inside command
Triple,FE,BFGS,alpha_factor,100.0,delta_surrogate_residual_n,1,-1.332837973483961e-08,,,20260908,10000,paired seed; targets nested inside command
Triple,FE,BFGS,alpha_factor,100.0,delta_command_cosine_to_fixed_GFE,1,-0.02253866834274809,,,20260908,10000,paired seed; targets nested inside command
Triple,FE,BFGS,alpha_factor,100.0,delta_field_cosine_to_fixed_GFE,1,-0.010103823929633604,,,20260908,10000,paired seed; targets nested inside command
Triple,FE,BFGS,alpha_factor,100.0,delta_worst_displacement_a,1,0.4983324933041291,,,20260908,10000,paired seed; targets nested inside command
Triple,FE,BFGS,alpha_factor,100.0,delta_minimum_stiffness_n_m,1,3.459669464665684e-05,,,20260908,10000,paired seed; targets nested inside command
Triple,FE,BFGS,alpha_factor,100.0,delta_common_nominal_loss_std_n_m,1,-1.5158637778190923e-07,,,20260908,10000,paired seed; targets nested inside command
Triple,GFE,BFGS,alpha_factor,0.01,delta_solve_wall_s,1,-2.1837046000000555,,,20260908,10000,paired seed; targets nested inside command
Triple,GFE,BFGS,alpha_factor,0.01,delta_iterations,1,-1253.0,,,20260908,10000,paired seed; targets nested inside command
Triple,GFE,BFGS,alpha_factor,0.01,delta_evaluations,1,-1266.0,,,20260908,10000,paired seed; targets nested inside command
Triple,GFE,BFGS,alpha_factor,0.01,delta_terminal_gradient_l2,1,-2.691925081584216e-09,,,20260908,10000,paired seed; targets nested inside command
Triple,GFE,BFGS,alpha_factor,0.01,delta_terminal_gradient_inf,1,-1.1080224790559602e-10,,,20260908,10000,paired seed; targets nested inside command
Triple,GFE,BFGS,alpha_factor,0.01,delta_relative_gradient_l2,1,-7.223498467705438e-08,,,20260908,10000,paired seed; targets nested inside command
Triple,GFE,BFGS,alpha_factor,0.01,delta_objective_n_m,1,-0.0034720477032129937,,,20260908,10000,paired seed; targets nested inside command
Triple,GFE,BFGS,alpha_factor,0.01,delta_surrogate_residual_n,1,6.537459943845846e-06,,,20260908,10000,paired seed; targets nested inside command
Triple,GFE,BFGS,alpha_factor,0.01,delta_command_cosine_to_fixed_GFE,1,-0.10522916703060436,,,20260908,10000,paired seed; targets nested inside command
Triple,GFE,BFGS,alpha_factor,0.01,delta_field_cosine_to_fixed_GFE,1,-0.06409062485910932,,,20260908,10000,paired seed; targets nested inside command
Triple,GFE,BFGS,alpha_factor,0.01,delta_worst_displacement_a,1,1.2850008156327806,,,20260908,10000,paired seed; targets nested inside command
Triple,GFE,BFGS,alpha_factor,0.01,delta_minimum_stiffness_n_m,1,3.300854566012728e-05,,,20260908,10000,paired seed; targets nested inside command
Triple,GFE,BFGS,alpha_factor,0.01,delta_common_nominal_loss_std_n_m,1,0.004906434308295748,,,20260908,10000,paired seed; targets nested inside command
Triple,GFE,BFGS,alpha_factor,0.03,delta_solve_wall_s,1,-2.5471924000012223,,,20260908,10000,paired seed; targets nested inside command
Triple,GFE,BFGS,alpha_factor,0.03,delta_iterations,1,-1149.0,,,20260908,10000,paired seed; targets nested inside command
Triple,GFE,BFGS,alpha_factor,0.03,delta_evaluations,1,-1083.0,,,20260908,10000,paired seed; targets nested inside command
Triple,GFE,BFGS,alpha_factor,0.03,delta_terminal_gradient_l2,1,-8.094550377816213e-09,,,20260908,10000,paired seed; targets nested inside command
Triple,GFE,BFGS,alpha_factor,0.03,delta_terminal_gradient_inf,1,4.717192279415877e-10,,,20260908,10000,paired seed; targets nested inside command
Triple,GFE,BFGS,alpha_factor,0.03,delta_relative_gradient_l2,1,-2.55553295264258e-07,,,20260908,10000,paired seed; targets nested inside command
Triple,GFE,BFGS,alpha_factor,0.03,delta_objective_n_m,1,-0.0031620024039780495,,,20260908,10000,paired seed; targets nested inside command
Triple,GFE,BFGS,alpha_factor,0.03,delta_surrogate_residual_n,1,6.221084346296147e-06,,,20260908,10000,paired seed; targets nested inside command
Triple,GFE,BFGS,alpha_factor,0.03,delta_command_cosine_to_fixed_GFE,1,-0.10313377016626535,,,20260908,10000,paired seed; targets nested inside command
Triple,GFE,BFGS,alpha_factor,0.03,delta_field_cosine_to_fixed_GFE,1,-0.06267503615758407,,,20260908,10000,paired seed; targets nested inside command
Triple,GFE,BFGS,alpha_factor,0.03,delta_worst_displacement_a,1,1.2463128139486197,,,20260908,10000,paired seed; targets nested inside command
Triple,GFE,BFGS,alpha_factor,0.03,delta_minimum_stiffness_n_m,1,5.5904424431532955e-05,,,20260908,10000,paired seed; targets nested inside command
Triple,GFE,BFGS,alpha_factor,0.03,delta_common_nominal_loss_std_n_m,1,0.005109241240087387,,,20260908,10000,paired seed; targets nested inside command
Triple,GFE,BFGS,alpha_factor,0.1,delta_solve_wall_s,1,-1.6845944000087911,,,20260908,10000,paired seed; targets nested inside command
Triple,GFE,BFGS,alpha_factor,0.1,delta_iterations,1,-816.0,,,20260908,10000,paired seed; targets nested inside command
Triple,GFE,BFGS,alpha_factor,0.1,delta_evaluations,1,-812.0,,,20260908,10000,paired seed; targets nested inside command
Triple,GFE,BFGS,alpha_factor,0.1,delta_terminal_gradient_l2,1,-1.86932958343424e-09,,,20260908,10000,paired seed; targets nested inside command
Triple,GFE,BFGS,alpha_factor,0.1,delta_terminal_gradient_inf,1,-3.5892342060034636e-11,,,20260908,10000,paired seed; targets nested inside command
Triple,GFE,BFGS,alpha_factor,0.1,delta_relative_gradient_l2,1,-4.596159436954913e-08,,,20260908,10000,paired seed; targets nested inside command
Triple,GFE,BFGS,alpha_factor,0.1,delta_objective_n_m,1,-0.0022290634992463212,,,20260908,10000,paired seed; targets nested inside command
Triple,GFE,BFGS,alpha_factor,0.1,delta_surrogate_residual_n,1,5.193181256188445e-06,,,20260908,10000,paired seed; targets nested inside command
Triple,GFE,BFGS,alpha_factor,0.1,delta_command_cosine_to_fixed_GFE,1,-0.09783254996843171,,,20260908,10000,paired seed; targets nested inside command
Triple,GFE,BFGS,alpha_factor,0.1,delta_field_cosine_to_fixed_GFE,1,-0.05888782117142077,,,20260908,10000,paired seed; targets nested inside command
Triple,GFE,BFGS,alpha_factor,0.1,delta_worst_displacement_a,1,1.111479045843386,,,20260908,10000,paired seed; targets nested inside command
Triple,GFE,BFGS,alpha_factor,0.1,delta_minimum_stiffness_n_m,1,3.951305796883516e-05,,,20260908,10000,paired seed; targets nested inside command
Triple,GFE,BFGS,alpha_factor,0.1,delta_common_nominal_loss_std_n_m,1,0.004707982372315283,,,20260908,10000,paired seed; targets nested inside command
Triple,GFE,BFGS,alpha_factor,0.3,delta_solve_wall_s,1,-0.38375080001424067,,,20260908,10000,paired seed; targets nested inside command
Triple,GFE,BFGS,alpha_factor,0.3,delta_iterations,1,-556.0,,,20260908,10000,paired seed; targets nested inside command
Triple,GFE,BFGS,alpha_factor,0.3,delta_evaluations,1,-543.0,,,20260908,10000,paired seed; targets nested inside command
Triple,GFE,BFGS,alpha_factor,0.3,delta_terminal_gradient_l2,1,4.8610782109118835e-09,,,20260908,10000,paired seed; targets nested inside command
Triple,GFE,BFGS,alpha_factor,0.3,delta_terminal_gradient_inf,1,-5.850348384653869e-10,,,20260908,10000,paired seed; targets nested inside command
Triple,GFE,BFGS,alpha_factor,0.3,delta_relative_gradient_l2,1,1.7737427230420092e-07,,,20260908,10000,paired seed; targets nested inside command
Triple,GFE,BFGS,alpha_factor,0.3,delta_objective_n_m,1,-0.0005568732946066787,,,20260908,10000,paired seed; targets nested inside command
Triple,GFE,BFGS,alpha_factor,0.3,delta_surrogate_residual_n,1,2.00047724051546e-06,,,20260908,10000,paired seed; targets nested inside command
Triple,GFE,BFGS,alpha_factor,0.3,delta_command_cosine_to_fixed_GFE,1,-0.015205994094464104,,,20260908,10000,paired seed; targets nested inside command
Triple,GFE,BFGS,alpha_factor,0.3,delta_field_cosine_to_fixed_GFE,1,-0.008778080616822392,,,20260908,10000,paired seed; targets nested inside command
Triple,GFE,BFGS,alpha_factor,0.3,delta_worst_displacement_a,1,0.3233118601645124,,,20260908,10000,paired seed; targets nested inside command
Triple,GFE,BFGS,alpha_factor,0.3,delta_minimum_stiffness_n_m,1,-2.4440047975259754e-06,,,20260908,10000,paired seed; targets nested inside command
Triple,GFE,BFGS,alpha_factor,0.3,delta_common_nominal_loss_std_n_m,1,0.0012759346808655684,,,20260908,10000,paired seed; targets nested inside command
Triple,GFE,BFGS,alpha_factor,1.0,delta_solve_wall_s,1,0.0,,,20260908,10000,paired seed; targets nested inside command
Triple,GFE,BFGS,alpha_factor,1.0,delta_iterations,1,0.0,,,20260908,10000,paired seed; targets nested inside command
Triple,GFE,BFGS,alpha_factor,1.0,delta_evaluations,1,0.0,,,20260908,10000,paired seed; targets nested inside command
Triple,GFE,BFGS,alpha_factor,1.0,delta_terminal_gradient_l2,1,0.0,,,20260908,10000,paired seed; targets nested inside command
Triple,GFE,BFGS,alpha_factor,1.0,delta_terminal_gradient_inf,1,0.0,,,20260908,10000,paired seed; targets nested inside command
Triple,GFE,BFGS,alpha_factor,1.0,delta_relative_gradient_l2,1,0.0,,,20260908,10000,paired seed; targets nested inside command
Triple,GFE,BFGS,alpha_factor,1.0,delta_objective_n_m,1,0.0,,,20260908,10000,paired seed; targets nested inside command
Triple,GFE,BFGS,alpha_factor,1.0,delta_surrogate_residual_n,1,0.0,,,20260908,10000,paired seed; targets nested inside command
Triple,GFE,BFGS,alpha_factor,1.0,delta_command_cosine_to_fixed_GFE,1,0.0,,,20260908,10000,paired seed; targets nested inside command
Triple,GFE,BFGS,alpha_factor,1.0,delta_field_cosine_to_fixed_GFE,1,-5.551115123125783e-16,,,20260908,10000,paired seed; targets nested inside command
Triple,GFE,BFGS,alpha_factor,1.0,delta_worst_displacement_a,1,0.0,,,20260908,10000,paired seed; targets nested inside command
Triple,GFE,BFGS,alpha_factor,1.0,delta_minimum_stiffness_n_m,1,0.0,,,20260908,10000,paired seed; targets nested inside command
Triple,GFE,BFGS,alpha_factor,1.0,delta_common_nominal_loss_std_n_m,1,0.0,,,20260908,10000,paired seed; targets nested inside command
Triple,GFE,BFGS,alpha_factor,3.0,delta_solve_wall_s,1,1.761979999995674,,,20260908,10000,paired seed; targets nested inside command
Triple,GFE,BFGS,alpha_factor,3.0,delta_iterations,1,-21.0,,,20260908,10000,paired seed; targets nested inside command
Triple,GFE,BFGS,alpha_factor,3.0,delta_evaluations,1,-27.0,,,20260908,10000,paired seed; targets nested inside command
Triple,GFE,BFGS,alpha_factor,3.0,delta_terminal_gradient_l2,1,1.5966386703131542e-08,,,20260908,10000,paired seed; targets nested inside command
Triple,GFE,BFGS,alpha_factor,3.0,delta_terminal_gradient_inf,1,-6.818686584907487e-10,,,20260908,10000,paired seed; targets nested inside command
Triple,GFE,BFGS,alpha_factor,3.0,delta_relative_gradient_l2,1,4.723187422177977e-07,,,20260908,10000,paired seed; targets nested inside command
Triple,GFE,BFGS,alpha_factor,3.0,delta_objective_n_m,1,5.4950017105842575e-06,,,20260908,10000,paired seed; targets nested inside command
Triple,GFE,BFGS,alpha_factor,3.0,delta_surrogate_residual_n,1,-1.0140842017369424e-08,,,20260908,10000,paired seed; targets nested inside command
Triple,GFE,BFGS,alpha_factor,3.0,delta_command_cosine_to_fixed_GFE,1,-0.2305895246164108,,,20260908,10000,paired seed; targets nested inside command
Triple,GFE,BFGS,alpha_factor,3.0,delta_field_cosine_to_fixed_GFE,1,-0.15077884005918074,,,20260908,10000,paired seed; targets nested inside command
Triple,GFE,BFGS,alpha_factor,3.0,delta_worst_displacement_a,1,0.004013517751649764,,,20260908,10000,paired seed; targets nested inside command
Triple,GFE,BFGS,alpha_factor,3.0,delta_minimum_stiffness_n_m,1,6.3378548444893885e-06,,,20260908,10000,paired seed; targets nested inside command
Triple,GFE,BFGS,alpha_factor,3.0,delta_common_nominal_loss_std_n_m,1,-3.2924268165956877e-07,,,20260908,10000,paired seed; targets nested inside command
Triple,GFE,BFGS,alpha_factor,10.0,delta_solve_wall_s,1,4.576318100007484,,,20260908,10000,paired seed; targets nested inside command
Triple,GFE,BFGS,alpha_factor,10.0,delta_iterations,1,899.0,,,20260908,10000,paired seed; targets nested inside command
Triple,GFE,BFGS,alpha_factor,10.0,delta_evaluations,1,987.0,,,20260908,10000,paired seed; targets nested inside command
Triple,GFE,BFGS,alpha_factor,10.0,delta_terminal_gradient_l2,1,5.5921351095888356e-08,,,20260908,10000,paired seed; targets nested inside command
Triple,GFE,BFGS,alpha_factor,10.0,delta_terminal_gradient_inf,1,9.451669102024683e-09,,,20260908,10000,paired seed; targets nested inside command
Triple,GFE,BFGS,alpha_factor,10.0,delta_relative_gradient_l2,1,1.3748055487674417e-06,,,20260908,10000,paired seed; targets nested inside command
Triple,GFE,BFGS,alpha_factor,10.0,delta_objective_n_m,1,7.14076006180786e-06,,,20260908,10000,paired seed; targets nested inside command
Triple,GFE,BFGS,alpha_factor,10.0,delta_surrogate_residual_n,1,-1.2408897853425777e-08,,,20260908,10000,paired seed; targets nested inside command
Triple,GFE,BFGS,alpha_factor,10.0,delta_command_cosine_to_fixed_GFE,1,-0.2306463274426196,,,20260908,10000,paired seed; targets nested inside command
Triple,GFE,BFGS,alpha_factor,10.0,delta_field_cosine_to_fixed_GFE,1,-0.15082521671289228,,,20260908,10000,paired seed; targets nested inside command
Triple,GFE,BFGS,alpha_factor,10.0,delta_worst_displacement_a,1,0.005198206617067325,,,20260908,10000,paired seed; targets nested inside command
Triple,GFE,BFGS,alpha_factor,10.0,delta_minimum_stiffness_n_m,1,5.130145963289957e-06,,,20260908,10000,paired seed; targets nested inside command
Triple,GFE,BFGS,alpha_factor,10.0,delta_common_nominal_loss_std_n_m,1,-6.85567978492212e-08,,,20260908,10000,paired seed; targets nested inside command
Triple,GFE,BFGS,alpha_factor,30.0,delta_solve_wall_s,1,9.858281399981934,,,20260908,10000,paired seed; targets nested inside command
Triple,GFE,BFGS,alpha_factor,30.0,delta_iterations,1,1589.0,,,20260908,10000,paired seed; targets nested inside command
Triple,GFE,BFGS,alpha_factor,30.0,delta_evaluations,1,1644.0,,,20260908,10000,paired seed; targets nested inside command
Triple,GFE,BFGS,alpha_factor,30.0,delta_terminal_gradient_l2,1,-5.817118869148944e-09,,,20260908,10000,paired seed; targets nested inside command
Triple,GFE,BFGS,alpha_factor,30.0,delta_terminal_gradient_inf,1,-2.660200871721876e-09,,,20260908,10000,paired seed; targets nested inside command
Triple,GFE,BFGS,alpha_factor,30.0,delta_relative_gradient_l2,1,-5.750677715543951e-07,,,20260908,10000,paired seed; targets nested inside command
Triple,GFE,BFGS,alpha_factor,30.0,delta_objective_n_m,1,7.596639715952425e-06,,,20260908,10000,paired seed; targets nested inside command
Triple,GFE,BFGS,alpha_factor,30.0,delta_surrogate_residual_n,1,-1.303389772608576e-08,,,20260908,10000,paired seed; targets nested inside command
Triple,GFE,BFGS,alpha_factor,30.0,delta_command_cosine_to_fixed_GFE,1,-0.23066032916040013,,,20260908,10000,paired seed; targets nested inside command
Triple,GFE,BFGS,alpha_factor,30.0,delta_field_cosine_to_fixed_GFE,1,-0.1508367574345244,,,20260908,10000,paired seed; targets nested inside command
Triple,GFE,BFGS,alpha_factor,30.0,delta_worst_displacement_a,1,0.005544451903737813,,,20260908,10000,paired seed; targets nested inside command
Triple,GFE,BFGS,alpha_factor,30.0,delta_minimum_stiffness_n_m,1,6.131572220116708e-06,,,20260908,10000,paired seed; targets nested inside command
Triple,GFE,BFGS,alpha_factor,30.0,delta_common_nominal_loss_std_n_m,1,5.51400858803882e-07,,,20260908,10000,paired seed; targets nested inside command
Triple,GFE,BFGS,alpha_factor,100.0,delta_solve_wall_s,1,26.788648699992336,,,20260908,10000,paired seed; targets nested inside command
Triple,GFE,BFGS,alpha_factor,100.0,delta_iterations,1,6020.0,,,20260908,10000,paired seed; targets nested inside command
Triple,GFE,BFGS,alpha_factor,100.0,delta_evaluations,1,6216.0,,,20260908,10000,paired seed; targets nested inside command
Triple,GFE,BFGS,alpha_factor,100.0,delta_terminal_gradient_l2,1,1.91379687945058e-09,,,20260908,10000,paired seed; targets nested inside command
Triple,GFE,BFGS,alpha_factor,100.0,delta_terminal_gradient_inf,1,-3.5989544133424134e-09,,,20260908,10000,paired seed; targets nested inside command
Triple,GFE,BFGS,alpha_factor,100.0,delta_relative_gradient_l2,1,-7.719411828753135e-07,,,20260908,10000,paired seed; targets nested inside command
Triple,GFE,BFGS,alpha_factor,100.0,delta_objective_n_m,1,7.698010324914961e-06,,,20260908,10000,paired seed; targets nested inside command
Triple,GFE,BFGS,alpha_factor,100.0,delta_surrogate_residual_n,1,-1.3251990298213246e-08,,,20260908,10000,paired seed; targets nested inside command
Triple,GFE,BFGS,alpha_factor,100.0,delta_command_cosine_to_fixed_GFE,1,-0.23065962587048205,,,20260908,10000,paired seed; targets nested inside command
Triple,GFE,BFGS,alpha_factor,100.0,delta_field_cosine_to_fixed_GFE,1,-0.15083501388180598,,,20260908,10000,paired seed; targets nested inside command
Triple,GFE,BFGS,alpha_factor,100.0,delta_worst_displacement_a,1,0.005670367173087498,,,20260908,10000,paired seed; targets nested inside command
Triple,GFE,BFGS,alpha_factor,100.0,delta_minimum_stiffness_n_m,1,6.421230416368438e-06,,,20260908,10000,paired seed; targets nested inside command
Triple,GFE,BFGS,alpha_factor,100.0,delta_common_nominal_loss_std_n_m,1,4.3991340238976705e-06,,,20260908,10000,paired seed; targets nested inside command
Triple,GFE,BFGS,alpha_x_epsilon_force,"0.1,0.1",delta_solve_wall_s,1,-2.1294166000006953,,,20260908,10000,paired seed; targets nested inside command
Triple,GFE,BFGS,alpha_x_epsilon_force,"0.1,0.1",delta_iterations,1,-934.0,,,20260908,10000,paired seed; targets nested inside command
Triple,GFE,BFGS,alpha_x_epsilon_force,"0.1,0.1",delta_evaluations,1,-935.0,,,20260908,10000,paired seed; targets nested inside command
Triple,GFE,BFGS,alpha_x_epsilon_force,"0.1,0.1",delta_terminal_gradient_l2,1,5.756389143416214e-09,,,20260908,10000,paired seed; targets nested inside command
Triple,GFE,BFGS,alpha_x_epsilon_force,"0.1,0.1",delta_terminal_gradient_inf,1,-4.503042299156305e-10,,,20260908,10000,paired seed; targets nested inside command
Triple,GFE,BFGS,alpha_x_epsilon_force,"0.1,0.1",delta_relative_gradient_l2,1,2.119994049679831e-07,,,20260908,10000,paired seed; targets nested inside command
Triple,GFE,BFGS,alpha_x_epsilon_force,"0.1,0.1",delta_objective_n_m,1,-0.0022255796591403587,,,20260908,10000,paired seed; targets nested inside command
Triple,GFE,BFGS,alpha_x_epsilon_force,"0.1,0.1",delta_surrogate_residual_n,1,5.193190304356999e-06,,,20260908,10000,paired seed; targets nested inside command
Triple,GFE,BFGS,alpha_x_epsilon_force,"0.1,0.1",delta_command_cosine_to_fixed_GFE,1,-0.09783350022055526,,,20260908,10000,paired seed; targets nested inside command
Triple,GFE,BFGS,alpha_x_epsilon_force,"0.1,0.1",delta_field_cosine_to_fixed_GFE,1,-0.0588880681670948,,,20260908,10000,paired seed; targets nested inside command
Triple,GFE,BFGS,alpha_x_epsilon_force,"0.1,0.1",delta_worst_displacement_a,1,1.1114733870539744,,,20260908,10000,paired seed; targets nested inside command
Triple,GFE,BFGS,alpha_x_epsilon_force,"0.1,0.1",delta_minimum_stiffness_n_m,1,3.951481576367432e-05,,,20260908,10000,paired seed; targets nested inside command
Triple,GFE,BFGS,alpha_x_epsilon_force,"0.1,0.1",delta_common_nominal_loss_std_n_m,1,0.0047079923155961744,,,20260908,10000,paired seed; targets nested inside command
Triple,GFE,BFGS,alpha_x_epsilon_force,"0.1,1",delta_solve_wall_s,1,-1.6845944000087911,,,20260908,10000,paired seed; targets nested inside command
Triple,GFE,BFGS,alpha_x_epsilon_force,"0.1,1",delta_iterations,1,-816.0,,,20260908,10000,paired seed; targets nested inside command
Triple,GFE,BFGS,alpha_x_epsilon_force,"0.1,1",delta_evaluations,1,-812.0,,,20260908,10000,paired seed; targets nested inside command
Triple,GFE,BFGS,alpha_x_epsilon_force,"0.1,1",delta_terminal_gradient_l2,1,-1.86932958343424e-09,,,20260908,10000,paired seed; targets nested inside command
Triple,GFE,BFGS,alpha_x_epsilon_force,"0.1,1",delta_terminal_gradient_inf,1,-3.5892342060034636e-11,,,20260908,10000,paired seed; targets nested inside command
Triple,GFE,BFGS,alpha_x_epsilon_force,"0.1,1",delta_relative_gradient_l2,1,-4.596159436954913e-08,,,20260908,10000,paired seed; targets nested inside command
Triple,GFE,BFGS,alpha_x_epsilon_force,"0.1,1",delta_objective_n_m,1,-0.0022290634992463212,,,20260908,10000,paired seed; targets nested inside command
Triple,GFE,BFGS,alpha_x_epsilon_force,"0.1,1",delta_surrogate_residual_n,1,5.193181256188445e-06,,,20260908,10000,paired seed; targets nested inside command
Triple,GFE,BFGS,alpha_x_epsilon_force,"0.1,1",delta_command_cosine_to_fixed_GFE,1,-0.09783254996843171,,,20260908,10000,paired seed; targets nested inside command
Triple,GFE,BFGS,alpha_x_epsilon_force,"0.1,1",delta_field_cosine_to_fixed_GFE,1,-0.05888782117142077,,,20260908,10000,paired seed; targets nested inside command
Triple,GFE,BFGS,alpha_x_epsilon_force,"0.1,1",delta_worst_displacement_a,1,1.111479045843386,,,20260908,10000,paired seed; targets nested inside command
Triple,GFE,BFGS,alpha_x_epsilon_force,"0.1,1",delta_minimum_stiffness_n_m,1,3.951305796883516e-05,,,20260908,10000,paired seed; targets nested inside command
Triple,GFE,BFGS,alpha_x_epsilon_force,"0.1,1",delta_common_nominal_loss_std_n_m,1,0.004707982372315283,,,20260908,10000,paired seed; targets nested inside command
Triple,GFE,BFGS,alpha_x_epsilon_force,"0.1,10",delta_solve_wall_s,1,-2.261617500000284,,,20260908,10000,paired seed; targets nested inside command
Triple,GFE,BFGS,alpha_x_epsilon_force,"0.1,10",delta_iterations,1,-808.0,,,20260908,10000,paired seed; targets nested inside command
Triple,GFE,BFGS,alpha_x_epsilon_force,"0.1,10",delta_evaluations,1,-807.0,,,20260908,10000,paired seed; targets nested inside command
Triple,GFE,BFGS,alpha_x_epsilon_force,"0.1,10",delta_terminal_gradient_l2,1,-1.1511479851527192e-09,,,20260908,10000,paired seed; targets nested inside command
Triple,GFE,BFGS,alpha_x_epsilon_force,"0.1,10",delta_terminal_gradient_inf,1,1.0440612547978095e-10,,,20260908,10000,paired seed; targets nested inside command
Triple,GFE,BFGS,alpha_x_epsilon_force,"0.1,10",delta_relative_gradient_l2,1,-2.1658157589627134e-08,,,20260908,10000,paired seed; targets nested inside command
Triple,GFE,BFGS,alpha_x_epsilon_force,"0.1,10",delta_objective_n_m,1,-0.0022631301538975565,,,20260908,10000,paired seed; targets nested inside command
Triple,GFE,BFGS,alpha_x_epsilon_force,"0.1,10",delta_surrogate_residual_n,1,5.193402875514608e-06,,,20260908,10000,paired seed; targets nested inside command
Triple,GFE,BFGS,alpha_x_epsilon_force,"0.1,10",delta_command_cosine_to_fixed_GFE,1,-0.0978365229355721,,,20260908,10000,paired seed; targets nested inside command
Triple,GFE,BFGS,alpha_x_epsilon_force,"0.1,10",delta_field_cosine_to_fixed_GFE,1,-0.05889180670564775,,,20260908,10000,paired seed; targets nested inside command
Triple,GFE,BFGS,alpha_x_epsilon_force,"0.1,10",delta_worst_displacement_a,1,1.1117075577060032,,,20260908,10000,paired seed; targets nested inside command
Triple,GFE,BFGS,alpha_x_epsilon_force,"0.1,10",delta_minimum_stiffness_n_m,1,3.976435653697623e-05,,,20260908,10000,paired seed; targets nested inside command
Triple,GFE,BFGS,alpha_x_epsilon_force,"0.1,10",delta_common_nominal_loss_std_n_m,1,0.0047051590569384474,,,20260908,10000,paired seed; targets nested inside command
Triple,GFE,BFGS,alpha_x_epsilon_force,"1,0.1",delta_solve_wall_s,1,2.9676343999890378,,,20260908,10000,paired seed; targets nested inside command
Triple,GFE,BFGS,alpha_x_epsilon_force,"1,0.1",delta_iterations,1,620.0,,,20260908,10000,paired seed; targets nested inside command
Triple,GFE,BFGS,alpha_x_epsilon_force,"1,0.1",delta_evaluations,1,655.0,,,20260908,10000,paired seed; targets nested inside command
Triple,GFE,BFGS,alpha_x_epsilon_force,"1,0.1",delta_terminal_gradient_l2,1,8.935105480920297e-09,,,20260908,10000,paired seed; targets nested inside command
Triple,GFE,BFGS,alpha_x_epsilon_force,"1,0.1",delta_terminal_gradient_inf,1,-5.719253632104337e-10,,,20260908,10000,paired seed; targets nested inside command
Triple,GFE,BFGS,alpha_x_epsilon_force,"1,0.1",delta_relative_gradient_l2,1,2.975866077147903e-07,,,20260908,10000,paired seed; targets nested inside command
Triple,GFE,BFGS,alpha_x_epsilon_force,"1,0.1",delta_objective_n_m,1,7.049883858620265e-06,,,20260908,10000,paired seed; targets nested inside command
Triple,GFE,BFGS,alpha_x_epsilon_force,"1,0.1",delta_surrogate_residual_n,1,-1.1995599264405391e-08,,,20260908,10000,paired seed; targets nested inside command
Triple,GFE,BFGS,alpha_x_epsilon_force,"1,0.1",delta_command_cosine_to_fixed_GFE,1,-1.001482380358354e-06,,,20260908,10000,paired seed; targets nested inside command
Triple,GFE,BFGS,alpha_x_epsilon_force,"1,0.1",delta_field_cosine_to_fixed_GFE,1,-5.613514482138982e-07,,,20260908,10000,paired seed; targets nested inside command
Triple,GFE,BFGS,alpha_x_epsilon_force,"1,0.1",delta_worst_displacement_a,1,0.005142203914237142,,,20260908,10000,paired seed; targets nested inside command
Triple,GFE,BFGS,alpha_x_epsilon_force,"1,0.1",delta_minimum_stiffness_n_m,1,4.945133650135786e-06,,,20260908,10000,paired seed; targets nested inside command
Triple,GFE,BFGS,alpha_x_epsilon_force,"1,0.1",delta_common_nominal_loss_std_n_m,1,-2.343339421712905e-07,,,20260908,10000,paired seed; targets nested inside command
Triple,GFE,BFGS,alpha_x_epsilon_force,"1,1",delta_solve_wall_s,1,0.0,,,20260908,10000,paired seed; targets nested inside command
Triple,GFE,BFGS,alpha_x_epsilon_force,"1,1",delta_iterations,1,0.0,,,20260908,10000,paired seed; targets nested inside command
Triple,GFE,BFGS,alpha_x_epsilon_force,"1,1",delta_evaluations,1,0.0,,,20260908,10000,paired seed; targets nested inside command
Triple,GFE,BFGS,alpha_x_epsilon_force,"1,1",delta_terminal_gradient_l2,1,0.0,,,20260908,10000,paired seed; targets nested inside command
Triple,GFE,BFGS,alpha_x_epsilon_force,"1,1",delta_terminal_gradient_inf,1,0.0,,,20260908,10000,paired seed; targets nested inside command
Triple,GFE,BFGS,alpha_x_epsilon_force,"1,1",delta_relative_gradient_l2,1,0.0,,,20260908,10000,paired seed; targets nested inside command
Triple,GFE,BFGS,alpha_x_epsilon_force,"1,1",delta_objective_n_m,1,0.0,,,20260908,10000,paired seed; targets nested inside command
Triple,GFE,BFGS,alpha_x_epsilon_force,"1,1",delta_surrogate_residual_n,1,0.0,,,20260908,10000,paired seed; targets nested inside command
Triple,GFE,BFGS,alpha_x_epsilon_force,"1,1",delta_command_cosine_to_fixed_GFE,1,0.0,,,20260908,10000,paired seed; targets nested inside command
Triple,GFE,BFGS,alpha_x_epsilon_force,"1,1",delta_field_cosine_to_fixed_GFE,1,-5.551115123125783e-16,,,20260908,10000,paired seed; targets nested inside command
Triple,GFE,BFGS,alpha_x_epsilon_force,"1,1",delta_worst_displacement_a,1,0.0,,,20260908,10000,paired seed; targets nested inside command
Triple,GFE,BFGS,alpha_x_epsilon_force,"1,1",delta_minimum_stiffness_n_m,1,0.0,,,20260908,10000,paired seed; targets nested inside command
Triple,GFE,BFGS,alpha_x_epsilon_force,"1,1",delta_common_nominal_loss_std_n_m,1,0.0,,,20260908,10000,paired seed; targets nested inside command
Triple,GFE,BFGS,alpha_x_epsilon_force,"1,10",delta_solve_wall_s,1,-0.2632337999966694,,,20260908,10000,paired seed; targets nested inside command
Triple,GFE,BFGS,alpha_x_epsilon_force,"1,10",delta_iterations,1,-549.0,,,20260908,10000,paired seed; targets nested inside command
Triple,GFE,BFGS,alpha_x_epsilon_force,"1,10",delta_evaluations,1,-546.0,,,20260908,10000,paired seed; targets nested inside command
Triple,GFE,BFGS,alpha_x_epsilon_force,"1,10",delta_terminal_gradient_l2,1,-2.7450064749442885e-09,,,20260908,10000,paired seed; targets nested inside command
Triple,GFE,BFGS,alpha_x_epsilon_force,"1,10",delta_terminal_gradient_inf,1,-1.329644934998012e-09,,,20260908,10000,paired seed; targets nested inside command
Triple,GFE,BFGS,alpha_x_epsilon_force,"1,10",delta_relative_gradient_l2,1,-9.133553235765989e-08,,,20260908,10000,paired seed; targets nested inside command
Triple,GFE,BFGS,alpha_x_epsilon_force,"1,10",delta_objective_n_m,1,-6.627706640233849e-05,,,20260908,10000,paired seed; targets nested inside command
Triple,GFE,BFGS,alpha_x_epsilon_force,"1,10",delta_surrogate_residual_n,1,1.0774020557036397e-07,,,20260908,10000,paired seed; targets nested inside command
Triple,GFE,BFGS,alpha_x_epsilon_force,"1,10",delta_command_cosine_to_fixed_GFE,1,-7.969039636801512e-05,,,20260908,10000,paired seed; targets nested inside command
Triple,GFE,BFGS,alpha_x_epsilon_force,"1,10",delta_field_cosine_to_fixed_GFE,1,-4.422544601712097e-05,,,20260908,10000,paired seed; targets nested inside command
Triple,GFE,BFGS,alpha_x_epsilon_force,"1,10",delta_worst_displacement_a,1,-0.04913999031488514,,,20260908,10000,paired seed; targets nested inside command
Triple,GFE,BFGS,alpha_x_epsilon_force,"1,10",delta_minimum_stiffness_n_m,1,-4.03837576984803e-05,,,20260908,10000,paired seed; targets nested inside command
Triple,GFE,BFGS,alpha_x_epsilon_force,"1,10",delta_common_nominal_loss_std_n_m,1,2.9732949007490118e-05,,,20260908,10000,paired seed; targets nested inside command
Triple,GFE,BFGS,alpha_x_epsilon_force,"10,0.1",delta_solve_wall_s,1,46.954619199983426,,,20260908,10000,paired seed; targets nested inside command
Triple,GFE,BFGS,alpha_x_epsilon_force,"10,0.1",delta_iterations,1,12652.0,,,20260908,10000,paired seed; targets nested inside command
Triple,GFE,BFGS,alpha_x_epsilon_force,"10,0.1",delta_evaluations,1,13076.0,,,20260908,10000,paired seed; targets nested inside command
Triple,GFE,BFGS,alpha_x_epsilon_force,"10,0.1",delta_terminal_gradient_l2,1,5.957620907981174e-09,,,20260908,10000,paired seed; targets nested inside command
Triple,GFE,BFGS,alpha_x_epsilon_force,"10,0.1",delta_terminal_gradient_inf,1,-2.8791457959819063e-09,,,20260908,10000,paired seed; targets nested inside command
Triple,GFE,BFGS,alpha_x_epsilon_force,"10,0.1",delta_relative_gradient_l2,1,-1.5469676168472532e-08,,,20260908,10000,paired seed; targets nested inside command
Triple,GFE,BFGS,alpha_x_epsilon_force,"10,0.1",delta_objective_n_m,1,7.767550058650208e-06,,,20260908,10000,paired seed; targets nested inside command
Triple,GFE,BFGS,alpha_x_epsilon_force,"10,0.1",delta_surrogate_residual_n,1,-1.3251752877097267e-08,,,20260908,10000,paired seed; targets nested inside command
Triple,GFE,BFGS,alpha_x_epsilon_force,"10,0.1",delta_command_cosine_to_fixed_GFE,1,-0.23066647185937572,,,20260908,10000,paired seed; targets nested inside command
Triple,GFE,BFGS,alpha_x_epsilon_force,"10,0.1",delta_field_cosine_to_fixed_GFE,1,-0.15084192293154564,,,20260908,10000,paired seed; targets nested inside command
Triple,GFE,BFGS,alpha_x_epsilon_force,"10,0.1",delta_worst_displacement_a,1,0.005654807886655455,,,20260908,10000,paired seed; targets nested inside command
Triple,GFE,BFGS,alpha_x_epsilon_force,"10,0.1",delta_minimum_stiffness_n_m,1,6.473079836526391e-06,,,20260908,10000,paired seed; targets nested inside command
Triple,GFE,BFGS,alpha_x_epsilon_force,"10,0.1",delta_common_nominal_loss_std_n_m,1,4.955771892297248e-08,,,20260908,10000,paired seed; targets nested inside command
Triple,GFE,BFGS,alpha_x_epsilon_force,"10,1",delta_solve_wall_s,1,4.576318100007484,,,20260908,10000,paired seed; targets nested inside command
Triple,GFE,BFGS,alpha_x_epsilon_force,"10,1",delta_iterations,1,899.0,,,20260908,10000,paired seed; targets nested inside command
Triple,GFE,BFGS,alpha_x_epsilon_force,"10,1",delta_evaluations,1,987.0,,,20260908,10000,paired seed; targets nested inside command
Triple,GFE,BFGS,alpha_x_epsilon_force,"10,1",delta_terminal_gradient_l2,1,5.5921351095888356e-08,,,20260908,10000,paired seed; targets nested inside command
Triple,GFE,BFGS,alpha_x_epsilon_force,"10,1",delta_terminal_gradient_inf,1,9.451669102024683e-09,,,20260908,10000,paired seed; targets nested inside command
Triple,GFE,BFGS,alpha_x_epsilon_force,"10,1",delta_relative_gradient_l2,1,1.3748055487674417e-06,,,20260908,10000,paired seed; targets nested inside command
Triple,GFE,BFGS,alpha_x_epsilon_force,"10,1",delta_objective_n_m,1,7.14076006180786e-06,,,20260908,10000,paired seed; targets nested inside command
Triple,GFE,BFGS,alpha_x_epsilon_force,"10,1",delta_surrogate_residual_n,1,-1.2408897853425777e-08,,,20260908,10000,paired seed; targets nested inside command
Triple,GFE,BFGS,alpha_x_epsilon_force,"10,1",delta_command_cosine_to_fixed_GFE,1,-0.2306463274426196,,,20260908,10000,paired seed; targets nested inside command
Triple,GFE,BFGS,alpha_x_epsilon_force,"10,1",delta_field_cosine_to_fixed_GFE,1,-0.15082521671289228,,,20260908,10000,paired seed; targets nested inside command
Triple,GFE,BFGS,alpha_x_epsilon_force,"10,1",delta_worst_displacement_a,1,0.005198206617067325,,,20260908,10000,paired seed; targets nested inside command
Triple,GFE,BFGS,alpha_x_epsilon_force,"10,1",delta_minimum_stiffness_n_m,1,5.130145963289957e-06,,,20260908,10000,paired seed; targets nested inside command
Triple,GFE,BFGS,alpha_x_epsilon_force,"10,1",delta_common_nominal_loss_std_n_m,1,-6.85567978492212e-08,,,20260908,10000,paired seed; targets nested inside command
Triple,GFE,BFGS,alpha_x_epsilon_force,"10,10",delta_solve_wall_s,1,-1.2431616000103531,,,20260908,10000,paired seed; targets nested inside command
Triple,GFE,BFGS,alpha_x_epsilon_force,"10,10",delta_iterations,1,-619.0,,,20260908,10000,paired seed; targets nested inside command
Triple,GFE,BFGS,alpha_x_epsilon_force,"10,10",delta_evaluations,1,-633.0,,,20260908,10000,paired seed; targets nested inside command
Triple,GFE,BFGS,alpha_x_epsilon_force,"10,10",delta_terminal_gradient_l2,1,3.354346473723772e-09,,,20260908,10000,paired seed; targets nested inside command
Triple,GFE,BFGS,alpha_x_epsilon_force,"10,10",delta_terminal_gradient_inf,1,-1.3877516643277641e-09,,,20260908,10000,paired seed; targets nested inside command
Triple,GFE,BFGS,alpha_x_epsilon_force,"10,10",delta_relative_gradient_l2,1,-8.685959915826456e-08,,,20260908,10000,paired seed; targets nested inside command
Triple,GFE,BFGS,alpha_x_epsilon_force,"10,10",delta_objective_n_m,1,9.005390808683456e-07,,,20260908,10000,paired seed; targets nested inside command
Triple,GFE,BFGS,alpha_x_epsilon_force,"10,10",delta_surrogate_residual_n,1,-4.0144709160614784e-09,,,20260908,10000,paired seed; targets nested inside command
Triple,GFE,BFGS,alpha_x_epsilon_force,"10,10",delta_command_cosine_to_fixed_GFE,1,-0.23043574947408108,,,20260908,10000,paired seed; targets nested inside command
Triple,GFE,BFGS,alpha_x_epsilon_force,"10,10",delta_field_cosine_to_fixed_GFE,1,-0.1506517091913786,,,20260908,10000,paired seed; targets nested inside command
Triple,GFE,BFGS,alpha_x_epsilon_force,"10,10",delta_worst_displacement_a,1,0.000687832534024102,,,20260908,10000,paired seed; targets nested inside command
Triple,GFE,BFGS,alpha_x_epsilon_force,"10,10",delta_minimum_stiffness_n_m,1,1.6494332937093403e-06,,,20260908,10000,paired seed; targets nested inside command
Triple,GFE,BFGS,alpha_x_epsilon_force,"10,10",delta_common_nominal_loss_std_n_m,1,-1.0448898649035678e-07,,,20260908,10000,paired seed; targets nested inside command
Triple,GFE,BFGS,axial_ratio_factor,0.1,delta_solve_wall_s,1,-4.230069700002787,,,20260908,10000,paired seed; targets nested inside command
Triple,GFE,BFGS,axial_ratio_factor,0.1,delta_iterations,1,-1323.0,,,20260908,10000,paired seed; targets nested inside command
Triple,GFE,BFGS,axial_ratio_factor,0.1,delta_evaluations,1,-1349.0,,,20260908,10000,paired seed; targets nested inside command
Triple,GFE,BFGS,axial_ratio_factor,0.1,delta_terminal_gradient_l2,1,-1.5338189721753028e-09,,,20260908,10000,paired seed; targets nested inside command
Triple,GFE,BFGS,axial_ratio_factor,0.1,delta_terminal_gradient_inf,1,-5.557744200261909e-10,,,20260908,10000,paired seed; targets nested inside command
Triple,GFE,BFGS,axial_ratio_factor,0.1,delta_relative_gradient_l2,1,-3.676203003022121e-08,,,20260908,10000,paired seed; targets nested inside command
Triple,GFE,BFGS,axial_ratio_factor,0.1,delta_objective_n_m,1,-0.08753742897171196,,,20260908,10000,paired seed; targets nested inside command
Triple,GFE,BFGS,axial_ratio_factor,0.1,delta_surrogate_residual_n,1,2.1456711317197303e-06,,,20260908,10000,paired seed; targets nested inside command
Triple,GFE,BFGS,axial_ratio_factor,0.1,delta_command_cosine_to_fixed_GFE,1,-0.050907442621464294,,,20260908,10000,paired seed; targets nested inside command
Triple,GFE,BFGS,axial_ratio_factor,0.1,delta_field_cosine_to_fixed_GFE,1,-0.023958964380786374,,,20260908,10000,paired seed; targets nested inside command
Triple,GFE,BFGS,axial_ratio_factor,0.1,delta_worst_displacement_a,1,0.09650784072968122,,,20260908,10000,paired seed; targets nested inside command
Triple,GFE,BFGS,axial_ratio_factor,0.1,delta_minimum_stiffness_n_m,1,-7.633606407937894e-05,,,20260908,10000,paired seed; targets nested inside command
Triple,GFE,BFGS,axial_ratio_factor,0.1,delta_common_nominal_loss_std_n_m,1,0.0013993516564611954,,,20260908,10000,paired seed; targets nested inside command
Triple,GFE,BFGS,axial_ratio_factor,0.3,delta_solve_wall_s,1,-2.8637438000005204,,,20260908,10000,paired seed; targets nested inside command
Triple,GFE,BFGS,axial_ratio_factor,0.3,delta_iterations,1,-869.0,,,20260908,10000,paired seed; targets nested inside command
Triple,GFE,BFGS,axial_ratio_factor,0.3,delta_evaluations,1,-882.0,,,20260908,10000,paired seed; targets nested inside command
Triple,GFE,BFGS,axial_ratio_factor,0.3,delta_terminal_gradient_l2,1,2.355114034885191e-09,,,20260908,10000,paired seed; targets nested inside command
Triple,GFE,BFGS,axial_ratio_factor,0.3,delta_terminal_gradient_inf,1,-7.2643610926092e-10,,,20260908,10000,paired seed; targets nested inside command
Triple,GFE,BFGS,axial_ratio_factor,0.3,delta_relative_gradient_l2,1,8.700425142068022e-08,,,20260908,10000,paired seed; targets nested inside command
Triple,GFE,BFGS,axial_ratio_factor,0.3,delta_objective_n_m,1,-0.03979697298567315,,,20260908,10000,paired seed; targets nested inside command
Triple,GFE,BFGS,axial_ratio_factor,0.3,delta_surrogate_residual_n,1,3.7927002795569724e-07,,,20260908,10000,paired seed; targets nested inside command
Triple,GFE,BFGS,axial_ratio_factor,0.3,delta_command_cosine_to_fixed_GFE,1,-0.02185573975905153,,,20260908,10000,paired seed; targets nested inside command
Triple,GFE,BFGS,axial_ratio_factor,0.3,delta_field_cosine_to_fixed_GFE,1,-0.009659060336579484,,,20260908,10000,paired seed; targets nested inside command
Triple,GFE,BFGS,axial_ratio_factor,0.3,delta_worst_displacement_a,1,-0.02366587345214588,,,20260908,10000,paired seed; targets nested inside command
Triple,GFE,BFGS,axial_ratio_factor,0.3,delta_minimum_stiffness_n_m,1,-3.50442918739197e-05,,,20260908,10000,paired seed; targets nested inside command
Triple,GFE,BFGS,axial_ratio_factor,0.3,delta_common_nominal_loss_std_n_m,1,0.00038601220838952317,,,20260908,10000,paired seed; targets nested inside command
Triple,GFE,BFGS,axial_ratio_factor,0.5,delta_solve_wall_s,1,-2.363755800004583,,,20260908,10000,paired seed; targets nested inside command
Triple,GFE,BFGS,axial_ratio_factor,0.5,delta_iterations,1,-774.0,,,20260908,10000,paired seed; targets nested inside command
Triple,GFE,BFGS,axial_ratio_factor,0.5,delta_evaluations,1,-792.0,,,20260908,10000,paired seed; targets nested inside command
Triple,GFE,BFGS,axial_ratio_factor,0.5,delta_terminal_gradient_l2,1,-1.9593555605108264e-09,,,20260908,10000,paired seed; targets nested inside command
Triple,GFE,BFGS,axial_ratio_factor,0.5,delta_terminal_gradient_inf,1,-3.598533238935214e-10,,,20260908,10000,paired seed; targets nested inside command
Triple,GFE,BFGS,axial_ratio_factor,0.5,delta_relative_gradient_l2,1,-6.122261389091065e-08,,,20260908,10000,paired seed; targets nested inside command
Triple,GFE,BFGS,axial_ratio_factor,0.5,delta_objective_n_m,1,-0.020048431501429563,,,20260908,10000,paired seed; targets nested inside command
Triple,GFE,BFGS,axial_ratio_factor,0.5,delta_surrogate_residual_n,1,5.615346792581978e-08,,,20260908,10000,paired seed; targets nested inside command
Triple,GFE,BFGS,axial_ratio_factor,0.5,delta_command_cosine_to_fixed_GFE,1,-0.010965164625039825,,,20260908,10000,paired seed; targets nested inside command
Triple,GFE,BFGS,axial_ratio_factor,0.5,delta_field_cosine_to_fixed_GFE,1,-0.00438565622974485,,,20260908,10000,paired seed; targets nested inside command
Triple,GFE,BFGS,axial_ratio_factor,0.5,delta_worst_displacement_a,1,-0.009727747853263191,,,20260908,10000,paired seed; targets nested inside command
Triple,GFE,BFGS,axial_ratio_factor,0.5,delta_minimum_stiffness_n_m,1,-1.4592576845616967e-05,,,20260908,10000,paired seed; targets nested inside command
Triple,GFE,BFGS,axial_ratio_factor,0.5,delta_common_nominal_loss_std_n_m,1,0.00019772580649805564,,,20260908,10000,paired seed; targets nested inside command
Triple,GFE,BFGS,axial_ratio_factor,1.0,delta_solve_wall_s,1,0.0,,,20260908,10000,paired seed; targets nested inside command
Triple,GFE,BFGS,axial_ratio_factor,1.0,delta_iterations,1,0.0,,,20260908,10000,paired seed; targets nested inside command
Triple,GFE,BFGS,axial_ratio_factor,1.0,delta_evaluations,1,0.0,,,20260908,10000,paired seed; targets nested inside command
Triple,GFE,BFGS,axial_ratio_factor,1.0,delta_terminal_gradient_l2,1,0.0,,,20260908,10000,paired seed; targets nested inside command
Triple,GFE,BFGS,axial_ratio_factor,1.0,delta_terminal_gradient_inf,1,0.0,,,20260908,10000,paired seed; targets nested inside command
Triple,GFE,BFGS,axial_ratio_factor,1.0,delta_relative_gradient_l2,1,0.0,,,20260908,10000,paired seed; targets nested inside command
Triple,GFE,BFGS,axial_ratio_factor,1.0,delta_objective_n_m,1,0.0,,,20260908,10000,paired seed; targets nested inside command
Triple,GFE,BFGS,axial_ratio_factor,1.0,delta_surrogate_residual_n,1,0.0,,,20260908,10000,paired seed; targets nested inside command
Triple,GFE,BFGS,axial_ratio_factor,1.0,delta_command_cosine_to_fixed_GFE,1,0.0,,,20260908,10000,paired seed; targets nested inside command
Triple,GFE,BFGS,axial_ratio_factor,1.0,delta_field_cosine_to_fixed_GFE,1,-5.551115123125783e-16,,,20260908,10000,paired seed; targets nested inside command
Triple,GFE,BFGS,axial_ratio_factor,1.0,delta_worst_displacement_a,1,0.0,,,20260908,10000,paired seed; targets nested inside command
Triple,GFE,BFGS,axial_ratio_factor,1.0,delta_minimum_stiffness_n_m,1,0.0,,,20260908,10000,paired seed; targets nested inside command
Triple,GFE,BFGS,axial_ratio_factor,1.0,delta_common_nominal_loss_std_n_m,1,0.0,,,20260908,10000,paired seed; targets nested inside command
Triple,GFE,BFGS,axial_ratio_factor,2.0,delta_solve_wall_s,1,19.215849199987133,,,20260908,10000,paired seed; targets nested inside command
Triple,GFE,BFGS,axial_ratio_factor,2.0,delta_iterations,1,6175.0,,,20260908,10000,paired seed; targets nested inside command
Triple,GFE,BFGS,axial_ratio_factor,2.0,delta_evaluations,1,6297.0,,,20260908,10000,paired seed; targets nested inside command
Triple,GFE,BFGS,axial_ratio_factor,2.0,delta_terminal_gradient_l2,1,6.954507051937913e-09,,,20260908,10000,paired seed; targets nested inside command
Triple,GFE,BFGS,axial_ratio_factor,2.0,delta_terminal_gradient_inf,1,-9.055535701586173e-10,,,20260908,10000,paired seed; targets nested inside command
Triple,GFE,BFGS,axial_ratio_factor,2.0,delta_relative_gradient_l2,1,2.2805437728256424e-07,,,20260908,10000,paired seed; targets nested inside command
Triple,GFE,BFGS,axial_ratio_factor,2.0,delta_objective_n_m,1,0.012107216543947495,,,20260908,10000,paired seed; targets nested inside command
Triple,GFE,BFGS,axial_ratio_factor,2.0,delta_surrogate_residual_n,1,-3.039498425943013e-09,,,20260908,10000,paired seed; targets nested inside command
Triple,GFE,BFGS,axial_ratio_factor,2.0,delta_command_cosine_to_fixed_GFE,1,-0.22949553398567168,,,20260908,10000,paired seed; targets nested inside command
Triple,GFE,BFGS,axial_ratio_factor,2.0,delta_field_cosine_to_fixed_GFE,1,-0.15365949535251988,,,20260908,10000,paired seed; targets nested inside command
Triple,GFE,BFGS,axial_ratio_factor,2.0,delta_worst_displacement_a,1,0.004830850710540291,,,20260908,10000,paired seed; targets nested inside command
Triple,GFE,BFGS,axial_ratio_factor,2.0,delta_minimum_stiffness_n_m,1,-9.802550653004237e-05,,,20260908,10000,paired seed; targets nested inside command
Triple,GFE,BFGS,axial_ratio_factor,2.0,delta_common_nominal_loss_std_n_m,1,0.0007723439210711118,,,20260908,10000,paired seed; targets nested inside command
Triple,GFE,BFGS,axial_ratio_factor,3.0,delta_solve_wall_s,1,0.26979810000921134,,,20260908,10000,paired seed; targets nested inside command
Triple,GFE,BFGS,axial_ratio_factor,3.0,delta_iterations,1,29.0,,,20260908,10000,paired seed; targets nested inside command
Triple,GFE,BFGS,axial_ratio_factor,3.0,delta_evaluations,1,54.0,,,20260908,10000,paired seed; targets nested inside command
Triple,GFE,BFGS,axial_ratio_factor,3.0,delta_terminal_gradient_l2,1,-1.1095763530013049e-08,,,20260908,10000,paired seed; targets nested inside command
Triple,GFE,BFGS,axial_ratio_factor,3.0,delta_terminal_gradient_inf,1,-6.45579235709681e-10,,,20260908,10000,paired seed; targets nested inside command
Triple,GFE,BFGS,axial_ratio_factor,3.0,delta_relative_gradient_l2,1,-3.7227219808390387e-07,,,20260908,10000,paired seed; targets nested inside command
Triple,GFE,BFGS,axial_ratio_factor,3.0,delta_objective_n_m,1,0.019952826853586153,,,20260908,10000,paired seed; targets nested inside command
Triple,GFE,BFGS,axial_ratio_factor,3.0,delta_surrogate_residual_n,1,-2.174367540318247e-09,,,20260908,10000,paired seed; targets nested inside command
Triple,GFE,BFGS,axial_ratio_factor,3.0,delta_command_cosine_to_fixed_GFE,1,-0.7093671685344889,,,20260908,10000,paired seed; targets nested inside command
Triple,GFE,BFGS,axial_ratio_factor,3.0,delta_field_cosine_to_fixed_GFE,1,-0.7057699720776656,,,20260908,10000,paired seed; targets nested inside command
Triple,GFE,BFGS,axial_ratio_factor,3.0,delta_worst_displacement_a,1,-0.001845673291448413,,,20260908,10000,paired seed; targets nested inside command
Triple,GFE,BFGS,axial_ratio_factor,3.0,delta_minimum_stiffness_n_m,1,-0.0026528688581685883,,,20260908,10000,paired seed; targets nested inside command
Triple,GFE,BFGS,axial_ratio_factor,3.0,delta_common_nominal_loss_std_n_m,1,0.0036866406680402994,,,20260908,10000,paired seed; targets nested inside command
Triple,GFE,BFGS,axial_ratio_factor,10.0,delta_solve_wall_s,1,3.998919899997418,,,20260908,10000,paired seed; targets nested inside command
Triple,GFE,BFGS,axial_ratio_factor,10.0,delta_iterations,1,927.0,,,20260908,10000,paired seed; targets nested inside command
Triple,GFE,BFGS,axial_ratio_factor,10.0,delta_evaluations,1,1025.0,,,20260908,10000,paired seed; targets nested inside command
Triple,GFE,BFGS,axial_ratio_factor,10.0,delta_terminal_gradient_l2,1,-9.688726438441016e-09,,,20260908,10000,paired seed; targets nested inside command
Triple,GFE,BFGS,axial_ratio_factor,10.0,delta_terminal_gradient_inf,1,-3.729090494518933e-09,,,20260908,10000,paired seed; targets nested inside command
Triple,GFE,BFGS,axial_ratio_factor,10.0,delta_relative_gradient_l2,1,-3.268415248753491e-07,,,20260908,10000,paired seed; targets nested inside command
Triple,GFE,BFGS,axial_ratio_factor,10.0,delta_objective_n_m,1,0.022155998437836947,,,20260908,10000,paired seed; targets nested inside command
Triple,GFE,BFGS,axial_ratio_factor,10.0,delta_surrogate_residual_n,1,5.694189218969315e-07,,,20260908,10000,paired seed; targets nested inside command
Triple,GFE,BFGS,axial_ratio_factor,10.0,delta_command_cosine_to_fixed_GFE,1,-0.6073991200177733,,,20260908,10000,paired seed; targets nested inside command
Triple,GFE,BFGS,axial_ratio_factor,10.0,delta_field_cosine_to_fixed_GFE,1,-0.6022803200666028,,,20260908,10000,paired seed; targets nested inside command
Triple,GFE,BFGS,axial_ratio_factor,10.0,delta_worst_displacement_a,0,,,,20260908,10000,paired seed; targets nested inside command
Triple,GFE,BFGS,axial_ratio_factor,10.0,delta_minimum_stiffness_n_m,0,,,,20260908,10000,paired seed; targets nested inside command
Triple,GFE,BFGS,axial_ratio_factor,10.0,delta_common_nominal_loss_std_n_m,1,0.006265160011013916,,,20260908,10000,paired seed; targets nested inside command
Triple,GFE,BFGS,beta_factor,0.0,delta_solve_wall_s,1,-1.7996318000077736,,,20260908,10000,paired seed; targets nested inside command
Triple,GFE,BFGS,beta_factor,0.0,delta_iterations,1,-876.0,,,20260908,10000,paired seed; targets nested inside command
Triple,GFE,BFGS,beta_factor,0.0,delta_evaluations,1,-887.0,,,20260908,10000,paired seed; targets nested inside command
Triple,GFE,BFGS,beta_factor,0.0,delta_terminal_gradient_l2,1,-3.113529883586862e-09,,,20260908,10000,paired seed; targets nested inside command
Triple,GFE,BFGS,beta_factor,0.0,delta_terminal_gradient_inf,1,-3.726810082959204e-10,,,20260908,10000,paired seed; targets nested inside command
Triple,GFE,BFGS,beta_factor,0.0,delta_relative_gradient_l2,1,1.1790158246121369e-05,,,20260908,10000,paired seed; targets nested inside command
Triple,GFE,BFGS,beta_factor,0.0,delta_objective_n_m,1,-0.0013017542968128057,,,20260908,10000,paired seed; targets nested inside command
Triple,GFE,BFGS,beta_factor,0.0,delta_surrogate_residual_n,1,-9.775369768024942e-10,,,20260908,10000,paired seed; targets nested inside command
Triple,GFE,BFGS,beta_factor,0.0,delta_command_cosine_to_fixed_GFE,1,-0.08162405606531276,,,20260908,10000,paired seed; targets nested inside command
Triple,GFE,BFGS,beta_factor,0.0,delta_field_cosine_to_fixed_GFE,1,-0.06677453991472171,,,20260908,10000,paired seed; targets nested inside command
Triple,GFE,BFGS,beta_factor,0.0,delta_worst_displacement_a,1,0.08732192651250714,,,20260908,10000,paired seed; targets nested inside command
Triple,GFE,BFGS,beta_factor,0.0,delta_minimum_stiffness_n_m,1,7.0206053919628485e-06,,,20260908,10000,paired seed; targets nested inside command
Triple,GFE,BFGS,beta_factor,0.0,delta_common_nominal_loss_std_n_m,1,0.015744640571067198,,,20260908,10000,paired seed; targets nested inside command
Triple,GFE,BFGS,beta_factor,0.01,delta_solve_wall_s,1,-2.3706702000054065,,,20260908,10000,paired seed; targets nested inside command
Triple,GFE,BFGS,beta_factor,0.01,delta_iterations,1,-709.0,,,20260908,10000,paired seed; targets nested inside command
Triple,GFE,BFGS,beta_factor,0.01,delta_evaluations,1,-696.0,,,20260908,10000,paired seed; targets nested inside command
Triple,GFE,BFGS,beta_factor,0.01,delta_terminal_gradient_l2,1,1.5360766102777548e-09,,,20260908,10000,paired seed; targets nested inside command
Triple,GFE,BFGS,beta_factor,0.01,delta_terminal_gradient_inf,1,-1.996573293253395e-09,,,20260908,10000,paired seed; targets nested inside command
Triple,GFE,BFGS,beta_factor,0.01,delta_relative_gradient_l2,1,1.23624814655631e-05,,,20260908,10000,paired seed; targets nested inside command
Triple,GFE,BFGS,beta_factor,0.01,delta_objective_n_m,1,-0.0010132978066202877,,,20260908,10000,paired seed; targets nested inside command
Triple,GFE,BFGS,beta_factor,0.01,delta_surrogate_residual_n,1,-1.7197060600256801e-09,,,20260908,10000,paired seed; targets nested inside command
Triple,GFE,BFGS,beta_factor,0.01,delta_command_cosine_to_fixed_GFE,1,-0.0803710218648005,,,20260908,10000,paired seed; targets nested inside command
Triple,GFE,BFGS,beta_factor,0.01,delta_field_cosine_to_fixed_GFE,1,-0.06487575245496435,,,20260908,10000,paired seed; targets nested inside command
Triple,GFE,BFGS,beta_factor,0.01,delta_worst_displacement_a,1,0.06901025903603031,,,20260908,10000,paired seed; targets nested inside command
Triple,GFE,BFGS,beta_factor,0.01,delta_minimum_stiffness_n_m,1,-1.7443734553358042e-06,,,20260908,10000,paired seed; targets nested inside command
Triple,GFE,BFGS,beta_factor,0.01,delta_common_nominal_loss_std_n_m,1,0.015473902574081332,,,20260908,10000,paired seed; targets nested inside command
Triple,GFE,BFGS,beta_factor,0.03,delta_solve_wall_s,1,-1.4916134999948554,,,20260908,10000,paired seed; targets nested inside command
Triple,GFE,BFGS,beta_factor,0.03,delta_iterations,1,-615.0,,,20260908,10000,paired seed; targets nested inside command
Triple,GFE,BFGS,beta_factor,0.03,delta_evaluations,1,-600.0,,,20260908,10000,paired seed; targets nested inside command
Triple,GFE,BFGS,beta_factor,0.03,delta_terminal_gradient_l2,1,-5.822598052420668e-10,,,20260908,10000,paired seed; targets nested inside command
Triple,GFE,BFGS,beta_factor,0.03,delta_terminal_gradient_inf,1,-1.133026528003946e-09,,,20260908,10000,paired seed; targets nested inside command
Triple,GFE,BFGS,beta_factor,0.03,delta_relative_gradient_l2,1,9.388431073481189e-06,,,20260908,10000,paired seed; targets nested inside command
Triple,GFE,BFGS,beta_factor,0.03,delta_objective_n_m,1,-0.0005460859197752438,,,20260908,10000,paired seed; targets nested inside command
Triple,GFE,BFGS,beta_factor,0.03,delta_surrogate_residual_n,1,5.1433444462244134e-11,,,20260908,10000,paired seed; targets nested inside command
Triple,GFE,BFGS,beta_factor,0.03,delta_command_cosine_to_fixed_GFE,1,-0.04598426369232378,,,20260908,10000,paired seed; targets nested inside command
Triple,GFE,BFGS,beta_factor,0.03,delta_field_cosine_to_fixed_GFE,1,-0.03582841205120224,,,20260908,10000,paired seed; targets nested inside command
Triple,GFE,BFGS,beta_factor,0.03,delta_worst_displacement_a,1,0.05233039170631204,,,20260908,10000,paired seed; targets nested inside command
Triple,GFE,BFGS,beta_factor,0.03,delta_minimum_stiffness_n_m,1,-8.925990980648791e-06,,,20260908,10000,paired seed; targets nested inside command
Triple,GFE,BFGS,beta_factor,0.03,delta_common_nominal_loss_std_n_m,1,0.013359609162312451,,,20260908,10000,paired seed; targets nested inside command
Triple,GFE,BFGS,beta_factor,0.1,delta_solve_wall_s,1,-2.428310600007535,,,20260908,10000,paired seed; targets nested inside command
Triple,GFE,BFGS,beta_factor,0.1,delta_iterations,1,-818.0,,,20260908,10000,paired seed; targets nested inside command
Triple,GFE,BFGS,beta_factor,0.1,delta_evaluations,1,-823.0,,,20260908,10000,paired seed; targets nested inside command
Triple,GFE,BFGS,beta_factor,0.1,delta_terminal_gradient_l2,1,8.141376250619143e-09,,,20260908,10000,paired seed; targets nested inside command
Triple,GFE,BFGS,beta_factor,0.1,delta_terminal_gradient_inf,1,-2.4891139026459306e-11,,,20260908,10000,paired seed; targets nested inside command
Triple,GFE,BFGS,beta_factor,0.1,delta_relative_gradient_l2,1,7.0162989094796386e-06,,,20260908,10000,paired seed; targets nested inside command
Triple,GFE,BFGS,beta_factor,0.1,delta_objective_n_m,1,-8.148394403361542e-05,,,20260908,10000,paired seed; targets nested inside command
Triple,GFE,BFGS,beta_factor,0.1,delta_surrogate_residual_n,1,3.240215541224758e-11,,,20260908,10000,paired seed; targets nested inside command
Triple,GFE,BFGS,beta_factor,0.1,delta_command_cosine_to_fixed_GFE,1,-8.496714936079286e-07,,,20260908,10000,paired seed; targets nested inside command
Triple,GFE,BFGS,beta_factor,0.1,delta_field_cosine_to_fixed_GFE,1,-6.871988901258064e-07,,,20260908,10000,paired seed; targets nested inside command
Triple,GFE,BFGS,beta_factor,0.1,delta_worst_displacement_a,1,0.0005138424257794538,,,20260908,10000,paired seed; targets nested inside command
Triple,GFE,BFGS,beta_factor,0.1,delta_minimum_stiffness_n_m,1,2.698889343304492e-07,,,20260908,10000,paired seed; targets nested inside command
Triple,GFE,BFGS,beta_factor,0.1,delta_common_nominal_loss_std_n_m,1,0.00012097938335719752,,,20260908,10000,paired seed; targets nested inside command
Triple,GFE,BFGS,beta_factor,0.3,delta_solve_wall_s,1,-1.8259516999969492,,,20260908,10000,paired seed; targets nested inside command
Triple,GFE,BFGS,beta_factor,0.3,delta_iterations,1,-676.0,,,20260908,10000,paired seed; targets nested inside command
Triple,GFE,BFGS,beta_factor,0.3,delta_evaluations,1,-664.0,,,20260908,10000,paired seed; targets nested inside command
Triple,GFE,BFGS,beta_factor,0.3,delta_terminal_gradient_l2,1,-2.5411769537262753e-09,,,20260908,10000,paired seed; targets nested inside command
Triple,GFE,BFGS,beta_factor,0.3,delta_terminal_gradient_inf,1,-1.3517449476820299e-09,,,20260908,10000,paired seed; targets nested inside command
Triple,GFE,BFGS,beta_factor,0.3,delta_relative_gradient_l2,1,1.7523417794943862e-06,,,20260908,10000,paired seed; targets nested inside command
Triple,GFE,BFGS,beta_factor,0.3,delta_objective_n_m,1,-6.146152435303198e-05,,,20260908,10000,paired seed; targets nested inside command
Triple,GFE,BFGS,beta_factor,0.3,delta_surrogate_residual_n,1,1.6317786926217193e-11,,,20260908,10000,paired seed; targets nested inside command
Triple,GFE,BFGS,beta_factor,0.3,delta_command_cosine_to_fixed_GFE,1,-7.002899271579821e-08,,,20260908,10000,paired seed; targets nested inside command
Triple,GFE,BFGS,beta_factor,0.3,delta_field_cosine_to_fixed_GFE,1,-1.3844860258238612e-08,,,20260908,10000,paired seed; targets nested inside command
Triple,GFE,BFGS,beta_factor,0.3,delta_worst_displacement_a,1,1.7031194347594258e-06,,,20260908,10000,paired seed; targets nested inside command
Triple,GFE,BFGS,beta_factor,0.3,delta_minimum_stiffness_n_m,1,2.3139499186978357e-07,,,20260908,10000,paired seed; targets nested inside command
Triple,GFE,BFGS,beta_factor,0.3,delta_common_nominal_loss_std_n_m,1,-2.169919805142807e-06,,,20260908,10000,paired seed; targets nested inside command
Triple,GFE,BFGS,beta_factor,1.0,delta_solve_wall_s,1,0.0,,,20260908,10000,paired seed; targets nested inside command
Triple,GFE,BFGS,beta_factor,1.0,delta_iterations,1,0.0,,,20260908,10000,paired seed; targets nested inside command
Triple,GFE,BFGS,beta_factor,1.0,delta_evaluations,1,0.0,,,20260908,10000,paired seed; targets nested inside command
Triple,GFE,BFGS,beta_factor,1.0,delta_terminal_gradient_l2,1,0.0,,,20260908,10000,paired seed; targets nested inside command
Triple,GFE,BFGS,beta_factor,1.0,delta_terminal_gradient_inf,1,0.0,,,20260908,10000,paired seed; targets nested inside command
Triple,GFE,BFGS,beta_factor,1.0,delta_relative_gradient_l2,1,0.0,,,20260908,10000,paired seed; targets nested inside command
Triple,GFE,BFGS,beta_factor,1.0,delta_objective_n_m,1,0.0,,,20260908,10000,paired seed; targets nested inside command
Triple,GFE,BFGS,beta_factor,1.0,delta_surrogate_residual_n,1,0.0,,,20260908,10000,paired seed; targets nested inside command
Triple,GFE,BFGS,beta_factor,1.0,delta_command_cosine_to_fixed_GFE,1,0.0,,,20260908,10000,paired seed; targets nested inside command
Triple,GFE,BFGS,beta_factor,1.0,delta_field_cosine_to_fixed_GFE,1,-5.551115123125783e-16,,,20260908,10000,paired seed; targets nested inside command
Triple,GFE,BFGS,beta_factor,1.0,delta_worst_displacement_a,1,0.0,,,20260908,10000,paired seed; targets nested inside command
Triple,GFE,BFGS,beta_factor,1.0,delta_minimum_stiffness_n_m,1,0.0,,,20260908,10000,paired seed; targets nested inside command
Triple,GFE,BFGS,beta_factor,1.0,delta_common_nominal_loss_std_n_m,1,0.0,,,20260908,10000,paired seed; targets nested inside command
Triple,GFE,BFGS,beta_factor,3.0,delta_solve_wall_s,1,5.260337799991248,,,20260908,10000,paired seed; targets nested inside command
Triple,GFE,BFGS,beta_factor,3.0,delta_iterations,1,1141.0,,,20260908,10000,paired seed; targets nested inside command
Triple,GFE,BFGS,beta_factor,3.0,delta_evaluations,1,1170.0,,,20260908,10000,paired seed; targets nested inside command
Triple,GFE,BFGS,beta_factor,3.0,delta_terminal_gradient_l2,1,-1.0855645095563141e-09,,,20260908,10000,paired seed; targets nested inside command
Triple,GFE,BFGS,beta_factor,3.0,delta_terminal_gradient_inf,1,-1.4764560728804544e-12,,,20260908,10000,paired seed; targets nested inside command
Triple,GFE,BFGS,beta_factor,3.0,delta_relative_gradient_l2,1,-7.26269714179435e-07,,,20260908,10000,paired seed; targets nested inside command
Triple,GFE,BFGS,beta_factor,3.0,delta_objective_n_m,1,0.00017411659051129458,,,20260908,10000,paired seed; targets nested inside command
Triple,GFE,BFGS,beta_factor,3.0,delta_surrogate_residual_n,1,-4.120013776058926e-11,,,20260908,10000,paired seed; targets nested inside command
Triple,GFE,BFGS,beta_factor,3.0,delta_command_cosine_to_fixed_GFE,1,-4.938083436600849e-07,,,20260908,10000,paired seed; targets nested inside command
Triple,GFE,BFGS,beta_factor,3.0,delta_field_cosine_to_fixed_GFE,1,-9.821075974691951e-08,,,20260908,10000,paired seed; targets nested inside command
Triple,GFE,BFGS,beta_factor,3.0,delta_worst_displacement_a,1,9.687751425002666e-05,,,20260908,10000,paired seed; targets nested inside command
Triple,GFE,BFGS,beta_factor,3.0,delta_minimum_stiffness_n_m,1,-4.5143890334709696e-07,,,20260908,10000,paired seed; targets nested inside command
Triple,GFE,BFGS,beta_factor,3.0,delta_common_nominal_loss_std_n_m,1,1.0861346009246974e-05,,,20260908,10000,paired seed; targets nested inside command
Triple,GFE,BFGS,beta_factor,10.0,delta_solve_wall_s,1,13.336590799983242,,,20260908,10000,paired seed; targets nested inside command
Triple,GFE,BFGS,beta_factor,10.0,delta_iterations,1,3617.0,,,20260908,10000,paired seed; targets nested inside command
Triple,GFE,BFGS,beta_factor,10.0,delta_evaluations,1,3739.0,,,20260908,10000,paired seed; targets nested inside command
Triple,GFE,BFGS,beta_factor,10.0,delta_terminal_gradient_l2,1,1.1036657933542639e-07,,,20260908,10000,paired seed; targets nested inside command
Triple,GFE,BFGS,beta_factor,10.0,delta_terminal_gradient_inf,1,4.5917621137953e-08,,,20260908,10000,paired seed; targets nested inside command
Triple,GFE,BFGS,beta_factor,10.0,delta_relative_gradient_l2,1,-5.86664660516589e-07,,,20260908,10000,paired seed; targets nested inside command
Triple,GFE,BFGS,beta_factor,10.0,delta_objective_n_m,1,0.000782930325981028,,,20260908,10000,paired seed; targets nested inside command
Triple,GFE,BFGS,beta_factor,10.0,delta_surrogate_residual_n,1,-1.846545606273795e-10,,,20260908,10000,paired seed; targets nested inside command
Triple,GFE,BFGS,beta_factor,10.0,delta_command_cosine_to_fixed_GFE,1,-9.89565106845891e-06,,,20260908,10000,paired seed; targets nested inside command
Triple,GFE,BFGS,beta_factor,10.0,delta_field_cosine_to_fixed_GFE,1,-2.008743455461648e-06,,,20260908,10000,paired seed; targets nested inside command
Triple,GFE,BFGS,beta_factor,10.0,delta_worst_displacement_a,1,0.00046007634302452916,,,20260908,10000,paired seed; targets nested inside command
Triple,GFE,BFGS,beta_factor,10.0,delta_minimum_stiffness_n_m,1,-2.55091822935977e-06,,,20260908,10000,paired seed; targets nested inside command
Triple,GFE,BFGS,beta_factor,10.0,delta_common_nominal_loss_std_n_m,1,4.875305010579062e-05,,,20260908,10000,paired seed; targets nested inside command
Triple,GFE,BFGS,beta_factor,30.0,delta_solve_wall_s,1,36.52577259999816,,,20260908,10000,paired seed; targets nested inside command
Triple,GFE,BFGS,beta_factor,30.0,delta_iterations,1,9578.0,,,20260908,10000,paired seed; targets nested inside command
Triple,GFE,BFGS,beta_factor,30.0,delta_evaluations,1,9849.0,,,20260908,10000,paired seed; targets nested inside command
Triple,GFE,BFGS,beta_factor,30.0,delta_terminal_gradient_l2,1,4.975126592252636e-07,,,20260908,10000,paired seed; targets nested inside command
Triple,GFE,BFGS,beta_factor,30.0,delta_terminal_gradient_inf,1,1.776770298888082e-07,,,20260908,10000,paired seed; targets nested inside command
Triple,GFE,BFGS,beta_factor,30.0,delta_relative_gradient_l2,1,-4.6310668509377964e-07,,,20260908,10000,paired seed; targets nested inside command
Triple,GFE,BFGS,beta_factor,30.0,delta_objective_n_m,1,0.0025214489732879944,,,20260908,10000,paired seed; targets nested inside command
Triple,GFE,BFGS,beta_factor,30.0,delta_surrogate_residual_n,1,-5.808811521335318e-10,,,20260908,10000,paired seed; targets nested inside command
Triple,GFE,BFGS,beta_factor,30.0,delta_command_cosine_to_fixed_GFE,1,-0.0001093701461926111,,,20260908,10000,paired seed; targets nested inside command
Triple,GFE,BFGS,beta_factor,30.0,delta_field_cosine_to_fixed_GFE,1,-2.215828254858998e-05,,,20260908,10000,paired seed; targets nested inside command
Triple,GFE,BFGS,beta_factor,30.0,delta_worst_displacement_a,1,0.0013779804650134175,,,20260908,10000,paired seed; targets nested inside command
Triple,GFE,BFGS,beta_factor,30.0,delta_minimum_stiffness_n_m,1,-8.171722416592435e-06,,,20260908,10000,paired seed; targets nested inside command
Triple,GFE,BFGS,beta_factor,30.0,delta_common_nominal_loss_std_n_m,1,0.00015674315342087842,,,20260908,10000,paired seed; targets nested inside command
Triple,GFE,BFGS,epsilon_force_factor,0.0,delta_solve_wall_s,1,63.00995379999222,,,20260908,10000,paired seed; targets nested inside command
Triple,GFE,BFGS,epsilon_force_factor,0.0,delta_iterations,1,18096.0,,,20260908,10000,paired seed; targets nested inside command
Triple,GFE,BFGS,epsilon_force_factor,0.0,delta_evaluations,1,18820.0,,,20260908,10000,paired seed; targets nested inside command
Triple,GFE,BFGS,epsilon_force_factor,0.0,delta_terminal_gradient_l2,1,0.0034580241123789023,,,20260908,10000,paired seed; targets nested inside command
Triple,GFE,BFGS,epsilon_force_factor,0.0,delta_terminal_gradient_inf,1,0.0009746537561388422,,,20260908,10000,paired seed; targets nested inside command
Triple,GFE,BFGS,epsilon_force_factor,0.0,delta_relative_gradient_l2,1,0.11517099699799989,,,20260908,10000,paired seed; targets nested inside command
Triple,GFE,BFGS,epsilon_force_factor,0.0,delta_objective_n_m,1,1.0064685594966816e-05,,,20260908,10000,paired seed; targets nested inside command
Triple,GFE,BFGS,epsilon_force_factor,0.0,delta_surrogate_residual_n,1,-1.3345423360814695e-08,,,20260908,10000,paired seed; targets nested inside command
Triple,GFE,BFGS,epsilon_force_factor,0.0,delta_command_cosine_to_fixed_GFE,1,-0.00047708908545895934,,,20260908,10000,paired seed; targets nested inside command
Triple,GFE,BFGS,epsilon_force_factor,0.0,delta_field_cosine_to_fixed_GFE,1,-5.9381023032711866e-05,,,20260908,10000,paired seed; targets nested inside command
Triple,GFE,BFGS,epsilon_force_factor,0.0,delta_worst_displacement_a,1,0.006128402380088216,,,20260908,10000,paired seed; targets nested inside command
Triple,GFE,BFGS,epsilon_force_factor,0.0,delta_minimum_stiffness_n_m,1,7.686451395942347e-06,,,20260908,10000,paired seed; targets nested inside command
Triple,GFE,BFGS,epsilon_force_factor,0.0,delta_common_nominal_loss_std_n_m,1,-1.2087717015890927e-07,,,20260908,10000,paired seed; targets nested inside command
Triple,GFE,BFGS,epsilon_force_factor,0.01,delta_solve_wall_s,1,7.1956900999939535,,,20260908,10000,paired seed; targets nested inside command
Triple,GFE,BFGS,epsilon_force_factor,0.01,delta_iterations,1,1242.0,,,20260908,10000,paired seed; targets nested inside command
Triple,GFE,BFGS,epsilon_force_factor,0.01,delta_evaluations,1,1373.0,,,20260908,10000,paired seed; targets nested inside command
Triple,GFE,BFGS,epsilon_force_factor,0.01,delta_terminal_gradient_l2,1,4.414272791660726e-08,,,20260908,10000,paired seed; targets nested inside command
Triple,GFE,BFGS,epsilon_force_factor,0.01,delta_terminal_gradient_inf,1,6.096607741720397e-09,,,20260908,10000,paired seed; targets nested inside command
Triple,GFE,BFGS,epsilon_force_factor,0.01,delta_relative_gradient_l2,1,1.4701917729488282e-06,,,20260908,10000,paired seed; targets nested inside command
Triple,GFE,BFGS,epsilon_force_factor,0.01,delta_objective_n_m,1,7.759583040577167e-06,,,20260908,10000,paired seed; targets nested inside command
Triple,GFE,BFGS,epsilon_force_factor,0.01,delta_surrogate_residual_n,1,-1.3210303930388185e-08,,,20260908,10000,paired seed; targets nested inside command
Triple,GFE,BFGS,epsilon_force_factor,0.01,delta_command_cosine_to_fixed_GFE,1,-1.2176064835278666e-06,,,20260908,10000,paired seed; targets nested inside command
Triple,GFE,BFGS,epsilon_force_factor,0.01,delta_field_cosine_to_fixed_GFE,1,-6.825758359640943e-07,,,20260908,10000,paired seed; targets nested inside command
Triple,GFE,BFGS,epsilon_force_factor,0.01,delta_worst_displacement_a,1,0.005648948168456902,,,20260908,10000,paired seed; targets nested inside command
Triple,GFE,BFGS,epsilon_force_factor,0.01,delta_minimum_stiffness_n_m,1,6.425206640300364e-06,,,20260908,10000,paired seed; targets nested inside command
Triple,GFE,BFGS,epsilon_force_factor,0.01,delta_common_nominal_loss_std_n_m,1,-4.139491005974896e-08,,,20260908,10000,paired seed; targets nested inside command
Triple,GFE,BFGS,epsilon_force_factor,0.03,delta_solve_wall_s,1,4.840084499985096,,,20260908,10000,paired seed; targets nested inside command
Triple,GFE,BFGS,epsilon_force_factor,0.03,delta_iterations,1,705.0,,,20260908,10000,paired seed; targets nested inside command
Triple,GFE,BFGS,epsilon_force_factor,0.03,delta_evaluations,1,754.0,,,20260908,10000,paired seed; targets nested inside command
Triple,GFE,BFGS,epsilon_force_factor,0.03,delta_terminal_gradient_l2,1,1.62422853877203e-08,,,20260908,10000,paired seed; targets nested inside command
Triple,GFE,BFGS,epsilon_force_factor,0.03,delta_terminal_gradient_inf,1,-2.7528136182646294e-10,,,20260908,10000,paired seed; targets nested inside command
Triple,GFE,BFGS,epsilon_force_factor,0.03,delta_relative_gradient_l2,1,5.409554013719107e-07,,,20260908,10000,paired seed; targets nested inside command
Triple,GFE,BFGS,epsilon_force_factor,0.03,delta_objective_n_m,1,7.601797212784811e-06,,,20260908,10000,paired seed; targets nested inside command
Triple,GFE,BFGS,epsilon_force_factor,0.03,delta_surrogate_residual_n,1,-1.2940132254147558e-08,,,20260908,10000,paired seed; targets nested inside command
Triple,GFE,BFGS,epsilon_force_factor,0.03,delta_command_cosine_to_fixed_GFE,1,-1.1722417153636755e-06,,,20260908,10000,paired seed; targets nested inside command
Triple,GFE,BFGS,epsilon_force_factor,0.03,delta_field_cosine_to_fixed_GFE,1,-6.562185813629995e-07,,,20260908,10000,paired seed; targets nested inside command
Triple,GFE,BFGS,epsilon_force_factor,0.03,delta_worst_displacement_a,1,0.005542182275753982,,,20260908,10000,paired seed; targets nested inside command
Triple,GFE,BFGS,epsilon_force_factor,0.03,delta_minimum_stiffness_n_m,1,6.008247814486218e-06,,,20260908,10000,paired seed; targets nested inside command
Triple,GFE,BFGS,epsilon_force_factor,0.03,delta_common_nominal_loss_std_n_m,1,-9.189048898316483e-08,,,20260908,10000,paired seed; targets nested inside command
Triple,GFE,BFGS,epsilon_force_factor,0.1,delta_solve_wall_s,1,2.9676343999890378,,,20260908,10000,paired seed; targets nested inside command
Triple,GFE,BFGS,epsilon_force_factor,0.1,delta_iterations,1,620.0,,,20260908,10000,paired seed; targets nested inside command
Triple,GFE,BFGS,epsilon_force_factor,0.1,delta_evaluations,1,655.0,,,20260908,10000,paired seed; targets nested inside command
Triple,GFE,BFGS,epsilon_force_factor,0.1,delta_terminal_gradient_l2,1,8.935105480920297e-09,,,20260908,10000,paired seed; targets nested inside command
Triple,GFE,BFGS,epsilon_force_factor,0.1,delta_terminal_gradient_inf,1,-5.719253632104337e-10,,,20260908,10000,paired seed; targets nested inside command
Triple,GFE,BFGS,epsilon_force_factor,0.1,delta_relative_gradient_l2,1,2.975866077147903e-07,,,20260908,10000,paired seed; targets nested inside command
Triple,GFE,BFGS,epsilon_force_factor,0.1,delta_objective_n_m,1,7.049883858620265e-06,,,20260908,10000,paired seed; targets nested inside command
Triple,GFE,BFGS,epsilon_force_factor,0.1,delta_surrogate_residual_n,1,-1.1995599264405391e-08,,,20260908,10000,paired seed; targets nested inside command
Triple,GFE,BFGS,epsilon_force_factor,0.1,delta_command_cosine_to_fixed_GFE,1,-1.001482380358354e-06,,,20260908,10000,paired seed; targets nested inside command
Triple,GFE,BFGS,epsilon_force_factor,0.1,delta_field_cosine_to_fixed_GFE,1,-5.613514482138982e-07,,,20260908,10000,paired seed; targets nested inside command
Triple,GFE,BFGS,epsilon_force_factor,0.1,delta_worst_displacement_a,1,0.005142203914237142,,,20260908,10000,paired seed; targets nested inside command
Triple,GFE,BFGS,epsilon_force_factor,0.1,delta_minimum_stiffness_n_m,1,4.945133650135786e-06,,,20260908,10000,paired seed; targets nested inside command
Triple,GFE,BFGS,epsilon_force_factor,0.1,delta_common_nominal_loss_std_n_m,1,-2.343339421712905e-07,,,20260908,10000,paired seed; targets nested inside command
Triple,GFE,BFGS,epsilon_force_factor,0.3,delta_solve_wall_s,1,0.1869458000001032,,,20260908,10000,paired seed; targets nested inside command
Triple,GFE,BFGS,epsilon_force_factor,0.3,delta_iterations,1,-207.0,,,20260908,10000,paired seed; targets nested inside command
Triple,GFE,BFGS,epsilon_force_factor,0.3,delta_evaluations,1,-179.0,,,20260908,10000,paired seed; targets nested inside command
Triple,GFE,BFGS,epsilon_force_factor,0.3,delta_terminal_gradient_l2,1,1.4118628822707355e-08,,,20260908,10000,paired seed; targets nested inside command
Triple,GFE,BFGS,epsilon_force_factor,0.3,delta_terminal_gradient_inf,1,-1.4816526741880868e-10,,,20260908,10000,paired seed; targets nested inside command
Triple,GFE,BFGS,epsilon_force_factor,0.3,delta_relative_gradient_l2,1,4.7022622025790967e-07,,,20260908,10000,paired seed; targets nested inside command
Triple,GFE,BFGS,epsilon_force_factor,0.3,delta_objective_n_m,1,5.475864364674898e-06,,,20260908,10000,paired seed; targets nested inside command
Triple,GFE,BFGS,epsilon_force_factor,0.3,delta_surrogate_residual_n,1,-9.306372856571405e-09,,,20260908,10000,paired seed; targets nested inside command
Triple,GFE,BFGS,epsilon_force_factor,0.3,delta_command_cosine_to_fixed_GFE,1,-6.020323268796091e-07,,,20260908,10000,paired seed; targets nested inside command
Triple,GFE,BFGS,epsilon_force_factor,0.3,delta_field_cosine_to_fixed_GFE,1,-3.3822129907878917e-07,,,20260908,10000,paired seed; targets nested inside command
Triple,GFE,BFGS,epsilon_force_factor,0.3,delta_worst_displacement_a,1,0.004027343651551718,,,20260908,10000,paired seed; targets nested inside command
Triple,GFE,BFGS,epsilon_force_factor,0.3,delta_minimum_stiffness_n_m,1,8.676091754857831e-06,,,20260908,10000,paired seed; targets nested inside command
Triple,GFE,BFGS,epsilon_force_factor,0.3,delta_common_nominal_loss_std_n_m,1,-4.3587069869434736e-07,,,20260908,10000,paired seed; targets nested inside command
Triple,GFE,BFGS,epsilon_force_factor,1.0,delta_solve_wall_s,1,0.0,,,20260908,10000,paired seed; targets nested inside command
Triple,GFE,BFGS,epsilon_force_factor,1.0,delta_iterations,1,0.0,,,20260908,10000,paired seed; targets nested inside command
Triple,GFE,BFGS,epsilon_force_factor,1.0,delta_evaluations,1,0.0,,,20260908,10000,paired seed; targets nested inside command
Triple,GFE,BFGS,epsilon_force_factor,1.0,delta_terminal_gradient_l2,1,0.0,,,20260908,10000,paired seed; targets nested inside command
Triple,GFE,BFGS,epsilon_force_factor,1.0,delta_terminal_gradient_inf,1,0.0,,,20260908,10000,paired seed; targets nested inside command
Triple,GFE,BFGS,epsilon_force_factor,1.0,delta_relative_gradient_l2,1,0.0,,,20260908,10000,paired seed; targets nested inside command
Triple,GFE,BFGS,epsilon_force_factor,1.0,delta_objective_n_m,1,0.0,,,20260908,10000,paired seed; targets nested inside command
Triple,GFE,BFGS,epsilon_force_factor,1.0,delta_surrogate_residual_n,1,0.0,,,20260908,10000,paired seed; targets nested inside command
Triple,GFE,BFGS,epsilon_force_factor,1.0,delta_command_cosine_to_fixed_GFE,1,0.0,,,20260908,10000,paired seed; targets nested inside command
Triple,GFE,BFGS,epsilon_force_factor,1.0,delta_field_cosine_to_fixed_GFE,1,-5.551115123125783e-16,,,20260908,10000,paired seed; targets nested inside command
Triple,GFE,BFGS,epsilon_force_factor,1.0,delta_worst_displacement_a,1,0.0,,,20260908,10000,paired seed; targets nested inside command
Triple,GFE,BFGS,epsilon_force_factor,1.0,delta_minimum_stiffness_n_m,1,0.0,,,20260908,10000,paired seed; targets nested inside command
Triple,GFE,BFGS,epsilon_force_factor,1.0,delta_common_nominal_loss_std_n_m,1,0.0,,,20260908,10000,paired seed; targets nested inside command
Triple,GFE,BFGS,epsilon_force_factor,3.0,delta_solve_wall_s,1,0.12732909999613184,,,20260908,10000,paired seed; targets nested inside command
Triple,GFE,BFGS,epsilon_force_factor,3.0,delta_iterations,1,-25.0,,,20260908,10000,paired seed; targets nested inside command
Triple,GFE,BFGS,epsilon_force_factor,3.0,delta_evaluations,1,-3.0,,,20260908,10000,paired seed; targets nested inside command
Triple,GFE,BFGS,epsilon_force_factor,3.0,delta_terminal_gradient_l2,1,-4.6478780366322465e-09,,,20260908,10000,paired seed; targets nested inside command
Triple,GFE,BFGS,epsilon_force_factor,3.0,delta_terminal_gradient_inf,1,-4.409654485804722e-10,,,20260908,10000,paired seed; targets nested inside command
Triple,GFE,BFGS,epsilon_force_factor,3.0,delta_relative_gradient_l2,1,-1.547930120472736e-07,,,20260908,10000,paired seed; targets nested inside command
Triple,GFE,BFGS,epsilon_force_factor,3.0,delta_objective_n_m,1,-1.5370338341584577e-05,,,20260908,10000,paired seed; targets nested inside command
Triple,GFE,BFGS,epsilon_force_factor,3.0,delta_surrogate_residual_n,1,2.5742581921721827e-08,,,20260908,10000,paired seed; targets nested inside command
Triple,GFE,BFGS,epsilon_force_factor,3.0,delta_command_cosine_to_fixed_GFE,1,-4.6448538751908686e-06,,,20260908,10000,paired seed; targets nested inside command
Triple,GFE,BFGS,epsilon_force_factor,3.0,delta_field_cosine_to_fixed_GFE,1,-2.5810116967006635e-06,,,20260908,10000,paired seed; targets nested inside command
Triple,GFE,BFGS,epsilon_force_factor,3.0,delta_worst_displacement_a,1,-0.012935547611480636,,,20260908,10000,paired seed; targets nested inside command
Triple,GFE,BFGS,epsilon_force_factor,3.0,delta_minimum_stiffness_n_m,1,-3.096755111167671e-05,,,20260908,10000,paired seed; targets nested inside command
Triple,GFE,BFGS,epsilon_force_factor,3.0,delta_common_nominal_loss_std_n_m,1,6.701945532232752e-06,,,20260908,10000,paired seed; targets nested inside command
Triple,GFE,BFGS,epsilon_force_factor,10.0,delta_solve_wall_s,1,-0.2632337999966694,,,20260908,10000,paired seed; targets nested inside command
Triple,GFE,BFGS,epsilon_force_factor,10.0,delta_iterations,1,-549.0,,,20260908,10000,paired seed; targets nested inside command
Triple,GFE,BFGS,epsilon_force_factor,10.0,delta_evaluations,1,-546.0,,,20260908,10000,paired seed; targets nested inside command
Triple,GFE,BFGS,epsilon_force_factor,10.0,delta_terminal_gradient_l2,1,-2.7450064749442885e-09,,,20260908,10000,paired seed; targets nested inside command
Triple,GFE,BFGS,epsilon_force_factor,10.0,delta_terminal_gradient_inf,1,-1.329644934998012e-09,,,20260908,10000,paired seed; targets nested inside command
Triple,GFE,BFGS,epsilon_force_factor,10.0,delta_relative_gradient_l2,1,-9.133553235765989e-08,,,20260908,10000,paired seed; targets nested inside command
Triple,GFE,BFGS,epsilon_force_factor,10.0,delta_objective_n_m,1,-6.627706640233849e-05,,,20260908,10000,paired seed; targets nested inside command
Triple,GFE,BFGS,epsilon_force_factor,10.0,delta_surrogate_residual_n,1,1.0774020557036397e-07,,,20260908,10000,paired seed; targets nested inside command
Triple,GFE,BFGS,epsilon_force_factor,10.0,delta_command_cosine_to_fixed_GFE,1,-7.969039636801512e-05,,,20260908,10000,paired seed; targets nested inside command
Triple,GFE,BFGS,epsilon_force_factor,10.0,delta_field_cosine_to_fixed_GFE,1,-4.422544601712097e-05,,,20260908,10000,paired seed; targets nested inside command
Triple,GFE,BFGS,epsilon_force_factor,10.0,delta_worst_displacement_a,1,-0.04913999031488514,,,20260908,10000,paired seed; targets nested inside command
Triple,GFE,BFGS,epsilon_force_factor,10.0,delta_minimum_stiffness_n_m,1,-4.03837576984803e-05,,,20260908,10000,paired seed; targets nested inside command
Triple,GFE,BFGS,epsilon_force_factor,10.0,delta_common_nominal_loss_std_n_m,1,2.9732949007490118e-05,,,20260908,10000,paired seed; targets nested inside command
Triple,GFE,BFGS,epsilon_force_factor,30.0,delta_solve_wall_s,1,-1.2424665000289679,,,20260908,10000,paired seed; targets nested inside command
Triple,GFE,BFGS,epsilon_force_factor,30.0,delta_iterations,1,-479.0,,,20260908,10000,paired seed; targets nested inside command
Triple,GFE,BFGS,epsilon_force_factor,30.0,delta_evaluations,1,-486.0,,,20260908,10000,paired seed; targets nested inside command
Triple,GFE,BFGS,epsilon_force_factor,30.0,delta_terminal_gradient_l2,1,-6.273710975038562e-09,,,20260908,10000,paired seed; targets nested inside command
Triple,GFE,BFGS,epsilon_force_factor,30.0,delta_terminal_gradient_inf,1,-2.332243244320862e-10,,,20260908,10000,paired seed; targets nested inside command
Triple,GFE,BFGS,epsilon_force_factor,30.0,delta_relative_gradient_l2,1,-2.082812381854567e-07,,,20260908,10000,paired seed; targets nested inside command
Triple,GFE,BFGS,epsilon_force_factor,30.0,delta_objective_n_m,1,-0.00019252810691997718,,,20260908,10000,paired seed; targets nested inside command
Triple,GFE,BFGS,epsilon_force_factor,30.0,delta_surrogate_residual_n,1,2.9728252774381386e-07,,,20260908,10000,paired seed; targets nested inside command
Triple,GFE,BFGS,epsilon_force_factor,30.0,delta_command_cosine_to_fixed_GFE,1,-0.0005632054370638961,,,20260908,10000,paired seed; targets nested inside command
Triple,GFE,BFGS,epsilon_force_factor,30.0,delta_field_cosine_to_fixed_GFE,1,-0.00031651819943412374,,,20260908,10000,paired seed; targets nested inside command
Triple,GFE,BFGS,epsilon_force_factor,30.0,delta_worst_displacement_a,1,-0.13623453475204245,,,20260908,10000,paired seed; targets nested inside command
Triple,GFE,BFGS,epsilon_force_factor,30.0,delta_minimum_stiffness_n_m,1,7.757344162069666e-06,,,20260908,10000,paired seed; targets nested inside command
Triple,GFE,BFGS,epsilon_force_factor,30.0,delta_common_nominal_loss_std_n_m,1,8.655555493571947e-05,,,20260908,10000,paired seed; targets nested inside command
Triple,GFE,BFGS,epsilon_pressure_rel,0.0,delta_solve_wall_s,1,113.67704289998801,,,20260908,10000,paired seed; targets nested inside command
Triple,GFE,BFGS,epsilon_pressure_rel,0.0,delta_iterations,1,27223.0,,,20260908,10000,paired seed; targets nested inside command
Triple,GFE,BFGS,epsilon_pressure_rel,0.0,delta_evaluations,1,28673.0,,,20260908,10000,paired seed; targets nested inside command
Triple,GFE,BFGS,epsilon_pressure_rel,0.0,delta_terminal_gradient_l2,1,0.0189532110700042,,,20260908,10000,paired seed; targets nested inside command
Triple,GFE,BFGS,epsilon_pressure_rel,0.0,delta_terminal_gradient_inf,1,0.005978130265383995,,,20260908,10000,paired seed; targets nested inside command
Triple,GFE,BFGS,epsilon_pressure_rel,0.0,delta_relative_gradient_l2,1,0.6312457268510141,,,20260908,10000,paired seed; targets nested inside command
Triple,GFE,BFGS,epsilon_pressure_rel,0.0,delta_objective_n_m,1,6.771942015833254e-05,,,20260908,10000,paired seed; targets nested inside command
Triple,GFE,BFGS,epsilon_pressure_rel,0.0,delta_surrogate_residual_n,1,4.376475583523282e-09,,,20260908,10000,paired seed; targets nested inside command
Triple,GFE,BFGS,epsilon_pressure_rel,0.0,delta_command_cosine_to_fixed_GFE,1,-0.00627551226901224,,,20260908,10000,paired seed; targets nested inside command
Triple,GFE,BFGS,epsilon_pressure_rel,0.0,delta_field_cosine_to_fixed_GFE,1,-0.0030555792425122075,,,20260908,10000,paired seed; targets nested inside command
Triple,GFE,BFGS,epsilon_pressure_rel,0.0,delta_worst_displacement_a,1,0.0076478983842871995,,,20260908,10000,paired seed; targets nested inside command
Triple,GFE,BFGS,epsilon_pressure_rel,0.0,delta_minimum_stiffness_n_m,1,-4.116066888909184e-05,,,20260908,10000,paired seed; targets nested inside command
Triple,GFE,BFGS,epsilon_pressure_rel,0.0,delta_common_nominal_loss_std_n_m,1,1.735300571195365e-06,,,20260908,10000,paired seed; targets nested inside command
Triple,GFE,BFGS,epsilon_pressure_rel,1e-05,delta_solve_wall_s,1,29.792051600001287,,,20260908,10000,paired seed; targets nested inside command
Triple,GFE,BFGS,epsilon_pressure_rel,1e-05,delta_iterations,1,6867.0,,,20260908,10000,paired seed; targets nested inside command
Triple,GFE,BFGS,epsilon_pressure_rel,1e-05,delta_evaluations,1,7097.0,,,20260908,10000,paired seed; targets nested inside command
Triple,GFE,BFGS,epsilon_pressure_rel,1e-05,delta_terminal_gradient_l2,1,8.741974377762644e-08,,,20260908,10000,paired seed; targets nested inside command
Triple,GFE,BFGS,epsilon_pressure_rel,1e-05,delta_terminal_gradient_inf,1,4.510303919118668e-08,,,20260908,10000,paired seed; targets nested inside command
Triple,GFE,BFGS,epsilon_pressure_rel,1e-05,delta_relative_gradient_l2,1,2.91155662460853e-06,,,20260908,10000,paired seed; targets nested inside command
Triple,GFE,BFGS,epsilon_pressure_rel,1e-05,delta_objective_n_m,1,-8.593211790777072e-05,,,20260908,10000,paired seed; targets nested inside command
Triple,GFE,BFGS,epsilon_pressure_rel,1e-05,delta_surrogate_residual_n,1,2.1162984548060688e-11,,,20260908,10000,paired seed; targets nested inside command
Triple,GFE,BFGS,epsilon_pressure_rel,1e-05,delta_command_cosine_to_fixed_GFE,1,-1.0315156728779584e-07,,,20260908,10000,paired seed; targets nested inside command
Triple,GFE,BFGS,epsilon_pressure_rel,1e-05,delta_field_cosine_to_fixed_GFE,1,-2.186026515360595e-08,,,20260908,10000,paired seed; targets nested inside command
Triple,GFE,BFGS,epsilon_pressure_rel,1e-05,delta_worst_displacement_a,1,-4.74629513251279e-05,,,20260908,10000,paired seed; targets nested inside command
Triple,GFE,BFGS,epsilon_pressure_rel,1e-05,delta_minimum_stiffness_n_m,1,1.2184619047777602e-07,,,20260908,10000,paired seed; targets nested inside command
Triple,GFE,BFGS,epsilon_pressure_rel,1e-05,delta_common_nominal_loss_std_n_m,1,-1.886288525758843e-06,,,20260908,10000,paired seed; targets nested inside command
Triple,GFE,BFGS,epsilon_pressure_rel,3e-05,delta_solve_wall_s,1,18.258248199985246,,,20260908,10000,paired seed; targets nested inside command
Triple,GFE,BFGS,epsilon_pressure_rel,3e-05,delta_iterations,1,4202.0,,,20260908,10000,paired seed; targets nested inside command
Triple,GFE,BFGS,epsilon_pressure_rel,3e-05,delta_evaluations,1,4357.0,,,20260908,10000,paired seed; targets nested inside command
Triple,GFE,BFGS,epsilon_pressure_rel,3e-05,delta_terminal_gradient_l2,1,3.025625130173341e-08,,,20260908,10000,paired seed; targets nested inside command
Triple,GFE,BFGS,epsilon_pressure_rel,3e-05,delta_terminal_gradient_inf,1,1.0704137314554825e-08,,,20260908,10000,paired seed; targets nested inside command
Triple,GFE,BFGS,epsilon_pressure_rel,3e-05,delta_relative_gradient_l2,1,1.007699265860898e-06,,,20260908,10000,paired seed; targets nested inside command
Triple,GFE,BFGS,epsilon_pressure_rel,3e-05,delta_objective_n_m,1,-8.41960939656633e-05,,,20260908,10000,paired seed; targets nested inside command
Triple,GFE,BFGS,epsilon_pressure_rel,3e-05,delta_surrogate_residual_n,1,2.0957009346335427e-11,,,20260908,10000,paired seed; targets nested inside command
Triple,GFE,BFGS,epsilon_pressure_rel,3e-05,delta_command_cosine_to_fixed_GFE,1,-9.308940829289014e-08,,,20260908,10000,paired seed; targets nested inside command
Triple,GFE,BFGS,epsilon_pressure_rel,3e-05,delta_field_cosine_to_fixed_GFE,1,-2.005099719593062e-08,,,20260908,10000,paired seed; targets nested inside command
Triple,GFE,BFGS,epsilon_pressure_rel,3e-05,delta_worst_displacement_a,1,-4.5683019472997355e-05,,,20260908,10000,paired seed; targets nested inside command
Triple,GFE,BFGS,epsilon_pressure_rel,3e-05,delta_minimum_stiffness_n_m,1,1.216085660411554e-07,,,20260908,10000,paired seed; targets nested inside command
Triple,GFE,BFGS,epsilon_pressure_rel,3e-05,delta_common_nominal_loss_std_n_m,1,-1.8465578017916435e-06,,,20260908,10000,paired seed; targets nested inside command
Triple,GFE,BFGS,epsilon_pressure_rel,0.0001,delta_solve_wall_s,1,7.392606499983231,,,20260908,10000,paired seed; targets nested inside command
Triple,GFE,BFGS,epsilon_pressure_rel,0.0001,delta_iterations,1,1947.0,,,20260908,10000,paired seed; targets nested inside command
Triple,GFE,BFGS,epsilon_pressure_rel,0.0001,delta_evaluations,1,2031.0,,,20260908,10000,paired seed; targets nested inside command
Triple,GFE,BFGS,epsilon_pressure_rel,0.0001,delta_terminal_gradient_l2,1,5.347536183063315e-08,,,20260908,10000,paired seed; targets nested inside command
Triple,GFE,BFGS,epsilon_pressure_rel,0.0001,delta_terminal_gradient_inf,1,1.3232318261233283e-08,,,20260908,10000,paired seed; targets nested inside command
Triple,GFE,BFGS,epsilon_pressure_rel,0.0001,delta_relative_gradient_l2,1,1.7810227973698442e-06,,,20260908,10000,paired seed; targets nested inside command
Triple,GFE,BFGS,epsilon_pressure_rel,0.0001,delta_objective_n_m,1,-7.812001325799289e-05,,,20260908,10000,paired seed; targets nested inside command
Triple,GFE,BFGS,epsilon_pressure_rel,0.0001,delta_surrogate_residual_n,1,1.870198752610578e-11,,,20260908,10000,paired seed; targets nested inside command
Triple,GFE,BFGS,epsilon_pressure_rel,0.0001,delta_command_cosine_to_fixed_GFE,1,-7.724015094190406e-08,,,20260908,10000,paired seed; targets nested inside command
Triple,GFE,BFGS,epsilon_pressure_rel,0.0001,delta_field_cosine_to_fixed_GFE,1,-1.567842300431721e-08,,,20260908,10000,paired seed; targets nested inside command
Triple,GFE,BFGS,epsilon_pressure_rel,0.0001,delta_worst_displacement_a,1,-4.5165462905671916e-05,,,20260908,10000,paired seed; targets nested inside command
Triple,GFE,BFGS,epsilon_pressure_rel,0.0001,delta_minimum_stiffness_n_m,1,1.1042626524965758e-07,,,20260908,10000,paired seed; targets nested inside command
Triple,GFE,BFGS,epsilon_pressure_rel,0.0001,delta_common_nominal_loss_std_n_m,1,-1.7066931977483565e-06,,,20260908,10000,paired seed; targets nested inside command
Triple,GFE,BFGS,epsilon_pressure_rel,0.0003,delta_solve_wall_s,1,4.6705068000010215,,,20260908,10000,paired seed; targets nested inside command
Triple,GFE,BFGS,epsilon_pressure_rel,0.0003,delta_iterations,1,572.0,,,20260908,10000,paired seed; targets nested inside command
Triple,GFE,BFGS,epsilon_pressure_rel,0.0003,delta_evaluations,1,600.0,,,20260908,10000,paired seed; targets nested inside command
Triple,GFE,BFGS,epsilon_pressure_rel,0.0003,delta_terminal_gradient_l2,1,-1.7324409195870167e-09,,,20260908,10000,paired seed; targets nested inside command
Triple,GFE,BFGS,epsilon_pressure_rel,0.0003,delta_terminal_gradient_inf,1,7.000924328920324e-13,,,20260908,10000,paired seed; targets nested inside command
Triple,GFE,BFGS,epsilon_pressure_rel,0.0003,delta_relative_gradient_l2,1,-5.7699406084140716e-08,,,20260908,10000,paired seed; targets nested inside command
Triple,GFE,BFGS,epsilon_pressure_rel,0.0003,delta_objective_n_m,1,-6.0759854473332875e-05,,,20260908,10000,paired seed; targets nested inside command
Triple,GFE,BFGS,epsilon_pressure_rel,0.0003,delta_surrogate_residual_n,1,1.479984110190932e-11,,,20260908,10000,paired seed; targets nested inside command
Triple,GFE,BFGS,epsilon_pressure_rel,0.0003,delta_command_cosine_to_fixed_GFE,1,-4.7936432712170074e-08,,,20260908,10000,paired seed; targets nested inside command
Triple,GFE,BFGS,epsilon_pressure_rel,0.0003,delta_field_cosine_to_fixed_GFE,1,-1.0241584469383724e-08,,,20260908,10000,paired seed; targets nested inside command
Triple,GFE,BFGS,epsilon_pressure_rel,0.0003,delta_worst_displacement_a,1,-3.4553010683724406e-05,,,20260908,10000,paired seed; targets nested inside command
Triple,GFE,BFGS,epsilon_pressure_rel,0.0003,delta_minimum_stiffness_n_m,1,8.439638075332864e-08,,,20260908,10000,paired seed; targets nested inside command
Triple,GFE,BFGS,epsilon_pressure_rel,0.0003,delta_common_nominal_loss_std_n_m,1,-1.311944398260032e-06,,,20260908,10000,paired seed; targets nested inside command
Triple,GFE,BFGS,epsilon_pressure_rel,0.001,delta_solve_wall_s,1,0.0,,,20260908,10000,paired seed; targets nested inside command
Triple,GFE,BFGS,epsilon_pressure_rel,0.001,delta_iterations,1,0.0,,,20260908,10000,paired seed; targets nested inside command
Triple,GFE,BFGS,epsilon_pressure_rel,0.001,delta_evaluations,1,0.0,,,20260908,10000,paired seed; targets nested inside command
Triple,GFE,BFGS,epsilon_pressure_rel,0.001,delta_terminal_gradient_l2,1,0.0,,,20260908,10000,paired seed; targets nested inside command
Triple,GFE,BFGS,epsilon_pressure_rel,0.001,delta_terminal_gradient_inf,1,0.0,,,20260908,10000,paired seed; targets nested inside command
Triple,GFE,BFGS,epsilon_pressure_rel,0.001,delta_relative_gradient_l2,1,0.0,,,20260908,10000,paired seed; targets nested inside command
Triple,GFE,BFGS,epsilon_pressure_rel,0.001,delta_objective_n_m,1,0.0,,,20260908,10000,paired seed; targets nested inside command
Triple,GFE,BFGS,epsilon_pressure_rel,0.001,delta_surrogate_residual_n,1,0.0,,,20260908,10000,paired seed; targets nested inside command
Triple,GFE,BFGS,epsilon_pressure_rel,0.001,delta_command_cosine_to_fixed_GFE,1,0.0,,,20260908,10000,paired seed; targets nested inside command
Triple,GFE,BFGS,epsilon_pressure_rel,0.001,delta_field_cosine_to_fixed_GFE,1,-5.551115123125783e-16,,,20260908,10000,paired seed; targets nested inside command
Triple,GFE,BFGS,epsilon_pressure_rel,0.001,delta_worst_displacement_a,1,0.0,,,20260908,10000,paired seed; targets nested inside command
Triple,GFE,BFGS,epsilon_pressure_rel,0.001,delta_minimum_stiffness_n_m,1,0.0,,,20260908,10000,paired seed; targets nested inside command
Triple,GFE,BFGS,epsilon_pressure_rel,0.001,delta_common_nominal_loss_std_n_m,1,0.0,,,20260908,10000,paired seed; targets nested inside command
Triple,GFE,BFGS,epsilon_pressure_rel,0.003,delta_solve_wall_s,1,-0.45964810000441503,,,20260908,10000,paired seed; targets nested inside command
Triple,GFE,BFGS,epsilon_pressure_rel,0.003,delta_iterations,1,-611.0,,,20260908,10000,paired seed; targets nested inside command
Triple,GFE,BFGS,epsilon_pressure_rel,0.003,delta_evaluations,1,-594.0,,,20260908,10000,paired seed; targets nested inside command
Triple,GFE,BFGS,epsilon_pressure_rel,0.003,delta_terminal_gradient_l2,1,8.27905841249667e-09,,,20260908,10000,paired seed; targets nested inside command
Triple,GFE,BFGS,epsilon_pressure_rel,0.003,delta_terminal_gradient_inf,1,-5.23630509947497e-10,,,20260908,10000,paired seed; targets nested inside command
Triple,GFE,BFGS,epsilon_pressure_rel,0.003,delta_relative_gradient_l2,1,2.7573390196560444e-07,,,20260908,10000,paired seed; targets nested inside command
Triple,GFE,BFGS,epsilon_pressure_rel,0.003,delta_objective_n_m,1,0.0001735934293025307,,,20260908,10000,paired seed; targets nested inside command
Triple,GFE,BFGS,epsilon_pressure_rel,0.003,delta_surrogate_residual_n,1,-4.171581922923613e-11,,,20260908,10000,paired seed; targets nested inside command
Triple,GFE,BFGS,epsilon_pressure_rel,0.003,delta_command_cosine_to_fixed_GFE,1,-4.25678758908532e-07,,,20260908,10000,paired seed; targets nested inside command
Triple,GFE,BFGS,epsilon_pressure_rel,0.003,delta_field_cosine_to_fixed_GFE,1,-9.411697921013484e-08,,,20260908,10000,paired seed; targets nested inside command
Triple,GFE,BFGS,epsilon_pressure_rel,0.003,delta_worst_displacement_a,1,9.855204155673203e-05,,,20260908,10000,paired seed; targets nested inside command
Triple,GFE,BFGS,epsilon_pressure_rel,0.003,delta_minimum_stiffness_n_m,1,-1.6971423593054903e-07,,,20260908,10000,paired seed; targets nested inside command
Triple,GFE,BFGS,epsilon_pressure_rel,0.003,delta_common_nominal_loss_std_n_m,1,3.0218558418416276e-06,,,20260908,10000,paired seed; targets nested inside command
Triple,GFE,BFGS,epsilon_pressure_rel,0.01,delta_solve_wall_s,1,-1.3504996000119718,,,20260908,10000,paired seed; targets nested inside command
Triple,GFE,BFGS,epsilon_pressure_rel,0.01,delta_iterations,1,-744.0,,,20260908,10000,paired seed; targets nested inside command
Triple,GFE,BFGS,epsilon_pressure_rel,0.01,delta_evaluations,1,-758.0,,,20260908,10000,paired seed; targets nested inside command
Triple,GFE,BFGS,epsilon_pressure_rel,0.01,delta_terminal_gradient_l2,1,2.2759385754470926e-09,,,20260908,10000,paired seed; targets nested inside command
Triple,GFE,BFGS,epsilon_pressure_rel,0.01,delta_terminal_gradient_inf,1,-1.7629052883648893e-09,,,20260908,10000,paired seed; targets nested inside command
Triple,GFE,BFGS,epsilon_pressure_rel,0.01,delta_relative_gradient_l2,1,7.575904742231641e-08,,,20260908,10000,paired seed; targets nested inside command
Triple,GFE,BFGS,epsilon_pressure_rel,0.01,delta_objective_n_m,1,0.0007810974001644447,,,20260908,10000,paired seed; targets nested inside command
Triple,GFE,BFGS,epsilon_pressure_rel,0.01,delta_surrogate_residual_n,1,-1.861911094763338e-10,,,20260908,10000,paired seed; targets nested inside command
Triple,GFE,BFGS,epsilon_pressure_rel,0.01,delta_command_cosine_to_fixed_GFE,1,-8.698898012471368e-06,,,20260908,10000,paired seed; targets nested inside command
Triple,GFE,BFGS,epsilon_pressure_rel,0.01,delta_field_cosine_to_fixed_GFE,1,-1.8677150210866245e-06,,,20260908,10000,paired seed; targets nested inside command
Triple,GFE,BFGS,epsilon_pressure_rel,0.01,delta_worst_displacement_a,1,0.0004415515783539048,,,20260908,10000,paired seed; targets nested inside command
Triple,GFE,BFGS,epsilon_pressure_rel,0.01,delta_minimum_stiffness_n_m,1,-1.3783014850931967e-06,,,20260908,10000,paired seed; targets nested inside command
Triple,GFE,BFGS,epsilon_pressure_rel,0.01,delta_common_nominal_loss_std_n_m,1,7.167592837140589e-06,,,20260908,10000,paired seed; targets nested inside command
Triple,GFE,BFGS,epsilon_pressure_rel,0.03,delta_solve_wall_s,1,-2.022511300005135,,,20260908,10000,paired seed; targets nested inside command
Triple,GFE,BFGS,epsilon_pressure_rel,0.03,delta_iterations,1,-960.0,,,20260908,10000,paired seed; targets nested inside command
Triple,GFE,BFGS,epsilon_pressure_rel,0.03,delta_evaluations,1,-978.0,,,20260908,10000,paired seed; targets nested inside command
Triple,GFE,BFGS,epsilon_pressure_rel,0.03,delta_terminal_gradient_l2,1,9.061186643744806e-09,,,20260908,10000,paired seed; targets nested inside command
Triple,GFE,BFGS,epsilon_pressure_rel,0.03,delta_terminal_gradient_inf,1,6.6091379500546766e-12,,,20260908,10000,paired seed; targets nested inside command
Triple,GFE,BFGS,epsilon_pressure_rel,0.03,delta_relative_gradient_l2,1,3.0133105583252547e-07,,,20260908,10000,paired seed; targets nested inside command
Triple,GFE,BFGS,epsilon_pressure_rel,0.03,delta_objective_n_m,1,0.002516167695321779,,,20260908,10000,paired seed; targets nested inside command
Triple,GFE,BFGS,epsilon_pressure_rel,0.03,delta_surrogate_residual_n,1,-5.87643926075642e-10,,,20260908,10000,paired seed; targets nested inside command
Triple,GFE,BFGS,epsilon_pressure_rel,0.03,delta_command_cosine_to_fixed_GFE,1,-9.590636810630215e-05,,,20260908,10000,paired seed; targets nested inside command
Triple,GFE,BFGS,epsilon_pressure_rel,0.03,delta_field_cosine_to_fixed_GFE,1,-2.055335141404324e-05,,,20260908,10000,paired seed; targets nested inside command
Triple,GFE,BFGS,epsilon_pressure_rel,0.03,delta_worst_displacement_a,1,0.0012883030203931778,,,20260908,10000,paired seed; targets nested inside command
Triple,GFE,BFGS,epsilon_pressure_rel,0.03,delta_minimum_stiffness_n_m,1,-4.099776398711844e-06,,,20260908,10000,paired seed; targets nested inside command
Triple,GFE,BFGS,epsilon_pressure_rel,0.03,delta_common_nominal_loss_std_n_m,1,8.016289926532856e-06,,,20260908,10000,paired seed; targets nested inside command
Triple,GFE,BFGS,epsilon_std_factor,0.0,delta_solve_wall_s,1,100.86507139998139,,,20260908,10000,paired seed; targets nested inside command
Triple,GFE,BFGS,epsilon_std_factor,0.0,delta_iterations,1,27223.0,,,20260908,10000,paired seed; targets nested inside command
Triple,GFE,BFGS,epsilon_std_factor,0.0,delta_evaluations,1,30130.0,,,20260908,10000,paired seed; targets nested inside command
Triple,GFE,BFGS,epsilon_std_factor,0.0,delta_terminal_gradient_l2,1,0.005240904639377213,,,20260908,10000,paired seed; targets nested inside command
Triple,GFE,BFGS,epsilon_std_factor,0.0,delta_terminal_gradient_inf,1,0.0014166909069154774,,,20260908,10000,paired seed; targets nested inside command
Triple,GFE,BFGS,epsilon_std_factor,0.0,delta_relative_gradient_l2,1,0.17454616511049703,,,20260908,10000,paired seed; targets nested inside command
Triple,GFE,BFGS,epsilon_std_factor,0.0,delta_objective_n_m,1,2.3513618279187576e-05,,,20260908,10000,paired seed; targets nested inside command
Triple,GFE,BFGS,epsilon_std_factor,0.0,delta_surrogate_residual_n,1,6.306046742767068e-10,,,20260908,10000,paired seed; targets nested inside command
Triple,GFE,BFGS,epsilon_std_factor,0.0,delta_command_cosine_to_fixed_GFE,1,-0.0011050200689723955,,,20260908,10000,paired seed; targets nested inside command
Triple,GFE,BFGS,epsilon_std_factor,0.0,delta_field_cosine_to_fixed_GFE,1,-0.00031193613921021157,,,20260908,10000,paired seed; targets nested inside command
Triple,GFE,BFGS,epsilon_std_factor,0.0,delta_worst_displacement_a,1,0.009247215683684362,,,20260908,10000,paired seed; targets nested inside command
Triple,GFE,BFGS,epsilon_std_factor,0.0,delta_minimum_stiffness_n_m,1,9.763436319381973e-07,,,20260908,10000,paired seed; targets nested inside command
Triple,GFE,BFGS,epsilon_std_factor,0.0,delta_common_nominal_loss_std_n_m,1,-3.6184173627999994e-06,,,20260908,10000,paired seed; targets nested inside command
Triple,GFE,BFGS,epsilon_std_factor,0.01,delta_solve_wall_s,1,11.57097819999035,,,20260908,10000,paired seed; targets nested inside command
Triple,GFE,BFGS,epsilon_std_factor,0.01,delta_iterations,1,3083.0,,,20260908,10000,paired seed; targets nested inside command
Triple,GFE,BFGS,epsilon_std_factor,0.01,delta_evaluations,1,3317.0,,,20260908,10000,paired seed; targets nested inside command
Triple,GFE,BFGS,epsilon_std_factor,0.01,delta_terminal_gradient_l2,1,2.132657714778572e-08,,,20260908,10000,paired seed; targets nested inside command
Triple,GFE,BFGS,epsilon_std_factor,0.01,delta_terminal_gradient_inf,1,9.854595357034808e-09,,,20260908,10000,paired seed; targets nested inside command
Triple,GFE,BFGS,epsilon_std_factor,0.01,delta_relative_gradient_l2,1,7.102438347153917e-07,,,20260908,10000,paired seed; targets nested inside command
Triple,GFE,BFGS,epsilon_std_factor,0.01,delta_objective_n_m,1,5.7569164227389e-08,,,20260908,10000,paired seed; targets nested inside command
Triple,GFE,BFGS,epsilon_std_factor,0.01,delta_surrogate_residual_n,1,-1.4462960632765378e-12,,,20260908,10000,paired seed; targets nested inside command
Triple,GFE,BFGS,epsilon_std_factor,0.01,delta_command_cosine_to_fixed_GFE,1,-2.4063065984236687e-09,,,20260908,10000,paired seed; targets nested inside command
Triple,GFE,BFGS,epsilon_std_factor,0.01,delta_field_cosine_to_fixed_GFE,1,-1.5982065670883117e-09,,,20260908,10000,paired seed; targets nested inside command
Triple,GFE,BFGS,epsilon_std_factor,0.01,delta_worst_displacement_a,1,-2.0197955459100303e-05,,,20260908,10000,paired seed; targets nested inside command
Triple,GFE,BFGS,epsilon_std_factor,0.01,delta_minimum_stiffness_n_m,1,1.221324234942315e-07,,,20260908,10000,paired seed; targets nested inside command
Triple,GFE,BFGS,epsilon_std_factor,0.01,delta_common_nominal_loss_std_n_m,1,-3.5827011477039365e-06,,,20260908,10000,paired seed; targets nested inside command
Triple,GFE,BFGS,epsilon_std_factor,0.03,delta_solve_wall_s,1,7.533569499995792,,,20260908,10000,paired seed; targets nested inside command
Triple,GFE,BFGS,epsilon_std_factor,0.03,delta_iterations,1,1936.0,,,20260908,10000,paired seed; targets nested inside command
Triple,GFE,BFGS,epsilon_std_factor,0.03,delta_evaluations,1,2041.0,,,20260908,10000,paired seed; targets nested inside command
Triple,GFE,BFGS,epsilon_std_factor,0.03,delta_terminal_gradient_l2,1,-5.506390062501067e-09,,,20260908,10000,paired seed; targets nested inside command
Triple,GFE,BFGS,epsilon_std_factor,0.03,delta_terminal_gradient_inf,1,-6.468249067225808e-10,,,20260908,10000,paired seed; targets nested inside command
Triple,GFE,BFGS,epsilon_std_factor,0.03,delta_relative_gradient_l2,1,-1.8341704238028772e-07,,,20260908,10000,paired seed; targets nested inside command
Triple,GFE,BFGS,epsilon_std_factor,0.03,delta_objective_n_m,1,5.64032850217111e-08,,,20260908,10000,paired seed; targets nested inside command
Triple,GFE,BFGS,epsilon_std_factor,0.03,delta_surrogate_residual_n,1,-1.2238846741859227e-12,,,20260908,10000,paired seed; targets nested inside command
Triple,GFE,BFGS,epsilon_std_factor,0.03,delta_command_cosine_to_fixed_GFE,1,-2.222333206347571e-09,,,20260908,10000,paired seed; targets nested inside command
Triple,GFE,BFGS,epsilon_std_factor,0.03,delta_field_cosine_to_fixed_GFE,1,-1.4821284199939555e-09,,,20260908,10000,paired seed; targets nested inside command
Triple,GFE,BFGS,epsilon_std_factor,0.03,delta_worst_displacement_a,1,-1.9520774821257803e-05,,,20260908,10000,paired seed; targets nested inside command
Triple,GFE,BFGS,epsilon_std_factor,0.03,delta_minimum_stiffness_n_m,1,1.185871165965656e-07,,,20260908,10000,paired seed; targets nested inside command
Triple,GFE,BFGS,epsilon_std_factor,0.03,delta_common_nominal_loss_std_n_m,1,-3.5102451750040966e-06,,,20260908,10000,paired seed; targets nested inside command
Triple,GFE,BFGS,epsilon_std_factor,0.1,delta_solve_wall_s,1,3.711880699993344,,,20260908,10000,paired seed; targets nested inside command
Triple,GFE,BFGS,epsilon_std_factor,0.1,delta_iterations,1,758.0,,,20260908,10000,paired seed; targets nested inside command
Triple,GFE,BFGS,epsilon_std_factor,0.1,delta_evaluations,1,849.0,,,20260908,10000,paired seed; targets nested inside command
Triple,GFE,BFGS,epsilon_std_factor,0.1,delta_terminal_gradient_l2,1,1.2959355876002355e-08,,,20260908,10000,paired seed; targets nested inside command
Triple,GFE,BFGS,epsilon_std_factor,0.1,delta_terminal_gradient_inf,1,4.911318301085827e-09,,,20260908,10000,paired seed; targets nested inside command
Triple,GFE,BFGS,epsilon_std_factor,0.1,delta_relative_gradient_l2,1,4.315773840540364e-07,,,20260908,10000,paired seed; targets nested inside command
Triple,GFE,BFGS,epsilon_std_factor,0.1,delta_objective_n_m,1,5.233020024947299e-08,,,20260908,10000,paired seed; targets nested inside command
Triple,GFE,BFGS,epsilon_std_factor,0.1,delta_surrogate_residual_n,1,-1.2288430500190328e-12,,,20260908,10000,paired seed; targets nested inside command
Triple,GFE,BFGS,epsilon_std_factor,0.1,delta_command_cosine_to_fixed_GFE,1,-2.096669837747811e-09,,,20260908,10000,paired seed; targets nested inside command
Triple,GFE,BFGS,epsilon_std_factor,0.1,delta_field_cosine_to_fixed_GFE,1,-1.382222669654709e-09,,,20260908,10000,paired seed; targets nested inside command
Triple,GFE,BFGS,epsilon_std_factor,0.1,delta_worst_displacement_a,1,-1.7614090293660567e-05,,,20260908,10000,paired seed; targets nested inside command
Triple,GFE,BFGS,epsilon_std_factor,0.1,delta_minimum_stiffness_n_m,1,1.1115050074111434e-07,,,20260908,10000,paired seed; targets nested inside command
Triple,GFE,BFGS,epsilon_std_factor,0.1,delta_common_nominal_loss_std_n_m,1,-3.2566438697160635e-06,,,20260908,10000,paired seed; targets nested inside command
Triple,GFE,BFGS,epsilon_std_factor,0.3,delta_solve_wall_s,1,1.9835612999886507,,,20260908,10000,paired seed; targets nested inside command
Triple,GFE,BFGS,epsilon_std_factor,0.3,delta_iterations,1,479.0,,,20260908,10000,paired seed; targets nested inside command
Triple,GFE,BFGS,epsilon_std_factor,0.3,delta_evaluations,1,529.0,,,20260908,10000,paired seed; targets nested inside command
Triple,GFE,BFGS,epsilon_std_factor,0.3,delta_terminal_gradient_l2,1,-5.114281140515836e-09,,,20260908,10000,paired seed; targets nested inside command
Triple,GFE,BFGS,epsilon_std_factor,0.3,delta_terminal_gradient_inf,1,-1.4162204190598841e-09,,,20260908,10000,paired seed; targets nested inside command
Triple,GFE,BFGS,epsilon_std_factor,0.3,delta_relative_gradient_l2,1,-1.7035583063112124e-07,,,20260908,10000,paired seed; targets nested inside command
Triple,GFE,BFGS,epsilon_std_factor,0.3,delta_objective_n_m,1,4.069071896789511e-08,,,20260908,10000,paired seed; targets nested inside command
Triple,GFE,BFGS,epsilon_std_factor,0.3,delta_surrogate_residual_n,1,-9.308307419298192e-13,,,20260908,10000,paired seed; targets nested inside command
Triple,GFE,BFGS,epsilon_std_factor,0.3,delta_command_cosine_to_fixed_GFE,1,-1.2650570591077326e-09,,,20260908,10000,paired seed; targets nested inside command
Triple,GFE,BFGS,epsilon_std_factor,0.3,delta_field_cosine_to_fixed_GFE,1,-8.065516032829123e-10,,,20260908,10000,paired seed; targets nested inside command
Triple,GFE,BFGS,epsilon_std_factor,0.3,delta_worst_displacement_a,1,-1.3881362407375253e-05,,,20260908,10000,paired seed; targets nested inside command
Triple,GFE,BFGS,epsilon_std_factor,0.3,delta_minimum_stiffness_n_m,1,8.637751199871112e-08,,,20260908,10000,paired seed; targets nested inside command
Triple,GFE,BFGS,epsilon_std_factor,0.3,delta_common_nominal_loss_std_n_m,1,-2.5323338192173493e-06,,,20260908,10000,paired seed; targets nested inside command
Triple,GFE,BFGS,epsilon_std_factor,1.0,delta_solve_wall_s,1,0.0,,,20260908,10000,paired seed; targets nested inside command
Triple,GFE,BFGS,epsilon_std_factor,1.0,delta_iterations,1,0.0,,,20260908,10000,paired seed; targets nested inside command
Triple,GFE,BFGS,epsilon_std_factor,1.0,delta_evaluations,1,0.0,,,20260908,10000,paired seed; targets nested inside command
Triple,GFE,BFGS,epsilon_std_factor,1.0,delta_terminal_gradient_l2,1,0.0,,,20260908,10000,paired seed; targets nested inside command
Triple,GFE,BFGS,epsilon_std_factor,1.0,delta_terminal_gradient_inf,1,0.0,,,20260908,10000,paired seed; targets nested inside command
Triple,GFE,BFGS,epsilon_std_factor,1.0,delta_relative_gradient_l2,1,0.0,,,20260908,10000,paired seed; targets nested inside command
Triple,GFE,BFGS,epsilon_std_factor,1.0,delta_objective_n_m,1,0.0,,,20260908,10000,paired seed; targets nested inside command
Triple,GFE,BFGS,epsilon_std_factor,1.0,delta_surrogate_residual_n,1,0.0,,,20260908,10000,paired seed; targets nested inside command
Triple,GFE,BFGS,epsilon_std_factor,1.0,delta_command_cosine_to_fixed_GFE,1,0.0,,,20260908,10000,paired seed; targets nested inside command
Triple,GFE,BFGS,epsilon_std_factor,1.0,delta_field_cosine_to_fixed_GFE,1,-5.551115123125783e-16,,,20260908,10000,paired seed; targets nested inside command
Triple,GFE,BFGS,epsilon_std_factor,1.0,delta_worst_displacement_a,1,0.0,,,20260908,10000,paired seed; targets nested inside command
Triple,GFE,BFGS,epsilon_std_factor,1.0,delta_minimum_stiffness_n_m,1,0.0,,,20260908,10000,paired seed; targets nested inside command
Triple,GFE,BFGS,epsilon_std_factor,1.0,delta_common_nominal_loss_std_n_m,1,0.0,,,20260908,10000,paired seed; targets nested inside command
Triple,GFE,BFGS,epsilon_std_factor,3.0,delta_solve_wall_s,1,-0.4316868000169052,,,20260908,10000,paired seed; targets nested inside command
Triple,GFE,BFGS,epsilon_std_factor,3.0,delta_iterations,1,-400.0,,,20260908,10000,paired seed; targets nested inside command
Triple,GFE,BFGS,epsilon_std_factor,3.0,delta_evaluations,1,-400.0,,,20260908,10000,paired seed; targets nested inside command
Triple,GFE,BFGS,epsilon_std_factor,3.0,delta_terminal_gradient_l2,1,7.45643473220972e-09,,,20260908,10000,paired seed; targets nested inside command
Triple,GFE,BFGS,epsilon_std_factor,3.0,delta_terminal_gradient_inf,1,3.7594987553807074e-11,,,20260908,10000,paired seed; targets nested inside command
Triple,GFE,BFGS,epsilon_std_factor,3.0,delta_relative_gradient_l2,1,2.4862434002481196e-07,,,20260908,10000,paired seed; targets nested inside command
Triple,GFE,BFGS,epsilon_std_factor,3.0,delta_objective_n_m,1,-1.158831082481715e-07,,,20260908,10000,paired seed; targets nested inside command
Triple,GFE,BFGS,epsilon_std_factor,3.0,delta_surrogate_residual_n,1,2.9136031610234097e-12,,,20260908,10000,paired seed; targets nested inside command
Triple,GFE,BFGS,epsilon_std_factor,3.0,delta_command_cosine_to_fixed_GFE,1,-1.0329708644007951e-08,,,20260908,10000,paired seed; targets nested inside command
Triple,GFE,BFGS,epsilon_std_factor,3.0,delta_field_cosine_to_fixed_GFE,1,-6.620608505869541e-09,,,20260908,10000,paired seed; targets nested inside command
Triple,GFE,BFGS,epsilon_std_factor,3.0,delta_worst_displacement_a,1,4.130084836584391e-05,,,20260908,10000,paired seed; targets nested inside command
Triple,GFE,BFGS,epsilon_std_factor,3.0,delta_minimum_stiffness_n_m,1,-2.444659293289117e-07,,,20260908,10000,paired seed; targets nested inside command
Triple,GFE,BFGS,epsilon_std_factor,3.0,delta_common_nominal_loss_std_n_m,1,7.211917411020701e-06,,,20260908,10000,paired seed; targets nested inside command
Triple,GFE,BFGS,epsilon_std_factor,10.0,delta_solve_wall_s,1,-1.2386352000030456,,,20260908,10000,paired seed; targets nested inside command
Triple,GFE,BFGS,epsilon_std_factor,10.0,delta_iterations,1,-434.0,,,20260908,10000,paired seed; targets nested inside command
Triple,GFE,BFGS,epsilon_std_factor,10.0,delta_evaluations,1,-419.0,,,20260908,10000,paired seed; targets nested inside command
Triple,GFE,BFGS,epsilon_std_factor,10.0,delta_terminal_gradient_l2,1,-3.3084525440545633e-09,,,20260908,10000,paired seed; targets nested inside command
Triple,GFE,BFGS,epsilon_std_factor,10.0,delta_terminal_gradient_inf,1,-2.175883990408975e-09,,,20260908,10000,paired seed; targets nested inside command
Triple,GFE,BFGS,epsilon_std_factor,10.0,delta_relative_gradient_l2,1,-1.0761961069701306e-07,,,20260908,10000,paired seed; targets nested inside command
Triple,GFE,BFGS,epsilon_std_factor,10.0,delta_objective_n_m,1,-5.171502959339103e-07,,,20260908,10000,paired seed; targets nested inside command
Triple,GFE,BFGS,epsilon_std_factor,10.0,delta_surrogate_residual_n,1,1.1455119216754316e-11,,,20260908,10000,paired seed; targets nested inside command
Triple,GFE,BFGS,epsilon_std_factor,10.0,delta_command_cosine_to_fixed_GFE,1,-1.9589136401876317e-07,,,20260908,10000,paired seed; targets nested inside command
Triple,GFE,BFGS,epsilon_std_factor,10.0,delta_field_cosine_to_fixed_GFE,1,-1.283303261434554e-07,,,20260908,10000,paired seed; targets nested inside command
Triple,GFE,BFGS,epsilon_std_factor,10.0,delta_worst_displacement_a,1,0.00017771975671038165,,,20260908,10000,paired seed; targets nested inside command
Triple,GFE,BFGS,epsilon_std_factor,10.0,delta_minimum_stiffness_n_m,1,-1.0672805211544775e-06,,,20260908,10000,paired seed; targets nested inside command
Triple,GFE,BFGS,epsilon_std_factor,10.0,delta_common_nominal_loss_std_n_m,1,3.218515000160759e-05,,,20260908,10000,paired seed; targets nested inside command
Triple,GFE,BFGS,epsilon_std_factor,30.0,delta_solve_wall_s,1,-0.02548499999102205,,,20260908,10000,paired seed; targets nested inside command
Triple,GFE,BFGS,epsilon_std_factor,30.0,delta_iterations,1,-192.0,,,20260908,10000,paired seed; targets nested inside command
Triple,GFE,BFGS,epsilon_std_factor,30.0,delta_evaluations,1,-178.0,,,20260908,10000,paired seed; targets nested inside command
Triple,GFE,BFGS,epsilon_std_factor,30.0,delta_terminal_gradient_l2,1,4.244397666182227e-09,,,20260908,10000,paired seed; targets nested inside command
Triple,GFE,BFGS,epsilon_std_factor,30.0,delta_terminal_gradient_inf,1,4.929753427915522e-11,,,20260908,10000,paired seed; targets nested inside command
Triple,GFE,BFGS,epsilon_std_factor,30.0,delta_relative_gradient_l2,1,1.6929968738672458e-07,,,20260908,10000,paired seed; targets nested inside command
Triple,GFE,BFGS,epsilon_std_factor,30.0,delta_objective_n_m,1,-1.6276919498348086e-06,,,20260908,10000,paired seed; targets nested inside command
Triple,GFE,BFGS,epsilon_std_factor,30.0,delta_surrogate_residual_n,1,3.610144074545487e-11,,,20260908,10000,paired seed; targets nested inside command
Triple,GFE,BFGS,epsilon_std_factor,30.0,delta_command_cosine_to_fixed_GFE,1,-1.922404928245136e-06,,,20260908,10000,paired seed; targets nested inside command
Triple,GFE,BFGS,epsilon_std_factor,30.0,delta_field_cosine_to_fixed_GFE,1,-1.2664781217086585e-06,,,20260908,10000,paired seed; targets nested inside command
Triple,GFE,BFGS,epsilon_std_factor,30.0,delta_worst_displacement_a,1,0.000550097531252014,,,20260908,10000,paired seed; targets nested inside command
Triple,GFE,BFGS,epsilon_std_factor,30.0,delta_minimum_stiffness_n_m,1,-3.386236996394702e-06,,,20260908,10000,paired seed; targets nested inside command
Triple,GFE,BFGS,epsilon_std_factor,30.0,delta_common_nominal_loss_std_n_m,1,0.00010129405983794051,,,20260908,10000,paired seed; targets nested inside command
Triple,GFE,BFGS,first_stage_factor,0.01,delta_solve_wall_s,1,1.7180062999977963,,,20260908,10000,paired seed; targets nested inside command
Triple,GFE,BFGS,first_stage_factor,0.01,delta_iterations,1,35.0,,,20260908,10000,paired seed; targets nested inside command
Triple,GFE,BFGS,first_stage_factor,0.01,delta_evaluations,1,51.0,,,20260908,10000,paired seed; targets nested inside command
Triple,GFE,BFGS,first_stage_factor,0.01,delta_terminal_gradient_l2,1,-7.336369992452191e-09,,,20260908,10000,paired seed; targets nested inside command
Triple,GFE,BFGS,first_stage_factor,0.01,delta_terminal_gradient_inf,1,-2.9078953562128816e-09,,,20260908,10000,paired seed; targets nested inside command
Triple,GFE,BFGS,first_stage_factor,0.01,delta_relative_gradient_l2,1,-2.443412103921065e-07,,,20260908,10000,paired seed; targets nested inside command
Triple,GFE,BFGS,first_stage_factor,0.01,delta_objective_n_m,1,-3.2442104558327856e-13,,,20260908,10000,paired seed; targets nested inside command
Triple,GFE,BFGS,first_stage_factor,0.01,delta_surrogate_residual_n,1,4.2424402920229735e-14,,,20260908,10000,paired seed; targets nested inside command
Triple,GFE,BFGS,first_stage_factor,0.01,delta_command_cosine_to_fixed_GFE,1,-5.6220250677085915e-11,,,20260908,10000,paired seed; targets nested inside command
Triple,GFE,BFGS,first_stage_factor,0.01,delta_field_cosine_to_fixed_GFE,1,-1.5558221377887094e-11,,,20260908,10000,paired seed; targets nested inside command
Triple,GFE,BFGS,first_stage_factor,0.01,delta_worst_displacement_a,1,-2.9303787973944395e-07,,,20260908,10000,paired seed; targets nested inside command
Triple,GFE,BFGS,first_stage_factor,0.01,delta_minimum_stiffness_n_m,1,-4.238026472726947e-10,,,20260908,10000,paired seed; targets nested inside command
Triple,GFE,BFGS,first_stage_factor,0.01,delta_common_nominal_loss_std_n_m,1,7.638930094785651e-11,,,20260908,10000,paired seed; targets nested inside command
Triple,GFE,BFGS,first_stage_factor,0.02,delta_solve_wall_s,1,0.9302549999993062,,,20260908,10000,paired seed; targets nested inside command
Triple,GFE,BFGS,first_stage_factor,0.02,delta_iterations,1,164.0,,,20260908,10000,paired seed; targets nested inside command
Triple,GFE,BFGS,first_stage_factor,0.02,delta_evaluations,1,192.0,,,20260908,10000,paired seed; targets nested inside command
Triple,GFE,BFGS,first_stage_factor,0.02,delta_terminal_gradient_l2,1,-1.3116541999575534e-09,,,20260908,10000,paired seed; targets nested inside command
Triple,GFE,BFGS,first_stage_factor,0.02,delta_terminal_gradient_inf,1,-9.936502656889468e-10,,,20260908,10000,paired seed; targets nested inside command
Triple,GFE,BFGS,first_stage_factor,0.02,delta_relative_gradient_l2,1,-4.368525240183452e-08,,,20260908,10000,paired seed; targets nested inside command
Triple,GFE,BFGS,first_stage_factor,0.02,delta_objective_n_m,1,9.652001420334955e-14,,,20260908,10000,paired seed; targets nested inside command
Triple,GFE,BFGS,first_stage_factor,0.02,delta_surrogate_residual_n,1,1.8212592772498317e-13,,,20260908,10000,paired seed; targets nested inside command
Triple,GFE,BFGS,first_stage_factor,0.02,delta_command_cosine_to_fixed_GFE,1,-6.406131181080355e-11,,,20260908,10000,paired seed; targets nested inside command
Triple,GFE,BFGS,first_stage_factor,0.02,delta_field_cosine_to_fixed_GFE,1,-1.1002643240942689e-11,,,20260908,10000,paired seed; targets nested inside command
Triple,GFE,BFGS,first_stage_factor,0.02,delta_worst_displacement_a,1,1.0027652215249816e-06,,,20260908,10000,paired seed; targets nested inside command
Triple,GFE,BFGS,first_stage_factor,0.02,delta_minimum_stiffness_n_m,1,-1.3285337194506724e-09,,,20260908,10000,paired seed; targets nested inside command
Triple,GFE,BFGS,first_stage_factor,0.02,delta_common_nominal_loss_std_n_m,1,1.5444586082077966e-10,,,20260908,10000,paired seed; targets nested inside command
Triple,GFE,BFGS,first_stage_factor,0.05,delta_solve_wall_s,1,0.0,,,20260908,10000,paired seed; targets nested inside command
Triple,GFE,BFGS,first_stage_factor,0.05,delta_iterations,1,0.0,,,20260908,10000,paired seed; targets nested inside command
Triple,GFE,BFGS,first_stage_factor,0.05,delta_evaluations,1,0.0,,,20260908,10000,paired seed; targets nested inside command
Triple,GFE,BFGS,first_stage_factor,0.05,delta_terminal_gradient_l2,1,0.0,,,20260908,10000,paired seed; targets nested inside command
Triple,GFE,BFGS,first_stage_factor,0.05,delta_terminal_gradient_inf,1,0.0,,,20260908,10000,paired seed; targets nested inside command
Triple,GFE,BFGS,first_stage_factor,0.05,delta_relative_gradient_l2,1,0.0,,,20260908,10000,paired seed; targets nested inside command
Triple,GFE,BFGS,first_stage_factor,0.05,delta_objective_n_m,1,0.0,,,20260908,10000,paired seed; targets nested inside command
Triple,GFE,BFGS,first_stage_factor,0.05,delta_surrogate_residual_n,1,0.0,,,20260908,10000,paired seed; targets nested inside command
Triple,GFE,BFGS,first_stage_factor,0.05,delta_command_cosine_to_fixed_GFE,1,0.0,,,20260908,10000,paired seed; targets nested inside command
Triple,GFE,BFGS,first_stage_factor,0.05,delta_field_cosine_to_fixed_GFE,1,-5.551115123125783e-16,,,20260908,10000,paired seed; targets nested inside command
Triple,GFE,BFGS,first_stage_factor,0.05,delta_worst_displacement_a,1,0.0,,,20260908,10000,paired seed; targets nested inside command
Triple,GFE,BFGS,first_stage_factor,0.05,delta_minimum_stiffness_n_m,1,0.0,,,20260908,10000,paired seed; targets nested inside command
Triple,GFE,BFGS,first_stage_factor,0.05,delta_common_nominal_loss_std_n_m,1,0.0,,,20260908,10000,paired seed; targets nested inside command
Triple,GFE,BFGS,first_stage_factor,0.1,delta_solve_wall_s,1,0.33093270000244956,,,20260908,10000,paired seed; targets nested inside command
Triple,GFE,BFGS,first_stage_factor,0.1,delta_iterations,1,-197.0,,,20260908,10000,paired seed; targets nested inside command
Triple,GFE,BFGS,first_stage_factor,0.1,delta_evaluations,1,-189.0,,,20260908,10000,paired seed; targets nested inside command
Triple,GFE,BFGS,first_stage_factor,0.1,delta_terminal_gradient_l2,1,-5.1931793055279536e-09,,,20260908,10000,paired seed; targets nested inside command
Triple,GFE,BFGS,first_stage_factor,0.1,delta_terminal_gradient_inf,1,-3.2031060167164794e-09,,,20260908,10000,paired seed; targets nested inside command
Triple,GFE,BFGS,first_stage_factor,0.1,delta_relative_gradient_l2,1,-1.7296124903752368e-07,,,20260908,10000,paired seed; targets nested inside command
Triple,GFE,BFGS,first_stage_factor,0.1,delta_objective_n_m,1,5.685035775471192e-14,,,20260908,10000,paired seed; targets nested inside command
Triple,GFE,BFGS,first_stage_factor,0.1,delta_surrogate_residual_n,1,2.3841119503748933e-13,,,20260908,10000,paired seed; targets nested inside command
Triple,GFE,BFGS,first_stage_factor,0.1,delta_command_cosine_to_fixed_GFE,1,-1.0008305295627906e-10,,,20260908,10000,paired seed; targets nested inside command
Triple,GFE,BFGS,first_stage_factor,0.1,delta_field_cosine_to_fixed_GFE,1,-3.2440383712639687e-11,,,20260908,10000,paired seed; targets nested inside command
Triple,GFE,BFGS,first_stage_factor,0.1,delta_worst_displacement_a,1,1.5449942747935985e-06,,,20260908,10000,paired seed; targets nested inside command
Triple,GFE,BFGS,first_stage_factor,0.1,delta_minimum_stiffness_n_m,1,-2.7600403820077224e-10,,,20260908,10000,paired seed; targets nested inside command
Triple,GFE,BFGS,first_stage_factor,0.1,delta_common_nominal_loss_std_n_m,1,2.1601807885950113e-10,,,20260908,10000,paired seed; targets nested inside command
Triple,GFE,BFGS,first_stage_factor,0.2,delta_solve_wall_s,1,0.1910356000007596,,,20260908,10000,paired seed; targets nested inside command
Triple,GFE,BFGS,first_stage_factor,0.2,delta_iterations,1,-172.0,,,20260908,10000,paired seed; targets nested inside command
Triple,GFE,BFGS,first_stage_factor,0.2,delta_evaluations,1,-187.0,,,20260908,10000,paired seed; targets nested inside command
Triple,GFE,BFGS,first_stage_factor,0.2,delta_terminal_gradient_l2,1,3.93591317211035e-10,,,20260908,10000,paired seed; targets nested inside command
Triple,GFE,BFGS,first_stage_factor,0.2,delta_terminal_gradient_inf,1,-3.150981049439391e-10,,,20260908,10000,paired seed; targets nested inside command
Triple,GFE,BFGS,first_stage_factor,0.2,delta_relative_gradient_l2,1,1.3108741645542843e-08,,,20260908,10000,paired seed; targets nested inside command
Triple,GFE,BFGS,first_stage_factor,0.2,delta_objective_n_m,1,2.4558827194098853e-13,,,20260908,10000,paired seed; targets nested inside command
Triple,GFE,BFGS,first_stage_factor,0.2,delta_surrogate_residual_n,1,1.635127075100547e-13,,,20260908,10000,paired seed; targets nested inside command
Triple,GFE,BFGS,first_stage_factor,0.2,delta_command_cosine_to_fixed_GFE,1,-8.052836175664879e-11,,,20260908,10000,paired seed; targets nested inside command
Triple,GFE,BFGS,first_stage_factor,0.2,delta_field_cosine_to_fixed_GFE,1,-1.7449375278033585e-11,,,20260908,10000,paired seed; targets nested inside command
Triple,GFE,BFGS,first_stage_factor,0.2,delta_worst_displacement_a,1,1.5226015748770472e-06,,,20260908,10000,paired seed; targets nested inside command
Triple,GFE,BFGS,first_stage_factor,0.2,delta_minimum_stiffness_n_m,1,-1.1724607608572246e-09,,,20260908,10000,paired seed; targets nested inside command
Triple,GFE,BFGS,first_stage_factor,0.2,delta_common_nominal_loss_std_n_m,1,2.519275168070093e-10,,,20260908,10000,paired seed; targets nested inside command
Triple,GFE,BFGS,first_stage_factor,0.5,delta_solve_wall_s,1,-0.2500787000026321,,,20260908,10000,paired seed; targets nested inside command
Triple,GFE,BFGS,first_stage_factor,0.5,delta_iterations,1,-349.0,,,20260908,10000,paired seed; targets nested inside command
Triple,GFE,BFGS,first_stage_factor,0.5,delta_evaluations,1,-346.0,,,20260908,10000,paired seed; targets nested inside command
Triple,GFE,BFGS,first_stage_factor,0.5,delta_terminal_gradient_l2,1,-9.097836807532857e-10,,,20260908,10000,paired seed; targets nested inside command
Triple,GFE,BFGS,first_stage_factor,0.5,delta_terminal_gradient_inf,1,-1.6800020404640409e-10,,,20260908,10000,paired seed; targets nested inside command
Triple,GFE,BFGS,first_stage_factor,0.5,delta_relative_gradient_l2,1,-3.030076808816171e-08,,,20260908,10000,paired seed; targets nested inside command
Triple,GFE,BFGS,first_stage_factor,0.5,delta_objective_n_m,1,-1.3153367284246542e-13,,,20260908,10000,paired seed; targets nested inside command
Triple,GFE,BFGS,first_stage_factor,0.5,delta_surrogate_residual_n,1,4.809303263911896e-13,,,20260908,10000,paired seed; targets nested inside command
Triple,GFE,BFGS,first_stage_factor,0.5,delta_command_cosine_to_fixed_GFE,1,-7.962008830020295e-11,,,20260908,10000,paired seed; targets nested inside command
Triple,GFE,BFGS,first_stage_factor,0.5,delta_field_cosine_to_fixed_GFE,1,-1.2905565505150207e-11,,,20260908,10000,paired seed; targets nested inside command
Triple,GFE,BFGS,first_stage_factor,0.5,delta_worst_displacement_a,1,9.911997915224013e-07,,,20260908,10000,paired seed; targets nested inside command
Triple,GFE,BFGS,first_stage_factor,0.5,delta_minimum_stiffness_n_m,1,1.8687602485432941e-10,,,20260908,10000,paired seed; targets nested inside command
Triple,GFE,BFGS,first_stage_factor,0.5,delta_common_nominal_loss_std_n_m,1,1.106744388801446e-10,,,20260908,10000,paired seed; targets nested inside command
Triple,GFE,BFGS,first_stage_iterations,1.0,delta_solve_wall_s,1,3.783644600000116,,,20260908,10000,paired seed; targets nested inside command
Triple,GFE,BFGS,first_stage_iterations,1.0,delta_iterations,1,582.0,,,20260908,10000,paired seed; targets nested inside command
Triple,GFE,BFGS,first_stage_iterations,1.0,delta_evaluations,1,624.0,,,20260908,10000,paired seed; targets nested inside command
Triple,GFE,BFGS,first_stage_iterations,1.0,delta_terminal_gradient_l2,1,7.181047993019521e-09,,,20260908,10000,paired seed; targets nested inside command
Triple,GFE,BFGS,first_stage_iterations,1.0,delta_terminal_gradient_inf,1,3.155940822168374e-09,,,20260908,10000,paired seed; targets nested inside command
Triple,GFE,BFGS,first_stage_iterations,1.0,delta_relative_gradient_l2,1,2.391681390528823e-07,,,20260908,10000,paired seed; targets nested inside command
Triple,GFE,BFGS,first_stage_iterations,1.0,delta_objective_n_m,1,3.856984176486833e-13,,,20260908,10000,paired seed; targets nested inside command
Triple,GFE,BFGS,first_stage_iterations,1.0,delta_surrogate_residual_n,1,3.050037037587133e-13,,,20260908,10000,paired seed; targets nested inside command
Triple,GFE,BFGS,first_stage_iterations,1.0,delta_command_cosine_to_fixed_GFE,1,-6.527423046520653e-11,,,20260908,10000,paired seed; targets nested inside command
Triple,GFE,BFGS,first_stage_iterations,1.0,delta_field_cosine_to_fixed_GFE,1,-2.8040680888352654e-11,,,20260908,10000,paired seed; targets nested inside command
Triple,GFE,BFGS,first_stage_iterations,1.0,delta_worst_displacement_a,1,1.9537655050472225e-06,,,20260908,10000,paired seed; targets nested inside command
Triple,GFE,BFGS,first_stage_iterations,1.0,delta_minimum_stiffness_n_m,1,-7.444812804430212e-10,,,20260908,10000,paired seed; targets nested inside command
Triple,GFE,BFGS,first_stage_iterations,1.0,delta_common_nominal_loss_std_n_m,1,1.197565236606417e-10,,,20260908,10000,paired seed; targets nested inside command
Triple,GFE,BFGS,first_stage_iterations,50,delta_solve_wall_s,1,0.7486164000001736,,,20260908,10000,paired seed; targets nested inside command
Triple,GFE,BFGS,first_stage_iterations,50,delta_iterations,1,63.0,,,20260908,10000,paired seed; targets nested inside command
Triple,GFE,BFGS,first_stage_iterations,50,delta_evaluations,1,72.0,,,20260908,10000,paired seed; targets nested inside command
Triple,GFE,BFGS,first_stage_iterations,50,delta_terminal_gradient_l2,1,-6.398696305286221e-09,,,20260908,10000,paired seed; targets nested inside command
Triple,GFE,BFGS,first_stage_iterations,50,delta_terminal_gradient_inf,1,-6.225002780634774e-10,,,20260908,10000,paired seed; targets nested inside command
Triple,GFE,BFGS,first_stage_iterations,50,delta_relative_gradient_l2,1,-2.1311155268527348e-07,,,20260908,10000,paired seed; targets nested inside command
Triple,GFE,BFGS,first_stage_iterations,50,delta_objective_n_m,1,2.546574062733953e-15,,,20260908,10000,paired seed; targets nested inside command
Triple,GFE,BFGS,first_stage_iterations,50,delta_surrogate_residual_n,1,8.983206093043712e-14,,,20260908,10000,paired seed; targets nested inside command
Triple,GFE,BFGS,first_stage_iterations,50,delta_command_cosine_to_fixed_GFE,1,-9.973977199706496e-11,,,20260908,10000,paired seed; targets nested inside command
Triple,GFE,BFGS,first_stage_iterations,50,delta_field_cosine_to_fixed_GFE,1,-4.3109738001589903e-11,,,20260908,10000,paired seed; targets nested inside command
Triple,GFE,BFGS,first_stage_iterations,50,delta_worst_displacement_a,1,1.6527489409834395e-06,,,20260908,10000,paired seed; targets nested inside command
Triple,GFE,BFGS,first_stage_iterations,50,delta_minimum_stiffness_n_m,1,7.201001823910896e-10,,,20260908,10000,paired seed; targets nested inside command
Triple,GFE,BFGS,first_stage_iterations,50,delta_common_nominal_loss_std_n_m,1,1.588569559332754e-10,,,20260908,10000,paired seed; targets nested inside command
Triple,GFE,BFGS,first_stage_iterations,100.0,delta_solve_wall_s,1,0.9999759999918751,,,20260908,10000,paired seed; targets nested inside command
Triple,GFE,BFGS,first_stage_iterations,100.0,delta_iterations,1,-26.0,,,20260908,10000,paired seed; targets nested inside command
Triple,GFE,BFGS,first_stage_iterations,100.0,delta_evaluations,1,-17.0,,,20260908,10000,paired seed; targets nested inside command
Triple,GFE,BFGS,first_stage_iterations,100.0,delta_terminal_gradient_l2,1,-6.230434391519089e-09,,,20260908,10000,paired seed; targets nested inside command
Triple,GFE,BFGS,first_stage_iterations,100.0,delta_terminal_gradient_inf,1,-2.7474296930482726e-09,,,20260908,10000,paired seed; targets nested inside command
Triple,GFE,BFGS,first_stage_iterations,100.0,delta_relative_gradient_l2,1,-2.0750751148846204e-07,,,20260908,10000,paired seed; targets nested inside command
Triple,GFE,BFGS,first_stage_iterations,100.0,delta_objective_n_m,1,1.4238610290817633e-14,,,20260908,10000,paired seed; targets nested inside command
Triple,GFE,BFGS,first_stage_iterations,100.0,delta_surrogate_residual_n,1,8.592774496049232e-14,,,20260908,10000,paired seed; targets nested inside command
Triple,GFE,BFGS,first_stage_iterations,100.0,delta_command_cosine_to_fixed_GFE,1,-8.105394133650634e-11,,,20260908,10000,paired seed; targets nested inside command
Triple,GFE,BFGS,first_stage_iterations,100.0,delta_field_cosine_to_fixed_GFE,1,-2.424505041176417e-11,,,20260908,10000,paired seed; targets nested inside command
Triple,GFE,BFGS,first_stage_iterations,100.0,delta_worst_displacement_a,1,2.5776319634296385e-07,,,20260908,10000,paired seed; targets nested inside command
Triple,GFE,BFGS,first_stage_iterations,100.0,delta_minimum_stiffness_n_m,1,-4.686470395781628e-10,,,20260908,10000,paired seed; targets nested inside command
Triple,GFE,BFGS,first_stage_iterations,100.0,delta_common_nominal_loss_std_n_m,1,1.2511284861503814e-10,,,20260908,10000,paired seed; targets nested inside command
Triple,GFE,BFGS,first_stage_iterations,250,delta_solve_wall_s,1,0.0,,,20260908,10000,paired seed; targets nested inside command
Triple,GFE,BFGS,first_stage_iterations,250,delta_iterations,1,0.0,,,20260908,10000,paired seed; targets nested inside command
Triple,GFE,BFGS,first_stage_iterations,250,delta_evaluations,1,0.0,,,20260908,10000,paired seed; targets nested inside command
Triple,GFE,BFGS,first_stage_iterations,250,delta_terminal_gradient_l2,1,0.0,,,20260908,10000,paired seed; targets nested inside command
Triple,GFE,BFGS,first_stage_iterations,250,delta_terminal_gradient_inf,1,0.0,,,20260908,10000,paired seed; targets nested inside command
Triple,GFE,BFGS,first_stage_iterations,250,delta_relative_gradient_l2,1,0.0,,,20260908,10000,paired seed; targets nested inside command
Triple,GFE,BFGS,first_stage_iterations,250,delta_objective_n_m,1,0.0,,,20260908,10000,paired seed; targets nested inside command
Triple,GFE,BFGS,first_stage_iterations,250,delta_surrogate_residual_n,1,0.0,,,20260908,10000,paired seed; targets nested inside command
Triple,GFE,BFGS,first_stage_iterations,250,delta_command_cosine_to_fixed_GFE,1,0.0,,,20260908,10000,paired seed; targets nested inside command
Triple,GFE,BFGS,first_stage_iterations,250,delta_field_cosine_to_fixed_GFE,1,-5.551115123125783e-16,,,20260908,10000,paired seed; targets nested inside command
Triple,GFE,BFGS,first_stage_iterations,250,delta_worst_displacement_a,1,0.0,,,20260908,10000,paired seed; targets nested inside command
Triple,GFE,BFGS,first_stage_iterations,250,delta_minimum_stiffness_n_m,1,0.0,,,20260908,10000,paired seed; targets nested inside command
Triple,GFE,BFGS,first_stage_iterations,250,delta_common_nominal_loss_std_n_m,1,0.0,,,20260908,10000,paired seed; targets nested inside command
Triple,GFE,BFGS,first_stage_iterations,1000,delta_solve_wall_s,1,-1.6497555000096327,,,20260908,10000,paired seed; targets nested inside command
Triple,GFE,BFGS,first_stage_iterations,1000,delta_iterations,1,-582.0,,,20260908,10000,paired seed; targets nested inside command
Triple,GFE,BFGS,first_stage_iterations,1000,delta_evaluations,1,-581.0,,,20260908,10000,paired seed; targets nested inside command
Triple,GFE,BFGS,first_stage_iterations,1000,delta_terminal_gradient_l2,1,5.754915189668164e-09,,,20260908,10000,paired seed; targets nested inside command
Triple,GFE,BFGS,first_stage_iterations,1000,delta_terminal_gradient_inf,1,-1.1435082346320858e-09,,,20260908,10000,paired seed; targets nested inside command
Triple,GFE,BFGS,first_stage_iterations,1000,delta_relative_gradient_l2,1,1.9167012358893136e-07,,,20260908,10000,paired seed; targets nested inside command
Triple,GFE,BFGS,first_stage_iterations,1000,delta_objective_n_m,1,1.5762530169993738e-12,,,20260908,10000,paired seed; targets nested inside command
Triple,GFE,BFGS,first_stage_iterations,1000,delta_surrogate_residual_n,1,3.35180236947184e-13,,,20260908,10000,paired seed; targets nested inside command
Triple,GFE,BFGS,first_stage_iterations,1000,delta_command_cosine_to_fixed_GFE,1,-1.1317202730509734e-10,,,20260908,10000,paired seed; targets nested inside command
Triple,GFE,BFGS,first_stage_iterations,1000,delta_field_cosine_to_fixed_GFE,1,-1.95075067210837e-11,,,20260908,10000,paired seed; targets nested inside command
Triple,GFE,BFGS,first_stage_iterations,1000,delta_worst_displacement_a,1,1.1520027508038488e-06,,,20260908,10000,paired seed; targets nested inside command
Triple,GFE,BFGS,first_stage_iterations,1000,delta_minimum_stiffness_n_m,1,-1.8457095548110591e-09,,,20260908,10000,paired seed; targets nested inside command
Triple,GFE,BFGS,first_stage_iterations,1000,delta_common_nominal_loss_std_n_m,1,1.898967368295109e-10,,,20260908,10000,paired seed; targets nested inside command
Triple,GFE,BFGS,first_stage_iterations,3000,delta_solve_wall_s,1,3.403146199983894,,,20260908,10000,paired seed; targets nested inside command
Triple,GFE,BFGS,first_stage_iterations,3000,delta_iterations,1,599.0,,,20260908,10000,paired seed; targets nested inside command
Triple,GFE,BFGS,first_stage_iterations,3000,delta_evaluations,1,584.0,,,20260908,10000,paired seed; targets nested inside command
Triple,GFE,BFGS,first_stage_iterations,3000,delta_terminal_gradient_l2,1,4.454554259481773e-10,,,20260908,10000,paired seed; targets nested inside command
Triple,GFE,BFGS,first_stage_iterations,3000,delta_terminal_gradient_inf,1,-6.723142934316899e-10,,,20260908,10000,paired seed; targets nested inside command
Triple,GFE,BFGS,first_stage_iterations,3000,delta_relative_gradient_l2,1,1.4836099878262658e-08,,,20260908,10000,paired seed; targets nested inside command
Triple,GFE,BFGS,first_stage_iterations,3000,delta_objective_n_m,1,2.282091182692625e-12,,,20260908,10000,paired seed; targets nested inside command
Triple,GFE,BFGS,first_stage_iterations,3000,delta_surrogate_residual_n,1,2.302591686979894e-13,,,20260908,10000,paired seed; targets nested inside command
Triple,GFE,BFGS,first_stage_iterations,3000,delta_command_cosine_to_fixed_GFE,1,-2.617387417913619e-10,,,20260908,10000,paired seed; targets nested inside command
Triple,GFE,BFGS,first_stage_iterations,3000,delta_field_cosine_to_fixed_GFE,1,-8.500866677252361e-11,,,20260908,10000,paired seed; targets nested inside command
Triple,GFE,BFGS,first_stage_iterations,3000,delta_worst_displacement_a,1,6.871564661170559e-07,,,20260908,10000,paired seed; targets nested inside command
Triple,GFE,BFGS,first_stage_iterations,3000,delta_minimum_stiffness_n_m,1,1.031365422969957e-09,,,20260908,10000,paired seed; targets nested inside command
Triple,GFE,BFGS,first_stage_iterations,3000,delta_common_nominal_loss_std_n_m,1,1.7410276274669535e-10,,,20260908,10000,paired seed; targets nested inside command
Triple,GFE,BFGS,gamma_uniformity,0.0,delta_solve_wall_s,1,-0.789045099998475,,,20260908,10000,paired seed; targets nested inside command
Triple,GFE,BFGS,gamma_uniformity,0.0,delta_iterations,1,-423.0,,,20260908,10000,paired seed; targets nested inside command
Triple,GFE,BFGS,gamma_uniformity,0.0,delta_evaluations,1,-435.0,,,20260908,10000,paired seed; targets nested inside command
Triple,GFE,BFGS,gamma_uniformity,0.0,delta_terminal_gradient_l2,1,4.778088279162703e-09,,,20260908,10000,paired seed; targets nested inside command
Triple,GFE,BFGS,gamma_uniformity,0.0,delta_terminal_gradient_inf,1,-7.13698055823897e-10,,,20260908,10000,paired seed; targets nested inside command
Triple,GFE,BFGS,gamma_uniformity,0.0,delta_relative_gradient_l2,1,7.653883845990443e-07,,,20260908,10000,paired seed; targets nested inside command
Triple,GFE,BFGS,gamma_uniformity,0.0,delta_objective_n_m,1,-4.610886743285081e-05,,,20260908,10000,paired seed; targets nested inside command
Triple,GFE,BFGS,gamma_uniformity,0.0,delta_surrogate_residual_n,1,9.915941837038301e-10,,,20260908,10000,paired seed; targets nested inside command
Triple,GFE,BFGS,gamma_uniformity,0.0,delta_command_cosine_to_fixed_GFE,1,-0.0013173948411171477,,,20260908,10000,paired seed; targets nested inside command
Triple,GFE,BFGS,gamma_uniformity,0.0,delta_field_cosine_to_fixed_GFE,1,-0.0009340931826113952,,,20260908,10000,paired seed; targets nested inside command
Triple,GFE,BFGS,gamma_uniformity,0.0,delta_worst_displacement_a,1,0.009548780427926673,,,20260908,10000,paired seed; targets nested inside command
Triple,GFE,BFGS,gamma_uniformity,0.0,delta_minimum_stiffness_n_m,1,-9.663577607948613e-05,,,20260908,10000,paired seed; targets nested inside command
Triple,GFE,BFGS,gamma_uniformity,0.0,delta_common_nominal_loss_std_n_m,1,0.0028222343669704465,,,20260908,10000,paired seed; targets nested inside command
Triple,GFE,BFGS,gamma_uniformity,0.03,delta_solve_wall_s,1,-0.7641132000135258,,,20260908,10000,paired seed; targets nested inside command
Triple,GFE,BFGS,gamma_uniformity,0.03,delta_iterations,1,-515.0,,,20260908,10000,paired seed; targets nested inside command
Triple,GFE,BFGS,gamma_uniformity,0.03,delta_evaluations,1,-532.0,,,20260908,10000,paired seed; targets nested inside command
Triple,GFE,BFGS,gamma_uniformity,0.03,delta_terminal_gradient_l2,1,5.3450377707990765e-09,,,20260908,10000,paired seed; targets nested inside command
Triple,GFE,BFGS,gamma_uniformity,0.03,delta_terminal_gradient_inf,1,-1.258075891203973e-09,,,20260908,10000,paired seed; targets nested inside command
Triple,GFE,BFGS,gamma_uniformity,0.03,delta_relative_gradient_l2,1,7.902698472149053e-07,,,20260908,10000,paired seed; targets nested inside command
Triple,GFE,BFGS,gamma_uniformity,0.03,delta_objective_n_m,1,-2.885987683429181e-06,,,20260908,10000,paired seed; targets nested inside command
Triple,GFE,BFGS,gamma_uniformity,0.03,delta_surrogate_residual_n,1,1.187098008206668e-10,,,20260908,10000,paired seed; targets nested inside command
Triple,GFE,BFGS,gamma_uniformity,0.03,delta_command_cosine_to_fixed_GFE,1,-2.0895929603303998e-05,,,20260908,10000,paired seed; targets nested inside command
Triple,GFE,BFGS,gamma_uniformity,0.03,delta_field_cosine_to_fixed_GFE,1,-1.3866653378102889e-05,,,20260908,10000,paired seed; targets nested inside command
Triple,GFE,BFGS,gamma_uniformity,0.03,delta_worst_displacement_a,1,0.0016540787129132317,,,20260908,10000,paired seed; targets nested inside command
Triple,GFE,BFGS,gamma_uniformity,0.03,delta_minimum_stiffness_n_m,1,-1.1617365490898405e-05,,,20260908,10000,paired seed; targets nested inside command
Triple,GFE,BFGS,gamma_uniformity,0.03,delta_common_nominal_loss_std_n_m,1,0.00033691120872195987,,,20260908,10000,paired seed; targets nested inside command
Triple,GFE,BFGS,gamma_uniformity,0.1,delta_solve_wall_s,1,-0.6190009000129066,,,20260908,10000,paired seed; targets nested inside command
Triple,GFE,BFGS,gamma_uniformity,0.1,delta_iterations,1,-455.0,,,20260908,10000,paired seed; targets nested inside command
Triple,GFE,BFGS,gamma_uniformity,0.1,delta_evaluations,1,-436.0,,,20260908,10000,paired seed; targets nested inside command
Triple,GFE,BFGS,gamma_uniformity,0.1,delta_terminal_gradient_l2,1,-3.4654501879389816e-09,,,20260908,10000,paired seed; targets nested inside command
Triple,GFE,BFGS,gamma_uniformity,0.1,delta_terminal_gradient_inf,1,-6.93340990809836e-11,,,20260908,10000,paired seed; targets nested inside command
Triple,GFE,BFGS,gamma_uniformity,0.1,delta_relative_gradient_l2,1,3.453314508228718e-07,,,20260908,10000,paired seed; targets nested inside command
Triple,GFE,BFGS,gamma_uniformity,0.1,delta_objective_n_m,1,-5.320936418487521e-07,,,20260908,10000,paired seed; targets nested inside command
Triple,GFE,BFGS,gamma_uniformity,0.1,delta_surrogate_residual_n,1,1.2192187991529963e-11,,,20260908,10000,paired seed; targets nested inside command
Triple,GFE,BFGS,gamma_uniformity,0.1,delta_command_cosine_to_fixed_GFE,1,-2.2036925040325173e-07,,,20260908,10000,paired seed; targets nested inside command
Triple,GFE,BFGS,gamma_uniformity,0.1,delta_field_cosine_to_fixed_GFE,1,-1.4390150326892837e-07,,,20260908,10000,paired seed; targets nested inside command
Triple,GFE,BFGS,gamma_uniformity,0.1,delta_worst_displacement_a,1,0.00018799057977270106,,,20260908,10000,paired seed; targets nested inside command
Triple,GFE,BFGS,gamma_uniformity,0.1,delta_minimum_stiffness_n_m,1,-1.128687770363861e-06,,,20260908,10000,paired seed; targets nested inside command
Triple,GFE,BFGS,gamma_uniformity,0.1,delta_common_nominal_loss_std_n_m,1,3.409425645502381e-05,,,20260908,10000,paired seed; targets nested inside command
Triple,GFE,BFGS,gamma_uniformity,0.3,delta_solve_wall_s,1,-1.2400842000060948,,,20260908,10000,paired seed; targets nested inside command
Triple,GFE,BFGS,gamma_uniformity,0.3,delta_iterations,1,-465.0,,,20260908,10000,paired seed; targets nested inside command
Triple,GFE,BFGS,gamma_uniformity,0.3,delta_evaluations,1,-473.0,,,20260908,10000,paired seed; targets nested inside command
Triple,GFE,BFGS,gamma_uniformity,0.3,delta_terminal_gradient_l2,1,-4.644511914533965e-09,,,20260908,10000,paired seed; targets nested inside command
Triple,GFE,BFGS,gamma_uniformity,0.3,delta_terminal_gradient_inf,1,-3.944880378847597e-12,,,20260908,10000,paired seed; targets nested inside command
Triple,GFE,BFGS,gamma_uniformity,0.3,delta_relative_gradient_l2,1,2.2152970294044785e-07,,,20260908,10000,paired seed; targets nested inside command
Triple,GFE,BFGS,gamma_uniformity,0.3,delta_objective_n_m,1,-1.3564596791637573e-07,,,20260908,10000,paired seed; targets nested inside command
Triple,GFE,BFGS,gamma_uniformity,0.3,delta_surrogate_residual_n,1,2.837604705176642e-12,,,20260908,10000,paired seed; targets nested inside command
Triple,GFE,BFGS,gamma_uniformity,0.3,delta_command_cosine_to_fixed_GFE,1,-1.3722691094564254e-08,,,20260908,10000,paired seed; targets nested inside command
Triple,GFE,BFGS,gamma_uniformity,0.3,delta_field_cosine_to_fixed_GFE,1,-9.017750213224929e-09,,,20260908,10000,paired seed; targets nested inside command
Triple,GFE,BFGS,gamma_uniformity,0.3,delta_worst_displacement_a,1,4.683307449571128e-05,,,20260908,10000,paired seed; targets nested inside command
Triple,GFE,BFGS,gamma_uniformity,0.3,delta_minimum_stiffness_n_m,1,-2.8636713225987237e-07,,,20260908,10000,paired seed; targets nested inside command
Triple,GFE,BFGS,gamma_uniformity,0.3,delta_common_nominal_loss_std_n_m,1,8.473840106491728e-06,,,20260908,10000,paired seed; targets nested inside command
Triple,GFE,BFGS,gamma_uniformity,1.0,delta_solve_wall_s,1,0.0,,,20260908,10000,paired seed; targets nested inside command
Triple,GFE,BFGS,gamma_uniformity,1.0,delta_iterations,1,0.0,,,20260908,10000,paired seed; targets nested inside command
Triple,GFE,BFGS,gamma_uniformity,1.0,delta_evaluations,1,0.0,,,20260908,10000,paired seed; targets nested inside command
Triple,GFE,BFGS,gamma_uniformity,1.0,delta_terminal_gradient_l2,1,0.0,,,20260908,10000,paired seed; targets nested inside command
Triple,GFE,BFGS,gamma_uniformity,1.0,delta_terminal_gradient_inf,1,0.0,,,20260908,10000,paired seed; targets nested inside command
Triple,GFE,BFGS,gamma_uniformity,1.0,delta_relative_gradient_l2,1,0.0,,,20260908,10000,paired seed; targets nested inside command
Triple,GFE,BFGS,gamma_uniformity,1.0,delta_objective_n_m,1,0.0,,,20260908,10000,paired seed; targets nested inside command
Triple,GFE,BFGS,gamma_uniformity,1.0,delta_surrogate_residual_n,1,0.0,,,20260908,10000,paired seed; targets nested inside command
Triple,GFE,BFGS,gamma_uniformity,1.0,delta_command_cosine_to_fixed_GFE,1,0.0,,,20260908,10000,paired seed; targets nested inside command
Triple,GFE,BFGS,gamma_uniformity,1.0,delta_field_cosine_to_fixed_GFE,1,-5.551115123125783e-16,,,20260908,10000,paired seed; targets nested inside command
Triple,GFE,BFGS,gamma_uniformity,1.0,delta_worst_displacement_a,1,0.0,,,20260908,10000,paired seed; targets nested inside command
Triple,GFE,BFGS,gamma_uniformity,1.0,delta_minimum_stiffness_n_m,1,0.0,,,20260908,10000,paired seed; targets nested inside command
Triple,GFE,BFGS,gamma_uniformity,1.0,delta_common_nominal_loss_std_n_m,1,0.0,,,20260908,10000,paired seed; targets nested inside command
Triple,GFE,BFGS,gamma_uniformity,3.0,delta_solve_wall_s,1,0.8172588999877917,,,20260908,10000,paired seed; targets nested inside command
Triple,GFE,BFGS,gamma_uniformity,3.0,delta_iterations,1,-21.0,,,20260908,10000,paired seed; targets nested inside command
Triple,GFE,BFGS,gamma_uniformity,3.0,delta_evaluations,1,32.0,,,20260908,10000,paired seed; targets nested inside command
Triple,GFE,BFGS,gamma_uniformity,3.0,delta_terminal_gradient_l2,1,9.064002782523641e-09,,,20260908,10000,paired seed; targets nested inside command
Triple,GFE,BFGS,gamma_uniformity,3.0,delta_terminal_gradient_inf,1,4.7877937731500946e-09,,,20260908,10000,paired seed; targets nested inside command
Triple,GFE,BFGS,gamma_uniformity,3.0,delta_relative_gradient_l2,1,-4.828725796922298e-07,,,20260908,10000,paired seed; targets nested inside command
Triple,GFE,BFGS,gamma_uniformity,3.0,delta_objective_n_m,1,3.875735881536668e-08,,,20260908,10000,paired seed; targets nested inside command
Triple,GFE,BFGS,gamma_uniformity,3.0,delta_surrogate_residual_n,1,-1.0642427675224342e-12,,,20260908,10000,paired seed; targets nested inside command
Triple,GFE,BFGS,gamma_uniformity,3.0,delta_command_cosine_to_fixed_GFE,1,-1.6653723955428745e-09,,,20260908,10000,paired seed; targets nested inside command
Triple,GFE,BFGS,gamma_uniformity,3.0,delta_field_cosine_to_fixed_GFE,1,-8.002962736952668e-10,,,20260908,10000,paired seed; targets nested inside command
Triple,GFE,BFGS,gamma_uniformity,3.0,delta_worst_displacement_a,1,-1.2929907277192676e-05,,,20260908,10000,paired seed; targets nested inside command
Triple,GFE,BFGS,gamma_uniformity,3.0,delta_minimum_stiffness_n_m,1,8.207691047884373e-08,,,20260908,10000,paired seed; targets nested inside command
Triple,GFE,BFGS,gamma_uniformity,3.0,delta_common_nominal_loss_std_n_m,1,-2.4121678160881064e-06,,,20260908,10000,paired seed; targets nested inside command
Triple,GFE,BFGS,gamma_uniformity,10.0,delta_solve_wall_s,1,6.905114599998342,,,20260908,10000,paired seed; targets nested inside command
Triple,GFE,BFGS,gamma_uniformity,10.0,delta_iterations,1,1203.0,,,20260908,10000,paired seed; targets nested inside command
Triple,GFE,BFGS,gamma_uniformity,10.0,delta_evaluations,1,1304.0,,,20260908,10000,paired seed; targets nested inside command
Triple,GFE,BFGS,gamma_uniformity,10.0,delta_terminal_gradient_l2,1,-4.817786791150086e-09,,,20260908,10000,paired seed; targets nested inside command
Triple,GFE,BFGS,gamma_uniformity,10.0,delta_terminal_gradient_inf,1,-2.4657616105584713e-09,,,20260908,10000,paired seed; targets nested inside command
Triple,GFE,BFGS,gamma_uniformity,10.0,delta_relative_gradient_l2,1,-9.706856646711463e-07,,,20260908,10000,paired seed; targets nested inside command
Triple,GFE,BFGS,gamma_uniformity,10.0,delta_objective_n_m,1,5.233027601525553e-08,,,20260908,10000,paired seed; targets nested inside command
Triple,GFE,BFGS,gamma_uniformity,10.0,delta_surrogate_residual_n,1,-8.48889703000253e-13,,,20260908,10000,paired seed; targets nested inside command
Triple,GFE,BFGS,gamma_uniformity,10.0,delta_command_cosine_to_fixed_GFE,1,-1.976063646047521e-09,,,20260908,10000,paired seed; targets nested inside command
Triple,GFE,BFGS,gamma_uniformity,10.0,delta_field_cosine_to_fixed_GFE,1,-1.2733386567376215e-09,,,20260908,10000,paired seed; targets nested inside command
Triple,GFE,BFGS,gamma_uniformity,10.0,delta_worst_displacement_a,1,-1.7759312632925628e-05,,,20260908,10000,paired seed; targets nested inside command
Triple,GFE,BFGS,gamma_uniformity,10.0,delta_minimum_stiffness_n_m,1,1.0859274907244754e-07,,,20260908,10000,paired seed; targets nested inside command
Triple,GFE,BFGS,gamma_uniformity,10.0,delta_common_nominal_loss_std_n_m,1,-3.2568279595893077e-06,,,20260908,10000,paired seed; targets nested inside command
Triple,GFE,BFGS,gamma_x_epsilon_std,"0.1,0.1",delta_solve_wall_s,1,-1.2940646000060951,,,20260908,10000,paired seed; targets nested inside command
Triple,GFE,BFGS,gamma_x_epsilon_std,"0.1,0.1",delta_iterations,1,-563.0,,,20260908,10000,paired seed; targets nested inside command
Triple,GFE,BFGS,gamma_x_epsilon_std,"0.1,0.1",delta_evaluations,1,-584.0,,,20260908,10000,paired seed; targets nested inside command
Triple,GFE,BFGS,gamma_x_epsilon_std,"0.1,0.1",delta_terminal_gradient_l2,1,3.534900768283407e-09,,,20260908,10000,paired seed; targets nested inside command
Triple,GFE,BFGS,gamma_x_epsilon_std,"0.1,0.1",delta_terminal_gradient_inf,1,-2.1079550716137806e-09,,,20260908,10000,paired seed; targets nested inside command
Triple,GFE,BFGS,gamma_x_epsilon_std,"0.1,0.1",delta_relative_gradient_l2,1,6.874242205822582e-07,,,20260908,10000,paired seed; targets nested inside command
Triple,GFE,BFGS,gamma_x_epsilon_std,"0.1,0.1",delta_objective_n_m,1,-1.5629241789660853e-09,,,20260908,10000,paired seed; targets nested inside command
Triple,GFE,BFGS,gamma_x_epsilon_std,"0.1,0.1",delta_surrogate_residual_n,1,1.6093871995721052e-13,,,20260908,10000,paired seed; targets nested inside command
Triple,GFE,BFGS,gamma_x_epsilon_std,"0.1,0.1",delta_command_cosine_to_fixed_GFE,1,-9.173983794852347e-11,,,20260908,10000,paired seed; targets nested inside command
Triple,GFE,BFGS,gamma_x_epsilon_std,"0.1,0.1",delta_field_cosine_to_fixed_GFE,1,-4.048239521381447e-11,,,20260908,10000,paired seed; targets nested inside command
Triple,GFE,BFGS,gamma_x_epsilon_std,"0.1,0.1",delta_worst_displacement_a,1,1.6770743694327628e-06,,,20260908,10000,paired seed; targets nested inside command
Triple,GFE,BFGS,gamma_x_epsilon_std,"0.1,0.1",delta_minimum_stiffness_n_m,1,-6.342370873282932e-09,,,20260908,10000,paired seed; targets nested inside command
Triple,GFE,BFGS,gamma_x_epsilon_std,"0.1,0.1",delta_common_nominal_loss_std_n_m,1,2.001345476679478e-07,,,20260908,10000,paired seed; targets nested inside command
Triple,GFE,BFGS,gamma_x_epsilon_std,"0.1,1",delta_solve_wall_s,1,-0.6190009000129066,,,20260908,10000,paired seed; targets nested inside command
Triple,GFE,BFGS,gamma_x_epsilon_std,"0.1,1",delta_iterations,1,-455.0,,,20260908,10000,paired seed; targets nested inside command
Triple,GFE,BFGS,gamma_x_epsilon_std,"0.1,1",delta_evaluations,1,-436.0,,,20260908,10000,paired seed; targets nested inside command
Triple,GFE,BFGS,gamma_x_epsilon_std,"0.1,1",delta_terminal_gradient_l2,1,-3.4654501879389816e-09,,,20260908,10000,paired seed; targets nested inside command
Triple,GFE,BFGS,gamma_x_epsilon_std,"0.1,1",delta_terminal_gradient_inf,1,-6.93340990809836e-11,,,20260908,10000,paired seed; targets nested inside command
Triple,GFE,BFGS,gamma_x_epsilon_std,"0.1,1",delta_relative_gradient_l2,1,3.453314508228718e-07,,,20260908,10000,paired seed; targets nested inside command
Triple,GFE,BFGS,gamma_x_epsilon_std,"0.1,1",delta_objective_n_m,1,-5.320936418487521e-07,,,20260908,10000,paired seed; targets nested inside command
Triple,GFE,BFGS,gamma_x_epsilon_std,"0.1,1",delta_surrogate_residual_n,1,1.2192187991529963e-11,,,20260908,10000,paired seed; targets nested inside command
Triple,GFE,BFGS,gamma_x_epsilon_std,"0.1,1",delta_command_cosine_to_fixed_GFE,1,-2.2036925040325173e-07,,,20260908,10000,paired seed; targets nested inside command
Triple,GFE,BFGS,gamma_x_epsilon_std,"0.1,1",delta_field_cosine_to_fixed_GFE,1,-1.4390150326892837e-07,,,20260908,10000,paired seed; targets nested inside command
Triple,GFE,BFGS,gamma_x_epsilon_std,"0.1,1",delta_worst_displacement_a,1,0.00018799057977270106,,,20260908,10000,paired seed; targets nested inside command
Triple,GFE,BFGS,gamma_x_epsilon_std,"0.1,1",delta_minimum_stiffness_n_m,1,-1.128687770363861e-06,,,20260908,10000,paired seed; targets nested inside command
Triple,GFE,BFGS,gamma_x_epsilon_std,"0.1,1",delta_common_nominal_loss_std_n_m,1,3.409425645502381e-05,,,20260908,10000,paired seed; targets nested inside command
Triple,GFE,BFGS,gamma_x_epsilon_std,"0.1,10",delta_solve_wall_s,1,-2.2760334000049625,,,20260908,10000,paired seed; targets nested inside command
Triple,GFE,BFGS,gamma_x_epsilon_std,"0.1,10",delta_iterations,1,-673.0,,,20260908,10000,paired seed; targets nested inside command
Triple,GFE,BFGS,gamma_x_epsilon_std,"0.1,10",delta_evaluations,1,-675.0,,,20260908,10000,paired seed; targets nested inside command
Triple,GFE,BFGS,gamma_x_epsilon_std,"0.1,10",delta_terminal_gradient_l2,1,7.897959019995443e-09,,,20260908,10000,paired seed; targets nested inside command
Triple,GFE,BFGS,gamma_x_epsilon_std,"0.1,10",delta_terminal_gradient_inf,1,-2.5992160117063113e-10,,,20260908,10000,paired seed; targets nested inside command
Triple,GFE,BFGS,gamma_x_epsilon_std,"0.1,10",delta_relative_gradient_l2,1,9.007840119351922e-07,,,20260908,10000,paired seed; targets nested inside command
Triple,GFE,BFGS,gamma_x_epsilon_std,"0.1,10",delta_objective_n_m,1,-5.23390642218069e-06,,,20260908,10000,paired seed; targets nested inside command
Triple,GFE,BFGS,gamma_x_epsilon_std,"0.1,10",delta_surrogate_residual_n,1,1.1676741299058097e-10,,,20260908,10000,paired seed; targets nested inside command
Triple,GFE,BFGS,gamma_x_epsilon_std,"0.1,10",delta_command_cosine_to_fixed_GFE,1,-2.0288497850962095e-05,,,20260908,10000,paired seed; targets nested inside command
Triple,GFE,BFGS,gamma_x_epsilon_std,"0.1,10",delta_field_cosine_to_fixed_GFE,1,-1.3464121637274395e-05,,,20260908,10000,paired seed; targets nested inside command
Triple,GFE,BFGS,gamma_x_epsilon_std,"0.1,10",delta_worst_displacement_a,1,0.0016328734555530744,,,20260908,10000,paired seed; targets nested inside command
Triple,GFE,BFGS,gamma_x_epsilon_std,"0.1,10",delta_minimum_stiffness_n_m,1,-1.143502165027203e-05,,,20260908,10000,paired seed; targets nested inside command
Triple,GFE,BFGS,gamma_x_epsilon_std,"0.1,10",delta_common_nominal_loss_std_n_m,1,0.0003318286996427116,,,20260908,10000,paired seed; targets nested inside command
Triple,GFE,BFGS,gamma_x_epsilon_std,"1,0.1",delta_solve_wall_s,1,3.711880699993344,,,20260908,10000,paired seed; targets nested inside command
Triple,GFE,BFGS,gamma_x_epsilon_std,"1,0.1",delta_iterations,1,758.0,,,20260908,10000,paired seed; targets nested inside command
Triple,GFE,BFGS,gamma_x_epsilon_std,"1,0.1",delta_evaluations,1,849.0,,,20260908,10000,paired seed; targets nested inside command
Triple,GFE,BFGS,gamma_x_epsilon_std,"1,0.1",delta_terminal_gradient_l2,1,1.2959355876002355e-08,,,20260908,10000,paired seed; targets nested inside command
Triple,GFE,BFGS,gamma_x_epsilon_std,"1,0.1",delta_terminal_gradient_inf,1,4.911318301085827e-09,,,20260908,10000,paired seed; targets nested inside command
Triple,GFE,BFGS,gamma_x_epsilon_std,"1,0.1",delta_relative_gradient_l2,1,4.315773840540364e-07,,,20260908,10000,paired seed; targets nested inside command
Triple,GFE,BFGS,gamma_x_epsilon_std,"1,0.1",delta_objective_n_m,1,5.233020024947299e-08,,,20260908,10000,paired seed; targets nested inside command
Triple,GFE,BFGS,gamma_x_epsilon_std,"1,0.1",delta_surrogate_residual_n,1,-1.2288430500190328e-12,,,20260908,10000,paired seed; targets nested inside command
Triple,GFE,BFGS,gamma_x_epsilon_std,"1,0.1",delta_command_cosine_to_fixed_GFE,1,-2.096669837747811e-09,,,20260908,10000,paired seed; targets nested inside command
Triple,GFE,BFGS,gamma_x_epsilon_std,"1,0.1",delta_field_cosine_to_fixed_GFE,1,-1.382222669654709e-09,,,20260908,10000,paired seed; targets nested inside command
Triple,GFE,BFGS,gamma_x_epsilon_std,"1,0.1",delta_worst_displacement_a,1,-1.7614090293660567e-05,,,20260908,10000,paired seed; targets nested inside command
Triple,GFE,BFGS,gamma_x_epsilon_std,"1,0.1",delta_minimum_stiffness_n_m,1,1.1115050074111434e-07,,,20260908,10000,paired seed; targets nested inside command
Triple,GFE,BFGS,gamma_x_epsilon_std,"1,0.1",delta_common_nominal_loss_std_n_m,1,-3.2566438697160635e-06,,,20260908,10000,paired seed; targets nested inside command
Triple,GFE,BFGS,gamma_x_epsilon_std,"1,1",delta_solve_wall_s,1,0.0,,,20260908,10000,paired seed; targets nested inside command
Triple,GFE,BFGS,gamma_x_epsilon_std,"1,1",delta_iterations,1,0.0,,,20260908,10000,paired seed; targets nested inside command
Triple,GFE,BFGS,gamma_x_epsilon_std,"1,1",delta_evaluations,1,0.0,,,20260908,10000,paired seed; targets nested inside command
Triple,GFE,BFGS,gamma_x_epsilon_std,"1,1",delta_terminal_gradient_l2,1,0.0,,,20260908,10000,paired seed; targets nested inside command
Triple,GFE,BFGS,gamma_x_epsilon_std,"1,1",delta_terminal_gradient_inf,1,0.0,,,20260908,10000,paired seed; targets nested inside command
Triple,GFE,BFGS,gamma_x_epsilon_std,"1,1",delta_relative_gradient_l2,1,0.0,,,20260908,10000,paired seed; targets nested inside command
Triple,GFE,BFGS,gamma_x_epsilon_std,"1,1",delta_objective_n_m,1,0.0,,,20260908,10000,paired seed; targets nested inside command
Triple,GFE,BFGS,gamma_x_epsilon_std,"1,1",delta_surrogate_residual_n,1,0.0,,,20260908,10000,paired seed; targets nested inside command
Triple,GFE,BFGS,gamma_x_epsilon_std,"1,1",delta_command_cosine_to_fixed_GFE,1,0.0,,,20260908,10000,paired seed; targets nested inside command
Triple,GFE,BFGS,gamma_x_epsilon_std,"1,1",delta_field_cosine_to_fixed_GFE,1,-5.551115123125783e-16,,,20260908,10000,paired seed; targets nested inside command
Triple,GFE,BFGS,gamma_x_epsilon_std,"1,1",delta_worst_displacement_a,1,0.0,,,20260908,10000,paired seed; targets nested inside command
Triple,GFE,BFGS,gamma_x_epsilon_std,"1,1",delta_minimum_stiffness_n_m,1,0.0,,,20260908,10000,paired seed; targets nested inside command
Triple,GFE,BFGS,gamma_x_epsilon_std,"1,1",delta_common_nominal_loss_std_n_m,1,0.0,,,20260908,10000,paired seed; targets nested inside command
Triple,GFE,BFGS,gamma_x_epsilon_std,"1,10",delta_solve_wall_s,1,-1.2386352000030456,,,20260908,10000,paired seed; targets nested inside command
Triple,GFE,BFGS,gamma_x_epsilon_std,"1,10",delta_iterations,1,-434.0,,,20260908,10000,paired seed; targets nested inside command
Triple,GFE,BFGS,gamma_x_epsilon_std,"1,10",delta_evaluations,1,-419.0,,,20260908,10000,paired seed; targets nested inside command
Triple,GFE,BFGS,gamma_x_epsilon_std,"1,10",delta_terminal_gradient_l2,1,-3.3084525440545633e-09,,,20260908,10000,paired seed; targets nested inside command
Triple,GFE,BFGS,gamma_x_epsilon_std,"1,10",delta_terminal_gradient_inf,1,-2.175883990408975e-09,,,20260908,10000,paired seed; targets nested inside command
Triple,GFE,BFGS,gamma_x_epsilon_std,"1,10",delta_relative_gradient_l2,1,-1.0761961069701306e-07,,,20260908,10000,paired seed; targets nested inside command
Triple,GFE,BFGS,gamma_x_epsilon_std,"1,10",delta_objective_n_m,1,-5.171502959339103e-07,,,20260908,10000,paired seed; targets nested inside command
Triple,GFE,BFGS,gamma_x_epsilon_std,"1,10",delta_surrogate_residual_n,1,1.1455119216754316e-11,,,20260908,10000,paired seed; targets nested inside command
Triple,GFE,BFGS,gamma_x_epsilon_std,"1,10",delta_command_cosine_to_fixed_GFE,1,-1.9589136401876317e-07,,,20260908,10000,paired seed; targets nested inside command
Triple,GFE,BFGS,gamma_x_epsilon_std,"1,10",delta_field_cosine_to_fixed_GFE,1,-1.283303261434554e-07,,,20260908,10000,paired seed; targets nested inside command
Triple,GFE,BFGS,gamma_x_epsilon_std,"1,10",delta_worst_displacement_a,1,0.00017771975671038165,,,20260908,10000,paired seed; targets nested inside command
Triple,GFE,BFGS,gamma_x_epsilon_std,"1,10",delta_minimum_stiffness_n_m,1,-1.0672805211544775e-06,,,20260908,10000,paired seed; targets nested inside command
Triple,GFE,BFGS,gamma_x_epsilon_std,"1,10",delta_common_nominal_loss_std_n_m,1,3.218515000160759e-05,,,20260908,10000,paired seed; targets nested inside command
Triple,GFE,BFGS,gamma_x_epsilon_std,"10,0.1",delta_solve_wall_s,1,23.754163699995843,,,20260908,10000,paired seed; targets nested inside command
Triple,GFE,BFGS,gamma_x_epsilon_std,"10,0.1",delta_iterations,1,7755.0,,,20260908,10000,paired seed; targets nested inside command
Triple,GFE,BFGS,gamma_x_epsilon_std,"10,0.1",delta_evaluations,1,8231.0,,,20260908,10000,paired seed; targets nested inside command
Triple,GFE,BFGS,gamma_x_epsilon_std,"10,0.1",delta_terminal_gradient_l2,1,1.1819485150066588e-07,,,20260908,10000,paired seed; targets nested inside command
Triple,GFE,BFGS,gamma_x_epsilon_std,"10,0.1",delta_terminal_gradient_inf,1,3.492159405185584e-08,,,20260908,10000,paired seed; targets nested inside command
Triple,GFE,BFGS,gamma_x_epsilon_std,"10,0.1",delta_relative_gradient_l2,1,-4.013334312764611e-07,,,20260908,10000,paired seed; targets nested inside command
Triple,GFE,BFGS,gamma_x_epsilon_std,"10,0.1",delta_objective_n_m,1,5.7581004568596494e-08,,,20260908,10000,paired seed; targets nested inside command
Triple,GFE,BFGS,gamma_x_epsilon_std,"10,0.1",delta_surrogate_residual_n,1,-1.230505520939408e-12,,,20260908,10000,paired seed; targets nested inside command
Triple,GFE,BFGS,gamma_x_epsilon_std,"10,0.1",delta_command_cosine_to_fixed_GFE,1,-2.662293607791355e-09,,,20260908,10000,paired seed; targets nested inside command
Triple,GFE,BFGS,gamma_x_epsilon_std,"10,0.1",delta_field_cosine_to_fixed_GFE,1,-1.7279001562897633e-09,,,20260908,10000,paired seed; targets nested inside command
Triple,GFE,BFGS,gamma_x_epsilon_std,"10,0.1",delta_worst_displacement_a,1,-1.8057706065222057e-05,,,20260908,10000,paired seed; targets nested inside command
Triple,GFE,BFGS,gamma_x_epsilon_std,"10,0.1",delta_minimum_stiffness_n_m,1,1.230000840472291e-07,,,20260908,10000,paired seed; targets nested inside command
Triple,GFE,BFGS,gamma_x_epsilon_std,"10,0.1",delta_common_nominal_loss_std_n_m,1,-3.5827306241757887e-06,,,20260908,10000,paired seed; targets nested inside command
Triple,GFE,BFGS,gamma_x_epsilon_std,"10,1",delta_solve_wall_s,1,6.905114599998342,,,20260908,10000,paired seed; targets nested inside command
Triple,GFE,BFGS,gamma_x_epsilon_std,"10,1",delta_iterations,1,1203.0,,,20260908,10000,paired seed; targets nested inside command
Triple,GFE,BFGS,gamma_x_epsilon_std,"10,1",delta_evaluations,1,1304.0,,,20260908,10000,paired seed; targets nested inside command
Triple,GFE,BFGS,gamma_x_epsilon_std,"10,1",delta_terminal_gradient_l2,1,-4.817786791150086e-09,,,20260908,10000,paired seed; targets nested inside command
Triple,GFE,BFGS,gamma_x_epsilon_std,"10,1",delta_terminal_gradient_inf,1,-2.4657616105584713e-09,,,20260908,10000,paired seed; targets nested inside command
Triple,GFE,BFGS,gamma_x_epsilon_std,"10,1",delta_relative_gradient_l2,1,-9.706856646711463e-07,,,20260908,10000,paired seed; targets nested inside command
Triple,GFE,BFGS,gamma_x_epsilon_std,"10,1",delta_objective_n_m,1,5.233027601525553e-08,,,20260908,10000,paired seed; targets nested inside command
Triple,GFE,BFGS,gamma_x_epsilon_std,"10,1",delta_surrogate_residual_n,1,-8.48889703000253e-13,,,20260908,10000,paired seed; targets nested inside command
Triple,GFE,BFGS,gamma_x_epsilon_std,"10,1",delta_command_cosine_to_fixed_GFE,1,-1.976063646047521e-09,,,20260908,10000,paired seed; targets nested inside command
Triple,GFE,BFGS,gamma_x_epsilon_std,"10,1",delta_field_cosine_to_fixed_GFE,1,-1.2733386567376215e-09,,,20260908,10000,paired seed; targets nested inside command
Triple,GFE,BFGS,gamma_x_epsilon_std,"10,1",delta_worst_displacement_a,1,-1.7759312632925628e-05,,,20260908,10000,paired seed; targets nested inside command
Triple,GFE,BFGS,gamma_x_epsilon_std,"10,1",delta_minimum_stiffness_n_m,1,1.0859274907244754e-07,,,20260908,10000,paired seed; targets nested inside command
Triple,GFE,BFGS,gamma_x_epsilon_std,"10,1",delta_common_nominal_loss_std_n_m,1,-3.2568279595893077e-06,,,20260908,10000,paired seed; targets nested inside command
Triple,GFE,BFGS,gamma_x_epsilon_std,"10,10",delta_solve_wall_s,1,-0.5851593000115827,,,20260908,10000,paired seed; targets nested inside command
Triple,GFE,BFGS,gamma_x_epsilon_std,"10,10",delta_iterations,1,-62.0,,,20260908,10000,paired seed; targets nested inside command
Triple,GFE,BFGS,gamma_x_epsilon_std,"10,10",delta_evaluations,1,-52.0,,,20260908,10000,paired seed; targets nested inside command
Triple,GFE,BFGS,gamma_x_epsilon_std,"10,10",delta_terminal_gradient_l2,1,2.6881006602033296e-09,,,20260908,10000,paired seed; targets nested inside command
Triple,GFE,BFGS,gamma_x_epsilon_std,"10,10",delta_terminal_gradient_inf,1,5.173538082447549e-11,,,20260908,10000,paired seed; targets nested inside command
Triple,GFE,BFGS,gamma_x_epsilon_std,"10,10",delta_relative_gradient_l2,1,-9.351360361380205e-07,,,20260908,10000,paired seed; targets nested inside command
Triple,GFE,BFGS,gamma_x_epsilon_std,"10,10",delta_objective_n_m,1,1.5045388546131022e-11,,,20260908,10000,paired seed; targets nested inside command
Triple,GFE,BFGS,gamma_x_epsilon_std,"10,10",delta_surrogate_residual_n,1,2.8590127115010085e-13,,,20260908,10000,paired seed; targets nested inside command
Triple,GFE,BFGS,gamma_x_epsilon_std,"10,10",delta_command_cosine_to_fixed_GFE,1,-1.117762549185386e-10,,,20260908,10000,paired seed; targets nested inside command
Triple,GFE,BFGS,gamma_x_epsilon_std,"10,10",delta_field_cosine_to_fixed_GFE,1,-4.657918495354352e-11,,,20260908,10000,paired seed; targets nested inside command
Triple,GFE,BFGS,gamma_x_epsilon_std,"10,10",delta_worst_displacement_a,1,1.767346247794066e-06,,,20260908,10000,paired seed; targets nested inside command
Triple,GFE,BFGS,gamma_x_epsilon_std,"10,10",delta_minimum_stiffness_n_m,1,1.1609050554629158e-09,,,20260908,10000,paired seed; targets nested inside command
Triple,GFE,BFGS,gamma_x_epsilon_std,"10,10",delta_common_nominal_loss_std_n_m,1,-1.7516134323690801e-09,,,20260908,10000,paired seed; targets nested inside command
Triple,GFE,BFGS,gtol,1e-10,delta_solve_wall_s,1,0.11681400000816211,,,20260908,10000,paired seed; targets nested inside command
Triple,GFE,BFGS,gtol,1e-10,delta_iterations,1,14.0,,,20260908,10000,paired seed; targets nested inside command
Triple,GFE,BFGS,gtol,1e-10,delta_evaluations,1,64.0,,,20260908,10000,paired seed; targets nested inside command
Triple,GFE,BFGS,gtol,1e-10,delta_terminal_gradient_l2,1,-9.904817083377277e-09,,,20260908,10000,paired seed; targets nested inside command
Triple,GFE,BFGS,gtol,1e-10,delta_terminal_gradient_inf,1,-2.618770913855262e-09,,,20260908,10000,paired seed; targets nested inside command
Triple,GFE,BFGS,gtol,1e-10,delta_relative_gradient_l2,1,-3.298845338164138e-07,,,20260908,10000,paired seed; targets nested inside command
Triple,GFE,BFGS,gtol,1e-10,delta_objective_n_m,1,-4.316685897620687e-13,,,20260908,10000,paired seed; targets nested inside command
Triple,GFE,BFGS,gtol,1e-10,delta_surrogate_residual_n,1,9.868646629123273e-14,,,20260908,10000,paired seed; targets nested inside command
Triple,GFE,BFGS,gtol,1e-10,delta_command_cosine_to_fixed_GFE,1,-9.437228776221218e-12,,,20260908,10000,paired seed; targets nested inside command
Triple,GFE,BFGS,gtol,1e-10,delta_field_cosine_to_fixed_GFE,1,-1.5236700789955648e-12,,,20260908,10000,paired seed; targets nested inside command
Triple,GFE,BFGS,gtol,1e-10,delta_worst_displacement_a,1,2.895767438060304e-07,,,20260908,10000,paired seed; targets nested inside command
Triple,GFE,BFGS,gtol,1e-10,delta_minimum_stiffness_n_m,1,-2.7244428002677623e-10,,,20260908,10000,paired seed; targets nested inside command
Triple,GFE,BFGS,gtol,1e-10,delta_common_nominal_loss_std_n_m,1,3.861413025640296e-11,,,20260908,10000,paired seed; targets nested inside command
Triple,GFE,BFGS,gtol,1e-09,delta_solve_wall_s,1,0.18090869998559356,,,20260908,10000,paired seed; targets nested inside command
Triple,GFE,BFGS,gtol,1e-09,delta_iterations,1,14.0,,,20260908,10000,paired seed; targets nested inside command
Triple,GFE,BFGS,gtol,1e-09,delta_evaluations,1,64.0,,,20260908,10000,paired seed; targets nested inside command
Triple,GFE,BFGS,gtol,1e-09,delta_terminal_gradient_l2,1,-9.904817083377277e-09,,,20260908,10000,paired seed; targets nested inside command
Triple,GFE,BFGS,gtol,1e-09,delta_terminal_gradient_inf,1,-2.618770913855262e-09,,,20260908,10000,paired seed; targets nested inside command
Triple,GFE,BFGS,gtol,1e-09,delta_relative_gradient_l2,1,-3.298845338164138e-07,,,20260908,10000,paired seed; targets nested inside command
Triple,GFE,BFGS,gtol,1e-09,delta_objective_n_m,1,-4.316685897620687e-13,,,20260908,10000,paired seed; targets nested inside command
Triple,GFE,BFGS,gtol,1e-09,delta_surrogate_residual_n,1,9.868646629123273e-14,,,20260908,10000,paired seed; targets nested inside command
Triple,GFE,BFGS,gtol,1e-09,delta_command_cosine_to_fixed_GFE,1,-9.437228776221218e-12,,,20260908,10000,paired seed; targets nested inside command
Triple,GFE,BFGS,gtol,1e-09,delta_field_cosine_to_fixed_GFE,1,-1.5236700789955648e-12,,,20260908,10000,paired seed; targets nested inside command
Triple,GFE,BFGS,gtol,1e-09,delta_worst_displacement_a,1,2.895767438060304e-07,,,20260908,10000,paired seed; targets nested inside command
Triple,GFE,BFGS,gtol,1e-09,delta_minimum_stiffness_n_m,1,-2.7244428002677623e-10,,,20260908,10000,paired seed; targets nested inside command
Triple,GFE,BFGS,gtol,1e-09,delta_common_nominal_loss_std_n_m,1,3.861413025640296e-11,,,20260908,10000,paired seed; targets nested inside command
Triple,GFE,BFGS,gtol,1e-08,delta_solve_wall_s,1,0.0,,,20260908,10000,paired seed; targets nested inside command
Triple,GFE,BFGS,gtol,1e-08,delta_iterations,1,0.0,,,20260908,10000,paired seed; targets nested inside command
Triple,GFE,BFGS,gtol,1e-08,delta_evaluations,1,0.0,,,20260908,10000,paired seed; targets nested inside command
Triple,GFE,BFGS,gtol,1e-08,delta_terminal_gradient_l2,1,0.0,,,20260908,10000,paired seed; targets nested inside command
Triple,GFE,BFGS,gtol,1e-08,delta_terminal_gradient_inf,1,0.0,,,20260908,10000,paired seed; targets nested inside command
Triple,GFE,BFGS,gtol,1e-08,delta_relative_gradient_l2,1,0.0,,,20260908,10000,paired seed; targets nested inside command
Triple,GFE,BFGS,gtol,1e-08,delta_objective_n_m,1,0.0,,,20260908,10000,paired seed; targets nested inside command
Triple,GFE,BFGS,gtol,1e-08,delta_surrogate_residual_n,1,0.0,,,20260908,10000,paired seed; targets nested inside command
Triple,GFE,BFGS,gtol,1e-08,delta_command_cosine_to_fixed_GFE,1,0.0,,,20260908,10000,paired seed; targets nested inside command
Triple,GFE,BFGS,gtol,1e-08,delta_field_cosine_to_fixed_GFE,1,-5.551115123125783e-16,,,20260908,10000,paired seed; targets nested inside command
Triple,GFE,BFGS,gtol,1e-08,delta_worst_displacement_a,1,0.0,,,20260908,10000,paired seed; targets nested inside command
Triple,GFE,BFGS,gtol,1e-08,delta_minimum_stiffness_n_m,1,0.0,,,20260908,10000,paired seed; targets nested inside command
Triple,GFE,BFGS,gtol,1e-08,delta_common_nominal_loss_std_n_m,1,0.0,,,20260908,10000,paired seed; targets nested inside command
Triple,GFE,BFGS,gtol,1e-07,delta_solve_wall_s,1,0.7314589000015985,,,20260908,10000,paired seed; targets nested inside command
Triple,GFE,BFGS,gtol,1e-07,delta_iterations,1,-84.0,,,20260908,10000,paired seed; targets nested inside command
Triple,GFE,BFGS,gtol,1e-07,delta_evaluations,1,-84.0,,,20260908,10000,paired seed; targets nested inside command
Triple,GFE,BFGS,gtol,1e-07,delta_terminal_gradient_l2,1,2.3722243111667734e-07,,,20260908,10000,paired seed; targets nested inside command
Triple,GFE,BFGS,gtol,1e-07,delta_terminal_gradient_inf,1,8.609301212365873e-08,,,20260908,10000,paired seed; targets nested inside command
Triple,GFE,BFGS,gtol,1e-07,delta_relative_gradient_l2,1,7.900803259764819e-06,,,20260908,10000,paired seed; targets nested inside command
Triple,GFE,BFGS,gtol,1e-07,delta_objective_n_m,1,6.00370100856118e-11,,,20260908,10000,paired seed; targets nested inside command
Triple,GFE,BFGS,gtol,1e-07,delta_surrogate_residual_n,1,5.267474307091837e-14,,,20260908,10000,paired seed; targets nested inside command
Triple,GFE,BFGS,gtol,1e-07,delta_command_cosine_to_fixed_GFE,1,-3.2800391291942788e-09,,,20260908,10000,paired seed; targets nested inside command
Triple,GFE,BFGS,gtol,1e-07,delta_field_cosine_to_fixed_GFE,1,-4.4211301286622984e-10,,,20260908,10000,paired seed; targets nested inside command
Triple,GFE,BFGS,gtol,1e-07,delta_worst_displacement_a,1,-3.0169858747930434e-06,,,20260908,10000,paired seed; targets nested inside command
Triple,GFE,BFGS,gtol,1e-07,delta_minimum_stiffness_n_m,1,-5.1433186962907e-10,,,20260908,10000,paired seed; targets nested inside command
Triple,GFE,BFGS,gtol,1e-07,delta_common_nominal_loss_std_n_m,1,-1.2066294033667209e-09,,,20260908,10000,paired seed; targets nested inside command
Triple,GFE,BFGS,gtol,1e-06,delta_solve_wall_s,1,0.4932929999922635,,,20260908,10000,paired seed; targets nested inside command
Triple,GFE,BFGS,gtol,1e-06,delta_iterations,1,-232.0,,,20260908,10000,paired seed; targets nested inside command
Triple,GFE,BFGS,gtol,1e-06,delta_evaluations,1,-232.0,,,20260908,10000,paired seed; targets nested inside command
Triple,GFE,BFGS,gtol,1e-06,delta_terminal_gradient_l2,1,2.820335170593987e-06,,,20260908,10000,paired seed; targets nested inside command
Triple,GFE,BFGS,gtol,1e-06,delta_terminal_gradient_inf,1,8.628493989909882e-07,,,20260908,10000,paired seed; targets nested inside command
Triple,GFE,BFGS,gtol,1e-06,delta_relative_gradient_l2,1,9.393257292139687e-05,,,20260908,10000,paired seed; targets nested inside command
Triple,GFE,BFGS,gtol,1e-06,delta_objective_n_m,1,5.91692969620361e-09,,,20260908,10000,paired seed; targets nested inside command
Triple,GFE,BFGS,gtol,1e-06,delta_surrogate_residual_n,1,-1.5349270218211702e-11,,,20260908,10000,paired seed; targets nested inside command
Triple,GFE,BFGS,gtol,1e-06,delta_command_cosine_to_fixed_GFE,1,-7.12914780542917e-07,,,20260908,10000,paired seed; targets nested inside command
Triple,GFE,BFGS,gtol,1e-06,delta_field_cosine_to_fixed_GFE,1,-1.8727582451472102e-07,,,20260908,10000,paired seed; targets nested inside command
Triple,GFE,BFGS,gtol,1e-06,delta_worst_displacement_a,1,-5.5468795756019595e-06,,,20260908,10000,paired seed; targets nested inside command
Triple,GFE,BFGS,gtol,1e-06,delta_minimum_stiffness_n_m,1,1.7065107294714915e-08,,,20260908,10000,paired seed; targets nested inside command
Triple,GFE,BFGS,gtol,1e-06,delta_common_nominal_loss_std_n_m,1,5.254445131112231e-09,,,20260908,10000,paired seed; targets nested inside command
Triple,GFE,BFGS,stencil_factor,0.25,delta_solve_wall_s,1,9.29328159999568,,,20260908,10000,paired seed; targets nested inside command
Triple,GFE,BFGS,stencil_factor,0.25,delta_iterations,1,1372.0,,,20260908,10000,paired seed; targets nested inside command
Triple,GFE,BFGS,stencil_factor,0.25,delta_evaluations,1,1524.0,,,20260908,10000,paired seed; targets nested inside command
Triple,GFE,BFGS,stencil_factor,0.25,delta_terminal_gradient_l2,1,2.3236898733740894e-07,,,20260908,10000,paired seed; targets nested inside command
Triple,GFE,BFGS,stencil_factor,0.25,delta_terminal_gradient_inf,1,6.81319892254676e-08,,,20260908,10000,paired seed; targets nested inside command
Triple,GFE,BFGS,stencil_factor,0.25,delta_relative_gradient_l2,1,7.511668487171483e-06,,,20260908,10000,paired seed; targets nested inside command
Triple,GFE,BFGS,stencil_factor,0.25,delta_objective_n_m,1,-0.02399274895178901,,,20260908,10000,paired seed; targets nested inside command
Triple,GFE,BFGS,stencil_factor,0.25,delta_surrogate_residual_n,1,4.393727254659067e-07,,,20260908,10000,paired seed; targets nested inside command
Triple,GFE,BFGS,stencil_factor,0.25,delta_command_cosine_to_fixed_GFE,1,-0.2507666508379056,,,20260908,10000,paired seed; targets nested inside command
Triple,GFE,BFGS,stencil_factor,0.25,delta_field_cosine_to_fixed_GFE,1,-0.13094456292992462,,,20260908,10000,paired seed; targets nested inside command
Triple,GFE,BFGS,stencil_factor,0.25,delta_worst_displacement_a,1,0.07166255920050701,,,20260908,10000,paired seed; targets nested inside command
Triple,GFE,BFGS,stencil_factor,0.25,delta_minimum_stiffness_n_m,1,-0.0001722511560166523,,,20260908,10000,paired seed; targets nested inside command
Triple,GFE,BFGS,stencil_factor,0.25,delta_common_nominal_loss_std_n_m,1,6.125548785176432e-06,,,20260908,10000,paired seed; targets nested inside command
Triple,GFE,BFGS,stencil_factor,0.5,delta_solve_wall_s,1,2.770140900000115,,,20260908,10000,paired seed; targets nested inside command
Triple,GFE,BFGS,stencil_factor,0.5,delta_iterations,1,258.0,,,20260908,10000,paired seed; targets nested inside command
Triple,GFE,BFGS,stencil_factor,0.5,delta_evaluations,1,278.0,,,20260908,10000,paired seed; targets nested inside command
Triple,GFE,BFGS,stencil_factor,0.5,delta_terminal_gradient_l2,1,1.9848870782013983e-09,,,20260908,10000,paired seed; targets nested inside command
Triple,GFE,BFGS,stencil_factor,0.5,delta_terminal_gradient_inf,1,-6.329642134965386e-10,,,20260908,10000,paired seed; targets nested inside command
Triple,GFE,BFGS,stencil_factor,0.5,delta_relative_gradient_l2,1,6.455434785913395e-08,,,20260908,10000,paired seed; targets nested inside command
Triple,GFE,BFGS,stencil_factor,0.5,delta_objective_n_m,1,-0.00809825772809445,,,20260908,10000,paired seed; targets nested inside command
Triple,GFE,BFGS,stencil_factor,0.5,delta_surrogate_residual_n,1,1.4792662145685813e-09,,,20260908,10000,paired seed; targets nested inside command
Triple,GFE,BFGS,stencil_factor,0.5,delta_command_cosine_to_fixed_GFE,1,-0.05807497677111595,,,20260908,10000,paired seed; targets nested inside command
Triple,GFE,BFGS,stencil_factor,0.5,delta_field_cosine_to_fixed_GFE,1,-0.03319054239987951,,,20260908,10000,paired seed; targets nested inside command
Triple,GFE,BFGS,stencil_factor,0.5,delta_worst_displacement_a,1,0.06575813914825779,,,20260908,10000,paired seed; targets nested inside command
Triple,GFE,BFGS,stencil_factor,0.5,delta_minimum_stiffness_n_m,1,-3.537296851032e-05,,,20260908,10000,paired seed; targets nested inside command
Triple,GFE,BFGS,stencil_factor,0.5,delta_common_nominal_loss_std_n_m,1,3.087317421218167e-06,,,20260908,10000,paired seed; targets nested inside command
Triple,GFE,BFGS,stencil_factor,0.75,delta_solve_wall_s,1,3.0149106999888318,,,20260908,10000,paired seed; targets nested inside command
Triple,GFE,BFGS,stencil_factor,0.75,delta_iterations,1,139.0,,,20260908,10000,paired seed; targets nested inside command
Triple,GFE,BFGS,stencil_factor,0.75,delta_evaluations,1,168.0,,,20260908,10000,paired seed; targets nested inside command
Triple,GFE,BFGS,stencil_factor,0.75,delta_terminal_gradient_l2,1,-7.479227362880277e-09,,,20260908,10000,paired seed; targets nested inside command
Triple,GFE,BFGS,stencil_factor,0.75,delta_terminal_gradient_inf,1,-2.1492999678060292e-11,,,20260908,10000,paired seed; targets nested inside command
Triple,GFE,BFGS,stencil_factor,0.75,delta_relative_gradient_l2,1,-2.475509195171381e-07,,,20260908,10000,paired seed; targets nested inside command
Triple,GFE,BFGS,stencil_factor,0.75,delta_objective_n_m,1,-0.0020380707481798543,,,20260908,10000,paired seed; targets nested inside command
Triple,GFE,BFGS,stencil_factor,0.75,delta_surrogate_residual_n,1,3.0521100242016455e-11,,,20260908,10000,paired seed; targets nested inside command
Triple,GFE,BFGS,stencil_factor,0.75,delta_command_cosine_to_fixed_GFE,1,-0.010028164697538977,,,20260908,10000,paired seed; targets nested inside command
Triple,GFE,BFGS,stencil_factor,0.75,delta_field_cosine_to_fixed_GFE,1,-0.003618329124624009,,,20260908,10000,paired seed; targets nested inside command
Triple,GFE,BFGS,stencil_factor,0.75,delta_worst_displacement_a,1,0.04288512770043895,,,20260908,10000,paired seed; targets nested inside command
Triple,GFE,BFGS,stencil_factor,0.75,delta_minimum_stiffness_n_m,1,-3.114454663144116e-05,,,20260908,10000,paired seed; targets nested inside command
Triple,GFE,BFGS,stencil_factor,0.75,delta_common_nominal_loss_std_n_m,1,2.480183357618957e-06,,,20260908,10000,paired seed; targets nested inside command
Triple,GFE,BFGS,stencil_factor,1.0,delta_solve_wall_s,1,0.0,,,20260908,10000,paired seed; targets nested inside command
Triple,GFE,BFGS,stencil_factor,1.0,delta_iterations,1,0.0,,,20260908,10000,paired seed; targets nested inside command
Triple,GFE,BFGS,stencil_factor,1.0,delta_evaluations,1,0.0,,,20260908,10000,paired seed; targets nested inside command
Triple,GFE,BFGS,stencil_factor,1.0,delta_terminal_gradient_l2,1,0.0,,,20260908,10000,paired seed; targets nested inside command
Triple,GFE,BFGS,stencil_factor,1.0,delta_terminal_gradient_inf,1,0.0,,,20260908,10000,paired seed; targets nested inside command
Triple,GFE,BFGS,stencil_factor,1.0,delta_relative_gradient_l2,1,0.0,,,20260908,10000,paired seed; targets nested inside command
Triple,GFE,BFGS,stencil_factor,1.0,delta_objective_n_m,1,0.0,,,20260908,10000,paired seed; targets nested inside command
Triple,GFE,BFGS,stencil_factor,1.0,delta_surrogate_residual_n,1,0.0,,,20260908,10000,paired seed; targets nested inside command
Triple,GFE,BFGS,stencil_factor,1.0,delta_command_cosine_to_fixed_GFE,1,0.0,,,20260908,10000,paired seed; targets nested inside command
Triple,GFE,BFGS,stencil_factor,1.0,delta_field_cosine_to_fixed_GFE,1,-5.551115123125783e-16,,,20260908,10000,paired seed; targets nested inside command
Triple,GFE,BFGS,stencil_factor,1.0,delta_worst_displacement_a,1,0.0,,,20260908,10000,paired seed; targets nested inside command
Triple,GFE,BFGS,stencil_factor,1.0,delta_minimum_stiffness_n_m,1,0.0,,,20260908,10000,paired seed; targets nested inside command
Triple,GFE,BFGS,stencil_factor,1.0,delta_common_nominal_loss_std_n_m,1,0.0,,,20260908,10000,paired seed; targets nested inside command
Triple,GFE,BFGS,stencil_factor,1.5,delta_solve_wall_s,1,0.9428438000031747,,,20260908,10000,paired seed; targets nested inside command
Triple,GFE,BFGS,stencil_factor,1.5,delta_iterations,1,-336.0,,,20260908,10000,paired seed; targets nested inside command
Triple,GFE,BFGS,stencil_factor,1.5,delta_evaluations,1,-322.0,,,20260908,10000,paired seed; targets nested inside command
Triple,GFE,BFGS,stencil_factor,1.5,delta_terminal_gradient_l2,1,3.563333692509667e-09,,,20260908,10000,paired seed; targets nested inside command
Triple,GFE,BFGS,stencil_factor,1.5,delta_terminal_gradient_inf,1,8.387228378923194e-11,,,20260908,10000,paired seed; targets nested inside command
Triple,GFE,BFGS,stencil_factor,1.5,delta_relative_gradient_l2,1,1.1517684477825159e-07,,,20260908,10000,paired seed; targets nested inside command
Triple,GFE,BFGS,stencil_factor,1.5,delta_objective_n_m,1,0.004386124801360164,,,20260908,10000,paired seed; targets nested inside command
Triple,GFE,BFGS,stencil_factor,1.5,delta_surrogate_residual_n,1,-4.564935289842542e-10,,,20260908,10000,paired seed; targets nested inside command
Triple,GFE,BFGS,stencil_factor,1.5,delta_command_cosine_to_fixed_GFE,1,-0.0039754547861406975,,,20260908,10000,paired seed; targets nested inside command
Triple,GFE,BFGS,stencil_factor,1.5,delta_field_cosine_to_fixed_GFE,1,-0.0025582289152217275,,,20260908,10000,paired seed; targets nested inside command
Triple,GFE,BFGS,stencil_factor,1.5,delta_worst_displacement_a,1,-0.0050290365509545465,,,20260908,10000,paired seed; targets nested inside command
Triple,GFE,BFGS,stencil_factor,1.5,delta_minimum_stiffness_n_m,1,7.885084465009975e-05,,,20260908,10000,paired seed; targets nested inside command
Triple,GFE,BFGS,stencil_factor,1.5,delta_common_nominal_loss_std_n_m,1,3.619082132105956e-07,,,20260908,10000,paired seed; targets nested inside command
Triple,GFE,BFGS,stencil_factor,2.0,delta_solve_wall_s,1,0.36091160000069067,,,20260908,10000,paired seed; targets nested inside command
Triple,GFE,BFGS,stencil_factor,2.0,delta_iterations,1,-230.0,,,20260908,10000,paired seed; targets nested inside command
Triple,GFE,BFGS,stencil_factor,2.0,delta_evaluations,1,-228.0,,,20260908,10000,paired seed; targets nested inside command
Triple,GFE,BFGS,stencil_factor,2.0,delta_terminal_gradient_l2,1,-3.4393893700306776e-09,,,20260908,10000,paired seed; targets nested inside command
Triple,GFE,BFGS,stencil_factor,2.0,delta_terminal_gradient_inf,1,9.70115751104542e-11,,,20260908,10000,paired seed; targets nested inside command
Triple,GFE,BFGS,stencil_factor,2.0,delta_relative_gradient_l2,1,-1.1776398602942971e-07,,,20260908,10000,paired seed; targets nested inside command
Triple,GFE,BFGS,stencil_factor,2.0,delta_objective_n_m,1,0.008951621105131848,,,20260908,10000,paired seed; targets nested inside command
Triple,GFE,BFGS,stencil_factor,2.0,delta_surrogate_residual_n,1,-1.4253512899882516e-09,,,20260908,10000,paired seed; targets nested inside command
Triple,GFE,BFGS,stencil_factor,2.0,delta_command_cosine_to_fixed_GFE,1,-0.007926553406445436,,,20260908,10000,paired seed; targets nested inside command
Triple,GFE,BFGS,stencil_factor,2.0,delta_field_cosine_to_fixed_GFE,1,-0.006168893368797224,,,20260908,10000,paired seed; targets nested inside command
Triple,GFE,BFGS,stencil_factor,2.0,delta_worst_displacement_a,1,0.05884411404565337,,,20260908,10000,paired seed; targets nested inside command
Triple,GFE,BFGS,stencil_factor,2.0,delta_minimum_stiffness_n_m,1,2.846693729065589e-05,,,20260908,10000,paired seed; targets nested inside command
Triple,GFE,BFGS,stencil_factor,2.0,delta_common_nominal_loss_std_n_m,1,1.2383986228710037e-06,,,20260908,10000,paired seed; targets nested inside command
Triple,GFE,BFGS,transverse_ratio_factor,0.1,delta_solve_wall_s,1,2.366769399988698,,,20260908,10000,paired seed; targets nested inside command
Triple,GFE,BFGS,transverse_ratio_factor,0.1,delta_iterations,1,382.0,,,20260908,10000,paired seed; targets nested inside command
Triple,GFE,BFGS,transverse_ratio_factor,0.1,delta_evaluations,1,415.0,,,20260908,10000,paired seed; targets nested inside command
Triple,GFE,BFGS,transverse_ratio_factor,0.1,delta_terminal_gradient_l2,1,-2.4066699256461545e-09,,,20260908,10000,paired seed; targets nested inside command
Triple,GFE,BFGS,transverse_ratio_factor,0.1,delta_terminal_gradient_inf,1,-1.6673049428233758e-09,,,20260908,10000,paired seed; targets nested inside command
Triple,GFE,BFGS,transverse_ratio_factor,0.1,delta_relative_gradient_l2,1,-8.471457744408355e-08,,,20260908,10000,paired seed; targets nested inside command
Triple,GFE,BFGS,transverse_ratio_factor,0.1,delta_objective_n_m,1,0.011718955253957955,,,20260908,10000,paired seed; targets nested inside command
Triple,GFE,BFGS,transverse_ratio_factor,0.1,delta_surrogate_residual_n,1,7.70973428603916e-09,,,20260908,10000,paired seed; targets nested inside command
Triple,GFE,BFGS,transverse_ratio_factor,0.1,delta_command_cosine_to_fixed_GFE,1,-0.19681655989850222,,,20260908,10000,paired seed; targets nested inside command
Triple,GFE,BFGS,transverse_ratio_factor,0.1,delta_field_cosine_to_fixed_GFE,1,-0.13273349558460323,,,20260908,10000,paired seed; targets nested inside command
Triple,GFE,BFGS,transverse_ratio_factor,0.1,delta_worst_displacement_a,1,-0.014110189876399892,,,20260908,10000,paired seed; targets nested inside command
Triple,GFE,BFGS,transverse_ratio_factor,0.1,delta_minimum_stiffness_n_m,1,-0.00019824137399063646,,,20260908,10000,paired seed; targets nested inside command
Triple,GFE,BFGS,transverse_ratio_factor,0.1,delta_common_nominal_loss_std_n_m,1,0.005589683396802462,,,20260908,10000,paired seed; targets nested inside command
Triple,GFE,BFGS,transverse_ratio_factor,0.3,delta_solve_wall_s,1,-0.1532563999935519,,,20260908,10000,paired seed; targets nested inside command
Triple,GFE,BFGS,transverse_ratio_factor,0.3,delta_iterations,1,-131.0,,,20260908,10000,paired seed; targets nested inside command
Triple,GFE,BFGS,transverse_ratio_factor,0.3,delta_evaluations,1,-102.0,,,20260908,10000,paired seed; targets nested inside command
Triple,GFE,BFGS,transverse_ratio_factor,0.3,delta_terminal_gradient_l2,1,-1.1731919073934193e-08,,,20260908,10000,paired seed; targets nested inside command
Triple,GFE,BFGS,transverse_ratio_factor,0.3,delta_terminal_gradient_inf,1,-9.619510238314968e-10,,,20260908,10000,paired seed; targets nested inside command
Triple,GFE,BFGS,transverse_ratio_factor,0.3,delta_relative_gradient_l2,1,-3.931543798146654e-07,,,20260908,10000,paired seed; targets nested inside command
Triple,GFE,BFGS,transverse_ratio_factor,0.3,delta_objective_n_m,1,0.008851298878347964,,,20260908,10000,paired seed; targets nested inside command
Triple,GFE,BFGS,transverse_ratio_factor,0.3,delta_surrogate_residual_n,1,1.1414681222715737e-09,,,20260908,10000,paired seed; targets nested inside command
Triple,GFE,BFGS,transverse_ratio_factor,0.3,delta_command_cosine_to_fixed_GFE,1,-0.019157913685879713,,,20260908,10000,paired seed; targets nested inside command
Triple,GFE,BFGS,transverse_ratio_factor,0.3,delta_field_cosine_to_fixed_GFE,1,-0.011880894049965618,,,20260908,10000,paired seed; targets nested inside command
Triple,GFE,BFGS,transverse_ratio_factor,0.3,delta_worst_displacement_a,1,0.01849230483886305,,,20260908,10000,paired seed; targets nested inside command
Triple,GFE,BFGS,transverse_ratio_factor,0.3,delta_minimum_stiffness_n_m,1,-0.00015590500664478977,,,20260908,10000,paired seed; targets nested inside command
Triple,GFE,BFGS,transverse_ratio_factor,0.3,delta_common_nominal_loss_std_n_m,1,0.005466044291330668,,,20260908,10000,paired seed; targets nested inside command
Triple,GFE,BFGS,transverse_ratio_factor,0.5,delta_solve_wall_s,1,0.4917890000069747,,,20260908,10000,paired seed; targets nested inside command
Triple,GFE,BFGS,transverse_ratio_factor,0.5,delta_iterations,1,-33.0,,,20260908,10000,paired seed; targets nested inside command
Triple,GFE,BFGS,transverse_ratio_factor,0.5,delta_evaluations,1,-13.0,,,20260908,10000,paired seed; targets nested inside command
Triple,GFE,BFGS,transverse_ratio_factor,0.5,delta_terminal_gradient_l2,1,-1.8285109185758302e-09,,,20260908,10000,paired seed; targets nested inside command
Triple,GFE,BFGS,transverse_ratio_factor,0.5,delta_terminal_gradient_inf,1,-8.713794548828515e-10,,,20260908,10000,paired seed; targets nested inside command
Triple,GFE,BFGS,transverse_ratio_factor,0.5,delta_relative_gradient_l2,1,-6.33767586887251e-08,,,20260908,10000,paired seed; targets nested inside command
Triple,GFE,BFGS,transverse_ratio_factor,0.5,delta_objective_n_m,1,0.006174582996770567,,,20260908,10000,paired seed; targets nested inside command
Triple,GFE,BFGS,transverse_ratio_factor,0.5,delta_surrogate_residual_n,1,1.1681143825742767e-09,,,20260908,10000,paired seed; targets nested inside command
Triple,GFE,BFGS,transverse_ratio_factor,0.5,delta_command_cosine_to_fixed_GFE,1,-0.008592300155570665,,,20260908,10000,paired seed; targets nested inside command
Triple,GFE,BFGS,transverse_ratio_factor,0.5,delta_field_cosine_to_fixed_GFE,1,-0.0053104570286827135,,,20260908,10000,paired seed; targets nested inside command
Triple,GFE,BFGS,transverse_ratio_factor,0.5,delta_worst_displacement_a,1,0.015249331541244193,,,20260908,10000,paired seed; targets nested inside command
Triple,GFE,BFGS,transverse_ratio_factor,0.5,delta_minimum_stiffness_n_m,1,-0.00010679487081576336,,,20260908,10000,paired seed; targets nested inside command
Triple,GFE,BFGS,transverse_ratio_factor,0.5,delta_common_nominal_loss_std_n_m,1,0.0036479782695160536,,,20260908,10000,paired seed; targets nested inside command
Triple,GFE,BFGS,transverse_ratio_factor,1.0,delta_solve_wall_s,1,0.0,,,20260908,10000,paired seed; targets nested inside command
Triple,GFE,BFGS,transverse_ratio_factor,1.0,delta_iterations,1,0.0,,,20260908,10000,paired seed; targets nested inside command
Triple,GFE,BFGS,transverse_ratio_factor,1.0,delta_evaluations,1,0.0,,,20260908,10000,paired seed; targets nested inside command
Triple,GFE,BFGS,transverse_ratio_factor,1.0,delta_terminal_gradient_l2,1,0.0,,,20260908,10000,paired seed; targets nested inside command
Triple,GFE,BFGS,transverse_ratio_factor,1.0,delta_terminal_gradient_inf,1,0.0,,,20260908,10000,paired seed; targets nested inside command
Triple,GFE,BFGS,transverse_ratio_factor,1.0,delta_relative_gradient_l2,1,0.0,,,20260908,10000,paired seed; targets nested inside command
Triple,GFE,BFGS,transverse_ratio_factor,1.0,delta_objective_n_m,1,0.0,,,20260908,10000,paired seed; targets nested inside command
Triple,GFE,BFGS,transverse_ratio_factor,1.0,delta_surrogate_residual_n,1,0.0,,,20260908,10000,paired seed; targets nested inside command
Triple,GFE,BFGS,transverse_ratio_factor,1.0,delta_command_cosine_to_fixed_GFE,1,0.0,,,20260908,10000,paired seed; targets nested inside command
Triple,GFE,BFGS,transverse_ratio_factor,1.0,delta_field_cosine_to_fixed_GFE,1,-5.551115123125783e-16,,,20260908,10000,paired seed; targets nested inside command
Triple,GFE,BFGS,transverse_ratio_factor,1.0,delta_worst_displacement_a,1,0.0,,,20260908,10000,paired seed; targets nested inside command
Triple,GFE,BFGS,transverse_ratio_factor,1.0,delta_minimum_stiffness_n_m,1,0.0,,,20260908,10000,paired seed; targets nested inside command
Triple,GFE,BFGS,transverse_ratio_factor,1.0,delta_common_nominal_loss_std_n_m,1,0.0,,,20260908,10000,paired seed; targets nested inside command
Triple,GFE,BFGS,transverse_ratio_factor,2.0,delta_solve_wall_s,1,0.7120806999882916,,,20260908,10000,paired seed; targets nested inside command
Triple,GFE,BFGS,transverse_ratio_factor,2.0,delta_iterations,1,-107.0,,,20260908,10000,paired seed; targets nested inside command
Triple,GFE,BFGS,transverse_ratio_factor,2.0,delta_evaluations,1,-86.0,,,20260908,10000,paired seed; targets nested inside command
Triple,GFE,BFGS,transverse_ratio_factor,2.0,delta_terminal_gradient_l2,1,4.184875879990646e-09,,,20260908,10000,paired seed; targets nested inside command
Triple,GFE,BFGS,transverse_ratio_factor,2.0,delta_terminal_gradient_inf,1,-4.4088307266801157e-10,,,20260908,10000,paired seed; targets nested inside command
Triple,GFE,BFGS,transverse_ratio_factor,2.0,delta_relative_gradient_l2,1,1.4451112540073305e-07,,,20260908,10000,paired seed; targets nested inside command
Triple,GFE,BFGS,transverse_ratio_factor,2.0,delta_objective_n_m,1,-0.011347809899712992,,,20260908,10000,paired seed; targets nested inside command
Triple,GFE,BFGS,transverse_ratio_factor,2.0,delta_surrogate_residual_n,1,5.401925299392985e-08,,,20260908,10000,paired seed; targets nested inside command
Triple,GFE,BFGS,transverse_ratio_factor,2.0,delta_command_cosine_to_fixed_GFE,1,-0.03832167501591366,,,20260908,10000,paired seed; targets nested inside command
Triple,GFE,BFGS,transverse_ratio_factor,2.0,delta_field_cosine_to_fixed_GFE,1,-0.02228292150668809,,,20260908,10000,paired seed; targets nested inside command
Triple,GFE,BFGS,transverse_ratio_factor,2.0,delta_worst_displacement_a,1,-0.0835147646717786,,,20260908,10000,paired seed; targets nested inside command
Triple,GFE,BFGS,transverse_ratio_factor,2.0,delta_minimum_stiffness_n_m,1,2.7276876743257544e-05,,,20260908,10000,paired seed; targets nested inside command
Triple,GFE,BFGS,transverse_ratio_factor,2.0,delta_common_nominal_loss_std_n_m,1,0.003301594672508115,,,20260908,10000,paired seed; targets nested inside command
Triple,GFE,BFGS,transverse_ratio_factor,3.0,delta_solve_wall_s,1,-2.0409896000055596,,,20260908,10000,paired seed; targets nested inside command
Triple,GFE,BFGS,transverse_ratio_factor,3.0,delta_iterations,1,-667.0,,,20260908,10000,paired seed; targets nested inside command
Triple,GFE,BFGS,transverse_ratio_factor,3.0,delta_evaluations,1,-677.0,,,20260908,10000,paired seed; targets nested inside command
Triple,GFE,BFGS,transverse_ratio_factor,3.0,delta_terminal_gradient_l2,1,1.5251371877112256e-09,,,20260908,10000,paired seed; targets nested inside command
Triple,GFE,BFGS,transverse_ratio_factor,3.0,delta_terminal_gradient_inf,1,-9.803021368190977e-10,,,20260908,10000,paired seed; targets nested inside command
Triple,GFE,BFGS,transverse_ratio_factor,3.0,delta_relative_gradient_l2,1,5.9552981239212945e-08,,,20260908,10000,paired seed; targets nested inside command
Triple,GFE,BFGS,transverse_ratio_factor,3.0,delta_objective_n_m,1,-0.020798791455190514,,,20260908,10000,paired seed; targets nested inside command
Triple,GFE,BFGS,transverse_ratio_factor,3.0,delta_surrogate_residual_n,1,2.438753383961673e-08,,,20260908,10000,paired seed; targets nested inside command
Triple,GFE,BFGS,transverse_ratio_factor,3.0,delta_command_cosine_to_fixed_GFE,1,-0.4063416263141667,,,20260908,10000,paired seed; targets nested inside command
Triple,GFE,BFGS,transverse_ratio_factor,3.0,delta_field_cosine_to_fixed_GFE,1,-0.36738636730445196,,,20260908,10000,paired seed; targets nested inside command
Triple,GFE,BFGS,transverse_ratio_factor,3.0,delta_worst_displacement_a,1,-0.04560042588943497,,,20260908,10000,paired seed; targets nested inside command
Triple,GFE,BFGS,transverse_ratio_factor,3.0,delta_minimum_stiffness_n_m,1,-3.98440896696114e-05,,,20260908,10000,paired seed; targets nested inside command
Triple,GFE,BFGS,transverse_ratio_factor,3.0,delta_common_nominal_loss_std_n_m,1,0.0012674835933915833,,,20260908,10000,paired seed; targets nested inside command
Triple,GFE,BFGS,transverse_ratio_factor,10.0,delta_solve_wall_s,1,-5.3458180000016,,,20260908,10000,paired seed; targets nested inside command
Triple,GFE,BFGS,transverse_ratio_factor,10.0,delta_iterations,1,-1537.0,,,20260908,10000,paired seed; targets nested inside command
Triple,GFE,BFGS,transverse_ratio_factor,10.0,delta_evaluations,1,-1567.0,,,20260908,10000,paired seed; targets nested inside command
Triple,GFE,BFGS,transverse_ratio_factor,10.0,delta_terminal_gradient_l2,1,1.9459302707855825e-08,,,20260908,10000,paired seed; targets nested inside command
Triple,GFE,BFGS,transverse_ratio_factor,10.0,delta_terminal_gradient_inf,1,-4.6498806849604125e-11,,,20260908,10000,paired seed; targets nested inside command
Triple,GFE,BFGS,transverse_ratio_factor,10.0,delta_relative_gradient_l2,1,6.860438766430799e-07,,,20260908,10000,paired seed; targets nested inside command
Triple,GFE,BFGS,transverse_ratio_factor,10.0,delta_objective_n_m,1,-0.07071718628432314,,,20260908,10000,paired seed; targets nested inside command
Triple,GFE,BFGS,transverse_ratio_factor,10.0,delta_surrogate_residual_n,1,1.0781696762598521e-06,,,20260908,10000,paired seed; targets nested inside command
Triple,GFE,BFGS,transverse_ratio_factor,10.0,delta_command_cosine_to_fixed_GFE,1,-0.5614567687437684,,,20260908,10000,paired seed; targets nested inside command
Triple,GFE,BFGS,transverse_ratio_factor,10.0,delta_field_cosine_to_fixed_GFE,1,-0.5107981058658507,,,20260908,10000,paired seed; targets nested inside command
Triple,GFE,BFGS,transverse_ratio_factor,10.0,delta_worst_displacement_a,1,0.1604413464051787,,,20260908,10000,paired seed; targets nested inside command
Triple,GFE,BFGS,transverse_ratio_factor,10.0,delta_minimum_stiffness_n_m,1,-8.109191325761681e-05,,,20260908,10000,paired seed; targets nested inside command
Triple,GFE,BFGS,transverse_ratio_factor,10.0,delta_common_nominal_loss_std_n_m,1,0.0020363128564262543,,,20260908,10000,paired seed; targets nested inside command
