task,method,optimizer,parameter,parameter_value,metric,n_pairs,n_valid,n_missing,median,q25,q75,minimum,maximum,ci95_lo,ci95_hi
Single,Conventional,BFGS,lambda_pressure_factor,0.0,solve_wall_s,1,1,0,0.783825299993623,0.783825299993623,0.783825299993623,0.783825299993623,0.783825299993623,,
Single,Conventional,BFGS,lambda_pressure_factor,0.0,iterations,1,1,0,60.0,60.0,60.0,60.0,60.0,,
Single,Conventional,BFGS,lambda_pressure_factor,0.0,evaluations,1,1,0,125.0,125.0,125.0,125.0,125.0,,
Single,Conventional,BFGS,lambda_pressure_factor,0.0,terminal_gradient_l2,1,1,0,5.9087927529626315e-08,5.9087927529626315e-08,5.9087927529626315e-08,5.9087927529626315e-08,5.9087927529626315e-08,,
Single,Conventional,BFGS,lambda_pressure_factor,0.0,terminal_gradient_inf,1,1,0,2.872884234865025e-08,2.872884234865025e-08,2.872884234865025e-08,2.872884234865025e-08,2.872884234865025e-08,,
Single,Conventional,BFGS,lambda_pressure_factor,0.0,relative_gradient_l2,1,1,0,1.3494188362515949e-07,1.3494188362515949e-07,1.3494188362515949e-07,1.3494188362515949e-07,1.3494188362515949e-07,,
Single,Conventional,BFGS,lambda_pressure_factor,0.0,objective_n_m,1,1,0,-56.92378345790159,-56.92378345790159,-56.92378345790159,-56.92378345790159,-56.92378345790159,,
Single,Conventional,BFGS,lambda_pressure_factor,0.0,surrogate_residual_n,1,1,0,6.598110926297346e-07,6.598110926297346e-07,6.598110926297346e-07,6.598110926297346e-07,6.598110926297346e-07,,
Single,Conventional,BFGS,lambda_pressure_factor,0.0,command_cosine_to_fixed_GFE,1,1,0,0.999798735416249,0.999798735416249,0.999798735416249,0.999798735416249,0.999798735416249,,
Single,Conventional,BFGS,lambda_pressure_factor,0.0,field_cosine_to_fixed_GFE,1,1,0,0.9999126123927818,0.9999126123927818,0.9999126123927818,0.9999126123927818,0.9999126123927818,,
Single,Conventional,BFGS,lambda_pressure_factor,0.0,worst_displacement_a,1,1,0,0.2351488853702293,0.2351488853702293,0.2351488853702293,0.2351488853702293,0.2351488853702293,,
Single,Conventional,BFGS,lambda_pressure_factor,0.0,minimum_stiffness_n_m,1,1,0,0.0021327768544360014,0.0021327768544360014,0.0021327768544360014,0.0021327768544360014,0.0021327768544360014,,
Single,Conventional,BFGS,lambda_pressure_factor,0.0,common_nominal_loss_std_n_m,1,0,1,,,,,,,
Single,Conventional,BFGS,lambda_pressure_factor,0.01,solve_wall_s,1,1,0,34.92482949999976,34.92482949999976,34.92482949999976,34.92482949999976,34.92482949999976,,
Single,Conventional,BFGS,lambda_pressure_factor,0.01,iterations,1,1,0,4099.0,4099.0,4099.0,4099.0,4099.0,,
Single,Conventional,BFGS,lambda_pressure_factor,0.01,evaluations,1,1,0,4876.0,4876.0,4876.0,4876.0,4876.0,,
Single,Conventional,BFGS,lambda_pressure_factor,0.01,terminal_gradient_l2,1,1,0,6.847928875967609,6.847928875967609,6.847928875967609,6.847928875967609,6.847928875967609,,
Single,Conventional,BFGS,lambda_pressure_factor,0.01,terminal_gradient_inf,1,1,0,1.496692182501264,1.496692182501264,1.496692182501264,1.496692182501264,1.496692182501264,,
Single,Conventional,BFGS,lambda_pressure_factor,0.01,relative_gradient_l2,1,1,0,0.9700719052263007,0.9700719052263007,0.9700719052263007,0.9700719052263007,0.9700719052263007,,
Single,Conventional,BFGS,lambda_pressure_factor,0.01,objective_n_m,1,1,0,-56.923351316169,-56.923351316169,-56.923351316169,-56.923351316169,-56.923351316169,,
Single,Conventional,BFGS,lambda_pressure_factor,0.01,surrogate_residual_n,1,1,0,6.594341379298131e-07,6.594341379298131e-07,6.594341379298131e-07,6.594341379298131e-07,6.594341379298131e-07,,
Single,Conventional,BFGS,lambda_pressure_factor,0.01,command_cosine_to_fixed_GFE,1,1,0,0.999783793761507,0.999783793761507,0.999783793761507,0.999783793761507,0.999783793761507,,
Single,Conventional,BFGS,lambda_pressure_factor,0.01,field_cosine_to_fixed_GFE,1,1,0,0.9999114034563742,0.9999114034563742,0.9999114034563742,0.9999114034563742,0.9999114034563742,,
Single,Conventional,BFGS,lambda_pressure_factor,0.01,worst_displacement_a,1,1,0,0.23489745970262094,0.23489745970262094,0.23489745970262094,0.23489745970262094,0.23489745970262094,,
Single,Conventional,BFGS,lambda_pressure_factor,0.01,minimum_stiffness_n_m,1,1,0,0.0021327518980038635,0.0021327518980038635,0.0021327518980038635,0.0021327518980038635,0.0021327518980038635,,
Single,Conventional,BFGS,lambda_pressure_factor,0.01,common_nominal_loss_std_n_m,1,0,1,,,,,,,
Single,Conventional,BFGS,lambda_pressure_factor,0.03,solve_wall_s,1,1,0,82.00286120000237,82.00286120000237,82.00286120000237,82.00286120000237,82.00286120000237,,
Single,Conventional,BFGS,lambda_pressure_factor,0.03,iterations,1,1,0,10000.0,10000.0,10000.0,10000.0,10000.0,,
Single,Conventional,BFGS,lambda_pressure_factor,0.03,evaluations,1,1,0,11642.0,11642.0,11642.0,11642.0,11642.0,,
Single,Conventional,BFGS,lambda_pressure_factor,0.03,terminal_gradient_l2,1,1,0,20.8566181118709,20.8566181118709,20.8566181118709,20.8566181118709,20.8566181118709,,
Single,Conventional,BFGS,lambda_pressure_factor,0.03,terminal_gradient_inf,1,1,0,4.282773668236807,4.282773668236807,4.282773668236807,4.282773668236807,4.282773668236807,,
Single,Conventional,BFGS,lambda_pressure_factor,0.03,relative_gradient_l2,1,1,0,0.9956850661653237,0.9956850661653237,0.9956850661653237,0.9956850661653237,0.9956850661653237,,
Single,Conventional,BFGS,lambda_pressure_factor,0.03,objective_n_m,1,1,0,-56.88019022395463,-56.88019022395463,-56.88019022395463,-56.88019022395463,-56.88019022395463,,
Single,Conventional,BFGS,lambda_pressure_factor,0.03,surrogate_residual_n,1,1,0,7.38313686632916e-07,7.38313686632916e-07,7.38313686632916e-07,7.38313686632916e-07,7.38313686632916e-07,,
Single,Conventional,BFGS,lambda_pressure_factor,0.03,command_cosine_to_fixed_GFE,1,1,0,0.999044362365957,0.999044362365957,0.999044362365957,0.999044362365957,0.999044362365957,,
Single,Conventional,BFGS,lambda_pressure_factor,0.03,field_cosine_to_fixed_GFE,1,1,0,0.9998141184110423,0.9998141184110423,0.9998141184110423,0.9998141184110423,0.9998141184110423,,
Single,Conventional,BFGS,lambda_pressure_factor,0.03,worst_displacement_a,1,1,0,0.2132454312317566,0.2132454312317566,0.2132454312317566,0.2132454312317566,0.2132454312317566,,
Single,Conventional,BFGS,lambda_pressure_factor,0.03,minimum_stiffness_n_m,1,1,0,0.002117876574795622,0.002117876574795622,0.002117876574795622,0.002117876574795622,0.002117876574795622,,
Single,Conventional,BFGS,lambda_pressure_factor,0.03,common_nominal_loss_std_n_m,1,0,1,,,,,,,
Single,Conventional,BFGS,lambda_pressure_factor,0.1,solve_wall_s,1,1,0,73.7067578999995,73.7067578999995,73.7067578999995,73.7067578999995,73.7067578999995,,
Single,Conventional,BFGS,lambda_pressure_factor,0.1,iterations,1,1,0,8968.0,8968.0,8968.0,8968.0,8968.0,,
Single,Conventional,BFGS,lambda_pressure_factor,0.1,evaluations,1,1,0,10581.0,10581.0,10581.0,10581.0,10581.0,,
Single,Conventional,BFGS,lambda_pressure_factor,0.1,terminal_gradient_l2,1,1,0,68.25019878411565,68.25019878411565,68.25019878411565,68.25019878411565,68.25019878411565,,
Single,Conventional,BFGS,lambda_pressure_factor,0.1,terminal_gradient_inf,1,1,0,14.264583288324568,14.264583288324568,14.264583288324568,14.264583288324568,14.264583288324568,,
Single,Conventional,BFGS,lambda_pressure_factor,0.1,relative_gradient_l2,1,1,0,0.9808704586657626,0.9808704586657626,0.9808704586657626,0.9808704586657626,0.9808704586657626,,
Single,Conventional,BFGS,lambda_pressure_factor,0.1,objective_n_m,1,1,0,-56.393864142384984,-56.393864142384984,-56.393864142384984,-56.393864142384984,-56.393864142384984,,
Single,Conventional,BFGS,lambda_pressure_factor,0.1,surrogate_residual_n,1,1,0,1.9555513744265666e-06,1.9555513744265666e-06,1.9555513744265666e-06,1.9555513744265666e-06,1.9555513744265666e-06,,
Single,Conventional,BFGS,lambda_pressure_factor,0.1,command_cosine_to_fixed_GFE,1,1,0,0.9885443714311256,0.9885443714311256,0.9885443714311256,0.9885443714311256,0.9885443714311256,,
Single,Conventional,BFGS,lambda_pressure_factor,0.1,field_cosine_to_fixed_GFE,1,1,0,0.9979877995194368,0.9979877995194368,0.9979877995194368,0.9979877995194368,0.9979877995194368,,
Single,Conventional,BFGS,lambda_pressure_factor,0.1,worst_displacement_a,1,1,0,0.24765460874850004,0.24765460874850004,0.24765460874850004,0.24765460874850004,0.24765460874850004,,
Single,Conventional,BFGS,lambda_pressure_factor,0.1,minimum_stiffness_n_m,1,1,0,0.0020511694700418807,0.0020511694700418807,0.0020511694700418807,0.0020511694700418807,0.0020511694700418807,,
Single,Conventional,BFGS,lambda_pressure_factor,0.1,common_nominal_loss_std_n_m,1,0,1,,,,,,,
Single,Conventional,BFGS,lambda_pressure_factor,0.3,solve_wall_s,1,1,0,69.25470989999303,69.25470989999303,69.25470989999303,69.25470989999303,69.25470989999303,,
Single,Conventional,BFGS,lambda_pressure_factor,0.3,iterations,1,1,0,7985.0,7985.0,7985.0,7985.0,7985.0,,
Single,Conventional,BFGS,lambda_pressure_factor,0.3,evaluations,1,1,0,9669.0,9669.0,9669.0,9669.0,9669.0,,
Single,Conventional,BFGS,lambda_pressure_factor,0.3,terminal_gradient_l2,1,1,0,205.11921529852924,205.11921529852924,205.11921529852924,205.11921529852924,205.11921529852924,,
Single,Conventional,BFGS,lambda_pressure_factor,0.3,terminal_gradient_inf,1,1,0,47.08010267875278,47.08010267875278,47.08010267875278,47.08010267875278,47.08010267875278,,
Single,Conventional,BFGS,lambda_pressure_factor,0.3,relative_gradient_l2,1,1,0,0.9835772820422894,0.9835772820422894,0.9835772820422894,0.9835772820422894,0.9835772820422894,,
Single,Conventional,BFGS,lambda_pressure_factor,0.3,objective_n_m,1,1,0,-56.01921887906269,-56.01921887906269,-56.01921887906269,-56.01921887906269,-56.01921887906269,,
Single,Conventional,BFGS,lambda_pressure_factor,0.3,surrogate_residual_n,1,1,0,7.028572587199166e-07,7.028572587199166e-07,7.028572587199166e-07,7.028572587199166e-07,7.028572587199166e-07,,
Single,Conventional,BFGS,lambda_pressure_factor,0.3,command_cosine_to_fixed_GFE,1,1,0,0.9796139195707684,0.9796139195707684,0.9796139195707684,0.9796139195707684,0.9796139195707684,,
Single,Conventional,BFGS,lambda_pressure_factor,0.3,field_cosine_to_fixed_GFE,1,1,0,0.9987487789043499,0.9987487789043499,0.9987487789043499,0.9987487789043499,0.9987487789043499,,
Single,Conventional,BFGS,lambda_pressure_factor,0.3,worst_displacement_a,1,1,0,0.3297695598957,0.3297695598957,0.3297695598957,0.3297695598957,0.3297695598957,,
Single,Conventional,BFGS,lambda_pressure_factor,0.3,minimum_stiffness_n_m,1,1,0,0.0019924007340837175,0.0019924007340837175,0.0019924007340837175,0.0019924007340837175,0.0019924007340837175,,
Single,Conventional,BFGS,lambda_pressure_factor,0.3,common_nominal_loss_std_n_m,1,0,1,,,,,,,
Single,Conventional,BFGS,lambda_pressure_factor,1.0,solve_wall_s,1,1,0,45.74443199999223,45.74443199999223,45.74443199999223,45.74443199999223,45.74443199999223,,
Single,Conventional,BFGS,lambda_pressure_factor,1.0,iterations,1,1,0,5538.0,5538.0,5538.0,5538.0,5538.0,,
Single,Conventional,BFGS,lambda_pressure_factor,1.0,evaluations,1,1,0,6943.0,6943.0,6943.0,6943.0,6943.0,,
Single,Conventional,BFGS,lambda_pressure_factor,1.0,terminal_gradient_l2,1,1,0,676.9975486042606,676.9975486042606,676.9975486042606,676.9975486042606,676.9975486042606,,
Single,Conventional,BFGS,lambda_pressure_factor,1.0,terminal_gradient_inf,1,1,0,145.2556897731796,145.2556897731796,145.2556897731796,145.2556897731796,145.2556897731796,,
Single,Conventional,BFGS,lambda_pressure_factor,1.0,relative_gradient_l2,1,1,0,0.9742139708268679,0.9742139708268679,0.9742139708268679,0.9742139708268679,0.9742139708268679,,
Single,Conventional,BFGS,lambda_pressure_factor,1.0,objective_n_m,1,1,0,-55.00254061295359,-55.00254061295359,-55.00254061295359,-55.00254061295359,-55.00254061295359,,
Single,Conventional,BFGS,lambda_pressure_factor,1.0,surrogate_residual_n,1,1,0,3.121402318673723e-06,3.121402318673723e-06,3.121402318673723e-06,3.121402318673723e-06,3.121402318673723e-06,,
Single,Conventional,BFGS,lambda_pressure_factor,1.0,command_cosine_to_fixed_GFE,1,1,0,0.9739711963623298,0.9739711963623298,0.9739711963623298,0.9739711963623298,0.9739711963623298,,
Single,Conventional,BFGS,lambda_pressure_factor,1.0,field_cosine_to_fixed_GFE,1,1,0,0.9945919189916921,0.9945919189916921,0.9945919189916921,0.9945919189916921,0.9945919189916921,,
Single,Conventional,BFGS,lambda_pressure_factor,1.0,worst_displacement_a,1,1,0,0.16373447509735137,0.16373447509735137,0.16373447509735137,0.16373447509735137,0.16373447509735137,,
Single,Conventional,BFGS,lambda_pressure_factor,1.0,minimum_stiffness_n_m,1,1,0,0.0019552264352459235,0.0019552264352459235,0.0019552264352459235,0.0019552264352459235,0.0019552264352459235,,
Single,Conventional,BFGS,lambda_pressure_factor,1.0,common_nominal_loss_std_n_m,1,0,1,,,,,,,
Single,Conventional,BFGS,lambda_pressure_factor,3.0,solve_wall_s,1,1,0,22.30539169999247,22.30539169999247,22.30539169999247,22.30539169999247,22.30539169999247,,
Single,Conventional,BFGS,lambda_pressure_factor,3.0,iterations,1,1,0,2375.0,2375.0,2375.0,2375.0,2375.0,,
Single,Conventional,BFGS,lambda_pressure_factor,3.0,evaluations,1,1,0,3471.0,3471.0,3471.0,3471.0,3471.0,,
Single,Conventional,BFGS,lambda_pressure_factor,3.0,terminal_gradient_l2,1,1,0,2107.924178405901,2107.924178405901,2107.924178405901,2107.924178405901,2107.924178405901,,
Single,Conventional,BFGS,lambda_pressure_factor,3.0,terminal_gradient_inf,1,1,0,469.5516250076406,469.5516250076406,469.5516250076406,469.5516250076406,469.5516250076406,,
Single,Conventional,BFGS,lambda_pressure_factor,3.0,relative_gradient_l2,1,1,0,1.0112113502454807,1.0112113502454807,1.0112113502454807,1.0112113502454807,1.0112113502454807,,
Single,Conventional,BFGS,lambda_pressure_factor,3.0,objective_n_m,1,1,0,-50.13450894362008,-50.13450894362008,-50.13450894362008,-50.13450894362008,-50.13450894362008,,
Single,Conventional,BFGS,lambda_pressure_factor,3.0,surrogate_residual_n,1,1,0,2.307842054885257e-06,2.307842054885257e-06,2.307842054885257e-06,2.307842054885257e-06,2.307842054885257e-06,,
Single,Conventional,BFGS,lambda_pressure_factor,3.0,command_cosine_to_fixed_GFE,1,1,0,0.9297634550625635,0.9297634550625635,0.9297634550625635,0.9297634550625635,0.9297634550625635,,
Single,Conventional,BFGS,lambda_pressure_factor,3.0,field_cosine_to_fixed_GFE,1,1,0,0.9903536367983508,0.9903536367983508,0.9903536367983508,0.9903536367983508,0.9903536367983508,,
Single,Conventional,BFGS,lambda_pressure_factor,3.0,worst_displacement_a,1,1,0,0.7368833559560232,0.7368833559560232,0.7368833559560232,0.7368833559560232,0.7368833559560232,,
Single,Conventional,BFGS,lambda_pressure_factor,3.0,minimum_stiffness_n_m,1,1,0,0.0016607506854263135,0.0016607506854263135,0.0016607506854263135,0.0016607506854263135,0.0016607506854263135,,
Single,Conventional,BFGS,lambda_pressure_factor,3.0,common_nominal_loss_std_n_m,1,0,1,,,,,,,
Single,Conventional,BFGS,lambda_pressure_factor,10.0,solve_wall_s,1,1,0,13.055273499994655,13.055273499994655,13.055273499994655,13.055273499994655,13.055273499994655,,
Single,Conventional,BFGS,lambda_pressure_factor,10.0,iterations,1,1,0,1262.0,1262.0,1262.0,1262.0,1262.0,,
Single,Conventional,BFGS,lambda_pressure_factor,10.0,evaluations,1,1,0,2227.0,2227.0,2227.0,2227.0,2227.0,,
Single,Conventional,BFGS,lambda_pressure_factor,10.0,terminal_gradient_l2,1,1,0,6913.696779519204,6913.696779519204,6913.696779519204,6913.696779519204,6913.696779519204,,
Single,Conventional,BFGS,lambda_pressure_factor,10.0,terminal_gradient_inf,1,1,0,1547.2167091571469,1547.2167091571469,1547.2167091571469,1547.2167091571469,1547.2167091571469,,
Single,Conventional,BFGS,lambda_pressure_factor,10.0,relative_gradient_l2,1,1,0,0.9950223797091159,0.9950223797091159,0.9950223797091159,0.9950223797091159,0.9950223797091159,,
Single,Conventional,BFGS,lambda_pressure_factor,10.0,objective_n_m,1,1,0,-41.80604835523355,-41.80604835523355,-41.80604835523355,-41.80604835523355,-41.80604835523355,,
Single,Conventional,BFGS,lambda_pressure_factor,10.0,surrogate_residual_n,1,1,0,1.28464765047485e-06,1.28464765047485e-06,1.28464765047485e-06,1.28464765047485e-06,1.28464765047485e-06,,
Single,Conventional,BFGS,lambda_pressure_factor,10.0,command_cosine_to_fixed_GFE,1,1,0,0.847523663521616,0.847523663521616,0.847523663521616,0.847523663521616,0.847523663521616,,
Single,Conventional,BFGS,lambda_pressure_factor,10.0,field_cosine_to_fixed_GFE,1,1,0,0.9737273072693561,0.9737273072693561,0.9737273072693561,0.9737273072693561,0.9737273072693561,,
Single,Conventional,BFGS,lambda_pressure_factor,10.0,worst_displacement_a,1,1,0,1.3011803908580362,1.3011803908580362,1.3011803908580362,1.3011803908580362,1.3011803908580362,,
Single,Conventional,BFGS,lambda_pressure_factor,10.0,minimum_stiffness_n_m,1,1,0,0.0013704450397885684,0.0013704450397885684,0.0013704450397885684,0.0013704450397885684,0.0013704450397885684,,
Single,Conventional,BFGS,lambda_pressure_factor,10.0,common_nominal_loss_std_n_m,1,0,1,,,,,,,
Single,Conventional,BFGS,lambda_pressure_factor,30.0,solve_wall_s,1,1,0,7.081598200005828,7.081598200005828,7.081598200005828,7.081598200005828,7.081598200005828,,
Single,Conventional,BFGS,lambda_pressure_factor,30.0,iterations,1,1,0,619.0,619.0,619.0,619.0,619.0,,
Single,Conventional,BFGS,lambda_pressure_factor,30.0,evaluations,1,1,0,1267.0,1267.0,1267.0,1267.0,1267.0,,
Single,Conventional,BFGS,lambda_pressure_factor,30.0,terminal_gradient_l2,1,1,0,20812.750404095226,20812.750404095226,20812.750404095226,20812.750404095226,20812.750404095226,,
Single,Conventional,BFGS,lambda_pressure_factor,30.0,terminal_gradient_inf,1,1,0,4621.592576110578,4621.592576110578,4621.592576110578,4621.592576110578,4621.592576110578,,
Single,Conventional,BFGS,lambda_pressure_factor,30.0,relative_gradient_l2,1,1,0,0.9984695626129756,0.9984695626129756,0.9984695626129756,0.9984695626129756,0.9984695626129756,,
Single,Conventional,BFGS,lambda_pressure_factor,30.0,objective_n_m,1,1,0,-23.25318062795884,-23.25318062795884,-23.25318062795884,-23.25318062795884,-23.25318062795884,,
Single,Conventional,BFGS,lambda_pressure_factor,30.0,surrogate_residual_n,1,1,0,2.5594870842519427e-06,2.5594870842519427e-06,2.5594870842519427e-06,2.5594870842519427e-06,2.5594870842519427e-06,,
Single,Conventional,BFGS,lambda_pressure_factor,30.0,command_cosine_to_fixed_GFE,1,1,0,0.6193127667072517,0.6193127667072517,0.6193127667072517,0.6193127667072517,0.6193127667072517,,
Single,Conventional,BFGS,lambda_pressure_factor,30.0,field_cosine_to_fixed_GFE,1,1,0,0.8974741478552443,0.8974741478552443,0.8974741478552443,0.8974741478552443,0.8974741478552443,,
Single,Conventional,BFGS,lambda_pressure_factor,30.0,worst_displacement_a,1,1,0,3.9713247414334076,3.9713247414334076,3.9713247414334076,3.9713247414334076,3.9713247414334076,,
Single,Conventional,BFGS,lambda_pressure_factor,30.0,minimum_stiffness_n_m,1,1,0,0.000559475289845129,0.000559475289845129,0.000559475289845129,0.000559475289845129,0.000559475289845129,,
Single,Conventional,BFGS,lambda_pressure_factor,30.0,common_nominal_loss_std_n_m,1,0,1,,,,,,,
Single,FE,L-BFGS-B,alpha_factor,0.01,solve_wall_s,1,1,0,0.004971300004399382,0.004971300004399382,0.004971300004399382,0.004971300004399382,0.004971300004399382,,
Single,FE,L-BFGS-B,alpha_factor,0.01,iterations,1,1,0,39.0,39.0,39.0,39.0,39.0,,
Single,FE,L-BFGS-B,alpha_factor,0.01,evaluations,1,1,0,47.0,47.0,47.0,47.0,47.0,,
Single,FE,L-BFGS-B,alpha_factor,0.01,terminal_gradient_l2,1,1,0,3.045019105794264e-08,3.045019105794264e-08,3.045019105794264e-08,3.045019105794264e-08,3.045019105794264e-08,,
Single,FE,L-BFGS-B,alpha_factor,0.01,terminal_gradient_inf,1,1,0,9.884599138917748e-09,9.884599138917748e-09,9.884599138917748e-09,9.884599138917748e-09,9.884599138917748e-09,,
Single,FE,L-BFGS-B,alpha_factor,0.01,relative_gradient_l2,1,1,0,6.668140530177087e-05,6.668140530177087e-05,6.668140530177087e-05,6.668140530177087e-05,6.668140530177087e-05,,
Single,FE,L-BFGS-B,alpha_factor,0.01,objective_n_m,1,1,0,-0.059058830083477204,-0.059058830083477204,-0.059058830083477204,-0.059058830083477204,-0.059058830083477204,,
Single,FE,L-BFGS-B,alpha_factor,0.01,surrogate_residual_n,1,1,0,4.2357863673955343e-07,4.2357863673955343e-07,4.2357863673955343e-07,4.2357863673955343e-07,4.2357863673955343e-07,,
Single,FE,L-BFGS-B,alpha_factor,0.01,command_cosine_to_fixed_GFE,1,1,0,0.9999982840734234,0.9999982840734234,0.9999982840734234,0.9999982840734234,0.9999982840734234,,
Single,FE,L-BFGS-B,alpha_factor,0.01,field_cosine_to_fixed_GFE,1,1,0,0.9999989937437184,0.9999989937437184,0.9999989937437184,0.9999989937437184,0.9999989937437184,,
Single,FE,L-BFGS-B,alpha_factor,0.01,worst_displacement_a,1,1,0,0.07299457319837445,0.07299457319837445,0.07299457319837445,0.07299457319837445,0.07299457319837445,,
Single,FE,L-BFGS-B,alpha_factor,0.01,minimum_stiffness_n_m,1,1,0,0.0022434349879098124,0.0022434349879098124,0.0022434349879098124,0.0022434349879098124,0.0022434349879098124,,
Single,FE,L-BFGS-B,alpha_factor,0.01,common_nominal_loss_std_n_m,1,0,1,,,,,,,
Single,FE,L-BFGS-B,alpha_factor,0.03,solve_wall_s,1,1,0,0.005241899998509325,0.005241899998509325,0.005241899998509325,0.005241899998509325,0.005241899998509325,,
Single,FE,L-BFGS-B,alpha_factor,0.03,iterations,1,1,0,37.0,37.0,37.0,37.0,37.0,,
Single,FE,L-BFGS-B,alpha_factor,0.03,evaluations,1,1,0,44.0,44.0,44.0,44.0,44.0,,
Single,FE,L-BFGS-B,alpha_factor,0.03,terminal_gradient_l2,1,1,0,1.5032221332948537e-08,1.5032221332948537e-08,1.5032221332948537e-08,1.5032221332948537e-08,1.5032221332948537e-08,,
Single,FE,L-BFGS-B,alpha_factor,0.03,terminal_gradient_inf,1,1,0,5.208819328524174e-09,5.208819328524174e-09,5.208819328524174e-09,5.208819328524174e-09,5.208819328524174e-09,,
Single,FE,L-BFGS-B,alpha_factor,0.03,relative_gradient_l2,1,1,0,3.29192574942394e-05,3.29192574942394e-05,3.29192574942394e-05,3.29192574942394e-05,3.29192574942394e-05,,
Single,FE,L-BFGS-B,alpha_factor,0.03,objective_n_m,1,1,0,-0.059058745445127,-0.059058745445127,-0.059058745445127,-0.059058745445127,-0.059058745445127,,
Single,FE,L-BFGS-B,alpha_factor,0.03,surrogate_residual_n,1,1,0,4.228240021160905e-07,4.228240021160905e-07,4.228240021160905e-07,4.228240021160905e-07,4.228240021160905e-07,,
Single,FE,L-BFGS-B,alpha_factor,0.03,command_cosine_to_fixed_GFE,1,1,0,0.9999983546003073,0.9999983546003073,0.9999983546003073,0.9999983546003073,0.9999983546003073,,
Single,FE,L-BFGS-B,alpha_factor,0.03,field_cosine_to_fixed_GFE,1,1,0,0.9999990350052828,0.9999990350052828,0.9999990350052828,0.9999990350052828,0.9999990350052828,,
Single,FE,L-BFGS-B,alpha_factor,0.03,worst_displacement_a,1,1,0,0.07244935393373035,0.07244935393373035,0.07244935393373035,0.07244935393373035,0.07244935393373035,,
Single,FE,L-BFGS-B,alpha_factor,0.03,minimum_stiffness_n_m,1,1,0,0.002244257835694853,0.002244257835694853,0.002244257835694853,0.002244257835694853,0.002244257835694853,,
Single,FE,L-BFGS-B,alpha_factor,0.03,common_nominal_loss_std_n_m,1,0,1,,,,,,,
Single,FE,L-BFGS-B,alpha_factor,0.1,solve_wall_s,1,1,0,0.009818199992878363,0.009818199992878363,0.009818199992878363,0.009818199992878363,0.009818199992878363,,
Single,FE,L-BFGS-B,alpha_factor,0.1,iterations,1,1,0,38.0,38.0,38.0,38.0,38.0,,
Single,FE,L-BFGS-B,alpha_factor,0.1,evaluations,1,1,0,48.0,48.0,48.0,48.0,48.0,,
Single,FE,L-BFGS-B,alpha_factor,0.1,terminal_gradient_l2,1,1,0,1.369752264165644e-08,1.369752264165644e-08,1.369752264165644e-08,1.369752264165644e-08,1.369752264165644e-08,,
Single,FE,L-BFGS-B,alpha_factor,0.1,terminal_gradient_inf,1,1,0,6.247832982807435e-09,6.247832982807435e-09,6.247832982807435e-09,6.247832982807435e-09,6.247832982807435e-09,,
Single,FE,L-BFGS-B,alpha_factor,0.1,relative_gradient_l2,1,1,0,2.9999315613925926e-05,2.9999315613925926e-05,2.9999315613925926e-05,2.9999315613925926e-05,2.9999315613925926e-05,,
Single,FE,L-BFGS-B,alpha_factor,0.1,objective_n_m,1,1,0,-0.05905845037333969,-0.05905845037333969,-0.05905845037333969,-0.05905845037333969,-0.05905845037333969,,
Single,FE,L-BFGS-B,alpha_factor,0.1,surrogate_residual_n,1,1,0,4.2023337880011825e-07,4.2023337880011825e-07,4.2023337880011825e-07,4.2023337880011825e-07,4.2023337880011825e-07,,
Single,FE,L-BFGS-B,alpha_factor,0.1,command_cosine_to_fixed_GFE,1,1,0,0.9999985830461937,0.9999985830461937,0.9999985830461937,0.9999985830461937,0.9999985830461937,,
Single,FE,L-BFGS-B,alpha_factor,0.1,field_cosine_to_fixed_GFE,1,1,0,0.9999991690544175,0.9999991690544175,0.9999991690544175,0.9999991690544175,0.9999991690544175,,
Single,FE,L-BFGS-B,alpha_factor,0.1,worst_displacement_a,1,1,0,0.07074037226307198,0.07074037226307198,0.07074037226307198,0.07074037226307198,0.07074037226307198,,
Single,FE,L-BFGS-B,alpha_factor,0.1,minimum_stiffness_n_m,1,1,0,0.0022469845191314796,0.0022469845191314796,0.0022469845191314796,0.0022469845191314796,0.0022469845191314796,,
Single,FE,L-BFGS-B,alpha_factor,0.1,common_nominal_loss_std_n_m,1,0,1,,,,,,,
Single,FE,L-BFGS-B,alpha_factor,0.3,solve_wall_s,1,1,0,0.0046208999992813915,0.0046208999992813915,0.0046208999992813915,0.0046208999992813915,0.0046208999992813915,,
Single,FE,L-BFGS-B,alpha_factor,0.3,iterations,1,1,0,37.0,37.0,37.0,37.0,37.0,,
Single,FE,L-BFGS-B,alpha_factor,0.3,evaluations,1,1,0,43.0,43.0,43.0,43.0,43.0,,
Single,FE,L-BFGS-B,alpha_factor,0.3,terminal_gradient_l2,1,1,0,3.9471668639962e-08,3.9471668639962e-08,3.9471668639962e-08,3.9471668639962e-08,3.9471668639962e-08,,
Single,FE,L-BFGS-B,alpha_factor,0.3,terminal_gradient_inf,1,1,0,7.2860405672856706e-09,7.2860405672856706e-09,7.2860405672856706e-09,7.2860405672856706e-09,7.2860405672856706e-09,,
Single,FE,L-BFGS-B,alpha_factor,0.3,relative_gradient_l2,1,1,0,8.647200687554081e-05,8.647200687554081e-05,8.647200687554081e-05,8.647200687554081e-05,8.647200687554081e-05,,
Single,FE,L-BFGS-B,alpha_factor,0.3,objective_n_m,1,1,0,-0.05905761731449738,-0.05905761731449738,-0.05905761731449738,-0.05905761731449738,-0.05905761731449738,,
Single,FE,L-BFGS-B,alpha_factor,0.3,surrogate_residual_n,1,1,0,4.1282516073698287e-07,4.1282516073698287e-07,4.1282516073698287e-07,4.1282516073698287e-07,4.1282516073698287e-07,,
Single,FE,L-BFGS-B,alpha_factor,0.3,command_cosine_to_fixed_GFE,1,1,0,0.9999991423508924,0.9999991423508924,0.9999991423508924,0.9999991423508924,0.9999991423508924,,
Single,FE,L-BFGS-B,alpha_factor,0.3,field_cosine_to_fixed_GFE,1,1,0,0.9999994970752207,0.9999994970752207,0.9999994970752207,0.9999994970752207,0.9999994970752207,,
Single,FE,L-BFGS-B,alpha_factor,0.3,worst_displacement_a,1,1,0,0.0652219381347909,0.0652219381347909,0.0652219381347909,0.0652219381347909,0.0652219381347909,,
Single,FE,L-BFGS-B,alpha_factor,0.3,minimum_stiffness_n_m,1,1,0,0.002238556234276037,0.002238556234276037,0.002238556234276037,0.002238556234276037,0.002238556234276037,,
Single,FE,L-BFGS-B,alpha_factor,0.3,common_nominal_loss_std_n_m,1,0,1,,,,,,,
Single,FE,L-BFGS-B,alpha_factor,1.0,solve_wall_s,1,1,0,0.010441599995829165,0.010441599995829165,0.010441599995829165,0.010441599995829165,0.010441599995829165,,
Single,FE,L-BFGS-B,alpha_factor,1.0,iterations,1,1,0,38.0,38.0,38.0,38.0,38.0,,
Single,FE,L-BFGS-B,alpha_factor,1.0,evaluations,1,1,0,44.0,44.0,44.0,44.0,44.0,,
Single,FE,L-BFGS-B,alpha_factor,1.0,terminal_gradient_l2,1,1,0,1.0398147832830404e-08,1.0398147832830404e-08,1.0398147832830404e-08,1.0398147832830404e-08,1.0398147832830404e-08,,
Single,FE,L-BFGS-B,alpha_factor,1.0,terminal_gradient_inf,1,1,0,3.04448345420587e-09,3.04448345420587e-09,3.04448345420587e-09,3.04448345420587e-09,3.04448345420587e-09,,
Single,FE,L-BFGS-B,alpha_factor,1.0,relative_gradient_l2,1,1,0,2.280143062159324e-05,2.280143062159324e-05,2.280143062159324e-05,2.280143062159324e-05,2.280143062159324e-05,,
Single,FE,L-BFGS-B,alpha_factor,1.0,objective_n_m,1,1,0,-0.059054818337914726,-0.059054818337914726,-0.059054818337914726,-0.059054818337914726,-0.059054818337914726,,
Single,FE,L-BFGS-B,alpha_factor,1.0,surrogate_residual_n,1,1,0,3.8688706635093395e-07,3.8688706635093395e-07,3.8688706635093395e-07,3.8688706635093395e-07,3.8688706635093395e-07,,
Single,FE,L-BFGS-B,alpha_factor,1.0,command_cosine_to_fixed_GFE,1,1,0,0.9999999999843131,0.9999999999843131,0.9999999999843131,0.9999999999843131,0.9999999999843131,,
Single,FE,L-BFGS-B,alpha_factor,1.0,field_cosine_to_fixed_GFE,1,1,0,0.9999999999946315,0.9999999999946315,0.9999999999946315,0.9999999999946315,0.9999999999946315,,
Single,FE,L-BFGS-B,alpha_factor,1.0,worst_displacement_a,1,1,0,0.04485762230622415,0.04485762230622415,0.04485762230622415,0.04485762230622415,0.04485762230622415,,
Single,FE,L-BFGS-B,alpha_factor,1.0,minimum_stiffness_n_m,1,1,0,0.0022533028191058183,0.0022533028191058183,0.0022533028191058183,0.0022533028191058183,0.0022533028191058183,,
Single,FE,L-BFGS-B,alpha_factor,1.0,common_nominal_loss_std_n_m,1,0,1,,,,,,,
Single,FE,L-BFGS-B,alpha_factor,3.0,solve_wall_s,1,1,0,0.005140299996128306,0.005140299996128306,0.005140299996128306,0.005140299996128306,0.005140299996128306,,
Single,FE,L-BFGS-B,alpha_factor,3.0,iterations,1,1,0,42.0,42.0,42.0,42.0,42.0,,
Single,FE,L-BFGS-B,alpha_factor,3.0,evaluations,1,1,0,47.0,47.0,47.0,47.0,47.0,,
Single,FE,L-BFGS-B,alpha_factor,3.0,terminal_gradient_l2,1,1,0,2.0181881234217097e-08,2.0181881234217097e-08,2.0181881234217097e-08,2.0181881234217097e-08,2.0181881234217097e-08,,
Single,FE,L-BFGS-B,alpha_factor,3.0,terminal_gradient_inf,1,1,0,8.994972261611747e-09,8.994972261611747e-09,8.994972261611747e-09,8.994972261611747e-09,8.994972261611747e-09,,
Single,FE,L-BFGS-B,alpha_factor,3.0,relative_gradient_l2,1,1,0,4.437110913644709e-05,4.437110913644709e-05,4.437110913644709e-05,4.437110913644709e-05,4.437110913644709e-05,,
Single,FE,L-BFGS-B,alpha_factor,3.0,objective_n_m,1,1,0,-0.059047821845862325,-0.059047821845862325,-0.059047821845862325,-0.059047821845862325,-0.059047821845862325,,
Single,FE,L-BFGS-B,alpha_factor,3.0,surrogate_residual_n,1,1,0,3.127728686897605e-07,3.127728686897605e-07,3.127728686897605e-07,3.127728686897605e-07,3.127728686897605e-07,,
Single,FE,L-BFGS-B,alpha_factor,3.0,command_cosine_to_fixed_GFE,1,1,0,0.999993010329572,0.999993010329572,0.999993010329572,0.999993010329572,0.999993010329572,,
Single,FE,L-BFGS-B,alpha_factor,3.0,field_cosine_to_fixed_GFE,1,1,0,0.9999959026141233,0.9999959026141233,0.9999959026141233,0.9999959026141233,0.9999959026141233,,
Single,FE,L-BFGS-B,alpha_factor,3.0,worst_displacement_a,1,1,0,0.0035341233737664025,0.0035341233737664025,0.0035341233737664025,0.0035341233737664025,0.0035341233737664025,,
Single,FE,L-BFGS-B,alpha_factor,3.0,minimum_stiffness_n_m,1,1,0,0.0022440491754247152,0.0022440491754247152,0.0022440491754247152,0.0022440491754247152,0.0022440491754247152,,
Single,FE,L-BFGS-B,alpha_factor,3.0,common_nominal_loss_std_n_m,1,0,1,,,,,,,
Single,FE,L-BFGS-B,alpha_factor,10.0,solve_wall_s,1,1,0,0.020103800008655526,0.020103800008655526,0.020103800008655526,0.020103800008655526,0.020103800008655526,,
Single,FE,L-BFGS-B,alpha_factor,10.0,iterations,1,1,0,122.0,122.0,122.0,122.0,122.0,,
Single,FE,L-BFGS-B,alpha_factor,10.0,evaluations,1,1,0,139.0,139.0,139.0,139.0,139.0,,
Single,FE,L-BFGS-B,alpha_factor,10.0,terminal_gradient_l2,1,1,0,4.459222939551365e-08,4.459222939551365e-08,4.459222939551365e-08,4.459222939551365e-08,4.459222939551365e-08,,
Single,FE,L-BFGS-B,alpha_factor,10.0,terminal_gradient_inf,1,1,0,6.9878616843201265e-09,6.9878616843201265e-09,6.9878616843201265e-09,6.9878616843201265e-09,6.9878616843201265e-09,,
Single,FE,L-BFGS-B,alpha_factor,10.0,relative_gradient_l2,1,1,0,9.878471972686305e-05,9.878471972686305e-05,9.878471972686305e-05,9.878471972686305e-05,9.878471972686305e-05,,
Single,FE,L-BFGS-B,alpha_factor,10.0,objective_n_m,1,1,0,-0.059035005861566084,-0.059035005861566084,-0.059035005861566084,-0.059035005861566084,-0.059035005861566084,,
Single,FE,L-BFGS-B,alpha_factor,10.0,surrogate_residual_n,1,1,0,5.34668789405289e-08,5.34668789405289e-08,5.34668789405289e-08,5.34668789405289e-08,5.34668789405289e-08,,
Single,FE,L-BFGS-B,alpha_factor,10.0,command_cosine_to_fixed_GFE,1,1,0,0.999858479818835,0.999858479818835,0.999858479818835,0.999858479818835,0.999858479818835,,
Single,FE,L-BFGS-B,alpha_factor,10.0,field_cosine_to_fixed_GFE,1,1,0,0.9999172152254622,0.9999172152254622,0.9999172152254622,0.9999172152254622,0.9999172152254622,,
Single,FE,L-BFGS-B,alpha_factor,10.0,worst_displacement_a,1,1,0,0.18950282517710373,0.18950282517710373,0.18950282517710373,0.18950282517710373,0.18950282517710373,,
Single,FE,L-BFGS-B,alpha_factor,10.0,minimum_stiffness_n_m,1,1,0,0.0020698406542915236,0.0020698406542915236,0.0020698406542915236,0.0020698406542915236,0.0020698406542915236,,
Single,FE,L-BFGS-B,alpha_factor,10.0,common_nominal_loss_std_n_m,1,0,1,,,,,,,
Single,FE,L-BFGS-B,alpha_factor,30.0,solve_wall_s,1,1,0,0.04331809999712277,0.04331809999712277,0.04331809999712277,0.04331809999712277,0.04331809999712277,,
Single,FE,L-BFGS-B,alpha_factor,30.0,iterations,1,1,0,230.0,230.0,230.0,230.0,230.0,,
Single,FE,L-BFGS-B,alpha_factor,30.0,evaluations,1,1,0,410.0,410.0,410.0,410.0,410.0,,
Single,FE,L-BFGS-B,alpha_factor,30.0,terminal_gradient_l2,1,1,0,0.0014812444160744855,0.0014812444160744855,0.0014812444160744855,0.0014812444160744855,0.0014812444160744855,,
Single,FE,L-BFGS-B,alpha_factor,30.0,terminal_gradient_inf,1,1,0,0.00016554500153739393,0.00016554500153739393,0.00016554500153739393,0.00016554500153739393,0.00016554500153739393,,
Single,FE,L-BFGS-B,alpha_factor,30.0,relative_gradient_l2,1,1,0,3.3067921581217394,3.3067921581217394,3.3067921581217394,3.3067921581217394,3.3067921581217394,,
Single,FE,L-BFGS-B,alpha_factor,30.0,objective_n_m,1,1,0,-0.05831899581931484,-0.05831899581931484,-0.05831899581931484,-0.05831899581931484,-0.05831899581931484,,
Single,FE,L-BFGS-B,alpha_factor,30.0,surrogate_residual_n,1,1,0,4.519283695181594e-19,4.519283695181594e-19,4.519283695181594e-19,4.519283695181594e-19,4.519283695181594e-19,,
Single,FE,L-BFGS-B,alpha_factor,30.0,command_cosine_to_fixed_GFE,1,1,0,0.011644987829267756,0.011644987829267756,0.011644987829267756,0.011644987829267756,0.011644987829267756,,
Single,FE,L-BFGS-B,alpha_factor,30.0,field_cosine_to_fixed_GFE,1,1,0,0.006422842655096857,0.006422842655096857,0.006422842655096857,0.006422842655096857,0.006422842655096857,,
Single,FE,L-BFGS-B,alpha_factor,30.0,worst_displacement_a,1,1,0,0.22681753330122753,0.22681753330122753,0.22681753330122753,0.22681753330122753,0.22681753330122753,,
Single,FE,L-BFGS-B,alpha_factor,30.0,minimum_stiffness_n_m,1,1,0,0.002064519491410198,0.002064519491410198,0.002064519491410198,0.002064519491410198,0.002064519491410198,,
Single,FE,L-BFGS-B,alpha_factor,30.0,common_nominal_loss_std_n_m,1,0,1,,,,,,,
Single,FE,L-BFGS-B,alpha_factor,100.0,solve_wall_s,1,1,0,0.04475890001049265,0.04475890001049265,0.04475890001049265,0.04475890001049265,0.04475890001049265,,
Single,FE,L-BFGS-B,alpha_factor,100.0,iterations,1,1,0,246.0,246.0,246.0,246.0,246.0,,
Single,FE,L-BFGS-B,alpha_factor,100.0,evaluations,1,1,0,471.0,471.0,471.0,471.0,471.0,,
Single,FE,L-BFGS-B,alpha_factor,100.0,terminal_gradient_l2,1,1,0,0.005245972955957381,0.005245972955957381,0.005245972955957381,0.005245972955957381,0.005245972955957381,,
Single,FE,L-BFGS-B,alpha_factor,100.0,terminal_gradient_inf,1,1,0,0.0006311011944992761,0.0006311011944992761,0.0006311011944992761,0.0006311011944992761,0.0006311011944992761,,
Single,FE,L-BFGS-B,alpha_factor,100.0,relative_gradient_l2,1,1,0,10.346069742763387,10.346069742763387,10.346069742763387,10.346069742763387,10.346069742763387,,
Single,FE,L-BFGS-B,alpha_factor,100.0,objective_n_m,1,1,0,-0.05600867672620673,-0.05600867672620673,-0.05600867672620673,-0.05600867672620673,-0.05600867672620673,,
Single,FE,L-BFGS-B,alpha_factor,100.0,surrogate_residual_n,1,1,0,1.5263219506185476e-19,1.5263219506185476e-19,1.5263219506185476e-19,1.5263219506185476e-19,1.5263219506185476e-19,,
Single,FE,L-BFGS-B,alpha_factor,100.0,command_cosine_to_fixed_GFE,1,1,0,0.0420235141879326,0.0420235141879326,0.0420235141879326,0.0420235141879326,0.0420235141879326,,
Single,FE,L-BFGS-B,alpha_factor,100.0,field_cosine_to_fixed_GFE,1,1,0,0.04420301654330514,0.04420301654330514,0.04420301654330514,0.04420301654330514,0.04420301654330514,,
Single,FE,L-BFGS-B,alpha_factor,100.0,worst_displacement_a,1,1,0,0.18420397259910692,0.18420397259910692,0.18420397259910692,0.18420397259910692,0.18420397259910692,,
Single,FE,L-BFGS-B,alpha_factor,100.0,minimum_stiffness_n_m,1,1,0,0.0019649924168020963,0.0019649924168020963,0.0019649924168020963,0.0019649924168020963,0.0019649924168020963,,
Single,FE,L-BFGS-B,alpha_factor,100.0,common_nominal_loss_std_n_m,1,0,1,,,,,,,
Single,GFE,L-BFGS-B,alpha_factor,0.01,solve_wall_s,1,1,0,0.005616199996438809,0.005616199996438809,0.005616199996438809,0.005616199996438809,0.005616199996438809,,
Single,GFE,L-BFGS-B,alpha_factor,0.01,iterations,1,1,0,38.0,38.0,38.0,38.0,38.0,,
Single,GFE,L-BFGS-B,alpha_factor,0.01,evaluations,1,1,0,47.0,47.0,47.0,47.0,47.0,,
Single,GFE,L-BFGS-B,alpha_factor,0.01,terminal_gradient_l2,1,1,0,2.5383685372490563e-08,2.5383685372490563e-08,2.5383685372490563e-08,2.5383685372490563e-08,2.5383685372490563e-08,,
Single,GFE,L-BFGS-B,alpha_factor,0.01,terminal_gradient_inf,1,1,0,5.869068758238621e-09,5.869068758238621e-09,5.869068758238621e-09,5.869068758238621e-09,5.869068758238621e-09,,
Single,GFE,L-BFGS-B,alpha_factor,0.01,relative_gradient_l2,1,1,0,5.55862156160591e-05,5.55862156160591e-05,5.55862156160591e-05,5.55862156160591e-05,5.55862156160591e-05,,
Single,GFE,L-BFGS-B,alpha_factor,0.01,objective_n_m,1,1,0,-0.05905871865599225,-0.05905871865599225,-0.05905871865599225,-0.05905871865599225,-0.05905871865599225,,
Single,GFE,L-BFGS-B,alpha_factor,0.01,surrogate_residual_n,1,1,0,1.5378545497564207e-06,1.5378545497564207e-06,1.5378545497564207e-06,1.5378545497564207e-06,1.5378545497564207e-06,,
Single,GFE,L-BFGS-B,alpha_factor,0.01,command_cosine_to_fixed_GFE,1,1,0,0.999998285212728,0.999998285212728,0.999998285212728,0.999998285212728,0.999998285212728,,
Single,GFE,L-BFGS-B,alpha_factor,0.01,field_cosine_to_fixed_GFE,1,1,0,0.9999989943824182,0.9999989943824182,0.9999989943824182,0.9999989943824182,0.9999989943824182,,
Single,GFE,L-BFGS-B,alpha_factor,0.01,worst_displacement_a,1,1,0,0.07298791291832693,0.07298791291832693,0.07298791291832693,0.07298791291832693,0.07298791291832693,,
Single,GFE,L-BFGS-B,alpha_factor,0.01,minimum_stiffness_n_m,1,1,0,0.002243444248575259,0.002243444248575259,0.002243444248575259,0.002243444248575259,0.002243444248575259,,
Single,GFE,L-BFGS-B,alpha_factor,0.01,common_nominal_loss_std_n_m,1,0,1,,,,,,,
Single,GFE,L-BFGS-B,alpha_factor,0.03,solve_wall_s,1,1,0,0.007722199996351264,0.007722199996351264,0.007722199996351264,0.007722199996351264,0.007722199996351264,,
Single,GFE,L-BFGS-B,alpha_factor,0.03,iterations,1,1,0,40.0,40.0,40.0,40.0,40.0,,
Single,GFE,L-BFGS-B,alpha_factor,0.03,evaluations,1,1,0,48.0,48.0,48.0,48.0,48.0,,
Single,GFE,L-BFGS-B,alpha_factor,0.03,terminal_gradient_l2,1,1,0,3.9969195475963986e-09,3.9969195475963986e-09,3.9969195475963986e-09,3.9969195475963986e-09,3.9969195475963986e-09,,
Single,GFE,L-BFGS-B,alpha_factor,0.03,terminal_gradient_inf,1,1,0,1.123062131205425e-09,1.123062131205425e-09,1.123062131205425e-09,1.123062131205425e-09,1.123062131205425e-09,,
Single,GFE,L-BFGS-B,alpha_factor,0.03,relative_gradient_l2,1,1,0,8.75276785988619e-06,8.75276785988619e-06,8.75276785988619e-06,8.75276785988619e-06,8.75276785988619e-06,,
Single,GFE,L-BFGS-B,alpha_factor,0.03,objective_n_m,1,1,0,-0.05905841115980839,-0.05905841115980839,-0.05905841115980839,-0.05905841115980839,-0.05905841115980839,,
Single,GFE,L-BFGS-B,alpha_factor,0.03,surrogate_residual_n,1,1,0,1.5371133311334499e-06,1.5371133311334499e-06,1.5371133311334499e-06,1.5371133311334499e-06,1.5371133311334499e-06,,
Single,GFE,L-BFGS-B,alpha_factor,0.03,command_cosine_to_fixed_GFE,1,1,0,0.9999983539023501,0.9999983539023501,0.9999983539023501,0.9999983539023501,0.9999983539023501,,
Single,GFE,L-BFGS-B,alpha_factor,0.03,field_cosine_to_fixed_GFE,1,1,0,0.9999990346260501,0.9999990346260501,0.9999990346260501,0.9999990346260501,0.9999990346260501,,
Single,GFE,L-BFGS-B,alpha_factor,0.03,worst_displacement_a,1,1,0,0.07245252480651508,0.07245252480651508,0.07245252480651508,0.07245252480651508,0.07245252480651508,,
Single,GFE,L-BFGS-B,alpha_factor,0.03,minimum_stiffness_n_m,1,1,0,0.0022442527580856936,0.0022442527580856936,0.0022442527580856936,0.0022442527580856936,0.0022442527580856936,,
Single,GFE,L-BFGS-B,alpha_factor,0.03,common_nominal_loss_std_n_m,1,0,1,,,,,,,
Single,GFE,L-BFGS-B,alpha_factor,0.1,solve_wall_s,1,1,0,0.005042899996624328,0.005042899996624328,0.005042899996624328,0.005042899996624328,0.005042899996624328,,
Single,GFE,L-BFGS-B,alpha_factor,0.1,iterations,1,1,0,37.0,37.0,37.0,37.0,37.0,,
Single,GFE,L-BFGS-B,alpha_factor,0.1,evaluations,1,1,0,44.0,44.0,44.0,44.0,44.0,,
Single,GFE,L-BFGS-B,alpha_factor,0.1,terminal_gradient_l2,1,1,0,1.780805897170708e-08,1.780805897170708e-08,1.780805897170708e-08,1.780805897170708e-08,1.780805897170708e-08,,
Single,GFE,L-BFGS-B,alpha_factor,0.1,terminal_gradient_inf,1,1,0,5.9165786680354555e-09,5.9165786680354555e-09,5.9165786680354555e-09,5.9165786680354555e-09,5.9165786680354555e-09,,
Single,GFE,L-BFGS-B,alpha_factor,0.1,relative_gradient_l2,1,1,0,3.8999863372597804e-05,3.8999863372597804e-05,3.8999863372597804e-05,3.8999863372597804e-05,3.8999863372597804e-05,,
Single,GFE,L-BFGS-B,alpha_factor,0.1,objective_n_m,1,1,0,-0.05905733608802909,-0.05905733608802909,-0.05905733608802909,-0.05905733608802909,-0.05905733608802909,,
Single,GFE,L-BFGS-B,alpha_factor,0.1,surrogate_residual_n,1,1,0,1.5345147580456623e-06,1.5345147580456623e-06,1.5345147580456623e-06,1.5345147580456623e-06,1.5345147580456623e-06,,
Single,GFE,L-BFGS-B,alpha_factor,0.1,command_cosine_to_fixed_GFE,1,1,0,0.9999985835167782,0.9999985835167782,0.9999985835167782,0.9999985835167782,0.9999985835167782,,
Single,GFE,L-BFGS-B,alpha_factor,0.1,field_cosine_to_fixed_GFE,1,1,0,0.999999169273084,0.999999169273084,0.999999169273084,0.999999169273084,0.999999169273084,,
Single,GFE,L-BFGS-B,alpha_factor,0.1,worst_displacement_a,1,1,0,0.0707372335661725,0.0707372335661725,0.0707372335661725,0.0707372335661725,0.0707372335661725,,
Single,GFE,L-BFGS-B,alpha_factor,0.1,minimum_stiffness_n_m,1,1,0,0.0022469890859800334,0.0022469890859800334,0.0022469890859800334,0.0022469890859800334,0.0022469890859800334,,
Single,GFE,L-BFGS-B,alpha_factor,0.1,common_nominal_loss_std_n_m,1,0,1,,,,,,,
Single,GFE,L-BFGS-B,alpha_factor,0.3,solve_wall_s,1,1,0,0.005292200003168546,0.005292200003168546,0.005292200003168546,0.005292200003168546,0.005292200003168546,,
Single,GFE,L-BFGS-B,alpha_factor,0.3,iterations,1,1,0,39.0,39.0,39.0,39.0,39.0,,
Single,GFE,L-BFGS-B,alpha_factor,0.3,evaluations,1,1,0,46.0,46.0,46.0,46.0,46.0,,
Single,GFE,L-BFGS-B,alpha_factor,0.3,terminal_gradient_l2,1,1,0,1.1990476391396435e-08,1.1990476391396435e-08,1.1990476391396435e-08,1.1990476391396435e-08,1.1990476391396435e-08,,
Single,GFE,L-BFGS-B,alpha_factor,0.3,terminal_gradient_inf,1,1,0,8.420759166044639e-09,8.420759166044639e-09,8.420759166044639e-09,8.420759166044639e-09,8.420759166044639e-09,,
Single,GFE,L-BFGS-B,alpha_factor,0.3,relative_gradient_l2,1,1,0,2.6263862452508908e-05,2.6263862452508908e-05,2.6263862452508908e-05,2.6263862452508908e-05,2.6263862452508908e-05,,
Single,GFE,L-BFGS-B,alpha_factor,0.3,objective_n_m,1,1,0,-0.05905427445981868,-0.05905427445981868,-0.05905427445981868,-0.05905427445981868,-0.05905427445981868,,
Single,GFE,L-BFGS-B,alpha_factor,0.3,surrogate_residual_n,1,1,0,1.5271125918559446e-06,1.5271125918559446e-06,1.5271125918559446e-06,1.5271125918559446e-06,1.5271125918559446e-06,,
Single,GFE,L-BFGS-B,alpha_factor,0.3,command_cosine_to_fixed_GFE,1,1,0,0.9999991419447043,0.9999991419447043,0.9999991419447043,0.9999991419447043,0.9999991419447043,,
Single,GFE,L-BFGS-B,alpha_factor,0.3,field_cosine_to_fixed_GFE,1,1,0,0.9999994969501141,0.9999994969501141,0.9999994969501141,0.9999994969501141,0.9999994969501141,,
Single,GFE,L-BFGS-B,alpha_factor,0.3,worst_displacement_a,1,1,0,0.06522474971164195,0.06522474971164195,0.06522474971164195,0.06522474971164195,0.06522474971164195,,
Single,GFE,L-BFGS-B,alpha_factor,0.3,minimum_stiffness_n_m,1,1,0,0.0022385575346157774,0.0022385575346157774,0.0022385575346157774,0.0022385575346157774,0.0022385575346157774,,
Single,GFE,L-BFGS-B,alpha_factor,0.3,common_nominal_loss_std_n_m,1,0,1,,,,,,,
Single,GFE,L-BFGS-B,alpha_factor,1.0,solve_wall_s,1,1,0,0.005151399993337691,0.005151399993337691,0.005151399993337691,0.005151399993337691,0.005151399993337691,,
Single,GFE,L-BFGS-B,alpha_factor,1.0,iterations,1,1,0,37.0,37.0,37.0,37.0,37.0,,
Single,GFE,L-BFGS-B,alpha_factor,1.0,evaluations,1,1,0,44.0,44.0,44.0,44.0,44.0,,
Single,GFE,L-BFGS-B,alpha_factor,1.0,terminal_gradient_l2,1,1,0,3.0990934113049095e-08,3.0990934113049095e-08,3.0990934113049095e-08,3.0990934113049095e-08,3.0990934113049095e-08,,
Single,GFE,L-BFGS-B,alpha_factor,1.0,terminal_gradient_inf,1,1,0,6.320541914298822e-09,6.320541914298822e-09,6.320541914298822e-09,6.320541914298822e-09,6.320541914298822e-09,,
Single,GFE,L-BFGS-B,alpha_factor,1.0,relative_gradient_l2,1,1,0,6.792365640503582e-05,6.792365640503582e-05,6.792365640503582e-05,6.792365640503582e-05,6.792365640503582e-05,,
Single,GFE,L-BFGS-B,alpha_factor,1.0,objective_n_m,1,1,0,-0.059043675484404375,-0.059043675484404375,-0.059043675484404375,-0.059043675484404375,-0.059043675484404375,,
Single,GFE,L-BFGS-B,alpha_factor,1.0,surrogate_residual_n,1,1,0,1.5011683491172181e-06,1.5011683491172181e-06,1.5011683491172181e-06,1.5011683491172181e-06,1.5011683491172181e-06,,
Single,GFE,L-BFGS-B,alpha_factor,1.0,command_cosine_to_fixed_GFE,1,1,0,1.0,1.0,1.0,1.0,1.0,,
Single,GFE,L-BFGS-B,alpha_factor,1.0,field_cosine_to_fixed_GFE,1,1,0,0.9999999999999993,0.9999999999999993,0.9999999999999993,0.9999999999999993,0.9999999999999993,,
Single,GFE,L-BFGS-B,alpha_factor,1.0,worst_displacement_a,1,1,0,0.04485379743237087,0.04485379743237087,0.04485379743237087,0.04485379743237087,0.04485379743237087,,
Single,GFE,L-BFGS-B,alpha_factor,1.0,minimum_stiffness_n_m,1,1,0,0.002253320813798247,0.002253320813798247,0.002253320813798247,0.002253320813798247,0.002253320813798247,,
Single,GFE,L-BFGS-B,alpha_factor,1.0,common_nominal_loss_std_n_m,1,0,1,,,,,,,
Single,GFE,L-BFGS-B,alpha_factor,3.0,solve_wall_s,1,1,0,0.004873199999565259,0.004873199999565259,0.004873199999565259,0.004873199999565259,0.004873199999565259,,
Single,GFE,L-BFGS-B,alpha_factor,3.0,iterations,1,1,0,40.0,40.0,40.0,40.0,40.0,,
Single,GFE,L-BFGS-B,alpha_factor,3.0,evaluations,1,1,0,47.0,47.0,47.0,47.0,47.0,,
Single,GFE,L-BFGS-B,alpha_factor,3.0,terminal_gradient_l2,1,1,0,1.254302113821853e-08,1.254302113821853e-08,1.254302113821853e-08,1.254302113821853e-08,1.254302113821853e-08,,
Single,GFE,L-BFGS-B,alpha_factor,3.0,terminal_gradient_inf,1,1,0,3.860750094375266e-09,3.860750094375266e-09,3.860750094375266e-09,3.860750094375266e-09,3.860750094375266e-09,,
Single,GFE,L-BFGS-B,alpha_factor,3.0,relative_gradient_l2,1,1,0,2.753839486624195e-05,2.753839486624195e-05,2.753839486624195e-05,2.753839486624195e-05,2.753839486624195e-05,,
Single,GFE,L-BFGS-B,alpha_factor,3.0,objective_n_m,1,1,0,-0.05901439328813805,-0.05901439328813805,-0.05901439328813805,-0.05901439328813805,-0.05901439328813805,,
Single,GFE,L-BFGS-B,alpha_factor,3.0,surrogate_residual_n,1,1,0,1.4270487040696932e-06,1.4270487040696932e-06,1.4270487040696932e-06,1.4270487040696932e-06,1.4270487040696932e-06,,
Single,GFE,L-BFGS-B,alpha_factor,3.0,command_cosine_to_fixed_GFE,1,1,0,0.9999930073246273,0.9999930073246273,0.9999930073246273,0.9999930073246273,0.9999930073246273,,
Single,GFE,L-BFGS-B,alpha_factor,3.0,field_cosine_to_fixed_GFE,1,1,0,0.9999959012082467,0.9999959012082467,0.9999959012082467,0.9999959012082467,0.9999959012082467,,
Single,GFE,L-BFGS-B,alpha_factor,3.0,worst_displacement_a,1,1,0,0.0035407118419123894,0.0035407118419123894,0.0035407118419123894,0.0035407118419123894,0.0035407118419123894,,
Single,GFE,L-BFGS-B,alpha_factor,3.0,minimum_stiffness_n_m,1,1,0,0.0022440329555923908,0.0022440329555923908,0.0022440329555923908,0.0022440329555923908,0.0022440329555923908,,
Single,GFE,L-BFGS-B,alpha_factor,3.0,common_nominal_loss_std_n_m,1,0,1,,,,,,,
Single,GFE,L-BFGS-B,alpha_factor,10.0,solve_wall_s,1,1,0,0.00515369999629911,0.00515369999629911,0.00515369999629911,0.00515369999629911,0.00515369999629911,,
Single,GFE,L-BFGS-B,alpha_factor,10.0,iterations,1,1,0,41.0,41.0,41.0,41.0,41.0,,
Single,GFE,L-BFGS-B,alpha_factor,10.0,evaluations,1,1,0,50.0,50.0,50.0,50.0,50.0,,
Single,GFE,L-BFGS-B,alpha_factor,10.0,terminal_gradient_l2,1,1,0,1.7614416304779053e-08,1.7614416304779053e-08,1.7614416304779053e-08,1.7614416304779053e-08,1.7614416304779053e-08,,
Single,GFE,L-BFGS-B,alpha_factor,10.0,terminal_gradient_inf,1,1,0,7.318678711799505e-09,7.318678711799505e-09,7.318678711799505e-09,7.318678711799505e-09,7.318678711799505e-09,,
Single,GFE,L-BFGS-B,alpha_factor,10.0,relative_gradient_l2,1,1,0,3.890201505786423e-05,3.890201505786423e-05,3.890201505786423e-05,3.890201505786423e-05,3.890201505786423e-05,,
Single,GFE,L-BFGS-B,alpha_factor,10.0,objective_n_m,1,1,0,-0.05892357733395897,-0.05892357733395897,-0.05892357733395897,-0.05892357733395897,-0.05892357733395897,,
Single,GFE,L-BFGS-B,alpha_factor,10.0,surrogate_residual_n,1,1,0,1.1677696414063185e-06,1.1677696414063185e-06,1.1677696414063185e-06,1.1677696414063185e-06,1.1677696414063185e-06,,
Single,GFE,L-BFGS-B,alpha_factor,10.0,command_cosine_to_fixed_GFE,1,1,0,0.9998585117965821,0.9998585117965821,0.9998585117965821,0.9998585117965821,0.9998585117965821,,
Single,GFE,L-BFGS-B,alpha_factor,10.0,field_cosine_to_fixed_GFE,1,1,0,0.9999172312307579,0.9999172312307579,0.9999172312307579,0.9999172312307579,0.9999172312307579,,
Single,GFE,L-BFGS-B,alpha_factor,10.0,worst_displacement_a,1,1,0,0.18948728098794482,0.18948728098794482,0.18948728098794482,0.18948728098794482,0.18948728098794482,,
Single,GFE,L-BFGS-B,alpha_factor,10.0,minimum_stiffness_n_m,1,1,0,0.0020697103207807203,0.0020697103207807203,0.0020697103207807203,0.0020697103207807203,0.0020697103207807203,,
Single,GFE,L-BFGS-B,alpha_factor,10.0,common_nominal_loss_std_n_m,1,0,1,,,,,,,
Single,GFE,L-BFGS-B,alpha_factor,30.0,solve_wall_s,1,1,0,0.010654199999407865,0.010654199999407865,0.010654199999407865,0.010654199999407865,0.010654199999407865,,
Single,GFE,L-BFGS-B,alpha_factor,30.0,iterations,1,1,0,84.0,84.0,84.0,84.0,84.0,,
Single,GFE,L-BFGS-B,alpha_factor,30.0,evaluations,1,1,0,98.0,98.0,98.0,98.0,98.0,,
Single,GFE,L-BFGS-B,alpha_factor,30.0,terminal_gradient_l2,1,1,0,2.455951735849683e-08,2.455951735849683e-08,2.455951735849683e-08,2.455951735849683e-08,2.455951735849683e-08,,
Single,GFE,L-BFGS-B,alpha_factor,30.0,terminal_gradient_inf,1,1,0,6.884502941343425e-09,6.884502941343425e-09,6.884502941343425e-09,6.884502941343425e-09,6.884502941343425e-09,,
Single,GFE,L-BFGS-B,alpha_factor,30.0,relative_gradient_l2,1,1,0,5.509796695885096e-05,5.509796695885096e-05,5.509796695885096e-05,5.509796695885096e-05,5.509796695885096e-05,,
Single,GFE,L-BFGS-B,alpha_factor,30.0,objective_n_m,1,1,0,-0.05876368567581506,-0.05876368567581506,-0.05876368567581506,-0.05876368567581506,-0.05876368567581506,,
Single,GFE,L-BFGS-B,alpha_factor,30.0,surrogate_residual_n,1,1,0,4.335474758355181e-07,4.335474758355181e-07,4.335474758355181e-07,4.335474758355181e-07,4.335474758355181e-07,,
Single,GFE,L-BFGS-B,alpha_factor,30.0,command_cosine_to_fixed_GFE,1,1,0,0.9985467380078876,0.9985467380078876,0.9985467380078876,0.9985467380078876,0.9985467380078876,,
Single,GFE,L-BFGS-B,alpha_factor,30.0,field_cosine_to_fixed_GFE,1,1,0,0.9991543724378222,0.9991543724378222,0.9991543724378222,0.9991543724378222,0.9991543724378222,,
Single,GFE,L-BFGS-B,alpha_factor,30.0,worst_displacement_a,1,1,0,0.7107243021719083,0.7107243021719083,0.7107243021719083,0.7107243021719083,0.7107243021719083,,
Single,GFE,L-BFGS-B,alpha_factor,30.0,minimum_stiffness_n_m,1,1,0,0.002229299703743982,0.002229299703743982,0.002229299703743982,0.002229299703743982,0.002229299703743982,,
Single,GFE,L-BFGS-B,alpha_factor,30.0,common_nominal_loss_std_n_m,1,0,1,,,,,,,
Single,GFE,L-BFGS-B,alpha_factor,100.0,solve_wall_s,1,1,0,0.043696900000213645,0.043696900000213645,0.043696900000213645,0.043696900000213645,0.043696900000213645,,
Single,GFE,L-BFGS-B,alpha_factor,100.0,iterations,1,1,0,281.0,281.0,281.0,281.0,281.0,,
Single,GFE,L-BFGS-B,alpha_factor,100.0,evaluations,1,1,0,486.0,486.0,486.0,486.0,486.0,,
Single,GFE,L-BFGS-B,alpha_factor,100.0,terminal_gradient_l2,1,1,0,0.005731681414417832,0.005731681414417832,0.005731681414417832,0.005731681414417832,0.005731681414417832,,
Single,GFE,L-BFGS-B,alpha_factor,100.0,terminal_gradient_inf,1,1,0,0.0007076440901685918,0.0007076440901685918,0.0007076440901685918,0.0007076440901685918,0.0007076440901685918,,
Single,GFE,L-BFGS-B,alpha_factor,100.0,relative_gradient_l2,1,1,0,13.364376031959752,13.364376031959752,13.364376031959752,13.364376031959752,13.364376031959752,,
Single,GFE,L-BFGS-B,alpha_factor,100.0,objective_n_m,1,1,0,-0.058620157628626185,-0.058620157628626185,-0.058620157628626185,-0.058620157628626185,-0.058620157628626185,,
Single,GFE,L-BFGS-B,alpha_factor,100.0,surrogate_residual_n,1,1,0,3.080286330193031e-19,3.080286330193031e-19,3.080286330193031e-19,3.080286330193031e-19,3.080286330193031e-19,,
Single,GFE,L-BFGS-B,alpha_factor,100.0,command_cosine_to_fixed_GFE,1,1,0,0.9954471293270691,0.9954471293270691,0.9954471293270691,0.9954471293270691,0.9954471293270691,,
Single,GFE,L-BFGS-B,alpha_factor,100.0,field_cosine_to_fixed_GFE,1,1,0,0.9980688726466579,0.9980688726466579,0.9980688726466579,0.9980688726466579,0.9980688726466579,,
Single,GFE,L-BFGS-B,alpha_factor,100.0,worst_displacement_a,1,1,0,1.00604548086481,1.00604548086481,1.00604548086481,1.00604548086481,1.00604548086481,,
Single,GFE,L-BFGS-B,alpha_factor,100.0,minimum_stiffness_n_m,1,1,0,0.002123383300806962,0.002123383300806962,0.002123383300806962,0.002123383300806962,0.002123383300806962,,
Single,GFE,L-BFGS-B,alpha_factor,100.0,common_nominal_loss_std_n_m,1,0,1,,,,,,,
Single,GFE,L-BFGS-B,axial_ratio_factor,0.1,solve_wall_s,1,1,0,0.004322399996453896,0.004322399996453896,0.004322399996453896,0.004322399996453896,0.004322399996453896,,
Single,GFE,L-BFGS-B,axial_ratio_factor,0.1,iterations,1,1,0,34.0,34.0,34.0,34.0,34.0,,
Single,GFE,L-BFGS-B,axial_ratio_factor,0.1,evaluations,1,1,0,40.0,40.0,40.0,40.0,40.0,,
Single,GFE,L-BFGS-B,axial_ratio_factor,0.1,terminal_gradient_l2,1,1,0,1.865201778065123e-08,1.865201778065123e-08,1.865201778065123e-08,1.865201778065123e-08,1.865201778065123e-08,,
Single,GFE,L-BFGS-B,axial_ratio_factor,0.1,terminal_gradient_inf,1,1,0,7.0746846472092564e-09,7.0746846472092564e-09,7.0746846472092564e-09,7.0746846472092564e-09,7.0746846472092564e-09,,
Single,GFE,L-BFGS-B,axial_ratio_factor,0.1,relative_gradient_l2,1,1,0,2.9808161709165274e-05,2.9808161709165274e-05,2.9808161709165274e-05,2.9808161709165274e-05,2.9808161709165274e-05,,
Single,GFE,L-BFGS-B,axial_ratio_factor,0.1,objective_n_m,1,1,0,-0.0815776424850523,-0.0815776424850523,-0.0815776424850523,-0.0815776424850523,-0.0815776424850523,,
Single,GFE,L-BFGS-B,axial_ratio_factor,0.1,surrogate_residual_n,1,1,0,1.7204042828850562e-06,1.7204042828850562e-06,1.7204042828850562e-06,1.7204042828850562e-06,1.7204042828850562e-06,,
Single,GFE,L-BFGS-B,axial_ratio_factor,0.1,command_cosine_to_fixed_GFE,1,1,0,0.9998554698084182,0.9998554698084182,0.9998554698084182,0.9998554698084182,0.9998554698084182,,
Single,GFE,L-BFGS-B,axial_ratio_factor,0.1,field_cosine_to_fixed_GFE,1,1,0,0.9999411152635043,0.9999411152635043,0.9999411152635043,0.9999411152635043,0.9999411152635043,,
Single,GFE,L-BFGS-B,axial_ratio_factor,0.1,worst_displacement_a,1,1,0,0.1979188461776837,0.1979188461776837,0.1979188461776837,0.1979188461776837,0.1979188461776837,,
Single,GFE,L-BFGS-B,axial_ratio_factor,0.1,minimum_stiffness_n_m,1,1,0,0.0021394086264959,0.0021394086264959,0.0021394086264959,0.0021394086264959,0.0021394086264959,,
Single,GFE,L-BFGS-B,axial_ratio_factor,0.1,common_nominal_loss_std_n_m,1,0,1,,,,,,,
Single,GFE,L-BFGS-B,axial_ratio_factor,0.3,solve_wall_s,1,1,0,0.004761399992275983,0.004761399992275983,0.004761399992275983,0.004761399992275983,0.004761399992275983,,
Single,GFE,L-BFGS-B,axial_ratio_factor,0.3,iterations,1,1,0,35.0,35.0,35.0,35.0,35.0,,
Single,GFE,L-BFGS-B,axial_ratio_factor,0.3,evaluations,1,1,0,43.0,43.0,43.0,43.0,43.0,,
Single,GFE,L-BFGS-B,axial_ratio_factor,0.3,terminal_gradient_l2,1,1,0,9.167147583631328e-09,9.167147583631328e-09,9.167147583631328e-09,9.167147583631328e-09,9.167147583631328e-09,,
Single,GFE,L-BFGS-B,axial_ratio_factor,0.3,terminal_gradient_inf,1,1,0,3.833432329834606e-09,3.833432329834606e-09,3.833432329834606e-09,3.833432329834606e-09,3.833432329834606e-09,,
Single,GFE,L-BFGS-B,axial_ratio_factor,0.3,relative_gradient_l2,1,1,0,1.5975505674242312e-05,1.5975505674242312e-05,1.5975505674242312e-05,1.5975505674242312e-05,1.5975505674242312e-05,,
Single,GFE,L-BFGS-B,axial_ratio_factor,0.3,objective_n_m,1,1,0,-0.07504294457926071,-0.07504294457926071,-0.07504294457926071,-0.07504294457926071,-0.07504294457926071,,
Single,GFE,L-BFGS-B,axial_ratio_factor,0.3,surrogate_residual_n,1,1,0,1.6661897927795084e-06,1.6661897927795084e-06,1.6661897927795084e-06,1.6661897927795084e-06,1.6661897927795084e-06,,
Single,GFE,L-BFGS-B,axial_ratio_factor,0.3,command_cosine_to_fixed_GFE,1,1,0,0.9999173540655324,0.9999173540655324,0.9999173540655324,0.9999173540655324,0.9999173540655324,,
Single,GFE,L-BFGS-B,axial_ratio_factor,0.3,field_cosine_to_fixed_GFE,1,1,0,0.9999667494079344,0.9999667494079344,0.9999667494079344,0.9999667494079344,0.9999667494079344,,
Single,GFE,L-BFGS-B,axial_ratio_factor,0.3,worst_displacement_a,1,1,0,0.15702834236068886,0.15702834236068886,0.15702834236068886,0.15702834236068886,0.15702834236068886,,
Single,GFE,L-BFGS-B,axial_ratio_factor,0.3,minimum_stiffness_n_m,1,1,0,0.0021970530468474387,0.0021970530468474387,0.0021970530468474387,0.0021970530468474387,0.0021970530468474387,,
Single,GFE,L-BFGS-B,axial_ratio_factor,0.3,common_nominal_loss_std_n_m,1,0,1,,,,,,,
Single,GFE,L-BFGS-B,axial_ratio_factor,0.5,solve_wall_s,1,1,0,0.004474300003494136,0.004474300003494136,0.004474300003494136,0.004474300003494136,0.004474300003494136,,
Single,GFE,L-BFGS-B,axial_ratio_factor,0.5,iterations,1,1,0,38.0,38.0,38.0,38.0,38.0,,
Single,GFE,L-BFGS-B,axial_ratio_factor,0.5,evaluations,1,1,0,46.0,46.0,46.0,46.0,46.0,,
Single,GFE,L-BFGS-B,axial_ratio_factor,0.5,terminal_gradient_l2,1,1,0,1.3953914121697839e-08,1.3953914121697839e-08,1.3953914121697839e-08,1.3953914121697839e-08,1.3953914121697839e-08,,
Single,GFE,L-BFGS-B,axial_ratio_factor,0.5,terminal_gradient_inf,1,1,0,6.930996873028018e-09,6.930996873028018e-09,6.930996873028018e-09,6.930996873028018e-09,6.930996873028018e-09,,
Single,GFE,L-BFGS-B,axial_ratio_factor,0.5,relative_gradient_l2,1,1,0,2.6243184851256615e-05,2.6243184851256615e-05,2.6243184851256615e-05,2.6243184851256615e-05,2.6243184851256615e-05,,
Single,GFE,L-BFGS-B,axial_ratio_factor,0.5,objective_n_m,1,1,0,-0.0695555285655558,-0.0695555285655558,-0.0695555285655558,-0.0695555285655558,-0.0695555285655558,,
Single,GFE,L-BFGS-B,axial_ratio_factor,0.5,surrogate_residual_n,1,1,0,1.6153892097527835e-06,1.6153892097527835e-06,1.6153892097527835e-06,1.6153892097527835e-06,1.6153892097527835e-06,,
Single,GFE,L-BFGS-B,axial_ratio_factor,0.5,command_cosine_to_fixed_GFE,1,1,0,0.9999600145041616,0.9999600145041616,0.9999600145041616,0.9999600145041616,0.9999600145041616,,
Single,GFE,L-BFGS-B,axial_ratio_factor,0.5,field_cosine_to_fixed_GFE,1,1,0,0.9999841188127557,0.9999841188127557,0.9999841188127557,0.9999841188127557,0.9999841188127557,,
Single,GFE,L-BFGS-B,axial_ratio_factor,0.5,worst_displacement_a,1,1,0,0.11901129444509664,0.11901129444509664,0.11901129444509664,0.11901129444509664,0.11901129444509664,,
Single,GFE,L-BFGS-B,axial_ratio_factor,0.5,minimum_stiffness_n_m,1,1,0,0.002202739568527794,0.002202739568527794,0.002202739568527794,0.002202739568527794,0.002202739568527794,,
Single,GFE,L-BFGS-B,axial_ratio_factor,0.5,common_nominal_loss_std_n_m,1,0,1,,,,,,,
Single,GFE,L-BFGS-B,axial_ratio_factor,1.0,solve_wall_s,1,1,0,0.005151399993337691,0.005151399993337691,0.005151399993337691,0.005151399993337691,0.005151399993337691,,
Single,GFE,L-BFGS-B,axial_ratio_factor,1.0,iterations,1,1,0,37.0,37.0,37.0,37.0,37.0,,
Single,GFE,L-BFGS-B,axial_ratio_factor,1.0,evaluations,1,1,0,44.0,44.0,44.0,44.0,44.0,,
Single,GFE,L-BFGS-B,axial_ratio_factor,1.0,terminal_gradient_l2,1,1,0,3.0990934113049095e-08,3.0990934113049095e-08,3.0990934113049095e-08,3.0990934113049095e-08,3.0990934113049095e-08,,
Single,GFE,L-BFGS-B,axial_ratio_factor,1.0,terminal_gradient_inf,1,1,0,6.320541914298822e-09,6.320541914298822e-09,6.320541914298822e-09,6.320541914298822e-09,6.320541914298822e-09,,
Single,GFE,L-BFGS-B,axial_ratio_factor,1.0,relative_gradient_l2,1,1,0,6.792365640503582e-05,6.792365640503582e-05,6.792365640503582e-05,6.792365640503582e-05,6.792365640503582e-05,,
Single,GFE,L-BFGS-B,axial_ratio_factor,1.0,objective_n_m,1,1,0,-0.059043675484404375,-0.059043675484404375,-0.059043675484404375,-0.059043675484404375,-0.059043675484404375,,
Single,GFE,L-BFGS-B,axial_ratio_factor,1.0,surrogate_residual_n,1,1,0,1.5011683491172181e-06,1.5011683491172181e-06,1.5011683491172181e-06,1.5011683491172181e-06,1.5011683491172181e-06,,
Single,GFE,L-BFGS-B,axial_ratio_factor,1.0,command_cosine_to_fixed_GFE,1,1,0,1.0,1.0,1.0,1.0,1.0,,
Single,GFE,L-BFGS-B,axial_ratio_factor,1.0,field_cosine_to_fixed_GFE,1,1,0,0.9999999999999993,0.9999999999999993,0.9999999999999993,0.9999999999999993,0.9999999999999993,,
Single,GFE,L-BFGS-B,axial_ratio_factor,1.0,worst_displacement_a,1,1,0,0.04485379743237087,0.04485379743237087,0.04485379743237087,0.04485379743237087,0.04485379743237087,,
Single,GFE,L-BFGS-B,axial_ratio_factor,1.0,minimum_stiffness_n_m,1,1,0,0.002253320813798247,0.002253320813798247,0.002253320813798247,0.002253320813798247,0.002253320813798247,,
Single,GFE,L-BFGS-B,axial_ratio_factor,1.0,common_nominal_loss_std_n_m,1,0,1,,,,,,,
Single,GFE,L-BFGS-B,axial_ratio_factor,2.0,solve_wall_s,1,1,0,0.0041086999990511686,0.0041086999990511686,0.0041086999990511686,0.0041086999990511686,0.0041086999990511686,,
Single,GFE,L-BFGS-B,axial_ratio_factor,2.0,iterations,1,1,0,36.0,36.0,36.0,36.0,36.0,,
Single,GFE,L-BFGS-B,axial_ratio_factor,2.0,evaluations,1,1,0,43.0,43.0,43.0,43.0,43.0,,
Single,GFE,L-BFGS-B,axial_ratio_factor,2.0,terminal_gradient_l2,1,1,0,1.7511959741419382e-08,1.7511959741419382e-08,1.7511959741419382e-08,1.7511959741419382e-08,1.7511959741419382e-08,,
Single,GFE,L-BFGS-B,axial_ratio_factor,2.0,terminal_gradient_inf,1,1,0,5.2413402251637355e-09,5.2413402251637355e-09,5.2413402251637355e-09,5.2413402251637355e-09,5.2413402251637355e-09,,
Single,GFE,L-BFGS-B,axial_ratio_factor,2.0,relative_gradient_l2,1,1,0,4.645173621826823e-05,4.645173621826823e-05,4.645173621826823e-05,4.645173621826823e-05,4.645173621826823e-05,,
Single,GFE,L-BFGS-B,axial_ratio_factor,2.0,objective_n_m,1,1,0,-0.04591936078878318,-0.04591936078878318,-0.04591936078878318,-0.04591936078878318,-0.04591936078878318,,
Single,GFE,L-BFGS-B,axial_ratio_factor,2.0,surrogate_residual_n,1,1,0,1.3150819176290093e-06,1.3150819176290093e-06,1.3150819176290093e-06,1.3150819176290093e-06,1.3150819176290093e-06,,
Single,GFE,L-BFGS-B,axial_ratio_factor,2.0,command_cosine_to_fixed_GFE,1,1,0,0.9998847901322298,0.9998847901322298,0.9998847901322298,0.9998847901322298,0.9998847901322298,,
Single,GFE,L-BFGS-B,axial_ratio_factor,2.0,field_cosine_to_fixed_GFE,1,1,0,0.9999586152501291,0.9999586152501291,0.9999586152501291,0.9999586152501291,0.9999586152501291,,
Single,GFE,L-BFGS-B,axial_ratio_factor,2.0,worst_displacement_a,1,1,0,0.07941410048026644,0.07941410048026644,0.07941410048026644,0.07941410048026644,0.07941410048026644,,
Single,GFE,L-BFGS-B,axial_ratio_factor,2.0,minimum_stiffness_n_m,1,1,0,0.0021361044691949804,0.0021361044691949804,0.0021361044691949804,0.0021361044691949804,0.0021361044691949804,,
Single,GFE,L-BFGS-B,axial_ratio_factor,2.0,common_nominal_loss_std_n_m,1,0,1,,,,,,,
Single,GFE,L-BFGS-B,axial_ratio_factor,3.0,solve_wall_s,1,1,0,0.004234299995005131,0.004234299995005131,0.004234299995005131,0.004234299995005131,0.004234299995005131,,
Single,GFE,L-BFGS-B,axial_ratio_factor,3.0,iterations,1,1,0,38.0,38.0,38.0,38.0,38.0,,
Single,GFE,L-BFGS-B,axial_ratio_factor,3.0,evaluations,1,1,0,44.0,44.0,44.0,44.0,44.0,,
Single,GFE,L-BFGS-B,axial_ratio_factor,3.0,terminal_gradient_l2,1,1,0,2.487061186937402e-08,2.487061186937402e-08,2.487061186937402e-08,2.487061186937402e-08,2.487061186937402e-08,,
Single,GFE,L-BFGS-B,axial_ratio_factor,3.0,terminal_gradient_inf,1,1,0,8.100493057723884e-09,8.100493057723884e-09,8.100493057723884e-09,8.100493057723884e-09,8.100493057723884e-09,,
Single,GFE,L-BFGS-B,axial_ratio_factor,3.0,relative_gradient_l2,1,1,0,7.272113804642699e-05,7.272113804642699e-05,7.272113804642699e-05,7.272113804642699e-05,7.272113804642699e-05,,
Single,GFE,L-BFGS-B,axial_ratio_factor,3.0,objective_n_m,1,1,0,-0.03805822469632815,-0.03805822469632815,-0.03805822469632815,-0.03805822469632815,-0.03805822469632815,,
Single,GFE,L-BFGS-B,axial_ratio_factor,3.0,surrogate_residual_n,1,1,0,1.168994498619759e-06,1.168994498619759e-06,1.168994498619759e-06,1.168994498619759e-06,1.168994498619759e-06,,
Single,GFE,L-BFGS-B,axial_ratio_factor,3.0,command_cosine_to_fixed_GFE,1,1,0,0.9996106769122838,0.9996106769122838,0.9996106769122838,0.9996106769122838,0.9996106769122838,,
Single,GFE,L-BFGS-B,axial_ratio_factor,3.0,field_cosine_to_fixed_GFE,1,1,0,0.9998692285340028,0.9998692285340028,0.9998692285340028,0.9998692285340028,0.9998692285340028,,
Single,GFE,L-BFGS-B,axial_ratio_factor,3.0,worst_displacement_a,1,1,0,0.18398953238186136,0.18398953238186136,0.18398953238186136,0.18398953238186136,0.18398953238186136,,
Single,GFE,L-BFGS-B,axial_ratio_factor,3.0,minimum_stiffness_n_m,1,1,0,0.0020574768114693456,0.0020574768114693456,0.0020574768114693456,0.0020574768114693456,0.0020574768114693456,,
Single,GFE,L-BFGS-B,axial_ratio_factor,3.0,common_nominal_loss_std_n_m,1,0,1,,,,,,,
Single,GFE,L-BFGS-B,axial_ratio_factor,10.0,solve_wall_s,1,1,0,0.005395199987106025,0.005395199987106025,0.005395199987106025,0.005395199987106025,0.005395199987106025,,
Single,GFE,L-BFGS-B,axial_ratio_factor,10.0,iterations,1,1,0,39.0,39.0,39.0,39.0,39.0,,
Single,GFE,L-BFGS-B,axial_ratio_factor,10.0,evaluations,1,1,0,51.0,51.0,51.0,51.0,51.0,,
Single,GFE,L-BFGS-B,axial_ratio_factor,10.0,terminal_gradient_l2,1,1,0,1.0162159226592771e-08,1.0162159226592771e-08,1.0162159226592771e-08,1.0162159226592771e-08,1.0162159226592771e-08,,
Single,GFE,L-BFGS-B,axial_ratio_factor,10.0,terminal_gradient_inf,1,1,0,4.164586965414744e-09,4.164586965414744e-09,4.164586965414744e-09,4.164586965414744e-09,4.164586965414744e-09,,
Single,GFE,L-BFGS-B,axial_ratio_factor,10.0,relative_gradient_l2,1,1,0,3.2061069718646414e-05,3.2061069718646414e-05,3.2061069718646414e-05,3.2061069718646414e-05,3.2061069718646414e-05,,
Single,GFE,L-BFGS-B,axial_ratio_factor,10.0,objective_n_m,1,1,0,-0.019813738867224734,-0.019813738867224734,-0.019813738867224734,-0.019813738867224734,-0.019813738867224734,,
Single,GFE,L-BFGS-B,axial_ratio_factor,10.0,surrogate_residual_n,1,1,0,6.363567404687141e-07,6.363567404687141e-07,6.363567404687141e-07,6.363567404687141e-07,6.363567404687141e-07,,
Single,GFE,L-BFGS-B,axial_ratio_factor,10.0,command_cosine_to_fixed_GFE,1,1,0,0.9961896785369669,0.9961896785369669,0.9961896785369669,0.9961896785369669,0.9961896785369669,,
Single,GFE,L-BFGS-B,axial_ratio_factor,10.0,field_cosine_to_fixed_GFE,1,1,0,0.9991297590827046,0.9991297590827046,0.9991297590827046,0.9991297590827046,0.9991297590827046,,
Single,GFE,L-BFGS-B,axial_ratio_factor,10.0,worst_displacement_a,1,1,0,0.547780349864944,0.547780349864944,0.547780349864944,0.547780349864944,0.547780349864944,,
Single,GFE,L-BFGS-B,axial_ratio_factor,10.0,minimum_stiffness_n_m,1,1,0,0.00211618453825138,0.00211618453825138,0.00211618453825138,0.00211618453825138,0.00211618453825138,,
Single,GFE,L-BFGS-B,axial_ratio_factor,10.0,common_nominal_loss_std_n_m,1,0,1,,,,,,,
Single,GFE,L-BFGS-B,gtol,1e-10,solve_wall_s,1,1,0,0.0052294000051915646,0.0052294000051915646,0.0052294000051915646,0.0052294000051915646,0.0052294000051915646,,
Single,GFE,L-BFGS-B,gtol,1e-10,iterations,1,1,0,43.0,43.0,43.0,43.0,43.0,,
Single,GFE,L-BFGS-B,gtol,1e-10,evaluations,1,1,0,51.0,51.0,51.0,51.0,51.0,,
Single,GFE,L-BFGS-B,gtol,1e-10,terminal_gradient_l2,1,1,0,1.801636587585684e-10,1.801636587585684e-10,1.801636587585684e-10,1.801636587585684e-10,1.801636587585684e-10,,
Single,GFE,L-BFGS-B,gtol,1e-10,terminal_gradient_inf,1,1,0,3.974399422145845e-11,3.974399422145845e-11,3.974399422145845e-11,3.974399422145845e-11,3.974399422145845e-11,,
Single,GFE,L-BFGS-B,gtol,1e-10,relative_gradient_l2,1,1,0,3.948694934315785e-07,3.948694934315785e-07,3.948694934315785e-07,3.948694934315785e-07,3.948694934315785e-07,,
Single,GFE,L-BFGS-B,gtol,1e-10,objective_n_m,1,1,0,-0.0590436754852442,-0.0590436754852442,-0.0590436754852442,-0.0590436754852442,-0.0590436754852442,,
Single,GFE,L-BFGS-B,gtol,1e-10,surrogate_residual_n,1,1,0,1.5011694654916088e-06,1.5011694654916088e-06,1.5011694654916088e-06,1.5011694654916088e-06,1.5011694654916088e-06,,
Single,GFE,L-BFGS-B,gtol,1e-10,command_cosine_to_fixed_GFE,1,1,0,0.999999999988635,0.999999999988635,0.999999999988635,0.999999999988635,0.999999999988635,,
Single,GFE,L-BFGS-B,gtol,1e-10,field_cosine_to_fixed_GFE,1,1,0,0.9999999999965073,0.9999999999965073,0.9999999999965073,0.9999999999965073,0.9999999999965073,,
Single,GFE,L-BFGS-B,gtol,1e-10,worst_displacement_a,1,1,0,0.044855513000864745,0.044855513000864745,0.044855513000864745,0.044855513000864745,0.044855513000864745,,
Single,GFE,L-BFGS-B,gtol,1e-10,minimum_stiffness_n_m,1,1,0,0.002253312306297029,0.002253312306297029,0.002253312306297029,0.002253312306297029,0.002253312306297029,,
Single,GFE,L-BFGS-B,gtol,1e-10,common_nominal_loss_std_n_m,1,0,1,,,,,,,
Single,GFE,L-BFGS-B,gtol,1e-09,solve_wall_s,1,1,0,0.005562099991948344,0.005562099991948344,0.005562099991948344,0.005562099991948344,0.005562099991948344,,
Single,GFE,L-BFGS-B,gtol,1e-09,iterations,1,1,0,40.0,40.0,40.0,40.0,40.0,,
Single,GFE,L-BFGS-B,gtol,1e-09,evaluations,1,1,0,47.0,47.0,47.0,47.0,47.0,,
Single,GFE,L-BFGS-B,gtol,1e-09,terminal_gradient_l2,1,1,0,1.1567994556270806e-09,1.1567994556270806e-09,1.1567994556270806e-09,1.1567994556270806e-09,1.1567994556270806e-09,,
Single,GFE,L-BFGS-B,gtol,1e-09,terminal_gradient_inf,1,1,0,8.654979901112316e-10,8.654979901112316e-10,8.654979901112316e-10,8.654979901112316e-10,8.654979901112316e-10,,
Single,GFE,L-BFGS-B,gtol,1e-09,relative_gradient_l2,1,1,0,2.5353882031087853e-06,2.5353882031087853e-06,2.5353882031087853e-06,2.5353882031087853e-06,2.5353882031087853e-06,,
Single,GFE,L-BFGS-B,gtol,1e-09,objective_n_m,1,1,0,-0.0590436754852406,-0.0590436754852406,-0.0590436754852406,-0.0590436754852406,-0.0590436754852406,,
Single,GFE,L-BFGS-B,gtol,1e-09,surrogate_residual_n,1,1,0,1.5011686286603554e-06,1.5011686286603554e-06,1.5011686286603554e-06,1.5011686286603554e-06,1.5011686286603554e-06,,
Single,GFE,L-BFGS-B,gtol,1e-09,command_cosine_to_fixed_GFE,1,1,0,0.9999999999891799,0.9999999999891799,0.9999999999891799,0.9999999999891799,0.9999999999891799,,
Single,GFE,L-BFGS-B,gtol,1e-09,field_cosine_to_fixed_GFE,1,1,0,0.9999999999966007,0.9999999999966007,0.9999999999966007,0.9999999999966007,0.9999999999966007,,
Single,GFE,L-BFGS-B,gtol,1e-09,worst_displacement_a,1,1,0,0.044854796321484806,0.044854796321484806,0.044854796321484806,0.044854796321484806,0.044854796321484806,,
Single,GFE,L-BFGS-B,gtol,1e-09,minimum_stiffness_n_m,1,1,0,0.002253315572166467,0.002253315572166467,0.002253315572166467,0.002253315572166467,0.002253315572166467,,
Single,GFE,L-BFGS-B,gtol,1e-09,common_nominal_loss_std_n_m,1,0,1,,,,,,,
Single,GFE,L-BFGS-B,gtol,1e-08,solve_wall_s,1,1,0,0.005151399993337691,0.005151399993337691,0.005151399993337691,0.005151399993337691,0.005151399993337691,,
Single,GFE,L-BFGS-B,gtol,1e-08,iterations,1,1,0,37.0,37.0,37.0,37.0,37.0,,
Single,GFE,L-BFGS-B,gtol,1e-08,evaluations,1,1,0,44.0,44.0,44.0,44.0,44.0,,
Single,GFE,L-BFGS-B,gtol,1e-08,terminal_gradient_l2,1,1,0,3.0990934113049095e-08,3.0990934113049095e-08,3.0990934113049095e-08,3.0990934113049095e-08,3.0990934113049095e-08,,
Single,GFE,L-BFGS-B,gtol,1e-08,terminal_gradient_inf,1,1,0,6.320541914298822e-09,6.320541914298822e-09,6.320541914298822e-09,6.320541914298822e-09,6.320541914298822e-09,,
Single,GFE,L-BFGS-B,gtol,1e-08,relative_gradient_l2,1,1,0,6.792365640503582e-05,6.792365640503582e-05,6.792365640503582e-05,6.792365640503582e-05,6.792365640503582e-05,,
Single,GFE,L-BFGS-B,gtol,1e-08,objective_n_m,1,1,0,-0.059043675484404375,-0.059043675484404375,-0.059043675484404375,-0.059043675484404375,-0.059043675484404375,,
Single,GFE,L-BFGS-B,gtol,1e-08,surrogate_residual_n,1,1,0,1.5011683491172181e-06,1.5011683491172181e-06,1.5011683491172181e-06,1.5011683491172181e-06,1.5011683491172181e-06,,
Single,GFE,L-BFGS-B,gtol,1e-08,command_cosine_to_fixed_GFE,1,1,0,1.0,1.0,1.0,1.0,1.0,,
Single,GFE,L-BFGS-B,gtol,1e-08,field_cosine_to_fixed_GFE,1,1,0,0.9999999999999993,0.9999999999999993,0.9999999999999993,0.9999999999999993,0.9999999999999993,,
Single,GFE,L-BFGS-B,gtol,1e-08,worst_displacement_a,1,1,0,0.04485379743237087,0.04485379743237087,0.04485379743237087,0.04485379743237087,0.04485379743237087,,
Single,GFE,L-BFGS-B,gtol,1e-08,minimum_stiffness_n_m,1,1,0,0.002253320813798247,0.002253320813798247,0.002253320813798247,0.002253320813798247,0.002253320813798247,,
Single,GFE,L-BFGS-B,gtol,1e-08,common_nominal_loss_std_n_m,1,0,1,,,,,,,
Single,GFE,L-BFGS-B,gtol,1e-07,solve_wall_s,1,1,0,0.006246299992199056,0.006246299992199056,0.006246299992199056,0.006246299992199056,0.006246299992199056,,
Single,GFE,L-BFGS-B,gtol,1e-07,iterations,1,1,0,36.0,36.0,36.0,36.0,36.0,,
Single,GFE,L-BFGS-B,gtol,1e-07,evaluations,1,1,0,43.0,43.0,43.0,43.0,43.0,,
Single,GFE,L-BFGS-B,gtol,1e-07,terminal_gradient_l2,1,1,0,9.954044732516155e-08,9.954044732516155e-08,9.954044732516155e-08,9.954044732516155e-08,9.954044732516155e-08,,
Single,GFE,L-BFGS-B,gtol,1e-07,terminal_gradient_inf,1,1,0,6.393205002153424e-08,6.393205002153424e-08,6.393205002153424e-08,6.393205002153424e-08,6.393205002153424e-08,,
Single,GFE,L-BFGS-B,gtol,1e-07,relative_gradient_l2,1,1,0,0.00021816545180130525,0.00021816545180130525,0.00021816545180130525,0.00021816545180130525,0.00021816545180130525,,
Single,GFE,L-BFGS-B,gtol,1e-07,objective_n_m,1,1,0,-0.05904367546219989,-0.05904367546219989,-0.05904367546219989,-0.05904367546219989,-0.05904367546219989,,
Single,GFE,L-BFGS-B,gtol,1e-07,surrogate_residual_n,1,1,0,1.5011399576230704e-06,1.5011399576230704e-06,1.5011399576230704e-06,1.5011399576230704e-06,1.5011399576230704e-06,,
Single,GFE,L-BFGS-B,gtol,1e-07,command_cosine_to_fixed_GFE,1,1,0,0.9999999995946888,0.9999999995946888,0.9999999995946888,0.9999999995946888,0.9999999995946888,,
Single,GFE,L-BFGS-B,gtol,1e-07,field_cosine_to_fixed_GFE,1,1,0,0.9999999998939362,0.9999999998939362,0.9999999998939362,0.9999999998939362,0.9999999998939362,,
Single,GFE,L-BFGS-B,gtol,1e-07,worst_displacement_a,1,1,0,0.04482779505410162,0.04482779505410162,0.04482779505410162,0.04482779505410162,0.04482779505410162,,
Single,GFE,L-BFGS-B,gtol,1e-07,minimum_stiffness_n_m,1,1,0,0.002253440721121542,0.002253440721121542,0.002253440721121542,0.002253440721121542,0.002253440721121542,,
Single,GFE,L-BFGS-B,gtol,1e-07,common_nominal_loss_std_n_m,1,0,1,,,,,,,
Single,GFE,L-BFGS-B,gtol,1e-06,solve_wall_s,1,1,0,0.003182200001901947,0.003182200001901947,0.003182200001901947,0.003182200001901947,0.003182200001901947,,
Single,GFE,L-BFGS-B,gtol,1e-06,iterations,1,1,0,23.0,23.0,23.0,23.0,23.0,,
Single,GFE,L-BFGS-B,gtol,1e-06,evaluations,1,1,0,30.0,30.0,30.0,30.0,30.0,,
Single,GFE,L-BFGS-B,gtol,1e-06,terminal_gradient_l2,1,1,0,2.994968776521879e-06,2.994968776521879e-06,2.994968776521879e-06,2.994968776521879e-06,2.994968776521879e-06,,
Single,GFE,L-BFGS-B,gtol,1e-06,terminal_gradient_inf,1,1,0,6.784135057281112e-07,6.784135057281112e-07,6.784135057281112e-07,6.784135057281112e-07,6.784135057281112e-07,,
Single,GFE,L-BFGS-B,gtol,1e-06,relative_gradient_l2,1,1,0,0.006564152902852526,0.006564152902852526,0.006564152902852526,0.006564152902852526,0.006564152902852526,,
Single,GFE,L-BFGS-B,gtol,1e-06,objective_n_m,1,1,0,-0.059042738358535615,-0.059042738358535615,-0.059042738358535615,-0.059042738358535615,-0.059042738358535615,,
Single,GFE,L-BFGS-B,gtol,1e-06,surrogate_residual_n,1,1,0,1.5057454610416485e-06,1.5057454610416485e-06,1.5057454610416485e-06,1.5057454610416485e-06,1.5057454610416485e-06,,
Single,GFE,L-BFGS-B,gtol,1e-06,command_cosine_to_fixed_GFE,1,1,0,0.999989517542653,0.999989517542653,0.999989517542653,0.999989517542653,0.999989517542653,,
Single,GFE,L-BFGS-B,gtol,1e-06,field_cosine_to_fixed_GFE,1,1,0,0.9999997298343478,0.9999997298343478,0.9999997298343478,0.9999997298343478,0.9999997298343478,,
Single,GFE,L-BFGS-B,gtol,1e-06,worst_displacement_a,1,1,0,0.0482154903032866,0.0482154903032866,0.0482154903032866,0.0482154903032866,0.0482154903032866,,
Single,GFE,L-BFGS-B,gtol,1e-06,minimum_stiffness_n_m,1,1,0,0.002241309338899895,0.002241309338899895,0.002241309338899895,0.002241309338899895,0.002241309338899895,,
Single,GFE,L-BFGS-B,gtol,1e-06,common_nominal_loss_std_n_m,1,0,1,,,,,,,
Single,GFE,L-BFGS-B,stencil_factor,0.25,solve_wall_s,1,1,0,0.005357200003345497,0.005357200003345497,0.005357200003345497,0.005357200003345497,0.005357200003345497,,
Single,GFE,L-BFGS-B,stencil_factor,0.25,iterations,1,1,0,35.0,35.0,35.0,35.0,35.0,,
Single,GFE,L-BFGS-B,stencil_factor,0.25,evaluations,1,1,0,46.0,46.0,46.0,46.0,46.0,,
Single,GFE,L-BFGS-B,stencil_factor,0.25,terminal_gradient_l2,1,1,0,1.4678158049899771e-08,1.4678158049899771e-08,1.4678158049899771e-08,1.4678158049899771e-08,1.4678158049899771e-08,,
Single,GFE,L-BFGS-B,stencil_factor,0.25,terminal_gradient_inf,1,1,0,6.978841542625186e-09,6.978841542625186e-09,6.978841542625186e-09,6.978841542625186e-09,6.978841542625186e-09,,
Single,GFE,L-BFGS-B,stencil_factor,0.25,relative_gradient_l2,1,1,0,3.229169946124201e-05,3.229169946124201e-05,3.229169946124201e-05,3.229169946124201e-05,3.229169946124201e-05,,
Single,GFE,L-BFGS-B,stencil_factor,0.25,objective_n_m,1,1,0,-0.06720764484473651,-0.06720764484473651,-0.06720764484473651,-0.06720764484473651,-0.06720764484473651,,
Single,GFE,L-BFGS-B,stencil_factor,0.25,surrogate_residual_n,1,1,0,1.9285722721263462e-06,1.9285722721263462e-06,1.9285722721263462e-06,1.9285722721263462e-06,1.9285722721263462e-06,,
Single,GFE,L-BFGS-B,stencil_factor,0.25,command_cosine_to_fixed_GFE,1,1,0,0.9858639373703248,0.9858639373703248,0.9858639373703248,0.9858639373703248,0.9858639373703248,,
Single,GFE,L-BFGS-B,stencil_factor,0.25,field_cosine_to_fixed_GFE,1,1,0,0.9998375693556419,0.9998375693556419,0.9998375693556419,0.9998375693556419,0.9998375693556419,,
Single,GFE,L-BFGS-B,stencil_factor,0.25,worst_displacement_a,1,1,0,0.08427872702535837,0.08427872702535837,0.08427872702535837,0.08427872702535837,0.08427872702535837,,
Single,GFE,L-BFGS-B,stencil_factor,0.25,minimum_stiffness_n_m,1,1,0,0.0021676637610812213,0.0021676637610812213,0.0021676637610812213,0.0021676637610812213,0.0021676637610812213,,
Single,GFE,L-BFGS-B,stencil_factor,0.25,common_nominal_loss_std_n_m,1,0,1,,,,,,,
Single,GFE,L-BFGS-B,stencil_factor,0.5,solve_wall_s,1,1,0,0.004782499992870726,0.004782499992870726,0.004782499992870726,0.004782499992870726,0.004782499992870726,,
Single,GFE,L-BFGS-B,stencil_factor,0.5,iterations,1,1,0,33.0,33.0,33.0,33.0,33.0,,
Single,GFE,L-BFGS-B,stencil_factor,0.5,evaluations,1,1,0,43.0,43.0,43.0,43.0,43.0,,
Single,GFE,L-BFGS-B,stencil_factor,0.5,terminal_gradient_l2,1,1,0,1.4208074069088207e-08,1.4208074069088207e-08,1.4208074069088207e-08,1.4208074069088207e-08,1.4208074069088207e-08,,
Single,GFE,L-BFGS-B,stencil_factor,0.5,terminal_gradient_inf,1,1,0,8.188246086076333e-09,8.188246086076333e-09,8.188246086076333e-09,8.188246086076333e-09,8.188246086076333e-09,,
Single,GFE,L-BFGS-B,stencil_factor,0.5,relative_gradient_l2,1,1,0,3.266269233678553e-05,3.266269233678553e-05,3.266269233678553e-05,3.266269233678553e-05,3.266269233678553e-05,,
Single,GFE,L-BFGS-B,stencil_factor,0.5,objective_n_m,1,1,0,-0.061664236467562056,-0.061664236467562056,-0.061664236467562056,-0.061664236467562056,-0.061664236467562056,,
Single,GFE,L-BFGS-B,stencil_factor,0.5,surrogate_residual_n,1,1,0,1.5184591429544422e-06,1.5184591429544422e-06,1.5184591429544422e-06,1.5184591429544422e-06,1.5184591429544422e-06,,
Single,GFE,L-BFGS-B,stencil_factor,0.5,command_cosine_to_fixed_GFE,1,1,0,0.9949291938998194,0.9949291938998194,0.9949291938998194,0.9949291938998194,0.9949291938998194,,
Single,GFE,L-BFGS-B,stencil_factor,0.5,field_cosine_to_fixed_GFE,1,1,0,0.9998621823746737,0.9998621823746737,0.9998621823746737,0.9998621823746737,0.9998621823746737,,
Single,GFE,L-BFGS-B,stencil_factor,0.5,worst_displacement_a,1,1,0,0.03865260160352598,0.03865260160352598,0.03865260160352598,0.03865260160352598,0.03865260160352598,,
Single,GFE,L-BFGS-B,stencil_factor,0.5,minimum_stiffness_n_m,1,1,0,0.0021478775488583818,0.0021478775488583818,0.0021478775488583818,0.0021478775488583818,0.0021478775488583818,,
Single,GFE,L-BFGS-B,stencil_factor,0.5,common_nominal_loss_std_n_m,1,0,1,,,,,,,
Single,GFE,L-BFGS-B,stencil_factor,0.75,solve_wall_s,1,1,0,0.004716700001154095,0.004716700001154095,0.004716700001154095,0.004716700001154095,0.004716700001154095,,
Single,GFE,L-BFGS-B,stencil_factor,0.75,iterations,1,1,0,38.0,38.0,38.0,38.0,38.0,,
Single,GFE,L-BFGS-B,stencil_factor,0.75,evaluations,1,1,0,49.0,49.0,49.0,49.0,49.0,,
Single,GFE,L-BFGS-B,stencil_factor,0.75,terminal_gradient_l2,1,1,0,7.385534984465031e-09,7.385534984465031e-09,7.385534984465031e-09,7.385534984465031e-09,7.385534984465031e-09,,
Single,GFE,L-BFGS-B,stencil_factor,0.75,terminal_gradient_inf,1,1,0,2.6516546493559757e-09,2.6516546493559757e-09,2.6516546493559757e-09,2.6516546493559757e-09,2.6516546493559757e-09,,
Single,GFE,L-BFGS-B,stencil_factor,0.75,relative_gradient_l2,1,1,0,1.6612810579852642e-05,1.6612810579852642e-05,1.6612810579852642e-05,1.6612810579852642e-05,1.6612810579852642e-05,,
Single,GFE,L-BFGS-B,stencil_factor,0.75,objective_n_m,1,1,0,-0.06042409186523783,-0.06042409186523783,-0.06042409186523783,-0.06042409186523783,-0.06042409186523783,,
Single,GFE,L-BFGS-B,stencil_factor,0.75,surrogate_residual_n,1,1,0,1.3066747622086266e-06,1.3066747622086266e-06,1.3066747622086266e-06,1.3066747622086266e-06,1.3066747622086266e-06,,
Single,GFE,L-BFGS-B,stencil_factor,0.75,command_cosine_to_fixed_GFE,1,1,0,0.9991983298418863,0.9991983298418863,0.9991983298418863,0.9991983298418863,0.9991983298418863,,
Single,GFE,L-BFGS-B,stencil_factor,0.75,field_cosine_to_fixed_GFE,1,1,0,0.9998266810965482,0.9998266810965482,0.9998266810965482,0.9998266810965482,0.9998266810965482,,
Single,GFE,L-BFGS-B,stencil_factor,0.75,worst_displacement_a,1,1,0,0.1401222550412351,0.1401222550412351,0.1401222550412351,0.1401222550412351,0.1401222550412351,,
Single,GFE,L-BFGS-B,stencil_factor,0.75,minimum_stiffness_n_m,1,1,0,0.002053235421282486,0.002053235421282486,0.002053235421282486,0.002053235421282486,0.002053235421282486,,
Single,GFE,L-BFGS-B,stencil_factor,0.75,common_nominal_loss_std_n_m,1,0,1,,,,,,,
Single,GFE,L-BFGS-B,stencil_factor,1.0,solve_wall_s,1,1,0,0.005151399993337691,0.005151399993337691,0.005151399993337691,0.005151399993337691,0.005151399993337691,,
Single,GFE,L-BFGS-B,stencil_factor,1.0,iterations,1,1,0,37.0,37.0,37.0,37.0,37.0,,
Single,GFE,L-BFGS-B,stencil_factor,1.0,evaluations,1,1,0,44.0,44.0,44.0,44.0,44.0,,
Single,GFE,L-BFGS-B,stencil_factor,1.0,terminal_gradient_l2,1,1,0,3.0990934113049095e-08,3.0990934113049095e-08,3.0990934113049095e-08,3.0990934113049095e-08,3.0990934113049095e-08,,
Single,GFE,L-BFGS-B,stencil_factor,1.0,terminal_gradient_inf,1,1,0,6.320541914298822e-09,6.320541914298822e-09,6.320541914298822e-09,6.320541914298822e-09,6.320541914298822e-09,,
Single,GFE,L-BFGS-B,stencil_factor,1.0,relative_gradient_l2,1,1,0,6.792365640503582e-05,6.792365640503582e-05,6.792365640503582e-05,6.792365640503582e-05,6.792365640503582e-05,,
Single,GFE,L-BFGS-B,stencil_factor,1.0,objective_n_m,1,1,0,-0.059043675484404375,-0.059043675484404375,-0.059043675484404375,-0.059043675484404375,-0.059043675484404375,,
Single,GFE,L-BFGS-B,stencil_factor,1.0,surrogate_residual_n,1,1,0,1.5011683491172181e-06,1.5011683491172181e-06,1.5011683491172181e-06,1.5011683491172181e-06,1.5011683491172181e-06,,
Single,GFE,L-BFGS-B,stencil_factor,1.0,command_cosine_to_fixed_GFE,1,1,0,1.0,1.0,1.0,1.0,1.0,,
Single,GFE,L-BFGS-B,stencil_factor,1.0,field_cosine_to_fixed_GFE,1,1,0,0.9999999999999993,0.9999999999999993,0.9999999999999993,0.9999999999999993,0.9999999999999993,,
Single,GFE,L-BFGS-B,stencil_factor,1.0,worst_displacement_a,1,1,0,0.04485379743237087,0.04485379743237087,0.04485379743237087,0.04485379743237087,0.04485379743237087,,
Single,GFE,L-BFGS-B,stencil_factor,1.0,minimum_stiffness_n_m,1,1,0,0.002253320813798247,0.002253320813798247,0.002253320813798247,0.002253320813798247,0.002253320813798247,,
Single,GFE,L-BFGS-B,stencil_factor,1.0,common_nominal_loss_std_n_m,1,0,1,,,,,,,
Single,GFE,L-BFGS-B,stencil_factor,1.5,solve_wall_s,1,1,0,0.004090499991434626,0.004090499991434626,0.004090499991434626,0.004090499991434626,0.004090499991434626,,
Single,GFE,L-BFGS-B,stencil_factor,1.5,iterations,1,1,0,34.0,34.0,34.0,34.0,34.0,,
Single,GFE,L-BFGS-B,stencil_factor,1.5,evaluations,1,1,0,39.0,39.0,39.0,39.0,39.0,,
Single,GFE,L-BFGS-B,stencil_factor,1.5,terminal_gradient_l2,1,1,0,1.4397472504801578e-08,1.4397472504801578e-08,1.4397472504801578e-08,1.4397472504801578e-08,1.4397472504801578e-08,,
Single,GFE,L-BFGS-B,stencil_factor,1.5,terminal_gradient_inf,1,1,0,9.077461560215583e-09,9.077461560215583e-09,9.077461560215583e-09,9.077461560215583e-09,9.077461560215583e-09,,
Single,GFE,L-BFGS-B,stencil_factor,1.5,relative_gradient_l2,1,1,0,3.137682019478587e-05,3.137682019478587e-05,3.137682019478587e-05,3.137682019478587e-05,3.137682019478587e-05,,
Single,GFE,L-BFGS-B,stencil_factor,1.5,objective_n_m,1,1,0,-0.056242914946212606,-0.056242914946212606,-0.056242914946212606,-0.056242914946212606,-0.056242914946212606,,
Single,GFE,L-BFGS-B,stencil_factor,1.5,surrogate_residual_n,1,1,0,1.691014431200616e-06,1.691014431200616e-06,1.691014431200616e-06,1.691014431200616e-06,1.691014431200616e-06,,
Single,GFE,L-BFGS-B,stencil_factor,1.5,command_cosine_to_fixed_GFE,1,1,0,0.9985707006005015,0.9985707006005015,0.9985707006005015,0.9985707006005015,0.9985707006005015,,
Single,GFE,L-BFGS-B,stencil_factor,1.5,field_cosine_to_fixed_GFE,1,1,0,0.9998494122545539,0.9998494122545539,0.9998494122545539,0.9998494122545539,0.9998494122545539,,
Single,GFE,L-BFGS-B,stencil_factor,1.5,worst_displacement_a,1,1,0,0.19015082971136404,0.19015082971136404,0.19015082971136404,0.19015082971136404,0.19015082971136404,,
Single,GFE,L-BFGS-B,stencil_factor,1.5,minimum_stiffness_n_m,1,1,0,0.0021678475293157302,0.0021678475293157302,0.0021678475293157302,0.0021678475293157302,0.0021678475293157302,,
Single,GFE,L-BFGS-B,stencil_factor,1.5,common_nominal_loss_std_n_m,1,0,1,,,,,,,
Single,GFE,L-BFGS-B,stencil_factor,2.0,solve_wall_s,1,1,0,0.003859999997075647,0.003859999997075647,0.003859999997075647,0.003859999997075647,0.003859999997075647,,
Single,GFE,L-BFGS-B,stencil_factor,2.0,iterations,1,1,0,30.0,30.0,30.0,30.0,30.0,,
Single,GFE,L-BFGS-B,stencil_factor,2.0,evaluations,1,1,0,33.0,33.0,33.0,33.0,33.0,,
Single,GFE,L-BFGS-B,stencil_factor,2.0,terminal_gradient_l2,1,1,0,4.984240340933101e-08,4.984240340933101e-08,4.984240340933101e-08,4.984240340933101e-08,4.984240340933101e-08,,
Single,GFE,L-BFGS-B,stencil_factor,2.0,terminal_gradient_inf,1,1,0,8.834434420121821e-09,8.834434420121821e-09,8.834434420121821e-09,8.834434420121821e-09,8.834434420121821e-09,,
Single,GFE,L-BFGS-B,stencil_factor,2.0,relative_gradient_l2,1,1,0,0.00011060968966845011,0.00011060968966845011,0.00011060968966845011,0.00011060968966845011,0.00011060968966845011,,
Single,GFE,L-BFGS-B,stencil_factor,2.0,objective_n_m,1,1,0,-0.05252921314923023,-0.05252921314923023,-0.05252921314923023,-0.05252921314923023,-0.05252921314923023,,
Single,GFE,L-BFGS-B,stencil_factor,2.0,surrogate_residual_n,1,1,0,1.6587157349328776e-06,1.6587157349328776e-06,1.6587157349328776e-06,1.6587157349328776e-06,1.6587157349328776e-06,,
Single,GFE,L-BFGS-B,stencil_factor,2.0,command_cosine_to_fixed_GFE,1,1,0,0.9981617484060032,0.9981617484060032,0.9981617484060032,0.9981617484060032,0.9981617484060032,,
Single,GFE,L-BFGS-B,stencil_factor,2.0,field_cosine_to_fixed_GFE,1,1,0,0.9998350841594961,0.9998350841594961,0.9998350841594961,0.9998350841594961,0.9998350841594961,,
Single,GFE,L-BFGS-B,stencil_factor,2.0,worst_displacement_a,1,1,0,0.1645534440356052,0.1645534440356052,0.1645534440356052,0.1645534440356052,0.1645534440356052,,
Single,GFE,L-BFGS-B,stencil_factor,2.0,minimum_stiffness_n_m,1,1,0,0.002256678539813418,0.002256678539813418,0.002256678539813418,0.002256678539813418,0.002256678539813418,,
Single,GFE,L-BFGS-B,stencil_factor,2.0,common_nominal_loss_std_n_m,1,0,1,,,,,,,
Single,GFE,L-BFGS-B,transverse_ratio_factor,0.1,solve_wall_s,1,1,0,0.007257899997057393,0.007257899997057393,0.007257899997057393,0.007257899997057393,0.007257899997057393,,
Single,GFE,L-BFGS-B,transverse_ratio_factor,0.1,iterations,1,1,0,60.0,60.0,60.0,60.0,60.0,,
Single,GFE,L-BFGS-B,transverse_ratio_factor,0.1,evaluations,1,1,0,69.0,69.0,69.0,69.0,69.0,,
Single,GFE,L-BFGS-B,transverse_ratio_factor,0.1,terminal_gradient_l2,1,1,0,2.0875652464763513e-08,2.0875652464763513e-08,2.0875652464763513e-08,2.0875652464763513e-08,2.0875652464763513e-08,,
Single,GFE,L-BFGS-B,transverse_ratio_factor,0.1,terminal_gradient_inf,1,1,0,6.886132835134845e-09,6.886132835134845e-09,6.886132835134845e-09,6.886132835134845e-09,6.886132835134845e-09,,
Single,GFE,L-BFGS-B,transverse_ratio_factor,0.1,relative_gradient_l2,1,1,0,5.450067112658673e-05,5.450067112658673e-05,5.450067112658673e-05,5.450067112658673e-05,5.450067112658673e-05,,
Single,GFE,L-BFGS-B,transverse_ratio_factor,0.1,objective_n_m,1,1,0,-0.05264213977062725,-0.05264213977062725,-0.05264213977062725,-0.05264213977062725,-0.05264213977062725,,
Single,GFE,L-BFGS-B,transverse_ratio_factor,0.1,surrogate_residual_n,1,1,0,1.5170814330775397e-06,1.5170814330775397e-06,1.5170814330775397e-06,1.5170814330775397e-06,1.5170814330775397e-06,,
Single,GFE,L-BFGS-B,transverse_ratio_factor,0.1,command_cosine_to_fixed_GFE,1,1,0,0.8033231934758895,0.8033231934758895,0.8033231934758895,0.8033231934758895,0.8033231934758895,,
Single,GFE,L-BFGS-B,transverse_ratio_factor,0.1,field_cosine_to_fixed_GFE,1,1,0,0.8439449337475747,0.8439449337475747,0.8439449337475747,0.8439449337475747,0.8439449337475747,,
Single,GFE,L-BFGS-B,transverse_ratio_factor,0.1,worst_displacement_a,1,1,0,0.22641871056879412,0.22641871056879412,0.22641871056879412,0.22641871056879412,0.22641871056879412,,
Single,GFE,L-BFGS-B,transverse_ratio_factor,0.1,minimum_stiffness_n_m,1,1,0,0.0018354002966957657,0.0018354002966957657,0.0018354002966957657,0.0018354002966957657,0.0018354002966957657,,
Single,GFE,L-BFGS-B,transverse_ratio_factor,0.1,common_nominal_loss_std_n_m,1,0,1,,,,,,,
Single,GFE,L-BFGS-B,transverse_ratio_factor,0.3,solve_wall_s,1,1,0,0.004307300012442283,0.004307300012442283,0.004307300012442283,0.004307300012442283,0.004307300012442283,,
Single,GFE,L-BFGS-B,transverse_ratio_factor,0.3,iterations,1,1,0,41.0,41.0,41.0,41.0,41.0,,
Single,GFE,L-BFGS-B,transverse_ratio_factor,0.3,evaluations,1,1,0,47.0,47.0,47.0,47.0,47.0,,
Single,GFE,L-BFGS-B,transverse_ratio_factor,0.3,terminal_gradient_l2,1,1,0,6.253879936643772e-09,6.253879936643772e-09,6.253879936643772e-09,6.253879936643772e-09,6.253879936643772e-09,,
Single,GFE,L-BFGS-B,transverse_ratio_factor,0.3,terminal_gradient_inf,1,1,0,3.463990374228879e-09,3.463990374228879e-09,3.463990374228879e-09,3.463990374228879e-09,3.463990374228879e-09,,
Single,GFE,L-BFGS-B,transverse_ratio_factor,0.3,relative_gradient_l2,1,1,0,1.5733723873905153e-05,1.5733723873905153e-05,1.5733723873905153e-05,1.5733723873905153e-05,1.5733723873905153e-05,,
Single,GFE,L-BFGS-B,transverse_ratio_factor,0.3,objective_n_m,1,1,0,-0.053292614682883314,-0.053292614682883314,-0.053292614682883314,-0.053292614682883314,-0.053292614682883314,,
Single,GFE,L-BFGS-B,transverse_ratio_factor,0.3,surrogate_residual_n,1,1,0,1.4658627621695394e-06,1.4658627621695394e-06,1.4658627621695394e-06,1.4658627621695394e-06,1.4658627621695394e-06,,
Single,GFE,L-BFGS-B,transverse_ratio_factor,0.3,command_cosine_to_fixed_GFE,1,1,0,0.9349745763066782,0.9349745763066782,0.9349745763066782,0.9349745763066782,0.9349745763066782,,
Single,GFE,L-BFGS-B,transverse_ratio_factor,0.3,field_cosine_to_fixed_GFE,1,1,0,0.9527060056580652,0.9527060056580652,0.9527060056580652,0.9527060056580652,0.9527060056580652,,
Single,GFE,L-BFGS-B,transverse_ratio_factor,0.3,worst_displacement_a,1,1,0,0.08062605682217548,0.08062605682217548,0.08062605682217548,0.08062605682217548,0.08062605682217548,,
Single,GFE,L-BFGS-B,transverse_ratio_factor,0.3,minimum_stiffness_n_m,1,1,0,0.0021093161953471135,0.0021093161953471135,0.0021093161953471135,0.0021093161953471135,0.0021093161953471135,,
Single,GFE,L-BFGS-B,transverse_ratio_factor,0.3,common_nominal_loss_std_n_m,1,0,1,,,,,,,
Single,GFE,L-BFGS-B,transverse_ratio_factor,0.5,solve_wall_s,1,1,0,0.0058148000098299235,0.0058148000098299235,0.0058148000098299235,0.0058148000098299235,0.0058148000098299235,,
Single,GFE,L-BFGS-B,transverse_ratio_factor,0.5,iterations,1,1,0,40.0,40.0,40.0,40.0,40.0,,
Single,GFE,L-BFGS-B,transverse_ratio_factor,0.5,evaluations,1,1,0,44.0,44.0,44.0,44.0,44.0,,
Single,GFE,L-BFGS-B,transverse_ratio_factor,0.5,terminal_gradient_l2,1,1,0,7.809626231966456e-09,7.809626231966456e-09,7.809626231966456e-09,7.809626231966456e-09,7.809626231966456e-09,,
Single,GFE,L-BFGS-B,transverse_ratio_factor,0.5,terminal_gradient_inf,1,1,0,4.21272378418277e-09,4.21272378418277e-09,4.21272378418277e-09,4.21272378418277e-09,4.21272378418277e-09,,
Single,GFE,L-BFGS-B,transverse_ratio_factor,0.5,relative_gradient_l2,1,1,0,1.8853222687859215e-05,1.8853222687859215e-05,1.8853222687859215e-05,1.8853222687859215e-05,1.8853222687859215e-05,,
Single,GFE,L-BFGS-B,transverse_ratio_factor,0.5,objective_n_m,1,1,0,-0.05470041136599335,-0.05470041136599335,-0.05470041136599335,-0.05470041136599335,-0.05470041136599335,,
Single,GFE,L-BFGS-B,transverse_ratio_factor,0.5,surrogate_residual_n,1,1,0,1.4598522268260868e-06,1.4598522268260868e-06,1.4598522268260868e-06,1.4598522268260868e-06,1.4598522268260868e-06,,
Single,GFE,L-BFGS-B,transverse_ratio_factor,0.5,command_cosine_to_fixed_GFE,1,1,0,0.9767427656053687,0.9767427656053687,0.9767427656053687,0.9767427656053687,0.9767427656053687,,
Single,GFE,L-BFGS-B,transverse_ratio_factor,0.5,field_cosine_to_fixed_GFE,1,1,0,0.9832535543000326,0.9832535543000326,0.9832535543000326,0.9832535543000326,0.9832535543000326,,
Single,GFE,L-BFGS-B,transverse_ratio_factor,0.5,worst_displacement_a,1,1,0,0.038137317834929324,0.038137317834929324,0.038137317834929324,0.038137317834929324,0.038137317834929324,,
Single,GFE,L-BFGS-B,transverse_ratio_factor,0.5,minimum_stiffness_n_m,1,1,0,0.0022196653300744235,0.0022196653300744235,0.0022196653300744235,0.0022196653300744235,0.0022196653300744235,,
Single,GFE,L-BFGS-B,transverse_ratio_factor,0.5,common_nominal_loss_std_n_m,1,0,1,,,,,,,
Single,GFE,L-BFGS-B,transverse_ratio_factor,1.0,solve_wall_s,1,1,0,0.005151399993337691,0.005151399993337691,0.005151399993337691,0.005151399993337691,0.005151399993337691,,
Single,GFE,L-BFGS-B,transverse_ratio_factor,1.0,iterations,1,1,0,37.0,37.0,37.0,37.0,37.0,,
Single,GFE,L-BFGS-B,transverse_ratio_factor,1.0,evaluations,1,1,0,44.0,44.0,44.0,44.0,44.0,,
Single,GFE,L-BFGS-B,transverse_ratio_factor,1.0,terminal_gradient_l2,1,1,0,3.0990934113049095e-08,3.0990934113049095e-08,3.0990934113049095e-08,3.0990934113049095e-08,3.0990934113049095e-08,,
Single,GFE,L-BFGS-B,transverse_ratio_factor,1.0,terminal_gradient_inf,1,1,0,6.320541914298822e-09,6.320541914298822e-09,6.320541914298822e-09,6.320541914298822e-09,6.320541914298822e-09,,
Single,GFE,L-BFGS-B,transverse_ratio_factor,1.0,relative_gradient_l2,1,1,0,6.792365640503582e-05,6.792365640503582e-05,6.792365640503582e-05,6.792365640503582e-05,6.792365640503582e-05,,
Single,GFE,L-BFGS-B,transverse_ratio_factor,1.0,objective_n_m,1,1,0,-0.059043675484404375,-0.059043675484404375,-0.059043675484404375,-0.059043675484404375,-0.059043675484404375,,
Single,GFE,L-BFGS-B,transverse_ratio_factor,1.0,surrogate_residual_n,1,1,0,1.5011683491172181e-06,1.5011683491172181e-06,1.5011683491172181e-06,1.5011683491172181e-06,1.5011683491172181e-06,,
Single,GFE,L-BFGS-B,transverse_ratio_factor,1.0,command_cosine_to_fixed_GFE,1,1,0,1.0,1.0,1.0,1.0,1.0,,
Single,GFE,L-BFGS-B,transverse_ratio_factor,1.0,field_cosine_to_fixed_GFE,1,1,0,0.9999999999999993,0.9999999999999993,0.9999999999999993,0.9999999999999993,0.9999999999999993,,
Single,GFE,L-BFGS-B,transverse_ratio_factor,1.0,worst_displacement_a,1,1,0,0.04485379743237087,0.04485379743237087,0.04485379743237087,0.04485379743237087,0.04485379743237087,,
Single,GFE,L-BFGS-B,transverse_ratio_factor,1.0,minimum_stiffness_n_m,1,1,0,0.002253320813798247,0.002253320813798247,0.002253320813798247,0.002253320813798247,0.002253320813798247,,
Single,GFE,L-BFGS-B,transverse_ratio_factor,1.0,common_nominal_loss_std_n_m,1,0,1,,,,,,,
Single,GFE,L-BFGS-B,transverse_ratio_factor,2.0,solve_wall_s,1,1,0,0.004818299988983199,0.004818299988983199,0.004818299988983199,0.004818299988983199,0.004818299988983199,,
Single,GFE,L-BFGS-B,transverse_ratio_factor,2.0,iterations,1,1,0,38.0,38.0,38.0,38.0,38.0,,
Single,GFE,L-BFGS-B,transverse_ratio_factor,2.0,evaluations,1,1,0,46.0,46.0,46.0,46.0,46.0,,
Single,GFE,L-BFGS-B,transverse_ratio_factor,2.0,terminal_gradient_l2,1,1,0,1.3056522263417243e-08,1.3056522263417243e-08,1.3056522263417243e-08,1.3056522263417243e-08,1.3056522263417243e-08,,
Single,GFE,L-BFGS-B,transverse_ratio_factor,2.0,terminal_gradient_inf,1,1,0,6.110011792111596e-09,6.110011792111596e-09,6.110011792111596e-09,6.110011792111596e-09,6.110011792111596e-09,,
Single,GFE,L-BFGS-B,transverse_ratio_factor,2.0,relative_gradient_l2,1,1,0,2.497243019420018e-05,2.497243019420018e-05,2.497243019420018e-05,2.497243019420018e-05,2.497243019420018e-05,,
Single,GFE,L-BFGS-B,transverse_ratio_factor,2.0,objective_n_m,1,1,0,-0.06678425977853618,-0.06678425977853618,-0.06678425977853618,-0.06678425977853618,-0.06678425977853618,,
Single,GFE,L-BFGS-B,transverse_ratio_factor,2.0,surrogate_residual_n,1,1,0,1.6010273077953333e-06,1.6010273077953333e-06,1.6010273077953333e-06,1.6010273077953333e-06,1.6010273077953333e-06,,
Single,GFE,L-BFGS-B,transverse_ratio_factor,2.0,command_cosine_to_fixed_GFE,1,1,0,0.9751416498182826,0.9751416498182826,0.9751416498182826,0.9751416498182826,0.9751416498182826,,
Single,GFE,L-BFGS-B,transverse_ratio_factor,2.0,field_cosine_to_fixed_GFE,1,1,0,0.9820735914530251,0.9820735914530251,0.9820735914530251,0.9820735914530251,0.9820735914530251,,
Single,GFE,L-BFGS-B,transverse_ratio_factor,2.0,worst_displacement_a,1,1,0,0.1357655606628861,0.1357655606628861,0.1357655606628861,0.1357655606628861,0.1357655606628861,,
Single,GFE,L-BFGS-B,transverse_ratio_factor,2.0,minimum_stiffness_n_m,1,1,0,0.00212775686434045,0.00212775686434045,0.00212775686434045,0.00212775686434045,0.00212775686434045,,
Single,GFE,L-BFGS-B,transverse_ratio_factor,2.0,common_nominal_loss_std_n_m,1,0,1,,,,,,,
Single,GFE,L-BFGS-B,transverse_ratio_factor,3.0,solve_wall_s,1,1,0,0.004416299998410977,0.004416299998410977,0.004416299998410977,0.004416299998410977,0.004416299998410977,,
Single,GFE,L-BFGS-B,transverse_ratio_factor,3.0,iterations,1,1,0,34.0,34.0,34.0,34.0,34.0,,
Single,GFE,L-BFGS-B,transverse_ratio_factor,3.0,evaluations,1,1,0,40.0,40.0,40.0,40.0,40.0,,
Single,GFE,L-BFGS-B,transverse_ratio_factor,3.0,terminal_gradient_l2,1,1,0,1.753040430422353e-08,1.753040430422353e-08,1.753040430422353e-08,1.753040430422353e-08,1.753040430422353e-08,,
Single,GFE,L-BFGS-B,transverse_ratio_factor,3.0,terminal_gradient_inf,1,1,0,7.765199440047092e-09,7.765199440047092e-09,7.765199440047092e-09,7.765199440047092e-09,7.765199440047092e-09,,
Single,GFE,L-BFGS-B,transverse_ratio_factor,3.0,relative_gradient_l2,1,1,0,3.0852836307423936e-05,3.0852836307423936e-05,3.0852836307423936e-05,3.0852836307423936e-05,3.0852836307423936e-05,,
Single,GFE,L-BFGS-B,transverse_ratio_factor,3.0,objective_n_m,1,1,0,-0.07241913253785093,-0.07241913253785093,-0.07241913253785093,-0.07241913253785093,-0.07241913253785093,,
Single,GFE,L-BFGS-B,transverse_ratio_factor,3.0,surrogate_residual_n,1,1,0,1.6724109576096269e-06,1.6724109576096269e-06,1.6724109576096269e-06,1.6724109576096269e-06,1.6724109576096269e-06,,
Single,GFE,L-BFGS-B,transverse_ratio_factor,3.0,command_cosine_to_fixed_GFE,1,1,0,0.9385309604565812,0.9385309604565812,0.9385309604565812,0.9385309604565812,0.9385309604565812,,
Single,GFE,L-BFGS-B,transverse_ratio_factor,3.0,field_cosine_to_fixed_GFE,1,1,0,0.9551719448164405,0.9551719448164405,0.9551719448164405,0.9551719448164405,0.9551719448164405,,
Single,GFE,L-BFGS-B,transverse_ratio_factor,3.0,worst_displacement_a,1,1,0,0.22984124919295282,0.22984124919295282,0.22984124919295282,0.22984124919295282,0.22984124919295282,,
Single,GFE,L-BFGS-B,transverse_ratio_factor,3.0,minimum_stiffness_n_m,1,1,0,0.0020108407739337563,0.0020108407739337563,0.0020108407739337563,0.0020108407739337563,0.0020108407739337563,,
Single,GFE,L-BFGS-B,transverse_ratio_factor,3.0,common_nominal_loss_std_n_m,1,0,1,,,,,,,
Single,GFE,L-BFGS-B,transverse_ratio_factor,10.0,solve_wall_s,1,1,0,0.00867699999071192,0.00867699999071192,0.00867699999071192,0.00867699999071192,0.00867699999071192,,
Single,GFE,L-BFGS-B,transverse_ratio_factor,10.0,iterations,1,1,0,85.0,85.0,85.0,85.0,85.0,,
Single,GFE,L-BFGS-B,transverse_ratio_factor,10.0,evaluations,1,1,0,93.0,93.0,93.0,93.0,93.0,,
Single,GFE,L-BFGS-B,transverse_ratio_factor,10.0,terminal_gradient_l2,1,1,0,2.5856265793550372e-08,2.5856265793550372e-08,2.5856265793550372e-08,2.5856265793550372e-08,2.5856265793550372e-08,,
Single,GFE,L-BFGS-B,transverse_ratio_factor,10.0,terminal_gradient_inf,1,1,0,8.379079721002437e-09,8.379079721002437e-09,8.379079721002437e-09,8.379079721002437e-09,8.379079721002437e-09,,
Single,GFE,L-BFGS-B,transverse_ratio_factor,10.0,relative_gradient_l2,1,1,0,3.777268999994803e-05,3.777268999994803e-05,3.777268999994803e-05,3.777268999994803e-05,3.777268999994803e-05,,
Single,GFE,L-BFGS-B,transverse_ratio_factor,10.0,objective_n_m,1,1,0,-0.08800474758233197,-0.08800474758233197,-0.08800474758233197,-0.08800474758233197,-0.08800474758233197,,
Single,GFE,L-BFGS-B,transverse_ratio_factor,10.0,surrogate_residual_n,1,1,0,1.7854913252732756e-06,1.7854913252732756e-06,1.7854913252732756e-06,1.7854913252732756e-06,1.7854913252732756e-06,,
Single,GFE,L-BFGS-B,transverse_ratio_factor,10.0,command_cosine_to_fixed_GFE,1,1,0,0.6441576263019493,0.6441576263019493,0.6441576263019493,0.6441576263019493,0.6441576263019493,,
Single,GFE,L-BFGS-B,transverse_ratio_factor,10.0,field_cosine_to_fixed_GFE,1,1,0,0.6764975150781006,0.6764975150781006,0.6764975150781006,0.6764975150781006,0.6764975150781006,,
Single,GFE,L-BFGS-B,transverse_ratio_factor,10.0,worst_displacement_a,1,1,0,0.5072460565885875,0.5072460565885875,0.5072460565885875,0.5072460565885875,0.5072460565885875,,
Single,GFE,L-BFGS-B,transverse_ratio_factor,10.0,minimum_stiffness_n_m,1,1,0,0.0018373550188998577,0.0018373550188998577,0.0018373550188998577,0.0018373550188998577,0.0018373550188998577,,
Single,GFE,L-BFGS-B,transverse_ratio_factor,10.0,common_nominal_loss_std_n_m,1,0,1,,,,,,,
Triple,Conventional,BFGS,lambda_pressure_factor,0.0,solve_wall_s,1,1,0,9.36682280000241,9.36682280000241,9.36682280000241,9.36682280000241,9.36682280000241,,
Triple,Conventional,BFGS,lambda_pressure_factor,0.0,iterations,1,1,0,435.0,435.0,435.0,435.0,435.0,,
Triple,Conventional,BFGS,lambda_pressure_factor,0.0,evaluations,1,1,0,547.0,547.0,547.0,547.0,547.0,,
Triple,Conventional,BFGS,lambda_pressure_factor,0.0,terminal_gradient_l2,1,1,0,9.515813041674324e-07,9.515813041674324e-07,9.515813041674324e-07,9.515813041674324e-07,9.515813041674324e-07,,
Triple,Conventional,BFGS,lambda_pressure_factor,0.0,terminal_gradient_inf,1,1,0,2.3153620443486234e-07,2.3153620443486234e-07,2.3153620443486234e-07,2.3153620443486234e-07,2.3153620443486234e-07,,
Triple,Conventional,BFGS,lambda_pressure_factor,0.0,relative_gradient_l2,1,1,0,1.04050263212247e-06,1.04050263212247e-06,1.04050263212247e-06,1.04050263212247e-06,1.04050263212247e-06,,
Triple,Conventional,BFGS,lambda_pressure_factor,0.0,objective_n_m,1,1,0,-35.548251027119576,-35.548251027119576,-35.548251027119576,-35.548251027119576,-35.548251027119576,,
Triple,Conventional,BFGS,lambda_pressure_factor,0.0,surrogate_residual_n,1,1,0,6.28330936267154e-06,6.28330936267154e-06,6.28330936267154e-06,6.28330936267154e-06,6.28330936267154e-06,,
Triple,Conventional,BFGS,lambda_pressure_factor,0.0,command_cosine_to_fixed_GFE,1,1,0,0.8627005326513053,0.8627005326513053,0.8627005326513053,0.8627005326513053,0.8627005326513053,,
Triple,Conventional,BFGS,lambda_pressure_factor,0.0,field_cosine_to_fixed_GFE,1,1,0,0.9190257500157125,0.9190257500157125,0.9190257500157125,0.9190257500157125,0.9190257500157125,,
Triple,Conventional,BFGS,lambda_pressure_factor,0.0,worst_displacement_a,1,1,0,1.2545658971690337,1.2545658971690337,1.2545658971690337,1.2545658971690337,1.2545658971690337,,
Triple,Conventional,BFGS,lambda_pressure_factor,0.0,minimum_stiffness_n_m,1,1,0,0.0011506787789694478,0.0011506787789694478,0.0011506787789694478,0.0011506787789694478,0.0011506787789694478,,
Triple,Conventional,BFGS,lambda_pressure_factor,0.0,common_nominal_loss_std_n_m,1,1,0,0.00235120325233602,0.00235120325233602,0.00235120325233602,0.00235120325233602,0.00235120325233602,,
Triple,Conventional,BFGS,lambda_pressure_factor,0.01,solve_wall_s,1,1,0,150.2637548000057,150.2637548000057,150.2637548000057,150.2637548000057,150.2637548000057,,
Triple,Conventional,BFGS,lambda_pressure_factor,0.01,iterations,1,1,0,8190.0,8190.0,8190.0,8190.0,8190.0,,
Triple,Conventional,BFGS,lambda_pressure_factor,0.01,evaluations,1,1,0,8514.0,8514.0,8514.0,8514.0,8514.0,,
Triple,Conventional,BFGS,lambda_pressure_factor,0.01,terminal_gradient_l2,1,1,0,4.327554031639226,4.327554031639226,4.327554031639226,4.327554031639226,4.327554031639226,,
Triple,Conventional,BFGS,lambda_pressure_factor,0.01,terminal_gradient_inf,1,1,0,1.1603452349096952,1.1603452349096952,1.1603452349096952,1.1603452349096952,1.1603452349096952,,
Triple,Conventional,BFGS,lambda_pressure_factor,0.01,relative_gradient_l2,1,1,0,0.7545999448699109,0.7545999448699109,0.7545999448699109,0.7545999448699109,0.7545999448699109,,
Triple,Conventional,BFGS,lambda_pressure_factor,0.01,objective_n_m,1,1,0,-35.45161683913954,-35.45161683913954,-35.45161683913954,-35.45161683913954,-35.45161683913954,,
Triple,Conventional,BFGS,lambda_pressure_factor,0.01,surrogate_residual_n,1,1,0,6.645084782157601e-06,6.645084782157601e-06,6.645084782157601e-06,6.645084782157601e-06,6.645084782157601e-06,,
Triple,Conventional,BFGS,lambda_pressure_factor,0.01,command_cosine_to_fixed_GFE,1,1,0,0.8641601579625638,0.8641601579625638,0.8641601579625638,0.8641601579625638,0.8641601579625638,,
Triple,Conventional,BFGS,lambda_pressure_factor,0.01,field_cosine_to_fixed_GFE,1,1,0,0.9211492653150297,0.9211492653150297,0.9211492653150297,0.9211492653150297,0.9211492653150297,,
Triple,Conventional,BFGS,lambda_pressure_factor,0.01,worst_displacement_a,1,1,0,1.3209748486019155,1.3209748486019155,1.3209748486019155,1.3209748486019155,1.3209748486019155,,
Triple,Conventional,BFGS,lambda_pressure_factor,0.01,minimum_stiffness_n_m,1,1,0,0.001159544288732599,0.001159544288732599,0.001159544288732599,0.001159544288732599,0.001159544288732599,,
Triple,Conventional,BFGS,lambda_pressure_factor,0.01,common_nominal_loss_std_n_m,1,1,0,0.005745153414331848,0.005745153414331848,0.005745153414331848,0.005745153414331848,0.005745153414331848,,
Triple,Conventional,BFGS,lambda_pressure_factor,0.03,solve_wall_s,1,1,0,512.8817896999972,512.8817896999972,512.8817896999972,512.8817896999972,512.8817896999972,,
Triple,Conventional,BFGS,lambda_pressure_factor,0.03,iterations,1,1,0,30000.0,30000.0,30000.0,30000.0,30000.0,,
Triple,Conventional,BFGS,lambda_pressure_factor,0.03,evaluations,1,1,0,31428.0,31428.0,31428.0,31428.0,31428.0,,
Triple,Conventional,BFGS,lambda_pressure_factor,0.03,terminal_gradient_l2,1,1,0,13.090996195620091,13.090996195620091,13.090996195620091,13.090996195620091,13.090996195620091,,
Triple,Conventional,BFGS,lambda_pressure_factor,0.03,terminal_gradient_inf,1,1,0,4.357170656759673,4.357170656759673,4.357170656759673,4.357170656759673,4.357170656759673,,
Triple,Conventional,BFGS,lambda_pressure_factor,0.03,relative_gradient_l2,1,1,0,0.7822777887390787,0.7822777887390787,0.7822777887390787,0.7822777887390787,0.7822777887390787,,
Triple,Conventional,BFGS,lambda_pressure_factor,0.03,objective_n_m,1,1,0,-35.3794321494938,-35.3794321494938,-35.3794321494938,-35.3794321494938,-35.3794321494938,,
Triple,Conventional,BFGS,lambda_pressure_factor,0.03,surrogate_residual_n,1,1,0,6.749791971107289e-06,6.749791971107289e-06,6.749791971107289e-06,6.749791971107289e-06,6.749791971107289e-06,,
Triple,Conventional,BFGS,lambda_pressure_factor,0.03,command_cosine_to_fixed_GFE,1,1,0,0.8626098122232251,0.8626098122232251,0.8626098122232251,0.8626098122232251,0.8626098122232251,,
Triple,Conventional,BFGS,lambda_pressure_factor,0.03,field_cosine_to_fixed_GFE,1,1,0,0.9197397999371961,0.9197397999371961,0.9197397999371961,0.9197397999371961,0.9197397999371961,,
Triple,Conventional,BFGS,lambda_pressure_factor,0.03,worst_displacement_a,1,1,0,1.3560334495136799,1.3560334495136799,1.3560334495136799,1.3560334495136799,1.3560334495136799,,
Triple,Conventional,BFGS,lambda_pressure_factor,0.03,minimum_stiffness_n_m,1,1,0,0.0011953602205251723,0.0011953602205251723,0.0011953602205251723,0.0011953602205251723,0.0011953602205251723,,
Triple,Conventional,BFGS,lambda_pressure_factor,0.03,common_nominal_loss_std_n_m,1,1,0,0.0058663238198105845,0.0058663238198105845,0.0058663238198105845,0.0058663238198105845,0.0058663238198105845,,
Triple,Conventional,BFGS,lambda_pressure_factor,0.1,solve_wall_s,1,1,0,547.2286133000016,547.2286133000016,547.2286133000016,547.2286133000016,547.2286133000016,,
Triple,Conventional,BFGS,lambda_pressure_factor,0.1,iterations,1,1,0,30000.0,30000.0,30000.0,30000.0,30000.0,,
Triple,Conventional,BFGS,lambda_pressure_factor,0.1,evaluations,1,1,0,32653.0,32653.0,32653.0,32653.0,32653.0,,
Triple,Conventional,BFGS,lambda_pressure_factor,0.1,terminal_gradient_l2,1,1,0,42.730201606923856,42.730201606923856,42.730201606923856,42.730201606923856,42.730201606923856,,
Triple,Conventional,BFGS,lambda_pressure_factor,0.1,terminal_gradient_inf,1,1,0,11.84966641292956,11.84966641292956,11.84966641292956,11.84966641292956,11.84966641292956,,
Triple,Conventional,BFGS,lambda_pressure_factor,0.1,relative_gradient_l2,1,1,0,0.7713842764590001,0.7713842764590001,0.7713842764590001,0.7713842764590001,0.7713842764590001,,
Triple,Conventional,BFGS,lambda_pressure_factor,0.1,objective_n_m,1,1,0,-35.09333555424111,-35.09333555424111,-35.09333555424111,-35.09333555424111,-35.09333555424111,,
Triple,Conventional,BFGS,lambda_pressure_factor,0.1,surrogate_residual_n,1,1,0,6.5563294959498045e-06,6.5563294959498045e-06,6.5563294959498045e-06,6.5563294959498045e-06,6.5563294959498045e-06,,
Triple,Conventional,BFGS,lambda_pressure_factor,0.1,command_cosine_to_fixed_GFE,1,1,0,0.8443531158448122,0.8443531158448122,0.8443531158448122,0.8443531158448122,0.8443531158448122,,
Triple,Conventional,BFGS,lambda_pressure_factor,0.1,field_cosine_to_fixed_GFE,1,1,0,0.8964382689473679,0.8964382689473679,0.8964382689473679,0.8964382689473679,0.8964382689473679,,
Triple,Conventional,BFGS,lambda_pressure_factor,0.1,worst_displacement_a,1,1,0,1.7179322581420546,1.7179322581420546,1.7179322581420546,1.7179322581420546,1.7179322581420546,,
Triple,Conventional,BFGS,lambda_pressure_factor,0.1,minimum_stiffness_n_m,1,1,0,0.0010686631929746585,0.0010686631929746585,0.0010686631929746585,0.0010686631929746585,0.0010686631929746585,,
Triple,Conventional,BFGS,lambda_pressure_factor,0.1,common_nominal_loss_std_n_m,1,1,0,0.00456403408170517,0.00456403408170517,0.00456403408170517,0.00456403408170517,0.00456403408170517,,
Triple,Conventional,BFGS,lambda_pressure_factor,0.3,solve_wall_s,1,1,0,349.06252569999197,349.06252569999197,349.06252569999197,349.06252569999197,349.06252569999197,,
Triple,Conventional,BFGS,lambda_pressure_factor,0.3,iterations,1,1,0,17990.0,17990.0,17990.0,17990.0,17990.0,,
Triple,Conventional,BFGS,lambda_pressure_factor,0.3,evaluations,1,1,0,20135.0,20135.0,20135.0,20135.0,20135.0,,
Triple,Conventional,BFGS,lambda_pressure_factor,0.3,terminal_gradient_l2,1,1,0,115.92882208875527,115.92882208875527,115.92882208875527,115.92882208875527,115.92882208875527,,
Triple,Conventional,BFGS,lambda_pressure_factor,0.3,terminal_gradient_inf,1,1,0,40.768121120712514,40.768121120712514,40.768121120712514,40.768121120712514,40.768121120712514,,
Triple,Conventional,BFGS,lambda_pressure_factor,0.3,relative_gradient_l2,1,1,0,0.6987950871683523,0.6987950871683523,0.6987950871683523,0.6987950871683523,0.6987950871683523,,
Triple,Conventional,BFGS,lambda_pressure_factor,0.3,objective_n_m,1,1,0,-33.089637834780014,-33.089637834780014,-33.089637834780014,-33.089637834780014,-33.089637834780014,,
Triple,Conventional,BFGS,lambda_pressure_factor,0.3,surrogate_residual_n,1,1,0,6.09517578879772e-06,6.09517578879772e-06,6.09517578879772e-06,6.09517578879772e-06,6.09517578879772e-06,,
Triple,Conventional,BFGS,lambda_pressure_factor,0.3,command_cosine_to_fixed_GFE,1,1,0,0.8092633904395741,0.8092633904395741,0.8092633904395741,0.8092633904395741,0.8092633904395741,,
Triple,Conventional,BFGS,lambda_pressure_factor,0.3,field_cosine_to_fixed_GFE,1,1,0,0.8479140587658746,0.8479140587658746,0.8479140587658746,0.8479140587658746,0.8479140587658746,,
Triple,Conventional,BFGS,lambda_pressure_factor,0.3,worst_displacement_a,1,1,0,2.45824086037029,2.45824086037029,2.45824086037029,2.45824086037029,2.45824086037029,,
Triple,Conventional,BFGS,lambda_pressure_factor,0.3,minimum_stiffness_n_m,1,1,0,0.0009062384599741372,0.0009062384599741372,0.0009062384599741372,0.0009062384599741372,0.0009062384599741372,,
Triple,Conventional,BFGS,lambda_pressure_factor,0.3,common_nominal_loss_std_n_m,1,1,0,0.0014293841077620522,0.0014293841077620522,0.0014293841077620522,0.0014293841077620522,0.0014293841077620522,,
Triple,Conventional,BFGS,lambda_pressure_factor,1.0,solve_wall_s,1,1,0,217.80384149999009,217.80384149999009,217.80384149999009,217.80384149999009,217.80384149999009,,
Triple,Conventional,BFGS,lambda_pressure_factor,1.0,iterations,1,1,0,10577.0,10577.0,10577.0,10577.0,10577.0,,
Triple,Conventional,BFGS,lambda_pressure_factor,1.0,evaluations,1,1,0,12844.0,12844.0,12844.0,12844.0,12844.0,,
Triple,Conventional,BFGS,lambda_pressure_factor,1.0,terminal_gradient_l2,1,1,0,410.53293070196844,410.53293070196844,410.53293070196844,410.53293070196844,410.53293070196844,,
Triple,Conventional,BFGS,lambda_pressure_factor,1.0,terminal_gradient_inf,1,1,0,151.2107251394196,151.2107251394196,151.2107251394196,151.2107251394196,151.2107251394196,,
Triple,Conventional,BFGS,lambda_pressure_factor,1.0,relative_gradient_l2,1,1,0,0.7428054791366168,0.7428054791366168,0.7428054791366168,0.7428054791366168,0.7428054791366168,,
Triple,Conventional,BFGS,lambda_pressure_factor,1.0,objective_n_m,1,1,0,-30.384150112117656,-30.384150112117656,-30.384150112117656,-30.384150112117656,-30.384150112117656,,
Triple,Conventional,BFGS,lambda_pressure_factor,1.0,surrogate_residual_n,1,1,0,6.032697570315523e-06,6.032697570315523e-06,6.032697570315523e-06,6.032697570315523e-06,6.032697570315523e-06,,
Triple,Conventional,BFGS,lambda_pressure_factor,1.0,command_cosine_to_fixed_GFE,1,1,0,0.7118522691518155,0.7118522691518155,0.7118522691518155,0.7118522691518155,0.7118522691518155,,
Triple,Conventional,BFGS,lambda_pressure_factor,1.0,field_cosine_to_fixed_GFE,1,1,0,0.7478652774351219,0.7478652774351219,0.7478652774351219,0.7478652774351219,0.7478652774351219,,
Triple,Conventional,BFGS,lambda_pressure_factor,1.0,worst_displacement_a,1,1,0,1.95608078424785,1.95608078424785,1.95608078424785,1.95608078424785,1.95608078424785,,
Triple,Conventional,BFGS,lambda_pressure_factor,1.0,minimum_stiffness_n_m,1,1,0,0.0008891984202522951,0.0008891984202522951,0.0008891984202522951,0.0008891984202522951,0.0008891984202522951,,
Triple,Conventional,BFGS,lambda_pressure_factor,1.0,common_nominal_loss_std_n_m,1,1,0,0.0024433362409664898,0.0024433362409664898,0.0024433362409664898,0.0024433362409664898,0.0024433362409664898,,
Triple,Conventional,BFGS,lambda_pressure_factor,3.0,solve_wall_s,1,1,0,72.8775134000025,72.8775134000025,72.8775134000025,72.8775134000025,72.8775134000025,,
Triple,Conventional,BFGS,lambda_pressure_factor,3.0,iterations,1,1,0,3641.0,3641.0,3641.0,3641.0,3641.0,,
Triple,Conventional,BFGS,lambda_pressure_factor,3.0,evaluations,1,1,0,4723.0,4723.0,4723.0,4723.0,4723.0,,
Triple,Conventional,BFGS,lambda_pressure_factor,3.0,terminal_gradient_l2,1,1,0,1349.1502802092566,1349.1502802092566,1349.1502802092566,1349.1502802092566,1349.1502802092566,,
Triple,Conventional,BFGS,lambda_pressure_factor,3.0,terminal_gradient_inf,1,1,0,589.9264165334494,589.9264165334494,589.9264165334494,589.9264165334494,589.9264165334494,,
Triple,Conventional,BFGS,lambda_pressure_factor,3.0,relative_gradient_l2,1,1,0,0.8138336230009663,0.8138336230009663,0.8138336230009663,0.8138336230009663,0.8138336230009663,,
Triple,Conventional,BFGS,lambda_pressure_factor,3.0,objective_n_m,1,1,0,-26.732246040669175,-26.732246040669175,-26.732246040669175,-26.732246040669175,-26.732246040669175,,
Triple,Conventional,BFGS,lambda_pressure_factor,3.0,surrogate_residual_n,1,1,0,3.342228804262134e-06,3.342228804262134e-06,3.342228804262134e-06,3.342228804262134e-06,3.342228804262134e-06,,
Triple,Conventional,BFGS,lambda_pressure_factor,3.0,command_cosine_to_fixed_GFE,1,1,0,0.6298450291964687,0.6298450291964687,0.6298450291964687,0.6298450291964687,0.6298450291964687,,
Triple,Conventional,BFGS,lambda_pressure_factor,3.0,field_cosine_to_fixed_GFE,1,1,0,0.6942342659115656,0.6942342659115656,0.6942342659115656,0.6942342659115656,0.6942342659115656,,
Triple,Conventional,BFGS,lambda_pressure_factor,3.0,worst_displacement_a,1,1,0,3.846871718867796,3.846871718867796,3.846871718867796,3.846871718867796,3.846871718867796,,
Triple,Conventional,BFGS,lambda_pressure_factor,3.0,minimum_stiffness_n_m,1,1,0,0.0008345150536238927,0.0008345150536238927,0.0008345150536238927,0.0008345150536238927,0.0008345150536238927,,
Triple,Conventional,BFGS,lambda_pressure_factor,3.0,common_nominal_loss_std_n_m,1,1,0,0.003350695366590613,0.003350695366590613,0.003350695366590613,0.003350695366590613,0.003350695366590613,,
Triple,Conventional,BFGS,lambda_pressure_factor,10.0,solve_wall_s,1,1,0,74.51832460000878,74.51832460000878,74.51832460000878,74.51832460000878,74.51832460000878,,
Triple,Conventional,BFGS,lambda_pressure_factor,10.0,iterations,1,1,0,3592.0,3592.0,3592.0,3592.0,3592.0,,
Triple,Conventional,BFGS,lambda_pressure_factor,10.0,evaluations,1,1,0,4896.0,4896.0,4896.0,4896.0,4896.0,,
Triple,Conventional,BFGS,lambda_pressure_factor,10.0,terminal_gradient_l2,1,1,0,4244.439435035508,4244.439435035508,4244.439435035508,4244.439435035508,4244.439435035508,,
Triple,Conventional,BFGS,lambda_pressure_factor,10.0,terminal_gradient_inf,1,1,0,1642.6995285593011,1642.6995285593011,1642.6995285593011,1642.6995285593011,1642.6995285593011,,
Triple,Conventional,BFGS,lambda_pressure_factor,10.0,relative_gradient_l2,1,1,0,0.768141228910568,0.768141228910568,0.768141228910568,0.768141228910568,0.768141228910568,,
Triple,Conventional,BFGS,lambda_pressure_factor,10.0,objective_n_m,1,1,0,-18.892788743525315,-18.892788743525315,-18.892788743525315,-18.892788743525315,-18.892788743525315,,
Triple,Conventional,BFGS,lambda_pressure_factor,10.0,surrogate_residual_n,1,1,0,1.8337051745198881e-06,1.8337051745198881e-06,1.8337051745198881e-06,1.8337051745198881e-06,1.8337051745198881e-06,,
Triple,Conventional,BFGS,lambda_pressure_factor,10.0,command_cosine_to_fixed_GFE,1,1,0,0.5325563569259224,0.5325563569259224,0.5325563569259224,0.5325563569259224,0.5325563569259224,,
Triple,Conventional,BFGS,lambda_pressure_factor,10.0,field_cosine_to_fixed_GFE,1,1,0,0.6771059496156423,0.6771059496156423,0.6771059496156423,0.6771059496156423,0.6771059496156423,,
Triple,Conventional,BFGS,lambda_pressure_factor,10.0,worst_displacement_a,1,1,0,3.2269142366970804,3.2269142366970804,3.2269142366970804,3.2269142366970804,3.2269142366970804,,
Triple,Conventional,BFGS,lambda_pressure_factor,10.0,minimum_stiffness_n_m,1,1,0,0.0005837386582023443,0.0005837386582023443,0.0005837386582023443,0.0005837386582023443,0.0005837386582023443,,
Triple,Conventional,BFGS,lambda_pressure_factor,10.0,common_nominal_loss_std_n_m,1,1,0,0.0024117605251013953,0.0024117605251013953,0.0024117605251013953,0.0024117605251013953,0.0024117605251013953,,
Triple,Conventional,BFGS,lambda_pressure_factor,30.0,solve_wall_s,1,1,0,52.60688300000038,52.60688300000038,52.60688300000038,52.60688300000038,52.60688300000038,,
Triple,Conventional,BFGS,lambda_pressure_factor,30.0,iterations,1,1,0,2572.0,2572.0,2572.0,2572.0,2572.0,,
Triple,Conventional,BFGS,lambda_pressure_factor,30.0,evaluations,1,1,0,3661.0,3661.0,3661.0,3661.0,3661.0,,
Triple,Conventional,BFGS,lambda_pressure_factor,30.0,terminal_gradient_l2,1,1,0,12270.008672678541,12270.008672678541,12270.008672678541,12270.008672678541,12270.008672678541,,
Triple,Conventional,BFGS,lambda_pressure_factor,30.0,terminal_gradient_inf,1,1,0,4194.162415452962,4194.162415452962,4194.162415452962,4194.162415452962,4194.162415452962,,
Triple,Conventional,BFGS,lambda_pressure_factor,30.0,relative_gradient_l2,1,1,0,0.7402036904717056,0.7402036904717056,0.7402036904717056,0.7402036904717056,0.7402036904717056,,
Triple,Conventional,BFGS,lambda_pressure_factor,30.0,objective_n_m,1,1,0,-17.246483670939437,-17.246483670939437,-17.246483670939437,-17.246483670939437,-17.246483670939437,,
Triple,Conventional,BFGS,lambda_pressure_factor,30.0,surrogate_residual_n,1,1,0,2.2352015029209077e-06,2.2352015029209077e-06,2.2352015029209077e-06,2.2352015029209077e-06,2.2352015029209077e-06,,
Triple,Conventional,BFGS,lambda_pressure_factor,30.0,command_cosine_to_fixed_GFE,1,1,0,0.5470060188635003,0.5470060188635003,0.5470060188635003,0.5470060188635003,0.5470060188635003,,
Triple,Conventional,BFGS,lambda_pressure_factor,30.0,field_cosine_to_fixed_GFE,1,1,0,0.7297339921797665,0.7297339921797665,0.7297339921797665,0.7297339921797665,0.7297339921797665,,
Triple,Conventional,BFGS,lambda_pressure_factor,30.0,worst_displacement_a,1,0,1,,,,,,,
Triple,Conventional,BFGS,lambda_pressure_factor,30.0,minimum_stiffness_n_m,1,0,1,,,,,,,
Triple,Conventional,BFGS,lambda_pressure_factor,30.0,common_nominal_loss_std_n_m,1,1,0,0.005120545194941678,0.005120545194941678,0.005120545194941678,0.005120545194941678,0.005120545194941678,,
Triple,FE,BFGS,alpha_factor,0.01,solve_wall_s,1,1,0,6.937551099996199,6.937551099996199,6.937551099996199,6.937551099996199,6.937551099996199,,
Triple,FE,BFGS,alpha_factor,0.01,iterations,1,1,0,1716.0,1716.0,1716.0,1716.0,1716.0,,
Triple,FE,BFGS,alpha_factor,0.01,evaluations,1,1,0,1813.0,1813.0,1813.0,1813.0,1813.0,,
Triple,FE,BFGS,alpha_factor,0.01,terminal_gradient_l2,1,1,0,3.2981997725674394e-08,3.2981997725674394e-08,3.2981997725674394e-08,3.2981997725674394e-08,3.2981997725674394e-08,,
Triple,FE,BFGS,alpha_factor,0.01,terminal_gradient_inf,1,1,0,9.771031702011532e-09,9.771031702011532e-09,9.771031702011532e-09,9.771031702011532e-09,9.771031702011532e-09,,
Triple,FE,BFGS,alpha_factor,0.01,relative_gradient_l2,1,1,0,1.1172085896159702e-06,1.1172085896159702e-06,1.1172085896159702e-06,1.1172085896159702e-06,1.1172085896159702e-06,,
Triple,FE,BFGS,alpha_factor,0.01,objective_n_m,1,1,0,-0.05312518323764087,-0.05312518323764087,-0.05312518323764087,-0.05312518323764087,-0.05312518323764087,,
Triple,FE,BFGS,alpha_factor,0.01,surrogate_residual_n,1,1,0,6.434577517315057e-06,6.434577517315057e-06,6.434577517315057e-06,6.434577517315057e-06,6.434577517315057e-06,,
Triple,FE,BFGS,alpha_factor,0.01,command_cosine_to_fixed_GFE,1,1,0,0.8947767619049094,0.8947767619049094,0.8947767619049094,0.8947767619049094,0.8947767619049094,,
Triple,FE,BFGS,alpha_factor,0.01,field_cosine_to_fixed_GFE,1,1,0,0.9358979598699142,0.9358979598699142,0.9358979598699142,0.9358979598699142,0.9358979598699142,,
Triple,FE,BFGS,alpha_factor,0.01,worst_displacement_a,1,1,0,1.7474969550565174,1.7474969550565174,1.7474969550565174,1.7474969550565174,1.7474969550565174,,
Triple,FE,BFGS,alpha_factor,0.01,minimum_stiffness_n_m,1,1,0,0.001329050491912313,0.001329050491912313,0.001329050491912313,0.001329050491912313,0.001329050491912313,,
Triple,FE,BFGS,alpha_factor,0.01,common_nominal_loss_std_n_m,1,1,0,0.00492460813061202,0.00492460813061202,0.00492460813061202,0.00492460813061202,0.00492460813061202,,
Triple,FE,BFGS,alpha_factor,0.03,solve_wall_s,1,1,0,6.3573696999956155,6.3573696999956155,6.3573696999956155,6.3573696999956155,6.3573696999956155,,
Triple,FE,BFGS,alpha_factor,0.03,iterations,1,1,0,1686.0,1686.0,1686.0,1686.0,1686.0,,
Triple,FE,BFGS,alpha_factor,0.03,evaluations,1,1,0,1775.0,1775.0,1775.0,1775.0,1775.0,,
Triple,FE,BFGS,alpha_factor,0.03,terminal_gradient_l2,1,1,0,3.209171062563173e-08,3.209171062563173e-08,3.209171062563173e-08,3.209171062563173e-08,3.209171062563173e-08,,
Triple,FE,BFGS,alpha_factor,0.03,terminal_gradient_inf,1,1,0,8.96399866370735e-09,8.96399866370735e-09,8.96399866370735e-09,8.96399866370735e-09,8.96399866370735e-09,,
Triple,FE,BFGS,alpha_factor,0.03,relative_gradient_l2,1,1,0,1.0863268819675766e-06,1.0863268819675766e-06,1.0863268819675766e-06,1.0863268819675766e-06,1.0863268819675766e-06,,
Triple,FE,BFGS,alpha_factor,0.03,objective_n_m,1,1,0,-0.05282562983835755,-0.05282562983835755,-0.05282562983835755,-0.05282562983835755,-0.05282562983835755,,
Triple,FE,BFGS,alpha_factor,0.03,surrogate_residual_n,1,1,0,6.103630373881254e-06,6.103630373881254e-06,6.103630373881254e-06,6.103630373881254e-06,6.103630373881254e-06,,
Triple,FE,BFGS,alpha_factor,0.03,command_cosine_to_fixed_GFE,1,1,0,0.8968882266570869,0.8968882266570869,0.8968882266570869,0.8968882266570869,0.8968882266570869,,
Triple,FE,BFGS,alpha_factor,0.03,field_cosine_to_fixed_GFE,1,1,0,0.9372912749880913,0.9372912749880913,0.9372912749880913,0.9372912749880913,0.9372912749880913,,
Triple,FE,BFGS,alpha_factor,0.03,worst_displacement_a,1,1,0,1.7119381590709661,1.7119381590709661,1.7119381590709661,1.7119381590709661,1.7119381590709661,,
Triple,FE,BFGS,alpha_factor,0.03,minimum_stiffness_n_m,1,1,0,0.0013531761960732522,0.0013531761960732522,0.0013531761960732522,0.0013531761960732522,0.0013531761960732522,,
Triple,FE,BFGS,alpha_factor,0.03,common_nominal_loss_std_n_m,1,1,0,0.005179777001520695,0.005179777001520695,0.005179777001520695,0.005179777001520695,0.005179777001520695,,
Triple,FE,BFGS,alpha_factor,0.1,solve_wall_s,1,1,0,9.103882900002645,9.103882900002645,9.103882900002645,9.103882900002645,9.103882900002645,,
Triple,FE,BFGS,alpha_factor,0.1,iterations,1,1,0,2162.0,2162.0,2162.0,2162.0,2162.0,,
Triple,FE,BFGS,alpha_factor,0.1,evaluations,1,1,0,2267.0,2267.0,2267.0,2267.0,2267.0,,
Triple,FE,BFGS,alpha_factor,0.1,terminal_gradient_l2,1,1,0,2.6780466634025213e-08,2.6780466634025213e-08,2.6780466634025213e-08,2.6780466634025213e-08,2.6780466634025213e-08,,
Triple,FE,BFGS,alpha_factor,0.1,terminal_gradient_inf,1,1,0,9.077561576410016e-09,9.077561576410016e-09,9.077561576410016e-09,9.077561576410016e-09,9.077561576410016e-09,,
Triple,FE,BFGS,alpha_factor,0.1,relative_gradient_l2,1,1,0,9.04416878172305e-07,9.04416878172305e-07,9.04416878172305e-07,9.04416878172305e-07,9.04416878172305e-07,,
Triple,FE,BFGS,alpha_factor,0.1,objective_n_m,1,1,0,-0.05196662276496404,-0.05196662276496404,-0.05196662276496404,-0.05196662276496404,-0.05196662276496404,,
Triple,FE,BFGS,alpha_factor,0.1,surrogate_residual_n,1,1,0,5.056479129803886e-06,5.056479129803886e-06,5.056479129803886e-06,5.056479129803886e-06,5.056479129803886e-06,,
Triple,FE,BFGS,alpha_factor,0.1,command_cosine_to_fixed_GFE,1,1,0,0.9019891476058646,0.9019891476058646,0.9019891476058646,0.9019891476058646,0.9019891476058646,,
Triple,FE,BFGS,alpha_factor,0.1,field_cosine_to_fixed_GFE,1,1,0,0.9408290897111502,0.9408290897111502,0.9408290897111502,0.9408290897111502,0.9408290897111502,,
Triple,FE,BFGS,alpha_factor,0.1,worst_displacement_a,1,1,0,1.6004008382855934,1.6004008382855934,1.6004008382855934,1.6004008382855934,1.6004008382855934,,
Triple,FE,BFGS,alpha_factor,0.1,minimum_stiffness_n_m,1,1,0,0.0013304780747401537,0.0013304780747401537,0.0013304780747401537,0.0013304780747401537,0.0013304780747401537,,
Triple,FE,BFGS,alpha_factor,0.1,common_nominal_loss_std_n_m,1,1,0,0.004881978716469539,0.004881978716469539,0.004881978716469539,0.004881978716469539,0.004881978716469539,,
Triple,FE,BFGS,alpha_factor,0.3,solve_wall_s,1,1,0,17.736246300002676,17.736246300002676,17.736246300002676,17.736246300002676,17.736246300002676,,
Triple,FE,BFGS,alpha_factor,0.3,iterations,1,1,0,2367.0,2367.0,2367.0,2367.0,2367.0,,
Triple,FE,BFGS,alpha_factor,0.3,evaluations,1,1,0,2485.0,2485.0,2485.0,2485.0,2485.0,,
Triple,FE,BFGS,alpha_factor,0.3,terminal_gradient_l2,1,1,0,2.988692234876763e-08,2.988692234876763e-08,2.988692234876763e-08,2.988692234876763e-08,2.988692234876763e-08,,
Triple,FE,BFGS,alpha_factor,0.3,terminal_gradient_inf,1,1,0,8.947005698225536e-09,8.947005698225536e-09,8.947005698225536e-09,8.947005698225536e-09,8.947005698225536e-09,,
Triple,FE,BFGS,alpha_factor,0.3,relative_gradient_l2,1,1,0,1.002530179561496e-06,1.002530179561496e-06,1.002530179561496e-06,1.002530179561496e-06,1.002530179561496e-06,,
Triple,FE,BFGS,alpha_factor,0.3,objective_n_m,1,1,0,-0.05058657642263152,-0.05058657642263152,-0.05058657642263152,-0.05058657642263152,-0.05058657642263152,,
Triple,FE,BFGS,alpha_factor,0.3,surrogate_residual_n,1,1,0,1.3522624633238472e-06,1.3522624633238472e-06,1.3522624633238472e-06,1.3522624633238472e-06,1.3522624633238472e-06,,
Triple,FE,BFGS,alpha_factor,0.3,command_cosine_to_fixed_GFE,1,1,0,0.9874571858535556,0.9874571858535556,0.9874571858535556,0.9874571858535556,0.9874571858535556,,
Triple,FE,BFGS,alpha_factor,0.3,field_cosine_to_fixed_GFE,1,1,0,0.9916349719382975,0.9916349719382975,0.9916349719382975,0.9916349719382975,0.9916349719382975,,
Triple,FE,BFGS,alpha_factor,0.3,worst_displacement_a,1,1,0,1.0051348264153979,1.0051348264153979,1.0051348264153979,1.0051348264153979,1.0051348264153979,,
Triple,FE,BFGS,alpha_factor,0.3,minimum_stiffness_n_m,1,1,0,0.0013202675343275386,0.0013202675343275386,0.0013202675343275386,0.0013202675343275386,0.0013202675343275386,,
Triple,FE,BFGS,alpha_factor,0.3,common_nominal_loss_std_n_m,1,1,0,0.00041452470978664037,0.00041452470978664037,0.00041452470978664037,0.00041452470978664037,0.00041452470978664037,,
Triple,FE,BFGS,alpha_factor,1.0,solve_wall_s,1,1,0,14.719502800013288,14.719502800013288,14.719502800013288,14.719502800013288,14.719502800013288,,
Triple,FE,BFGS,alpha_factor,1.0,iterations,1,1,0,3642.0,3642.0,3642.0,3642.0,3642.0,,
Triple,FE,BFGS,alpha_factor,1.0,evaluations,1,1,0,3819.0,3819.0,3819.0,3819.0,3819.0,,
Triple,FE,BFGS,alpha_factor,1.0,terminal_gradient_l2,1,1,0,4.8181267188444775e-08,4.8181267188444775e-08,4.8181267188444775e-08,4.8181267188444775e-08,4.8181267188444775e-08,,
Triple,FE,BFGS,alpha_factor,1.0,terminal_gradient_inf,1,1,0,1.124666845280082e-08,1.124666845280082e-08,1.124666845280082e-08,1.124666845280082e-08,1.124666845280082e-08,,
Triple,FE,BFGS,alpha_factor,1.0,relative_gradient_l2,1,1,0,1.5773339634921575e-06,1.5773339634921575e-06,1.5773339634921575e-06,1.5773339634921575e-06,1.5773339634921575e-06,,
Triple,FE,BFGS,alpha_factor,1.0,objective_n_m,1,1,0,-0.05047948340041685,-0.05047948340041685,-0.05047948340041685,-0.05047948340041685,-0.05047948340041685,,
Triple,FE,BFGS,alpha_factor,1.0,surrogate_residual_n,1,1,0,1.3882097552492843e-09,1.3882097552492843e-09,1.3882097552492843e-09,1.3882097552492843e-09,1.3882097552492843e-09,,
Triple,FE,BFGS,alpha_factor,1.0,command_cosine_to_fixed_GFE,1,1,0,0.9920837356567055,0.9920837356567055,0.9920837356567055,0.9920837356567055,0.9920837356567055,,
Triple,FE,BFGS,alpha_factor,1.0,field_cosine_to_fixed_GFE,1,1,0,0.9945269808412465,0.9945269808412465,0.9945269808412465,0.9945269808412465,0.9945269808412465,,
Triple,FE,BFGS,alpha_factor,1.0,worst_displacement_a,1,1,0,0.9534037226993098,0.9534037226993098,0.9534037226993098,0.9534037226993098,0.9534037226993098,,
Triple,FE,BFGS,alpha_factor,1.0,minimum_stiffness_n_m,1,1,0,0.0013625665577333538,0.0013625665577333538,0.0013625665577333538,0.0013625665577333538,0.0013625665577333538,,
Triple,FE,BFGS,alpha_factor,1.0,common_nominal_loss_std_n_m,1,1,0,3.358415026223173e-06,3.358415026223173e-06,3.358415026223173e-06,3.358415026223173e-06,3.358415026223173e-06,,
Triple,FE,BFGS,alpha_factor,3.0,solve_wall_s,1,1,0,30.104100700002164,30.104100700002164,30.104100700002164,30.104100700002164,30.104100700002164,,
Triple,FE,BFGS,alpha_factor,3.0,iterations,1,1,0,7791.0,7791.0,7791.0,7791.0,7791.0,,
Triple,FE,BFGS,alpha_factor,3.0,evaluations,1,1,0,8028.0,8028.0,8028.0,8028.0,8028.0,,
Triple,FE,BFGS,alpha_factor,3.0,terminal_gradient_l2,1,1,0,5.2235302370716835e-08,5.2235302370716835e-08,5.2235302370716835e-08,5.2235302370716835e-08,5.2235302370716835e-08,,
Triple,FE,BFGS,alpha_factor,3.0,terminal_gradient_inf,1,1,0,1.1274474859931298e-08,1.1274474859931298e-08,1.1274474859931298e-08,1.1274474859931298e-08,1.1274474859931298e-08,,
Triple,FE,BFGS,alpha_factor,3.0,relative_gradient_l2,1,1,0,1.5880754614709178e-06,1.5880754614709178e-06,1.5880754614709178e-06,1.5880754614709178e-06,1.5880754614709178e-06,,
Triple,FE,BFGS,alpha_factor,3.0,objective_n_m,1,1,0,-0.05047912912153363,-0.05047912912153363,-0.05047912912153363,-0.05047912912153363,-0.05047912912153363,,
Triple,FE,BFGS,alpha_factor,3.0,surrogate_residual_n,1,1,0,4.253129608858125e-10,4.253129608858125e-10,4.253129608858125e-10,4.253129608858125e-10,4.253129608858125e-10,,
Triple,FE,BFGS,alpha_factor,3.0,command_cosine_to_fixed_GFE,1,1,0,0.7757570116239619,0.7757570116239619,0.7757570116239619,0.7757570116239619,0.7757570116239619,,
Triple,FE,BFGS,alpha_factor,3.0,field_cosine_to_fixed_GFE,1,1,0,0.8509560779291022,0.8509560779291022,0.8509560779291022,0.8509560779291022,0.8509560779291022,,
Triple,FE,BFGS,alpha_factor,3.0,worst_displacement_a,1,1,0,0.9534200274559509,0.9534200274559509,0.9534200274559509,0.9534200274559509,0.9534200274559509,,
Triple,FE,BFGS,alpha_factor,3.0,minimum_stiffness_n_m,1,1,0,0.001362557351360832,0.001362557351360832,0.001362557351360832,0.001362557351360832,0.001362557351360832,,
Triple,FE,BFGS,alpha_factor,3.0,common_nominal_loss_std_n_m,1,1,0,3.3645572826530363e-06,3.3645572826530363e-06,3.3645572826530363e-06,3.3645572826530363e-06,3.3645572826530363e-06,,
Triple,FE,BFGS,alpha_factor,10.0,solve_wall_s,1,1,0,39.93460490000143,39.93460490000143,39.93460490000143,39.93460490000143,39.93460490000143,,
Triple,FE,BFGS,alpha_factor,10.0,iterations,1,1,0,8482.0,8482.0,8482.0,8482.0,8482.0,,
Triple,FE,BFGS,alpha_factor,10.0,evaluations,1,1,0,8754.0,8754.0,8754.0,8754.0,8754.0,,
Triple,FE,BFGS,alpha_factor,10.0,terminal_gradient_l2,1,1,0,1.0524618620453385e-07,1.0524618620453385e-07,1.0524618620453385e-07,1.0524618620453385e-07,1.0524618620453385e-07,,
Triple,FE,BFGS,alpha_factor,10.0,terminal_gradient_inf,1,1,0,2.438329232402577e-08,2.438329232402577e-08,2.438329232402577e-08,2.438329232402577e-08,2.438329232402577e-08,,
Triple,FE,BFGS,alpha_factor,10.0,relative_gradient_l2,1,1,0,2.4390377325711936e-06,2.4390377325711936e-06,2.4390377325711936e-06,2.4390377325711936e-06,2.4390377325711936e-06,,
Triple,FE,BFGS,alpha_factor,10.0,objective_n_m,1,1,0,-0.05047901565475579,-0.05047901565475579,-0.05047901565475579,-0.05047901565475579,-0.05047901565475579,,
Triple,FE,BFGS,alpha_factor,10.0,surrogate_residual_n,1,1,0,1.2649454757351993e-10,1.2649454757351993e-10,1.2649454757351993e-10,1.2649454757351993e-10,1.2649454757351993e-10,,
Triple,FE,BFGS,alpha_factor,10.0,command_cosine_to_fixed_GFE,1,1,0,0.9920832799804273,0.9920832799804273,0.9920832799804273,0.9920832799804273,0.9920832799804273,,
Triple,FE,BFGS,alpha_factor,10.0,field_cosine_to_fixed_GFE,1,1,0,0.9945265404999971,0.9945265404999971,0.9945265404999971,0.9945265404999971,0.9945265404999971,,
Triple,FE,BFGS,alpha_factor,10.0,worst_displacement_a,1,1,0,0.9534314860368228,0.9534314860368228,0.9534314860368228,0.9534314860368228,0.9534314860368228,,
Triple,FE,BFGS,alpha_factor,10.0,minimum_stiffness_n_m,1,1,0,0.0013625240910655344,0.0013625240910655344,0.0013625240910655344,0.0013625240910655344,0.0013625240910655344,,
Triple,FE,BFGS,alpha_factor,10.0,common_nominal_loss_std_n_m,1,1,0,3.6814082557067766e-06,3.6814082557067766e-06,3.6814082557067766e-06,3.6814082557067766e-06,3.6814082557067766e-06,,
Triple,FE,BFGS,alpha_factor,30.0,solve_wall_s,1,1,0,65.33041100000264,65.33041100000264,65.33041100000264,65.33041100000264,65.33041100000264,,
Triple,FE,BFGS,alpha_factor,30.0,iterations,1,1,0,13423.0,13423.0,13423.0,13423.0,13423.0,,
Triple,FE,BFGS,alpha_factor,30.0,evaluations,1,1,0,13844.0,13844.0,13844.0,13844.0,13844.0,,
Triple,FE,BFGS,alpha_factor,30.0,terminal_gradient_l2,1,1,0,1.1984938620739998e-06,1.1984938620739998e-06,1.1984938620739998e-06,1.1984938620739998e-06,1.1984938620739998e-06,,
Triple,FE,BFGS,alpha_factor,30.0,terminal_gradient_inf,1,1,0,2.3339945204474397e-07,2.3339945204474397e-07,2.3339945204474397e-07,2.3339945204474397e-07,2.3339945204474397e-07,,
Triple,FE,BFGS,alpha_factor,30.0,relative_gradient_l2,1,1,0,1.5076137572060783e-05,1.5076137572060783e-05,1.5076137572060783e-05,1.5076137572060783e-05,1.5076137572060783e-05,,
Triple,FE,BFGS,alpha_factor,30.0,objective_n_m,1,1,0,-0.0504789953697098,-0.0504789953697098,-0.0504789953697098,-0.0504789953697098,-0.0504789953697098,,
Triple,FE,BFGS,alpha_factor,30.0,surrogate_residual_n,1,1,0,4.2131855413092336e-11,4.2131855413092336e-11,4.2131855413092336e-11,4.2131855413092336e-11,4.2131855413092336e-11,,
Triple,FE,BFGS,alpha_factor,30.0,command_cosine_to_fixed_GFE,1,1,0,0.7757813283738294,0.7757813283738294,0.7757813283738294,0.7757813283738294,0.7757813283738294,,
Triple,FE,BFGS,alpha_factor,30.0,field_cosine_to_fixed_GFE,1,1,0,0.8509756601115991,0.8509756601115991,0.8509756601115991,0.8509756601115991,0.8509756601115991,,
Triple,FE,BFGS,alpha_factor,30.0,worst_displacement_a,1,1,0,0.9534457695506017,0.9534457695506017,0.9534457695506017,0.9534457695506017,0.9534457695506017,,
Triple,FE,BFGS,alpha_factor,30.0,minimum_stiffness_n_m,1,1,0,0.001362453352696769,0.001362453352696769,0.001362453352696769,0.001362453352696769,0.001362453352696769,,
Triple,FE,BFGS,alpha_factor,30.0,common_nominal_loss_std_n_m,1,1,0,4.646197400358951e-06,4.646197400358951e-06,4.646197400358951e-06,4.646197400358951e-06,4.646197400358951e-06,,
Triple,FE,BFGS,alpha_factor,100.0,solve_wall_s,1,1,0,125.19609480000508,125.19609480000508,125.19609480000508,125.19609480000508,125.19609480000508,,
Triple,FE,BFGS,alpha_factor,100.0,iterations,1,1,0,30000.0,30000.0,30000.0,30000.0,30000.0,,
Triple,FE,BFGS,alpha_factor,100.0,evaluations,1,1,0,30745.0,30745.0,30745.0,30745.0,30745.0,,
Triple,FE,BFGS,alpha_factor,100.0,terminal_gradient_l2,1,1,0,0.004366995896631936,0.004366995896631936,0.004366995896631936,0.004366995896631936,0.004366995896631936,,
Triple,FE,BFGS,alpha_factor,100.0,terminal_gradient_inf,1,1,0,0.0008705183596276841,0.0008705183596276841,0.0008705183596276841,0.0008705183596276841,0.0008705183596276841,,
Triple,FE,BFGS,alpha_factor,100.0,relative_gradient_l2,1,1,0,0.019931967155073612,0.019931967155073612,0.019931967155073612,0.019931967155073612,0.019931967155073612,,
Triple,FE,BFGS,alpha_factor,100.0,objective_n_m,1,1,0,-0.05020629091130696,-0.05020629091130696,-0.05020629091130696,-0.05020629091130696,-0.05020629091130696,,
Triple,FE,BFGS,alpha_factor,100.0,surrogate_residual_n,1,1,0,1.706312919027663e-11,1.706312919027663e-11,1.706312919027663e-11,1.706312919027663e-11,1.706312919027663e-11,,
Triple,FE,BFGS,alpha_factor,100.0,command_cosine_to_fixed_GFE,1,1,0,0.9774613316572519,0.9774613316572519,0.9774613316572519,0.9774613316572519,0.9774613316572519,,
Triple,FE,BFGS,alpha_factor,100.0,field_cosine_to_fixed_GFE,1,1,0,0.9898961760703664,0.9898961760703664,0.9898961760703664,0.9898961760703664,0.9898961760703664,,
Triple,FE,BFGS,alpha_factor,100.0,worst_displacement_a,1,1,0,0.9563000317026457,0.9563000317026457,0.9563000317026457,0.9563000317026457,0.9563000317026457,,
Triple,FE,BFGS,alpha_factor,100.0,minimum_stiffness_n_m,1,1,0,0.0013467808643748238,0.0013467808643748238,0.0013467808643748238,0.0013467808643748238,0.0013467808643748238,,
Triple,FE,BFGS,alpha_factor,100.0,common_nominal_loss_std_n_m,1,1,0,3.467351295902399e-06,3.467351295902399e-06,3.467351295902399e-06,3.467351295902399e-06,3.467351295902399e-06,,
Triple,GFE,BFGS,alpha_factor,0.01,solve_wall_s,1,1,0,7.241110300004948,7.241110300004948,7.241110300004948,7.241110300004948,7.241110300004948,,
Triple,GFE,BFGS,alpha_factor,0.01,iterations,1,1,0,1524.0,1524.0,1524.0,1524.0,1524.0,,
Triple,GFE,BFGS,alpha_factor,0.01,evaluations,1,1,0,1605.0,1605.0,1605.0,1605.0,1605.0,,
Triple,GFE,BFGS,alpha_factor,0.01,terminal_gradient_l2,1,1,0,3.0379626123061345e-08,3.0379626123061345e-08,3.0379626123061345e-08,3.0379626123061345e-08,3.0379626123061345e-08,,
Triple,GFE,BFGS,alpha_factor,0.01,terminal_gradient_inf,1,1,0,9.783979906188782e-09,9.783979906188782e-09,9.783979906188782e-09,9.783979906188782e-09,9.783979906188782e-09,,
Triple,GFE,BFGS,alpha_factor,0.01,relative_gradient_l2,1,1,0,1.029228390152904e-06,1.029228390152904e-06,1.029228390152904e-06,1.029228390152904e-06,1.029228390152904e-06,,
Triple,GFE,BFGS,alpha_factor,0.01,objective_n_m,1,1,0,-0.05312097997175295,-0.05312097997175295,-0.05312097997175295,-0.05312097997175295,-0.05312097997175295,,
Triple,GFE,BFGS,alpha_factor,0.01,surrogate_residual_n,1,1,0,6.550805386709876e-06,6.550805386709876e-06,6.550805386709876e-06,6.550805386709876e-06,6.550805386709876e-06,,
Triple,GFE,BFGS,alpha_factor,0.01,command_cosine_to_fixed_GFE,1,1,0,0.8947708329693956,0.8947708329693956,0.8947708329693956,0.8947708329693956,0.8947708329693956,,
Triple,GFE,BFGS,alpha_factor,0.01,field_cosine_to_fixed_GFE,1,1,0,0.9359093751408907,0.9359093751408907,0.9359093751408907,0.9359093751408907,0.9359093751408907,,
Triple,GFE,BFGS,alpha_factor,0.01,worst_displacement_a,1,1,0,1.742968354031297,1.742968354031297,1.742968354031297,1.742968354031297,1.742968354031297,,
Triple,GFE,BFGS,alpha_factor,0.01,minimum_stiffness_n_m,1,1,0,0.0013451927153882942,0.0013451927153882942,0.0013451927153882942,0.0013451927153882942,0.0013451927153882942,,
Triple,GFE,BFGS,alpha_factor,0.01,common_nominal_loss_std_n_m,1,1,0,0.0049100532459694325,0.0049100532459694325,0.0049100532459694325,0.0049100532459694325,0.0049100532459694325,,
Triple,GFE,BFGS,alpha_factor,0.03,solve_wall_s,1,1,0,6.877622500003781,6.877622500003781,6.877622500003781,6.877622500003781,6.877622500003781,,
Triple,GFE,BFGS,alpha_factor,0.03,iterations,1,1,0,1628.0,1628.0,1628.0,1628.0,1628.0,,
Triple,GFE,BFGS,alpha_factor,0.03,evaluations,1,1,0,1788.0,1788.0,1788.0,1788.0,1788.0,,
Triple,GFE,BFGS,alpha_factor,0.03,terminal_gradient_l2,1,1,0,2.4977000826829348e-08,2.4977000826829348e-08,2.4977000826829348e-08,2.4977000826829348e-08,2.4977000826829348e-08,,
Triple,GFE,BFGS,alpha_factor,0.03,terminal_gradient_inf,1,1,0,1.0366501382035966e-08,1.0366501382035966e-08,1.0366501382035966e-08,1.0366501382035966e-08,1.0366501382035966e-08,,
Triple,GFE,BFGS,alpha_factor,0.03,relative_gradient_l2,1,1,0,8.459100795657003e-07,8.459100795657003e-07,8.459100795657003e-07,8.459100795657003e-07,8.459100795657003e-07,,
Triple,GFE,BFGS,alpha_factor,0.03,objective_n_m,1,1,0,-0.052810934672518,-0.052810934672518,-0.052810934672518,-0.052810934672518,-0.052810934672518,,
Triple,GFE,BFGS,alpha_factor,0.03,surrogate_residual_n,1,1,0,6.234429789160177e-06,6.234429789160177e-06,6.234429789160177e-06,6.234429789160177e-06,6.234429789160177e-06,,
Triple,GFE,BFGS,alpha_factor,0.03,command_cosine_to_fixed_GFE,1,1,0,0.8968662298337347,0.8968662298337347,0.8968662298337347,0.8968662298337347,0.8968662298337347,,
Triple,GFE,BFGS,alpha_factor,0.03,field_cosine_to_fixed_GFE,1,1,0,0.9373249638424159,0.9373249638424159,0.9373249638424159,0.9373249638424159,0.9373249638424159,,
Triple,GFE,BFGS,alpha_factor,0.03,worst_displacement_a,1,1,0,1.7042803523471364,1.7042803523471364,1.7042803523471364,1.7042803523471364,1.7042803523471364,,
Triple,GFE,BFGS,alpha_factor,0.03,minimum_stiffness_n_m,1,1,0,0.0013680885941597,0.0013680885941597,0.0013680885941597,0.0013680885941597,0.0013680885941597,,
Triple,GFE,BFGS,alpha_factor,0.03,common_nominal_loss_std_n_m,1,1,0,0.005112860177761072,0.005112860177761072,0.005112860177761072,0.005112860177761072,0.005112860177761072,,
Triple,GFE,BFGS,alpha_factor,0.1,solve_wall_s,1,1,0,7.740220499996212,7.740220499996212,7.740220499996212,7.740220499996212,7.740220499996212,,
Triple,GFE,BFGS,alpha_factor,0.1,iterations,1,1,0,1961.0,1961.0,1961.0,1961.0,1961.0,,
Triple,GFE,BFGS,alpha_factor,0.1,evaluations,1,1,0,2059.0,2059.0,2059.0,2059.0,2059.0,,
Triple,GFE,BFGS,alpha_factor,0.1,terminal_gradient_l2,1,1,0,3.120222162121132e-08,3.120222162121132e-08,3.120222162121132e-08,3.120222162121132e-08,3.120222162121132e-08,,
Triple,GFE,BFGS,alpha_factor,0.1,terminal_gradient_inf,1,1,0,9.858889812034343e-09,9.858889812034343e-09,9.858889812034343e-09,9.858889812034343e-09,9.858889812034343e-09,,
Triple,GFE,BFGS,alpha_factor,0.1,relative_gradient_l2,1,1,0,1.0555017804604092e-06,1.0555017804604092e-06,1.0555017804604092e-06,1.0555017804604092e-06,1.0555017804604092e-06,,
Triple,GFE,BFGS,alpha_factor,0.1,objective_n_m,1,1,0,-0.051877995767786275,-0.051877995767786275,-0.051877995767786275,-0.051877995767786275,-0.051877995767786275,,
Triple,GFE,BFGS,alpha_factor,0.1,surrogate_residual_n,1,1,0,5.206526699052475e-06,5.206526699052475e-06,5.206526699052475e-06,5.206526699052475e-06,5.206526699052475e-06,,
Triple,GFE,BFGS,alpha_factor,0.1,command_cosine_to_fixed_GFE,1,1,0,0.9021674500315683,0.9021674500315683,0.9021674500315683,0.9021674500315683,0.9021674500315683,,
Triple,GFE,BFGS,alpha_factor,0.1,field_cosine_to_fixed_GFE,1,1,0,0.9411121788285792,0.9411121788285792,0.9411121788285792,0.9411121788285792,0.9411121788285792,,
Triple,GFE,BFGS,alpha_factor,0.1,worst_displacement_a,1,1,0,1.5694465842419028,1.5694465842419028,1.5694465842419028,1.5694465842419028,1.5694465842419028,,
Triple,GFE,BFGS,alpha_factor,0.1,minimum_stiffness_n_m,1,1,0,0.001351697227697002,0.001351697227697002,0.001351697227697002,0.001351697227697002,0.001351697227697002,,
Triple,GFE,BFGS,alpha_factor,0.1,common_nominal_loss_std_n_m,1,1,0,0.004711601309988968,0.004711601309988968,0.004711601309988968,0.004711601309988968,0.004711601309988968,,
Triple,GFE,BFGS,alpha_factor,0.3,solve_wall_s,1,1,0,9.041064099990763,9.041064099990763,9.041064099990763,9.041064099990763,9.041064099990763,,
Triple,GFE,BFGS,alpha_factor,0.3,iterations,1,1,0,2221.0,2221.0,2221.0,2221.0,2221.0,,
Triple,GFE,BFGS,alpha_factor,0.3,evaluations,1,1,0,2328.0,2328.0,2328.0,2328.0,2328.0,,
Triple,GFE,BFGS,alpha_factor,0.3,terminal_gradient_l2,1,1,0,3.7932629415557445e-08,3.7932629415557445e-08,3.7932629415557445e-08,3.7932629415557445e-08,3.7932629415557445e-08,,
Triple,GFE,BFGS,alpha_factor,0.3,terminal_gradient_inf,1,1,0,9.309747315628991e-09,9.309747315628991e-09,9.309747315628991e-09,9.309747315628991e-09,9.309747315628991e-09,,
Triple,GFE,BFGS,alpha_factor,0.3,relative_gradient_l2,1,1,0,1.2788376471341592e-06,1.2788376471341592e-06,1.2788376471341592e-06,1.2788376471341592e-06,1.2788376471341592e-06,,
Triple,GFE,BFGS,alpha_factor,0.3,objective_n_m,1,1,0,-0.05020580556314663,-0.05020580556314663,-0.05020580556314663,-0.05020580556314663,-0.05020580556314663,,
Triple,GFE,BFGS,alpha_factor,0.3,surrogate_residual_n,1,1,0,2.0138226833794897e-06,2.0138226833794897e-06,2.0138226833794897e-06,2.0138226833794897e-06,2.0138226833794897e-06,,
Triple,GFE,BFGS,alpha_factor,0.3,command_cosine_to_fixed_GFE,1,1,0,0.9847940059055359,0.9847940059055359,0.9847940059055359,0.9847940059055359,0.9847940059055359,,
Triple,GFE,BFGS,alpha_factor,0.3,field_cosine_to_fixed_GFE,1,1,0,0.9912219193831776,0.9912219193831776,0.9912219193831776,0.9912219193831776,0.9912219193831776,,
Triple,GFE,BFGS,alpha_factor,0.3,worst_displacement_a,1,1,0,0.781279398563029,0.781279398563029,0.781279398563029,0.781279398563029,0.781279398563029,,
Triple,GFE,BFGS,alpha_factor,0.3,minimum_stiffness_n_m,1,1,0,0.001309740164930641,0.001309740164930641,0.001309740164930641,0.001309740164930641,0.001309740164930641,,
Triple,GFE,BFGS,alpha_factor,0.3,common_nominal_loss_std_n_m,1,1,0,0.0012795536185392527,0.0012795536185392527,0.0012795536185392527,0.0012795536185392527,0.0012795536185392527,,
Triple,GFE,BFGS,alpha_factor,1.0,solve_wall_s,1,1,0,9.424814900005003,9.424814900005003,9.424814900005003,9.424814900005003,9.424814900005003,,
Triple,GFE,BFGS,alpha_factor,1.0,iterations,1,1,0,2777.0,2777.0,2777.0,2777.0,2777.0,,
Triple,GFE,BFGS,alpha_factor,1.0,evaluations,1,1,0,2871.0,2871.0,2871.0,2871.0,2871.0,,
Triple,GFE,BFGS,alpha_factor,1.0,terminal_gradient_l2,1,1,0,3.307155120464556e-08,3.307155120464556e-08,3.307155120464556e-08,3.307155120464556e-08,3.307155120464556e-08,,
Triple,GFE,BFGS,alpha_factor,1.0,terminal_gradient_inf,1,1,0,9.894782154094378e-09,9.894782154094378e-09,9.894782154094378e-09,9.894782154094378e-09,9.894782154094378e-09,,
Triple,GFE,BFGS,alpha_factor,1.0,relative_gradient_l2,1,1,0,1.1014633748299583e-06,1.1014633748299583e-06,1.1014633748299583e-06,1.1014633748299583e-06,1.1014633748299583e-06,,
Triple,GFE,BFGS,alpha_factor,1.0,objective_n_m,1,1,0,-0.049648932268539954,-0.049648932268539954,-0.049648932268539954,-0.049648932268539954,-0.049648932268539954,,
Triple,GFE,BFGS,alpha_factor,1.0,surrogate_residual_n,1,1,0,1.3345442864029888e-08,1.3345442864029888e-08,1.3345442864029888e-08,1.3345442864029888e-08,1.3345442864029888e-08,,
Triple,GFE,BFGS,alpha_factor,1.0,command_cosine_to_fixed_GFE,1,1,0,1.0,1.0,1.0,1.0,1.0,,
Triple,GFE,BFGS,alpha_factor,1.0,field_cosine_to_fixed_GFE,1,1,0,0.9999999999999994,0.9999999999999994,0.9999999999999994,0.9999999999999994,0.9999999999999994,,
Triple,GFE,BFGS,alpha_factor,1.0,worst_displacement_a,1,1,0,0.45796753839851656,0.45796753839851656,0.45796753839851656,0.45796753839851656,0.45796753839851656,,
Triple,GFE,BFGS,alpha_factor,1.0,minimum_stiffness_n_m,1,1,0,0.001312184169728167,0.001312184169728167,0.001312184169728167,0.001312184169728167,0.001312184169728167,,
Triple,GFE,BFGS,alpha_factor,1.0,common_nominal_loss_std_n_m,1,1,0,3.618937673684308e-06,3.618937673684308e-06,3.618937673684308e-06,3.618937673684308e-06,3.618937673684308e-06,,
Triple,GFE,BFGS,alpha_factor,3.0,solve_wall_s,1,1,0,11.186794900000677,11.186794900000677,11.186794900000677,11.186794900000677,11.186794900000677,,
Triple,GFE,BFGS,alpha_factor,3.0,iterations,1,1,0,2756.0,2756.0,2756.0,2756.0,2756.0,,
Triple,GFE,BFGS,alpha_factor,3.0,evaluations,1,1,0,2844.0,2844.0,2844.0,2844.0,2844.0,,
Triple,GFE,BFGS,alpha_factor,3.0,terminal_gradient_l2,1,1,0,4.90379379077771e-08,4.90379379077771e-08,4.90379379077771e-08,4.90379379077771e-08,4.90379379077771e-08,,
Triple,GFE,BFGS,alpha_factor,3.0,terminal_gradient_inf,1,1,0,9.21291349560363e-09,9.21291349560363e-09,9.21291349560363e-09,9.21291349560363e-09,9.21291349560363e-09,,
Triple,GFE,BFGS,alpha_factor,3.0,relative_gradient_l2,1,1,0,1.573782117047756e-06,1.573782117047756e-06,1.573782117047756e-06,1.573782117047756e-06,1.573782117047756e-06,,
Triple,GFE,BFGS,alpha_factor,3.0,objective_n_m,1,1,0,-0.04964343726682937,-0.04964343726682937,-0.04964343726682937,-0.04964343726682937,-0.04964343726682937,,
Triple,GFE,BFGS,alpha_factor,3.0,surrogate_residual_n,1,1,0,3.204600846660463e-09,3.204600846660463e-09,3.204600846660463e-09,3.204600846660463e-09,3.204600846660463e-09,,
Triple,GFE,BFGS,alpha_factor,3.0,command_cosine_to_fixed_GFE,1,1,0,0.7694104753835892,0.7694104753835892,0.7694104753835892,0.7694104753835892,0.7694104753835892,,
Triple,GFE,BFGS,alpha_factor,3.0,field_cosine_to_fixed_GFE,1,1,0,0.8492211599408193,0.8492211599408193,0.8492211599408193,0.8492211599408193,0.8492211599408193,,
Triple,GFE,BFGS,alpha_factor,3.0,worst_displacement_a,1,1,0,0.4619810561501663,0.4619810561501663,0.4619810561501663,0.4619810561501663,0.4619810561501663,,
Triple,GFE,BFGS,alpha_factor,3.0,minimum_stiffness_n_m,1,1,0,0.0013185220245726563,0.0013185220245726563,0.0013185220245726563,0.0013185220245726563,0.0013185220245726563,,
Triple,GFE,BFGS,alpha_factor,3.0,common_nominal_loss_std_n_m,1,1,0,3.2896949920247394e-06,3.2896949920247394e-06,3.2896949920247394e-06,3.2896949920247394e-06,3.2896949920247394e-06,,
Triple,GFE,BFGS,alpha_factor,10.0,solve_wall_s,1,1,0,14.001133000012487,14.001133000012487,14.001133000012487,14.001133000012487,14.001133000012487,,
Triple,GFE,BFGS,alpha_factor,10.0,iterations,1,1,0,3676.0,3676.0,3676.0,3676.0,3676.0,,
Triple,GFE,BFGS,alpha_factor,10.0,evaluations,1,1,0,3858.0,3858.0,3858.0,3858.0,3858.0,,
Triple,GFE,BFGS,alpha_factor,10.0,terminal_gradient_l2,1,1,0,8.899290230053392e-08,8.899290230053392e-08,8.899290230053392e-08,8.899290230053392e-08,8.899290230053392e-08,,
Triple,GFE,BFGS,alpha_factor,10.0,terminal_gradient_inf,1,1,0,1.934645125611906e-08,1.934645125611906e-08,1.934645125611906e-08,1.934645125611906e-08,1.934645125611906e-08,,
Triple,GFE,BFGS,alpha_factor,10.0,relative_gradient_l2,1,1,0,2.4762689235974e-06,2.4762689235974e-06,2.4762689235974e-06,2.4762689235974e-06,2.4762689235974e-06,,
Triple,GFE,BFGS,alpha_factor,10.0,objective_n_m,1,1,0,-0.049641791508478146,-0.049641791508478146,-0.049641791508478146,-0.049641791508478146,-0.049641791508478146,,
Triple,GFE,BFGS,alpha_factor,10.0,surrogate_residual_n,1,1,0,9.365450106041112e-10,9.365450106041112e-10,9.365450106041112e-10,9.365450106041112e-10,9.365450106041112e-10,,
Triple,GFE,BFGS,alpha_factor,10.0,command_cosine_to_fixed_GFE,1,1,0,0.7693536725573804,0.7693536725573804,0.7693536725573804,0.7693536725573804,0.7693536725573804,,
Triple,GFE,BFGS,alpha_factor,10.0,field_cosine_to_fixed_GFE,1,1,0,0.8491747832871077,0.8491747832871077,0.8491747832871077,0.8491747832871077,0.8491747832871077,,
Triple,GFE,BFGS,alpha_factor,10.0,worst_displacement_a,1,1,0,0.4631657450155839,0.4631657450155839,0.4631657450155839,0.4631657450155839,0.4631657450155839,,
Triple,GFE,BFGS,alpha_factor,10.0,minimum_stiffness_n_m,1,1,0,0.001317314315691457,0.001317314315691457,0.001317314315691457,0.001317314315691457,0.001317314315691457,,
Triple,GFE,BFGS,alpha_factor,10.0,common_nominal_loss_std_n_m,1,1,0,3.550380875835087e-06,3.550380875835087e-06,3.550380875835087e-06,3.550380875835087e-06,3.550380875835087e-06,,
Triple,GFE,BFGS,alpha_factor,30.0,solve_wall_s,1,1,0,19.283096299986937,19.283096299986937,19.283096299986937,19.283096299986937,19.283096299986937,,
Triple,GFE,BFGS,alpha_factor,30.0,iterations,1,1,0,4366.0,4366.0,4366.0,4366.0,4366.0,,
Triple,GFE,BFGS,alpha_factor,30.0,evaluations,1,1,0,4515.0,4515.0,4515.0,4515.0,4515.0,,
Triple,GFE,BFGS,alpha_factor,30.0,terminal_gradient_l2,1,1,0,2.7254432335496617e-08,2.7254432335496617e-08,2.7254432335496617e-08,2.7254432335496617e-08,2.7254432335496617e-08,,
Triple,GFE,BFGS,alpha_factor,30.0,terminal_gradient_inf,1,1,0,7.234581282372502e-09,7.234581282372502e-09,7.234581282372502e-09,7.234581282372502e-09,7.234581282372502e-09,,
Triple,GFE,BFGS,alpha_factor,30.0,relative_gradient_l2,1,1,0,5.263956032755632e-07,5.263956032755632e-07,5.263956032755632e-07,5.263956032755632e-07,5.263956032755632e-07,,
Triple,GFE,BFGS,alpha_factor,30.0,objective_n_m,1,1,0,-0.049641335628824,-0.049641335628824,-0.049641335628824,-0.049641335628824,-0.049641335628824,,
Triple,GFE,BFGS,alpha_factor,30.0,surrogate_residual_n,1,1,0,3.115451379441289e-10,3.115451379441289e-10,3.115451379441289e-10,3.115451379441289e-10,3.115451379441289e-10,,
Triple,GFE,BFGS,alpha_factor,30.0,command_cosine_to_fixed_GFE,1,1,0,0.7693396708395999,0.7693396708395999,0.7693396708395999,0.7693396708395999,0.7693396708395999,,
Triple,GFE,BFGS,alpha_factor,30.0,field_cosine_to_fixed_GFE,1,1,0,0.8491632425654756,0.8491632425654756,0.8491632425654756,0.8491632425654756,0.8491632425654756,,
Triple,GFE,BFGS,alpha_factor,30.0,worst_displacement_a,1,1,0,0.4635119903022544,0.4635119903022544,0.4635119903022544,0.4635119903022544,0.4635119903022544,,
Triple,GFE,BFGS,alpha_factor,30.0,minimum_stiffness_n_m,1,1,0,0.0013183157419482837,0.0013183157419482837,0.0013183157419482837,0.0013183157419482837,0.0013183157419482837,,
Triple,GFE,BFGS,alpha_factor,30.0,common_nominal_loss_std_n_m,1,1,0,4.17033853248819e-06,4.17033853248819e-06,4.17033853248819e-06,4.17033853248819e-06,4.17033853248819e-06,,
Triple,GFE,BFGS,alpha_factor,100.0,solve_wall_s,1,1,0,36.21346359999734,36.21346359999734,36.21346359999734,36.21346359999734,36.21346359999734,,
Triple,GFE,BFGS,alpha_factor,100.0,iterations,1,1,0,8797.0,8797.0,8797.0,8797.0,8797.0,,
Triple,GFE,BFGS,alpha_factor,100.0,evaluations,1,1,0,9087.0,9087.0,9087.0,9087.0,9087.0,,
Triple,GFE,BFGS,alpha_factor,100.0,terminal_gradient_l2,1,1,0,3.498534808409614e-08,3.498534808409614e-08,3.498534808409614e-08,3.498534808409614e-08,3.498534808409614e-08,,
Triple,GFE,BFGS,alpha_factor,100.0,terminal_gradient_inf,1,1,0,6.295827740751965e-09,6.295827740751965e-09,6.295827740751965e-09,6.295827740751965e-09,6.295827740751965e-09,,
Triple,GFE,BFGS,alpha_factor,100.0,relative_gradient_l2,1,1,0,3.295221919546448e-07,3.295221919546448e-07,3.295221919546448e-07,3.295221919546448e-07,3.295221919546448e-07,,
Triple,GFE,BFGS,alpha_factor,100.0,objective_n_m,1,1,0,-0.04964123425821504,-0.04964123425821504,-0.04964123425821504,-0.04964123425821504,-0.04964123425821504,,
Triple,GFE,BFGS,alpha_factor,100.0,surrogate_residual_n,1,1,0,9.345256581664225e-11,9.345256581664225e-11,9.345256581664225e-11,9.345256581664225e-11,9.345256581664225e-11,,
Triple,GFE,BFGS,alpha_factor,100.0,command_cosine_to_fixed_GFE,1,1,0,0.769340374129518,0.769340374129518,0.769340374129518,0.769340374129518,0.769340374129518,,
Triple,GFE,BFGS,alpha_factor,100.0,field_cosine_to_fixed_GFE,1,1,0,0.849164986118194,0.849164986118194,0.849164986118194,0.849164986118194,0.849164986118194,,
Triple,GFE,BFGS,alpha_factor,100.0,worst_displacement_a,1,1,0,0.46363790557160406,0.46363790557160406,0.46363790557160406,0.46363790557160406,0.46363790557160406,,
Triple,GFE,BFGS,alpha_factor,100.0,minimum_stiffness_n_m,1,1,0,0.0013186054001445354,0.0013186054001445354,0.0013186054001445354,0.0013186054001445354,0.0013186054001445354,,
Triple,GFE,BFGS,alpha_factor,100.0,common_nominal_loss_std_n_m,1,1,0,8.018071697581979e-06,8.018071697581979e-06,8.018071697581979e-06,8.018071697581979e-06,8.018071697581979e-06,,
Triple,GFE,BFGS,alpha_x_epsilon_force,"0.1,0.1",solve_wall_s,1,1,0,7.295398300004308,7.295398300004308,7.295398300004308,7.295398300004308,7.295398300004308,,
Triple,GFE,BFGS,alpha_x_epsilon_force,"0.1,0.1",iterations,1,1,0,1843.0,1843.0,1843.0,1843.0,1843.0,,
Triple,GFE,BFGS,alpha_x_epsilon_force,"0.1,0.1",evaluations,1,1,0,1936.0,1936.0,1936.0,1936.0,1936.0,,
Triple,GFE,BFGS,alpha_x_epsilon_force,"0.1,0.1",terminal_gradient_l2,1,1,0,3.8827940348061776e-08,3.8827940348061776e-08,3.8827940348061776e-08,3.8827940348061776e-08,3.8827940348061776e-08,,
Triple,GFE,BFGS,alpha_x_epsilon_force,"0.1,0.1",terminal_gradient_inf,1,1,0,9.444477924178748e-09,9.444477924178748e-09,9.444477924178748e-09,9.444477924178748e-09,9.444477924178748e-09,,
Triple,GFE,BFGS,alpha_x_epsilon_force,"0.1,0.1",relative_gradient_l2,1,1,0,1.3134627797979414e-06,1.3134627797979414e-06,1.3134627797979414e-06,1.3134627797979414e-06,1.3134627797979414e-06,,
Triple,GFE,BFGS,alpha_x_epsilon_force,"0.1,0.1",objective_n_m,1,1,0,-0.05187451192768031,-0.05187451192768031,-0.05187451192768031,-0.05187451192768031,-0.05187451192768031,,
Triple,GFE,BFGS,alpha_x_epsilon_force,"0.1,0.1",surrogate_residual_n,1,1,0,5.206535747221029e-06,5.206535747221029e-06,5.206535747221029e-06,5.206535747221029e-06,5.206535747221029e-06,,
Triple,GFE,BFGS,alpha_x_epsilon_force,"0.1,0.1",command_cosine_to_fixed_GFE,1,1,0,0.9021664997794447,0.9021664997794447,0.9021664997794447,0.9021664997794447,0.9021664997794447,,
Triple,GFE,BFGS,alpha_x_epsilon_force,"0.1,0.1",field_cosine_to_fixed_GFE,1,1,0,0.9411119318329052,0.9411119318329052,0.9411119318329052,0.9411119318329052,0.9411119318329052,,
Triple,GFE,BFGS,alpha_x_epsilon_force,"0.1,0.1",worst_displacement_a,1,1,0,1.5694409254524908,1.5694409254524908,1.5694409254524908,1.5694409254524908,1.5694409254524908,,
Triple,GFE,BFGS,alpha_x_epsilon_force,"0.1,0.1",minimum_stiffness_n_m,1,1,0,0.0013516989854918413,0.0013516989854918413,0.0013516989854918413,0.0013516989854918413,0.0013516989854918413,,
Triple,GFE,BFGS,alpha_x_epsilon_force,"0.1,0.1",common_nominal_loss_std_n_m,1,1,0,0.004711611253269859,0.004711611253269859,0.004711611253269859,0.004711611253269859,0.004711611253269859,,
Triple,GFE,BFGS,alpha_x_epsilon_force,"0.1,1",solve_wall_s,1,1,0,7.740220499996212,7.740220499996212,7.740220499996212,7.740220499996212,7.740220499996212,,
Triple,GFE,BFGS,alpha_x_epsilon_force,"0.1,1",iterations,1,1,0,1961.0,1961.0,1961.0,1961.0,1961.0,,
Triple,GFE,BFGS,alpha_x_epsilon_force,"0.1,1",evaluations,1,1,0,2059.0,2059.0,2059.0,2059.0,2059.0,,
Triple,GFE,BFGS,alpha_x_epsilon_force,"0.1,1",terminal_gradient_l2,1,1,0,3.120222162121132e-08,3.120222162121132e-08,3.120222162121132e-08,3.120222162121132e-08,3.120222162121132e-08,,
Triple,GFE,BFGS,alpha_x_epsilon_force,"0.1,1",terminal_gradient_inf,1,1,0,9.858889812034343e-09,9.858889812034343e-09,9.858889812034343e-09,9.858889812034343e-09,9.858889812034343e-09,,
Triple,GFE,BFGS,alpha_x_epsilon_force,"0.1,1",relative_gradient_l2,1,1,0,1.0555017804604092e-06,1.0555017804604092e-06,1.0555017804604092e-06,1.0555017804604092e-06,1.0555017804604092e-06,,
Triple,GFE,BFGS,alpha_x_epsilon_force,"0.1,1",objective_n_m,1,1,0,-0.051877995767786275,-0.051877995767786275,-0.051877995767786275,-0.051877995767786275,-0.051877995767786275,,
Triple,GFE,BFGS,alpha_x_epsilon_force,"0.1,1",surrogate_residual_n,1,1,0,5.206526699052475e-06,5.206526699052475e-06,5.206526699052475e-06,5.206526699052475e-06,5.206526699052475e-06,,
Triple,GFE,BFGS,alpha_x_epsilon_force,"0.1,1",command_cosine_to_fixed_GFE,1,1,0,0.9021674500315683,0.9021674500315683,0.9021674500315683,0.9021674500315683,0.9021674500315683,,
Triple,GFE,BFGS,alpha_x_epsilon_force,"0.1,1",field_cosine_to_fixed_GFE,1,1,0,0.9411121788285792,0.9411121788285792,0.9411121788285792,0.9411121788285792,0.9411121788285792,,
Triple,GFE,BFGS,alpha_x_epsilon_force,"0.1,1",worst_displacement_a,1,1,0,1.5694465842419028,1.5694465842419028,1.5694465842419028,1.5694465842419028,1.5694465842419028,,
Triple,GFE,BFGS,alpha_x_epsilon_force,"0.1,1",minimum_stiffness_n_m,1,1,0,0.001351697227697002,0.001351697227697002,0.001351697227697002,0.001351697227697002,0.001351697227697002,,
Triple,GFE,BFGS,alpha_x_epsilon_force,"0.1,1",common_nominal_loss_std_n_m,1,1,0,0.004711601309988968,0.004711601309988968,0.004711601309988968,0.004711601309988968,0.004711601309988968,,
Triple,GFE,BFGS,alpha_x_epsilon_force,"0.1,10",solve_wall_s,1,1,0,7.163197400004719,7.163197400004719,7.163197400004719,7.163197400004719,7.163197400004719,,
Triple,GFE,BFGS,alpha_x_epsilon_force,"0.1,10",iterations,1,1,0,1969.0,1969.0,1969.0,1969.0,1969.0,,
Triple,GFE,BFGS,alpha_x_epsilon_force,"0.1,10",evaluations,1,1,0,2064.0,2064.0,2064.0,2064.0,2064.0,,
Triple,GFE,BFGS,alpha_x_epsilon_force,"0.1,10",terminal_gradient_l2,1,1,0,3.192040321949284e-08,3.192040321949284e-08,3.192040321949284e-08,3.192040321949284e-08,3.192040321949284e-08,,
Triple,GFE,BFGS,alpha_x_epsilon_force,"0.1,10",terminal_gradient_inf,1,1,0,9.999188279574159e-09,9.999188279574159e-09,9.999188279574159e-09,9.999188279574159e-09,9.999188279574159e-09,,
Triple,GFE,BFGS,alpha_x_epsilon_force,"0.1,10",relative_gradient_l2,1,1,0,1.0798052172403312e-06,1.0798052172403312e-06,1.0798052172403312e-06,1.0798052172403312e-06,1.0798052172403312e-06,,
Triple,GFE,BFGS,alpha_x_epsilon_force,"0.1,10",objective_n_m,1,1,0,-0.05191206242243751,-0.05191206242243751,-0.05191206242243751,-0.05191206242243751,-0.05191206242243751,,
Triple,GFE,BFGS,alpha_x_epsilon_force,"0.1,10",surrogate_residual_n,1,1,0,5.206748318378638e-06,5.206748318378638e-06,5.206748318378638e-06,5.206748318378638e-06,5.206748318378638e-06,,
Triple,GFE,BFGS,alpha_x_epsilon_force,"0.1,10",command_cosine_to_fixed_GFE,1,1,0,0.9021634770644279,0.9021634770644279,0.9021634770644279,0.9021634770644279,0.9021634770644279,,
Triple,GFE,BFGS,alpha_x_epsilon_force,"0.1,10",field_cosine_to_fixed_GFE,1,1,0,0.9411081932943522,0.9411081932943522,0.9411081932943522,0.9411081932943522,0.9411081932943522,,
Triple,GFE,BFGS,alpha_x_epsilon_force,"0.1,10",worst_displacement_a,1,1,0,1.5696750961045198,1.5696750961045198,1.5696750961045198,1.5696750961045198,1.5696750961045198,,
Triple,GFE,BFGS,alpha_x_epsilon_force,"0.1,10",minimum_stiffness_n_m,1,1,0,0.0013519485262651432,0.0013519485262651432,0.0013519485262651432,0.0013519485262651432,0.0013519485262651432,,
Triple,GFE,BFGS,alpha_x_epsilon_force,"0.1,10",common_nominal_loss_std_n_m,1,1,0,0.004708777994612132,0.004708777994612132,0.004708777994612132,0.004708777994612132,0.004708777994612132,,
Triple,GFE,BFGS,alpha_x_epsilon_force,"1,0.1",solve_wall_s,1,1,0,12.392449299994041,12.392449299994041,12.392449299994041,12.392449299994041,12.392449299994041,,
Triple,GFE,BFGS,alpha_x_epsilon_force,"1,0.1",iterations,1,1,0,3397.0,3397.0,3397.0,3397.0,3397.0,,
Triple,GFE,BFGS,alpha_x_epsilon_force,"1,0.1",evaluations,1,1,0,3526.0,3526.0,3526.0,3526.0,3526.0,,
Triple,GFE,BFGS,alpha_x_epsilon_force,"1,0.1",terminal_gradient_l2,1,1,0,4.200665668556586e-08,4.200665668556586e-08,4.200665668556586e-08,4.200665668556586e-08,4.200665668556586e-08,,
Triple,GFE,BFGS,alpha_x_epsilon_force,"1,0.1",terminal_gradient_inf,1,1,0,9.322856790883944e-09,9.322856790883944e-09,9.322856790883944e-09,9.322856790883944e-09,9.322856790883944e-09,,
Triple,GFE,BFGS,alpha_x_epsilon_force,"1,0.1",relative_gradient_l2,1,1,0,1.3990499825447486e-06,1.3990499825447486e-06,1.3990499825447486e-06,1.3990499825447486e-06,1.3990499825447486e-06,,
Triple,GFE,BFGS,alpha_x_epsilon_force,"1,0.1",objective_n_m,1,1,0,-0.049641882384681334,-0.049641882384681334,-0.049641882384681334,-0.049641882384681334,-0.049641882384681334,,
Triple,GFE,BFGS,alpha_x_epsilon_force,"1,0.1",surrogate_residual_n,1,1,0,1.3498435996244973e-09,1.3498435996244973e-09,1.3498435996244973e-09,1.3498435996244973e-09,1.3498435996244973e-09,,
Triple,GFE,BFGS,alpha_x_epsilon_force,"1,0.1",command_cosine_to_fixed_GFE,1,1,0,0.9999989985176196,0.9999989985176196,0.9999989985176196,0.9999989985176196,0.9999989985176196,,
Triple,GFE,BFGS,alpha_x_epsilon_force,"1,0.1",field_cosine_to_fixed_GFE,1,1,0,0.9999994386485518,0.9999994386485518,0.9999994386485518,0.9999994386485518,0.9999994386485518,,
Triple,GFE,BFGS,alpha_x_epsilon_force,"1,0.1",worst_displacement_a,1,1,0,0.4631097423127537,0.4631097423127537,0.4631097423127537,0.4631097423127537,0.4631097423127537,,
Triple,GFE,BFGS,alpha_x_epsilon_force,"1,0.1",minimum_stiffness_n_m,1,1,0,0.0013171293033783027,0.0013171293033783027,0.0013171293033783027,0.0013171293033783027,0.0013171293033783027,,
Triple,GFE,BFGS,alpha_x_epsilon_force,"1,0.1",common_nominal_loss_std_n_m,1,1,0,3.3846037315130176e-06,3.3846037315130176e-06,3.3846037315130176e-06,3.3846037315130176e-06,3.3846037315130176e-06,,
Triple,GFE,BFGS,alpha_x_epsilon_force,"1,1",solve_wall_s,1,1,0,9.424814900005003,9.424814900005003,9.424814900005003,9.424814900005003,9.424814900005003,,
Triple,GFE,BFGS,alpha_x_epsilon_force,"1,1",iterations,1,1,0,2777.0,2777.0,2777.0,2777.0,2777.0,,
Triple,GFE,BFGS,alpha_x_epsilon_force,"1,1",evaluations,1,1,0,2871.0,2871.0,2871.0,2871.0,2871.0,,
Triple,GFE,BFGS,alpha_x_epsilon_force,"1,1",terminal_gradient_l2,1,1,0,3.307155120464556e-08,3.307155120464556e-08,3.307155120464556e-08,3.307155120464556e-08,3.307155120464556e-08,,
Triple,GFE,BFGS,alpha_x_epsilon_force,"1,1",terminal_gradient_inf,1,1,0,9.894782154094378e-09,9.894782154094378e-09,9.894782154094378e-09,9.894782154094378e-09,9.894782154094378e-09,,
Triple,GFE,BFGS,alpha_x_epsilon_force,"1,1",relative_gradient_l2,1,1,0,1.1014633748299583e-06,1.1014633748299583e-06,1.1014633748299583e-06,1.1014633748299583e-06,1.1014633748299583e-06,,
Triple,GFE,BFGS,alpha_x_epsilon_force,"1,1",objective_n_m,1,1,0,-0.049648932268539954,-0.049648932268539954,-0.049648932268539954,-0.049648932268539954,-0.049648932268539954,,
Triple,GFE,BFGS,alpha_x_epsilon_force,"1,1",surrogate_residual_n,1,1,0,1.3345442864029888e-08,1.3345442864029888e-08,1.3345442864029888e-08,1.3345442864029888e-08,1.3345442864029888e-08,,
Triple,GFE,BFGS,alpha_x_epsilon_force,"1,1",command_cosine_to_fixed_GFE,1,1,0,1.0,1.0,1.0,1.0,1.0,,
Triple,GFE,BFGS,alpha_x_epsilon_force,"1,1",field_cosine_to_fixed_GFE,1,1,0,0.9999999999999994,0.9999999999999994,0.9999999999999994,0.9999999999999994,0.9999999999999994,,
Triple,GFE,BFGS,alpha_x_epsilon_force,"1,1",worst_displacement_a,1,1,0,0.45796753839851656,0.45796753839851656,0.45796753839851656,0.45796753839851656,0.45796753839851656,,
Triple,GFE,BFGS,alpha_x_epsilon_force,"1,1",minimum_stiffness_n_m,1,1,0,0.001312184169728167,0.001312184169728167,0.001312184169728167,0.001312184169728167,0.001312184169728167,,
Triple,GFE,BFGS,alpha_x_epsilon_force,"1,1",common_nominal_loss_std_n_m,1,1,0,3.618937673684308e-06,3.618937673684308e-06,3.618937673684308e-06,3.618937673684308e-06,3.618937673684308e-06,,
Triple,GFE,BFGS,alpha_x_epsilon_force,"1,10",solve_wall_s,1,1,0,9.161581100008334,9.161581100008334,9.161581100008334,9.161581100008334,9.161581100008334,,
Triple,GFE,BFGS,alpha_x_epsilon_force,"1,10",iterations,1,1,0,2228.0,2228.0,2228.0,2228.0,2228.0,,
Triple,GFE,BFGS,alpha_x_epsilon_force,"1,10",evaluations,1,1,0,2325.0,2325.0,2325.0,2325.0,2325.0,,
Triple,GFE,BFGS,alpha_x_epsilon_force,"1,10",terminal_gradient_l2,1,1,0,3.032654472970127e-08,3.032654472970127e-08,3.032654472970127e-08,3.032654472970127e-08,3.032654472970127e-08,,
Triple,GFE,BFGS,alpha_x_epsilon_force,"1,10",terminal_gradient_inf,1,1,0,8.565137219096366e-09,8.565137219096366e-09,8.565137219096366e-09,8.565137219096366e-09,8.565137219096366e-09,,
Triple,GFE,BFGS,alpha_x_epsilon_force,"1,10",relative_gradient_l2,1,1,0,1.0101278424722984e-06,1.0101278424722984e-06,1.0101278424722984e-06,1.0101278424722984e-06,1.0101278424722984e-06,,
Triple,GFE,BFGS,alpha_x_epsilon_force,"1,10",objective_n_m,1,1,0,-0.04971520933494229,-0.04971520933494229,-0.04971520933494229,-0.04971520933494229,-0.04971520933494229,,
Triple,GFE,BFGS,alpha_x_epsilon_force,"1,10",surrogate_residual_n,1,1,0,1.2108564843439386e-07,1.2108564843439386e-07,1.2108564843439386e-07,1.2108564843439386e-07,1.2108564843439386e-07,,
Triple,GFE,BFGS,alpha_x_epsilon_force,"1,10",command_cosine_to_fixed_GFE,1,1,0,0.999920309603632,0.999920309603632,0.999920309603632,0.999920309603632,0.999920309603632,,
Triple,GFE,BFGS,alpha_x_epsilon_force,"1,10",field_cosine_to_fixed_GFE,1,1,0,0.9999557745539829,0.9999557745539829,0.9999557745539829,0.9999557745539829,0.9999557745539829,,
Triple,GFE,BFGS,alpha_x_epsilon_force,"1,10",worst_displacement_a,1,1,0,0.4088275480836314,0.4088275480836314,0.4088275480836314,0.4088275480836314,0.4088275480836314,,
Triple,GFE,BFGS,alpha_x_epsilon_force,"1,10",minimum_stiffness_n_m,1,1,0,0.0012718004120296866,0.0012718004120296866,0.0012718004120296866,0.0012718004120296866,0.0012718004120296866,,
Triple,GFE,BFGS,alpha_x_epsilon_force,"1,10",common_nominal_loss_std_n_m,1,1,0,3.3351886681174426e-05,3.3351886681174426e-05,3.3351886681174426e-05,3.3351886681174426e-05,3.3351886681174426e-05,,
Triple,GFE,BFGS,alpha_x_epsilon_force,"10,0.1",solve_wall_s,1,1,0,56.37943409998843,56.37943409998843,56.37943409998843,56.37943409998843,56.37943409998843,,
Triple,GFE,BFGS,alpha_x_epsilon_force,"10,0.1",iterations,1,1,0,15429.0,15429.0,15429.0,15429.0,15429.0,,
Triple,GFE,BFGS,alpha_x_epsilon_force,"10,0.1",evaluations,1,1,0,15947.0,15947.0,15947.0,15947.0,15947.0,,
Triple,GFE,BFGS,alpha_x_epsilon_force,"10,0.1",terminal_gradient_l2,1,1,0,3.9029172112626735e-08,3.9029172112626735e-08,3.9029172112626735e-08,3.9029172112626735e-08,3.9029172112626735e-08,,
Triple,GFE,BFGS,alpha_x_epsilon_force,"10,0.1",terminal_gradient_inf,1,1,0,7.015636358112472e-09,7.015636358112472e-09,7.015636358112472e-09,7.015636358112472e-09,7.015636358112472e-09,,
Triple,GFE,BFGS,alpha_x_epsilon_force,"10,0.1",relative_gradient_l2,1,1,0,1.0859936986614858e-06,1.0859936986614858e-06,1.0859936986614858e-06,1.0859936986614858e-06,1.0859936986614858e-06,,
Triple,GFE,BFGS,alpha_x_epsilon_force,"10,0.1",objective_n_m,1,1,0,-0.049641164718481304,-0.049641164718481304,-0.049641164718481304,-0.049641164718481304,-0.049641164718481304,,
Triple,GFE,BFGS,alpha_x_epsilon_force,"10,0.1",surrogate_residual_n,1,1,0,9.368998693261996e-11,9.368998693261996e-11,9.368998693261996e-11,9.368998693261996e-11,9.368998693261996e-11,,
Triple,GFE,BFGS,alpha_x_epsilon_force,"10,0.1",command_cosine_to_fixed_GFE,1,1,0,0.7693335281406243,0.7693335281406243,0.7693335281406243,0.7693335281406243,0.7693335281406243,,
Triple,GFE,BFGS,alpha_x_epsilon_force,"10,0.1",field_cosine_to_fixed_GFE,1,1,0,0.8491580770684544,0.8491580770684544,0.8491580770684544,0.8491580770684544,0.8491580770684544,,
Triple,GFE,BFGS,alpha_x_epsilon_force,"10,0.1",worst_displacement_a,1,1,0,0.463622346285172,0.463622346285172,0.463622346285172,0.463622346285172,0.463622346285172,,
Triple,GFE,BFGS,alpha_x_epsilon_force,"10,0.1",minimum_stiffness_n_m,1,1,0,0.0013186572495646933,0.0013186572495646933,0.0013186572495646933,0.0013186572495646933,0.0013186572495646933,,
Triple,GFE,BFGS,alpha_x_epsilon_force,"10,0.1",common_nominal_loss_std_n_m,1,1,0,3.6684953926072806e-06,3.6684953926072806e-06,3.6684953926072806e-06,3.6684953926072806e-06,3.6684953926072806e-06,,
Triple,GFE,BFGS,alpha_x_epsilon_force,"10,1",solve_wall_s,1,1,0,14.001133000012487,14.001133000012487,14.001133000012487,14.001133000012487,14.001133000012487,,
Triple,GFE,BFGS,alpha_x_epsilon_force,"10,1",iterations,1,1,0,3676.0,3676.0,3676.0,3676.0,3676.0,,
Triple,GFE,BFGS,alpha_x_epsilon_force,"10,1",evaluations,1,1,0,3858.0,3858.0,3858.0,3858.0,3858.0,,
Triple,GFE,BFGS,alpha_x_epsilon_force,"10,1",terminal_gradient_l2,1,1,0,8.899290230053392e-08,8.899290230053392e-08,8.899290230053392e-08,8.899290230053392e-08,8.899290230053392e-08,,
Triple,GFE,BFGS,alpha_x_epsilon_force,"10,1",terminal_gradient_inf,1,1,0,1.934645125611906e-08,1.934645125611906e-08,1.934645125611906e-08,1.934645125611906e-08,1.934645125611906e-08,,
Triple,GFE,BFGS,alpha_x_epsilon_force,"10,1",relative_gradient_l2,1,1,0,2.4762689235974e-06,2.4762689235974e-06,2.4762689235974e-06,2.4762689235974e-06,2.4762689235974e-06,,
Triple,GFE,BFGS,alpha_x_epsilon_force,"10,1",objective_n_m,1,1,0,-0.049641791508478146,-0.049641791508478146,-0.049641791508478146,-0.049641791508478146,-0.049641791508478146,,
Triple,GFE,BFGS,alpha_x_epsilon_force,"10,1",surrogate_residual_n,1,1,0,9.365450106041112e-10,9.365450106041112e-10,9.365450106041112e-10,9.365450106041112e-10,9.365450106041112e-10,,
Triple,GFE,BFGS,alpha_x_epsilon_force,"10,1",command_cosine_to_fixed_GFE,1,1,0,0.7693536725573804,0.7693536725573804,0.7693536725573804,0.7693536725573804,0.7693536725573804,,
Triple,GFE,BFGS,alpha_x_epsilon_force,"10,1",field_cosine_to_fixed_GFE,1,1,0,0.8491747832871077,0.8491747832871077,0.8491747832871077,0.8491747832871077,0.8491747832871077,,
Triple,GFE,BFGS,alpha_x_epsilon_force,"10,1",worst_displacement_a,1,1,0,0.4631657450155839,0.4631657450155839,0.4631657450155839,0.4631657450155839,0.4631657450155839,,
Triple,GFE,BFGS,alpha_x_epsilon_force,"10,1",minimum_stiffness_n_m,1,1,0,0.001317314315691457,0.001317314315691457,0.001317314315691457,0.001317314315691457,0.001317314315691457,,
Triple,GFE,BFGS,alpha_x_epsilon_force,"10,1",common_nominal_loss_std_n_m,1,1,0,3.550380875835087e-06,3.550380875835087e-06,3.550380875835087e-06,3.550380875835087e-06,3.550380875835087e-06,,
Triple,GFE,BFGS,alpha_x_epsilon_force,"10,10",solve_wall_s,1,1,0,8.18165329999465,8.18165329999465,8.18165329999465,8.18165329999465,8.18165329999465,,
Triple,GFE,BFGS,alpha_x_epsilon_force,"10,10",iterations,1,1,0,2158.0,2158.0,2158.0,2158.0,2158.0,,
Triple,GFE,BFGS,alpha_x_epsilon_force,"10,10",evaluations,1,1,0,2238.0,2238.0,2238.0,2238.0,2238.0,,
Triple,GFE,BFGS,alpha_x_epsilon_force,"10,10",terminal_gradient_l2,1,1,0,3.642589767836933e-08,3.642589767836933e-08,3.642589767836933e-08,3.642589767836933e-08,3.642589767836933e-08,,
Triple,GFE,BFGS,alpha_x_epsilon_force,"10,10",terminal_gradient_inf,1,1,0,8.507030489766614e-09,8.507030489766614e-09,8.507030489766614e-09,8.507030489766614e-09,8.507030489766614e-09,,
Triple,GFE,BFGS,alpha_x_epsilon_force,"10,10",relative_gradient_l2,1,1,0,1.0146037756716938e-06,1.0146037756716938e-06,1.0146037756716938e-06,1.0146037756716938e-06,1.0146037756716938e-06,,
Triple,GFE,BFGS,alpha_x_epsilon_force,"10,10",objective_n_m,1,1,0,-0.049648031729459086,-0.049648031729459086,-0.049648031729459086,-0.049648031729459086,-0.049648031729459086,,
Triple,GFE,BFGS,alpha_x_epsilon_force,"10,10",surrogate_residual_n,1,1,0,9.330971947968409e-09,9.330971947968409e-09,9.330971947968409e-09,9.330971947968409e-09,9.330971947968409e-09,,
Triple,GFE,BFGS,alpha_x_epsilon_force,"10,10",command_cosine_to_fixed_GFE,1,1,0,0.7695642505259189,0.7695642505259189,0.7695642505259189,0.7695642505259189,0.7695642505259189,,
Triple,GFE,BFGS,alpha_x_epsilon_force,"10,10",field_cosine_to_fixed_GFE,1,1,0,0.8493482908086214,0.8493482908086214,0.8493482908086214,0.8493482908086214,0.8493482908086214,,
Triple,GFE,BFGS,alpha_x_epsilon_force,"10,10",worst_displacement_a,1,1,0,0.45865537093254066,0.45865537093254066,0.45865537093254066,0.45865537093254066,0.45865537093254066,,
Triple,GFE,BFGS,alpha_x_epsilon_force,"10,10",minimum_stiffness_n_m,1,1,0,0.0013138336030218763,0.0013138336030218763,0.0013138336030218763,0.0013138336030218763,0.0013138336030218763,,
Triple,GFE,BFGS,alpha_x_epsilon_force,"10,10",common_nominal_loss_std_n_m,1,1,0,3.5144486871939514e-06,3.5144486871939514e-06,3.5144486871939514e-06,3.5144486871939514e-06,3.5144486871939514e-06,,
Triple,GFE,BFGS,axial_ratio_factor,0.1,solve_wall_s,1,1,0,5.194745200002217,5.194745200002217,5.194745200002217,5.194745200002217,5.194745200002217,,
Triple,GFE,BFGS,axial_ratio_factor,0.1,iterations,1,1,0,1454.0,1454.0,1454.0,1454.0,1454.0,,
Triple,GFE,BFGS,axial_ratio_factor,0.1,evaluations,1,1,0,1522.0,1522.0,1522.0,1522.0,1522.0,,
Triple,GFE,BFGS,axial_ratio_factor,0.1,terminal_gradient_l2,1,1,0,3.153773223247026e-08,3.153773223247026e-08,3.153773223247026e-08,3.153773223247026e-08,3.153773223247026e-08,,
Triple,GFE,BFGS,axial_ratio_factor,0.1,terminal_gradient_inf,1,1,0,9.339007734068187e-09,9.339007734068187e-09,9.339007734068187e-09,9.339007734068187e-09,9.339007734068187e-09,,
Triple,GFE,BFGS,axial_ratio_factor,0.1,relative_gradient_l2,1,1,0,1.0647013447997371e-06,1.0647013447997371e-06,1.0647013447997371e-06,1.0647013447997371e-06,1.0647013447997371e-06,,
Triple,GFE,BFGS,axial_ratio_factor,0.1,objective_n_m,1,1,0,-0.1371863612402519,-0.1371863612402519,-0.1371863612402519,-0.1371863612402519,-0.1371863612402519,,
Triple,GFE,BFGS,axial_ratio_factor,0.1,surrogate_residual_n,1,1,0,2.15901657458376e-06,2.15901657458376e-06,2.15901657458376e-06,2.15901657458376e-06,2.15901657458376e-06,,
Triple,GFE,BFGS,axial_ratio_factor,0.1,command_cosine_to_fixed_GFE,1,1,0,0.9490925573785357,0.9490925573785357,0.9490925573785357,0.9490925573785357,0.9490925573785357,,
Triple,GFE,BFGS,axial_ratio_factor,0.1,field_cosine_to_fixed_GFE,1,1,0,0.9760410356192136,0.9760410356192136,0.9760410356192136,0.9760410356192136,0.9760410356192136,,
Triple,GFE,BFGS,axial_ratio_factor,0.1,worst_displacement_a,1,1,0,0.5544753791281978,0.5544753791281978,0.5544753791281978,0.5544753791281978,0.5544753791281978,,
Triple,GFE,BFGS,axial_ratio_factor,0.1,minimum_stiffness_n_m,1,1,0,0.001235848105648788,0.001235848105648788,0.001235848105648788,0.001235848105648788,0.001235848105648788,,
Triple,GFE,BFGS,axial_ratio_factor,0.1,common_nominal_loss_std_n_m,1,1,0,0.0014029705941348797,0.0014029705941348797,0.0014029705941348797,0.0014029705941348797,0.0014029705941348797,,
Triple,GFE,BFGS,axial_ratio_factor,0.3,solve_wall_s,1,1,0,6.561071100004483,6.561071100004483,6.561071100004483,6.561071100004483,6.561071100004483,,
Triple,GFE,BFGS,axial_ratio_factor,0.3,iterations,1,1,0,1908.0,1908.0,1908.0,1908.0,1908.0,,
Triple,GFE,BFGS,axial_ratio_factor,0.3,evaluations,1,1,0,1989.0,1989.0,1989.0,1989.0,1989.0,,
Triple,GFE,BFGS,axial_ratio_factor,0.3,terminal_gradient_l2,1,1,0,3.542666523953075e-08,3.542666523953075e-08,3.542666523953075e-08,3.542666523953075e-08,3.542666523953075e-08,,
Triple,GFE,BFGS,axial_ratio_factor,0.3,terminal_gradient_inf,1,1,0,9.168346044833458e-09,9.168346044833458e-09,9.168346044833458e-09,9.168346044833458e-09,9.168346044833458e-09,,
Triple,GFE,BFGS,axial_ratio_factor,0.3,relative_gradient_l2,1,1,0,1.1884676262506385e-06,1.1884676262506385e-06,1.1884676262506385e-06,1.1884676262506385e-06,1.1884676262506385e-06,,
Triple,GFE,BFGS,axial_ratio_factor,0.3,objective_n_m,1,1,0,-0.0894459052542131,-0.0894459052542131,-0.0894459052542131,-0.0894459052542131,-0.0894459052542131,,
Triple,GFE,BFGS,axial_ratio_factor,0.3,surrogate_residual_n,1,1,0,3.9261547081972716e-07,3.9261547081972716e-07,3.9261547081972716e-07,3.9261547081972716e-07,3.9261547081972716e-07,,
Triple,GFE,BFGS,axial_ratio_factor,0.3,command_cosine_to_fixed_GFE,1,1,0,0.9781442602409485,0.9781442602409485,0.9781442602409485,0.9781442602409485,0.9781442602409485,,
Triple,GFE,BFGS,axial_ratio_factor,0.3,field_cosine_to_fixed_GFE,1,1,0,0.9903409396634205,0.9903409396634205,0.9903409396634205,0.9903409396634205,0.9903409396634205,,
Triple,GFE,BFGS,axial_ratio_factor,0.3,worst_displacement_a,1,1,0,0.4343016649463707,0.4343016649463707,0.4343016649463707,0.4343016649463707,0.4343016649463707,,
Triple,GFE,BFGS,axial_ratio_factor,0.3,minimum_stiffness_n_m,1,1,0,0.0012771398778542472,0.0012771398778542472,0.0012771398778542472,0.0012771398778542472,0.0012771398778542472,,
Triple,GFE,BFGS,axial_ratio_factor,0.3,common_nominal_loss_std_n_m,1,1,0,0.00038963114606320747,0.00038963114606320747,0.00038963114606320747,0.00038963114606320747,0.00038963114606320747,,
Triple,GFE,BFGS,axial_ratio_factor,0.5,solve_wall_s,1,1,0,7.061059100000421,7.061059100000421,7.061059100000421,7.061059100000421,7.061059100000421,,
Triple,GFE,BFGS,axial_ratio_factor,0.5,iterations,1,1,0,2003.0,2003.0,2003.0,2003.0,2003.0,,
Triple,GFE,BFGS,axial_ratio_factor,0.5,evaluations,1,1,0,2079.0,2079.0,2079.0,2079.0,2079.0,,
Triple,GFE,BFGS,axial_ratio_factor,0.5,terminal_gradient_l2,1,1,0,3.1112195644134735e-08,3.1112195644134735e-08,3.1112195644134735e-08,3.1112195644134735e-08,3.1112195644134735e-08,,
Triple,GFE,BFGS,axial_ratio_factor,0.5,terminal_gradient_inf,1,1,0,9.534928830200857e-09,9.534928830200857e-09,9.534928830200857e-09,9.534928830200857e-09,9.534928830200857e-09,,
Triple,GFE,BFGS,axial_ratio_factor,0.5,relative_gradient_l2,1,1,0,1.0402407609390477e-06,1.0402407609390477e-06,1.0402407609390477e-06,1.0402407609390477e-06,1.0402407609390477e-06,,
Triple,GFE,BFGS,axial_ratio_factor,0.5,objective_n_m,1,1,0,-0.06969736376996952,-0.06969736376996952,-0.06969736376996952,-0.06969736376996952,-0.06969736376996952,,
Triple,GFE,BFGS,axial_ratio_factor,0.5,surrogate_residual_n,1,1,0,6.949891078984967e-08,6.949891078984967e-08,6.949891078984967e-08,6.949891078984967e-08,6.949891078984967e-08,,
Triple,GFE,BFGS,axial_ratio_factor,0.5,command_cosine_to_fixed_GFE,1,1,0,0.9890348353749602,0.9890348353749602,0.9890348353749602,0.9890348353749602,0.9890348353749602,,
Triple,GFE,BFGS,axial_ratio_factor,0.5,field_cosine_to_fixed_GFE,1,1,0,0.9956143437702552,0.9956143437702552,0.9956143437702552,0.9956143437702552,0.9956143437702552,,
Triple,GFE,BFGS,axial_ratio_factor,0.5,worst_displacement_a,1,1,0,0.44823979054525337,0.44823979054525337,0.44823979054525337,0.44823979054525337,0.44823979054525337,,
Triple,GFE,BFGS,axial_ratio_factor,0.5,minimum_stiffness_n_m,1,1,0,0.00129759159288255,0.00129759159288255,0.00129759159288255,0.00129759159288255,0.00129759159288255,,
Triple,GFE,BFGS,axial_ratio_factor,0.5,common_nominal_loss_std_n_m,1,1,0,0.00020134474417173994,0.00020134474417173994,0.00020134474417173994,0.00020134474417173994,0.00020134474417173994,,
Triple,GFE,BFGS,axial_ratio_factor,1.0,solve_wall_s,1,1,0,9.424814900005003,9.424814900005003,9.424814900005003,9.424814900005003,9.424814900005003,,
Triple,GFE,BFGS,axial_ratio_factor,1.0,iterations,1,1,0,2777.0,2777.0,2777.0,2777.0,2777.0,,
Triple,GFE,BFGS,axial_ratio_factor,1.0,evaluations,1,1,0,2871.0,2871.0,2871.0,2871.0,2871.0,,
Triple,GFE,BFGS,axial_ratio_factor,1.0,terminal_gradient_l2,1,1,0,3.307155120464556e-08,3.307155120464556e-08,3.307155120464556e-08,3.307155120464556e-08,3.307155120464556e-08,,
Triple,GFE,BFGS,axial_ratio_factor,1.0,terminal_gradient_inf,1,1,0,9.894782154094378e-09,9.894782154094378e-09,9.894782154094378e-09,9.894782154094378e-09,9.894782154094378e-09,,
Triple,GFE,BFGS,axial_ratio_factor,1.0,relative_gradient_l2,1,1,0,1.1014633748299583e-06,1.1014633748299583e-06,1.1014633748299583e-06,1.1014633748299583e-06,1.1014633748299583e-06,,
Triple,GFE,BFGS,axial_ratio_factor,1.0,objective_n_m,1,1,0,-0.049648932268539954,-0.049648932268539954,-0.049648932268539954,-0.049648932268539954,-0.049648932268539954,,
Triple,GFE,BFGS,axial_ratio_factor,1.0,surrogate_residual_n,1,1,0,1.3345442864029888e-08,1.3345442864029888e-08,1.3345442864029888e-08,1.3345442864029888e-08,1.3345442864029888e-08,,
Triple,GFE,BFGS,axial_ratio_factor,1.0,command_cosine_to_fixed_GFE,1,1,0,1.0,1.0,1.0,1.0,1.0,,
Triple,GFE,BFGS,axial_ratio_factor,1.0,field_cosine_to_fixed_GFE,1,1,0,0.9999999999999994,0.9999999999999994,0.9999999999999994,0.9999999999999994,0.9999999999999994,,
Triple,GFE,BFGS,axial_ratio_factor,1.0,worst_displacement_a,1,1,0,0.45796753839851656,0.45796753839851656,0.45796753839851656,0.45796753839851656,0.45796753839851656,,
Triple,GFE,BFGS,axial_ratio_factor,1.0,minimum_stiffness_n_m,1,1,0,0.001312184169728167,0.001312184169728167,0.001312184169728167,0.001312184169728167,0.001312184169728167,,
Triple,GFE,BFGS,axial_ratio_factor,1.0,common_nominal_loss_std_n_m,1,1,0,3.618937673684308e-06,3.618937673684308e-06,3.618937673684308e-06,3.618937673684308e-06,3.618937673684308e-06,,
Triple,GFE,BFGS,axial_ratio_factor,2.0,solve_wall_s,1,1,0,28.640664099992136,28.640664099992136,28.640664099992136,28.640664099992136,28.640664099992136,,
Triple,GFE,BFGS,axial_ratio_factor,2.0,iterations,1,1,0,8952.0,8952.0,8952.0,8952.0,8952.0,,
Triple,GFE,BFGS,axial_ratio_factor,2.0,evaluations,1,1,0,9168.0,9168.0,9168.0,9168.0,9168.0,,
Triple,GFE,BFGS,axial_ratio_factor,2.0,terminal_gradient_l2,1,1,0,4.0026058256583474e-08,4.0026058256583474e-08,4.0026058256583474e-08,4.0026058256583474e-08,4.0026058256583474e-08,,
Triple,GFE,BFGS,axial_ratio_factor,2.0,terminal_gradient_inf,1,1,0,8.98922858393576e-09,8.98922858393576e-09,8.98922858393576e-09,8.98922858393576e-09,8.98922858393576e-09,,
Triple,GFE,BFGS,axial_ratio_factor,2.0,relative_gradient_l2,1,1,0,1.3295177521125226e-06,1.3295177521125226e-06,1.3295177521125226e-06,1.3295177521125226e-06,1.3295177521125226e-06,,
Triple,GFE,BFGS,axial_ratio_factor,2.0,objective_n_m,1,1,0,-0.03754171572459246,-0.03754171572459246,-0.03754171572459246,-0.03754171572459246,-0.03754171572459246,,
Triple,GFE,BFGS,axial_ratio_factor,2.0,surrogate_residual_n,1,1,0,1.0305944438086875e-08,1.0305944438086875e-08,1.0305944438086875e-08,1.0305944438086875e-08,1.0305944438086875e-08,,
Triple,GFE,BFGS,axial_ratio_factor,2.0,command_cosine_to_fixed_GFE,1,1,0,0.7705044660143283,0.7705044660143283,0.7705044660143283,0.7705044660143283,0.7705044660143283,,
Triple,GFE,BFGS,axial_ratio_factor,2.0,field_cosine_to_fixed_GFE,1,1,0,0.8463405046474801,0.8463405046474801,0.8463405046474801,0.8463405046474801,0.8463405046474801,,
Triple,GFE,BFGS,axial_ratio_factor,2.0,worst_displacement_a,1,1,0,0.46279838910905685,0.46279838910905685,0.46279838910905685,0.46279838910905685,0.46279838910905685,,
Triple,GFE,BFGS,axial_ratio_factor,2.0,minimum_stiffness_n_m,1,1,0,0.0012141586631981246,0.0012141586631981246,0.0012141586631981246,0.0012141586631981246,0.0012141586631981246,,
Triple,GFE,BFGS,axial_ratio_factor,2.0,common_nominal_loss_std_n_m,1,1,0,0.0007759628587447961,0.0007759628587447961,0.0007759628587447961,0.0007759628587447961,0.0007759628587447961,,
Triple,GFE,BFGS,axial_ratio_factor,3.0,solve_wall_s,1,1,0,9.694613000014215,9.694613000014215,9.694613000014215,9.694613000014215,9.694613000014215,,
Triple,GFE,BFGS,axial_ratio_factor,3.0,iterations,1,1,0,2806.0,2806.0,2806.0,2806.0,2806.0,,
Triple,GFE,BFGS,axial_ratio_factor,3.0,evaluations,1,1,0,2925.0,2925.0,2925.0,2925.0,2925.0,,
Triple,GFE,BFGS,axial_ratio_factor,3.0,terminal_gradient_l2,1,1,0,2.1975787674632513e-08,2.1975787674632513e-08,2.1975787674632513e-08,2.1975787674632513e-08,2.1975787674632513e-08,,
Triple,GFE,BFGS,axial_ratio_factor,3.0,terminal_gradient_inf,1,1,0,9.249202918384697e-09,9.249202918384697e-09,9.249202918384697e-09,9.249202918384697e-09,9.249202918384697e-09,,
Triple,GFE,BFGS,axial_ratio_factor,3.0,relative_gradient_l2,1,1,0,7.291911767460545e-07,7.291911767460545e-07,7.291911767460545e-07,7.291911767460545e-07,7.291911767460545e-07,,
Triple,GFE,BFGS,axial_ratio_factor,3.0,objective_n_m,1,1,0,-0.0296961054149538,-0.0296961054149538,-0.0296961054149538,-0.0296961054149538,-0.0296961054149538,,
Triple,GFE,BFGS,axial_ratio_factor,3.0,surrogate_residual_n,1,1,0,1.117107532371164e-08,1.117107532371164e-08,1.117107532371164e-08,1.117107532371164e-08,1.117107532371164e-08,,
Triple,GFE,BFGS,axial_ratio_factor,3.0,command_cosine_to_fixed_GFE,1,1,0,0.2906328314655111,0.2906328314655111,0.2906328314655111,0.2906328314655111,0.2906328314655111,,
Triple,GFE,BFGS,axial_ratio_factor,3.0,field_cosine_to_fixed_GFE,1,1,0,0.2942300279223344,0.2942300279223344,0.2942300279223344,0.2942300279223344,0.2942300279223344,,
Triple,GFE,BFGS,axial_ratio_factor,3.0,worst_displacement_a,1,1,0,0.45612186510706815,0.45612186510706815,0.45612186510706815,0.45612186510706815,0.45612186510706815,,
Triple,GFE,BFGS,axial_ratio_factor,3.0,minimum_stiffness_n_m,1,1,0,-0.0013406846884404212,-0.0013406846884404212,-0.0013406846884404212,-0.0013406846884404212,-0.0013406846884404212,,
Triple,GFE,BFGS,axial_ratio_factor,3.0,common_nominal_loss_std_n_m,1,1,0,0.0036902596057139837,0.0036902596057139837,0.0036902596057139837,0.0036902596057139837,0.0036902596057139837,,
Triple,GFE,BFGS,axial_ratio_factor,10.0,solve_wall_s,1,1,0,13.423734800002421,13.423734800002421,13.423734800002421,13.423734800002421,13.423734800002421,,
Triple,GFE,BFGS,axial_ratio_factor,10.0,iterations,1,1,0,3704.0,3704.0,3704.0,3704.0,3704.0,,
Triple,GFE,BFGS,axial_ratio_factor,10.0,evaluations,1,1,0,3896.0,3896.0,3896.0,3896.0,3896.0,,
Triple,GFE,BFGS,axial_ratio_factor,10.0,terminal_gradient_l2,1,1,0,2.3382824766204546e-08,2.3382824766204546e-08,2.3382824766204546e-08,2.3382824766204546e-08,2.3382824766204546e-08,,
Triple,GFE,BFGS,axial_ratio_factor,10.0,terminal_gradient_inf,1,1,0,6.165691659575445e-09,6.165691659575445e-09,6.165691659575445e-09,6.165691659575445e-09,6.165691659575445e-09,,
Triple,GFE,BFGS,axial_ratio_factor,10.0,relative_gradient_l2,1,1,0,7.746218499546092e-07,7.746218499546092e-07,7.746218499546092e-07,7.746218499546092e-07,7.746218499546092e-07,,
Triple,GFE,BFGS,axial_ratio_factor,10.0,objective_n_m,1,1,0,-0.027492933830703007,-0.027492933830703007,-0.027492933830703007,-0.027492933830703007,-0.027492933830703007,,
Triple,GFE,BFGS,axial_ratio_factor,10.0,surrogate_residual_n,1,1,0,5.827643647609613e-07,5.827643647609613e-07,5.827643647609613e-07,5.827643647609613e-07,5.827643647609613e-07,,
Triple,GFE,BFGS,axial_ratio_factor,10.0,command_cosine_to_fixed_GFE,1,1,0,0.39260087998222676,0.39260087998222676,0.39260087998222676,0.39260087998222676,0.39260087998222676,,
Triple,GFE,BFGS,axial_ratio_factor,10.0,field_cosine_to_fixed_GFE,1,1,0,0.3977196799333972,0.3977196799333972,0.3977196799333972,0.3977196799333972,0.3977196799333972,,
Triple,GFE,BFGS,axial_ratio_factor,10.0,worst_displacement_a,1,0,1,,,,,,,
Triple,GFE,BFGS,axial_ratio_factor,10.0,minimum_stiffness_n_m,1,0,1,,,,,,,
Triple,GFE,BFGS,axial_ratio_factor,10.0,common_nominal_loss_std_n_m,1,1,0,0.006268778948687601,0.006268778948687601,0.006268778948687601,0.006268778948687601,0.006268778948687601,,
Triple,GFE,BFGS,beta_factor,0.0,solve_wall_s,1,1,0,7.62518309999723,7.62518309999723,7.62518309999723,7.62518309999723,7.62518309999723,,
Triple,GFE,BFGS,beta_factor,0.0,iterations,1,1,0,1901.0,1901.0,1901.0,1901.0,1901.0,,
Triple,GFE,BFGS,beta_factor,0.0,evaluations,1,1,0,1984.0,1984.0,1984.0,1984.0,1984.0,,
Triple,GFE,BFGS,beta_factor,0.0,terminal_gradient_l2,1,1,0,2.99580213210587e-08,2.99580213210587e-08,2.99580213210587e-08,2.99580213210587e-08,2.99580213210587e-08,,
Triple,GFE,BFGS,beta_factor,0.0,terminal_gradient_inf,1,1,0,9.522101145798458e-09,9.522101145798458e-09,9.522101145798458e-09,9.522101145798458e-09,9.522101145798458e-09,,
Triple,GFE,BFGS,beta_factor,0.0,relative_gradient_l2,1,1,0,1.2891621620951327e-05,1.2891621620951327e-05,1.2891621620951327e-05,1.2891621620951327e-05,1.2891621620951327e-05,,
Triple,GFE,BFGS,beta_factor,0.0,objective_n_m,1,1,0,-0.05095068656535276,-0.05095068656535276,-0.05095068656535276,-0.05095068656535276,-0.05095068656535276,,
Triple,GFE,BFGS,beta_factor,0.0,surrogate_residual_n,1,1,0,1.2367905887227393e-08,1.2367905887227393e-08,1.2367905887227393e-08,1.2367905887227393e-08,1.2367905887227393e-08,,
Triple,GFE,BFGS,beta_factor,0.0,command_cosine_to_fixed_GFE,1,1,0,0.9183759439346872,0.9183759439346872,0.9183759439346872,0.9183759439346872,0.9183759439346872,,
Triple,GFE,BFGS,beta_factor,0.0,field_cosine_to_fixed_GFE,1,1,0,0.9332254600852783,0.9332254600852783,0.9332254600852783,0.9332254600852783,0.9332254600852783,,
Triple,GFE,BFGS,beta_factor,0.0,worst_displacement_a,1,1,0,0.5452894649110237,0.5452894649110237,0.5452894649110237,0.5452894649110237,0.5452894649110237,,
Triple,GFE,BFGS,beta_factor,0.0,minimum_stiffness_n_m,1,1,0,0.0013192047751201298,0.0013192047751201298,0.0013192047751201298,0.0013192047751201298,0.0013192047751201298,,
Triple,GFE,BFGS,beta_factor,0.0,common_nominal_loss_std_n_m,1,1,0,0.015748259508740883,0.015748259508740883,0.015748259508740883,0.015748259508740883,0.015748259508740883,,
Triple,GFE,BFGS,beta_factor,0.01,solve_wall_s,1,1,0,7.054144699999597,7.054144699999597,7.054144699999597,7.054144699999597,7.054144699999597,,
Triple,GFE,BFGS,beta_factor,0.01,iterations,1,1,0,2068.0,2068.0,2068.0,2068.0,2068.0,,
Triple,GFE,BFGS,beta_factor,0.01,evaluations,1,1,0,2175.0,2175.0,2175.0,2175.0,2175.0,,
Triple,GFE,BFGS,beta_factor,0.01,terminal_gradient_l2,1,1,0,3.4607627814923316e-08,3.4607627814923316e-08,3.4607627814923316e-08,3.4607627814923316e-08,3.4607627814923316e-08,,
Triple,GFE,BFGS,beta_factor,0.01,terminal_gradient_inf,1,1,0,7.898208860840983e-09,7.898208860840983e-09,7.898208860840983e-09,7.898208860840983e-09,7.898208860840983e-09,,
Triple,GFE,BFGS,beta_factor,0.01,relative_gradient_l2,1,1,0,1.3463944840393058e-05,1.3463944840393058e-05,1.3463944840393058e-05,1.3463944840393058e-05,1.3463944840393058e-05,,
Triple,GFE,BFGS,beta_factor,0.01,objective_n_m,1,1,0,-0.05066223007516024,-0.05066223007516024,-0.05066223007516024,-0.05066223007516024,-0.05066223007516024,,
Triple,GFE,BFGS,beta_factor,0.01,surrogate_residual_n,1,1,0,1.1625736804004207e-08,1.1625736804004207e-08,1.1625736804004207e-08,1.1625736804004207e-08,1.1625736804004207e-08,,
Triple,GFE,BFGS,beta_factor,0.01,command_cosine_to_fixed_GFE,1,1,0,0.9196289781351995,0.9196289781351995,0.9196289781351995,0.9196289781351995,0.9196289781351995,,
Triple,GFE,BFGS,beta_factor,0.01,field_cosine_to_fixed_GFE,1,1,0,0.9351242475450356,0.9351242475450356,0.9351242475450356,0.9351242475450356,0.9351242475450356,,
Triple,GFE,BFGS,beta_factor,0.01,worst_displacement_a,1,1,0,0.5269777974345469,0.5269777974345469,0.5269777974345469,0.5269777974345469,0.5269777974345469,,
Triple,GFE,BFGS,beta_factor,0.01,minimum_stiffness_n_m,1,1,0,0.0013104397962728311,0.0013104397962728311,0.0013104397962728311,0.0013104397962728311,0.0013104397962728311,,
Triple,GFE,BFGS,beta_factor,0.01,common_nominal_loss_std_n_m,1,1,0,0.015477521511755016,0.015477521511755016,0.015477521511755016,0.015477521511755016,0.015477521511755016,,
Triple,GFE,BFGS,beta_factor,0.03,solve_wall_s,1,1,0,7.933201400010148,7.933201400010148,7.933201400010148,7.933201400010148,7.933201400010148,,
Triple,GFE,BFGS,beta_factor,0.03,iterations,1,1,0,2162.0,2162.0,2162.0,2162.0,2162.0,,
Triple,GFE,BFGS,beta_factor,0.03,evaluations,1,1,0,2271.0,2271.0,2271.0,2271.0,2271.0,,
Triple,GFE,BFGS,beta_factor,0.03,terminal_gradient_l2,1,1,0,3.2489291399403494e-08,3.2489291399403494e-08,3.2489291399403494e-08,3.2489291399403494e-08,3.2489291399403494e-08,,
Triple,GFE,BFGS,beta_factor,0.03,terminal_gradient_inf,1,1,0,8.761755626090432e-09,8.761755626090432e-09,8.761755626090432e-09,8.761755626090432e-09,8.761755626090432e-09,,
Triple,GFE,BFGS,beta_factor,0.03,relative_gradient_l2,1,1,0,1.0489894448311147e-05,1.0489894448311147e-05,1.0489894448311147e-05,1.0489894448311147e-05,1.0489894448311147e-05,,
Triple,GFE,BFGS,beta_factor,0.03,objective_n_m,1,1,0,-0.0501950181883152,-0.0501950181883152,-0.0501950181883152,-0.0501950181883152,-0.0501950181883152,,
Triple,GFE,BFGS,beta_factor,0.03,surrogate_residual_n,1,1,0,1.3396876308492132e-08,1.3396876308492132e-08,1.3396876308492132e-08,1.3396876308492132e-08,1.3396876308492132e-08,,
Triple,GFE,BFGS,beta_factor,0.03,command_cosine_to_fixed_GFE,1,1,0,0.9540157363076762,0.9540157363076762,0.9540157363076762,0.9540157363076762,0.9540157363076762,,
Triple,GFE,BFGS,beta_factor,0.03,field_cosine_to_fixed_GFE,1,1,0,0.9641715879487978,0.9641715879487978,0.9641715879487978,0.9641715879487978,0.9641715879487978,,
Triple,GFE,BFGS,beta_factor,0.03,worst_displacement_a,1,1,0,0.5102979301048286,0.5102979301048286,0.5102979301048286,0.5102979301048286,0.5102979301048286,,
Triple,GFE,BFGS,beta_factor,0.03,minimum_stiffness_n_m,1,1,0,0.0013032581787475182,0.0013032581787475182,0.0013032581787475182,0.0013032581787475182,0.0013032581787475182,,
Triple,GFE,BFGS,beta_factor,0.03,common_nominal_loss_std_n_m,1,1,0,0.013363228099986135,0.013363228099986135,0.013363228099986135,0.013363228099986135,0.013363228099986135,,
Triple,GFE,BFGS,beta_factor,0.1,solve_wall_s,1,1,0,6.9965042999974685,6.9965042999974685,6.9965042999974685,6.9965042999974685,6.9965042999974685,,
Triple,GFE,BFGS,beta_factor,0.1,iterations,1,1,0,1959.0,1959.0,1959.0,1959.0,1959.0,,
Triple,GFE,BFGS,beta_factor,0.1,evaluations,1,1,0,2048.0,2048.0,2048.0,2048.0,2048.0,,
Triple,GFE,BFGS,beta_factor,0.1,terminal_gradient_l2,1,1,0,4.1212927455264704e-08,4.1212927455264704e-08,4.1212927455264704e-08,4.1212927455264704e-08,4.1212927455264704e-08,,
Triple,GFE,BFGS,beta_factor,0.1,terminal_gradient_inf,1,1,0,9.869891015067919e-09,9.869891015067919e-09,9.869891015067919e-09,9.869891015067919e-09,9.869891015067919e-09,,
Triple,GFE,BFGS,beta_factor,0.1,relative_gradient_l2,1,1,0,8.117762284309597e-06,8.117762284309597e-06,8.117762284309597e-06,8.117762284309597e-06,8.117762284309597e-06,,
Triple,GFE,BFGS,beta_factor,0.1,objective_n_m,1,1,0,-0.04973041621257357,-0.04973041621257357,-0.04973041621257357,-0.04973041621257357,-0.04973041621257357,,
Triple,GFE,BFGS,beta_factor,0.1,surrogate_residual_n,1,1,0,1.3377845019442135e-08,1.3377845019442135e-08,1.3377845019442135e-08,1.3377845019442135e-08,1.3377845019442135e-08,,
Triple,GFE,BFGS,beta_factor,0.1,command_cosine_to_fixed_GFE,1,1,0,0.9999991503285064,0.9999991503285064,0.9999991503285064,0.9999991503285064,0.9999991503285064,,
Triple,GFE,BFGS,beta_factor,0.1,field_cosine_to_fixed_GFE,1,1,0,0.9999993128011099,0.9999993128011099,0.9999993128011099,0.9999993128011099,0.9999993128011099,,
Triple,GFE,BFGS,beta_factor,0.1,worst_displacement_a,1,1,0,0.458481380824296,0.458481380824296,0.458481380824296,0.458481380824296,0.458481380824296,,
Triple,GFE,BFGS,beta_factor,0.1,minimum_stiffness_n_m,1,1,0,0.0013124540586624974,0.0013124540586624974,0.0013124540586624974,0.0013124540586624974,0.0013124540586624974,,
Triple,GFE,BFGS,beta_factor,0.1,common_nominal_loss_std_n_m,1,1,0,0.00012459832103088183,0.00012459832103088183,0.00012459832103088183,0.00012459832103088183,0.00012459832103088183,,
Triple,GFE,BFGS,beta_factor,0.3,solve_wall_s,1,1,0,7.598863200008054,7.598863200008054,7.598863200008054,7.598863200008054,7.598863200008054,,
Triple,GFE,BFGS,beta_factor,0.3,iterations,1,1,0,2101.0,2101.0,2101.0,2101.0,2101.0,,
Triple,GFE,BFGS,beta_factor,0.3,evaluations,1,1,0,2207.0,2207.0,2207.0,2207.0,2207.0,,
Triple,GFE,BFGS,beta_factor,0.3,terminal_gradient_l2,1,1,0,3.0530374250919286e-08,3.0530374250919286e-08,3.0530374250919286e-08,3.0530374250919286e-08,3.0530374250919286e-08,,
Triple,GFE,BFGS,beta_factor,0.3,terminal_gradient_inf,1,1,0,8.543037206412348e-09,8.543037206412348e-09,8.543037206412348e-09,8.543037206412348e-09,8.543037206412348e-09,,
Triple,GFE,BFGS,beta_factor,0.3,relative_gradient_l2,1,1,0,2.8538051543243445e-06,2.8538051543243445e-06,2.8538051543243445e-06,2.8538051543243445e-06,2.8538051543243445e-06,,
Triple,GFE,BFGS,beta_factor,0.3,objective_n_m,1,1,0,-0.049710393792892986,-0.049710393792892986,-0.049710393792892986,-0.049710393792892986,-0.049710393792892986,,
Triple,GFE,BFGS,beta_factor,0.3,surrogate_residual_n,1,1,0,1.3361760650956105e-08,1.3361760650956105e-08,1.3361760650956105e-08,1.3361760650956105e-08,1.3361760650956105e-08,,
Triple,GFE,BFGS,beta_factor,0.3,command_cosine_to_fixed_GFE,1,1,0,0.9999999299710073,0.9999999299710073,0.9999999299710073,0.9999999299710073,0.9999999299710073,,
Triple,GFE,BFGS,beta_factor,0.3,field_cosine_to_fixed_GFE,1,1,0,0.9999999861551397,0.9999999861551397,0.9999999861551397,0.9999999861551397,0.9999999861551397,,
Triple,GFE,BFGS,beta_factor,0.3,worst_displacement_a,1,1,0,0.4579692415179513,0.4579692415179513,0.4579692415179513,0.4579692415179513,0.4579692415179513,,
Triple,GFE,BFGS,beta_factor,0.3,minimum_stiffness_n_m,1,1,0,0.0013124155647200367,0.0013124155647200367,0.0013124155647200367,0.0013124155647200367,0.0013124155647200367,,
Triple,GFE,BFGS,beta_factor,0.3,common_nominal_loss_std_n_m,1,1,0,1.449017868541501e-06,1.449017868541501e-06,1.449017868541501e-06,1.449017868541501e-06,1.449017868541501e-06,,
Triple,GFE,BFGS,beta_factor,1.0,solve_wall_s,1,1,0,9.424814900005003,9.424814900005003,9.424814900005003,9.424814900005003,9.424814900005003,,
Triple,GFE,BFGS,beta_factor,1.0,iterations,1,1,0,2777.0,2777.0,2777.0,2777.0,2777.0,,
Triple,GFE,BFGS,beta_factor,1.0,evaluations,1,1,0,2871.0,2871.0,2871.0,2871.0,2871.0,,
Triple,GFE,BFGS,beta_factor,1.0,terminal_gradient_l2,1,1,0,3.307155120464556e-08,3.307155120464556e-08,3.307155120464556e-08,3.307155120464556e-08,3.307155120464556e-08,,
Triple,GFE,BFGS,beta_factor,1.0,terminal_gradient_inf,1,1,0,9.894782154094378e-09,9.894782154094378e-09,9.894782154094378e-09,9.894782154094378e-09,9.894782154094378e-09,,
Triple,GFE,BFGS,beta_factor,1.0,relative_gradient_l2,1,1,0,1.1014633748299583e-06,1.1014633748299583e-06,1.1014633748299583e-06,1.1014633748299583e-06,1.1014633748299583e-06,,
Triple,GFE,BFGS,beta_factor,1.0,objective_n_m,1,1,0,-0.049648932268539954,-0.049648932268539954,-0.049648932268539954,-0.049648932268539954,-0.049648932268539954,,
Triple,GFE,BFGS,beta_factor,1.0,surrogate_residual_n,1,1,0,1.3345442864029888e-08,1.3345442864029888e-08,1.3345442864029888e-08,1.3345442864029888e-08,1.3345442864029888e-08,,
Triple,GFE,BFGS,beta_factor,1.0,command_cosine_to_fixed_GFE,1,1,0,1.0,1.0,1.0,1.0,1.0,,
Triple,GFE,BFGS,beta_factor,1.0,field_cosine_to_fixed_GFE,1,1,0,0.9999999999999994,0.9999999999999994,0.9999999999999994,0.9999999999999994,0.9999999999999994,,
Triple,GFE,BFGS,beta_factor,1.0,worst_displacement_a,1,1,0,0.45796753839851656,0.45796753839851656,0.45796753839851656,0.45796753839851656,0.45796753839851656,,
Triple,GFE,BFGS,beta_factor,1.0,minimum_stiffness_n_m,1,1,0,0.001312184169728167,0.001312184169728167,0.001312184169728167,0.001312184169728167,0.001312184169728167,,
Triple,GFE,BFGS,beta_factor,1.0,common_nominal_loss_std_n_m,1,1,0,3.618937673684308e-06,3.618937673684308e-06,3.618937673684308e-06,3.618937673684308e-06,3.618937673684308e-06,,
Triple,GFE,BFGS,beta_factor,3.0,solve_wall_s,1,1,0,14.685152699996252,14.685152699996252,14.685152699996252,14.685152699996252,14.685152699996252,,
Triple,GFE,BFGS,beta_factor,3.0,iterations,1,1,0,3918.0,3918.0,3918.0,3918.0,3918.0,,
Triple,GFE,BFGS,beta_factor,3.0,evaluations,1,1,0,4041.0,4041.0,4041.0,4041.0,4041.0,,
Triple,GFE,BFGS,beta_factor,3.0,terminal_gradient_l2,1,1,0,3.198598669508925e-08,3.198598669508925e-08,3.198598669508925e-08,3.198598669508925e-08,3.198598669508925e-08,,
Triple,GFE,BFGS,beta_factor,3.0,terminal_gradient_inf,1,1,0,9.893305698021498e-09,9.893305698021498e-09,9.893305698021498e-09,9.893305698021498e-09,9.893305698021498e-09,,
Triple,GFE,BFGS,beta_factor,3.0,relative_gradient_l2,1,1,0,3.751936606505233e-07,3.751936606505233e-07,3.751936606505233e-07,3.751936606505233e-07,3.751936606505233e-07,,
Triple,GFE,BFGS,beta_factor,3.0,objective_n_m,1,1,0,-0.04947481567802866,-0.04947481567802866,-0.04947481567802866,-0.04947481567802866,-0.04947481567802866,,
Triple,GFE,BFGS,beta_factor,3.0,surrogate_residual_n,1,1,0,1.3304242726269298e-08,1.3304242726269298e-08,1.3304242726269298e-08,1.3304242726269298e-08,1.3304242726269298e-08,,
Triple,GFE,BFGS,beta_factor,3.0,command_cosine_to_fixed_GFE,1,1,0,0.9999995061916563,0.9999995061916563,0.9999995061916563,0.9999995061916563,0.9999995061916563,,
Triple,GFE,BFGS,beta_factor,3.0,field_cosine_to_fixed_GFE,1,1,0,0.9999999017892403,0.9999999017892403,0.9999999017892403,0.9999999017892403,0.9999999017892403,,
Triple,GFE,BFGS,beta_factor,3.0,worst_displacement_a,1,1,0,0.4580644159127666,0.4580644159127666,0.4580644159127666,0.4580644159127666,0.4580644159127666,,
Triple,GFE,BFGS,beta_factor,3.0,minimum_stiffness_n_m,1,1,0,0.0013117327308248198,0.0013117327308248198,0.0013117327308248198,0.0013117327308248198,0.0013117327308248198,,
Triple,GFE,BFGS,beta_factor,3.0,common_nominal_loss_std_n_m,1,1,0,1.4480283682931282e-05,1.4480283682931282e-05,1.4480283682931282e-05,1.4480283682931282e-05,1.4480283682931282e-05,,
Triple,GFE,BFGS,beta_factor,10.0,solve_wall_s,1,1,0,22.761405699988245,22.761405699988245,22.761405699988245,22.761405699988245,22.761405699988245,,
Triple,GFE,BFGS,beta_factor,10.0,iterations,1,1,0,6394.0,6394.0,6394.0,6394.0,6394.0,,
Triple,GFE,BFGS,beta_factor,10.0,evaluations,1,1,0,6610.0,6610.0,6610.0,6610.0,6610.0,,
Triple,GFE,BFGS,beta_factor,10.0,terminal_gradient_l2,1,1,0,1.4343813054007195e-07,1.4343813054007195e-07,1.4343813054007195e-07,1.4343813054007195e-07,1.4343813054007195e-07,,
Triple,GFE,BFGS,beta_factor,10.0,terminal_gradient_inf,1,1,0,5.581240329204738e-08,5.581240329204738e-08,5.581240329204738e-08,5.581240329204738e-08,5.581240329204738e-08,,
Triple,GFE,BFGS,beta_factor,10.0,relative_gradient_l2,1,1,0,5.147987143133693e-07,5.147987143133693e-07,5.147987143133693e-07,5.147987143133693e-07,5.147987143133693e-07,,
Triple,GFE,BFGS,beta_factor,10.0,objective_n_m,1,1,0,-0.048866001942558926,-0.048866001942558926,-0.048866001942558926,-0.048866001942558926,-0.048866001942558926,,
Triple,GFE,BFGS,beta_factor,10.0,surrogate_residual_n,1,1,0,1.3160788303402508e-08,1.3160788303402508e-08,1.3160788303402508e-08,1.3160788303402508e-08,1.3160788303402508e-08,,
Triple,GFE,BFGS,beta_factor,10.0,command_cosine_to_fixed_GFE,1,1,0,0.9999901043489315,0.9999901043489315,0.9999901043489315,0.9999901043489315,0.9999901043489315,,
Triple,GFE,BFGS,beta_factor,10.0,field_cosine_to_fixed_GFE,1,1,0,0.9999979912565445,0.9999979912565445,0.9999979912565445,0.9999979912565445,0.9999979912565445,,
Triple,GFE,BFGS,beta_factor,10.0,worst_displacement_a,1,1,0,0.4584276147415411,0.4584276147415411,0.4584276147415411,0.4584276147415411,0.4584276147415411,,
Triple,GFE,BFGS,beta_factor,10.0,minimum_stiffness_n_m,1,1,0,0.0013096332514988072,0.0013096332514988072,0.0013096332514988072,0.0013096332514988072,0.0013096332514988072,,
Triple,GFE,BFGS,beta_factor,10.0,common_nominal_loss_std_n_m,1,1,0,5.237198777947493e-05,5.237198777947493e-05,5.237198777947493e-05,5.237198777947493e-05,5.237198777947493e-05,,
Triple,GFE,BFGS,beta_factor,30.0,solve_wall_s,1,1,0,45.95058750000317,45.95058750000317,45.95058750000317,45.95058750000317,45.95058750000317,,
Triple,GFE,BFGS,beta_factor,30.0,iterations,1,1,0,12355.0,12355.0,12355.0,12355.0,12355.0,,
Triple,GFE,BFGS,beta_factor,30.0,evaluations,1,1,0,12720.0,12720.0,12720.0,12720.0,12720.0,,
Triple,GFE,BFGS,beta_factor,30.0,terminal_gradient_l2,1,1,0,5.305842104299092e-07,5.305842104299092e-07,5.305842104299092e-07,5.305842104299092e-07,5.305842104299092e-07,,
Triple,GFE,BFGS,beta_factor,30.0,terminal_gradient_inf,1,1,0,1.8757181204290258e-07,1.8757181204290258e-07,1.8757181204290258e-07,1.8757181204290258e-07,1.8757181204290258e-07,,
Triple,GFE,BFGS,beta_factor,30.0,relative_gradient_l2,1,1,0,6.383566897361787e-07,6.383566897361787e-07,6.383566897361787e-07,6.383566897361787e-07,6.383566897361787e-07,,
Triple,GFE,BFGS,beta_factor,30.0,objective_n_m,1,1,0,-0.04712748329525196,-0.04712748329525196,-0.04712748329525196,-0.04712748329525196,-0.04712748329525196,,
Triple,GFE,BFGS,beta_factor,30.0,surrogate_residual_n,1,1,0,1.2764561711896356e-08,1.2764561711896356e-08,1.2764561711896356e-08,1.2764561711896356e-08,1.2764561711896356e-08,,
Triple,GFE,BFGS,beta_factor,30.0,command_cosine_to_fixed_GFE,1,1,0,0.9998906298538074,0.9998906298538074,0.9998906298538074,0.9998906298538074,0.9998906298538074,,
Triple,GFE,BFGS,beta_factor,30.0,field_cosine_to_fixed_GFE,1,1,0,0.9999778417174514,0.9999778417174514,0.9999778417174514,0.9999778417174514,0.9999778417174514,,
Triple,GFE,BFGS,beta_factor,30.0,worst_displacement_a,1,1,0,0.45934551886353,0.45934551886353,0.45934551886353,0.45934551886353,0.45934551886353,,
Triple,GFE,BFGS,beta_factor,30.0,minimum_stiffness_n_m,1,1,0,0.0013040124473115745,0.0013040124473115745,0.0013040124473115745,0.0013040124473115745,0.0013040124473115745,,
Triple,GFE,BFGS,beta_factor,30.0,common_nominal_loss_std_n_m,1,1,0,0.00016036209109456271,0.00016036209109456271,0.00016036209109456271,0.00016036209109456271,0.00016036209109456271,,
Triple,GFE,BFGS,epsilon_force_factor,0.0,solve_wall_s,1,1,0,72.43476869999722,72.43476869999722,72.43476869999722,72.43476869999722,72.43476869999722,,
Triple,GFE,BFGS,epsilon_force_factor,0.0,iterations,1,1,0,20873.0,20873.0,20873.0,20873.0,20873.0,,
Triple,GFE,BFGS,epsilon_force_factor,0.0,evaluations,1,1,0,21691.0,21691.0,21691.0,21691.0,21691.0,,
Triple,GFE,BFGS,epsilon_force_factor,0.0,terminal_gradient_l2,1,1,0,0.003458057183930107,0.003458057183930107,0.003458057183930107,0.003458057183930107,0.003458057183930107,,
Triple,GFE,BFGS,epsilon_force_factor,0.0,terminal_gradient_inf,1,1,0,0.0009746636509209963,0.0009746636509209963,0.0009746636509209963,0.0009746636509209963,0.0009746636509209963,,
Triple,GFE,BFGS,epsilon_force_factor,0.0,relative_gradient_l2,1,1,0,0.11517209846137472,0.11517209846137472,0.11517209846137472,0.11517209846137472,0.11517209846137472,,
Triple,GFE,BFGS,epsilon_force_factor,0.0,objective_n_m,1,1,0,-0.04963886758294499,-0.04963886758294499,-0.04963886758294499,-0.04963886758294499,-0.04963886758294499,,
Triple,GFE,BFGS,epsilon_force_factor,0.0,surrogate_residual_n,1,1,0,1.9503215193099762e-14,1.9503215193099762e-14,1.9503215193099762e-14,1.9503215193099762e-14,1.9503215193099762e-14,,
Triple,GFE,BFGS,epsilon_force_factor,0.0,command_cosine_to_fixed_GFE,1,1,0,0.999522910914541,0.999522910914541,0.999522910914541,0.999522910914541,0.999522910914541,,
Triple,GFE,BFGS,epsilon_force_factor,0.0,field_cosine_to_fixed_GFE,1,1,0,0.9999406189769673,0.9999406189769673,0.9999406189769673,0.9999406189769673,0.9999406189769673,,
Triple,GFE,BFGS,epsilon_force_factor,0.0,worst_displacement_a,1,1,0,0.4640959407786048,0.4640959407786048,0.4640959407786048,0.4640959407786048,0.4640959407786048,,
Triple,GFE,BFGS,epsilon_force_factor,0.0,minimum_stiffness_n_m,1,1,0,0.0013198706211241093,0.0013198706211241093,0.0013198706211241093,0.0013198706211241093,0.0013198706211241093,,
Triple,GFE,BFGS,epsilon_force_factor,0.0,common_nominal_loss_std_n_m,1,1,0,3.498060503525399e-06,3.498060503525399e-06,3.498060503525399e-06,3.498060503525399e-06,3.498060503525399e-06,,
Triple,GFE,BFGS,epsilon_force_factor,0.01,solve_wall_s,1,1,0,16.620504999998957,16.620504999998957,16.620504999998957,16.620504999998957,16.620504999998957,,
Triple,GFE,BFGS,epsilon_force_factor,0.01,iterations,1,1,0,4019.0,4019.0,4019.0,4019.0,4019.0,,
Triple,GFE,BFGS,epsilon_force_factor,0.01,evaluations,1,1,0,4244.0,4244.0,4244.0,4244.0,4244.0,,
Triple,GFE,BFGS,epsilon_force_factor,0.01,terminal_gradient_l2,1,1,0,7.721427912125282e-08,7.721427912125282e-08,7.721427912125282e-08,7.721427912125282e-08,7.721427912125282e-08,,
Triple,GFE,BFGS,epsilon_force_factor,0.01,terminal_gradient_inf,1,1,0,1.5991389895814775e-08,1.5991389895814775e-08,1.5991389895814775e-08,1.5991389895814775e-08,1.5991389895814775e-08,,
Triple,GFE,BFGS,epsilon_force_factor,0.01,relative_gradient_l2,1,1,0,2.5716551477787866e-06,2.5716551477787866e-06,2.5716551477787866e-06,2.5716551477787866e-06,2.5716551477787866e-06,,
Triple,GFE,BFGS,epsilon_force_factor,0.01,objective_n_m,1,1,0,-0.04964117268549938,-0.04964117268549938,-0.04964117268549938,-0.04964117268549938,-0.04964117268549938,,
Triple,GFE,BFGS,epsilon_force_factor,0.01,surrogate_residual_n,1,1,0,1.3513893364170292e-10,1.3513893364170292e-10,1.3513893364170292e-10,1.3513893364170292e-10,1.3513893364170292e-10,,
Triple,GFE,BFGS,epsilon_force_factor,0.01,command_cosine_to_fixed_GFE,1,1,0,0.9999987823935165,0.9999987823935165,0.9999987823935165,0.9999987823935165,0.9999987823935165,,
Triple,GFE,BFGS,epsilon_force_factor,0.01,field_cosine_to_fixed_GFE,1,1,0,0.999999317424164,0.999999317424164,0.999999317424164,0.999999317424164,0.999999317424164,,
Triple,GFE,BFGS,epsilon_force_factor,0.01,worst_displacement_a,1,1,0,0.46361648656697346,0.46361648656697346,0.46361648656697346,0.46361648656697346,0.46361648656697346,,
Triple,GFE,BFGS,epsilon_force_factor,0.01,minimum_stiffness_n_m,1,1,0,0.0013186093763684673,0.0013186093763684673,0.0013186093763684673,0.0013186093763684673,0.0013186093763684673,,
Triple,GFE,BFGS,epsilon_force_factor,0.01,common_nominal_loss_std_n_m,1,1,0,3.577542763624559e-06,3.577542763624559e-06,3.577542763624559e-06,3.577542763624559e-06,3.577542763624559e-06,,
Triple,GFE,BFGS,epsilon_force_factor,0.03,solve_wall_s,1,1,0,14.2648993999901,14.2648993999901,14.2648993999901,14.2648993999901,14.2648993999901,,
Triple,GFE,BFGS,epsilon_force_factor,0.03,iterations,1,1,0,3482.0,3482.0,3482.0,3482.0,3482.0,,
Triple,GFE,BFGS,epsilon_force_factor,0.03,evaluations,1,1,0,3625.0,3625.0,3625.0,3625.0,3625.0,,
Triple,GFE,BFGS,epsilon_force_factor,0.03,terminal_gradient_l2,1,1,0,4.931383659236586e-08,4.931383659236586e-08,4.931383659236586e-08,4.931383659236586e-08,4.931383659236586e-08,,
Triple,GFE,BFGS,epsilon_force_factor,0.03,terminal_gradient_inf,1,1,0,9.619500792267915e-09,9.619500792267915e-09,9.619500792267915e-09,9.619500792267915e-09,9.619500792267915e-09,,
Triple,GFE,BFGS,epsilon_force_factor,0.03,relative_gradient_l2,1,1,0,1.642418776201869e-06,1.642418776201869e-06,1.642418776201869e-06,1.642418776201869e-06,1.642418776201869e-06,,
Triple,GFE,BFGS,epsilon_force_factor,0.03,objective_n_m,1,1,0,-0.04964133047132717,-0.04964133047132717,-0.04964133047132717,-0.04964133047132717,-0.04964133047132717,,
Triple,GFE,BFGS,epsilon_force_factor,0.03,surrogate_residual_n,1,1,0,4.053106098823289e-10,4.053106098823289e-10,4.053106098823289e-10,4.053106098823289e-10,4.053106098823289e-10,,
Triple,GFE,BFGS,epsilon_force_factor,0.03,command_cosine_to_fixed_GFE,1,1,0,0.9999988277582846,0.9999988277582846,0.9999988277582846,0.9999988277582846,0.9999988277582846,,
Triple,GFE,BFGS,epsilon_force_factor,0.03,field_cosine_to_fixed_GFE,1,1,0,0.9999993437814186,0.9999993437814186,0.9999993437814186,0.9999993437814186,0.9999993437814186,,
Triple,GFE,BFGS,epsilon_force_factor,0.03,worst_displacement_a,1,1,0,0.46350972067427054,0.46350972067427054,0.46350972067427054,0.46350972067427054,0.46350972067427054,,
Triple,GFE,BFGS,epsilon_force_factor,0.03,minimum_stiffness_n_m,1,1,0,0.0013181924175426532,0.0013181924175426532,0.0013181924175426532,0.0013181924175426532,0.0013181924175426532,,
Triple,GFE,BFGS,epsilon_force_factor,0.03,common_nominal_loss_std_n_m,1,1,0,3.5270471847011433e-06,3.5270471847011433e-06,3.5270471847011433e-06,3.5270471847011433e-06,3.5270471847011433e-06,,
Triple,GFE,BFGS,epsilon_force_factor,0.1,solve_wall_s,1,1,0,12.392449299994041,12.392449299994041,12.392449299994041,12.392449299994041,12.392449299994041,,
Triple,GFE,BFGS,epsilon_force_factor,0.1,iterations,1,1,0,3397.0,3397.0,3397.0,3397.0,3397.0,,
Triple,GFE,BFGS,epsilon_force_factor,0.1,evaluations,1,1,0,3526.0,3526.0,3526.0,3526.0,3526.0,,
Triple,GFE,BFGS,epsilon_force_factor,0.1,terminal_gradient_l2,1,1,0,4.200665668556586e-08,4.200665668556586e-08,4.200665668556586e-08,4.200665668556586e-08,4.200665668556586e-08,,
Triple,GFE,BFGS,epsilon_force_factor,0.1,terminal_gradient_inf,1,1,0,9.322856790883944e-09,9.322856790883944e-09,9.322856790883944e-09,9.322856790883944e-09,9.322856790883944e-09,,
Triple,GFE,BFGS,epsilon_force_factor,0.1,relative_gradient_l2,1,1,0,1.3990499825447486e-06,1.3990499825447486e-06,1.3990499825447486e-06,1.3990499825447486e-06,1.3990499825447486e-06,,
Triple,GFE,BFGS,epsilon_force_factor,0.1,objective_n_m,1,1,0,-0.049641882384681334,-0.049641882384681334,-0.049641882384681334,-0.049641882384681334,-0.049641882384681334,,
Triple,GFE,BFGS,epsilon_force_factor,0.1,surrogate_residual_n,1,1,0,1.3498435996244973e-09,1.3498435996244973e-09,1.3498435996244973e-09,1.3498435996244973e-09,1.3498435996244973e-09,,
Triple,GFE,BFGS,epsilon_force_factor,0.1,command_cosine_to_fixed_GFE,1,1,0,0.9999989985176196,0.9999989985176196,0.9999989985176196,0.9999989985176196,0.9999989985176196,,
Triple,GFE,BFGS,epsilon_force_factor,0.1,field_cosine_to_fixed_GFE,1,1,0,0.9999994386485518,0.9999994386485518,0.9999994386485518,0.9999994386485518,0.9999994386485518,,
Triple,GFE,BFGS,epsilon_force_factor,0.1,worst_displacement_a,1,1,0,0.4631097423127537,0.4631097423127537,0.4631097423127537,0.4631097423127537,0.4631097423127537,,
Triple,GFE,BFGS,epsilon_force_factor,0.1,minimum_stiffness_n_m,1,1,0,0.0013171293033783027,0.0013171293033783027,0.0013171293033783027,0.0013171293033783027,0.0013171293033783027,,
Triple,GFE,BFGS,epsilon_force_factor,0.1,common_nominal_loss_std_n_m,1,1,0,3.3846037315130176e-06,3.3846037315130176e-06,3.3846037315130176e-06,3.3846037315130176e-06,3.3846037315130176e-06,,
Triple,GFE,BFGS,epsilon_force_factor,0.3,solve_wall_s,1,1,0,9.611760700005107,9.611760700005107,9.611760700005107,9.611760700005107,9.611760700005107,,
Triple,GFE,BFGS,epsilon_force_factor,0.3,iterations,1,1,0,2570.0,2570.0,2570.0,2570.0,2570.0,,
Triple,GFE,BFGS,epsilon_force_factor,0.3,evaluations,1,1,0,2692.0,2692.0,2692.0,2692.0,2692.0,,
Triple,GFE,BFGS,epsilon_force_factor,0.3,terminal_gradient_l2,1,1,0,4.7190180027352916e-08,4.7190180027352916e-08,4.7190180027352916e-08,4.7190180027352916e-08,4.7190180027352916e-08,,
Triple,GFE,BFGS,epsilon_force_factor,0.3,terminal_gradient_inf,1,1,0,9.74661688667557e-09,9.74661688667557e-09,9.74661688667557e-09,9.74661688667557e-09,9.74661688667557e-09,,
Triple,GFE,BFGS,epsilon_force_factor,0.3,relative_gradient_l2,1,1,0,1.571689595087868e-06,1.571689595087868e-06,1.571689595087868e-06,1.571689595087868e-06,1.571689595087868e-06,,
Triple,GFE,BFGS,epsilon_force_factor,0.3,objective_n_m,1,1,0,-0.04964345640417528,-0.04964345640417528,-0.04964345640417528,-0.04964345640417528,-0.04964345640417528,,
Triple,GFE,BFGS,epsilon_force_factor,0.3,surrogate_residual_n,1,1,0,4.039070007458481e-09,4.039070007458481e-09,4.039070007458481e-09,4.039070007458481e-09,4.039070007458481e-09,,
Triple,GFE,BFGS,epsilon_force_factor,0.3,command_cosine_to_fixed_GFE,1,1,0,0.9999993979676731,0.9999993979676731,0.9999993979676731,0.9999993979676731,0.9999993979676731,,
Triple,GFE,BFGS,epsilon_force_factor,0.3,field_cosine_to_fixed_GFE,1,1,0,0.9999996617787009,0.9999996617787009,0.9999996617787009,0.9999996617787009,0.9999996617787009,,
Triple,GFE,BFGS,epsilon_force_factor,0.3,worst_displacement_a,1,1,0,0.4619948820500683,0.4619948820500683,0.4619948820500683,0.4619948820500683,0.4619948820500683,,
Triple,GFE,BFGS,epsilon_force_factor,0.3,minimum_stiffness_n_m,1,1,0,0.0013208602614830248,0.0013208602614830248,0.0013208602614830248,0.0013208602614830248,0.0013208602614830248,,
Triple,GFE,BFGS,epsilon_force_factor,0.3,common_nominal_loss_std_n_m,1,1,0,3.1830669749899608e-06,3.1830669749899608e-06,3.1830669749899608e-06,3.1830669749899608e-06,3.1830669749899608e-06,,
Triple,GFE,BFGS,epsilon_force_factor,1.0,solve_wall_s,1,1,0,9.424814900005003,9.424814900005003,9.424814900005003,9.424814900005003,9.424814900005003,,
Triple,GFE,BFGS,epsilon_force_factor,1.0,iterations,1,1,0,2777.0,2777.0,2777.0,2777.0,2777.0,,
Triple,GFE,BFGS,epsilon_force_factor,1.0,evaluations,1,1,0,2871.0,2871.0,2871.0,2871.0,2871.0,,
Triple,GFE,BFGS,epsilon_force_factor,1.0,terminal_gradient_l2,1,1,0,3.307155120464556e-08,3.307155120464556e-08,3.307155120464556e-08,3.307155120464556e-08,3.307155120464556e-08,,
Triple,GFE,BFGS,epsilon_force_factor,1.0,terminal_gradient_inf,1,1,0,9.894782154094378e-09,9.894782154094378e-09,9.894782154094378e-09,9.894782154094378e-09,9.894782154094378e-09,,
Triple,GFE,BFGS,epsilon_force_factor,1.0,relative_gradient_l2,1,1,0,1.1014633748299583e-06,1.1014633748299583e-06,1.1014633748299583e-06,1.1014633748299583e-06,1.1014633748299583e-06,,
Triple,GFE,BFGS,epsilon_force_factor,1.0,objective_n_m,1,1,0,-0.049648932268539954,-0.049648932268539954,-0.049648932268539954,-0.049648932268539954,-0.049648932268539954,,
Triple,GFE,BFGS,epsilon_force_factor,1.0,surrogate_residual_n,1,1,0,1.3345442864029888e-08,1.3345442864029888e-08,1.3345442864029888e-08,1.3345442864029888e-08,1.3345442864029888e-08,,
Triple,GFE,BFGS,epsilon_force_factor,1.0,command_cosine_to_fixed_GFE,1,1,0,1.0,1.0,1.0,1.0,1.0,,
Triple,GFE,BFGS,epsilon_force_factor,1.0,field_cosine_to_fixed_GFE,1,1,0,0.9999999999999994,0.9999999999999994,0.9999999999999994,0.9999999999999994,0.9999999999999994,,
Triple,GFE,BFGS,epsilon_force_factor,1.0,worst_displacement_a,1,1,0,0.45796753839851656,0.45796753839851656,0.45796753839851656,0.45796753839851656,0.45796753839851656,,
Triple,GFE,BFGS,epsilon_force_factor,1.0,minimum_stiffness_n_m,1,1,0,0.001312184169728167,0.001312184169728167,0.001312184169728167,0.001312184169728167,0.001312184169728167,,
Triple,GFE,BFGS,epsilon_force_factor,1.0,common_nominal_loss_std_n_m,1,1,0,3.618937673684308e-06,3.618937673684308e-06,3.618937673684308e-06,3.618937673684308e-06,3.618937673684308e-06,,
Triple,GFE,BFGS,epsilon_force_factor,3.0,solve_wall_s,1,1,0,9.552144000001135,9.552144000001135,9.552144000001135,9.552144000001135,9.552144000001135,,
Triple,GFE,BFGS,epsilon_force_factor,3.0,iterations,1,1,0,2752.0,2752.0,2752.0,2752.0,2752.0,,
Triple,GFE,BFGS,epsilon_force_factor,3.0,evaluations,1,1,0,2868.0,2868.0,2868.0,2868.0,2868.0,,
Triple,GFE,BFGS,epsilon_force_factor,3.0,terminal_gradient_l2,1,1,0,2.8423673168013315e-08,2.8423673168013315e-08,2.8423673168013315e-08,2.8423673168013315e-08,2.8423673168013315e-08,,
Triple,GFE,BFGS,epsilon_force_factor,3.0,terminal_gradient_inf,1,1,0,9.453816705513906e-09,9.453816705513906e-09,9.453816705513906e-09,9.453816705513906e-09,9.453816705513906e-09,,
Triple,GFE,BFGS,epsilon_force_factor,3.0,relative_gradient_l2,1,1,0,9.466703627826847e-07,9.466703627826847e-07,9.466703627826847e-07,9.466703627826847e-07,9.466703627826847e-07,,
Triple,GFE,BFGS,epsilon_force_factor,3.0,objective_n_m,1,1,0,-0.04966430260688154,-0.04966430260688154,-0.04966430260688154,-0.04966430260688154,-0.04966430260688154,,
Triple,GFE,BFGS,epsilon_force_factor,3.0,surrogate_residual_n,1,1,0,3.9088024785751715e-08,3.9088024785751715e-08,3.9088024785751715e-08,3.9088024785751715e-08,3.9088024785751715e-08,,
Triple,GFE,BFGS,epsilon_force_factor,3.0,command_cosine_to_fixed_GFE,1,1,0,0.9999953551461248,0.9999953551461248,0.9999953551461248,0.9999953551461248,0.9999953551461248,,
Triple,GFE,BFGS,epsilon_force_factor,3.0,field_cosine_to_fixed_GFE,1,1,0,0.9999974189883033,0.9999974189883033,0.9999974189883033,0.9999974189883033,0.9999974189883033,,
Triple,GFE,BFGS,epsilon_force_factor,3.0,worst_displacement_a,1,1,0,0.4450319907870359,0.4450319907870359,0.4450319907870359,0.4450319907870359,0.4450319907870359,,
Triple,GFE,BFGS,epsilon_force_factor,3.0,minimum_stiffness_n_m,1,1,0,0.0012812166186164902,0.0012812166186164902,0.0012812166186164902,0.0012812166186164902,0.0012812166186164902,,
Triple,GFE,BFGS,epsilon_force_factor,3.0,common_nominal_loss_std_n_m,1,1,0,1.032088320591706e-05,1.032088320591706e-05,1.032088320591706e-05,1.032088320591706e-05,1.032088320591706e-05,,
Triple,GFE,BFGS,epsilon_force_factor,10.0,solve_wall_s,1,1,0,9.161581100008334,9.161581100008334,9.161581100008334,9.161581100008334,9.161581100008334,,
Triple,GFE,BFGS,epsilon_force_factor,10.0,iterations,1,1,0,2228.0,2228.0,2228.0,2228.0,2228.0,,
Triple,GFE,BFGS,epsilon_force_factor,10.0,evaluations,1,1,0,2325.0,2325.0,2325.0,2325.0,2325.0,,
Triple,GFE,BFGS,epsilon_force_factor,10.0,terminal_gradient_l2,1,1,0,3.032654472970127e-08,3.032654472970127e-08,3.032654472970127e-08,3.032654472970127e-08,3.032654472970127e-08,,
Triple,GFE,BFGS,epsilon_force_factor,10.0,terminal_gradient_inf,1,1,0,8.565137219096366e-09,8.565137219096366e-09,8.565137219096366e-09,8.565137219096366e-09,8.565137219096366e-09,,
Triple,GFE,BFGS,epsilon_force_factor,10.0,relative_gradient_l2,1,1,0,1.0101278424722984e-06,1.0101278424722984e-06,1.0101278424722984e-06,1.0101278424722984e-06,1.0101278424722984e-06,,
Triple,GFE,BFGS,epsilon_force_factor,10.0,objective_n_m,1,1,0,-0.04971520933494229,-0.04971520933494229,-0.04971520933494229,-0.04971520933494229,-0.04971520933494229,,
Triple,GFE,BFGS,epsilon_force_factor,10.0,surrogate_residual_n,1,1,0,1.2108564843439386e-07,1.2108564843439386e-07,1.2108564843439386e-07,1.2108564843439386e-07,1.2108564843439386e-07,,
Triple,GFE,BFGS,epsilon_force_factor,10.0,command_cosine_to_fixed_GFE,1,1,0,0.999920309603632,0.999920309603632,0.999920309603632,0.999920309603632,0.999920309603632,,
Triple,GFE,BFGS,epsilon_force_factor,10.0,field_cosine_to_fixed_GFE,1,1,0,0.9999557745539829,0.9999557745539829,0.9999557745539829,0.9999557745539829,0.9999557745539829,,
Triple,GFE,BFGS,epsilon_force_factor,10.0,worst_displacement_a,1,1,0,0.4088275480836314,0.4088275480836314,0.4088275480836314,0.4088275480836314,0.4088275480836314,,
Triple,GFE,BFGS,epsilon_force_factor,10.0,minimum_stiffness_n_m,1,1,0,0.0012718004120296866,0.0012718004120296866,0.0012718004120296866,0.0012718004120296866,0.0012718004120296866,,
Triple,GFE,BFGS,epsilon_force_factor,10.0,common_nominal_loss_std_n_m,1,1,0,3.3351886681174426e-05,3.3351886681174426e-05,3.3351886681174426e-05,3.3351886681174426e-05,3.3351886681174426e-05,,
Triple,GFE,BFGS,epsilon_force_factor,30.0,solve_wall_s,1,1,0,8.182348399976036,8.182348399976036,8.182348399976036,8.182348399976036,8.182348399976036,,
Triple,GFE,BFGS,epsilon_force_factor,30.0,iterations,1,1,0,2298.0,2298.0,2298.0,2298.0,2298.0,,
Triple,GFE,BFGS,epsilon_force_factor,30.0,evaluations,1,1,0,2385.0,2385.0,2385.0,2385.0,2385.0,,
Triple,GFE,BFGS,epsilon_force_factor,30.0,terminal_gradient_l2,1,1,0,2.6797840229607e-08,2.6797840229607e-08,2.6797840229607e-08,2.6797840229607e-08,2.6797840229607e-08,,
Triple,GFE,BFGS,epsilon_force_factor,30.0,terminal_gradient_inf,1,1,0,9.661557829662292e-09,9.661557829662292e-09,9.661557829662292e-09,9.661557829662292e-09,9.661557829662292e-09,,
Triple,GFE,BFGS,epsilon_force_factor,30.0,relative_gradient_l2,1,1,0,8.931821366445016e-07,8.931821366445016e-07,8.931821366445016e-07,8.931821366445016e-07,8.931821366445016e-07,,
Triple,GFE,BFGS,epsilon_force_factor,30.0,objective_n_m,1,1,0,-0.04984146037545993,-0.04984146037545993,-0.04984146037545993,-0.04984146037545993,-0.04984146037545993,,
Triple,GFE,BFGS,epsilon_force_factor,30.0,surrogate_residual_n,1,1,0,3.106279706078437e-07,3.106279706078437e-07,3.106279706078437e-07,3.106279706078437e-07,3.106279706078437e-07,,
Triple,GFE,BFGS,epsilon_force_factor,30.0,command_cosine_to_fixed_GFE,1,1,0,0.9994367945629361,0.9994367945629361,0.9994367945629361,0.9994367945629361,0.9994367945629361,,
Triple,GFE,BFGS,epsilon_force_factor,30.0,field_cosine_to_fixed_GFE,1,1,0,0.9996834818005659,0.9996834818005659,0.9996834818005659,0.9996834818005659,0.9996834818005659,,
Triple,GFE,BFGS,epsilon_force_factor,30.0,worst_displacement_a,1,1,0,0.3217330036464741,0.3217330036464741,0.3217330036464741,0.3217330036464741,0.3217330036464741,,
Triple,GFE,BFGS,epsilon_force_factor,30.0,minimum_stiffness_n_m,1,1,0,0.0013199415138902366,0.0013199415138902366,0.0013199415138902366,0.0013199415138902366,0.0013199415138902366,,
Triple,GFE,BFGS,epsilon_force_factor,30.0,common_nominal_loss_std_n_m,1,1,0,9.017449260940378e-05,9.017449260940378e-05,9.017449260940378e-05,9.017449260940378e-05,9.017449260940378e-05,,
Triple,GFE,BFGS,epsilon_pressure_rel,0.0,solve_wall_s,1,1,0,123.10185779999301,123.10185779999301,123.10185779999301,123.10185779999301,123.10185779999301,,
Triple,GFE,BFGS,epsilon_pressure_rel,0.0,iterations,1,1,0,30000.0,30000.0,30000.0,30000.0,30000.0,,
Triple,GFE,BFGS,epsilon_pressure_rel,0.0,evaluations,1,1,0,31544.0,31544.0,31544.0,31544.0,31544.0,,
Triple,GFE,BFGS,epsilon_pressure_rel,0.0,terminal_gradient_l2,1,1,0,0.018953244141555407,0.018953244141555407,0.018953244141555407,0.018953244141555407,0.018953244141555407,,
Triple,GFE,BFGS,epsilon_pressure_rel,0.0,terminal_gradient_inf,1,1,0,0.005978140160166149,0.005978140160166149,0.005978140160166149,0.005978140160166149,0.005978140160166149,,
Triple,GFE,BFGS,epsilon_pressure_rel,0.0,relative_gradient_l2,1,1,0,0.6312468283143889,0.6312468283143889,0.6312468283143889,0.6312468283143889,0.6312468283143889,,
Triple,GFE,BFGS,epsilon_pressure_rel,0.0,objective_n_m,1,1,0,-0.04958121284838162,-0.04958121284838162,-0.04958121284838162,-0.04958121284838162,-0.04958121284838162,,
Triple,GFE,BFGS,epsilon_pressure_rel,0.0,surrogate_residual_n,1,1,0,1.772191844755317e-08,1.772191844755317e-08,1.772191844755317e-08,1.772191844755317e-08,1.772191844755317e-08,,
Triple,GFE,BFGS,epsilon_pressure_rel,0.0,command_cosine_to_fixed_GFE,1,1,0,0.9937244877309878,0.9937244877309878,0.9937244877309878,0.9937244877309878,0.9937244877309878,,
Triple,GFE,BFGS,epsilon_pressure_rel,0.0,field_cosine_to_fixed_GFE,1,1,0,0.9969444207574878,0.9969444207574878,0.9969444207574878,0.9969444207574878,0.9969444207574878,,
Triple,GFE,BFGS,epsilon_pressure_rel,0.0,worst_displacement_a,1,1,0,0.46561543678280376,0.46561543678280376,0.46561543678280376,0.46561543678280376,0.46561543678280376,,
Triple,GFE,BFGS,epsilon_pressure_rel,0.0,minimum_stiffness_n_m,1,1,0,0.001271023500839075,0.001271023500839075,0.001271023500839075,0.001271023500839075,0.001271023500839075,,
Triple,GFE,BFGS,epsilon_pressure_rel,0.0,common_nominal_loss_std_n_m,1,1,0,5.354238244879673e-06,5.354238244879673e-06,5.354238244879673e-06,5.354238244879673e-06,5.354238244879673e-06,,
Triple,GFE,BFGS,epsilon_pressure_rel,1e-05,solve_wall_s,1,1,0,39.21686650000629,39.21686650000629,39.21686650000629,39.21686650000629,39.21686650000629,,
Triple,GFE,BFGS,epsilon_pressure_rel,1e-05,iterations,1,1,0,9644.0,9644.0,9644.0,9644.0,9644.0,,
Triple,GFE,BFGS,epsilon_pressure_rel,1e-05,evaluations,1,1,0,9968.0,9968.0,9968.0,9968.0,9968.0,,
Triple,GFE,BFGS,epsilon_pressure_rel,1e-05,terminal_gradient_l2,1,1,0,1.20491294982272e-07,1.20491294982272e-07,1.20491294982272e-07,1.20491294982272e-07,1.20491294982272e-07,,
Triple,GFE,BFGS,epsilon_pressure_rel,1e-05,terminal_gradient_inf,1,1,0,5.4997821345281056e-08,5.4997821345281056e-08,5.4997821345281056e-08,5.4997821345281056e-08,5.4997821345281056e-08,,
Triple,GFE,BFGS,epsilon_pressure_rel,1e-05,relative_gradient_l2,1,1,0,4.013019999438488e-06,4.013019999438488e-06,4.013019999438488e-06,4.013019999438488e-06,4.013019999438488e-06,,
Triple,GFE,BFGS,epsilon_pressure_rel,1e-05,objective_n_m,1,1,0,-0.049734864386447725,-0.049734864386447725,-0.049734864386447725,-0.049734864386447725,-0.049734864386447725,,
Triple,GFE,BFGS,epsilon_pressure_rel,1e-05,surrogate_residual_n,1,1,0,1.3366605848577948e-08,1.3366605848577948e-08,1.3366605848577948e-08,1.3366605848577948e-08,1.3366605848577948e-08,,
Triple,GFE,BFGS,epsilon_pressure_rel,1e-05,command_cosine_to_fixed_GFE,1,1,0,0.9999998968484327,0.9999998968484327,0.9999998968484327,0.9999998968484327,0.9999998968484327,,
Triple,GFE,BFGS,epsilon_pressure_rel,1e-05,field_cosine_to_fixed_GFE,1,1,0,0.9999999781397348,0.9999999781397348,0.9999999781397348,0.9999999781397348,0.9999999781397348,,
Triple,GFE,BFGS,epsilon_pressure_rel,1e-05,worst_displacement_a,1,1,0,0.45792007544719143,0.45792007544719143,0.45792007544719143,0.45792007544719143,0.45792007544719143,,
Triple,GFE,BFGS,epsilon_pressure_rel,1e-05,minimum_stiffness_n_m,1,1,0,0.0013123060159186447,0.0013123060159186447,0.0013123060159186447,0.0013123060159186447,0.0013123060159186447,,
Triple,GFE,BFGS,epsilon_pressure_rel,1e-05,common_nominal_loss_std_n_m,1,1,0,1.732649147925465e-06,1.732649147925465e-06,1.732649147925465e-06,1.732649147925465e-06,1.732649147925465e-06,,
Triple,GFE,BFGS,epsilon_pressure_rel,3e-05,solve_wall_s,1,1,0,27.68306309999025,27.68306309999025,27.68306309999025,27.68306309999025,27.68306309999025,,
Triple,GFE,BFGS,epsilon_pressure_rel,3e-05,iterations,1,1,0,6979.0,6979.0,6979.0,6979.0,6979.0,,
Triple,GFE,BFGS,epsilon_pressure_rel,3e-05,evaluations,1,1,0,7228.0,7228.0,7228.0,7228.0,7228.0,,
Triple,GFE,BFGS,epsilon_pressure_rel,3e-05,terminal_gradient_l2,1,1,0,6.332780250637897e-08,6.332780250637897e-08,6.332780250637897e-08,6.332780250637897e-08,6.332780250637897e-08,,
Triple,GFE,BFGS,epsilon_pressure_rel,3e-05,terminal_gradient_inf,1,1,0,2.0598919468649203e-08,2.0598919468649203e-08,2.0598919468649203e-08,2.0598919468649203e-08,2.0598919468649203e-08,,
Triple,GFE,BFGS,epsilon_pressure_rel,3e-05,relative_gradient_l2,1,1,0,2.1091626406908562e-06,2.1091626406908562e-06,2.1091626406908562e-06,2.1091626406908562e-06,2.1091626406908562e-06,,
Triple,GFE,BFGS,epsilon_pressure_rel,3e-05,objective_n_m,1,1,0,-0.04973312836250562,-0.04973312836250562,-0.04973312836250562,-0.04973312836250562,-0.04973312836250562,,
Triple,GFE,BFGS,epsilon_pressure_rel,3e-05,surrogate_residual_n,1,1,0,1.3366399873376223e-08,1.3366399873376223e-08,1.3366399873376223e-08,1.3366399873376223e-08,1.3366399873376223e-08,,
Triple,GFE,BFGS,epsilon_pressure_rel,3e-05,command_cosine_to_fixed_GFE,1,1,0,0.9999999069105917,0.9999999069105917,0.9999999069105917,0.9999999069105917,0.9999999069105917,,
Triple,GFE,BFGS,epsilon_pressure_rel,3e-05,field_cosine_to_fixed_GFE,1,1,0,0.9999999799490028,0.9999999799490028,0.9999999799490028,0.9999999799490028,0.9999999799490028,,
Triple,GFE,BFGS,epsilon_pressure_rel,3e-05,worst_displacement_a,1,1,0,0.45792185537904356,0.45792185537904356,0.45792185537904356,0.45792185537904356,0.45792185537904356,,
Triple,GFE,BFGS,epsilon_pressure_rel,3e-05,minimum_stiffness_n_m,1,1,0,0.001312305778294208,0.001312305778294208,0.001312305778294208,0.001312305778294208,0.001312305778294208,,
Triple,GFE,BFGS,epsilon_pressure_rel,3e-05,common_nominal_loss_std_n_m,1,1,0,1.7723798718926646e-06,1.7723798718926646e-06,1.7723798718926646e-06,1.7723798718926646e-06,1.7723798718926646e-06,,
Triple,GFE,BFGS,epsilon_pressure_rel,0.0001,solve_wall_s,1,1,0,16.817421399988234,16.817421399988234,16.817421399988234,16.817421399988234,16.817421399988234,,
Triple,GFE,BFGS,epsilon_pressure_rel,0.0001,iterations,1,1,0,4724.0,4724.0,4724.0,4724.0,4724.0,,
Triple,GFE,BFGS,epsilon_pressure_rel,0.0001,evaluations,1,1,0,4902.0,4902.0,4902.0,4902.0,4902.0,,
Triple,GFE,BFGS,epsilon_pressure_rel,0.0001,terminal_gradient_l2,1,1,0,8.654691303527871e-08,8.654691303527871e-08,8.654691303527871e-08,8.654691303527871e-08,8.654691303527871e-08,,
Triple,GFE,BFGS,epsilon_pressure_rel,0.0001,terminal_gradient_inf,1,1,0,2.312710041532766e-08,2.312710041532766e-08,2.312710041532766e-08,2.312710041532766e-08,2.312710041532766e-08,,
Triple,GFE,BFGS,epsilon_pressure_rel,0.0001,relative_gradient_l2,1,1,0,2.8824861721998025e-06,2.8824861721998025e-06,2.8824861721998025e-06,2.8824861721998025e-06,2.8824861721998025e-06,,
Triple,GFE,BFGS,epsilon_pressure_rel,0.0001,objective_n_m,1,1,0,-0.04972705228179795,-0.04972705228179795,-0.04972705228179795,-0.04972705228179795,-0.04972705228179795,,
Triple,GFE,BFGS,epsilon_pressure_rel,0.0001,surrogate_residual_n,1,1,0,1.3364144851555993e-08,1.3364144851555993e-08,1.3364144851555993e-08,1.3364144851555993e-08,1.3364144851555993e-08,,
Triple,GFE,BFGS,epsilon_pressure_rel,0.0001,command_cosine_to_fixed_GFE,1,1,0,0.9999999227598491,0.9999999227598491,0.9999999227598491,0.9999999227598491,0.9999999227598491,,
Triple,GFE,BFGS,epsilon_pressure_rel,0.0001,field_cosine_to_fixed_GFE,1,1,0,0.999999984321577,0.999999984321577,0.999999984321577,0.999999984321577,0.999999984321577,,
Triple,GFE,BFGS,epsilon_pressure_rel,0.0001,worst_displacement_a,1,1,0,0.4579223729356109,0.4579223729356109,0.4579223729356109,0.4579223729356109,0.4579223729356109,,
Triple,GFE,BFGS,epsilon_pressure_rel,0.0001,minimum_stiffness_n_m,1,1,0,0.0013122945959934166,0.0013122945959934166,0.0013122945959934166,0.0013122945959934166,0.0013122945959934166,,
Triple,GFE,BFGS,epsilon_pressure_rel,0.0001,common_nominal_loss_std_n_m,1,1,0,1.9122444759359517e-06,1.9122444759359517e-06,1.9122444759359517e-06,1.9122444759359517e-06,1.9122444759359517e-06,,
Triple,GFE,BFGS,epsilon_pressure_rel,0.0003,solve_wall_s,1,1,0,14.095321700006025,14.095321700006025,14.095321700006025,14.095321700006025,14.095321700006025,,
Triple,GFE,BFGS,epsilon_pressure_rel,0.0003,iterations,1,1,0,3349.0,3349.0,3349.0,3349.0,3349.0,,
Triple,GFE,BFGS,epsilon_pressure_rel,0.0003,evaluations,1,1,0,3471.0,3471.0,3471.0,3471.0,3471.0,,
Triple,GFE,BFGS,epsilon_pressure_rel,0.0003,terminal_gradient_l2,1,1,0,3.1339110285058545e-08,3.1339110285058545e-08,3.1339110285058545e-08,3.1339110285058545e-08,3.1339110285058545e-08,,
Triple,GFE,BFGS,epsilon_pressure_rel,0.0003,terminal_gradient_inf,1,1,0,9.89548224652727e-09,9.89548224652727e-09,9.89548224652727e-09,9.89548224652727e-09,9.89548224652727e-09,,
Triple,GFE,BFGS,epsilon_pressure_rel,0.0003,relative_gradient_l2,1,1,0,1.0437639687458176e-06,1.0437639687458176e-06,1.0437639687458176e-06,1.0437639687458176e-06,1.0437639687458176e-06,,
Triple,GFE,BFGS,epsilon_pressure_rel,0.0003,objective_n_m,1,1,0,-0.04970969212301329,-0.04970969212301329,-0.04970969212301329,-0.04970969212301329,-0.04970969212301329,,
Triple,GFE,BFGS,epsilon_pressure_rel,0.0003,surrogate_residual_n,1,1,0,1.3360242705131797e-08,1.3360242705131797e-08,1.3360242705131797e-08,1.3360242705131797e-08,1.3360242705131797e-08,,
Triple,GFE,BFGS,epsilon_pressure_rel,0.0003,command_cosine_to_fixed_GFE,1,1,0,0.9999999520635673,0.9999999520635673,0.9999999520635673,0.9999999520635673,0.9999999520635673,,
Triple,GFE,BFGS,epsilon_pressure_rel,0.0003,field_cosine_to_fixed_GFE,1,1,0,0.9999999897584155,0.9999999897584155,0.9999999897584155,0.9999999897584155,0.9999999897584155,,
Triple,GFE,BFGS,epsilon_pressure_rel,0.0003,worst_displacement_a,1,1,0,0.45793298538783284,0.45793298538783284,0.45793298538783284,0.45793298538783284,0.45793298538783284,,
Triple,GFE,BFGS,epsilon_pressure_rel,0.0003,minimum_stiffness_n_m,1,1,0,0.0013122685661089203,0.0013122685661089203,0.0013122685661089203,0.0013122685661089203,0.0013122685661089203,,
Triple,GFE,BFGS,epsilon_pressure_rel,0.0003,common_nominal_loss_std_n_m,1,1,0,2.3069932754242762e-06,2.3069932754242762e-06,2.3069932754242762e-06,2.3069932754242762e-06,2.3069932754242762e-06,,
Triple,GFE,BFGS,epsilon_pressure_rel,0.001,solve_wall_s,1,1,0,9.424814900005003,9.424814900005003,9.424814900005003,9.424814900005003,9.424814900005003,,
Triple,GFE,BFGS,epsilon_pressure_rel,0.001,iterations,1,1,0,2777.0,2777.0,2777.0,2777.0,2777.0,,
Triple,GFE,BFGS,epsilon_pressure_rel,0.001,evaluations,1,1,0,2871.0,2871.0,2871.0,2871.0,2871.0,,
Triple,GFE,BFGS,epsilon_pressure_rel,0.001,terminal_gradient_l2,1,1,0,3.307155120464556e-08,3.307155120464556e-08,3.307155120464556e-08,3.307155120464556e-08,3.307155120464556e-08,,
Triple,GFE,BFGS,epsilon_pressure_rel,0.001,terminal_gradient_inf,1,1,0,9.894782154094378e-09,9.894782154094378e-09,9.894782154094378e-09,9.894782154094378e-09,9.894782154094378e-09,,
Triple,GFE,BFGS,epsilon_pressure_rel,0.001,relative_gradient_l2,1,1,0,1.1014633748299583e-06,1.1014633748299583e-06,1.1014633748299583e-06,1.1014633748299583e-06,1.1014633748299583e-06,,
Triple,GFE,BFGS,epsilon_pressure_rel,0.001,objective_n_m,1,1,0,-0.049648932268539954,-0.049648932268539954,-0.049648932268539954,-0.049648932268539954,-0.049648932268539954,,
Triple,GFE,BFGS,epsilon_pressure_rel,0.001,surrogate_residual_n,1,1,0,1.3345442864029888e-08,1.3345442864029888e-08,1.3345442864029888e-08,1.3345442864029888e-08,1.3345442864029888e-08,,
Triple,GFE,BFGS,epsilon_pressure_rel,0.001,command_cosine_to_fixed_GFE,1,1,0,1.0,1.0,1.0,1.0,1.0,,
Triple,GFE,BFGS,epsilon_pressure_rel,0.001,field_cosine_to_fixed_GFE,1,1,0,0.9999999999999994,0.9999999999999994,0.9999999999999994,0.9999999999999994,0.9999999999999994,,
Triple,GFE,BFGS,epsilon_pressure_rel,0.001,worst_displacement_a,1,1,0,0.45796753839851656,0.45796753839851656,0.45796753839851656,0.45796753839851656,0.45796753839851656,,
Triple,GFE,BFGS,epsilon_pressure_rel,0.001,minimum_stiffness_n_m,1,1,0,0.001312184169728167,0.001312184169728167,0.001312184169728167,0.001312184169728167,0.001312184169728167,,
Triple,GFE,BFGS,epsilon_pressure_rel,0.001,common_nominal_loss_std_n_m,1,1,0,3.618937673684308e-06,3.618937673684308e-06,3.618937673684308e-06,3.618937673684308e-06,3.618937673684308e-06,,
Triple,GFE,BFGS,epsilon_pressure_rel,0.003,solve_wall_s,1,1,0,8.965166800000588,8.965166800000588,8.965166800000588,8.965166800000588,8.965166800000588,,
Triple,GFE,BFGS,epsilon_pressure_rel,0.003,iterations,1,1,0,2166.0,2166.0,2166.0,2166.0,2166.0,,
Triple,GFE,BFGS,epsilon_pressure_rel,0.003,evaluations,1,1,0,2277.0,2277.0,2277.0,2277.0,2277.0,,
Triple,GFE,BFGS,epsilon_pressure_rel,0.003,terminal_gradient_l2,1,1,0,4.135060961714223e-08,4.135060961714223e-08,4.135060961714223e-08,4.135060961714223e-08,4.135060961714223e-08,,
Triple,GFE,BFGS,epsilon_pressure_rel,0.003,terminal_gradient_inf,1,1,0,9.371151644146881e-09,9.371151644146881e-09,9.371151644146881e-09,9.371151644146881e-09,9.371151644146881e-09,,
Triple,GFE,BFGS,epsilon_pressure_rel,0.003,relative_gradient_l2,1,1,0,1.3771972767955628e-06,1.3771972767955628e-06,1.3771972767955628e-06,1.3771972767955628e-06,1.3771972767955628e-06,,
Triple,GFE,BFGS,epsilon_pressure_rel,0.003,objective_n_m,1,1,0,-0.04947533883923742,-0.04947533883923742,-0.04947533883923742,-0.04947533883923742,-0.04947533883923742,,
Triple,GFE,BFGS,epsilon_pressure_rel,0.003,surrogate_residual_n,1,1,0,1.3303727044800651e-08,1.3303727044800651e-08,1.3303727044800651e-08,1.3303727044800651e-08,1.3303727044800651e-08,,
Triple,GFE,BFGS,epsilon_pressure_rel,0.003,command_cosine_to_fixed_GFE,1,1,0,0.9999995743212411,0.9999995743212411,0.9999995743212411,0.9999995743212411,0.9999995743212411,,
Triple,GFE,BFGS,epsilon_pressure_rel,0.003,field_cosine_to_fixed_GFE,1,1,0,0.9999999058830208,0.9999999058830208,0.9999999058830208,0.9999999058830208,0.9999999058830208,,
Triple,GFE,BFGS,epsilon_pressure_rel,0.003,worst_displacement_a,1,1,0,0.4580660904400733,0.4580660904400733,0.4580660904400733,0.4580660904400733,0.4580660904400733,,
Triple,GFE,BFGS,epsilon_pressure_rel,0.003,minimum_stiffness_n_m,1,1,0,0.0013120144554922364,0.0013120144554922364,0.0013120144554922364,0.0013120144554922364,0.0013120144554922364,,
Triple,GFE,BFGS,epsilon_pressure_rel,0.003,common_nominal_loss_std_n_m,1,1,0,6.640793515525936e-06,6.640793515525936e-06,6.640793515525936e-06,6.640793515525936e-06,6.640793515525936e-06,,
Triple,GFE,BFGS,epsilon_pressure_rel,0.01,solve_wall_s,1,1,0,8.074315299993032,8.074315299993032,8.074315299993032,8.074315299993032,8.074315299993032,,
Triple,GFE,BFGS,epsilon_pressure_rel,0.01,iterations,1,1,0,2033.0,2033.0,2033.0,2033.0,2033.0,,
Triple,GFE,BFGS,epsilon_pressure_rel,0.01,evaluations,1,1,0,2113.0,2113.0,2113.0,2113.0,2113.0,,
Triple,GFE,BFGS,epsilon_pressure_rel,0.01,terminal_gradient_l2,1,1,0,3.5347489780092654e-08,3.5347489780092654e-08,3.5347489780092654e-08,3.5347489780092654e-08,3.5347489780092654e-08,,
Triple,GFE,BFGS,epsilon_pressure_rel,0.01,terminal_gradient_inf,1,1,0,8.131876865729489e-09,8.131876865729489e-09,8.131876865729489e-09,8.131876865729489e-09,8.131876865729489e-09,,
Triple,GFE,BFGS,epsilon_pressure_rel,0.01,relative_gradient_l2,1,1,0,1.1772224222522747e-06,1.1772224222522747e-06,1.1772224222522747e-06,1.1772224222522747e-06,1.1772224222522747e-06,,
Triple,GFE,BFGS,epsilon_pressure_rel,0.01,objective_n_m,1,1,0,-0.04886783486837551,-0.04886783486837551,-0.04886783486837551,-0.04886783486837551,-0.04886783486837551,,
Triple,GFE,BFGS,epsilon_pressure_rel,0.01,surrogate_residual_n,1,1,0,1.3159251754553554e-08,1.3159251754553554e-08,1.3159251754553554e-08,1.3159251754553554e-08,1.3159251754553554e-08,,
Triple,GFE,BFGS,epsilon_pressure_rel,0.01,command_cosine_to_fixed_GFE,1,1,0,0.9999913011019875,0.9999913011019875,0.9999913011019875,0.9999913011019875,0.9999913011019875,,
Triple,GFE,BFGS,epsilon_pressure_rel,0.01,field_cosine_to_fixed_GFE,1,1,0,0.9999981322849789,0.9999981322849789,0.9999981322849789,0.9999981322849789,0.9999981322849789,,
Triple,GFE,BFGS,epsilon_pressure_rel,0.01,worst_displacement_a,1,1,0,0.45840908997687047,0.45840908997687047,0.45840908997687047,0.45840908997687047,0.45840908997687047,,
Triple,GFE,BFGS,epsilon_pressure_rel,0.01,minimum_stiffness_n_m,1,1,0,0.0013108058682430737,0.0013108058682430737,0.0013108058682430737,0.0013108058682430737,0.0013108058682430737,,
Triple,GFE,BFGS,epsilon_pressure_rel,0.01,common_nominal_loss_std_n_m,1,1,0,1.0786530510824897e-05,1.0786530510824897e-05,1.0786530510824897e-05,1.0786530510824897e-05,1.0786530510824897e-05,,
Triple,GFE,BFGS,epsilon_pressure_rel,0.03,solve_wall_s,1,1,0,7.402303599999868,7.402303599999868,7.402303599999868,7.402303599999868,7.402303599999868,,
Triple,GFE,BFGS,epsilon_pressure_rel,0.03,iterations,1,1,0,1817.0,1817.0,1817.0,1817.0,1817.0,,
Triple,GFE,BFGS,epsilon_pressure_rel,0.03,evaluations,1,1,0,1893.0,1893.0,1893.0,1893.0,1893.0,,
Triple,GFE,BFGS,epsilon_pressure_rel,0.03,terminal_gradient_l2,1,1,0,4.213273784839037e-08,4.213273784839037e-08,4.213273784839037e-08,4.213273784839037e-08,4.213273784839037e-08,,
Triple,GFE,BFGS,epsilon_pressure_rel,0.03,terminal_gradient_inf,1,1,0,9.901391292044433e-09,9.901391292044433e-09,9.901391292044433e-09,9.901391292044433e-09,9.901391292044433e-09,,
Triple,GFE,BFGS,epsilon_pressure_rel,0.03,relative_gradient_l2,1,1,0,1.4027944306624838e-06,1.4027944306624838e-06,1.4027944306624838e-06,1.4027944306624838e-06,1.4027944306624838e-06,,
Triple,GFE,BFGS,epsilon_pressure_rel,0.03,objective_n_m,1,1,0,-0.047132764573218175,-0.047132764573218175,-0.047132764573218175,-0.047132764573218175,-0.047132764573218175,,
Triple,GFE,BFGS,epsilon_pressure_rel,0.03,surrogate_residual_n,1,1,0,1.2757798937954246e-08,1.2757798937954246e-08,1.2757798937954246e-08,1.2757798937954246e-08,1.2757798937954246e-08,,
Triple,GFE,BFGS,epsilon_pressure_rel,0.03,command_cosine_to_fixed_GFE,1,1,0,0.9999040936318937,0.9999040936318937,0.9999040936318937,0.9999040936318937,0.9999040936318937,,
Triple,GFE,BFGS,epsilon_pressure_rel,0.03,field_cosine_to_fixed_GFE,1,1,0,0.999979446648586,0.999979446648586,0.999979446648586,0.999979446648586,0.999979446648586,,
Triple,GFE,BFGS,epsilon_pressure_rel,0.03,worst_displacement_a,1,1,0,0.45925584141890974,0.45925584141890974,0.45925584141890974,0.45925584141890974,0.45925584141890974,,
Triple,GFE,BFGS,epsilon_pressure_rel,0.03,minimum_stiffness_n_m,1,1,0,0.001308084393329455,0.001308084393329455,0.001308084393329455,0.001308084393329455,0.001308084393329455,,
Triple,GFE,BFGS,epsilon_pressure_rel,0.03,common_nominal_loss_std_n_m,1,1,0,1.1635227600217164e-05,1.1635227600217164e-05,1.1635227600217164e-05,1.1635227600217164e-05,1.1635227600217164e-05,,
Triple,GFE,BFGS,epsilon_std_factor,0.0,solve_wall_s,1,1,0,110.28988629998639,110.28988629998639,110.28988629998639,110.28988629998639,110.28988629998639,,
Triple,GFE,BFGS,epsilon_std_factor,0.0,iterations,1,1,0,30000.0,30000.0,30000.0,30000.0,30000.0,,
Triple,GFE,BFGS,epsilon_std_factor,0.0,evaluations,1,1,0,33001.0,33001.0,33001.0,33001.0,33001.0,,
Triple,GFE,BFGS,epsilon_std_factor,0.0,terminal_gradient_l2,1,1,0,0.005240937710928418,0.005240937710928418,0.005240937710928418,0.005240937710928418,0.005240937710928418,,
Triple,GFE,BFGS,epsilon_std_factor,0.0,terminal_gradient_inf,1,1,0,0.0014167008016976314,0.0014167008016976314,0.0014167008016976314,0.0014167008016976314,0.0014167008016976314,,
Triple,GFE,BFGS,epsilon_std_factor,0.0,relative_gradient_l2,1,1,0,0.17454726657387187,0.17454726657387187,0.17454726657387187,0.17454726657387187,0.17454726657387187,,
Triple,GFE,BFGS,epsilon_std_factor,0.0,objective_n_m,1,1,0,-0.049625418650260766,-0.049625418650260766,-0.049625418650260766,-0.049625418650260766,-0.049625418650260766,,
Triple,GFE,BFGS,epsilon_std_factor,0.0,surrogate_residual_n,1,1,0,1.3976047538306594e-08,1.3976047538306594e-08,1.3976047538306594e-08,1.3976047538306594e-08,1.3976047538306594e-08,,
Triple,GFE,BFGS,epsilon_std_factor,0.0,command_cosine_to_fixed_GFE,1,1,0,0.9988949799310276,0.9988949799310276,0.9988949799310276,0.9988949799310276,0.9988949799310276,,
Triple,GFE,BFGS,epsilon_std_factor,0.0,field_cosine_to_fixed_GFE,1,1,0,0.9996880638607898,0.9996880638607898,0.9996880638607898,0.9996880638607898,0.9996880638607898,,
Triple,GFE,BFGS,epsilon_std_factor,0.0,worst_displacement_a,1,1,0,0.4672147540822009,0.4672147540822009,0.4672147540822009,0.4672147540822009,0.4672147540822009,,
Triple,GFE,BFGS,epsilon_std_factor,0.0,minimum_stiffness_n_m,1,1,0,0.0013131605133601051,0.0013131605133601051,0.0013131605133601051,0.0013131605133601051,0.0013131605133601051,,
Triple,GFE,BFGS,epsilon_std_factor,0.0,common_nominal_loss_std_n_m,1,1,0,5.203108843086557e-10,5.203108843086557e-10,5.203108843086557e-10,5.203108843086557e-10,5.203108843086557e-10,,
Triple,GFE,BFGS,epsilon_std_factor,0.01,solve_wall_s,1,1,0,20.995793099995353,20.995793099995353,20.995793099995353,20.995793099995353,20.995793099995353,,
Triple,GFE,BFGS,epsilon_std_factor,0.01,iterations,1,1,0,5860.0,5860.0,5860.0,5860.0,5860.0,,
Triple,GFE,BFGS,epsilon_std_factor,0.01,evaluations,1,1,0,6188.0,6188.0,6188.0,6188.0,6188.0,,
Triple,GFE,BFGS,epsilon_std_factor,0.01,terminal_gradient_l2,1,1,0,5.439812835243128e-08,5.439812835243128e-08,5.439812835243128e-08,5.439812835243128e-08,5.439812835243128e-08,,
Triple,GFE,BFGS,epsilon_std_factor,0.01,terminal_gradient_inf,1,1,0,1.9749377511129186e-08,1.9749377511129186e-08,1.9749377511129186e-08,1.9749377511129186e-08,1.9749377511129186e-08,,
Triple,GFE,BFGS,epsilon_std_factor,0.01,relative_gradient_l2,1,1,0,1.81170720954535e-06,1.81170720954535e-06,1.81170720954535e-06,1.81170720954535e-06,1.81170720954535e-06,,
Triple,GFE,BFGS,epsilon_std_factor,0.01,objective_n_m,1,1,0,-0.04964887469937573,-0.04964887469937573,-0.04964887469937573,-0.04964887469937573,-0.04964887469937573,,
Triple,GFE,BFGS,epsilon_std_factor,0.01,surrogate_residual_n,1,1,0,1.3343996567966611e-08,1.3343996567966611e-08,1.3343996567966611e-08,1.3343996567966611e-08,1.3343996567966611e-08,,
Triple,GFE,BFGS,epsilon_std_factor,0.01,command_cosine_to_fixed_GFE,1,1,0,0.9999999975936934,0.9999999975936934,0.9999999975936934,0.9999999975936934,0.9999999975936934,,
Triple,GFE,BFGS,epsilon_std_factor,0.01,field_cosine_to_fixed_GFE,1,1,0,0.9999999984017934,0.9999999984017934,0.9999999984017934,0.9999999984017934,0.9999999984017934,,
Triple,GFE,BFGS,epsilon_std_factor,0.01,worst_displacement_a,1,1,0,0.45794734044305746,0.45794734044305746,0.45794734044305746,0.45794734044305746,0.45794734044305746,,
Triple,GFE,BFGS,epsilon_std_factor,0.01,minimum_stiffness_n_m,1,1,0,0.0013123063021516612,0.0013123063021516612,0.0013123063021516612,0.0013123063021516612,0.0013123063021516612,,
Triple,GFE,BFGS,epsilon_std_factor,0.01,common_nominal_loss_std_n_m,1,1,0,3.6236525980371676e-08,3.6236525980371676e-08,3.6236525980371676e-08,3.6236525980371676e-08,3.6236525980371676e-08,,
Triple,GFE,BFGS,epsilon_std_factor,0.03,solve_wall_s,1,1,0,16.958384400000796,16.958384400000796,16.958384400000796,16.958384400000796,16.958384400000796,,
Triple,GFE,BFGS,epsilon_std_factor,0.03,iterations,1,1,0,4713.0,4713.0,4713.0,4713.0,4713.0,,
Triple,GFE,BFGS,epsilon_std_factor,0.03,evaluations,1,1,0,4912.0,4912.0,4912.0,4912.0,4912.0,,
Triple,GFE,BFGS,epsilon_std_factor,0.03,terminal_gradient_l2,1,1,0,2.7565161142144494e-08,2.7565161142144494e-08,2.7565161142144494e-08,2.7565161142144494e-08,2.7565161142144494e-08,,
Triple,GFE,BFGS,epsilon_std_factor,0.03,terminal_gradient_inf,1,1,0,9.247957247371797e-09,9.247957247371797e-09,9.247957247371797e-09,9.247957247371797e-09,9.247957247371797e-09,,
Triple,GFE,BFGS,epsilon_std_factor,0.03,relative_gradient_l2,1,1,0,9.180463324496706e-07,9.180463324496706e-07,9.180463324496706e-07,9.180463324496706e-07,9.180463324496706e-07,,
Triple,GFE,BFGS,epsilon_std_factor,0.03,objective_n_m,1,1,0,-0.04964887586525493,-0.04964887586525493,-0.04964887586525493,-0.04964887586525493,-0.04964887586525493,,
Triple,GFE,BFGS,epsilon_std_factor,0.03,surrogate_residual_n,1,1,0,1.3344218979355702e-08,1.3344218979355702e-08,1.3344218979355702e-08,1.3344218979355702e-08,1.3344218979355702e-08,,
Triple,GFE,BFGS,epsilon_std_factor,0.03,command_cosine_to_fixed_GFE,1,1,0,0.9999999977776668,0.9999999977776668,0.9999999977776668,0.9999999977776668,0.9999999977776668,,
Triple,GFE,BFGS,epsilon_std_factor,0.03,field_cosine_to_fixed_GFE,1,1,0,0.9999999985178716,0.9999999985178716,0.9999999985178716,0.9999999985178716,0.9999999985178716,,
Triple,GFE,BFGS,epsilon_std_factor,0.03,worst_displacement_a,1,1,0,0.4579480176236953,0.4579480176236953,0.4579480176236953,0.4579480176236953,0.4579480176236953,,
Triple,GFE,BFGS,epsilon_std_factor,0.03,minimum_stiffness_n_m,1,1,0,0.0013123027568447635,0.0013123027568447635,0.0013123027568447635,0.0013123027568447635,0.0013123027568447635,,
Triple,GFE,BFGS,epsilon_std_factor,0.03,common_nominal_loss_std_n_m,1,1,0,1.086924986802114e-07,1.086924986802114e-07,1.086924986802114e-07,1.086924986802114e-07,1.086924986802114e-07,,
Triple,GFE,BFGS,epsilon_std_factor,0.1,solve_wall_s,1,1,0,13.136695599998347,13.136695599998347,13.136695599998347,13.136695599998347,13.136695599998347,,
Triple,GFE,BFGS,epsilon_std_factor,0.1,iterations,1,1,0,3535.0,3535.0,3535.0,3535.0,3535.0,,
Triple,GFE,BFGS,epsilon_std_factor,0.1,evaluations,1,1,0,3720.0,3720.0,3720.0,3720.0,3720.0,,
Triple,GFE,BFGS,epsilon_std_factor,0.1,terminal_gradient_l2,1,1,0,4.6030907080647917e-08,4.6030907080647917e-08,4.6030907080647917e-08,4.6030907080647917e-08,4.6030907080647917e-08,,
Triple,GFE,BFGS,epsilon_std_factor,0.1,terminal_gradient_inf,1,1,0,1.4806100455180205e-08,1.4806100455180205e-08,1.4806100455180205e-08,1.4806100455180205e-08,1.4806100455180205e-08,,
Triple,GFE,BFGS,epsilon_std_factor,0.1,relative_gradient_l2,1,1,0,1.5330407588839947e-06,1.5330407588839947e-06,1.5330407588839947e-06,1.5330407588839947e-06,1.5330407588839947e-06,,
Triple,GFE,BFGS,epsilon_std_factor,0.1,objective_n_m,1,1,0,-0.049648879938339704,-0.049648879938339704,-0.049648879938339704,-0.049648879938339704,-0.049648879938339704,,
Triple,GFE,BFGS,epsilon_std_factor,0.1,surrogate_residual_n,1,1,0,1.3344214020979869e-08,1.3344214020979869e-08,1.3344214020979869e-08,1.3344214020979869e-08,1.3344214020979869e-08,,
Triple,GFE,BFGS,epsilon_std_factor,0.1,command_cosine_to_fixed_GFE,1,1,0,0.9999999979033302,0.9999999979033302,0.9999999979033302,0.9999999979033302,0.9999999979033302,,
Triple,GFE,BFGS,epsilon_std_factor,0.1,field_cosine_to_fixed_GFE,1,1,0,0.9999999986177773,0.9999999986177773,0.9999999986177773,0.9999999986177773,0.9999999986177773,,
Triple,GFE,BFGS,epsilon_std_factor,0.1,worst_displacement_a,1,1,0,0.4579499243082229,0.4579499243082229,0.4579499243082229,0.4579499243082229,0.4579499243082229,,
Triple,GFE,BFGS,epsilon_std_factor,0.1,minimum_stiffness_n_m,1,1,0,0.001312295320228908,0.001312295320228908,0.001312295320228908,0.001312295320228908,0.001312295320228908,,
Triple,GFE,BFGS,epsilon_std_factor,0.1,common_nominal_loss_std_n_m,1,1,0,3.6229380396824445e-07,3.6229380396824445e-07,3.6229380396824445e-07,3.6229380396824445e-07,3.6229380396824445e-07,,
Triple,GFE,BFGS,epsilon_std_factor,0.3,solve_wall_s,1,1,0,11.408376199993654,11.408376199993654,11.408376199993654,11.408376199993654,11.408376199993654,,
Triple,GFE,BFGS,epsilon_std_factor,0.3,iterations,1,1,0,3256.0,3256.0,3256.0,3256.0,3256.0,,
Triple,GFE,BFGS,epsilon_std_factor,0.3,evaluations,1,1,0,3400.0,3400.0,3400.0,3400.0,3400.0,,
Triple,GFE,BFGS,epsilon_std_factor,0.3,terminal_gradient_l2,1,1,0,2.7957270064129725e-08,2.7957270064129725e-08,2.7957270064129725e-08,2.7957270064129725e-08,2.7957270064129725e-08,,
Triple,GFE,BFGS,epsilon_std_factor,0.3,terminal_gradient_inf,1,1,0,8.478561735034494e-09,8.478561735034494e-09,8.478561735034494e-09,8.478561735034494e-09,8.478561735034494e-09,,
Triple,GFE,BFGS,epsilon_std_factor,0.3,relative_gradient_l2,1,1,0,9.311075441988371e-07,9.311075441988371e-07,9.311075441988371e-07,9.311075441988371e-07,9.311075441988371e-07,,
Triple,GFE,BFGS,epsilon_std_factor,0.3,objective_n_m,1,1,0,-0.049648891577820986,-0.049648891577820986,-0.049648891577820986,-0.049648891577820986,-0.049648891577820986,,
Triple,GFE,BFGS,epsilon_std_factor,0.3,surrogate_residual_n,1,1,0,1.3344512033287958e-08,1.3344512033287958e-08,1.3344512033287958e-08,1.3344512033287958e-08,1.3344512033287958e-08,,
Triple,GFE,BFGS,epsilon_std_factor,0.3,command_cosine_to_fixed_GFE,1,1,0,0.9999999987349429,0.9999999987349429,0.9999999987349429,0.9999999987349429,0.9999999987349429,,
Triple,GFE,BFGS,epsilon_std_factor,0.3,field_cosine_to_fixed_GFE,1,1,0,0.9999999991934484,0.9999999991934484,0.9999999991934484,0.9999999991934484,0.9999999991934484,,
Triple,GFE,BFGS,epsilon_std_factor,0.3,worst_displacement_a,1,1,0,0.4579536570361092,0.4579536570361092,0.4579536570361092,0.4579536570361092,0.4579536570361092,,
Triple,GFE,BFGS,epsilon_std_factor,0.3,minimum_stiffness_n_m,1,1,0,0.0013122705472401657,0.0013122705472401657,0.0013122705472401657,0.0013122705472401657,0.0013122705472401657,,
Triple,GFE,BFGS,epsilon_std_factor,0.3,common_nominal_loss_std_n_m,1,1,0,1.0866038544669588e-06,1.0866038544669588e-06,1.0866038544669588e-06,1.0866038544669588e-06,1.0866038544669588e-06,,
Triple,GFE,BFGS,epsilon_std_factor,1.0,solve_wall_s,1,1,0,9.424814900005003,9.424814900005003,9.424814900005003,9.424814900005003,9.424814900005003,,
Triple,GFE,BFGS,epsilon_std_factor,1.0,iterations,1,1,0,2777.0,2777.0,2777.0,2777.0,2777.0,,
Triple,GFE,BFGS,epsilon_std_factor,1.0,evaluations,1,1,0,2871.0,2871.0,2871.0,2871.0,2871.0,,
Triple,GFE,BFGS,epsilon_std_factor,1.0,terminal_gradient_l2,1,1,0,3.307155120464556e-08,3.307155120464556e-08,3.307155120464556e-08,3.307155120464556e-08,3.307155120464556e-08,,
Triple,GFE,BFGS,epsilon_std_factor,1.0,terminal_gradient_inf,1,1,0,9.894782154094378e-09,9.894782154094378e-09,9.894782154094378e-09,9.894782154094378e-09,9.894782154094378e-09,,
Triple,GFE,BFGS,epsilon_std_factor,1.0,relative_gradient_l2,1,1,0,1.1014633748299583e-06,1.1014633748299583e-06,1.1014633748299583e-06,1.1014633748299583e-06,1.1014633748299583e-06,,
Triple,GFE,BFGS,epsilon_std_factor,1.0,objective_n_m,1,1,0,-0.049648932268539954,-0.049648932268539954,-0.049648932268539954,-0.049648932268539954,-0.049648932268539954,,
Triple,GFE,BFGS,epsilon_std_factor,1.0,surrogate_residual_n,1,1,0,1.3345442864029888e-08,1.3345442864029888e-08,1.3345442864029888e-08,1.3345442864029888e-08,1.3345442864029888e-08,,
Triple,GFE,BFGS,epsilon_std_factor,1.0,command_cosine_to_fixed_GFE,1,1,0,1.0,1.0,1.0,1.0,1.0,,
Triple,GFE,BFGS,epsilon_std_factor,1.0,field_cosine_to_fixed_GFE,1,1,0,0.9999999999999994,0.9999999999999994,0.9999999999999994,0.9999999999999994,0.9999999999999994,,
Triple,GFE,BFGS,epsilon_std_factor,1.0,worst_displacement_a,1,1,0,0.45796753839851656,0.45796753839851656,0.45796753839851656,0.45796753839851656,0.45796753839851656,,
Triple,GFE,BFGS,epsilon_std_factor,1.0,minimum_stiffness_n_m,1,1,0,0.001312184169728167,0.001312184169728167,0.001312184169728167,0.001312184169728167,0.001312184169728167,,
Triple,GFE,BFGS,epsilon_std_factor,1.0,common_nominal_loss_std_n_m,1,1,0,3.618937673684308e-06,3.618937673684308e-06,3.618937673684308e-06,3.618937673684308e-06,3.618937673684308e-06,,
Triple,GFE,BFGS,epsilon_std_factor,3.0,solve_wall_s,1,1,0,8.993128099988098,8.993128099988098,8.993128099988098,8.993128099988098,8.993128099988098,,
Triple,GFE,BFGS,epsilon_std_factor,3.0,iterations,1,1,0,2377.0,2377.0,2377.0,2377.0,2377.0,,
Triple,GFE,BFGS,epsilon_std_factor,3.0,evaluations,1,1,0,2471.0,2471.0,2471.0,2471.0,2471.0,,
Triple,GFE,BFGS,epsilon_std_factor,3.0,terminal_gradient_l2,1,1,0,4.052798593685528e-08,4.052798593685528e-08,4.052798593685528e-08,4.052798593685528e-08,4.052798593685528e-08,,
Triple,GFE,BFGS,epsilon_std_factor,3.0,terminal_gradient_inf,1,1,0,9.932377141648185e-09,9.932377141648185e-09,9.932377141648185e-09,9.932377141648185e-09,9.932377141648185e-09,,
Triple,GFE,BFGS,epsilon_std_factor,3.0,relative_gradient_l2,1,1,0,1.3500877148547703e-06,1.3500877148547703e-06,1.3500877148547703e-06,1.3500877148547703e-06,1.3500877148547703e-06,,
Triple,GFE,BFGS,epsilon_std_factor,3.0,objective_n_m,1,1,0,-0.0496490481516482,-0.0496490481516482,-0.0496490481516482,-0.0496490481516482,-0.0496490481516482,,
Triple,GFE,BFGS,epsilon_std_factor,3.0,surrogate_residual_n,1,1,0,1.3348356467190911e-08,1.3348356467190911e-08,1.3348356467190911e-08,1.3348356467190911e-08,1.3348356467190911e-08,,
Triple,GFE,BFGS,epsilon_std_factor,3.0,command_cosine_to_fixed_GFE,1,1,0,0.9999999896702914,0.9999999896702914,0.9999999896702914,0.9999999896702914,0.9999999896702914,,
Triple,GFE,BFGS,epsilon_std_factor,3.0,field_cosine_to_fixed_GFE,1,1,0,0.9999999933793915,0.9999999933793915,0.9999999933793915,0.9999999933793915,0.9999999933793915,,
Triple,GFE,BFGS,epsilon_std_factor,3.0,worst_displacement_a,1,1,0,0.4580088392468824,0.4580088392468824,0.4580088392468824,0.4580088392468824,0.4580088392468824,,
Triple,GFE,BFGS,epsilon_std_factor,3.0,minimum_stiffness_n_m,1,1,0,0.001311939703798838,0.001311939703798838,0.001311939703798838,0.001311939703798838,0.001311939703798838,,
Triple,GFE,BFGS,epsilon_std_factor,3.0,common_nominal_loss_std_n_m,1,1,0,1.083085508470501e-05,1.083085508470501e-05,1.083085508470501e-05,1.083085508470501e-05,1.083085508470501e-05,,
Triple,GFE,BFGS,epsilon_std_factor,10.0,solve_wall_s,1,1,0,8.186179700001958,8.186179700001958,8.186179700001958,8.186179700001958,8.186179700001958,,
Triple,GFE,BFGS,epsilon_std_factor,10.0,iterations,1,1,0,2343.0,2343.0,2343.0,2343.0,2343.0,,
Triple,GFE,BFGS,epsilon_std_factor,10.0,evaluations,1,1,0,2452.0,2452.0,2452.0,2452.0,2452.0,,
Triple,GFE,BFGS,epsilon_std_factor,10.0,terminal_gradient_l2,1,1,0,2.9763098660590998e-08,2.9763098660590998e-08,2.9763098660590998e-08,2.9763098660590998e-08,2.9763098660590998e-08,,
Triple,GFE,BFGS,epsilon_std_factor,10.0,terminal_gradient_inf,1,1,0,7.718898163685403e-09,7.718898163685403e-09,7.718898163685403e-09,7.718898163685403e-09,7.718898163685403e-09,,
Triple,GFE,BFGS,epsilon_std_factor,10.0,relative_gradient_l2,1,1,0,9.938437641329453e-07,9.938437641329453e-07,9.938437641329453e-07,9.938437641329453e-07,9.938437641329453e-07,,
Triple,GFE,BFGS,epsilon_std_factor,10.0,objective_n_m,1,1,0,-0.04964944941883589,-0.04964944941883589,-0.04964944941883589,-0.04964944941883589,-0.04964944941883589,,
Triple,GFE,BFGS,epsilon_std_factor,10.0,surrogate_residual_n,1,1,0,1.3356897983246642e-08,1.3356897983246642e-08,1.3356897983246642e-08,1.3356897983246642e-08,1.3356897983246642e-08,,
Triple,GFE,BFGS,epsilon_std_factor,10.0,command_cosine_to_fixed_GFE,1,1,0,0.999999804108636,0.999999804108636,0.999999804108636,0.999999804108636,0.999999804108636,,
Triple,GFE,BFGS,epsilon_std_factor,10.0,field_cosine_to_fixed_GFE,1,1,0,0.9999998716696739,0.9999998716696739,0.9999998716696739,0.9999998716696739,0.9999998716696739,,
Triple,GFE,BFGS,epsilon_std_factor,10.0,worst_displacement_a,1,1,0,0.45814525815522694,0.45814525815522694,0.45814525815522694,0.45814525815522694,0.45814525815522694,,
Triple,GFE,BFGS,epsilon_std_factor,10.0,minimum_stiffness_n_m,1,1,0,0.0013111168892070125,0.0013111168892070125,0.0013111168892070125,0.0013111168892070125,0.0013111168892070125,,
Triple,GFE,BFGS,epsilon_std_factor,10.0,common_nominal_loss_std_n_m,1,1,0,3.58040876752919e-05,3.58040876752919e-05,3.58040876752919e-05,3.58040876752919e-05,3.58040876752919e-05,,
Triple,GFE,BFGS,epsilon_std_factor,30.0,solve_wall_s,1,1,0,9.399329900013981,9.399329900013981,9.399329900013981,9.399329900013981,9.399329900013981,,
Triple,GFE,BFGS,epsilon_std_factor,30.0,iterations,1,1,0,2585.0,2585.0,2585.0,2585.0,2585.0,,
Triple,GFE,BFGS,epsilon_std_factor,30.0,evaluations,1,1,0,2693.0,2693.0,2693.0,2693.0,2693.0,,
Triple,GFE,BFGS,epsilon_std_factor,30.0,terminal_gradient_l2,1,1,0,3.731594887082779e-08,3.731594887082779e-08,3.731594887082779e-08,3.731594887082779e-08,3.731594887082779e-08,,
Triple,GFE,BFGS,epsilon_std_factor,30.0,terminal_gradient_inf,1,1,0,9.944079688373533e-09,9.944079688373533e-09,9.944079688373533e-09,9.944079688373533e-09,9.944079688373533e-09,,
Triple,GFE,BFGS,epsilon_std_factor,30.0,relative_gradient_l2,1,1,0,1.270763062216683e-06,1.270763062216683e-06,1.270763062216683e-06,1.270763062216683e-06,1.270763062216683e-06,,
Triple,GFE,BFGS,epsilon_std_factor,30.0,objective_n_m,1,1,0,-0.04965055996048979,-0.04965055996048979,-0.04965055996048979,-0.04965055996048979,-0.04965055996048979,,
Triple,GFE,BFGS,epsilon_std_factor,30.0,surrogate_residual_n,1,1,0,1.3381544304775342e-08,1.3381544304775342e-08,1.3381544304775342e-08,1.3381544304775342e-08,1.3381544304775342e-08,,
Triple,GFE,BFGS,epsilon_std_factor,30.0,command_cosine_to_fixed_GFE,1,1,0,0.9999980775950718,0.9999980775950718,0.9999980775950718,0.9999980775950718,0.9999980775950718,,
Triple,GFE,BFGS,epsilon_std_factor,30.0,field_cosine_to_fixed_GFE,1,1,0,0.9999987335218783,0.9999987335218783,0.9999987335218783,0.9999987335218783,0.9999987335218783,,
Triple,GFE,BFGS,epsilon_std_factor,30.0,worst_displacement_a,1,1,0,0.4585176359297686,0.4585176359297686,0.4585176359297686,0.4585176359297686,0.4585176359297686,,
Triple,GFE,BFGS,epsilon_std_factor,30.0,minimum_stiffness_n_m,1,1,0,0.0013087979327317722,0.0013087979327317722,0.0013087979327317722,0.0013087979327317722,0.0013087979327317722,,
Triple,GFE,BFGS,epsilon_std_factor,30.0,common_nominal_loss_std_n_m,1,1,0,0.00010491299751162482,0.00010491299751162482,0.00010491299751162482,0.00010491299751162482,0.00010491299751162482,,
Triple,GFE,BFGS,first_stage_factor,0.01,solve_wall_s,1,1,0,11.1428212000028,11.1428212000028,11.1428212000028,11.1428212000028,11.1428212000028,,
Triple,GFE,BFGS,first_stage_factor,0.01,iterations,1,1,0,2812.0,2812.0,2812.0,2812.0,2812.0,,
Triple,GFE,BFGS,first_stage_factor,0.01,evaluations,1,1,0,2922.0,2922.0,2922.0,2922.0,2922.0,,
Triple,GFE,BFGS,first_stage_factor,0.01,terminal_gradient_l2,1,1,0,2.573518121219337e-08,2.573518121219337e-08,2.573518121219337e-08,2.573518121219337e-08,2.573518121219337e-08,,
Triple,GFE,BFGS,first_stage_factor,0.01,terminal_gradient_inf,1,1,0,6.9868867978814964e-09,6.9868867978814964e-09,6.9868867978814964e-09,6.9868867978814964e-09,6.9868867978814964e-09,,
Triple,GFE,BFGS,first_stage_factor,0.01,relative_gradient_l2,1,1,0,8.571221644378518e-07,8.571221644378518e-07,8.571221644378518e-07,8.571221644378518e-07,8.571221644378518e-07,,
Triple,GFE,BFGS,first_stage_factor,0.01,objective_n_m,1,1,0,-0.049648932268864375,-0.049648932268864375,-0.049648932268864375,-0.049648932268864375,-0.049648932268864375,,
Triple,GFE,BFGS,first_stage_factor,0.01,surrogate_residual_n,1,1,0,1.3345485288432808e-08,1.3345485288432808e-08,1.3345485288432808e-08,1.3345485288432808e-08,1.3345485288432808e-08,,
Triple,GFE,BFGS,first_stage_factor,0.01,command_cosine_to_fixed_GFE,1,1,0,0.9999999999437797,0.9999999999437797,0.9999999999437797,0.9999999999437797,0.9999999999437797,,
Triple,GFE,BFGS,first_stage_factor,0.01,field_cosine_to_fixed_GFE,1,1,0,0.9999999999844418,0.9999999999844418,0.9999999999844418,0.9999999999844418,0.9999999999844418,,
Triple,GFE,BFGS,first_stage_factor,0.01,worst_displacement_a,1,1,0,0.4579672453606368,0.4579672453606368,0.4579672453606368,0.4579672453606368,0.4579672453606368,,
Triple,GFE,BFGS,first_stage_factor,0.01,minimum_stiffness_n_m,1,1,0,0.0013121837459255197,0.0013121837459255197,0.0013121837459255197,0.0013121837459255197,0.0013121837459255197,,
Triple,GFE,BFGS,first_stage_factor,0.01,common_nominal_loss_std_n_m,1,1,0,3.619014062985256e-06,3.619014062985256e-06,3.619014062985256e-06,3.619014062985256e-06,3.619014062985256e-06,,
Triple,GFE,BFGS,first_stage_factor,0.02,solve_wall_s,1,1,0,10.35506990000431,10.35506990000431,10.35506990000431,10.35506990000431,10.35506990000431,,
Triple,GFE,BFGS,first_stage_factor,0.02,iterations,1,1,0,2941.0,2941.0,2941.0,2941.0,2941.0,,
Triple,GFE,BFGS,first_stage_factor,0.02,evaluations,1,1,0,3063.0,3063.0,3063.0,3063.0,3063.0,,
Triple,GFE,BFGS,first_stage_factor,0.02,terminal_gradient_l2,1,1,0,3.175989700468801e-08,3.175989700468801e-08,3.175989700468801e-08,3.175989700468801e-08,3.175989700468801e-08,,
Triple,GFE,BFGS,first_stage_factor,0.02,terminal_gradient_inf,1,1,0,8.901131888405431e-09,8.901131888405431e-09,8.901131888405431e-09,8.901131888405431e-09,8.901131888405431e-09,,
Triple,GFE,BFGS,first_stage_factor,0.02,relative_gradient_l2,1,1,0,1.0577781224281238e-06,1.0577781224281238e-06,1.0577781224281238e-06,1.0577781224281238e-06,1.0577781224281238e-06,,
Triple,GFE,BFGS,first_stage_factor,0.02,objective_n_m,1,1,0,-0.049648932268443434,-0.049648932268443434,-0.049648932268443434,-0.049648932268443434,-0.049648932268443434,,
Triple,GFE,BFGS,first_stage_factor,0.02,surrogate_residual_n,1,1,0,1.3345624989957613e-08,1.3345624989957613e-08,1.3345624989957613e-08,1.3345624989957613e-08,1.3345624989957613e-08,,
Triple,GFE,BFGS,first_stage_factor,0.02,command_cosine_to_fixed_GFE,1,1,0,0.9999999999359387,0.9999999999359387,0.9999999999359387,0.9999999999359387,0.9999999999359387,,
Triple,GFE,BFGS,first_stage_factor,0.02,field_cosine_to_fixed_GFE,1,1,0,0.9999999999889974,0.9999999999889974,0.9999999999889974,0.9999999999889974,0.9999999999889974,,
Triple,GFE,BFGS,first_stage_factor,0.02,worst_displacement_a,1,1,0,0.4579685411637381,0.4579685411637381,0.4579685411637381,0.4579685411637381,0.4579685411637381,,
Triple,GFE,BFGS,first_stage_factor,0.02,minimum_stiffness_n_m,1,1,0,0.0013121828411944475,0.0013121828411944475,0.0013121828411944475,0.0013121828411944475,0.0013121828411944475,,
Triple,GFE,BFGS,first_stage_factor,0.02,common_nominal_loss_std_n_m,1,1,0,3.619092119545129e-06,3.619092119545129e-06,3.619092119545129e-06,3.619092119545129e-06,3.619092119545129e-06,,
Triple,GFE,BFGS,first_stage_factor,0.05,solve_wall_s,1,1,0,9.424814900005003,9.424814900005003,9.424814900005003,9.424814900005003,9.424814900005003,,
Triple,GFE,BFGS,first_stage_factor,0.05,iterations,1,1,0,2777.0,2777.0,2777.0,2777.0,2777.0,,
Triple,GFE,BFGS,first_stage_factor,0.05,evaluations,1,1,0,2871.0,2871.0,2871.0,2871.0,2871.0,,
Triple,GFE,BFGS,first_stage_factor,0.05,terminal_gradient_l2,1,1,0,3.307155120464556e-08,3.307155120464556e-08,3.307155120464556e-08,3.307155120464556e-08,3.307155120464556e-08,,
Triple,GFE,BFGS,first_stage_factor,0.05,terminal_gradient_inf,1,1,0,9.894782154094378e-09,9.894782154094378e-09,9.894782154094378e-09,9.894782154094378e-09,9.894782154094378e-09,,
Triple,GFE,BFGS,first_stage_factor,0.05,relative_gradient_l2,1,1,0,1.1014633748299583e-06,1.1014633748299583e-06,1.1014633748299583e-06,1.1014633748299583e-06,1.1014633748299583e-06,,
Triple,GFE,BFGS,first_stage_factor,0.05,objective_n_m,1,1,0,-0.049648932268539954,-0.049648932268539954,-0.049648932268539954,-0.049648932268539954,-0.049648932268539954,,
Triple,GFE,BFGS,first_stage_factor,0.05,surrogate_residual_n,1,1,0,1.3345442864029888e-08,1.3345442864029888e-08,1.3345442864029888e-08,1.3345442864029888e-08,1.3345442864029888e-08,,
Triple,GFE,BFGS,first_stage_factor,0.05,command_cosine_to_fixed_GFE,1,1,0,1.0,1.0,1.0,1.0,1.0,,
Triple,GFE,BFGS,first_stage_factor,0.05,field_cosine_to_fixed_GFE,1,1,0,0.9999999999999994,0.9999999999999994,0.9999999999999994,0.9999999999999994,0.9999999999999994,,
Triple,GFE,BFGS,first_stage_factor,0.05,worst_displacement_a,1,1,0,0.45796753839851656,0.45796753839851656,0.45796753839851656,0.45796753839851656,0.45796753839851656,,
Triple,GFE,BFGS,first_stage_factor,0.05,minimum_stiffness_n_m,1,1,0,0.001312184169728167,0.001312184169728167,0.001312184169728167,0.001312184169728167,0.001312184169728167,,
Triple,GFE,BFGS,first_stage_factor,0.05,common_nominal_loss_std_n_m,1,1,0,3.618937673684308e-06,3.618937673684308e-06,3.618937673684308e-06,3.618937673684308e-06,3.618937673684308e-06,,
Triple,GFE,BFGS,first_stage_factor,0.1,solve_wall_s,1,1,0,9.755747600007453,9.755747600007453,9.755747600007453,9.755747600007453,9.755747600007453,,
Triple,GFE,BFGS,first_stage_factor,0.1,iterations,1,1,0,2580.0,2580.0,2580.0,2580.0,2580.0,,
Triple,GFE,BFGS,first_stage_factor,0.1,evaluations,1,1,0,2682.0,2682.0,2682.0,2682.0,2682.0,,
Triple,GFE,BFGS,first_stage_factor,0.1,terminal_gradient_l2,1,1,0,2.7878371899117608e-08,2.7878371899117608e-08,2.7878371899117608e-08,2.7878371899117608e-08,2.7878371899117608e-08,,
Triple,GFE,BFGS,first_stage_factor,0.1,terminal_gradient_inf,1,1,0,6.691676137377899e-09,6.691676137377899e-09,6.691676137377899e-09,6.691676137377899e-09,6.691676137377899e-09,,
Triple,GFE,BFGS,first_stage_factor,0.1,relative_gradient_l2,1,1,0,9.285021257924346e-07,9.285021257924346e-07,9.285021257924346e-07,9.285021257924346e-07,9.285021257924346e-07,,
Triple,GFE,BFGS,first_stage_factor,0.1,objective_n_m,1,1,0,-0.049648932268483104,-0.049648932268483104,-0.049648932268483104,-0.049648932268483104,-0.049648932268483104,,
Triple,GFE,BFGS,first_stage_factor,0.1,surrogate_residual_n,1,1,0,1.3345681275224925e-08,1.3345681275224925e-08,1.3345681275224925e-08,1.3345681275224925e-08,1.3345681275224925e-08,,
Triple,GFE,BFGS,first_stage_factor,0.1,command_cosine_to_fixed_GFE,1,1,0,0.999999999899917,0.999999999899917,0.999999999899917,0.999999999899917,0.999999999899917,,
Triple,GFE,BFGS,first_stage_factor,0.1,field_cosine_to_fixed_GFE,1,1,0,0.9999999999675596,0.9999999999675596,0.9999999999675596,0.9999999999675596,0.9999999999675596,,
Triple,GFE,BFGS,first_stage_factor,0.1,worst_displacement_a,1,1,0,0.45796908339279135,0.45796908339279135,0.45796908339279135,0.45796908339279135,0.45796908339279135,,
Triple,GFE,BFGS,first_stage_factor,0.1,minimum_stiffness_n_m,1,1,0,0.0013121838937241287,0.0013121838937241287,0.0013121838937241287,0.0013121838937241287,0.0013121838937241287,,
Triple,GFE,BFGS,first_stage_factor,0.1,common_nominal_loss_std_n_m,1,1,0,3.6191536917631676e-06,3.6191536917631676e-06,3.6191536917631676e-06,3.6191536917631676e-06,3.6191536917631676e-06,,
Triple,GFE,BFGS,first_stage_factor,0.2,solve_wall_s,1,1,0,9.615850500005763,9.615850500005763,9.615850500005763,9.615850500005763,9.615850500005763,,
Triple,GFE,BFGS,first_stage_factor,0.2,iterations,1,1,0,2605.0,2605.0,2605.0,2605.0,2605.0,,
Triple,GFE,BFGS,first_stage_factor,0.2,evaluations,1,1,0,2684.0,2684.0,2684.0,2684.0,2684.0,,
Triple,GFE,BFGS,first_stage_factor,0.2,terminal_gradient_l2,1,1,0,3.3465142521856596e-08,3.3465142521856596e-08,3.3465142521856596e-08,3.3465142521856596e-08,3.3465142521856596e-08,,
Triple,GFE,BFGS,first_stage_factor,0.2,terminal_gradient_inf,1,1,0,9.579684049150439e-09,9.579684049150439e-09,9.579684049150439e-09,9.579684049150439e-09,9.579684049150439e-09,,
Triple,GFE,BFGS,first_stage_factor,0.2,relative_gradient_l2,1,1,0,1.1145721164755012e-06,1.1145721164755012e-06,1.1145721164755012e-06,1.1145721164755012e-06,1.1145721164755012e-06,,
Triple,GFE,BFGS,first_stage_factor,0.2,objective_n_m,1,1,0,-0.049648932268294366,-0.049648932268294366,-0.049648932268294366,-0.049648932268294366,-0.049648932268294366,,
Triple,GFE,BFGS,first_stage_factor,0.2,surrogate_residual_n,1,1,0,1.3345606376737398e-08,1.3345606376737398e-08,1.3345606376737398e-08,1.3345606376737398e-08,1.3345606376737398e-08,,
Triple,GFE,BFGS,first_stage_factor,0.2,command_cosine_to_fixed_GFE,1,1,0,0.9999999999194716,0.9999999999194716,0.9999999999194716,0.9999999999194716,0.9999999999194716,,
Triple,GFE,BFGS,first_stage_factor,0.2,field_cosine_to_fixed_GFE,1,1,0,0.9999999999825506,0.9999999999825506,0.9999999999825506,0.9999999999825506,0.9999999999825506,,
Triple,GFE,BFGS,first_stage_factor,0.2,worst_displacement_a,1,1,0,0.45796906100009144,0.45796906100009144,0.45796906100009144,0.45796906100009144,0.45796906100009144,,
Triple,GFE,BFGS,first_stage_factor,0.2,minimum_stiffness_n_m,1,1,0,0.001312182997267406,0.001312182997267406,0.001312182997267406,0.001312182997267406,0.001312182997267406,,
Triple,GFE,BFGS,first_stage_factor,0.2,common_nominal_loss_std_n_m,1,1,0,3.619189601201115e-06,3.619189601201115e-06,3.619189601201115e-06,3.619189601201115e-06,3.619189601201115e-06,,
Triple,GFE,BFGS,first_stage_factor,0.5,solve_wall_s,1,1,0,9.174736200002371,9.174736200002371,9.174736200002371,9.174736200002371,9.174736200002371,,
Triple,GFE,BFGS,first_stage_factor,0.5,iterations,1,1,0,2428.0,2428.0,2428.0,2428.0,2428.0,,
Triple,GFE,BFGS,first_stage_factor,0.5,evaluations,1,1,0,2525.0,2525.0,2525.0,2525.0,2525.0,,
Triple,GFE,BFGS,first_stage_factor,0.5,terminal_gradient_l2,1,1,0,3.2161767523892276e-08,3.2161767523892276e-08,3.2161767523892276e-08,3.2161767523892276e-08,3.2161767523892276e-08,,
Triple,GFE,BFGS,first_stage_factor,0.5,terminal_gradient_inf,1,1,0,9.726781950047974e-09,9.726781950047974e-09,9.726781950047974e-09,9.726781950047974e-09,9.726781950047974e-09,,
Triple,GFE,BFGS,first_stage_factor,0.5,relative_gradient_l2,1,1,0,1.0711626067417966e-06,1.0711626067417966e-06,1.0711626067417966e-06,1.0711626067417966e-06,1.0711626067417966e-06,,
Triple,GFE,BFGS,first_stage_factor,0.5,objective_n_m,1,1,0,-0.04964893226867149,-0.04964893226867149,-0.04964893226867149,-0.04964893226867149,-0.04964893226867149,,
Triple,GFE,BFGS,first_stage_factor,0.5,surrogate_residual_n,1,1,0,1.3345923794356279e-08,1.3345923794356279e-08,1.3345923794356279e-08,1.3345923794356279e-08,1.3345923794356279e-08,,
Triple,GFE,BFGS,first_stage_factor,0.5,command_cosine_to_fixed_GFE,1,1,0,0.9999999999203799,0.9999999999203799,0.9999999999203799,0.9999999999203799,0.9999999999203799,,
Triple,GFE,BFGS,first_stage_factor,0.5,field_cosine_to_fixed_GFE,1,1,0,0.9999999999870944,0.9999999999870944,0.9999999999870944,0.9999999999870944,0.9999999999870944,,
Triple,GFE,BFGS,first_stage_factor,0.5,worst_displacement_a,1,1,0,0.4579685295983081,0.4579685295983081,0.4579685295983081,0.4579685295983081,0.4579685295983081,,
Triple,GFE,BFGS,first_stage_factor,0.5,minimum_stiffness_n_m,1,1,0,0.0013121843566041918,0.0013121843566041918,0.0013121843566041918,0.0013121843566041918,0.0013121843566041918,,
Triple,GFE,BFGS,first_stage_factor,0.5,common_nominal_loss_std_n_m,1,1,0,3.6190483481231883e-06,3.6190483481231883e-06,3.6190483481231883e-06,3.6190483481231883e-06,3.6190483481231883e-06,,
Triple,GFE,BFGS,first_stage_iterations,1.0,solve_wall_s,1,1,0,13.20845950000512,13.20845950000512,13.20845950000512,13.20845950000512,13.20845950000512,,
Triple,GFE,BFGS,first_stage_iterations,1.0,iterations,1,1,0,3359.0,3359.0,3359.0,3359.0,3359.0,,
Triple,GFE,BFGS,first_stage_iterations,1.0,evaluations,1,1,0,3495.0,3495.0,3495.0,3495.0,3495.0,,
Triple,GFE,BFGS,first_stage_iterations,1.0,terminal_gradient_l2,1,1,0,4.025259919766508e-08,4.025259919766508e-08,4.025259919766508e-08,4.025259919766508e-08,4.025259919766508e-08,,
Triple,GFE,BFGS,first_stage_iterations,1.0,terminal_gradient_inf,1,1,0,1.3050722976262752e-08,1.3050722976262752e-08,1.3050722976262752e-08,1.3050722976262752e-08,1.3050722976262752e-08,,
Triple,GFE,BFGS,first_stage_iterations,1.0,relative_gradient_l2,1,1,0,1.3406315138828406e-06,1.3406315138828406e-06,1.3406315138828406e-06,1.3406315138828406e-06,1.3406315138828406e-06,,
Triple,GFE,BFGS,first_stage_iterations,1.0,objective_n_m,1,1,0,-0.049648932268154256,-0.049648932268154256,-0.049648932268154256,-0.049648932268154256,-0.049648932268154256,,
Triple,GFE,BFGS,first_stage_iterations,1.0,surrogate_residual_n,1,1,0,1.3345747867733646e-08,1.3345747867733646e-08,1.3345747867733646e-08,1.3345747867733646e-08,1.3345747867733646e-08,,
Triple,GFE,BFGS,first_stage_iterations,1.0,command_cosine_to_fixed_GFE,1,1,0,0.9999999999347258,0.9999999999347258,0.9999999999347258,0.9999999999347258,0.9999999999347258,,
Triple,GFE,BFGS,first_stage_iterations,1.0,field_cosine_to_fixed_GFE,1,1,0,0.9999999999719593,0.9999999999719593,0.9999999999719593,0.9999999999719593,0.9999999999719593,,
Triple,GFE,BFGS,first_stage_iterations,1.0,worst_displacement_a,1,1,0,0.4579694921640216,0.4579694921640216,0.4579694921640216,0.4579694921640216,0.4579694921640216,,
Triple,GFE,BFGS,first_stage_iterations,1.0,minimum_stiffness_n_m,1,1,0,0.0013121834252468865,0.0013121834252468865,0.0013121834252468865,0.0013121834252468865,0.0013121834252468865,,
Triple,GFE,BFGS,first_stage_iterations,1.0,common_nominal_loss_std_n_m,1,1,0,3.6190574302079688e-06,3.6190574302079688e-06,3.6190574302079688e-06,3.6190574302079688e-06,3.6190574302079688e-06,,
Triple,GFE,BFGS,first_stage_iterations,50,solve_wall_s,1,1,0,10.173431300005177,10.173431300005177,10.173431300005177,10.173431300005177,10.173431300005177,,
Triple,GFE,BFGS,first_stage_iterations,50,iterations,1,1,0,2840.0,2840.0,2840.0,2840.0,2840.0,,
Triple,GFE,BFGS,first_stage_iterations,50,evaluations,1,1,0,2943.0,2943.0,2943.0,2943.0,2943.0,,
Triple,GFE,BFGS,first_stage_iterations,50,terminal_gradient_l2,1,1,0,2.667285489935934e-08,2.667285489935934e-08,2.667285489935934e-08,2.667285489935934e-08,2.667285489935934e-08,,
Triple,GFE,BFGS,first_stage_iterations,50,terminal_gradient_inf,1,1,0,9.2722818760309e-09,9.2722818760309e-09,9.2722818760309e-09,9.2722818760309e-09,9.2722818760309e-09,,
Triple,GFE,BFGS,first_stage_iterations,50,relative_gradient_l2,1,1,0,8.883518221446848e-07,8.883518221446848e-07,8.883518221446848e-07,8.883518221446848e-07,8.883518221446848e-07,,
Triple,GFE,BFGS,first_stage_iterations,50,objective_n_m,1,1,0,-0.04964893226853741,-0.04964893226853741,-0.04964893226853741,-0.04964893226853741,-0.04964893226853741,,
Triple,GFE,BFGS,first_stage_iterations,50,surrogate_residual_n,1,1,0,1.3345532696090818e-08,1.3345532696090818e-08,1.3345532696090818e-08,1.3345532696090818e-08,1.3345532696090818e-08,,
Triple,GFE,BFGS,first_stage_iterations,50,command_cosine_to_fixed_GFE,1,1,0,0.9999999999002602,0.9999999999002602,0.9999999999002602,0.9999999999002602,0.9999999999002602,,
Triple,GFE,BFGS,first_stage_iterations,50,field_cosine_to_fixed_GFE,1,1,0,0.9999999999568903,0.9999999999568903,0.9999999999568903,0.9999999999568903,0.9999999999568903,,
Triple,GFE,BFGS,first_stage_iterations,50,worst_displacement_a,1,1,0,0.45796919114745754,0.45796919114745754,0.45796919114745754,0.45796919114745754,0.45796919114745754,,
Triple,GFE,BFGS,first_stage_iterations,50,minimum_stiffness_n_m,1,1,0,0.0013121848898283493,0.0013121848898283493,0.0013121848898283493,0.0013121848898283493,0.0013121848898283493,,
Triple,GFE,BFGS,first_stage_iterations,50,common_nominal_loss_std_n_m,1,1,0,3.6190965306402414e-06,3.6190965306402414e-06,3.6190965306402414e-06,3.6190965306402414e-06,3.6190965306402414e-06,,
Triple,GFE,BFGS,first_stage_iterations,100.0,solve_wall_s,1,1,0,10.424790899996879,10.424790899996879,10.424790899996879,10.424790899996879,10.424790899996879,,
Triple,GFE,BFGS,first_stage_iterations,100.0,iterations,1,1,0,2751.0,2751.0,2751.0,2751.0,2751.0,,
Triple,GFE,BFGS,first_stage_iterations,100.0,evaluations,1,1,0,2854.0,2854.0,2854.0,2854.0,2854.0,,
Triple,GFE,BFGS,first_stage_iterations,100.0,terminal_gradient_l2,1,1,0,2.6841116813126472e-08,2.6841116813126472e-08,2.6841116813126472e-08,2.6841116813126472e-08,2.6841116813126472e-08,,
Triple,GFE,BFGS,first_stage_iterations,100.0,terminal_gradient_inf,1,1,0,7.1473524610461055e-09,7.1473524610461055e-09,7.1473524610461055e-09,7.1473524610461055e-09,7.1473524610461055e-09,,
Triple,GFE,BFGS,first_stage_iterations,100.0,relative_gradient_l2,1,1,0,8.939558633414963e-07,8.939558633414963e-07,8.939558633414963e-07,8.939558633414963e-07,8.939558633414963e-07,,
Triple,GFE,BFGS,first_stage_iterations,100.0,objective_n_m,1,1,0,-0.049648932268525715,-0.049648932268525715,-0.049648932268525715,-0.049648932268525715,-0.049648932268525715,,
Triple,GFE,BFGS,first_stage_iterations,100.0,surrogate_residual_n,1,1,0,1.3345528791774848e-08,1.3345528791774848e-08,1.3345528791774848e-08,1.3345528791774848e-08,1.3345528791774848e-08,,
Triple,GFE,BFGS,first_stage_iterations,100.0,command_cosine_to_fixed_GFE,1,1,0,0.9999999999189461,0.9999999999189461,0.9999999999189461,0.9999999999189461,0.9999999999189461,,
Triple,GFE,BFGS,first_stage_iterations,100.0,field_cosine_to_fixed_GFE,1,1,0,0.999999999975755,0.999999999975755,0.999999999975755,0.999999999975755,0.999999999975755,,
Triple,GFE,BFGS,first_stage_iterations,100.0,worst_displacement_a,1,1,0,0.4579677961617129,0.4579677961617129,0.4579677961617129,0.4579677961617129,0.4579677961617129,,
Triple,GFE,BFGS,first_stage_iterations,100.0,minimum_stiffness_n_m,1,1,0,0.0013121837010811274,0.0013121837010811274,0.0013121837010811274,0.0013121837010811274,0.0013121837010811274,,
Triple,GFE,BFGS,first_stage_iterations,100.0,common_nominal_loss_std_n_m,1,1,0,3.619062786532923e-06,3.619062786532923e-06,3.619062786532923e-06,3.619062786532923e-06,3.619062786532923e-06,,
Triple,GFE,BFGS,first_stage_iterations,250,solve_wall_s,1,1,0,9.424814900005003,9.424814900005003,9.424814900005003,9.424814900005003,9.424814900005003,,
Triple,GFE,BFGS,first_stage_iterations,250,iterations,1,1,0,2777.0,2777.0,2777.0,2777.0,2777.0,,
Triple,GFE,BFGS,first_stage_iterations,250,evaluations,1,1,0,2871.0,2871.0,2871.0,2871.0,2871.0,,
Triple,GFE,BFGS,first_stage_iterations,250,terminal_gradient_l2,1,1,0,3.307155120464556e-08,3.307155120464556e-08,3.307155120464556e-08,3.307155120464556e-08,3.307155120464556e-08,,
Triple,GFE,BFGS,first_stage_iterations,250,terminal_gradient_inf,1,1,0,9.894782154094378e-09,9.894782154094378e-09,9.894782154094378e-09,9.894782154094378e-09,9.894782154094378e-09,,
Triple,GFE,BFGS,first_stage_iterations,250,relative_gradient_l2,1,1,0,1.1014633748299583e-06,1.1014633748299583e-06,1.1014633748299583e-06,1.1014633748299583e-06,1.1014633748299583e-06,,
Triple,GFE,BFGS,first_stage_iterations,250,objective_n_m,1,1,0,-0.049648932268539954,-0.049648932268539954,-0.049648932268539954,-0.049648932268539954,-0.049648932268539954,,
Triple,GFE,BFGS,first_stage_iterations,250,surrogate_residual_n,1,1,0,1.3345442864029888e-08,1.3345442864029888e-08,1.3345442864029888e-08,1.3345442864029888e-08,1.3345442864029888e-08,,
Triple,GFE,BFGS,first_stage_iterations,250,command_cosine_to_fixed_GFE,1,1,0,1.0,1.0,1.0,1.0,1.0,,
Triple,GFE,BFGS,first_stage_iterations,250,field_cosine_to_fixed_GFE,1,1,0,0.9999999999999994,0.9999999999999994,0.9999999999999994,0.9999999999999994,0.9999999999999994,,
Triple,GFE,BFGS,first_stage_iterations,250,worst_displacement_a,1,1,0,0.45796753839851656,0.45796753839851656,0.45796753839851656,0.45796753839851656,0.45796753839851656,,
Triple,GFE,BFGS,first_stage_iterations,250,minimum_stiffness_n_m,1,1,0,0.001312184169728167,0.001312184169728167,0.001312184169728167,0.001312184169728167,0.001312184169728167,,
Triple,GFE,BFGS,first_stage_iterations,250,common_nominal_loss_std_n_m,1,1,0,3.618937673684308e-06,3.618937673684308e-06,3.618937673684308e-06,3.618937673684308e-06,3.618937673684308e-06,,
Triple,GFE,BFGS,first_stage_iterations,1000,solve_wall_s,1,1,0,7.775059399995371,7.775059399995371,7.775059399995371,7.775059399995371,7.775059399995371,,
Triple,GFE,BFGS,first_stage_iterations,1000,iterations,1,1,0,2195.0,2195.0,2195.0,2195.0,2195.0,,
Triple,GFE,BFGS,first_stage_iterations,1000,evaluations,1,1,0,2290.0,2290.0,2290.0,2290.0,2290.0,,
Triple,GFE,BFGS,first_stage_iterations,1000,terminal_gradient_l2,1,1,0,3.8826466394313725e-08,3.8826466394313725e-08,3.8826466394313725e-08,3.8826466394313725e-08,3.8826466394313725e-08,,
Triple,GFE,BFGS,first_stage_iterations,1000,terminal_gradient_inf,1,1,0,8.751273919462292e-09,8.751273919462292e-09,8.751273919462292e-09,8.751273919462292e-09,8.751273919462292e-09,,
Triple,GFE,BFGS,first_stage_iterations,1000,relative_gradient_l2,1,1,0,1.2931334984188897e-06,1.2931334984188897e-06,1.2931334984188897e-06,1.2931334984188897e-06,1.2931334984188897e-06,,
Triple,GFE,BFGS,first_stage_iterations,1000,objective_n_m,1,1,0,-0.0496489322669637,-0.0496489322669637,-0.0496489322669637,-0.0496489322669637,-0.0496489322669637,,
Triple,GFE,BFGS,first_stage_iterations,1000,surrogate_residual_n,1,1,0,1.3345778044266835e-08,1.3345778044266835e-08,1.3345778044266835e-08,1.3345778044266835e-08,1.3345778044266835e-08,,
Triple,GFE,BFGS,first_stage_iterations,1000,command_cosine_to_fixed_GFE,1,1,0,0.999999999886828,0.999999999886828,0.999999999886828,0.999999999886828,0.999999999886828,,
Triple,GFE,BFGS,first_stage_iterations,1000,field_cosine_to_fixed_GFE,1,1,0,0.9999999999804925,0.9999999999804925,0.9999999999804925,0.9999999999804925,0.9999999999804925,,
Triple,GFE,BFGS,first_stage_iterations,1000,worst_displacement_a,1,1,0,0.45796869040126736,0.45796869040126736,0.45796869040126736,0.45796869040126736,0.45796869040126736,,
Triple,GFE,BFGS,first_stage_iterations,1000,minimum_stiffness_n_m,1,1,0,0.0013121823240186121,0.0013121823240186121,0.0013121823240186121,0.0013121823240186121,0.0013121823240186121,,
Triple,GFE,BFGS,first_stage_iterations,1000,common_nominal_loss_std_n_m,1,1,0,3.6191275704211376e-06,3.6191275704211376e-06,3.6191275704211376e-06,3.6191275704211376e-06,3.6191275704211376e-06,,
Triple,GFE,BFGS,first_stage_iterations,3000,solve_wall_s,1,1,0,12.827961099988897,12.827961099988897,12.827961099988897,12.827961099988897,12.827961099988897,,
Triple,GFE,BFGS,first_stage_iterations,3000,iterations,1,1,0,3376.0,3376.0,3376.0,3376.0,3376.0,,
Triple,GFE,BFGS,first_stage_iterations,3000,evaluations,1,1,0,3455.0,3455.0,3455.0,3455.0,3455.0,,
Triple,GFE,BFGS,first_stage_iterations,3000,terminal_gradient_l2,1,1,0,3.351700663059374e-08,3.351700663059374e-08,3.351700663059374e-08,3.351700663059374e-08,3.351700663059374e-08,,
Triple,GFE,BFGS,first_stage_iterations,3000,terminal_gradient_inf,1,1,0,9.222467860662688e-09,9.222467860662688e-09,9.222467860662688e-09,9.222467860662688e-09,9.222467860662688e-09,,
Triple,GFE,BFGS,first_stage_iterations,3000,relative_gradient_l2,1,1,0,1.116299474708221e-06,1.116299474708221e-06,1.116299474708221e-06,1.116299474708221e-06,1.116299474708221e-06,,
Triple,GFE,BFGS,first_stage_iterations,3000,objective_n_m,1,1,0,-0.04964893226625786,-0.04964893226625786,-0.04964893226625786,-0.04964893226625786,-0.04964893226625786,,
Triple,GFE,BFGS,first_stage_iterations,3000,surrogate_residual_n,1,1,0,1.3345673123198586e-08,1.3345673123198586e-08,1.3345673123198586e-08,1.3345673123198586e-08,1.3345673123198586e-08,,
Triple,GFE,BFGS,first_stage_iterations,3000,command_cosine_to_fixed_GFE,1,1,0,0.9999999997382613,0.9999999997382613,0.9999999997382613,0.9999999997382613,0.9999999997382613,,
Triple,GFE,BFGS,first_stage_iterations,3000,field_cosine_to_fixed_GFE,1,1,0,0.9999999999149913,0.9999999999149913,0.9999999999149913,0.9999999999149913,0.9999999999149913,,
Triple,GFE,BFGS,first_stage_iterations,3000,worst_displacement_a,1,1,0,0.4579682255549827,0.4579682255549827,0.4579682255549827,0.4579682255549827,0.4579682255549827,,
Triple,GFE,BFGS,first_stage_iterations,3000,minimum_stiffness_n_m,1,1,0,0.00131218520109359,0.00131218520109359,0.00131218520109359,0.00131218520109359,0.00131218520109359,,
Triple,GFE,BFGS,first_stage_iterations,3000,common_nominal_loss_std_n_m,1,1,0,3.619111776447055e-06,3.619111776447055e-06,3.619111776447055e-06,3.619111776447055e-06,3.619111776447055e-06,,
Triple,GFE,BFGS,gamma_uniformity,0.0,solve_wall_s,1,1,0,8.635769800006528,8.635769800006528,8.635769800006528,8.635769800006528,8.635769800006528,,
Triple,GFE,BFGS,gamma_uniformity,0.0,iterations,1,1,0,2354.0,2354.0,2354.0,2354.0,2354.0,,
Triple,GFE,BFGS,gamma_uniformity,0.0,evaluations,1,1,0,2436.0,2436.0,2436.0,2436.0,2436.0,,
Triple,GFE,BFGS,gamma_uniformity,0.0,terminal_gradient_l2,1,1,0,3.7849639483808264e-08,3.7849639483808264e-08,3.7849639483808264e-08,3.7849639483808264e-08,3.7849639483808264e-08,,
Triple,GFE,BFGS,gamma_uniformity,0.0,terminal_gradient_inf,1,1,0,9.181084098270481e-09,9.181084098270481e-09,9.181084098270481e-09,9.181084098270481e-09,9.181084098270481e-09,,
Triple,GFE,BFGS,gamma_uniformity,0.0,relative_gradient_l2,1,1,0,1.8668517594290026e-06,1.8668517594290026e-06,1.8668517594290026e-06,1.8668517594290026e-06,1.8668517594290026e-06,,
Triple,GFE,BFGS,gamma_uniformity,0.0,objective_n_m,1,1,0,-0.049695041135972805,-0.049695041135972805,-0.049695041135972805,-0.049695041135972805,-0.049695041135972805,,
Triple,GFE,BFGS,gamma_uniformity,0.0,surrogate_residual_n,1,1,0,1.4337037047733718e-08,1.4337037047733718e-08,1.4337037047733718e-08,1.4337037047733718e-08,1.4337037047733718e-08,,
Triple,GFE,BFGS,gamma_uniformity,0.0,command_cosine_to_fixed_GFE,1,1,0,0.9986826051588829,0.9986826051588829,0.9986826051588829,0.9986826051588829,0.9986826051588829,,
Triple,GFE,BFGS,gamma_uniformity,0.0,field_cosine_to_fixed_GFE,1,1,0,0.9990659068173886,0.9990659068173886,0.9990659068173886,0.9990659068173886,0.9990659068173886,,
Triple,GFE,BFGS,gamma_uniformity,0.0,worst_displacement_a,1,1,0,0.46751631882644323,0.46751631882644323,0.46751631882644323,0.46751631882644323,0.46751631882644323,,
Triple,GFE,BFGS,gamma_uniformity,0.0,minimum_stiffness_n_m,1,1,0,0.0012155483936486808,0.0012155483936486808,0.0012155483936486808,0.0012155483936486808,0.0012155483936486808,,
Triple,GFE,BFGS,gamma_uniformity,0.0,common_nominal_loss_std_n_m,1,1,0,0.002825853304644131,0.002825853304644131,0.002825853304644131,0.002825853304644131,0.002825853304644131,,
Triple,GFE,BFGS,gamma_uniformity,0.03,solve_wall_s,1,1,0,8.660701699991478,8.660701699991478,8.660701699991478,8.660701699991478,8.660701699991478,,
Triple,GFE,BFGS,gamma_uniformity,0.03,iterations,1,1,0,2262.0,2262.0,2262.0,2262.0,2262.0,,
Triple,GFE,BFGS,gamma_uniformity,0.03,evaluations,1,1,0,2339.0,2339.0,2339.0,2339.0,2339.0,,
Triple,GFE,BFGS,gamma_uniformity,0.03,terminal_gradient_l2,1,1,0,3.841658897544464e-08,3.841658897544464e-08,3.841658897544464e-08,3.841658897544464e-08,3.841658897544464e-08,,
Triple,GFE,BFGS,gamma_uniformity,0.03,terminal_gradient_inf,1,1,0,8.636706262890405e-09,8.636706262890405e-09,8.636706262890405e-09,8.636706262890405e-09,8.636706262890405e-09,,
Triple,GFE,BFGS,gamma_uniformity,0.03,relative_gradient_l2,1,1,0,1.8917332220448636e-06,1.8917332220448636e-06,1.8917332220448636e-06,1.8917332220448636e-06,1.8917332220448636e-06,,
Triple,GFE,BFGS,gamma_uniformity,0.03,objective_n_m,1,1,0,-0.04965181825622338,-0.04965181825622338,-0.04965181825622338,-0.04965181825622338,-0.04965181825622338,,
Triple,GFE,BFGS,gamma_uniformity,0.03,surrogate_residual_n,1,1,0,1.3464152664850554e-08,1.3464152664850554e-08,1.3464152664850554e-08,1.3464152664850554e-08,1.3464152664850554e-08,,
Triple,GFE,BFGS,gamma_uniformity,0.03,command_cosine_to_fixed_GFE,1,1,0,0.9999791040703967,0.9999791040703967,0.9999791040703967,0.9999791040703967,0.9999791040703967,,
Triple,GFE,BFGS,gamma_uniformity,0.03,field_cosine_to_fixed_GFE,1,1,0,0.9999861333466219,0.9999861333466219,0.9999861333466219,0.9999861333466219,0.9999861333466219,,
Triple,GFE,BFGS,gamma_uniformity,0.03,worst_displacement_a,1,1,0,0.4596216171114298,0.4596216171114298,0.4596216171114298,0.4596216171114298,0.4596216171114298,,
Triple,GFE,BFGS,gamma_uniformity,0.03,minimum_stiffness_n_m,1,1,0,0.0013005668042372685,0.0013005668042372685,0.0013005668042372685,0.0013005668042372685,0.0013005668042372685,,
Triple,GFE,BFGS,gamma_uniformity,0.03,common_nominal_loss_std_n_m,1,1,0,0.00034053014639564416,0.00034053014639564416,0.00034053014639564416,0.00034053014639564416,0.00034053014639564416,,
Triple,GFE,BFGS,gamma_uniformity,0.1,solve_wall_s,1,1,0,8.805813999992097,8.805813999992097,8.805813999992097,8.805813999992097,8.805813999992097,,
Triple,GFE,BFGS,gamma_uniformity,0.1,iterations,1,1,0,2322.0,2322.0,2322.0,2322.0,2322.0,,
Triple,GFE,BFGS,gamma_uniformity,0.1,evaluations,1,1,0,2435.0,2435.0,2435.0,2435.0,2435.0,,
Triple,GFE,BFGS,gamma_uniformity,0.1,terminal_gradient_l2,1,1,0,2.960610101670658e-08,2.960610101670658e-08,2.960610101670658e-08,2.960610101670658e-08,2.960610101670658e-08,,
Triple,GFE,BFGS,gamma_uniformity,0.1,terminal_gradient_inf,1,1,0,9.825448055013394e-09,9.825448055013394e-09,9.825448055013394e-09,9.825448055013394e-09,9.825448055013394e-09,,
Triple,GFE,BFGS,gamma_uniformity,0.1,relative_gradient_l2,1,1,0,1.4467948256528301e-06,1.4467948256528301e-06,1.4467948256528301e-06,1.4467948256528301e-06,1.4467948256528301e-06,,
Triple,GFE,BFGS,gamma_uniformity,0.1,objective_n_m,1,1,0,-0.0496494643621818,-0.0496494643621818,-0.0496494643621818,-0.0496494643621818,-0.0496494643621818,,
Triple,GFE,BFGS,gamma_uniformity,0.1,surrogate_residual_n,1,1,0,1.3357635052021418e-08,1.3357635052021418e-08,1.3357635052021418e-08,1.3357635052021418e-08,1.3357635052021418e-08,,
Triple,GFE,BFGS,gamma_uniformity,0.1,command_cosine_to_fixed_GFE,1,1,0,0.9999997796307496,0.9999997796307496,0.9999997796307496,0.9999997796307496,0.9999997796307496,,
Triple,GFE,BFGS,gamma_uniformity,0.1,field_cosine_to_fixed_GFE,1,1,0,0.9999998560984967,0.9999998560984967,0.9999998560984967,0.9999998560984967,0.9999998560984967,,
Triple,GFE,BFGS,gamma_uniformity,0.1,worst_displacement_a,1,1,0,0.45815552897828926,0.45815552897828926,0.45815552897828926,0.45815552897828926,0.45815552897828926,,
Triple,GFE,BFGS,gamma_uniformity,0.1,minimum_stiffness_n_m,1,1,0,0.001311055481957803,0.001311055481957803,0.001311055481957803,0.001311055481957803,0.001311055481957803,,
Triple,GFE,BFGS,gamma_uniformity,0.1,common_nominal_loss_std_n_m,1,1,0,3.771319412870812e-05,3.771319412870812e-05,3.771319412870812e-05,3.771319412870812e-05,3.771319412870812e-05,,
Triple,GFE,BFGS,gamma_uniformity,0.3,solve_wall_s,1,1,0,8.184730699998909,8.184730699998909,8.184730699998909,8.184730699998909,8.184730699998909,,
Triple,GFE,BFGS,gamma_uniformity,0.3,iterations,1,1,0,2312.0,2312.0,2312.0,2312.0,2312.0,,
Triple,GFE,BFGS,gamma_uniformity,0.3,evaluations,1,1,0,2398.0,2398.0,2398.0,2398.0,2398.0,,
Triple,GFE,BFGS,gamma_uniformity,0.3,terminal_gradient_l2,1,1,0,2.8427039290111596e-08,2.8427039290111596e-08,2.8427039290111596e-08,2.8427039290111596e-08,2.8427039290111596e-08,,
Triple,GFE,BFGS,gamma_uniformity,0.3,terminal_gradient_inf,1,1,0,9.89083727371553e-09,9.89083727371553e-09,9.89083727371553e-09,9.89083727371553e-09,9.89083727371553e-09,,
Triple,GFE,BFGS,gamma_uniformity,0.3,relative_gradient_l2,1,1,0,1.3229930777704062e-06,1.3229930777704062e-06,1.3229930777704062e-06,1.3229930777704062e-06,1.3229930777704062e-06,,
Triple,GFE,BFGS,gamma_uniformity,0.3,objective_n_m,1,1,0,-0.04964906791450787,-0.04964906791450787,-0.04964906791450787,-0.04964906791450787,-0.04964906791450787,,
Triple,GFE,BFGS,gamma_uniformity,0.3,surrogate_residual_n,1,1,0,1.3348280468735064e-08,1.3348280468735064e-08,1.3348280468735064e-08,1.3348280468735064e-08,1.3348280468735064e-08,,
Triple,GFE,BFGS,gamma_uniformity,0.3,command_cosine_to_fixed_GFE,1,1,0,0.9999999862773089,0.9999999862773089,0.9999999862773089,0.9999999862773089,0.9999999862773089,,
Triple,GFE,BFGS,gamma_uniformity,0.3,field_cosine_to_fixed_GFE,1,1,0,0.9999999909822498,0.9999999909822498,0.9999999909822498,0.9999999909822498,0.9999999909822498,,
Triple,GFE,BFGS,gamma_uniformity,0.3,worst_displacement_a,1,1,0,0.45801437147301227,0.45801437147301227,0.45801437147301227,0.45801437147301227,0.45801437147301227,,
Triple,GFE,BFGS,gamma_uniformity,0.3,minimum_stiffness_n_m,1,1,0,0.001311897802595907,0.001311897802595907,0.001311897802595907,0.001311897802595907,0.001311897802595907,,
Triple,GFE,BFGS,gamma_uniformity,0.3,common_nominal_loss_std_n_m,1,1,0,1.2092777780176036e-05,1.2092777780176036e-05,1.2092777780176036e-05,1.2092777780176036e-05,1.2092777780176036e-05,,
Triple,GFE,BFGS,gamma_uniformity,1.0,solve_wall_s,1,1,0,9.424814900005003,9.424814900005003,9.424814900005003,9.424814900005003,9.424814900005003,,
Triple,GFE,BFGS,gamma_uniformity,1.0,iterations,1,1,0,2777.0,2777.0,2777.0,2777.0,2777.0,,
Triple,GFE,BFGS,gamma_uniformity,1.0,evaluations,1,1,0,2871.0,2871.0,2871.0,2871.0,2871.0,,
Triple,GFE,BFGS,gamma_uniformity,1.0,terminal_gradient_l2,1,1,0,3.307155120464556e-08,3.307155120464556e-08,3.307155120464556e-08,3.307155120464556e-08,3.307155120464556e-08,,
Triple,GFE,BFGS,gamma_uniformity,1.0,terminal_gradient_inf,1,1,0,9.894782154094378e-09,9.894782154094378e-09,9.894782154094378e-09,9.894782154094378e-09,9.894782154094378e-09,,
Triple,GFE,BFGS,gamma_uniformity,1.0,relative_gradient_l2,1,1,0,1.1014633748299583e-06,1.1014633748299583e-06,1.1014633748299583e-06,1.1014633748299583e-06,1.1014633748299583e-06,,
Triple,GFE,BFGS,gamma_uniformity,1.0,objective_n_m,1,1,0,-0.049648932268539954,-0.049648932268539954,-0.049648932268539954,-0.049648932268539954,-0.049648932268539954,,
Triple,GFE,BFGS,gamma_uniformity,1.0,surrogate_residual_n,1,1,0,1.3345442864029888e-08,1.3345442864029888e-08,1.3345442864029888e-08,1.3345442864029888e-08,1.3345442864029888e-08,,
Triple,GFE,BFGS,gamma_uniformity,1.0,command_cosine_to_fixed_GFE,1,1,0,1.0,1.0,1.0,1.0,1.0,,
Triple,GFE,BFGS,gamma_uniformity,1.0,field_cosine_to_fixed_GFE,1,1,0,0.9999999999999994,0.9999999999999994,0.9999999999999994,0.9999999999999994,0.9999999999999994,,
Triple,GFE,BFGS,gamma_uniformity,1.0,worst_displacement_a,1,1,0,0.45796753839851656,0.45796753839851656,0.45796753839851656,0.45796753839851656,0.45796753839851656,,
Triple,GFE,BFGS,gamma_uniformity,1.0,minimum_stiffness_n_m,1,1,0,0.001312184169728167,0.001312184169728167,0.001312184169728167,0.001312184169728167,0.001312184169728167,,
Triple,GFE,BFGS,gamma_uniformity,1.0,common_nominal_loss_std_n_m,1,1,0,3.618937673684308e-06,3.618937673684308e-06,3.618937673684308e-06,3.618937673684308e-06,3.618937673684308e-06,,
Triple,GFE,BFGS,gamma_uniformity,3.0,solve_wall_s,1,1,0,10.242073799992795,10.242073799992795,10.242073799992795,10.242073799992795,10.242073799992795,,
Triple,GFE,BFGS,gamma_uniformity,3.0,iterations,1,1,0,2756.0,2756.0,2756.0,2756.0,2756.0,,
Triple,GFE,BFGS,gamma_uniformity,3.0,evaluations,1,1,0,2903.0,2903.0,2903.0,2903.0,2903.0,,
Triple,GFE,BFGS,gamma_uniformity,3.0,terminal_gradient_l2,1,1,0,4.21355539871692e-08,4.21355539871692e-08,4.21355539871692e-08,4.21355539871692e-08,4.21355539871692e-08,,
Triple,GFE,BFGS,gamma_uniformity,3.0,terminal_gradient_inf,1,1,0,1.4682575927244473e-08,1.4682575927244473e-08,1.4682575927244473e-08,1.4682575927244473e-08,1.4682575927244473e-08,,
Triple,GFE,BFGS,gamma_uniformity,3.0,relative_gradient_l2,1,1,0,6.185907951377286e-07,6.185907951377286e-07,6.185907951377286e-07,6.185907951377286e-07,6.185907951377286e-07,,
Triple,GFE,BFGS,gamma_uniformity,3.0,objective_n_m,1,1,0,-0.04964889351118114,-0.04964889351118114,-0.04964889351118114,-0.04964889351118114,-0.04964889351118114,,
Triple,GFE,BFGS,gamma_uniformity,3.0,surrogate_residual_n,1,1,0,1.3344378621262365e-08,1.3344378621262365e-08,1.3344378621262365e-08,1.3344378621262365e-08,1.3344378621262365e-08,,
Triple,GFE,BFGS,gamma_uniformity,3.0,command_cosine_to_fixed_GFE,1,1,0,0.9999999983346276,0.9999999983346276,0.9999999983346276,0.9999999983346276,0.9999999983346276,,
Triple,GFE,BFGS,gamma_uniformity,3.0,field_cosine_to_fixed_GFE,1,1,0,0.9999999991997037,0.9999999991997037,0.9999999991997037,0.9999999991997037,0.9999999991997037,,
Triple,GFE,BFGS,gamma_uniformity,3.0,worst_displacement_a,1,1,0,0.45795460849123937,0.45795460849123937,0.45795460849123937,0.45795460849123937,0.45795460849123937,,
Triple,GFE,BFGS,gamma_uniformity,3.0,minimum_stiffness_n_m,1,1,0,0.0013122662466386458,0.0013122662466386458,0.0013122662466386458,0.0013122662466386458,0.0013122662466386458,,
Triple,GFE,BFGS,gamma_uniformity,3.0,common_nominal_loss_std_n_m,1,1,0,1.2067698575962016e-06,1.2067698575962016e-06,1.2067698575962016e-06,1.2067698575962016e-06,1.2067698575962016e-06,,
Triple,GFE,BFGS,gamma_uniformity,10.0,solve_wall_s,1,1,0,16.329929500003345,16.329929500003345,16.329929500003345,16.329929500003345,16.329929500003345,,
Triple,GFE,BFGS,gamma_uniformity,10.0,iterations,1,1,0,3980.0,3980.0,3980.0,3980.0,3980.0,,
Triple,GFE,BFGS,gamma_uniformity,10.0,evaluations,1,1,0,4175.0,4175.0,4175.0,4175.0,4175.0,,
Triple,GFE,BFGS,gamma_uniformity,10.0,terminal_gradient_l2,1,1,0,2.8253764413495475e-08,2.8253764413495475e-08,2.8253764413495475e-08,2.8253764413495475e-08,2.8253764413495475e-08,,
Triple,GFE,BFGS,gamma_uniformity,10.0,terminal_gradient_inf,1,1,0,7.429020543535907e-09,7.429020543535907e-09,7.429020543535907e-09,7.429020543535907e-09,7.429020543535907e-09,,
Triple,GFE,BFGS,gamma_uniformity,10.0,relative_gradient_l2,1,1,0,1.307777101588121e-07,1.307777101588121e-07,1.307777101588121e-07,1.307777101588121e-07,1.307777101588121e-07,,
Triple,GFE,BFGS,gamma_uniformity,10.0,objective_n_m,1,1,0,-0.04964887993826394,-0.04964887993826394,-0.04964887993826394,-0.04964887993826394,-0.04964887993826394,,
Triple,GFE,BFGS,gamma_uniformity,10.0,surrogate_residual_n,1,1,0,1.3344593974326887e-08,1.3344593974326887e-08,1.3344593974326887e-08,1.3344593974326887e-08,1.3344593974326887e-08,,
Triple,GFE,BFGS,gamma_uniformity,10.0,command_cosine_to_fixed_GFE,1,1,0,0.9999999980239364,0.9999999980239364,0.9999999980239364,0.9999999980239364,0.9999999980239364,,
Triple,GFE,BFGS,gamma_uniformity,10.0,field_cosine_to_fixed_GFE,1,1,0,0.9999999987266613,0.9999999987266613,0.9999999987266613,0.9999999987266613,0.9999999987266613,,
Triple,GFE,BFGS,gamma_uniformity,10.0,worst_displacement_a,1,1,0,0.45794977908588363,0.45794977908588363,0.45794977908588363,0.45794977908588363,0.45794977908588363,,
Triple,GFE,BFGS,gamma_uniformity,10.0,minimum_stiffness_n_m,1,1,0,0.0013122927624772394,0.0013122927624772394,0.0013122927624772394,0.0013122927624772394,0.0013122927624772394,,
Triple,GFE,BFGS,gamma_uniformity,10.0,common_nominal_loss_std_n_m,1,1,0,3.621097140950006e-07,3.621097140950006e-07,3.621097140950006e-07,3.621097140950006e-07,3.621097140950006e-07,,
Triple,GFE,BFGS,gamma_x_epsilon_std,"0.1,0.1",solve_wall_s,1,1,0,8.130750299998908,8.130750299998908,8.130750299998908,8.130750299998908,8.130750299998908,,
Triple,GFE,BFGS,gamma_x_epsilon_std,"0.1,0.1",iterations,1,1,0,2214.0,2214.0,2214.0,2214.0,2214.0,,
Triple,GFE,BFGS,gamma_x_epsilon_std,"0.1,0.1",evaluations,1,1,0,2287.0,2287.0,2287.0,2287.0,2287.0,,
Triple,GFE,BFGS,gamma_x_epsilon_std,"0.1,0.1",terminal_gradient_l2,1,1,0,3.660645197292897e-08,3.660645197292897e-08,3.660645197292897e-08,3.660645197292897e-08,3.660645197292897e-08,,
Triple,GFE,BFGS,gamma_x_epsilon_std,"0.1,0.1",terminal_gradient_inf,1,1,0,7.786827082480598e-09,7.786827082480598e-09,7.786827082480598e-09,7.786827082480598e-09,7.786827082480598e-09,,
Triple,GFE,BFGS,gamma_x_epsilon_std,"0.1,0.1",relative_gradient_l2,1,1,0,1.7888875954122166e-06,1.7888875954122166e-06,1.7888875954122166e-06,1.7888875954122166e-06,1.7888875954122166e-06,,
Triple,GFE,BFGS,gamma_x_epsilon_std,"0.1,0.1",objective_n_m,1,1,0,-0.04964893383146413,-0.04964893383146413,-0.04964893383146413,-0.04964893383146413,-0.04964893383146413,,
Triple,GFE,BFGS,gamma_x_epsilon_std,"0.1,0.1",surrogate_residual_n,1,1,0,1.3345603802749845e-08,1.3345603802749845e-08,1.3345603802749845e-08,1.3345603802749845e-08,1.3345603802749845e-08,,
Triple,GFE,BFGS,gamma_x_epsilon_std,"0.1,0.1",command_cosine_to_fixed_GFE,1,1,0,0.9999999999082602,0.9999999999082602,0.9999999999082602,0.9999999999082602,0.9999999999082602,,
Triple,GFE,BFGS,gamma_x_epsilon_std,"0.1,0.1",field_cosine_to_fixed_GFE,1,1,0,0.9999999999595176,0.9999999999595176,0.9999999999595176,0.9999999999595176,0.9999999999595176,,
Triple,GFE,BFGS,gamma_x_epsilon_std,"0.1,0.1",worst_displacement_a,1,1,0,0.457969215472886,0.457969215472886,0.457969215472886,0.457969215472886,0.457969215472886,,
Triple,GFE,BFGS,gamma_x_epsilon_std,"0.1,0.1",minimum_stiffness_n_m,1,1,0,0.0013121778273572937,0.0013121778273572937,0.0013121778273572937,0.0013121778273572937,0.0013121778273572937,,
Triple,GFE,BFGS,gamma_x_epsilon_std,"0.1,0.1",common_nominal_loss_std_n_m,1,1,0,3.819072221352256e-06,3.819072221352256e-06,3.819072221352256e-06,3.819072221352256e-06,3.819072221352256e-06,,
Triple,GFE,BFGS,gamma_x_epsilon_std,"0.1,1",solve_wall_s,1,1,0,8.805813999992097,8.805813999992097,8.805813999992097,8.805813999992097,8.805813999992097,,
Triple,GFE,BFGS,gamma_x_epsilon_std,"0.1,1",iterations,1,1,0,2322.0,2322.0,2322.0,2322.0,2322.0,,
Triple,GFE,BFGS,gamma_x_epsilon_std,"0.1,1",evaluations,1,1,0,2435.0,2435.0,2435.0,2435.0,2435.0,,
Triple,GFE,BFGS,gamma_x_epsilon_std,"0.1,1",terminal_gradient_l2,1,1,0,2.960610101670658e-08,2.960610101670658e-08,2.960610101670658e-08,2.960610101670658e-08,2.960610101670658e-08,,
Triple,GFE,BFGS,gamma_x_epsilon_std,"0.1,1",terminal_gradient_inf,1,1,0,9.825448055013394e-09,9.825448055013394e-09,9.825448055013394e-09,9.825448055013394e-09,9.825448055013394e-09,,
Triple,GFE,BFGS,gamma_x_epsilon_std,"0.1,1",relative_gradient_l2,1,1,0,1.4467948256528301e-06,1.4467948256528301e-06,1.4467948256528301e-06,1.4467948256528301e-06,1.4467948256528301e-06,,
Triple,GFE,BFGS,gamma_x_epsilon_std,"0.1,1",objective_n_m,1,1,0,-0.0496494643621818,-0.0496494643621818,-0.0496494643621818,-0.0496494643621818,-0.0496494643621818,,
Triple,GFE,BFGS,gamma_x_epsilon_std,"0.1,1",surrogate_residual_n,1,1,0,1.3357635052021418e-08,1.3357635052021418e-08,1.3357635052021418e-08,1.3357635052021418e-08,1.3357635052021418e-08,,
Triple,GFE,BFGS,gamma_x_epsilon_std,"0.1,1",command_cosine_to_fixed_GFE,1,1,0,0.9999997796307496,0.9999997796307496,0.9999997796307496,0.9999997796307496,0.9999997796307496,,
Triple,GFE,BFGS,gamma_x_epsilon_std,"0.1,1",field_cosine_to_fixed_GFE,1,1,0,0.9999998560984967,0.9999998560984967,0.9999998560984967,0.9999998560984967,0.9999998560984967,,
Triple,GFE,BFGS,gamma_x_epsilon_std,"0.1,1",worst_displacement_a,1,1,0,0.45815552897828926,0.45815552897828926,0.45815552897828926,0.45815552897828926,0.45815552897828926,,
Triple,GFE,BFGS,gamma_x_epsilon_std,"0.1,1",minimum_stiffness_n_m,1,1,0,0.001311055481957803,0.001311055481957803,0.001311055481957803,0.001311055481957803,0.001311055481957803,,
Triple,GFE,BFGS,gamma_x_epsilon_std,"0.1,1",common_nominal_loss_std_n_m,1,1,0,3.771319412870812e-05,3.771319412870812e-05,3.771319412870812e-05,3.771319412870812e-05,3.771319412870812e-05,,
Triple,GFE,BFGS,gamma_x_epsilon_std,"0.1,10",solve_wall_s,1,1,0,7.148781500000041,7.148781500000041,7.148781500000041,7.148781500000041,7.148781500000041,,
Triple,GFE,BFGS,gamma_x_epsilon_std,"0.1,10",iterations,1,1,0,2104.0,2104.0,2104.0,2104.0,2104.0,,
Triple,GFE,BFGS,gamma_x_epsilon_std,"0.1,10",evaluations,1,1,0,2196.0,2196.0,2196.0,2196.0,2196.0,,
Triple,GFE,BFGS,gamma_x_epsilon_std,"0.1,10",terminal_gradient_l2,1,1,0,4.0969510224641004e-08,4.0969510224641004e-08,4.0969510224641004e-08,4.0969510224641004e-08,4.0969510224641004e-08,,
Triple,GFE,BFGS,gamma_x_epsilon_std,"0.1,10",terminal_gradient_inf,1,1,0,9.634860552923747e-09,9.634860552923747e-09,9.634860552923747e-09,9.634860552923747e-09,9.634860552923747e-09,,
Triple,GFE,BFGS,gamma_x_epsilon_std,"0.1,10",relative_gradient_l2,1,1,0,2.0022473867651505e-06,2.0022473867651505e-06,2.0022473867651505e-06,2.0022473867651505e-06,2.0022473867651505e-06,,
Triple,GFE,BFGS,gamma_x_epsilon_std,"0.1,10",objective_n_m,1,1,0,-0.049654166174962135,-0.049654166174962135,-0.049654166174962135,-0.049654166174962135,-0.049654166174962135,,
Triple,GFE,BFGS,gamma_x_epsilon_std,"0.1,10",surrogate_residual_n,1,1,0,1.3462210277020469e-08,1.3462210277020469e-08,1.3462210277020469e-08,1.3462210277020469e-08,1.3462210277020469e-08,,
Triple,GFE,BFGS,gamma_x_epsilon_std,"0.1,10",command_cosine_to_fixed_GFE,1,1,0,0.999979711502149,0.999979711502149,0.999979711502149,0.999979711502149,0.999979711502149,,
Triple,GFE,BFGS,gamma_x_epsilon_std,"0.1,10",field_cosine_to_fixed_GFE,1,1,0,0.9999865358783627,0.9999865358783627,0.9999865358783627,0.9999865358783627,0.9999865358783627,,
Triple,GFE,BFGS,gamma_x_epsilon_std,"0.1,10",worst_displacement_a,1,1,0,0.45960041185406963,0.45960041185406963,0.45960041185406963,0.45960041185406963,0.45960041185406963,,
Triple,GFE,BFGS,gamma_x_epsilon_std,"0.1,10",minimum_stiffness_n_m,1,1,0,0.001300749148077895,0.001300749148077895,0.001300749148077895,0.001300749148077895,0.001300749148077895,,
Triple,GFE,BFGS,gamma_x_epsilon_std,"0.1,10",common_nominal_loss_std_n_m,1,1,0,0.0003354476373163959,0.0003354476373163959,0.0003354476373163959,0.0003354476373163959,0.0003354476373163959,,
Triple,GFE,BFGS,gamma_x_epsilon_std,"1,0.1",solve_wall_s,1,1,0,13.136695599998347,13.136695599998347,13.136695599998347,13.136695599998347,13.136695599998347,,
Triple,GFE,BFGS,gamma_x_epsilon_std,"1,0.1",iterations,1,1,0,3535.0,3535.0,3535.0,3535.0,3535.0,,
Triple,GFE,BFGS,gamma_x_epsilon_std,"1,0.1",evaluations,1,1,0,3720.0,3720.0,3720.0,3720.0,3720.0,,
Triple,GFE,BFGS,gamma_x_epsilon_std,"1,0.1",terminal_gradient_l2,1,1,0,4.6030907080647917e-08,4.6030907080647917e-08,4.6030907080647917e-08,4.6030907080647917e-08,4.6030907080647917e-08,,
Triple,GFE,BFGS,gamma_x_epsilon_std,"1,0.1",terminal_gradient_inf,1,1,0,1.4806100455180205e-08,1.4806100455180205e-08,1.4806100455180205e-08,1.4806100455180205e-08,1.4806100455180205e-08,,
Triple,GFE,BFGS,gamma_x_epsilon_std,"1,0.1",relative_gradient_l2,1,1,0,1.5330407588839947e-06,1.5330407588839947e-06,1.5330407588839947e-06,1.5330407588839947e-06,1.5330407588839947e-06,,
Triple,GFE,BFGS,gamma_x_epsilon_std,"1,0.1",objective_n_m,1,1,0,-0.049648879938339704,-0.049648879938339704,-0.049648879938339704,-0.049648879938339704,-0.049648879938339704,,
Triple,GFE,BFGS,gamma_x_epsilon_std,"1,0.1",surrogate_residual_n,1,1,0,1.3344214020979869e-08,1.3344214020979869e-08,1.3344214020979869e-08,1.3344214020979869e-08,1.3344214020979869e-08,,
Triple,GFE,BFGS,gamma_x_epsilon_std,"1,0.1",command_cosine_to_fixed_GFE,1,1,0,0.9999999979033302,0.9999999979033302,0.9999999979033302,0.9999999979033302,0.9999999979033302,,
Triple,GFE,BFGS,gamma_x_epsilon_std,"1,0.1",field_cosine_to_fixed_GFE,1,1,0,0.9999999986177773,0.9999999986177773,0.9999999986177773,0.9999999986177773,0.9999999986177773,,
Triple,GFE,BFGS,gamma_x_epsilon_std,"1,0.1",worst_displacement_a,1,1,0,0.4579499243082229,0.4579499243082229,0.4579499243082229,0.4579499243082229,0.4579499243082229,,
Triple,GFE,BFGS,gamma_x_epsilon_std,"1,0.1",minimum_stiffness_n_m,1,1,0,0.001312295320228908,0.001312295320228908,0.001312295320228908,0.001312295320228908,0.001312295320228908,,
Triple,GFE,BFGS,gamma_x_epsilon_std,"1,0.1",common_nominal_loss_std_n_m,1,1,0,3.6229380396824445e-07,3.6229380396824445e-07,3.6229380396824445e-07,3.6229380396824445e-07,3.6229380396824445e-07,,
Triple,GFE,BFGS,gamma_x_epsilon_std,"1,1",solve_wall_s,1,1,0,9.424814900005003,9.424814900005003,9.424814900005003,9.424814900005003,9.424814900005003,,
Triple,GFE,BFGS,gamma_x_epsilon_std,"1,1",iterations,1,1,0,2777.0,2777.0,2777.0,2777.0,2777.0,,
Triple,GFE,BFGS,gamma_x_epsilon_std,"1,1",evaluations,1,1,0,2871.0,2871.0,2871.0,2871.0,2871.0,,
Triple,GFE,BFGS,gamma_x_epsilon_std,"1,1",terminal_gradient_l2,1,1,0,3.307155120464556e-08,3.307155120464556e-08,3.307155120464556e-08,3.307155120464556e-08,3.307155120464556e-08,,
Triple,GFE,BFGS,gamma_x_epsilon_std,"1,1",terminal_gradient_inf,1,1,0,9.894782154094378e-09,9.894782154094378e-09,9.894782154094378e-09,9.894782154094378e-09,9.894782154094378e-09,,
Triple,GFE,BFGS,gamma_x_epsilon_std,"1,1",relative_gradient_l2,1,1,0,1.1014633748299583e-06,1.1014633748299583e-06,1.1014633748299583e-06,1.1014633748299583e-06,1.1014633748299583e-06,,
Triple,GFE,BFGS,gamma_x_epsilon_std,"1,1",objective_n_m,1,1,0,-0.049648932268539954,-0.049648932268539954,-0.049648932268539954,-0.049648932268539954,-0.049648932268539954,,
Triple,GFE,BFGS,gamma_x_epsilon_std,"1,1",surrogate_residual_n,1,1,0,1.3345442864029888e-08,1.3345442864029888e-08,1.3345442864029888e-08,1.3345442864029888e-08,1.3345442864029888e-08,,
Triple,GFE,BFGS,gamma_x_epsilon_std,"1,1",command_cosine_to_fixed_GFE,1,1,0,1.0,1.0,1.0,1.0,1.0,,
Triple,GFE,BFGS,gamma_x_epsilon_std,"1,1",field_cosine_to_fixed_GFE,1,1,0,0.9999999999999994,0.9999999999999994,0.9999999999999994,0.9999999999999994,0.9999999999999994,,
Triple,GFE,BFGS,gamma_x_epsilon_std,"1,1",worst_displacement_a,1,1,0,0.45796753839851656,0.45796753839851656,0.45796753839851656,0.45796753839851656,0.45796753839851656,,
Triple,GFE,BFGS,gamma_x_epsilon_std,"1,1",minimum_stiffness_n_m,1,1,0,0.001312184169728167,0.001312184169728167,0.001312184169728167,0.001312184169728167,0.001312184169728167,,
Triple,GFE,BFGS,gamma_x_epsilon_std,"1,1",common_nominal_loss_std_n_m,1,1,0,3.618937673684308e-06,3.618937673684308e-06,3.618937673684308e-06,3.618937673684308e-06,3.618937673684308e-06,,
Triple,GFE,BFGS,gamma_x_epsilon_std,"1,10",solve_wall_s,1,1,0,8.186179700001958,8.186179700001958,8.186179700001958,8.186179700001958,8.186179700001958,,
Triple,GFE,BFGS,gamma_x_epsilon_std,"1,10",iterations,1,1,0,2343.0,2343.0,2343.0,2343.0,2343.0,,
Triple,GFE,BFGS,gamma_x_epsilon_std,"1,10",evaluations,1,1,0,2452.0,2452.0,2452.0,2452.0,2452.0,,
Triple,GFE,BFGS,gamma_x_epsilon_std,"1,10",terminal_gradient_l2,1,1,0,2.9763098660590998e-08,2.9763098660590998e-08,2.9763098660590998e-08,2.9763098660590998e-08,2.9763098660590998e-08,,
Triple,GFE,BFGS,gamma_x_epsilon_std,"1,10",terminal_gradient_inf,1,1,0,7.718898163685403e-09,7.718898163685403e-09,7.718898163685403e-09,7.718898163685403e-09,7.718898163685403e-09,,
Triple,GFE,BFGS,gamma_x_epsilon_std,"1,10",relative_gradient_l2,1,1,0,9.938437641329453e-07,9.938437641329453e-07,9.938437641329453e-07,9.938437641329453e-07,9.938437641329453e-07,,
Triple,GFE,BFGS,gamma_x_epsilon_std,"1,10",objective_n_m,1,1,0,-0.04964944941883589,-0.04964944941883589,-0.04964944941883589,-0.04964944941883589,-0.04964944941883589,,
Triple,GFE,BFGS,gamma_x_epsilon_std,"1,10",surrogate_residual_n,1,1,0,1.3356897983246642e-08,1.3356897983246642e-08,1.3356897983246642e-08,1.3356897983246642e-08,1.3356897983246642e-08,,
Triple,GFE,BFGS,gamma_x_epsilon_std,"1,10",command_cosine_to_fixed_GFE,1,1,0,0.999999804108636,0.999999804108636,0.999999804108636,0.999999804108636,0.999999804108636,,
Triple,GFE,BFGS,gamma_x_epsilon_std,"1,10",field_cosine_to_fixed_GFE,1,1,0,0.9999998716696739,0.9999998716696739,0.9999998716696739,0.9999998716696739,0.9999998716696739,,
Triple,GFE,BFGS,gamma_x_epsilon_std,"1,10",worst_displacement_a,1,1,0,0.45814525815522694,0.45814525815522694,0.45814525815522694,0.45814525815522694,0.45814525815522694,,
Triple,GFE,BFGS,gamma_x_epsilon_std,"1,10",minimum_stiffness_n_m,1,1,0,0.0013111168892070125,0.0013111168892070125,0.0013111168892070125,0.0013111168892070125,0.0013111168892070125,,
Triple,GFE,BFGS,gamma_x_epsilon_std,"1,10",common_nominal_loss_std_n_m,1,1,0,3.58040876752919e-05,3.58040876752919e-05,3.58040876752919e-05,3.58040876752919e-05,3.58040876752919e-05,,
Triple,GFE,BFGS,gamma_x_epsilon_std,"10,0.1",solve_wall_s,1,1,0,33.178978600000846,33.178978600000846,33.178978600000846,33.178978600000846,33.178978600000846,,
Triple,GFE,BFGS,gamma_x_epsilon_std,"10,0.1",iterations,1,1,0,10532.0,10532.0,10532.0,10532.0,10532.0,,
Triple,GFE,BFGS,gamma_x_epsilon_std,"10,0.1",evaluations,1,1,0,11102.0,11102.0,11102.0,11102.0,11102.0,,
Triple,GFE,BFGS,gamma_x_epsilon_std,"10,0.1",terminal_gradient_l2,1,1,0,1.5126640270531145e-07,1.5126640270531145e-07,1.5126640270531145e-07,1.5126640270531145e-07,1.5126640270531145e-07,,
Triple,GFE,BFGS,gamma_x_epsilon_std,"10,0.1",terminal_gradient_inf,1,1,0,4.481637620595022e-08,4.481637620595022e-08,4.481637620595022e-08,4.481637620595022e-08,4.481637620595022e-08,,
Triple,GFE,BFGS,gamma_x_epsilon_std,"10,0.1",relative_gradient_l2,1,1,0,7.001299435534972e-07,7.001299435534972e-07,7.001299435534972e-07,7.001299435534972e-07,7.001299435534972e-07,,
Triple,GFE,BFGS,gamma_x_epsilon_std,"10,0.1",objective_n_m,1,1,0,-0.049648874687535385,-0.049648874687535385,-0.049648874687535385,-0.049648874687535385,-0.049648874687535385,,
Triple,GFE,BFGS,gamma_x_epsilon_std,"10,0.1",surrogate_residual_n,1,1,0,1.3344212358508948e-08,1.3344212358508948e-08,1.3344212358508948e-08,1.3344212358508948e-08,1.3344212358508948e-08,,
Triple,GFE,BFGS,gamma_x_epsilon_std,"10,0.1",command_cosine_to_fixed_GFE,1,1,0,0.9999999973377064,0.9999999973377064,0.9999999973377064,0.9999999973377064,0.9999999973377064,,
Triple,GFE,BFGS,gamma_x_epsilon_std,"10,0.1",field_cosine_to_fixed_GFE,1,1,0,0.9999999982720998,0.9999999982720998,0.9999999982720998,0.9999999982720998,0.9999999982720998,,
Triple,GFE,BFGS,gamma_x_epsilon_std,"10,0.1",worst_displacement_a,1,1,0,0.45794948069245134,0.45794948069245134,0.45794948069245134,0.45794948069245134,0.45794948069245134,,
Triple,GFE,BFGS,gamma_x_epsilon_std,"10,0.1",minimum_stiffness_n_m,1,1,0,0.0013123071698122142,0.0013123071698122142,0.0013123071698122142,0.0013123071698122142,0.0013123071698122142,,
Triple,GFE,BFGS,gamma_x_epsilon_std,"10,0.1",common_nominal_loss_std_n_m,1,1,0,3.6207049508519294e-08,3.6207049508519294e-08,3.6207049508519294e-08,3.6207049508519294e-08,3.6207049508519294e-08,,
Triple,GFE,BFGS,gamma_x_epsilon_std,"10,1",solve_wall_s,1,1,0,16.329929500003345,16.329929500003345,16.329929500003345,16.329929500003345,16.329929500003345,,
Triple,GFE,BFGS,gamma_x_epsilon_std,"10,1",iterations,1,1,0,3980.0,3980.0,3980.0,3980.0,3980.0,,
Triple,GFE,BFGS,gamma_x_epsilon_std,"10,1",evaluations,1,1,0,4175.0,4175.0,4175.0,4175.0,4175.0,,
Triple,GFE,BFGS,gamma_x_epsilon_std,"10,1",terminal_gradient_l2,1,1,0,2.8253764413495475e-08,2.8253764413495475e-08,2.8253764413495475e-08,2.8253764413495475e-08,2.8253764413495475e-08,,
Triple,GFE,BFGS,gamma_x_epsilon_std,"10,1",terminal_gradient_inf,1,1,0,7.429020543535907e-09,7.429020543535907e-09,7.429020543535907e-09,7.429020543535907e-09,7.429020543535907e-09,,
Triple,GFE,BFGS,gamma_x_epsilon_std,"10,1",relative_gradient_l2,1,1,0,1.307777101588121e-07,1.307777101588121e-07,1.307777101588121e-07,1.307777101588121e-07,1.307777101588121e-07,,
Triple,GFE,BFGS,gamma_x_epsilon_std,"10,1",objective_n_m,1,1,0,-0.04964887993826394,-0.04964887993826394,-0.04964887993826394,-0.04964887993826394,-0.04964887993826394,,
Triple,GFE,BFGS,gamma_x_epsilon_std,"10,1",surrogate_residual_n,1,1,0,1.3344593974326887e-08,1.3344593974326887e-08,1.3344593974326887e-08,1.3344593974326887e-08,1.3344593974326887e-08,,
Triple,GFE,BFGS,gamma_x_epsilon_std,"10,1",command_cosine_to_fixed_GFE,1,1,0,0.9999999980239364,0.9999999980239364,0.9999999980239364,0.9999999980239364,0.9999999980239364,,
Triple,GFE,BFGS,gamma_x_epsilon_std,"10,1",field_cosine_to_fixed_GFE,1,1,0,0.9999999987266613,0.9999999987266613,0.9999999987266613,0.9999999987266613,0.9999999987266613,,
Triple,GFE,BFGS,gamma_x_epsilon_std,"10,1",worst_displacement_a,1,1,0,0.45794977908588363,0.45794977908588363,0.45794977908588363,0.45794977908588363,0.45794977908588363,,
Triple,GFE,BFGS,gamma_x_epsilon_std,"10,1",minimum_stiffness_n_m,1,1,0,0.0013122927624772394,0.0013122927624772394,0.0013122927624772394,0.0013122927624772394,0.0013122927624772394,,
Triple,GFE,BFGS,gamma_x_epsilon_std,"10,1",common_nominal_loss_std_n_m,1,1,0,3.621097140950006e-07,3.621097140950006e-07,3.621097140950006e-07,3.621097140950006e-07,3.621097140950006e-07,,
Triple,GFE,BFGS,gamma_x_epsilon_std,"10,10",solve_wall_s,1,1,0,8.83965559999342,8.83965559999342,8.83965559999342,8.83965559999342,8.83965559999342,,
Triple,GFE,BFGS,gamma_x_epsilon_std,"10,10",iterations,1,1,0,2715.0,2715.0,2715.0,2715.0,2715.0,,
Triple,GFE,BFGS,gamma_x_epsilon_std,"10,10",evaluations,1,1,0,2819.0,2819.0,2819.0,2819.0,2819.0,,
Triple,GFE,BFGS,gamma_x_epsilon_std,"10,10",terminal_gradient_l2,1,1,0,3.575965186484889e-08,3.575965186484889e-08,3.575965186484889e-08,3.575965186484889e-08,3.575965186484889e-08,,
Triple,GFE,BFGS,gamma_x_epsilon_std,"10,10",terminal_gradient_inf,1,1,0,9.946517534918854e-09,9.946517534918854e-09,9.946517534918854e-09,9.946517534918854e-09,9.946517534918854e-09,,
Triple,GFE,BFGS,gamma_x_epsilon_std,"10,10",relative_gradient_l2,1,1,0,1.6632733869193779e-07,1.6632733869193779e-07,1.6632733869193779e-07,1.6632733869193779e-07,1.6632733869193779e-07,,
Triple,GFE,BFGS,gamma_x_epsilon_std,"10,10",objective_n_m,1,1,0,-0.049648932253494565,-0.049648932253494565,-0.049648932253494565,-0.049648932253494565,-0.049648932253494565,,
Triple,GFE,BFGS,gamma_x_epsilon_std,"10,10",surrogate_residual_n,1,1,0,1.3345728765301038e-08,1.3345728765301038e-08,1.3345728765301038e-08,1.3345728765301038e-08,1.3345728765301038e-08,,
Triple,GFE,BFGS,gamma_x_epsilon_std,"10,10",command_cosine_to_fixed_GFE,1,1,0,0.9999999998882237,0.9999999998882237,0.9999999998882237,0.9999999998882237,0.9999999998882237,,
Triple,GFE,BFGS,gamma_x_epsilon_std,"10,10",field_cosine_to_fixed_GFE,1,1,0,0.9999999999534208,0.9999999999534208,0.9999999999534208,0.9999999999534208,0.9999999999534208,,
Triple,GFE,BFGS,gamma_x_epsilon_std,"10,10",worst_displacement_a,1,1,0,0.45796930574476435,0.45796930574476435,0.45796930574476435,0.45796930574476435,0.45796930574476435,,
Triple,GFE,BFGS,gamma_x_epsilon_std,"10,10",minimum_stiffness_n_m,1,1,0,0.0013121853306332224,0.0013121853306332224,0.0013121853306332224,0.0013121853306332224,0.0013121853306332224,,
Triple,GFE,BFGS,gamma_x_epsilon_std,"10,10",common_nominal_loss_std_n_m,1,1,0,3.617186060251939e-06,3.617186060251939e-06,3.617186060251939e-06,3.617186060251939e-06,3.617186060251939e-06,,
Triple,GFE,BFGS,gtol,1e-10,solve_wall_s,1,1,0,9.541628900013166,9.541628900013166,9.541628900013166,9.541628900013166,9.541628900013166,,
Triple,GFE,BFGS,gtol,1e-10,iterations,1,1,0,2791.0,2791.0,2791.0,2791.0,2791.0,,
Triple,GFE,BFGS,gtol,1e-10,evaluations,1,1,0,2935.0,2935.0,2935.0,2935.0,2935.0,,
Triple,GFE,BFGS,gtol,1e-10,terminal_gradient_l2,1,1,0,2.3166734121268284e-08,2.3166734121268284e-08,2.3166734121268284e-08,2.3166734121268284e-08,2.3166734121268284e-08,,
Triple,GFE,BFGS,gtol,1e-10,terminal_gradient_inf,1,1,0,7.276011240239116e-09,7.276011240239116e-09,7.276011240239116e-09,7.276011240239116e-09,7.276011240239116e-09,,
Triple,GFE,BFGS,gtol,1e-10,relative_gradient_l2,1,1,0,7.715788410135445e-07,7.715788410135445e-07,7.715788410135445e-07,7.715788410135445e-07,7.715788410135445e-07,,
Triple,GFE,BFGS,gtol,1e-10,objective_n_m,1,1,0,-0.04964893226897162,-0.04964893226897162,-0.04964893226897162,-0.04964893226897162,-0.04964893226897162,,
Triple,GFE,BFGS,gtol,1e-10,surrogate_residual_n,1,1,0,1.3345541550496179e-08,1.3345541550496179e-08,1.3345541550496179e-08,1.3345541550496179e-08,1.3345541550496179e-08,,
Triple,GFE,BFGS,gtol,1e-10,command_cosine_to_fixed_GFE,1,1,0,0.9999999999905628,0.9999999999905628,0.9999999999905628,0.9999999999905628,0.9999999999905628,,
Triple,GFE,BFGS,gtol,1e-10,field_cosine_to_fixed_GFE,1,1,0,0.9999999999984763,0.9999999999984763,0.9999999999984763,0.9999999999984763,0.9999999999984763,,
Triple,GFE,BFGS,gtol,1e-10,worst_displacement_a,1,1,0,0.45796782797526037,0.45796782797526037,0.45796782797526037,0.45796782797526037,0.45796782797526037,,
Triple,GFE,BFGS,gtol,1e-10,minimum_stiffness_n_m,1,1,0,0.001312183897283887,0.001312183897283887,0.001312183897283887,0.001312183897283887,0.001312183897283887,,
Triple,GFE,BFGS,gtol,1e-10,common_nominal_loss_std_n_m,1,1,0,3.6189762878145645e-06,3.6189762878145645e-06,3.6189762878145645e-06,3.6189762878145645e-06,3.6189762878145645e-06,,
Triple,GFE,BFGS,gtol,1e-09,solve_wall_s,1,1,0,9.605723599990597,9.605723599990597,9.605723599990597,9.605723599990597,9.605723599990597,,
Triple,GFE,BFGS,gtol,1e-09,iterations,1,1,0,2791.0,2791.0,2791.0,2791.0,2791.0,,
Triple,GFE,BFGS,gtol,1e-09,evaluations,1,1,0,2935.0,2935.0,2935.0,2935.0,2935.0,,
Triple,GFE,BFGS,gtol,1e-09,terminal_gradient_l2,1,1,0,2.3166734121268284e-08,2.3166734121268284e-08,2.3166734121268284e-08,2.3166734121268284e-08,2.3166734121268284e-08,,
Triple,GFE,BFGS,gtol,1e-09,terminal_gradient_inf,1,1,0,7.276011240239116e-09,7.276011240239116e-09,7.276011240239116e-09,7.276011240239116e-09,7.276011240239116e-09,,
Triple,GFE,BFGS,gtol,1e-09,relative_gradient_l2,1,1,0,7.715788410135445e-07,7.715788410135445e-07,7.715788410135445e-07,7.715788410135445e-07,7.715788410135445e-07,,
Triple,GFE,BFGS,gtol,1e-09,objective_n_m,1,1,0,-0.04964893226897162,-0.04964893226897162,-0.04964893226897162,-0.04964893226897162,-0.04964893226897162,,
Triple,GFE,BFGS,gtol,1e-09,surrogate_residual_n,1,1,0,1.3345541550496179e-08,1.3345541550496179e-08,1.3345541550496179e-08,1.3345541550496179e-08,1.3345541550496179e-08,,
Triple,GFE,BFGS,gtol,1e-09,command_cosine_to_fixed_GFE,1,1,0,0.9999999999905628,0.9999999999905628,0.9999999999905628,0.9999999999905628,0.9999999999905628,,
Triple,GFE,BFGS,gtol,1e-09,field_cosine_to_fixed_GFE,1,1,0,0.9999999999984763,0.9999999999984763,0.9999999999984763,0.9999999999984763,0.9999999999984763,,
Triple,GFE,BFGS,gtol,1e-09,worst_displacement_a,1,1,0,0.45796782797526037,0.45796782797526037,0.45796782797526037,0.45796782797526037,0.45796782797526037,,
Triple,GFE,BFGS,gtol,1e-09,minimum_stiffness_n_m,1,1,0,0.001312183897283887,0.001312183897283887,0.001312183897283887,0.001312183897283887,0.001312183897283887,,
Triple,GFE,BFGS,gtol,1e-09,common_nominal_loss_std_n_m,1,1,0,3.6189762878145645e-06,3.6189762878145645e-06,3.6189762878145645e-06,3.6189762878145645e-06,3.6189762878145645e-06,,
Triple,GFE,BFGS,gtol,1e-08,solve_wall_s,1,1,0,9.424814900005003,9.424814900005003,9.424814900005003,9.424814900005003,9.424814900005003,,
Triple,GFE,BFGS,gtol,1e-08,iterations,1,1,0,2777.0,2777.0,2777.0,2777.0,2777.0,,
Triple,GFE,BFGS,gtol,1e-08,evaluations,1,1,0,2871.0,2871.0,2871.0,2871.0,2871.0,,
Triple,GFE,BFGS,gtol,1e-08,terminal_gradient_l2,1,1,0,3.307155120464556e-08,3.307155120464556e-08,3.307155120464556e-08,3.307155120464556e-08,3.307155120464556e-08,,
Triple,GFE,BFGS,gtol,1e-08,terminal_gradient_inf,1,1,0,9.894782154094378e-09,9.894782154094378e-09,9.894782154094378e-09,9.894782154094378e-09,9.894782154094378e-09,,
Triple,GFE,BFGS,gtol,1e-08,relative_gradient_l2,1,1,0,1.1014633748299583e-06,1.1014633748299583e-06,1.1014633748299583e-06,1.1014633748299583e-06,1.1014633748299583e-06,,
Triple,GFE,BFGS,gtol,1e-08,objective_n_m,1,1,0,-0.049648932268539954,-0.049648932268539954,-0.049648932268539954,-0.049648932268539954,-0.049648932268539954,,
Triple,GFE,BFGS,gtol,1e-08,surrogate_residual_n,1,1,0,1.3345442864029888e-08,1.3345442864029888e-08,1.3345442864029888e-08,1.3345442864029888e-08,1.3345442864029888e-08,,
Triple,GFE,BFGS,gtol,1e-08,command_cosine_to_fixed_GFE,1,1,0,1.0,1.0,1.0,1.0,1.0,,
Triple,GFE,BFGS,gtol,1e-08,field_cosine_to_fixed_GFE,1,1,0,0.9999999999999994,0.9999999999999994,0.9999999999999994,0.9999999999999994,0.9999999999999994,,
Triple,GFE,BFGS,gtol,1e-08,worst_displacement_a,1,1,0,0.45796753839851656,0.45796753839851656,0.45796753839851656,0.45796753839851656,0.45796753839851656,,
Triple,GFE,BFGS,gtol,1e-08,minimum_stiffness_n_m,1,1,0,0.001312184169728167,0.001312184169728167,0.001312184169728167,0.001312184169728167,0.001312184169728167,,
Triple,GFE,BFGS,gtol,1e-08,common_nominal_loss_std_n_m,1,1,0,3.618937673684308e-06,3.618937673684308e-06,3.618937673684308e-06,3.618937673684308e-06,3.618937673684308e-06,,
Triple,GFE,BFGS,gtol,1e-07,solve_wall_s,1,1,0,10.156273800006602,10.156273800006602,10.156273800006602,10.156273800006602,10.156273800006602,,
Triple,GFE,BFGS,gtol,1e-07,iterations,1,1,0,2693.0,2693.0,2693.0,2693.0,2693.0,,
Triple,GFE,BFGS,gtol,1e-07,evaluations,1,1,0,2787.0,2787.0,2787.0,2787.0,2787.0,,
Triple,GFE,BFGS,gtol,1e-07,terminal_gradient_l2,1,1,0,2.702939823213229e-07,2.702939823213229e-07,2.702939823213229e-07,2.702939823213229e-07,2.702939823213229e-07,,
Triple,GFE,BFGS,gtol,1e-07,terminal_gradient_inf,1,1,0,9.598779427775311e-08,9.598779427775311e-08,9.598779427775311e-08,9.598779427775311e-08,9.598779427775311e-08,,
Triple,GFE,BFGS,gtol,1e-07,relative_gradient_l2,1,1,0,9.002266634594777e-06,9.002266634594777e-06,9.002266634594777e-06,9.002266634594777e-06,9.002266634594777e-06,,
Triple,GFE,BFGS,gtol,1e-07,objective_n_m,1,1,0,-0.049648932208502944,-0.049648932208502944,-0.049648932208502944,-0.049648932208502944,-0.049648932208502944,,
Triple,GFE,BFGS,gtol,1e-07,surrogate_residual_n,1,1,0,1.3345495538772958e-08,1.3345495538772958e-08,1.3345495538772958e-08,1.3345495538772958e-08,1.3345495538772958e-08,,
Triple,GFE,BFGS,gtol,1e-07,command_cosine_to_fixed_GFE,1,1,0,0.9999999967199609,0.9999999967199609,0.9999999967199609,0.9999999967199609,0.9999999967199609,,
Triple,GFE,BFGS,gtol,1e-07,field_cosine_to_fixed_GFE,1,1,0,0.999999999557887,0.999999999557887,0.999999999557887,0.999999999557887,0.999999999557887,,
Triple,GFE,BFGS,gtol,1e-07,worst_displacement_a,1,1,0,0.45796452141264177,0.45796452141264177,0.45796452141264177,0.45796452141264177,0.45796452141264177,,
Triple,GFE,BFGS,gtol,1e-07,minimum_stiffness_n_m,1,1,0,0.0013121836553962973,0.0013121836553962973,0.0013121836553962973,0.0013121836553962973,0.0013121836553962973,,
Triple,GFE,BFGS,gtol,1e-07,common_nominal_loss_std_n_m,1,1,0,3.6177310442809414e-06,3.6177310442809414e-06,3.6177310442809414e-06,3.6177310442809414e-06,3.6177310442809414e-06,,
Triple,GFE,BFGS,gtol,1e-06,solve_wall_s,1,1,0,9.918107899997267,9.918107899997267,9.918107899997267,9.918107899997267,9.918107899997267,,
Triple,GFE,BFGS,gtol,1e-06,iterations,1,1,0,2545.0,2545.0,2545.0,2545.0,2545.0,,
Triple,GFE,BFGS,gtol,1e-06,evaluations,1,1,0,2639.0,2639.0,2639.0,2639.0,2639.0,,
Triple,GFE,BFGS,gtol,1e-06,terminal_gradient_l2,1,1,0,2.853406721798633e-06,2.853406721798633e-06,2.853406721798633e-06,2.853406721798633e-06,2.853406721798633e-06,,
Triple,GFE,BFGS,gtol,1e-06,terminal_gradient_inf,1,1,0,8.727441811450825e-07,8.727441811450825e-07,8.727441811450825e-07,8.727441811450825e-07,8.727441811450825e-07,,
Triple,GFE,BFGS,gtol,1e-06,relative_gradient_l2,1,1,0,9.503403629622683e-05,9.503403629622683e-05,9.503403629622683e-05,9.503403629622683e-05,9.503403629622683e-05,,
Triple,GFE,BFGS,gtol,1e-06,objective_n_m,1,1,0,-0.04964892635161026,-0.04964892635161026,-0.04964892635161026,-0.04964892635161026,-0.04964892635161026,,
Triple,GFE,BFGS,gtol,1e-06,surrogate_residual_n,1,1,0,1.3330093593811676e-08,1.3330093593811676e-08,1.3330093593811676e-08,1.3330093593811676e-08,1.3330093593811676e-08,,
Triple,GFE,BFGS,gtol,1e-06,command_cosine_to_fixed_GFE,1,1,0,0.9999992870852195,0.9999992870852195,0.9999992870852195,0.9999992870852195,0.9999992870852195,,
Triple,GFE,BFGS,gtol,1e-06,field_cosine_to_fixed_GFE,1,1,0,0.9999998127241755,0.9999998127241755,0.9999998127241755,0.9999998127241755,0.9999998127241755,,
Triple,GFE,BFGS,gtol,1e-06,worst_displacement_a,1,1,0,0.45796199151894096,0.45796199151894096,0.45796199151894096,0.45796199151894096,0.45796199151894096,,
Triple,GFE,BFGS,gtol,1e-06,minimum_stiffness_n_m,1,1,0,0.0013122012348354617,0.0013122012348354617,0.0013122012348354617,0.0013122012348354617,0.0013122012348354617,,
Triple,GFE,BFGS,gtol,1e-06,common_nominal_loss_std_n_m,1,1,0,3.6241921188154204e-06,3.6241921188154204e-06,3.6241921188154204e-06,3.6241921188154204e-06,3.6241921188154204e-06,,
Triple,GFE,BFGS,stencil_factor,0.25,solve_wall_s,1,1,0,18.718096500000684,18.718096500000684,18.718096500000684,18.718096500000684,18.718096500000684,,
Triple,GFE,BFGS,stencil_factor,0.25,iterations,1,1,0,4149.0,4149.0,4149.0,4149.0,4149.0,,
Triple,GFE,BFGS,stencil_factor,0.25,evaluations,1,1,0,4395.0,4395.0,4395.0,4395.0,4395.0,,
Triple,GFE,BFGS,stencil_factor,0.25,terminal_gradient_l2,1,1,0,2.654405385420545e-07,2.654405385420545e-07,2.654405385420545e-07,2.654405385420545e-07,2.654405385420545e-07,,
Triple,GFE,BFGS,stencil_factor,0.25,terminal_gradient_inf,1,1,0,7.802677137956198e-08,7.802677137956198e-08,7.802677137956198e-08,7.802677137956198e-08,7.802677137956198e-08,,
Triple,GFE,BFGS,stencil_factor,0.25,relative_gradient_l2,1,1,0,8.613131862001441e-06,8.613131862001441e-06,8.613131862001441e-06,8.613131862001441e-06,8.613131862001441e-06,,
Triple,GFE,BFGS,stencil_factor,0.25,objective_n_m,1,1,0,-0.07364168122032896,-0.07364168122032896,-0.07364168122032896,-0.07364168122032896,-0.07364168122032896,,
Triple,GFE,BFGS,stencil_factor,0.25,surrogate_residual_n,1,1,0,4.5271816832993656e-07,4.5271816832993656e-07,4.5271816832993656e-07,4.5271816832993656e-07,4.5271816832993656e-07,,
Triple,GFE,BFGS,stencil_factor,0.25,command_cosine_to_fixed_GFE,1,1,0,0.7492333491620944,0.7492333491620944,0.7492333491620944,0.7492333491620944,0.7492333491620944,,
Triple,GFE,BFGS,stencil_factor,0.25,field_cosine_to_fixed_GFE,1,1,0,0.8690554370700754,0.8690554370700754,0.8690554370700754,0.8690554370700754,0.8690554370700754,,
Triple,GFE,BFGS,stencil_factor,0.25,worst_displacement_a,1,1,0,0.5296300975990236,0.5296300975990236,0.5296300975990236,0.5296300975990236,0.5296300975990236,,
Triple,GFE,BFGS,stencil_factor,0.25,minimum_stiffness_n_m,1,1,0,0.0011399330137115147,0.0011399330137115147,0.0011399330137115147,0.0011399330137115147,0.0011399330137115147,,
Triple,GFE,BFGS,stencil_factor,0.25,common_nominal_loss_std_n_m,1,1,0,9.74448645886074e-06,9.74448645886074e-06,9.74448645886074e-06,9.74448645886074e-06,9.74448645886074e-06,,
Triple,GFE,BFGS,stencil_factor,0.5,solve_wall_s,1,1,0,12.194955800005118,12.194955800005118,12.194955800005118,12.194955800005118,12.194955800005118,,
Triple,GFE,BFGS,stencil_factor,0.5,iterations,1,1,0,3035.0,3035.0,3035.0,3035.0,3035.0,,
Triple,GFE,BFGS,stencil_factor,0.5,evaluations,1,1,0,3149.0,3149.0,3149.0,3149.0,3149.0,,
Triple,GFE,BFGS,stencil_factor,0.5,terminal_gradient_l2,1,1,0,3.505643828284696e-08,3.505643828284696e-08,3.505643828284696e-08,3.505643828284696e-08,3.505643828284696e-08,,
Triple,GFE,BFGS,stencil_factor,0.5,terminal_gradient_inf,1,1,0,9.26181794059784e-09,9.26181794059784e-09,9.26181794059784e-09,9.26181794059784e-09,9.26181794059784e-09,,
Triple,GFE,BFGS,stencil_factor,0.5,relative_gradient_l2,1,1,0,1.1660177226890923e-06,1.1660177226890923e-06,1.1660177226890923e-06,1.1660177226890923e-06,1.1660177226890923e-06,,
Triple,GFE,BFGS,stencil_factor,0.5,objective_n_m,1,1,0,-0.057747189996634404,-0.057747189996634404,-0.057747189996634404,-0.057747189996634404,-0.057747189996634404,,
Triple,GFE,BFGS,stencil_factor,0.5,surrogate_residual_n,1,1,0,1.4824709078598469e-08,1.4824709078598469e-08,1.4824709078598469e-08,1.4824709078598469e-08,1.4824709078598469e-08,,
Triple,GFE,BFGS,stencil_factor,0.5,command_cosine_to_fixed_GFE,1,1,0,0.941925023228884,0.941925023228884,0.941925023228884,0.941925023228884,0.941925023228884,,
Triple,GFE,BFGS,stencil_factor,0.5,field_cosine_to_fixed_GFE,1,1,0,0.9668094576001205,0.9668094576001205,0.9668094576001205,0.9668094576001205,0.9668094576001205,,
Triple,GFE,BFGS,stencil_factor,0.5,worst_displacement_a,1,1,0,0.5237256775467743,0.5237256775467743,0.5237256775467743,0.5237256775467743,0.5237256775467743,,
Triple,GFE,BFGS,stencil_factor,0.5,minimum_stiffness_n_m,1,1,0,0.001276811201217847,0.001276811201217847,0.001276811201217847,0.001276811201217847,0.001276811201217847,,
Triple,GFE,BFGS,stencil_factor,0.5,common_nominal_loss_std_n_m,1,1,0,6.706255094902475e-06,6.706255094902475e-06,6.706255094902475e-06,6.706255094902475e-06,6.706255094902475e-06,,
Triple,GFE,BFGS,stencil_factor,0.75,solve_wall_s,1,1,0,12.439725599993835,12.439725599993835,12.439725599993835,12.439725599993835,12.439725599993835,,
Triple,GFE,BFGS,stencil_factor,0.75,iterations,1,1,0,2916.0,2916.0,2916.0,2916.0,2916.0,,
Triple,GFE,BFGS,stencil_factor,0.75,evaluations,1,1,0,3039.0,3039.0,3039.0,3039.0,3039.0,,
Triple,GFE,BFGS,stencil_factor,0.75,terminal_gradient_l2,1,1,0,2.5592323841765285e-08,2.5592323841765285e-08,2.5592323841765285e-08,2.5592323841765285e-08,2.5592323841765285e-08,,
Triple,GFE,BFGS,stencil_factor,0.75,terminal_gradient_inf,1,1,0,9.873289154416318e-09,9.873289154416318e-09,9.873289154416318e-09,9.873289154416318e-09,9.873289154416318e-09,,
Triple,GFE,BFGS,stencil_factor,0.75,relative_gradient_l2,1,1,0,8.539124553128202e-07,8.539124553128202e-07,8.539124553128202e-07,8.539124553128202e-07,8.539124553128202e-07,,
Triple,GFE,BFGS,stencil_factor,0.75,objective_n_m,1,1,0,-0.05168700301671981,-0.05168700301671981,-0.05168700301671981,-0.05168700301671981,-0.05168700301671981,,
Triple,GFE,BFGS,stencil_factor,0.75,surrogate_residual_n,1,1,0,1.3375963964271904e-08,1.3375963964271904e-08,1.3375963964271904e-08,1.3375963964271904e-08,1.3375963964271904e-08,,
Triple,GFE,BFGS,stencil_factor,0.75,command_cosine_to_fixed_GFE,1,1,0,0.989971835302461,0.989971835302461,0.989971835302461,0.989971835302461,0.989971835302461,,
Triple,GFE,BFGS,stencil_factor,0.75,field_cosine_to_fixed_GFE,1,1,0,0.996381670875376,0.996381670875376,0.996381670875376,0.996381670875376,0.996381670875376,,
Triple,GFE,BFGS,stencil_factor,0.75,worst_displacement_a,1,1,0,0.5008526660989555,0.5008526660989555,0.5008526660989555,0.5008526660989555,0.5008526660989555,,
Triple,GFE,BFGS,stencil_factor,0.75,minimum_stiffness_n_m,1,1,0,0.0012810396230967258,0.0012810396230967258,0.0012810396230967258,0.0012810396230967258,0.0012810396230967258,,
Triple,GFE,BFGS,stencil_factor,0.75,common_nominal_loss_std_n_m,1,1,0,6.099121031303265e-06,6.099121031303265e-06,6.099121031303265e-06,6.099121031303265e-06,6.099121031303265e-06,,
Triple,GFE,BFGS,stencil_factor,1.0,solve_wall_s,1,1,0,9.424814900005003,9.424814900005003,9.424814900005003,9.424814900005003,9.424814900005003,,
Triple,GFE,BFGS,stencil_factor,1.0,iterations,1,1,0,2777.0,2777.0,2777.0,2777.0,2777.0,,
Triple,GFE,BFGS,stencil_factor,1.0,evaluations,1,1,0,2871.0,2871.0,2871.0,2871.0,2871.0,,
Triple,GFE,BFGS,stencil_factor,1.0,terminal_gradient_l2,1,1,0,3.307155120464556e-08,3.307155120464556e-08,3.307155120464556e-08,3.307155120464556e-08,3.307155120464556e-08,,
Triple,GFE,BFGS,stencil_factor,1.0,terminal_gradient_inf,1,1,0,9.894782154094378e-09,9.894782154094378e-09,9.894782154094378e-09,9.894782154094378e-09,9.894782154094378e-09,,
Triple,GFE,BFGS,stencil_factor,1.0,relative_gradient_l2,1,1,0,1.1014633748299583e-06,1.1014633748299583e-06,1.1014633748299583e-06,1.1014633748299583e-06,1.1014633748299583e-06,,
Triple,GFE,BFGS,stencil_factor,1.0,objective_n_m,1,1,0,-0.049648932268539954,-0.049648932268539954,-0.049648932268539954,-0.049648932268539954,-0.049648932268539954,,
Triple,GFE,BFGS,stencil_factor,1.0,surrogate_residual_n,1,1,0,1.3345442864029888e-08,1.3345442864029888e-08,1.3345442864029888e-08,1.3345442864029888e-08,1.3345442864029888e-08,,
Triple,GFE,BFGS,stencil_factor,1.0,command_cosine_to_fixed_GFE,1,1,0,1.0,1.0,1.0,1.0,1.0,,
Triple,GFE,BFGS,stencil_factor,1.0,field_cosine_to_fixed_GFE,1,1,0,0.9999999999999994,0.9999999999999994,0.9999999999999994,0.9999999999999994,0.9999999999999994,,
Triple,GFE,BFGS,stencil_factor,1.0,worst_displacement_a,1,1,0,0.45796753839851656,0.45796753839851656,0.45796753839851656,0.45796753839851656,0.45796753839851656,,
Triple,GFE,BFGS,stencil_factor,1.0,minimum_stiffness_n_m,1,1,0,0.001312184169728167,0.001312184169728167,0.001312184169728167,0.001312184169728167,0.001312184169728167,,
Triple,GFE,BFGS,stencil_factor,1.0,common_nominal_loss_std_n_m,1,1,0,3.618937673684308e-06,3.618937673684308e-06,3.618937673684308e-06,3.618937673684308e-06,3.618937673684308e-06,,
Triple,GFE,BFGS,stencil_factor,1.5,solve_wall_s,1,1,0,10.367658700008178,10.367658700008178,10.367658700008178,10.367658700008178,10.367658700008178,,
Triple,GFE,BFGS,stencil_factor,1.5,iterations,1,1,0,2441.0,2441.0,2441.0,2441.0,2441.0,,
Triple,GFE,BFGS,stencil_factor,1.5,evaluations,1,1,0,2549.0,2549.0,2549.0,2549.0,2549.0,,
Triple,GFE,BFGS,stencil_factor,1.5,terminal_gradient_l2,1,1,0,3.663488489715523e-08,3.663488489715523e-08,3.663488489715523e-08,3.663488489715523e-08,3.663488489715523e-08,,
Triple,GFE,BFGS,stencil_factor,1.5,terminal_gradient_inf,1,1,0,9.97865443788361e-09,9.97865443788361e-09,9.97865443788361e-09,9.97865443788361e-09,9.97865443788361e-09,,
Triple,GFE,BFGS,stencil_factor,1.5,relative_gradient_l2,1,1,0,1.21664021960821e-06,1.21664021960821e-06,1.21664021960821e-06,1.21664021960821e-06,1.21664021960821e-06,,
Triple,GFE,BFGS,stencil_factor,1.5,objective_n_m,1,1,0,-0.04526280746717979,-0.04526280746717979,-0.04526280746717979,-0.04526280746717979,-0.04526280746717979,,
Triple,GFE,BFGS,stencil_factor,1.5,surrogate_residual_n,1,1,0,1.2888949335045633e-08,1.2888949335045633e-08,1.2888949335045633e-08,1.2888949335045633e-08,1.2888949335045633e-08,,
Triple,GFE,BFGS,stencil_factor,1.5,command_cosine_to_fixed_GFE,1,1,0,0.9960245452138593,0.9960245452138593,0.9960245452138593,0.9960245452138593,0.9960245452138593,,
Triple,GFE,BFGS,stencil_factor,1.5,field_cosine_to_fixed_GFE,1,1,0,0.9974417710847783,0.9974417710847783,0.9974417710847783,0.9974417710847783,0.9974417710847783,,
Triple,GFE,BFGS,stencil_factor,1.5,worst_displacement_a,1,1,0,0.452938501847562,0.452938501847562,0.452938501847562,0.452938501847562,0.452938501847562,,
Triple,GFE,BFGS,stencil_factor,1.5,minimum_stiffness_n_m,1,1,0,0.0013910350143782667,0.0013910350143782667,0.0013910350143782667,0.0013910350143782667,0.0013910350143782667,,
Triple,GFE,BFGS,stencil_factor,1.5,common_nominal_loss_std_n_m,1,1,0,3.980845886894904e-06,3.980845886894904e-06,3.980845886894904e-06,3.980845886894904e-06,3.980845886894904e-06,,
Triple,GFE,BFGS,stencil_factor,2.0,solve_wall_s,1,1,0,9.785726500005694,9.785726500005694,9.785726500005694,9.785726500005694,9.785726500005694,,
Triple,GFE,BFGS,stencil_factor,2.0,iterations,1,1,0,2547.0,2547.0,2547.0,2547.0,2547.0,,
Triple,GFE,BFGS,stencil_factor,2.0,evaluations,1,1,0,2643.0,2643.0,2643.0,2643.0,2643.0,,
Triple,GFE,BFGS,stencil_factor,2.0,terminal_gradient_l2,1,1,0,2.9632161834614884e-08,2.9632161834614884e-08,2.9632161834614884e-08,2.9632161834614884e-08,2.9632161834614884e-08,,
Triple,GFE,BFGS,stencil_factor,2.0,terminal_gradient_inf,1,1,0,9.991793729204832e-09,9.991793729204832e-09,9.991793729204832e-09,9.991793729204832e-09,9.991793729204832e-09,,
Triple,GFE,BFGS,stencil_factor,2.0,relative_gradient_l2,1,1,0,9.836993888005286e-07,9.836993888005286e-07,9.836993888005286e-07,9.836993888005286e-07,9.836993888005286e-07,,
Triple,GFE,BFGS,stencil_factor,2.0,objective_n_m,1,1,0,-0.040697311163408106,-0.040697311163408106,-0.040697311163408106,-0.040697311163408106,-0.040697311163408106,,
Triple,GFE,BFGS,stencil_factor,2.0,surrogate_residual_n,1,1,0,1.1920091574041636e-08,1.1920091574041636e-08,1.1920091574041636e-08,1.1920091574041636e-08,1.1920091574041636e-08,,
Triple,GFE,BFGS,stencil_factor,2.0,command_cosine_to_fixed_GFE,1,1,0,0.9920734465935546,0.9920734465935546,0.9920734465935546,0.9920734465935546,0.9920734465935546,,
Triple,GFE,BFGS,stencil_factor,2.0,field_cosine_to_fixed_GFE,1,1,0,0.9938311066312028,0.9938311066312028,0.9938311066312028,0.9938311066312028,0.9938311066312028,,
Triple,GFE,BFGS,stencil_factor,2.0,worst_displacement_a,1,1,0,0.5168116524441699,0.5168116524441699,0.5168116524441699,0.5168116524441699,0.5168116524441699,,
Triple,GFE,BFGS,stencil_factor,2.0,minimum_stiffness_n_m,1,1,0,0.0013406511070188228,0.0013406511070188228,0.0013406511070188228,0.0013406511070188228,0.0013406511070188228,,
Triple,GFE,BFGS,stencil_factor,2.0,common_nominal_loss_std_n_m,1,1,0,4.857336296555312e-06,4.857336296555312e-06,4.857336296555312e-06,4.857336296555312e-06,4.857336296555312e-06,,
Triple,GFE,BFGS,transverse_ratio_factor,0.1,solve_wall_s,1,1,0,11.791584299993701,11.791584299993701,11.791584299993701,11.791584299993701,11.791584299993701,,
Triple,GFE,BFGS,transverse_ratio_factor,0.1,iterations,1,1,0,3159.0,3159.0,3159.0,3159.0,3159.0,,
Triple,GFE,BFGS,transverse_ratio_factor,0.1,evaluations,1,1,0,3286.0,3286.0,3286.0,3286.0,3286.0,,
Triple,GFE,BFGS,transverse_ratio_factor,0.1,terminal_gradient_l2,1,1,0,3.066488127899941e-08,3.066488127899941e-08,3.066488127899941e-08,3.066488127899941e-08,3.066488127899941e-08,,
Triple,GFE,BFGS,transverse_ratio_factor,0.1,terminal_gradient_inf,1,1,0,8.227477211271002e-09,8.227477211271002e-09,8.227477211271002e-09,8.227477211271002e-09,8.227477211271002e-09,,
Triple,GFE,BFGS,transverse_ratio_factor,0.1,relative_gradient_l2,1,1,0,1.0167487973858748e-06,1.0167487973858748e-06,1.0167487973858748e-06,1.0167487973858748e-06,1.0167487973858748e-06,,
Triple,GFE,BFGS,transverse_ratio_factor,0.1,objective_n_m,1,1,0,-0.037929977014582,-0.037929977014582,-0.037929977014582,-0.037929977014582,-0.037929977014582,,
Triple,GFE,BFGS,transverse_ratio_factor,0.1,surrogate_residual_n,1,1,0,2.1055177150069048e-08,2.1055177150069048e-08,2.1055177150069048e-08,2.1055177150069048e-08,2.1055177150069048e-08,,
Triple,GFE,BFGS,transverse_ratio_factor,0.1,command_cosine_to_fixed_GFE,1,1,0,0.8031834401014978,0.8031834401014978,0.8031834401014978,0.8031834401014978,0.8031834401014978,,
Triple,GFE,BFGS,transverse_ratio_factor,0.1,field_cosine_to_fixed_GFE,1,1,0,0.8672665044153968,0.8672665044153968,0.8672665044153968,0.8672665044153968,0.8672665044153968,,
Triple,GFE,BFGS,transverse_ratio_factor,0.1,worst_displacement_a,1,1,0,0.44385734852211667,0.44385734852211667,0.44385734852211667,0.44385734852211667,0.44385734852211667,,
Triple,GFE,BFGS,transverse_ratio_factor,0.1,minimum_stiffness_n_m,1,1,0,0.0011139427957375305,0.0011139427957375305,0.0011139427957375305,0.0011139427957375305,0.0011139427957375305,,
Triple,GFE,BFGS,transverse_ratio_factor,0.1,common_nominal_loss_std_n_m,1,1,0,0.005593302334476147,0.005593302334476147,0.005593302334476147,0.005593302334476147,0.005593302334476147,,
Triple,GFE,BFGS,transverse_ratio_factor,0.3,solve_wall_s,1,1,0,9.271558500011452,9.271558500011452,9.271558500011452,9.271558500011452,9.271558500011452,,
Triple,GFE,BFGS,transverse_ratio_factor,0.3,iterations,1,1,0,2646.0,2646.0,2646.0,2646.0,2646.0,,
Triple,GFE,BFGS,transverse_ratio_factor,0.3,evaluations,1,1,0,2769.0,2769.0,2769.0,2769.0,2769.0,,
Triple,GFE,BFGS,transverse_ratio_factor,0.3,terminal_gradient_l2,1,1,0,2.1339632130711368e-08,2.1339632130711368e-08,2.1339632130711368e-08,2.1339632130711368e-08,2.1339632130711368e-08,,
Triple,GFE,BFGS,transverse_ratio_factor,0.3,terminal_gradient_inf,1,1,0,8.932831130262881e-09,8.932831130262881e-09,8.932831130262881e-09,8.932831130262881e-09,8.932831130262881e-09,,
Triple,GFE,BFGS,transverse_ratio_factor,0.3,relative_gradient_l2,1,1,0,7.083089950152929e-07,7.083089950152929e-07,7.083089950152929e-07,7.083089950152929e-07,7.083089950152929e-07,,
Triple,GFE,BFGS,transverse_ratio_factor,0.3,objective_n_m,1,1,0,-0.04079763339019199,-0.04079763339019199,-0.04079763339019199,-0.04079763339019199,-0.04079763339019199,,
Triple,GFE,BFGS,transverse_ratio_factor,0.3,surrogate_residual_n,1,1,0,1.4486910986301461e-08,1.4486910986301461e-08,1.4486910986301461e-08,1.4486910986301461e-08,1.4486910986301461e-08,,
Triple,GFE,BFGS,transverse_ratio_factor,0.3,command_cosine_to_fixed_GFE,1,1,0,0.9808420863141203,0.9808420863141203,0.9808420863141203,0.9808420863141203,0.9808420863141203,,
Triple,GFE,BFGS,transverse_ratio_factor,0.3,field_cosine_to_fixed_GFE,1,1,0,0.9881191059500344,0.9881191059500344,0.9881191059500344,0.9881191059500344,0.9881191059500344,,
Triple,GFE,BFGS,transverse_ratio_factor,0.3,worst_displacement_a,1,1,0,0.4764598432373796,0.4764598432373796,0.4764598432373796,0.4764598432373796,0.4764598432373796,,
Triple,GFE,BFGS,transverse_ratio_factor,0.3,minimum_stiffness_n_m,1,1,0,0.0011562791630833772,0.0011562791630833772,0.0011562791630833772,0.0011562791630833772,0.0011562791630833772,,
Triple,GFE,BFGS,transverse_ratio_factor,0.3,common_nominal_loss_std_n_m,1,1,0,0.005469663229004352,0.005469663229004352,0.005469663229004352,0.005469663229004352,0.005469663229004352,,
Triple,GFE,BFGS,transverse_ratio_factor,0.5,solve_wall_s,1,1,0,9.916603900011978,9.916603900011978,9.916603900011978,9.916603900011978,9.916603900011978,,
Triple,GFE,BFGS,transverse_ratio_factor,0.5,iterations,1,1,0,2744.0,2744.0,2744.0,2744.0,2744.0,,
Triple,GFE,BFGS,transverse_ratio_factor,0.5,evaluations,1,1,0,2858.0,2858.0,2858.0,2858.0,2858.0,,
Triple,GFE,BFGS,transverse_ratio_factor,0.5,terminal_gradient_l2,1,1,0,3.124304028606973e-08,3.124304028606973e-08,3.124304028606973e-08,3.124304028606973e-08,3.124304028606973e-08,,
Triple,GFE,BFGS,transverse_ratio_factor,0.5,terminal_gradient_inf,1,1,0,9.023402699211527e-09,9.023402699211527e-09,9.023402699211527e-09,9.023402699211527e-09,9.023402699211527e-09,,
Triple,GFE,BFGS,transverse_ratio_factor,0.5,relative_gradient_l2,1,1,0,1.0380866161412332e-06,1.0380866161412332e-06,1.0380866161412332e-06,1.0380866161412332e-06,1.0380866161412332e-06,,
Triple,GFE,BFGS,transverse_ratio_factor,0.5,objective_n_m,1,1,0,-0.04347434927176939,-0.04347434927176939,-0.04347434927176939,-0.04347434927176939,-0.04347434927176939,,
Triple,GFE,BFGS,transverse_ratio_factor,0.5,surrogate_residual_n,1,1,0,1.4513557246604164e-08,1.4513557246604164e-08,1.4513557246604164e-08,1.4513557246604164e-08,1.4513557246604164e-08,,
Triple,GFE,BFGS,transverse_ratio_factor,0.5,command_cosine_to_fixed_GFE,1,1,0,0.9914076998444293,0.9914076998444293,0.9914076998444293,0.9914076998444293,0.9914076998444293,,
Triple,GFE,BFGS,transverse_ratio_factor,0.5,field_cosine_to_fixed_GFE,1,1,0,0.9946895429713173,0.9946895429713173,0.9946895429713173,0.9946895429713173,0.9946895429713173,,
Triple,GFE,BFGS,transverse_ratio_factor,0.5,worst_displacement_a,1,1,0,0.47321686993976075,0.47321686993976075,0.47321686993976075,0.47321686993976075,0.47321686993976075,,
Triple,GFE,BFGS,transverse_ratio_factor,0.5,minimum_stiffness_n_m,1,1,0,0.0012053892989124036,0.0012053892989124036,0.0012053892989124036,0.0012053892989124036,0.0012053892989124036,,
Triple,GFE,BFGS,transverse_ratio_factor,0.5,common_nominal_loss_std_n_m,1,1,0,0.003651597207189738,0.003651597207189738,0.003651597207189738,0.003651597207189738,0.003651597207189738,,
Triple,GFE,BFGS,transverse_ratio_factor,1.0,solve_wall_s,1,1,0,9.424814900005003,9.424814900005003,9.424814900005003,9.424814900005003,9.424814900005003,,
Triple,GFE,BFGS,transverse_ratio_factor,1.0,iterations,1,1,0,2777.0,2777.0,2777.0,2777.0,2777.0,,
Triple,GFE,BFGS,transverse_ratio_factor,1.0,evaluations,1,1,0,2871.0,2871.0,2871.0,2871.0,2871.0,,
Triple,GFE,BFGS,transverse_ratio_factor,1.0,terminal_gradient_l2,1,1,0,3.307155120464556e-08,3.307155120464556e-08,3.307155120464556e-08,3.307155120464556e-08,3.307155120464556e-08,,
Triple,GFE,BFGS,transverse_ratio_factor,1.0,terminal_gradient_inf,1,1,0,9.894782154094378e-09,9.894782154094378e-09,9.894782154094378e-09,9.894782154094378e-09,9.894782154094378e-09,,
Triple,GFE,BFGS,transverse_ratio_factor,1.0,relative_gradient_l2,1,1,0,1.1014633748299583e-06,1.1014633748299583e-06,1.1014633748299583e-06,1.1014633748299583e-06,1.1014633748299583e-06,,
Triple,GFE,BFGS,transverse_ratio_factor,1.0,objective_n_m,1,1,0,-0.049648932268539954,-0.049648932268539954,-0.049648932268539954,-0.049648932268539954,-0.049648932268539954,,
Triple,GFE,BFGS,transverse_ratio_factor,1.0,surrogate_residual_n,1,1,0,1.3345442864029888e-08,1.3345442864029888e-08,1.3345442864029888e-08,1.3345442864029888e-08,1.3345442864029888e-08,,
Triple,GFE,BFGS,transverse_ratio_factor,1.0,command_cosine_to_fixed_GFE,1,1,0,1.0,1.0,1.0,1.0,1.0,,
Triple,GFE,BFGS,transverse_ratio_factor,1.0,field_cosine_to_fixed_GFE,1,1,0,0.9999999999999994,0.9999999999999994,0.9999999999999994,0.9999999999999994,0.9999999999999994,,
Triple,GFE,BFGS,transverse_ratio_factor,1.0,worst_displacement_a,1,1,0,0.45796753839851656,0.45796753839851656,0.45796753839851656,0.45796753839851656,0.45796753839851656,,
Triple,GFE,BFGS,transverse_ratio_factor,1.0,minimum_stiffness_n_m,1,1,0,0.001312184169728167,0.001312184169728167,0.001312184169728167,0.001312184169728167,0.001312184169728167,,
Triple,GFE,BFGS,transverse_ratio_factor,1.0,common_nominal_loss_std_n_m,1,1,0,3.618937673684308e-06,3.618937673684308e-06,3.618937673684308e-06,3.618937673684308e-06,3.618937673684308e-06,,
Triple,GFE,BFGS,transverse_ratio_factor,2.0,solve_wall_s,1,1,0,10.136895599993295,10.136895599993295,10.136895599993295,10.136895599993295,10.136895599993295,,
Triple,GFE,BFGS,transverse_ratio_factor,2.0,iterations,1,1,0,2670.0,2670.0,2670.0,2670.0,2670.0,,
Triple,GFE,BFGS,transverse_ratio_factor,2.0,evaluations,1,1,0,2785.0,2785.0,2785.0,2785.0,2785.0,,
Triple,GFE,BFGS,transverse_ratio_factor,2.0,terminal_gradient_l2,1,1,0,3.725642708463621e-08,3.725642708463621e-08,3.725642708463621e-08,3.725642708463621e-08,3.725642708463621e-08,,
Triple,GFE,BFGS,transverse_ratio_factor,2.0,terminal_gradient_inf,1,1,0,9.453899081426367e-09,9.453899081426367e-09,9.453899081426367e-09,9.453899081426367e-09,9.453899081426367e-09,,
Triple,GFE,BFGS,transverse_ratio_factor,2.0,relative_gradient_l2,1,1,0,1.2459745002306914e-06,1.2459745002306914e-06,1.2459745002306914e-06,1.2459745002306914e-06,1.2459745002306914e-06,,
Triple,GFE,BFGS,transverse_ratio_factor,2.0,objective_n_m,1,1,0,-0.060996742168252946,-0.060996742168252946,-0.060996742168252946,-0.060996742168252946,-0.060996742168252946,,
Triple,GFE,BFGS,transverse_ratio_factor,2.0,surrogate_residual_n,1,1,0,6.736469585795974e-08,6.736469585795974e-08,6.736469585795974e-08,6.736469585795974e-08,6.736469585795974e-08,,
Triple,GFE,BFGS,transverse_ratio_factor,2.0,command_cosine_to_fixed_GFE,1,1,0,0.9616783249840863,0.9616783249840863,0.9616783249840863,0.9616783249840863,0.9616783249840863,,
Triple,GFE,BFGS,transverse_ratio_factor,2.0,field_cosine_to_fixed_GFE,1,1,0,0.9777170784933119,0.9777170784933119,0.9777170784933119,0.9777170784933119,0.9777170784933119,,
Triple,GFE,BFGS,transverse_ratio_factor,2.0,worst_displacement_a,1,1,0,0.37445277372673796,0.37445277372673796,0.37445277372673796,0.37445277372673796,0.37445277372673796,,
Triple,GFE,BFGS,transverse_ratio_factor,2.0,minimum_stiffness_n_m,1,1,0,0.0013394610464714245,0.0013394610464714245,0.0013394610464714245,0.0013394610464714245,0.0013394610464714245,,
Triple,GFE,BFGS,transverse_ratio_factor,2.0,common_nominal_loss_std_n_m,1,1,0,0.003305213610181799,0.003305213610181799,0.003305213610181799,0.003305213610181799,0.003305213610181799,,
Triple,GFE,BFGS,transverse_ratio_factor,3.0,solve_wall_s,1,1,0,7.383825299999444,7.383825299999444,7.383825299999444,7.383825299999444,7.383825299999444,,
Triple,GFE,BFGS,transverse_ratio_factor,3.0,iterations,1,1,0,2110.0,2110.0,2110.0,2110.0,2110.0,,
Triple,GFE,BFGS,transverse_ratio_factor,3.0,evaluations,1,1,0,2194.0,2194.0,2194.0,2194.0,2194.0,,
Triple,GFE,BFGS,transverse_ratio_factor,3.0,terminal_gradient_l2,1,1,0,3.459668839235679e-08,3.459668839235679e-08,3.459668839235679e-08,3.459668839235679e-08,3.459668839235679e-08,,
Triple,GFE,BFGS,transverse_ratio_factor,3.0,terminal_gradient_inf,1,1,0,8.91448001727528e-09,8.91448001727528e-09,8.91448001727528e-09,8.91448001727528e-09,8.91448001727528e-09,,
Triple,GFE,BFGS,transverse_ratio_factor,3.0,relative_gradient_l2,1,1,0,1.1610163560691713e-06,1.1610163560691713e-06,1.1610163560691713e-06,1.1610163560691713e-06,1.1610163560691713e-06,,
Triple,GFE,BFGS,transverse_ratio_factor,3.0,objective_n_m,1,1,0,-0.07044772372373047,-0.07044772372373047,-0.07044772372373047,-0.07044772372373047,-0.07044772372373047,,
Triple,GFE,BFGS,transverse_ratio_factor,3.0,surrogate_residual_n,1,1,0,3.773297670364662e-08,3.773297670364662e-08,3.773297670364662e-08,3.773297670364662e-08,3.773297670364662e-08,,
Triple,GFE,BFGS,transverse_ratio_factor,3.0,command_cosine_to_fixed_GFE,1,1,0,0.5936583736858333,0.5936583736858333,0.5936583736858333,0.5936583736858333,0.5936583736858333,,
Triple,GFE,BFGS,transverse_ratio_factor,3.0,field_cosine_to_fixed_GFE,1,1,0,0.632613632695548,0.632613632695548,0.632613632695548,0.632613632695548,0.632613632695548,,
Triple,GFE,BFGS,transverse_ratio_factor,3.0,worst_displacement_a,1,1,0,0.4123671125090816,0.4123671125090816,0.4123671125090816,0.4123671125090816,0.4123671125090816,,
Triple,GFE,BFGS,transverse_ratio_factor,3.0,minimum_stiffness_n_m,1,1,0,0.0012723400800585555,0.0012723400800585555,0.0012723400800585555,0.0012723400800585555,0.0012723400800585555,,
Triple,GFE,BFGS,transverse_ratio_factor,3.0,common_nominal_loss_std_n_m,1,1,0,0.0012711025310652676,0.0012711025310652676,0.0012711025310652676,0.0012711025310652676,0.0012711025310652676,,
Triple,GFE,BFGS,transverse_ratio_factor,10.0,solve_wall_s,1,1,0,4.078996900003403,4.078996900003403,4.078996900003403,4.078996900003403,4.078996900003403,,
Triple,GFE,BFGS,transverse_ratio_factor,10.0,iterations,1,1,0,1240.0,1240.0,1240.0,1240.0,1240.0,,
Triple,GFE,BFGS,transverse_ratio_factor,10.0,evaluations,1,1,0,1304.0,1304.0,1304.0,1304.0,1304.0,,
Triple,GFE,BFGS,transverse_ratio_factor,10.0,terminal_gradient_l2,1,1,0,5.2530853912501386e-08,5.2530853912501386e-08,5.2530853912501386e-08,5.2530853912501386e-08,5.2530853912501386e-08,,
Triple,GFE,BFGS,transverse_ratio_factor,10.0,terminal_gradient_inf,1,1,0,9.848283347244774e-09,9.848283347244774e-09,9.848283347244774e-09,9.848283347244774e-09,9.848283347244774e-09,,
Triple,GFE,BFGS,transverse_ratio_factor,10.0,relative_gradient_l2,1,1,0,1.7875072514730382e-06,1.7875072514730382e-06,1.7875072514730382e-06,1.7875072514730382e-06,1.7875072514730382e-06,,
Triple,GFE,BFGS,transverse_ratio_factor,10.0,objective_n_m,1,1,0,-0.1203661185528631,-0.1203661185528631,-0.1203661185528631,-0.1203661185528631,-0.1203661185528631,,
Triple,GFE,BFGS,transverse_ratio_factor,10.0,surrogate_residual_n,1,1,0,1.0915151191238821e-06,1.0915151191238821e-06,1.0915151191238821e-06,1.0915151191238821e-06,1.0915151191238821e-06,,
Triple,GFE,BFGS,transverse_ratio_factor,10.0,command_cosine_to_fixed_GFE,1,1,0,0.4385432312562317,0.4385432312562317,0.4385432312562317,0.4385432312562317,0.4385432312562317,,
Triple,GFE,BFGS,transverse_ratio_factor,10.0,field_cosine_to_fixed_GFE,1,1,0,0.4892018941341493,0.4892018941341493,0.4892018941341493,0.4892018941341493,0.4892018941341493,,
Triple,GFE,BFGS,transverse_ratio_factor,10.0,worst_displacement_a,1,1,0,0.6184088848036953,0.6184088848036953,0.6184088848036953,0.6184088848036953,0.6184088848036953,,
Triple,GFE,BFGS,transverse_ratio_factor,10.0,minimum_stiffness_n_m,1,1,0,0.0012310922564705501,0.0012310922564705501,0.0012310922564705501,0.0012310922564705501,0.0012310922564705501,,
Triple,GFE,BFGS,transverse_ratio_factor,10.0,common_nominal_loss_std_n_m,1,1,0,0.0020399317940999386,0.0020399317940999386,0.0020399317940999386,0.0020399317940999386,0.0020399317940999386,,
