task,levels,candidate,offset_rad,predicted_worst_shift_um,minimum_stiffness_n_m,locally_restoring,selected
Single,4,0,0.010450215050179679,431.9392029444356,0.0019233628386345683,True,False
Single,4,1,0.01045318658799188,395.84567516149434,0.0019271643695819578,True,False
Single,4,2,0.010455856982284906,360.16664631576054,0.0019309700294299415,True,False
Single,4,3,0.04068123507055876,324.03059116793594,0.0019348067624310114,True,False
Single,4,4,0.07090654988561895,298.7291030645243,0.001934505716360183,True,False
Single,4,5,0.07090940467615692,272.13680160253375,0.0019342393116769977,True,False
Single,4,6,0.07091178661924569,246.98014752520342,0.0019339361641647545,True,False
Single,4,7,0.07210237601504521,220.24242056094192,0.0019336674849289477,True,False
Single,4,8,0.07329331323918142,192.7883041919061,0.0019364562431510132,True,False
Single,4,9,0.07329639064366467,163.4729811166908,0.0019392697763046095,True,False
Single,4,10,0.0732994838170663,136.41902159984235,0.001942038466512237,True,False
Single,4,11,0.08636495910130171,106.70387053305785,0.0019448318212814016,True,False
Single,4,12,0.0994307539088064,82.22828365588133,0.0019483845162224433,True,False
Single,4,13,0.09943289458676108,52.60190562093112,0.0019520320952064573,True,False
Single,4,14,0.0994344765938921,32.83308591265113,0.0019555859387549515,True,False
Single,4,15,0.12538258262501895,1.5018062903777418,0.0019592345855289003,True,False
Single,4,16,0.15133142601045568,27.639930811400628,0.001966624882076866,True,False
Single,4,17,0.15133302688066724,42.910352740574716,0.0019740138203589545,True,False
Single,4,18,0.15133377778742357,45.30422751919928,0.0019817750652572964,True,False
Single,4,19,0.16518066789497388,50.49629997213819,0.0019895362567039325,True,False
Single,4,20,0.17902770352656316,86.10688960660686,0.001990293027769395,True,False
Single,4,21,0.1790285616015383,120.74646233580637,0.001991049840003509,True,False
Single,4,22,0.17902932341365246,153.1846707911575,0.00199184483534471,True,False
Single,4,23,0.18098450657160614,186.14755092169116,0.001992639833027259,True,False
Single,4,24,0.18294035368342876,221.46041822241995,0.0019903319452695403,True,False
Single,4,25,0.18294436544353898,255.73266113745788,0.00198806234818313,True,False
Single,4,26,0.18294767130915235,290.92019974011345,0.001985754538263277,True,False
Single,4,27,0.19694555209228348,325.31776838826767,0.0019834848693186732,True,False
Single,4,28,0.21094419212983295,323.5984656250993,0.001988465522678579,True,False
Single,4,29,0.21094578777422712,319.13892923998975,0.0019936298725171248,True,False
Single,4,30,0.2109467760704924,317.437739823706,0.0019986136788677222,True,False
Single,4,31,0.22595398326068905,312.9585921504437,0.0020037823086395297,True,False
Single,4,32,0.24096195125836906,348.94681398382914,0.002002643762978317,True,False
Single,4,33,0.24096618641479517,384.3774328374655,0.0020015193540911273,True,False
Single,4,34,0.24096950927375138,420.32109455326923,0.002000345717279544,True,False
Single,4,35,0.24834347688955594,455.794336065056,0.0019991860269808932,True,False
Single,4,36,0.2557175238809225,471.0746525758125,0.0019908617435106155,True,False
Single,4,37,0.25571928233652585,484.81476865385696,0.001982920269925877,True,False
Single,4,38,0.255721685752731,500.0584860454199,0.001974729998361006,True,False
Single,4,39,0.2764719325224829,513.8275148355856,0.001966923680256631,True,False
Single,4,40,0.29722178062376026,410.8872351850949,0.0019067977705308047,True,False
Single,4,41,0.2972252516659919,301.8039064365386,0.0018462615231810147,True,False
Single,4,42,0.2972286338339326,199.06455392141174,0.0017861207600489179,True,False
Single,4,43,0.3031324351308765,89.78029803913627,0.001725599366097768,True,False
Single,4,44,0.3090360134380662,106.89490993296228,0.0017360142766665112,True,False
Single,4,45,0.30903738592954333,119.09712189403017,0.0017464115836425544,True,False
Single,4,46,0.3090393745007878,135.72100430320216,0.001757021505578711,True,False
Single,4,47,0.32583937723450274,148.42078879309238,0.0017676139645468845,True,False
Single,4,48,0.34263862647247856,183.44611274006078,0.0017673773343503383,True,False
Single,4,49,0.34263887455986675,217.03722855926705,0.0017671623771062554,True,False
Single,4,50,0.34263929802747806,251.8675253572608,0.0017669430655846794,True,False
Single,4,51,0.36661472017842145,285.6543002406231,0.0017667452861681622,True,False
Single,4,52,0.39059049850687333,267.0874499886143,0.001769721670457415,True,False
Single,4,53,0.39059265661285325,245.2801254849722,0.0017729400706902037,True,False
Single,4,54,0.39059518301653195,226.91492882450507,0.0017757062166623976,True,False
Single,4,55,0.3967098463918083,204.92951610687544,0.0017787171993463892,True,False
Single,4,56,0.40282610033375643,97.44119753841933,0.0017893959882102936,True,False
Single,4,57,0.4028289247702911,14.280882915216369,0.001800143800505083,True,False
Single,4,58,0.4028317623686162,125.36072639749395,0.0018116492494544055,True,False
Single,4,59,0.4220259584847371,239.82001119196795,0.0018232496736875527,True,False
Single,4,60,0.44121860611841446,214.98347873838023,0.0018254003064916166,True,False
Single,4,61,0.44122137684904916,188.27343210510028,0.0018276367622879325,True,False
Single,4,62,0.44122398941570373,163.75660282036839,0.0018297863388234753,True,False
Single,4,63,0.44374875867130237,136.7285997931517,0.0018320216344920627,True,False
Single,4,64,0.44627291087621146,124.89363899590523,0.0018245880456153243,True,False
Single,4,65,0.4462764048369714,109.0478077533901,0.0018175456203524695,True,False
Single,4,66,0.4462796981147663,97.83674027857685,0.001809977177022835,True,False
Single,4,67,0.4488323083357604,81.3593293056955,0.001802800438828793,True,False
Single,4,68,0.4513850172482471,51.58867710183831,0.0018051068000899217,True,False
Single,4,69,0.4513868559580906,15.505289218288745,0.0018074572096365385,True,False
Single,4,70,0.4513887922313984,24.916715781395137,0.0018097586495786965,True,False
Single,4,71,0.4723700258522583,50.34745376354759,0.001812103985288669,True,False
Single,4,72,0.49335121754907085,43.81950437473549,0.0017912034320481476,True,False
Single,4,73,0.49335377396262026,135.75801779040654,0.0017702181731998159,True,False
Single,4,74,0.4933571189491416,227.1625176665593,0.0017492833101636594,True,False
Single,4,75,0.4941957186160922,321.8621752124846,0.0017282732466216526,True,False
Single,4,76,0.49503459586910364,372.9088772745542,0.001728758274644906,True,False
Single,4,77,0.495037262129126,424.8516430083627,0.0017297804263446289,True,False
Single,4,78,0.4950399793716179,475.74238466832105,0.0017302621077664023,True,False
Single,4,79,0.5027791142792755,527.8417474147283,0.0017312886408227916,True,False
Single,4,80,0.5105172298431766,497.68767649113266,0.0017351937631056352,True,False
Single,4,81,0.5105195831645077,466.8815366545681,0.0017391585682806807,True,False
Single,4,82,0.5105217974146068,436.7764181333283,0.0017430644623271417,True,False
Single,4,83,0.5387700946239675,405.92133143680934,0.001747030043555791,True,False
Single,4,84,0.5670188577040699,468.1786493878651,0.0017454535682045083,True,False
Single,4,85,0.5670210891866534,532.1068213216486,0.00174442260287025,True,False
Single,4,86,0.5670235537820146,594.2531773148353,0.0017428412423701007,True,False
Single,4,87,0.5849420032595535,658.2923112068484,0.0017418151621912924,True,False
Single,4,88,0.6028605812344227,626.6182482567314,0.0017434670834788973,True,False
Single,4,89,0.6028633510624952,594.4768248681834,0.001745166149807685,True,False
Single,4,90,0.6028655710837116,562.8307452990207,0.0017468043849202081,True,False
Single,4,91,0.6061782092723953,530.6623248970608,0.0017484897723755236,True,False
Single,4,92,0.6094909515308119,496.8946875689456,0.0017506239852760925,True,False
Single,4,93,0.6094935563736946,462.5988574703219,0.0017527907957300291,True,False
Single,4,94,0.6094957248674432,428.87304180890567,0.0017549249474729026,True,False
Single,4,95,0.6221754944314354,394.5351240442609,0.0017570917543272904,True,False
Single,4,96,0.634855304741303,368.1336284289002,0.001758776585611358,True,False
Single,4,97,0.6348557407865802,341.8190259551945,0.001760462498906639,True,False
Single,4,98,0.6348565160925177,314.4103211703301,0.0017621928110074262,True,False
Single,4,99,0.6465794772514815,286.8985961948251,0.001763924132772203,True,False
Single,4,100,0.6583022243305396,291.12215170340244,0.0017681948997545652,True,False
Single,4,101,0.6583053098220761,294.36974809111916,0.0017727031544415108,True,False
Single,4,102,0.6583085559414512,298.56903695009237,0.0017769696296192805,True,False
Single,4,103,0.6593292500159714,301.83940204652237,0.0017814747432025532,True,False
Single,4,104,0.6603498650534457,272.0781332069162,0.0017836153588721944,True,False
Single,4,105,0.6603527027116547,241.08612948927333,0.0017858078877320037,True,False
Single,4,106,0.6603555703753352,211.50863758485445,0.0017879477558179323,True,False
Single,4,107,0.67440195536064,180.33285138981353,0.0017901394844412472,True,False
Single,4,108,0.6884480488674063,239.87806296810408,0.0017820084234697767,True,False
Single,4,109,0.6884536488171056,299.3549617345522,0.0017738762665818718,True,False
Single,4,110,0.6884654463110043,366.7427525369188,0.001765560792019529,True,False
Single,4,111,0.7315705756274442,434.1791537950055,0.0017572467999515673,True,False
Single,4,112,0.7746701928154861,402.4783826631008,0.0017581497892607111,True,False
Single,4,113,0.7746716460732839,370.04346469275146,0.0017590973237974724,True,False
Single,4,114,0.7746728862697364,338.4133544736933,0.0017600140121564812,True,False
Single,4,115,0.7800342726560958,305.9067892226458,0.0017609752126983014,True,False
Single,4,116,0.7853958799859134,266.05232257503167,0.0017612790743719133,True,False
Single,4,117,0.7853974008331784,225.64500175635376,0.0017616327899079604,True,False
Single,4,118,0.7853990038488927,185.9169375861167,0.0017619366404832632,True,False
Single,4,119,0.7939933861449764,145.38321429051965,0.0017622903671132388,True,False
Single,4,120,0.8025887577956052,134.46744410325866,0.0017535719546767695,True,False
Single,4,121,0.8025909711176407,119.95178347476957,0.0017452471315017803,True,False
Single,4,122,0.8025924737392199,109.49927035903285,0.0017363984683380533,True,False
Single,4,123,0.8065532000688957,94.51281315086709,0.0017279439820362952,True,False
Single,4,124,0.8105137724657095,124.8541644635539,0.0017278078523536259,True,False
Single,4,125,0.8105160360723133,152.11949531584753,0.0017279955690786095,True,False
Single,4,126,0.810517919376997,181.73032774693777,0.0017277849390967474,True,False
Single,4,127,0.8430381210904363,209.7348098905945,0.0017279041043259322,True,False
Single,4,128,0.8755580970464514,187.17381265719771,0.0017306349457320365,True,False
Single,4,129,0.8755611273663664,162.47103239804704,0.0017335158067153375,True,False
Single,4,130,0.8755640893317332,140.30841439703107,0.001736246804130922,True,False
Single,4,131,0.8795653747671146,115.20725490602311,0.0017391275091076415,True,False
Single,4,132,0.8835664411823445,83.41744299969088,0.0017381916769339148,True,False
Single,4,133,0.8835693794842747,48.50353120388319,0.001737280887615665,True,False
Single,4,134,0.8835731465311754,22.081929958524846,0.0017363451385851636,True,False
Single,4,135,0.8910816516661547,18.199926525596926,0.0017354343308552053,True,False
Single,4,136,0.8985904216747033,38.705396286378345,0.0017438750079230893,True,False
Single,4,137,0.8985929837856044,45.67098459233456,0.0017522927186557037,True,False
Single,4,138,0.8985952097712747,63.3694626391882,0.001760538351633504,True,False
Single,4,139,0.905915428160688,73.13519962276457,0.001768760943095863,True,False
Single,4,140,0.9132361939914954,105.73036963602866,0.001767899694231393,True,False
Single,4,141,0.9132399692570234,135.38908095785797,0.001767075544181166,True,False
Single,4,142,0.9132428721561783,167.44417086671973,0.0017662193958329659,True,False
Single,4,143,0.9229848346280847,197.64425944198933,0.0017654001404336615,True,False
Single,4,144,0.9327267825253354,236.64192860385796,0.0017660798358638751,True,False
Single,4,145,0.9327293865603146,274.87425876388346,0.0017668058358893109,True,False
Single,4,146,0.9327324322750943,313.7871467912788,0.0017674855952273154,True,False
Single,4,147,0.93558109029982,352.1042585743943,0.0017682114834631502,True,False
Single,4,148,0.9384293200863242,262.83224199904515,0.0017514794168223228,True,False
Single,4,149,0.9384300664844263,174.08399426377835,0.0017347526546997102,True,False
Single,4,150,0.9384305561490374,79.89488976003592,0.0017178739486555777,True,False
Single,4,151,0.9402166746229934,16.13424821214949,0.0017010198759591956,True,False
Single,4,152,0.9420032328669574,22.564234664072636,0.001702320816818279,True,False
Single,4,153,0.9420050015680406,35.461713245229106,0.0017037490976544143,True,False
Single,4,154,0.9420066001725633,64.62146268770812,0.0017050164883938527,True,False
Single,4,155,0.9421733206294729,87.05141967202947,0.0017064110931662019,True,False
Single,4,156,0.9423396356975395,118.10479016125296,0.001710797420197794,True,False
Single,4,157,0.9423406213709048,146.12722097821532,0.0017152130917336514,True,False
Single,4,158,0.9423416354972184,176.68489542646583,0.0017196196195573452,True,False
Single,4,159,0.9560809434420645,205.2033511452865,0.0017240553366977864,True,False
Single,4,160,0.9698217321858082,196.02441512562947,0.0017320932384485832,True,False
Single,4,161,0.9698248815096859,183.02478261219073,0.0017403204750028336,True,False
Single,4,162,0.9698276070969698,174.02602195828624,0.0017483568940358087,True,False
Single,4,163,0.9799375385576494,160.84621407852245,0.0017565856132963284,True,False
Single,4,164,0.9900472467686218,196.93843404650562,0.0017547061643461597,True,False
Single,4,165,0.9900510130196244,232.10287788698042,0.001752819980542174,True,False
Single,4,166,0.9900560187136226,268.07644623830276,0.00175094057325826,True,False
Single,4,167,1.0000162634891991,303.3595416957449,0.0017490543477777917,True,False
Single,4,168,1.0099744653115668,219.94856797976425,0.0017475098210384902,True,False
Single,4,169,1.0099764430957272,131.21751488729313,0.0017464044949096176,True,False
Single,4,170,1.0099783786805783,50.53577977774383,0.0017448762306787157,True,False
Single,4,171,1.0245535726894377,40.92422556635329,0.0017438010523547313,True,False
Single,4,172,1.0391292298724564,13.075874482086626,0.0017459984177598438,True,False
Single,4,173,1.039133309518225,35.35806272476097,0.0017482455755436933,True,False
Single,4,174,1.0391368159040963,74.64021145472906,0.001750442994623007,True,False
Single,4,175,1.055599588513196,111.64035050544484,0.0017526901466179828,True,False
Single,4,176,1.0720632545639468,146.89852654768916,0.001754847572495924,True,False
Single,4,177,1.0720655914919095,180.81106879958782,0.0017569973939751925,True,False
Single,4,178,1.0720674536083417,215.85733720177075,0.0017591584900693677,True,False
Single,4,179,1.0742099284491196,249.98301730040026,0.0017613119047910535,True,False
Single,4,180,1.0763520931590471,222.5986984127872,0.0017607188709796108,True,False
Single,4,181,1.0763538933097956,191.06472907309188,0.0017604116645924027,True,False
Single,4,182,1.0763559840290746,164.14840526183914,0.0017598863665672804,True,False
Single,4,183,1.081049206237757,132.1550732551234,0.0017596544762437417,True,False
Single,4,184,1.085743115521363,111.31688133754615,0.0017660396871031724,True,False
Single,4,185,1.0857451023023756,84.1351848824254,0.0017727435209056366,True,False
Single,4,186,1.085747020801727,65.21218618130804,0.0017790600586377265,True,False
Single,4,187,1.1108352697323682,36.11829352205451,0.0017856991602522888,True,False
Single,4,188,1.135923082325966,71.00065186092802,0.0017849582885418722,True,False
Single,4,189,1.1359269989827399,102.22354957177738,0.0017842378590912425,True,False
Single,4,190,1.1359303708655228,136.22055403466777,0.0017834798029855352,True,False
Single,4,191,1.1368987640701271,168.32817371046613,0.0017827420614278562,True,False
Single,4,192,1.1378678097952584,195.80629676349704,0.0017837807126132362,True,False
Single,4,193,1.1378689504861232,221.0183500754529,0.0017849468638440078,True,False
Single,4,194,1.137869553487782,248.27545692616184,0.0017860191227428315,True,False
Single,4,195,1.1479319636938703,273.7147814392941,0.0017872188924477235,True,False
Single,4,196,1.1579946964154968,257.35342606857125,0.0017922666131869403,True,False
Single,4,197,1.1579953943616283,237.78409225222973,0.0017975136608588934,True,False
Single,4,198,1.1579962142568974,221.58277141996973,0.0018027678890712804,True,False
Single,4,199,1.1595178607782648,201.82983768695775,0.0018082260851386318,True,False
Single,4,200,1.1610396506775351,141.55999248445713,0.0018090090997297623,True,False
Single,4,201,1.1610418170249817,75.13106089399784,0.001810209829765006,True,False
Single,4,202,1.1610439096715914,25.629685208657243,0.0018109627328728888,True,False
Single,4,203,1.1752660050761987,51.568781866731655,0.001812142682270354,True,False
Single,4,204,1.189488147814981,22.077655711263848,0.0018143963055935622,True,False
Single,4,205,1.1894899045280076,19.007213861310305,0.0018166984423473949,True,False
Single,4,206,1.1894910839541415,56.302959264873444,0.001818952044631102,True,False
Single,4,207,1.22134193266533,89.58321251909071,0.001821254196433062,True,False
Single,4,208,1.253193565461645,123.48833711930035,0.0018213352627857108,True,False
Single,4,209,1.2531968974256498,155.05942768381527,0.0018214529649440644,True,False
Single,4,210,1.2531997858788992,188.5613501559026,0.0018215340315250825,True,False
Single,4,211,1.28555549410068,220.5356470872776,0.001821651636753522,True,False
Single,4,212,1.3179107991101942,113.87448004694282,0.0018304782231563478,True,False
Single,4,213,1.3179122350402541,0.09431192488010856,0.001839974763041466,True,True
Single,4,214,1.3179143255634553,107.15820831197114,0.0018486274519770676,True,False
Single,4,215,1.33585795479021,220.71328539115353,0.0018579703042883033,True,False
Single,4,216,1.3538009290282536,186.20385671381857,0.0018576072038245467,True,False
Single,4,217,1.3538033181625804,150.52748424758016,0.0018572540328222274,True,False
Single,4,218,1.3538057971408666,116.37218580358201,0.001856899508701087,True,False
Single,4,219,1.3566743695742285,80.34464875041522,0.0018565548552849538,True,False
Single,4,220,1.359543666578663,106.41688767607715,0.0018631833733177882,True,False
Single,4,221,1.3595447793440472,131.4558331509439,0.0018698431342069506,True,False
Single,4,222,1.3595450228584214,153.39709693850907,0.0018768421860930395,True,False
Single,4,223,1.3855148259078693,176.02434578308672,0.0018838766323995768,True,False
Single,4,224,1.4114850229771052,228.26061150300305,0.0018863783807987768,True,False
Single,4,225,1.4114855379046425,280.45837846018276,0.0018893381900540096,True,False
Single,4,226,1.4114864488521364,332.32039935966975,0.0018918356842550223,True,False
Single,4,227,1.421889816664134,384.8917745291814,0.001894798712946441,True,False
Single,4,228,1.4322924683017777,470.13081138716194,0.0018854018388138266,True,False
Single,4,229,1.432295359427454,558.35085924638,0.0018766705003104534,True,False
Single,4,230,1.4322986628737664,643.4853406016986,0.0018672443252635005,True,False
Single,4,231,1.4413652255858356,731.8102303294987,0.0018584958773862105,True,False
Single,4,232,1.4504316431893516,718.3710631961059,0.0018541060517286523,True,False
Single,4,233,1.4504323428686408,704.9486310786641,0.0018497807491485233,True,False
Single,4,234,1.4504334289617833,691.1515996922947,0.0018458932422563744,True,False
Single,4,235,1.4521316441650804,677.3409978223469,0.0018420711648747916,True,False
Single,4,236,1.4538301614867448,642.6515481575947,0.0018447695170048177,True,False
Single,4,237,1.4538342887869513,607.660423360048,0.0018474617224567668,True,False
Single,4,238,1.453837553825836,572.990872940756,0.00185015644741653,True,False
Single,4,239,1.4653958953373527,537.9810791043924,0.0018528450165748722,True,False
Single,4,240,1.476954614342489,503.3375266745644,0.0018542648028069908,True,False
Single,4,241,1.4769578764965443,468.262394111977,0.0018556986254816517,True,False
Single,4,242,1.4769607180324744,433.65203006197686,0.001857109866605092,True,False
Single,4,243,1.4816600775919495,398.54074347416184,0.0018585351404586808,True,False
Single,4,244,1.486360726327908,386.73311961276323,0.0018718923531685764,True,False
Single,4,245,1.4863624381072793,374.0540118436298,0.0018856727910143687,True,False
Single,4,246,1.4863637531030647,362.3242128219595,0.0018990308352488583,True,False
Single,4,247,1.4940647320175646,349.6216940474434,0.00191281325759372,True,False
Single,4,248,1.5017651299828314,412.48501436374823,0.001913157427980703,True,False
Single,4,249,1.501765857455723,475.1921815840427,0.0019135094015030017,True,False
Single,4,250,1.5017663501741558,539.603188167233,0.0019143338184174517,True,False
Single,4,251,1.51413169207091,604.1372039274177,0.0019151758815771115,True,False
Single,4,252,1.5264970958440605,570.2588471716691,0.0019162697356212895,True,False
Single,4,253,1.52649954832713,535.898012811363,0.0019173841154433474,True,False
Single,4,254,1.5265021241219285,502.05253368123493,0.001918477993073794,True,False
Single,4,255,1.5538740522902077,467.6588216952831,0.0019195923493042395,True,False
Single,8,0,0.010127018635032292,110.7240217094555,0.0021042822627698804,True,False
Single,8,1,0.010129843071566946,48.06540676795202,0.002112993007893492,True,False
Single,8,2,0.010132680669892008,17.52196833056816,0.002121923190840275,True,False
Single,8,3,0.010762699002471815,82.03371749033272,0.002130879333132607,True,False
Single,8,4,0.011390902718808937,61.8480289224406,0.002132042940127979,True,False
Single,8,5,0.011392659431835428,40.38665324304762,0.0021332196099379972,True,False
Single,8,6,0.011393838857969019,21.474688128660166,0.0021343832065859256,True,False
Single,8,7,0.029956259928483775,1.2604122369708852,0.002135559884984456,True,True
Single,8,8,0.04851952441969043,20.363742198405706,0.002136880809570219,True,False
Single,8,9,0.048522295150324996,31.417497016118062,0.0021382272500944555,True,False
Single,8,10,0.048524907716979565,48.07212628009577,0.0021395478454586227,True,False
Single,8,11,0.05104967697257823,61.574070504174635,0.0021408939660332374,True,False
Single,8,12,0.05357382917748732,70.93364299503526,0.0021367055812256124,True,False
Single,8,13,0.05357732313824726,77.54038290109557,0.0021326322831895805,True,False
Single,8,14,0.05358061641604228,86.65898469092214,0.0021284044512714637,True,False
Single,8,15,0.05613322663703635,93.5089465955093,0.0021242917630431082,True,False
Single,8,16,0.05868593554952295,113.02774709447645,0.0021256435977238027,True,False
Single,8,17,0.05868777425936644,131.59185278520522,0.0021270086778294927,True,False
Single,8,18,0.058689710532674244,150.99100984704,0.002128359066817283,True,False
Single,8,19,0.06689265529551736,169.67437904933854,0.0021297226651053255,True,False
Single,8,20,0.07509632036547276,189.2978573425542,0.002129736958755931,True,False
Single,8,21,0.07509965232947718,208.3963460385866,0.0021297619880354147,True,False
Single,8,22,0.07510254078272677,227.97542484607277,0.0021297762559317444,True,False
Single,8,23,0.08787749767673914,247.11831426914006,0.0021298012826433815,True,False
Single,8,24,0.10065213585034682,193.02325454164946,0.0021183676156452075,True,False
Single,8,25,0.10065469226389626,137.09340187959617,0.0021069012567195,True,False
Single,8,26,0.10065803725041747,83.32934306519576,0.002095460043935574,True,False
Single,8,27,0.10149663691736804,27.068874398909987,0.0020839839165649673,True,False
Single,8,28,0.1023355141703795,13.940295347339008,0.002084522944633915,True,False
Single,8,29,0.10233818043040188,33.82119106346968,0.0020852052482148147,True,False
Single,8,30,0.10234089767289378,65.35565501017503,0.002085743791350214,True,False
Single,8,31,0.11008003258055132,94.71144294733027,0.002086426882934936,True,False
Single,8,32,0.11781814814445257,77.67132096043025,0.002088030762573856,True,False
Single,8,33,0.11782050146578371,59.113810832963175,0.002089650140743305,True,False
Single,8,34,0.11782271571588271,42.716987927410145,0.0020912542414038273,True,False
Single,8,35,0.12881815647414002,23.516180350338686,0.0020928738518936063,True,False
Single,8,36,0.13981355401402173,87.36116877085044,0.002097556404533648,True,False
Single,8,37,0.1398149899440817,153.04557452020785,0.0021024452353857787,True,False
Single,8,38,0.13981708046728297,216.83390144721315,0.0021070791160674967,True,False
Single,8,39,0.1570685009883263,282.57175313383004,0.0021119206714465405,True,False
Single,8,40,0.17431977600534587,319.41429324990656,0.0021113418227222355,True,False
Single,8,41,0.17432200748792936,356.52389973448385,0.0021109157441499293,True,False
Single,8,42,0.1743244720832905,393.31680578744886,0.002110336129095188,True,False
Single,8,43,0.17501444930641835,430.4760463354109,0.0021099108168576783,True,False
Single,8,44,0.17570368393208108,410.16635357930073,0.002110119687748562,True,False
Single,8,45,0.17570607306640795,389.6762905213378,0.002110332232294398,True,False
Single,8,46,0.17570855204469427,369.3769521874206,0.0021105436143209625,True,False
Single,8,47,0.17857712447805596,348.8774033247339,0.0021107586544264756,True,False
Single,8,48,0.18144642148249068,363.10005964730493,0.0021144558047413724,True,False
Single,8,49,0.18144753424787485,377.3027962813172,0.0021181623765278434,True,False
Single,8,50,0.18144777776224896,391.34156476543467,0.002121976531948402,True,False
Single,8,51,0.1958041756835871,405.3996208821791,0.002125800709090596,True,False
Single,8,52,0.2101614995356984,386.68230883148595,0.002126516847200935,True,False
Single,8,53,0.21016426936377103,367.6997189608885,0.0021272461580830355,True,False
Single,8,54,0.21016648938498755,348.99720884031706,0.002127958288843139,True,False
Single,8,55,0.21347912757367116,330.0001059398909,0.0021286835920410196,True,False
Single,8,56,0.21679186983208773,310.08386370861314,0.0021296918401725517,True,False
Single,8,57,0.21679447467497034,289.87579631452735,0.0021307089357463565,True,False
Single,8,58,0.21679664316871894,269.98124901164726,0.0021317171696494924,True,False
Single,8,59,0.22509203543718975,249.75140877978154,0.0021327342604797878,True,False
Single,8,60,0.23338777788093273,280.23255797806024,0.002134258187879472,True,False
Single,8,61,0.23338829280846995,310.74018949058774,0.0021359195057948943,True,False
Single,8,62,0.23338920375596384,341.1622069647899,0.002137442782859162,True,False
Single,8,63,0.2377730661239481,371.72878374359215,0.002139104448032718,True,False
Single,8,64,0.242156223042579,356.11913074555196,0.0021400882163929553,True,False
Single,8,65,0.24215665908785622,340.5278581526174,0.0021410722960753872,True,False
Single,8,66,0.24215743439379359,324.5513220476021,0.0021420695068610665,True,False
Single,8,67,0.2481765037925299,308.55468736688766,0.0021430670191691786,True,False
Single,8,68,0.25419522320560534,358.725698807546,0.0021380215187444744,True,False
Single,8,69,0.2541981143312814,409.6508012466983,0.00213316740946914,True,False
Single,8,70,0.25420141777759386,459.78378658783356,0.0021281141785347998,True,False
Single,8,71,0.25990241841214523,510.7469990010891,0.0021232542065131796,True,False
Single,8,72,0.26560314263181545,513.1255590768105,0.0021258599929107162,True,False
Single,8,73,0.26560622812335194,515.4091133457307,0.0021285404621676747,True,False
Single,8,74,0.2656094742427271,517.7857528864582,0.0021311450923318927,True,False
Single,8,75,0.2666301683172473,520.0707889535812,0.0021338245407765202,True,False
Single,8,76,0.2676507833547217,502.52731680966923,0.0021354090395885876,True,False
Single,8,77,0.26765362101293066,484.75873649738816,0.0021370096320590644,True,False
Single,8,78,0.26765648867661107,467.22435415396865,0.0021385939026921214,True,False
Single,8,79,0.2699954335298633,449.44668241798627,0.002140194269998251,True,False
Single,8,80,0.27233439809317916,441.3335017686228,0.0021374774465024162,True,False
Single,8,81,0.2723350977724684,433.2288190204183,0.0021347796034211844,True,False
Single,8,82,0.2723361838656108,424.8140567236655,0.0021322072000598776,True,False
Single,8,83,0.2740343990689079,416.39148654817774,0.002129653879640578,True,False
Single,8,84,0.2757329163905724,396.1076133397687,0.0021308224272700194,True,False
Single,8,85,0.2757370436907789,375.65286260221563,0.002131988774368177,True,False
Single,8,86,0.2757403087296634,355.379209459468,0.0021331562660400105,True,False
Single,8,87,0.28574470667892304,334.914598975512,0.002134321541676233,True,False
Single,8,88,0.29574896716868215,371.12839555997994,0.002129451552993665,True,False
Single,8,89,0.29575456711838155,407.3355407475113,0.002124581433194661,True,False
Single,8,90,0.29576636461228023,445.8684445893535,0.002119659142606674,True,False
Single,8,91,0.2973147082248381,484.4070594282981,0.0021147371185991568,True,False
Single,8,92,0.29885736924631645,464.12482346760584,0.0021155109908086063,True,False
Single,8,93,0.2988606314003719,443.682882692865,0.0021162889049490875,True,False
Single,8,94,0.2988634729363021,423.40785319178804,0.0021170602800361688,True,False
Single,8,95,0.303562832495777,402.9578373398743,0.0021178356846029006,True,False
Single,8,96,0.3082634812317355,395.9947673390398,0.00212551602673755,True,False
Single,8,97,0.3082651930111069,388.7182088200499,0.0021333200790088097,True,False
Single,8,98,0.30826650800689226,381.7724558475712,0.002141000635353241,True,False
Single,8,99,0.3159674869213923,374.4945177433293,0.002148805298213069,True,False
Single,8,100,0.3236678848866591,411.33423211509785,0.0021486122176586036,True,False
Single,8,101,0.3236686123595507,448.14057386959723,0.0021484221031885797,True,False
Single,8,102,0.3236691050779834,485.3707662879845,0.0021483768509406916,True,False
Single,8,103,0.3360344469747376,522.6295437199808,0.0021483360874951646,True,False
Single,8,104,0.348399850747888,502.92760557390085,0.00214851696488008,True,False
Single,8,105,0.3484023032309575,483.03826983112947,0.0021487025578601658,True,False
Single,8,106,0.34840487902575623,463.3443028758622,0.002148883449710781,True,False
Single,8,107,0.3651878304695213,443.4469959422456,0.0021490690282221572,True,False
Single,8,108,0.3819711111167621,424.5512850725657,0.0021500658663298738,True,False
Single,8,109,0.38197256437455973,405.41514931747366,0.0021510765316793117,True,False
Single,8,110,0.38197380457101227,386.53143816018854,0.002152077365775745,True,False
Single,8,111,0.3873351909573717,367.38301379224737,0.0021530920501739576,True,False
Single,8,112,0.3926967982871893,343.8247010312328,0.002153944472910256,True,False
Single,8,113,0.3926983191344543,320.11940595452785,0.002154812176125041,True,False
Single,8,114,0.3926999221501686,296.57360264758427,0.002155664588809478,True,False
Single,8,115,0.39792453838326053,272.8557981169085,0.002156532302071336,True,False
Single,8,116,0.4031492967489038,252.00521413392713,0.002158220473024693,True,False
Single,8,117,0.403152268286716,230.92326415980165,0.0021599157481759007,True,False
Single,8,118,0.40315493868100905,210.0967150389223,0.00216161423474038,True,False
Single,8,119,0.40652173320618856,188.99016273396688,0.002163319805929702,True,False
Single,8,120,0.4098896760968811,181.8254067249773,0.0021585710358118628,True,False
Single,8,121,0.40989188941891663,173.75408272569427,0.0021539393167505517,True,False
Single,8,122,0.4098933920404959,166.63534076410787,0.002149152402788002,True,False
Single,8,123,0.4138541183701716,158.51579444679865,0.0021444827005719716,True,False
Single,8,124,0.4178146907669853,175.96577928165817,0.0021445514708300314,True,False
Single,8,125,0.417816954373589,192.741827976995,0.002144716869412039,True,False
Single,8,126,0.4178188376782729,210.10083471945836,0.0021447641956022106,True,False
Single,8,127,0.44071221798305227,226.97038988147548,0.0021449091393639305,True,False
Single,8,128,0.4636056315843431,212.21243280949454,0.00214461584350593,True,False
Single,8,129,0.46360848637488106,196.82373214351045,0.0021443323770485834,True,False
Single,8,130,0.4636108683179698,182.12009404781887,0.0021440384606588024,True,False
Single,8,131,0.46480145771376935,166.67690116628754,0.0021437543330360756,True,False
Single,8,132,0.46599239493790556,150.6939585919844,0.0021452796592471976,True,False
Single,8,133,0.4659954723423888,133.8980963310056,0.00214681200301503,True,False
Single,8,134,0.46599856551579044,118.03057115385619,0.002148331431899381,True,False
Single,8,135,0.4744288653336296,101.11938781715509,0.0021498578850964803,True,False
Single,8,136,0.4828590153477273,87.92580510056483,0.0021516215149517282,True,False
Single,8,137,0.4828620456676425,73.04902623078951,0.0021534294652893085,True,False
Single,8,138,0.4828650076330093,60.26375375183995,0.0021551931306018402,True,False
Single,8,139,0.4868662930683904,44.97866464661063,0.0021570010454840458,True,False
Single,8,140,0.4908673594836204,26.99392817957351,0.0021565944423753516,True,False
Single,8,141,0.49087029778555036,5.579380830475323,0.0021561951103943903,True,False
Single,8,142,0.490874064832451,16.999672924155934,0.0021557885180554233,True,False
Single,8,143,0.491501986241621,33.819825233015,0.0021553891942621348,True,False
Single,8,144,0.49212983560753054,51.02753114246203,0.002157342429856026,True,False
Single,8,145,0.4921319762854852,65.30347580799534,0.0021593225859596935,True,False
Single,8,146,0.49213355829261624,81.95896038038299,0.0021612761518161067,True,False
Single,8,147,0.49901200134047113,96.78763800572662,0.002163256626828397,True,False
Single,8,148,0.5058913399759789,105.75215181905449,0.0021681819441834904,True,False
Single,8,149,0.50589390208688,113.0713753915787,0.0021731009922655565,True,False
Single,8,150,0.5058961280725506,121.93130920373231,0.002177969152794447,True,False
Single,8,151,0.5132163464619639,129.3531084964153,0.0021828310814987206,True,False
Single,8,152,0.5205371122927712,148.07403046460084,0.0021824843993090786,True,False
Single,8,153,0.5205408875582993,166.06475345149116,0.0021821485699587313,True,False
Single,8,154,0.5205437904574544,184.7139815486878,0.002181803357499679,True,False
Single,8,155,0.5302857529293608,202.77677833243402,0.002181468985937393,True,False
Single,8,156,0.5400277008266112,225.68518941422997,0.002182063601592394,True,False
Single,8,157,0.5400303048615904,248.31836987178795,0.00218267191066022,True,False
Single,8,158,0.5400333505763704,271.20559969872335,0.002183266535195173,True,False
Single,8,159,0.5420318912869142,293.8599615541582,0.002183874821359004,True,False
Single,8,160,0.5440305077091798,301.457631063142,0.002188210729791835,True,False
Single,8,161,0.5440321085793913,309.0443047752815,0.0021925459861049587,True,False
Single,8,162,0.5440328594861477,315.837568495046,0.0021969869533405317,True,False
Single,8,163,0.544881375930118,322.64815797816556,0.002201428158496603,True,False
Single,8,164,0.5457302383876,269.0027889490524,0.0021910385061455324,True,False
Single,8,165,0.5457309847857021,215.44389224197906,0.0021806518709465705,True,False
Single,8,166,0.5457314744503132,160.14872727511099,0.0021702269804483795,True,False
Single,8,167,0.5475175929242695,104.70403932225321,0.0021598079047688047,True,False
Single,8,168,0.5493041511682335,120.52771330760902,0.002160294071211137,True,False
Single,8,169,0.5493059198693164,135.10303450746179,0.0021608173354272365,True,False
Single,8,170,0.5493075184738392,150.80442035549945,0.002161293637684671,True,False
Single,8,171,0.5494742389307488,165.50019764622175,0.0021618070759943583,True,False
Single,8,172,0.5496405539988154,183.17701310522094,0.002164176189392984,True,False
Single,8,173,0.5496415396721807,200.166751862689,0.0021665536796592138,True,False
Single,8,174,0.5496425537984942,217.79029134091203,0.0021689287106097252,True,False
Single,8,175,0.5606845877586581,234.8334024003112,0.0021713120712202293,True,False
Single,8,176,0.5717267852252873,254.82831260547445,0.0021720050266896573,True,False
Single,8,177,0.5717276433002625,274.7956295055676,0.0021726979819098706,True,False
Single,8,178,0.5717284051123765,294.4095698160641,0.0021734023019504296,True,False
Single,8,179,0.5736835882703303,314.0471879207507,0.002174106635870178,True,False
Single,8,180,0.5756394353821529,334.4455315970839,0.0021730483449225323,True,False
Single,8,181,0.5756434471422631,354.6118480541807,0.002172001072015372,True,False
Single,8,182,0.5756467530078765,374.99750180093605,0.002170942787325303,True,False
Single,8,183,0.5763839739995199,395.17650731909356,0.0021698955099117047,True,False
Single,8,184,0.5771226504870843,389.0485513351682,0.0021744317221761037,True,False
Single,8,185,0.5771257998109618,382.1293524310216,0.0021790228839902353,True,False
Single,8,186,0.5771285253982457,376.00992997479204,0.00218355884312366,True,False
Single,8,187,0.5872384568589253,369.0821975425722,0.0021881502580622866,True,False
Single,8,188,0.5973481650698979,390.178707142556,0.002186645251886596,True,False
Single,8,189,0.5973519313209005,411.1080083564436,0.002185137773182988,True,False
Single,8,190,0.5973569370148984,432.1969395257589,0.0021836327829241687,True,False
Single,8,191,0.6005007497708263,453.133819170391,0.0021821252882972125,True,False
Single,8,192,0.6036432738285571,451.67792783159365,0.002185389941245123,True,False
Single,8,193,0.6036448694729513,449.5119048864117,0.0021887077817947143,True,False
Single,8,194,0.6036458577692165,448.0578415503835,0.0021919734661484612,True,False
Single,8,195,0.6104606941444708,445.88955186543024,0.00219529245234739,True,False
Single,8,196,0.6172753836128423,395.99121089310995,0.002193647526230677,True,False
Single,8,197,0.6172773613970031,344.6893861439606,0.002192139020487942,True,False
Single,8,198,0.6172792969818542,294.8429495078584,0.0021904998903299806,True,False
Single,8,199,0.6254696900126359,243.4893042970571,0.002188999181898313,True,False
Single,8,200,0.6336610329570932,264.36349292192585,0.002189039332012776,True,False
Single,8,201,0.6336652681135193,284.99573115119375,0.002189084185740429,True,False
Single,8,202,0.6336685909724755,305.85415833538326,0.002189114045373241,True,False
Single,8,203,0.6400491567941271,326.501590536704,0.0021891485779387335,True,False
Single,8,204,0.6464301481737322,349.1231563952185,0.0021895858931624827,True,False
Single,8,205,0.6464342278195009,371.5598240548422,0.0021900364038122113,True,False
Single,8,206,0.6464377342053719,394.17215355064735,0.002190473741270105,True,False
Single,8,207,0.6474270563537562,416.61805742990373,0.0021909242437119364,True,False
Single,8,208,0.6484166055796466,425.2912513841399,0.0021870185187536813,True,False
Single,8,209,0.64841836403525,433.42190312728144,0.0021832266588500742,True,False
Single,8,210,0.6484207674514552,442.0858619438966,0.0021793602423050354,True,False
Single,8,211,0.6638924594565674,450.2234975284971,0.002175607911291698,True,False
Single,8,212,0.6793641728652229,470.75929906042603,0.002176267639597865,True,False
Single,8,213,0.6793665097931854,491.1456616773888,0.0021769245864462477,True,False
Single,8,214,0.6793683719096174,511.6759467815201,0.002177585393424726,True,False
Single,8,215,0.6815108467503955,532.0681861452074,0.002178243389018439,True,False
Single,8,216,0.6836530114603231,515.1781946226417,0.002177112700328592,True,False
Single,8,217,0.6836548116110713,497.43958503220074,0.0021760650984772078,True,False
Single,8,218,0.6836569023303505,480.5648319929208,0.0021749547703898663,True,False
Single,8,219,0.6867888451755013,462.8135122932765,0.0021739287068570923,True,False
Single,8,220,0.6899208623224844,401.7471548463323,0.0021404313399451735,True,False
Single,8,221,0.689924333364716,338.8646662011237,0.002106823262582555,True,False
Single,8,222,0.6899277155326567,277.82664295602706,0.0020733234859061445,True,False
Single,8,223,0.6914855238539567,214.9158201090864,0.0020397178183043235,True,False
Single,8,224,0.693044033822639,201.3219388168663,0.002043187319504693,True,False
Single,8,225,0.6930460206036516,186.39337220781388,0.002046753107866747,True,False
Single,8,226,0.693047939103003,172.88040926132948,0.002050202725941931,True,False
Single,8,227,0.6973919452976344,157.87180210999477,0.002053749323914611,True,False
Single,8,228,0.7017350951367903,167.07742887262856,0.002060072270937,True,False
Single,8,229,0.7017364676282675,175.21264035612185,0.0020663912140276297,True,False
Single,8,230,0.7017384561995119,184.37361228821493,0.002072771310847,True,False
Single,8,231,0.7185384589332269,192.55548288346753,0.002079147380342969,True,False
Single,8,232,0.7353377081712027,212.74049255770908,0.0020794080827053717,True,False
Single,8,233,0.7353379562585909,232.5107874351139,0.0020796756801507717,True,False
Single,8,234,0.7353383797262022,252.6630617210459,0.002079941449847685,True,False
Single,8,235,0.7392809991496317,272.46627707039846,0.002080214083748297,True,False
Single,8,236,0.7432240006272418,291.9733084655581,0.0020794130307223452,True,False
Single,8,237,0.7432279172840157,311.1755988916914,0.002078617994186401,True,False
Single,8,238,0.743231289166799,330.6647677072315,0.0020778119089579082,True,False
Single,8,239,0.7441996823714032,349.8847356292928,0.002077011800835471,True,False
Single,8,240,0.7451687280965341,365.44180546229023,0.002077235655606822,True,False
Single,8,241,0.7451698687873992,380.55975630941566,0.0020774957659779845,True,False
Single,8,242,0.7451704717890579,396.10238043684575,0.0020777294375378032,True,False
Single,8,243,0.7552328819951462,411.2366090362944,0.002077999421215865,True,False
Single,8,244,0.7652956147167727,400.7927441626814,0.002080577470796709,True,False
Single,8,245,0.7652963126629044,389.54906378594603,0.002083215272156173,True,False
Single,8,246,0.7652971325581733,379.11559179955344,0.0020858542278970457,True,False
Single,8,247,0.766818779079541,367.85461639598066,0.0020885534516674256,True,False
Single,8,248,0.7683405689788113,331.5410615126606,0.0020882537332243146,True,False
Single,8,249,0.7683427353262577,293.9245037755677,0.002088087647366576,True,False
Single,8,250,0.7683448279728673,257.68345441968825,0.0020877797422507267,True,False
Single,8,251,0.775817259127104,219.99407894450087,0.0020876069371128236,True,False
Single,8,252,0.7832895802055975,209.00376562259592,0.0020895989903278846,True,False
Single,8,253,0.7832917383115774,196.76531360755453,0.0020916613912076052,True,False
Single,8,254,0.7832942647152561,185.8362231878018,0.0020935919875419776,True,False
Single,8,255,0.004010764693084146,173.54345040987238,0.002095593516733857,True,False
Single,10,0,0.017194310341771768,14.410974373693865,0.0022017180606994056,True,False
Single,10,1,0.017885547336038088,14.990491057430994,0.0021975657579794017,True,False
Single,10,2,0.018575774186370853,26.54994464109473,0.002194433286553817,True,False
Single,10,3,0.020262128339726126,65.70295174336448,0.002191413843201658,True,False
Single,10,4,0.02194913534359577,50.25145245024339,0.0021923467321617917,True,False
Single,10,5,0.022033577336896176,33.490164997351016,0.002193287522726482,True,False
Single,10,6,0.022118220910672642,78.83885569269954,0.002183337151292102,True,False
Single,10,7,0.022956820577623216,124.2242409786032,0.0021733681086967952,True,False
Single,10,8,0.023795697830634677,148.2641129026291,0.002173739218937667,True,False
Single,10,9,0.024455791352437806,171.95167036504608,0.0021742063774569907,True,False
Single,10,10,0.025115609068261158,185.94837717406713,0.002174577747292187,True,False
Single,10,11,0.025492224194837987,199.55057908520948,0.002175009865744669,True,False
Single,10,12,0.025868038629662693,182.9505058334449,0.0021747483433208563,True,False
Single,10,13,0.03111662898041112,166.04963241839673,0.002174493878642445,True,False
Single,10,14,0.03636565356953836,150.58535124113044,0.0021743719902934644,True,False
Single,10,15,0.0365404125945491,134.74033704837697,0.002174254255813869,True,False
Single,10,16,0.03671527257955104,128.25862385060947,0.0021720177321250794,True,False
Single,10,17,0.03751396410678348,120.89084627807165,0.002169860537997502,True,False
Single,10,18,0.03831212473135448,108.54624663633548,0.002170606460234975,True,False
Single,10,19,0.03879752966899397,95.3054559024563,0.002171378186383523,True,False
Single,10,20,0.03928289937613788,81.1174231302916,0.0021725966170117908,True,False
Single,10,21,0.03969771779385228,65.92992011597019,0.00217382488026287,True,False
Single,10,22,0.04011346737133792,50.16654720365229,0.0021744841143619127,True,False
Single,10,23,0.04699067954051772,33.536821986404675,0.002175141796167267,True,False
Single,10,24,0.053867143391002736,37.06644754102798,0.0021777955760463393,True,False
Single,10,25,0.05615211807255727,37.16990409815043,0.0021804914856846116,True,False
Single,10,26,0.05843726765906926,47.20344652561692,0.0021827733209963764,True,False
Single,10,27,0.059961778474015015,54.75532674646912,0.0021850974474895988,True,False
Single,10,28,0.06148648091516379,85.99111896447583,0.002184446678564291,True,False
Single,10,29,0.06236551421526254,116.38373994684082,0.0021838939776612307,True,False
Single,10,30,0.06324402391706763,99.61318678983814,0.0021839782858471676,True,False
Single,10,31,0.0679433834765425,82.3227043601517,0.002184064514540241,True,False
Single,10,32,0.07264403221250104,77.49261765574032,0.0021896023019907576,True,False
Single,10,33,0.0782675962030499,71.18564417521071,0.0021952152084122774,True,False
Single,10,34,0.08388987659426173,54.173601512239706,0.002195596484145226,True,False
Single,10,35,0.08596900329758428,36.377556506160914,0.0021959810254675374,True,False
Single,10,36,0.08804869257657633,66.75881669043471,0.00219565787130178,True,False
Single,10,37,0.08899146114076517,95.99424566675935,0.002195426230181051,True,False
Single,10,38,0.08993365519771385,79.42859180152143,0.002196086101568114,True,False
Single,10,39,0.09004972166943565,62.19473635471248,0.0021967538080756143,True,False
Single,10,40,0.09016592593428507,51.67593127864798,0.002198429749558537,True,False
Single,10,41,0.09297501995347901,39.15729653100946,0.0022001350550483216,True,False
Single,10,42,0.09578465574354565,70.24201010913255,0.0022000758078383905,True,False
Single,10,43,0.09697978546166296,100.2183071906481,0.002200109231392376,True,False
Single,10,44,0.09817498313372697,84.34451331562798,0.0022002108018146895,True,False
Single,10,45,0.09840852372859044,67.7469433380396,0.0022003174353320267,True,False
Single,10,46,0.09864205307324136,61.92303057704641,0.002197520889534691,True,False
Single,10,47,0.1057115230748018,54.13323324062517,0.0021948014518704075,True,False
Single,10,48,0.1127804017286535,38.99273315772841,0.0021943867513154226,True,False
Single,10,49,0.11298589626720906,22.28284193528606,0.002193974233136509,True,False
Single,10,50,0.11319225827725488,18.820977746336293,0.002198088139819347,True,False
Single,10,51,0.12051881404309739,9.11751166920726,0.002202198868870209,True,False
Single,10,52,0.12784470875873,10.35231735419085,0.002202379860939362,True,False
Single,10,53,0.12973573744540207,20.906660542766566,0.002202568295506478,True,False
Single,10,54,0.13162667304524273,37.17891432441864,0.0022027625411495362,True,False
Single,10,55,0.13493931123392633,51.61249433364159,0.00220296516683237,True,False
Single,10,56,0.1382520534923429,68.2196713679824,0.002203348434540243,True,False
Single,10,57,0.13920058412301226,83.98924937243325,0.002203736980323981,True,False
Single,10,58,0.14014900115444295,33.279544337964985,0.0021750498121546474,True,False
Single,10,59,0.14374137015530353,19.63376288513924,0.002146293128238745,True,False
Single,10,60,0.147334268877646,6.352668496210023,0.0021477919238786993,True,False
Single,10,61,0.14964570117372933,17.79687392576354,0.002149301280981073,True,False
Single,10,62,0.15195638075857654,26.867335980723897,0.002154077430274545,True,False
Single,10,63,0.15249360648721888,31.81773206111461,0.002158850936003859,True,False
Single,10,64,0.15303164635348698,15.56477487450453,0.0021500033356676965,True,False
Single,10,65,0.1533372513872137,59.302755092056806,0.002141138125332474,True,False
Single,10,66,0.1536423571224716,44.70222827447491,0.0021412857753593845,True,False
Single,10,67,0.155123616960803,28.6476195250935,0.002141440743035609,True,False
Single,10,68,0.15660506946950914,18.81004409567171,0.0021423482676558745,True,False
Single,10,69,0.15677454430086712,3.2820843034586296,0.002143281206339282,True,False
Single,10,70,0.1569434720997701,14.227603577833907,0.002145891067296901,True,False
Single,10,71,0.1602799491469733,24.918994326956597,0.0021485077662411153,True,False
Single,10,72,0.16361718200877154,39.3155196426475,0.0021494771682384313,True,False
Single,10,73,0.1655734710734915,51.23729269901828,0.0021504547559591954,True,False
Single,10,74,0.16752984772966933,68.57063049367135,0.002151405763437347,True,False
Single,10,75,0.17597638956259232,85.31741393422237,0.0021523608479200526,True,False
Single,10,76,0.18442356878835997,81.06107819865416,0.002155825288782197,True,False
Single,10,77,0.18499231872403565,75.04589455146218,0.002159329432766639,True,False
Single,10,78,0.1855596653479884,91.91550490143658,0.0021600721778092984,True,False
Single,10,79,0.18631148171891077,108.1261911156727,0.002160820078710759,True,False
Single,10,80,0.18706332629207062,107.3399930424891,0.002162858996113987,True,False
Single,10,81,0.1880899435163363,105.1558262396489,0.0021649385959028097,True,False
Single,10,82,0.18911667233686622,119.66818132326338,0.0021658473394564623,True,False
Single,10,83,0.1968825695905599,133.5120260696117,0.002166765365207874,True,False
Single,10,84,0.2046490833711735,150.84147267938977,0.002165620180929592,True,False
Single,10,85,0.21092957110278454,167.8920598135565,0.0021644733339482468,True,False
Single,10,86,0.217220948322836,138.75372908546038,0.0021607288510373107,True,False
Single,10,87,0.21779448134397272,107.95021177810575,0.0021569425100814686,True,False
Single,10,88,0.2183568968070278,56.067272929493626,0.0021609649987170032,True,False
Single,10,89,0.2214668870808592,2.691415902215514,0.0021651182458662078,True,True
Single,10,90,0.22457630191411837,39.22591632172648,0.002162871995234555,True,False
Single,10,91,0.22628101789614485,79.79792647854183,0.002160725782672696,True,False
Single,10,92,0.2279861825651086,68.26394590492417,0.002160588342556868,True,False
Single,10,93,0.22918270415592934,55.397923728538146,0.0021604570884213997,True,False
Single,10,94,0.23037911649655596,42.85650133275052,0.002161904385646708,True,False
Single,10,95,0.23194495919919123,28.33743431420361,0.0021633564384524392,True,False
Single,10,96,0.23351086582738367,39.23648704610651,0.002165052305216442,True,False
Single,10,97,0.23962768730863993,47.04244258497221,0.0021667974864319497,True,False
Single,10,98,0.24574676038380483,99.02024471130275,0.0021726335843748608,True,False
Single,10,99,0.24974411006585462,152.21228871899294,0.0021786153404833755,True,False
Single,10,100,0.25373865250664795,133.532076727307,0.002179465886526696,True,False
Single,10,101,0.2539910400207827,114.57346183765965,0.002180325138538119,True,False
Single,10,102,0.2542435002718259,98.3539356784171,0.0021802833645518747,True,False
Single,10,103,0.2553787148539399,81.64468064619248,0.002180243995675046,True,False
Single,10,104,0.25651410927338175,69.4759761608836,0.0021821385792701537,True,False
Single,10,105,0.2582498562589563,55.91676582054222,0.0021840506972754404,True,False
Single,10,106,0.2599864813366096,68.42658043680127,0.002187147922322237,True,False
Single,10,107,0.2720628031253922,79.24335723816506,0.002190309633371857,True,False
Single,10,108,0.2841389734389249,67.96654830182729,0.0021913403850482437,True,False
Single,10,109,0.28540207517741867,55.276306075627694,0.0021923880827681903,True,False
Single,10,110,0.2866650911664985,39.060482004096315,0.002193597575149937,True,False
Single,10,111,0.28793302337499793,21.652740978592984,0.0021948060279052438,True,False
Single,10,112,0.28920006543527677,18.657675501624773,0.00219126959128022,True,False
Single,10,113,0.29007694499551795,8.389741932354154,0.002187807650504202,True,False
Single,10,114,0.29095392976159873,25.318519404352095,0.002186544700139506,True,False
Single,10,115,0.2926314991321951,36.993725085141726,0.002185345301530381,True,False
Single,10,116,0.29430915955190873,23.244723300136997,0.0021863549602970643,True,False
Single,10,117,0.2973285993217556,6.355734331190464,0.002187372625151497,True,False
Single,10,118,0.30034885740427864,20.781115472250587,0.002189889714563596,True,False
Single,10,119,0.3018916716761755,28.498401613097283,0.0021924754375656497,True,False
Single,10,120,0.30343398823126744,15.110913267679548,0.0021930146154254646,True,False
Single,10,121,0.3059222885684627,3.2691936913974278,0.0021935623863329487,True,False
Single,10,122,0.30841165243633256,14.278927864112664,0.002197506333006052,True,False
Single,10,123,0.31017072413314944,14.107066165996232,0.0022015212428063784,True,False
Single,10,124,0.31192902009570866,15.122239934320463,0.002203315994859477,True,False
Single,10,125,0.31304455529532094,35.27244640491063,0.002205191901286407,True,False
Single,10,126,0.31416010581042375,17.08953195770213,0.0022055642547178615,True,False
Single,10,127,0.3227544881065074,3.2219560387884347,0.0022059462892951355,True,False
Single,10,128,0.33134985975713627,14.410588670608195,0.00220171807933245,True,False
Single,10,129,0.3320462011991142,14.990491059010306,0.0021975657579812987,True,False
Single,10,130,0.3327412341173387,26.550203904734047,0.002194433154568765,True,False
Single,10,131,0.3344243944606098,65.70295174264733,0.002191413843208269,True,False
Single,10,132,0.33610789159661986,50.25139174342765,0.002192346740427069,True,False
Single,10,133,0.3361900798607789,33.490164997310934,0.002193287522733291,True,False
Single,10,134,0.3362715848695813,78.83892183504749,0.0021833351108431023,True,False
Single,10,135,0.3371154072101037,124.22424097820647,0.0021733681086999416,True,False
Single,10,136,0.33796034669212827,148.26422000338982,0.0021737391219156547,True,False
Single,10,137,0.33862003756051273,171.9516703648507,0.002174206377458587,True,False
Single,10,138,0.33927902133852805,185.9484553481087,0.002174577713020042,True,False
Single,10,139,0.33964936109839095,199.5505790850896,0.002175009865767648,True,False
Single,10,140,0.3400199863629184,182.95043383167953,0.002174748347461263,True,False
Single,10,141,0.34527650513055097,166.0496324182571,0.0021744938786654425,True,False
Single,10,142,0.3505322074680747,150.58536351730325,0.0021743719952918776,True,False
Single,10,143,0.3507034260099944,134.74033704835637,0.0021742542558408923,True,False
Single,10,144,0.3508756766997493,128.25853478626476,0.0021720177529285078,True,False
Single,10,145,0.35167285136243376,120.89084627813246,0.0021698605380304093,True,False
Single,10,146,0.35246964639781,108.54615119588597,0.002170606477702288,True,False
Single,10,147,0.3529538387049834,95.30545590276493,0.0021713781864165413,True,False
Single,10,148,0.35343759716368706,81.11727139461703,0.0021725966237931406,True,False
Single,10,149,0.3538588962029391,65.92992011659815,0.0021738248803004796,True,False
Single,10,150,0.3542801250694082,50.166628247213275,0.0021744841197783517,True,False
Single,10,151,0.36115161429398734,33.53682198773186,0.0021751417962026513,True,False
Single,10,152,0.3680238248093226,37.06638367299467,0.002177795528456151,True,False
Single,10,153,0.370311093081403,37.16990409893715,0.002180491485714062,True,False
Single,10,154,0.37259805085944897,47.20340394750147,0.002182773357669155,True,False
Single,10,155,0.37411969738081663,54.755326747348434,0.0021850974475177247,True,False
Single,10,156,0.37564148728008695,85.99099732713448,0.0021844467450859526,True,False
Single,10,157,0.3765194247735767,116.38373994746233,0.0021838939776834313,True,False
Single,10,158,0.3773971855860613,99.613178310865,0.002183978279426486,True,False
Single,10,159,0.38210151907896295,82.32270436118097,0.002184064514562339,True,False
Single,10,160,0.3868063243466371,77.4927433011154,0.0021896021713469537,True,False
Single,10,161,0.3924239414013885,71.18564417630867,0.0021952152084389323,True,False
Single,10,162,0.3980415839378587,54.17353659149989,0.0021955964759675733,True,False
Single,10,163,0.40012541656134726,36.37755650784659,0.00219598102548839,True,False
Single,10,164,0.4022086647085765,66.75889261953436,0.0021956577615849355,True,False
Single,10,165,0.403149205795999,95.99424566757706,0.002195426230201569,True,False
Single,10,166,0.40408998441753285,79.42847131300653,0.002196086106919558,True,False
Single,10,167,0.40420477728236603,62.19473635558516,0.002196753808101409,True,False
Single,10,168,0.40431919900798247,51.67617853357003,0.0021984297307237324,True,False
Single,10,169,0.407129091864508,39.15729653197395,0.00220013505507203,True,False
Single,10,170,0.40993922502458036,70.24183058041137,0.0022000758801222235,True,False
Single,10,171,0.4111336479233511,100.2183071911953,0.0022001092314132722,True,False
Single,10,172,0.4123275431438756,84.34454288722641,0.0022002108096904624,True,False
Single,10,173,0.41256226358506576,67.74694333864909,0.0022003174353565883,True,False
Single,10,174,0.41279715656041216,61.92304446634984,0.002197520913206818,True,False
Single,10,175,0.41987083750064547,54.13323324169413,0.002194801451893223,True,False
Single,10,176,0.42694469536550106,38.992827305881846,0.0021943867604026952,True,False
Single,10,177,0.4271502995318882,22.282841936778834,0.0021939742331572943,True,False
Single,10,178,0.42735631173280575,18.821432450255692,0.0021980881087296,True,False
Single,10,179,0.4346765301222191,9.11751167161063,0.0022021988688887685,True,False
Single,10,180,0.4419972959530264,10.351639812719982,0.002202379872022393,True,False
Single,10,181,0.4438893300771539,20.906660542718974,0.0022025682955226045,True,False
Single,10,182,0.4457809485549329,37.178900912953914,0.0022027625525787094,True,False
Single,10,183,0.44909896141457173,51.61249433319383,0.0022029651668449887,True,False
Single,10,184,0.4524160921879534,68.21979257917803,0.002203348426604202,True,False
Single,10,185,0.4533585469335085,83.9892493719822,0.002203736980327868,True,False
Single,10,186,0.4543014133032499,33.279829626138216,0.0021750498655879274,True,False
Single,10,187,0.4578946493113629,19.633762886907338,0.0021462931282456204,True,False
Single,10,188,0.4614878844868664,6.351998815775731,0.0021477919156695988,True,False
Single,10,189,0.46380329330940606,17.79687392664792,0.0021493012809879935,True,False
Single,10,190,0.46611900718027743,26.867565834995556,0.002154077461142493,True,False
Single,10,191,0.46665536359132354,31.81773206177252,0.002158850936012493,True,False
Single,10,192,0.46719116844595737,15.564888139446232,0.002150003367425153,True,False
Single,10,193,0.4674929383417988,59.30275509250992,0.0021411381253437405,True,False
Single,10,194,0.4677954020641969,44.70208021840396,0.0021412857946539613,True,False
Single,10,195,0.46928176256761583,28.64761952610637,0.002141440743046489,True,False
Single,10,196,0.4707677021340943,18.81025532704504,0.00214234824262742,True,False
Single,10,197,0.470934422591004,3.282084309978406,0.00214328120635144,True,False
Single,10,198,0.4711007376590706,14.228459690930315,0.0021458910554811076,True,False
Single,10,199,0.47443832006623954,24.918994327258112,0.002148507766254204,True,False
Single,10,200,0.4777761081070907,39.31540461973869,0.0021494771465923415,True,False
Single,10,201,0.47973524902302234,51.23729269860991,0.0021504547559687693,True,False
Single,10,202,0.4816947550207539,68.57073918832498,0.002151405774658665,True,False
Single,10,203,0.49014147463974234,85.31741393389211,0.0021523608479290628,True,False
Single,10,204,0.4985887090585008,81.060861382071,0.002155825261941149,True,False
Single,10,205,0.49915406158291054,75.04589455093114,0.0021593294327701324,True,False
Single,10,206,0.4997182591519682,91.91562455027372,0.002160072171253436,True,False
Single,10,207,0.5004734091018153,108.12619111512751,0.0021608200787181725,True,False
Single,10,208,0.5012289232619616,107.33996240933081,0.002162859040349777,True,False
Single,10,209,0.5022496173364818,105.15582623915681,0.0021649385959115236,True,False
Single,10,210,0.5032702323739562,119.66813848203218,0.0021658473528522737,True,False
Single,10,211,0.5110427335368615,133.51202606922513,0.002166765365213637,True,False
Single,10,212,0.5188171206751536,150.84155508804616,0.002165620190772507,True,False
Single,10,213,0.5250939071408429,167.8920598132228,0.0021644733339490053,True,False
Single,10,214,0.531374016137616,138.7537822495277,0.002160728930758436,True,False
Single,10,215,0.5319460482436119,107.95021177791742,0.002156942510067895,True,False
Single,10,216,0.5325126357127459,56.067378279166725,0.002160964141145319,True,False
Single,10,217,0.5356260397007978,2.6914159061246297,0.0021651182458450567,True,False
Single,10,218,0.5387394806421094,39.22617051414014,0.0021628719392028,True,False
Single,10,219,0.5404450736305133,79.79792647911182,0.0021607257826589937,True,False
Single,10,220,0.5421506846577147,68.26406393220778,0.0021605883427100827,True,False
Single,10,221,0.5433412740535142,55.39792372917861,0.0021604570884095034,True,False
Single,10,222,0.5445322112776504,42.856298704789374,0.0021619043998712464,True,False
Single,10,223,0.5461032894907488,28.337434314893517,0.002163356438440892,True,False
Single,10,224,0.5476748156960216,39.23671959319303,0.00216505225703558,True,False
Single,10,225,0.5537920107782945,47.042442585520185,0.0021667974864240987,True,False
Single,10,226,0.5599111023185678,99.02025517447393,0.002172633669366904,True,False
Single,10,227,0.5639018406478523,152.21228871974378,0.002178615340469492,True,False
Single,10,228,0.5678903318339874,133.532084415981,0.00217946588142266,True,False
Single,10,229,0.5681491881282177,114.57346183845247,0.0021803251385221576,True,False
Single,10,230,0.5684076337434184,98.35392673853087,0.0021802833725343023,True,False
Single,10,231,0.5695383185132509,81.64468064722443,0.002180243995658743,True,False
Single,10,232,0.5706696519472754,69.47598461867143,0.0021821385848365907,True,False
Single,10,233,0.5724084439580237,55.91676582172005,0.002184050697252111,True,False
Single,10,234,0.574146615946599,68.42668309721391,0.0021871478805487355,True,False
Single,10,235,0.5862248041187971,79.24335723884711,0.002190309633356175,True,False
Single,10,236,0.5983036220951934,67.96672627948884,0.0021913403846200025,True,False
Single,10,237,0.5995662900310152,55.27630607630875,0.002192388082746314,True,False
Single,10,238,0.6008285555698726,39.060509709495214,0.0021935975846102424,True,False
Single,10,239,0.6020906568896494,21.65274097970332,0.0021948060278827505,True,False
Single,10,240,0.6033525435557011,18.658301237213834,0.00219126956150999,True,False
Single,10,241,0.6042347172274507,8.389741933583133,0.002187807650481914,True,False
Single,10,242,0.6051170859906057,25.318974487246297,0.0021865446599097457,True,False
Single,10,243,0.6067910165006101,36.993725086237305,0.002185345301514912,True,False
Single,10,244,0.6084646499277367,23.245178705360924,0.0021863549508563743,True,False
Single,10,245,0.6114839416264147,6.3557343314673265,0.002187372625131844,True,False
Single,10,246,0.6145042174828942,20.78087296295643,0.0021898897758950864,True,False
Single,10,247,0.6160475652780057,28.498401613714645,0.0021924754375509626,True,False
Single,10,248,0.6175905601359966,15.110782788716136,0.0021930146276431207,True,False
Single,10,249,0.6200813208548138,3.2691936942760083,0.002193562386320043,True,False
Single,10,250,0.6225720820795053,14.279983283166278,0.002197505929939882,True,False
Single,10,251,0.6243296317249607,14.107066165094297,0.002201521242791251,True,False
Single,10,252,0.6260868595796569,15.121991643572914,0.002203315938220239,True,False
Single,10,253,0.6272013888595414,35.27244640509774,0.002205191901274031,True,False
Single,10,254,0.6283162473064238,17.089130299031734,0.002205564260380162,True,False
Single,10,255,0.008595833053849367,3.2219560355994616,0.0022059462892850797,True,False
Single,16,0,0.008299542521811532,13.884462140565095,0.0022463267459835656,True,False
Single,16,1,0.008303308772814155,24.1827933603031,0.0022458121205326865,True,False
Single,16,2,0.008308314466812128,35.34071840001739,0.0022452980047614917,True,False
Single,16,3,0.011060762279850422,46.01906824225446,0.0022447833740265807,True,False
Single,16,4,0.013811958686336334,56.07938719404289,0.0022448864132478584,True,False
Single,16,5,0.013814728514408958,65.64141559430148,0.0022449926843117847,True,False
Single,16,6,0.013816948535625595,75.63722876585344,0.002245094678066122,True,False
Single,16,7,0.014205543650442576,85.26368786498657,0.002245199911558339,True,False
Single,16,8,0.014594651280470994,84.55971154495282,0.0022469744330926196,True,False
Single,16,9,0.014596246924865164,83.16255348032978,0.0022487647021843023,True,False
Single,16,10,0.014597235221130322,82.46664699259412,0.002250539517248783,True,False
Single,16,11,0.017519682650602886,81.06130507168348,0.0022523300586108214,True,False
Single,16,12,0.02044232898272577,91.65544678852642,0.002252606908959247,True,False
Single,16,13,0.020444933825608275,101.98669484243521,0.0022528858503424467,True,False
Single,16,14,0.02044710231935687,112.55645580921222,0.0022531626943844535,True,False
Single,16,15,0.024336886422256176,122.91210486162034,0.0022534416371410987,True,False
Single,16,16,0.02822676106475619,96.81535565771595,0.0022522185991917985,True,False
Single,16,17,0.028228738848916857,70.09340791897048,0.0022510346198463885,True,False
Single,16,18,0.028230674433768144,44.19984708871491,0.002249813190327767,True,False
Single,16,19,0.03263430481517898,17.274732792028495,0.0022486311353303104,True,False
Single,16,20,0.037038237031570775,7.212340839456137,0.002249618896607499,True,False
Single,16,21,0.037038751959107996,14.22553417345415,0.0022506396539506168,True,False
Single,16,22,0.03703966290660188,30.702163993470887,0.002251627347599043,True,False
Single,16,23,0.040825910628435436,45.72575259801071,0.002252648093802892,True,False
Single,16,24,0.0446124104090071,35.14069094141461,0.0022528767625061346,True,False
Single,16,25,0.04461664556543321,24.086187140777657,0.002253106771124489,True,False
Single,16,26,0.04461996842438931,13.875105978340114,0.0022533327660353626,True,False
Single,16,27,0.0452133479141138,2.446769326631902,0.002253560091656212,True,False
Single,16,28,0.04580668219321682,8.423032331835197,0.002253889876664278,True,False
Single,16,29,0.04580711823849415,16.484677515036676,0.002254219734872033,True,False
Single,16,30,0.045807893544431516,23.093819236675895,0.002254552584845375,True,False
Single,16,31,0.051594643831081394,30.504135698700694,0.002254885506443198,True,False
Single,16,32,0.05738152562564611,42.462482696431884,0.002255343344144478,True,False
Single,16,33,0.05738560527141465,54.04852393565601,0.0022558047628506834,True,False
Single,16,34,0.057389111657285774,65.94153756921757,0.0022562626064316273,True,False
Single,16,35,0.057617351123603555,77.59291213952118,0.0022567240229046173,True,False
Single,16,36,0.057845682356243155,51.83559525741042,0.002254635253496642,True,False
Single,16,37,0.05784857348191935,25.149906775474932,0.0022525912736209622,True,False
Single,16,38,0.05785187692823168,5.83567897694298,0.0022505005684561583,True,False
Single,16,39,0.058610068484622024,27.29312043509346,0.002248454991567367,True,False
Single,16,40,0.059367983031560545,24.063246325846475,0.0022466135877443603,True,False
Single,16,41,0.059369741487163896,18.75691654684233,0.002244802634232152,True,False
Single,16,42,0.05937214490336895,16.096217061652162,0.002242971453566875,True,False
Single,16,43,0.06431319552592651,10.221297764501008,0.0022411707660450683,True,False
Single,16,44,0.06925360178245328,13.508610431610578,0.002242495075518048,True,False
Single,16,45,0.06925668727398988,12.650351440266109,0.0022438360220383984,True,False
Single,16,46,0.069259933393365,15.612812676493993,0.0022451600601211125,True,False
Single,16,47,0.07028062746788521,15.079291094854494,0.0022465007122361644,True,False
Single,16,48,0.07130124250535963,8.177529835332898,0.0022470321982683006,True,False
Single,16,49,0.0713040801635687,3.269000465808653,0.0022475673693453245,True,False
Single,16,50,0.07130694782724908,13.671505701556807,0.002248098791685928,True,False
Single,16,51,0.07364589268050112,21.617292153311954,0.00224863390863516,True,False
Single,16,52,0.07598485724381687,26.92083771193912,0.00224701734905241,True,False
Single,16,53,0.07598555692310621,31.942876380815274,0.0022454057423932916,True,False
Single,16,54,0.07598664301624874,35.399808198238055,0.002243825487710971,True,False
Single,16,55,0.07768485821954574,39.0328233608807,0.0022422501724886773,True,False
Single,16,56,0.07938337554121022,49.722190275408416,0.002242516151405594,True,False
Single,16,57,0.07938750284141671,60.035544019168874,0.0022427814130281834,True,False
Single,16,58,0.0793907678803012,70.66928989417325,0.0022430471188573816,True,False
Single,16,59,0.084852805002545,81.03817103568831,0.0022433121006688456,True,False
Single,16,60,0.09031555031713656,91.80455494237034,0.0022439953850082114,True,False
Single,16,61,0.09031788724509926,102.36779903825776,0.00224467817671571,True,False
Single,16,62,0.09031974936153131,113.11525711459166,0.0022453617418830302,True,False
Single,16,63,0.0924622242023092,123.69752068500463,0.0022460448056606866,True,False
Single,16,64,0.09460438891223677,114.9809101489387,0.0022454090185951786,True,False
Single,16,65,0.09460618906298512,105.67384982296505,0.002244797359642133,True,False
Single,16,66,0.09460827978226438,97.00136738371913,0.0022441669165555933,True,False
Single,16,67,0.0970040286897913,87.65083606420376,0.002243560802800547,True,False
Single,16,68,0.09939942631931997,68.697356796726,0.002241319474013715,True,False
Single,16,69,0.09940502626901948,49.777753822405046,0.002239078180555021,True,False
Single,16,70,0.09941682376291816,30.136278715064773,0.0022368197404727744,True,False
Single,16,71,0.10014741775084246,10.414807497069841,0.0022345613862649882,True,False
Single,16,72,0.1008722397743981,22.06410603979819,0.0022165877771794487,True,False
Single,16,73,0.10087571081662985,54.3226996913766,0.002198587241924148,True,False
Single,16,74,0.10087909298457054,86.55551648372715,0.002180613300496394,True,False
Single,16,75,0.10169337156697233,119.06020682160377,0.002162613097582859,True,False
Single,16,76,0.10250782839695449,108.6224578608208,0.0021627895198339385,True,False
Single,16,77,0.10251109055101004,98.00208026056166,0.00216296679201953,True,False
Single,16,78,0.10251393208694015,87.58619157033257,0.0021631425687159062,True,False
Single,16,79,0.10325419967178262,76.94372795354214,0.0021633191852581807,True,False
Single,16,80,0.10399541127455267,84.5944041232973,0.002165084473512546,True,False
Single,16,81,0.10399739805556527,91.70886383807479,0.0021668764859614897,True,False
Single,16,82,0.10399931655491668,99.31273491124101,0.002168636628525383,True,False
Single,16,83,0.10795642174853626,106.47377158927517,0.0021704236317873007,True,False
Single,16,84,0.11191394038237334,103.10805612354908,0.0021742950881239427,True,False
Single,16,85,0.11191565216174487,99.283717979525,0.0021781972545761004,True,False
Single,16,86,0.11191696715753036,95.93911135315648,0.002182068729073877,True,False
Single,16,87,0.11230215637917074,92.09780637629517,0.0021859710917239428,True,False
Single,16,88,0.11268647258870412,87.80150113635024,0.002189414446058372,True,False
Single,16,89,0.11268784508018123,83.02053104353983,0.002192857541813243,True,False
Single,16,90,0.11268983365142579,78.75331264735364,0.0021963157612872467,True,False
Single,16,91,0.1200042508528083,73.94273481527506,0.0021997736913206348,True,False
Single,16,92,0.12731834403729714,93.30569715447602,0.0021998862630901264,True,False
Single,16,93,0.12731907151018884,112.58602214899719,0.00219999965826035,True,False
Single,16,94,0.1273195642286215,131.68397427032272,0.002200147989924971,True,False
Single,16,95,0.13680442228806225,150.84042542138005,0.0022002974354144098,True,False
Single,16,96,0.14628908562311657,140.5288495056719,0.0022007238344498585,True,False
Single,16,97,0.1462893337105048,130.04607962930626,0.0022011523307603727,True,False
Single,16,98,0.146289757178116,119.74930143281397,0.002201580047859241,True,False
Single,16,99,0.149169992928041,109.25168573586596,0.0022020098519931683,True,False
Single,16,100,0.1520503098985258,99.137602205492,0.0022018215355877222,True,False
Single,16,101,0.15205276238159532,88.7682819161296,0.002201634160694615,True,False
Single,16,102,0.15205533817639405,78.687457360876,0.00220144585198301,True,False
Single,16,103,0.15311526936682895,68.28487809702307,0.0022012584693938894,True,False
Single,16,104,0.1541753780791555,58.35015321347007,0.0022011210939639238,True,False
Single,16,105,0.1541792947359295,47.99847950579855,0.0022009853465754306,True,False
Single,16,106,0.15418266661871272,38.174823424918586,0.0022008466622273105,True,False
Single,16,107,0.155151059823317,27.712129020546573,0.0022007095978691937,True,False
Single,16,108,0.15612010554844802,20.69744093071492,0.0022010803612298436,True,False
Single,16,109,0.156121246239313,11.741091161801425,0.0022014611323329524,True,False
Single,16,110,0.1561218492409716,7.316785543927203,0.0022018344383788447,True,False
Single,16,111,0.16618425944705972,4.230423004781903,0.0022022177840846924,True,False
Single,16,112,0.1762469921686864,7.312751510363347,0.0022035217942549725,True,False
Single,16,113,0.17624769011481817,7.209448837253128,0.002204843396752876,True,False
Single,16,114,0.176248510010087,14.747765002446595,0.002206163293882042,True,False
Single,16,115,0.17777015653145467,18.651114271784742,0.0022075008015801437,True,False
Single,16,116,0.179291946430725,38.250526529447164,0.0022069982635064623,True,False
Single,16,117,0.1792941127781713,56.85866442126014,0.0022065347631840732,True,False
Single,16,118,0.17929620542478092,76.15824811174942,0.0022060301493721777,True,False
Single,16,119,0.18245885410483403,95.06629572520426,0.0022055648508591402,True,False
Single,16,120,0.1856215702674,85.36887762695783,0.002205926218493409,True,False
Single,16,121,0.1856230235251977,75.34656755084272,0.00220629101815189,True,False
Single,16,122,0.1856242637216501,65.69813279900252,0.0022066534182991135,True,False
Single,16,123,0.1899325929380361,55.626764294551485,0.0022070192684845655,True,False
Single,16,124,0.19424095765751126,61.98645292987957,0.002208049339770547,True,False
Single,16,125,0.1942431157634913,67.58812809989335,0.0022090994323688247,True,False
Single,16,126,0.19424564216717002,73.87889642048081,0.0022101135424537747,True,False
Single,16,127,0.19529654123116338,79.54769809817259,0.002211147804094836,True,False
Single,16,128,0.19634725743782722,67.42812290091544,0.0022115019816721405,True,False
Single,16,129,0.19634877828509223,55.0971193523497,0.0022118601315387104,True,False
Single,16,130,0.19635038130080662,43.038451503212734,0.002212214304632446,True,False
Single,16,131,0.20141262476482447,30.646540610768138,0.0022125724589809256,True,False
Single,16,132,0.20647655948439425,63.92963614350382,0.0022164751583426093,True,False
Single,16,133,0.2064793839209289,97.19103953462847,0.0022203838642840604,True,False
Single,16,134,0.20648222151925408,130.94194739714436,0.0022243510287688743,True,False
Single,16,135,0.20664176985179353,164.70387877649245,0.0022283246456186387,True,False
Single,16,136,0.20679975589954186,153.86872744372872,0.0022292552314975684,True,False
Single,16,137,0.20680272743735406,142.9295467959172,0.002230187831693275,True,False
Single,16,138,0.20680539783164686,132.10315392383166,0.0022311211029253813,True,False
Single,16,139,0.20727289629387502,121.15506733509253,0.0022320563745603372,True,False
Single,16,140,0.2077404435681709,110.44264937361761,0.002232623320481363,True,False
Single,16,141,0.2077422002811975,99.53674543123236,0.0022331935554603982,True,False
Single,16,142,0.2077433797073312,88.84788236581612,0.0022337604973858916,True,False
Single,16,143,0.21064091905725607,77.91842330218978,0.0022343307359015893,True,False
Single,16,144,0.21354013524751916,74.24143071662566,0.0022319247601323916,True,False
Single,16,145,0.2135423485695546,69.91714177735273,0.002229549211325531,True,False
Single,16,146,0.21354385119113384,66.28096081718563,0.0022271333179400468,True,False
Single,16,147,0.21750457752080954,61.91528634188874,0.002224747901989052,True,False
Single,16,148,0.22146514991762323,71.13908605498628,0.002224876923678104,True,False
Single,16,149,0.22146741352422697,79.72363535587711,0.0022250304042516506,True,False
Single,16,150,0.22146929682891095,88.87178918569498,0.0022251538967645633,True,False
Single,16,151,0.23316897529118585,97.53264147363247,0.0022253020173550395,True,False
Single,16,152,0.2448690652690525,89.9176193790069,0.0022260206504559833,True,False
Single,16,153,0.24487183599968707,81.87121048050325,0.0022267460274661755,True,False
Single,16,154,0.24487444856634152,74.303046994146,0.002227464571138799,True,False
Single,16,155,0.2473992178219402,66.20991245312544,0.0022281898688611065,True,False
Single,16,156,0.2499233700268495,62.48855280525501,0.00222599479344531,True,False
Single,16,157,0.24992686398760944,57.99258936094788,0.0022238297590195,True,False
Single,16,158,0.24993015726540435,54.33178656205094,0.0022216244499757695,True,False
Single,16,159,0.25248276748639853,49.77468117607689,0.002219449160029828,True,False
Single,16,160,0.25503547639888513,40.29495026585266,0.002220175746292498,True,False
Single,16,161,0.2550373151087285,30.092645446400358,0.0022209057810546828,True,False
Single,16,162,0.2550392513820363,20.95569211727186,0.0022216319931939997,True,False
Single,16,163,0.26114747034670993,10.410708480003295,0.0022223616412447023,True,False
Single,16,164,0.2672560907349809,6.633104060945452,0.0022221946340491424,True,False
Single,16,165,0.2672589455255191,5.383102478533613,0.002222030103365562,True,False
Single,16,166,0.26726132746860787,14.63433263315398,0.0022218629353930727,True,False
Single,16,167,0.2684519168644074,21.176958261498864,0.002221698232384689,True,False
Single,16,168,0.2696428540885436,30.294990740746805,0.0022224676945509555,True,False
Single,16,169,0.26964593149302685,38.281422229488115,0.002223238927514624,True,False
Single,16,170,0.2696490246664285,47.19567387448131,0.002224006850605837,True,False
Single,16,171,0.2705472288737769,55.385861170447235,0.0022247765590691915,True,False
Single,16,172,0.2714458612148347,65.6189955597532,0.002224797468934743,True,False
Single,16,173,0.27144919317883925,75.44522967344902,0.002224821185186321,True,False
Single,16,174,0.27145208163208895,85.63079312083924,0.0022248420813570716,True,False
Single,16,175,0.27898084527857514,95.50459849995222,0.002224865803942759,True,False
Single,16,176,0.28650947449836534,103.02350827055952,0.002225790632814112,True,False
Single,16,177,0.28651250481828033,110.12314516809818,0.0022267268277132743,True,False
Single,16,178,0.28651546678364714,117.61701658155692,0.0022276516695390776,True,False
Single,16,179,0.29051675221902834,124.74169183639576,0.0022285878514848173,True,False
Single,16,180,0.29451781863425847,135.0862216795715,0.0022283561804989633,True,False
Single,16,181,0.2945207569361885,145.25087826286173,0.002228126370893137,True,False
Single,16,182,0.29452452398308904,155.58347144889171,0.0022278946987305133,True,False
Single,16,183,0.29515244539225893,165.760044441476,0.0022276648952275907,True,False
Single,16,184,0.29578029475816836,174.04651610824305,0.0022286643320656423,True,False
Single,16,185,0.29578243543612315,182.09578095343048,0.002229670643712414,True,False
Single,16,186,0.2957840174432543,190.37271529212563,0.0022306701655261775,True,False
Single,16,187,0.29639289454642953,198.4316504308493,0.002231676560913838,True,False
Single,16,188,0.2970016766997089,170.30148324537268,0.00222558553513583,True,False
Single,16,189,0.2970042331132583,141.67231654120317,0.0022194877394359196,True,False
Single,16,190,0.2970075780997794,113.58013181819952,0.002213395571948023,True,False
Single,16,191,0.29784617776673,84.9130826843656,0.0022072944181366974,True,False
Single,16,192,0.29868505501974146,69.74046854101387,0.002207502819179051,True,False
Single,16,193,0.29868772127976384,53.67346275102632,0.00220774884331483,True,False
Single,16,194,0.29869043852225585,38.79036457953498,0.0022079571647410207,True,False
Single,16,195,0.304116182126413,22.43379436735834,0.002208203347256979,True,False
Single,16,196,0.30954179912661695,27.43286323874546,0.002210839917704523,True,False
Single,16,197,0.30954436123751816,30.76159584385181,0.0022134751625187865,True,False
Single,16,198,0.3095465872231886,35.56834432644134,0.002216096868790203,True,False
Single,16,199,0.3118574164157878,39.088876427008955,0.0022187172783621686,True,False
Single,16,200,0.31416768899381464,48.74189282899969,0.002219390185002754,True,False
Single,16,201,0.3141700423151459,57.73472026344676,0.0022200669403475088,True,False
Single,16,202,0.3141722565652449,67.29692878655453,0.00222073990069862,True,False
Single,16,203,0.3191792924407277,76.38056368003683,0.00222141672015181,True,False
Single,16,204,0.32418757144340926,86.05392066493728,0.002221412806753984,True,False
Single,16,205,0.32419134670893734,95.38767442823197,0.002221411743603755,True,False
Single,16,206,0.3241942496080922,105.03053350471694,0.0022214082065908454,True,False
Single,16,207,0.3301788792253386,114.39488391622177,0.0022214075278939108,True,False
Single,16,208,0.3361630948633839,81.174541564138,0.0022236674511782453,True,False
Single,16,209,0.33616453079344366,47.379116779603756,0.002225981104107405,True,False
Single,16,210,0.33616662131664493,14.274424822712174,0.0022282288890309,True,False
Single,16,211,0.33992251824124503,19.6358146970021,0.0022305297443979827,True,False
Single,16,212,0.34367815997724904,8.737477150269124,0.0022312121775091816,True,False
Single,16,213,0.34368076401222836,4.036680937649089,0.0022318984493843092,True,False
Single,16,214,0.3436838097270082,16.358544909803896,0.0022325808857984134,True,False
Single,16,215,0.3456823504375519,27.70917637113466,0.0022332671507249227,True,False
Single,16,216,0.34768096685981753,32.25929747463293,0.0022358502809572125,True,False
Single,16,217,0.3476825677300292,36.62641586237842,0.002238433107876671,True,False
Single,16,218,0.34768331863678553,39.527445190876435,0.0022410446383636785,True,False
Single,16,219,0.3485318350807558,42.55105877208887,0.002243656364437359,True,False
Single,16,220,0.3493806975382381,15.03300154233432,0.0022380877589248207,True,False
Single,16,221,0.34938144393634024,15.941001434163514,0.0022325201061072705,True,False
Single,16,222,0.3493819336009512,43.28246081573913,0.002226944866600983,True,False
Single,16,223,0.3511680520749073,71.72852572970476,0.002221370951395213,True,False
Single,16,224,0.3529546103188713,64.14915119911612,0.0022217987068457717,True,False
Single,16,225,0.3529563790199543,55.961824374868264,0.002222236371855671,True,False
Single,16,226,0.35295797762447695,48.4836056159999,0.002222661557236931,True,False
Single,16,227,0.35312469808138663,40.19559915478481,0.002223096675029672,True,False
Single,16,228,0.3532910131494535,31.77196707178967,0.002224503072367889,True,False
Single,16,229,0.3532919988228187,22.28668517380158,0.0022259118753464313,True,False
Single,16,230,0.3532930129491322,14.534963971769228,0.002227319811085698,True,False
Single,16,231,0.3619809347824544,4.377746236482282,0.002228730139237467,True,False
Single,16,232,0.37066931685470794,24.278982484546546,0.0022286476499774623,True,False
Single,16,233,0.3706715483372913,42.49122607599924,0.002228602178277859,True,False
Single,16,234,0.37067401293265245,61.8108426989743,0.0022285195533181816,True,False
Single,16,235,0.3713639901557804,80.6047060062362,0.0022284742173203087,True,False
Single,16,236,0.37205322478144326,70.11997060385403,0.002228332906893784,True,False
Single,16,237,0.37205561391577024,59.35293328242356,0.002228192395645855,True,False
Single,16,238,0.37205809289405645,48.929693565120544,0.0022280517401622856,True,False
Single,16,239,0.37371760718085967,38.101386307335176,0.0022279118751692625,True,False
Single,16,240,0.3753772443759251,28.31750816831075,0.002228530263084271,True,False
Single,16,241,0.37537810245090036,19.036185230645174,0.0022291486471063826,True,False
Single,16,242,0.37537886426301453,8.960696208955381,0.002229770173639146,True,False
Single,16,243,0.37658706433459754,2.9168423589794483,0.002230391707661497,True,False
Single,16,244,0.37779596233185275,8.43692700779248,0.0022323178549584852,True,False
Single,16,245,0.37779707509723703,15.37869647140596,0.0022342464666467304,True,False
Single,16,246,0.37779731861161103,20.041213235695214,0.002236201120167237,True,False
Single,16,247,0.3785431889325974,25.92551492699256,0.0022381583162641022,True,False
Single,16,248,0.37928989453279094,16.04114579957541,0.0022379178268486133,True,False
Single,16,249,0.37929390629290116,4.793727194440694,0.002237680174243718,True,False
Single,16,250,0.3792972121585144,7.39690346180169,0.0022374396832310606,True,False
Single,16,251,0.3800344331501577,16.33806051811091,0.0022372020326787423,True,False
Single,16,252,0.38077310963772215,14.76031192613995,0.0022396035942706684,True,False
Single,16,253,0.38077625896159983,9.342289519672095,0.0022420214498578474,True,False
Single,16,254,0.38077898454888365,9.30652296467224,0.002244422965228917,True,False
Single,16,255,0.39088891600956327,2.3465186489535896,0.002246840867034701,True,True
Single,32,0,0.000612852051101398,132.9760366072442,0.0022571883030534645,True,False
Single,32,1,0.0012246558946391595,123.3322036407609,0.0022560124531014578,True,False
Single,32,2,0.001230255844338446,113.68943495241733,0.0022548366315860435,True,False
Single,32,3,0.0012420533382370702,103.87626010722325,0.002253656387736423,True,False
Single,32,4,0.0012517354556522697,94.06184027837318,0.0022524761784632683,True,False
Single,32,5,0.0012559834841254225,98.21550956078134,0.0022530337649963716,True,False
Single,32,6,0.0012581241620801542,102.26457925595003,0.0022535931282242506,True,False
Single,32,7,0.0012597061692111167,106.4143918687903,0.0022541507357723214,True,False
Single,32,8,0.0018685832723864815,110.46735179746314,0.002254710120574162,True,False
Single,32,9,0.0024773654256657895,96.18214085208636,0.0022516448497705783,True,False
Single,32,10,0.0024799218392151656,81.74064293788662,0.002248578373387399,True,False
Single,32,11,0.002483266825736491,67.47000715029219,0.0022455131595319603,True,False
Single,32,12,0.0025906045015663404,53.01395933042967,0.0022424454903330407,True,False
Single,32,13,0.0026974693497172353,36.80771171914673,0.0022333269981736396,True,False
Single,32,14,0.002700940391948875,20.391168338561886,0.00222420161715065,True,False
Single,32,15,0.002704322559889505,4.555888852070976,0.0022150830756359125,True,False
Single,32,16,0.0034321135087785892,12.23162273038987,0.0022059577439675765,True,False
Single,32,17,0.004160743745698525,20.433955379063935,0.002206093452050876,True,False
Single,32,18,0.004163410005720847,28.055257265530866,0.0022062387170551866,True,False
Single,32,19,0.004166127248212748,36.12081990998715,0.0022063744010198897,True,False
Single,32,20,0.004249948621703081,43.87890404893777,0.0022065197100252162,True,False
Single,32,21,0.004333057972273402,38.623208801006655,0.002206563247291287,True,False
Single,32,22,0.004336320126328896,33.23663444779623,0.0022066069890618093,True,False
Single,32,23,0.004339161662259061,28.005843430285832,0.00220665036438157,True,False
Single,32,24,0.005079429247101752,22.59430786584312,0.002206693939642776,True,False
Single,32,25,0.0058206408498718,26.55528812121828,0.0022075466261227195,True,False
Single,32,26,0.005822627630884175,30.02705428222154,0.0022084060337229875,True,False
Single,32,27,0.005824546130235531,33.93196072819556,0.0022092574160826792,True,False
Single,32,28,0.009781651323855334,37.459743113990754,0.002210115564456362,True,False
Single,32,29,0.013739169957692476,35.82504771702556,0.0022119948006813373,True,False
Single,32,30,0.013740881737063837,33.8320732882677,0.002213881616254272,True,False
Single,32,31,0.013742196732849266,32.21881518941515,0.002215760837888642,True,False
Single,32,32,0.014127385954489702,30.205449009360727,0.0022176477221622706,True,False
Single,32,33,0.014511702164023088,28.117218086517614,0.0022193385549518886,True,False
Single,32,34,0.014513074655500141,25.628862634152966,0.0022210292694870137,True,False
Single,32,35,0.014515063226744701,23.580060752750292,0.0022227238594822603,True,False
Single,32,36,0.014766090251392305,21.052144773110705,0.0022244183136923557,True,False
Single,32,37,0.01501748785257373,19.231650690533655,0.002225783106600216,True,False
Single,32,38,0.015020049963474946,16.8214280908274,0.0022271476063813723,True,False
Single,32,39,0.015022275949145486,15.0849872286658,0.002228508641897369,True,False
Single,32,40,0.01733310514174477,12.590842899527782,0.002229869402190693,True,False
Single,32,41,0.019643377719771538,8.38377114540731,0.002230274689060248,True,False
Single,32,42,0.019645731041102676,3.1791430502808575,0.0022306809805745773,True,False
Single,32,43,0.01964794529120173,3.234305106455248,0.002231086278227481,True,False
Single,32,44,0.024395590843104997,6.23255703035919,0.0022314925886969053,True,False
Single,32,45,0.029143573612616047,4.811202913580219,0.0022315031014234258,True,False
Single,32,46,0.029144301085507696,13.909853927322256,0.002231513819285595,True,False
Single,32,47,0.029144793803940416,23.004694391990913,0.0022315333764824363,True,False
Single,32,48,0.029403456654628346,32.449960714219166,0.0022315532175362085,True,False
Single,32,49,0.0296632601693661,27.779311751121263,0.0022316379088180623,True,False
Single,32,50,0.02966703543489424,22.841650549619274,0.0022317233398801246,True,False
Single,32,51,0.029669938334049073,18.241709851609176,0.002231808123471594,True,False
Single,32,52,0.0356545679512954,13.233315469747472,0.0022318936542796083,True,False
Single,32,53,0.041638783589340755,30.09690031733976,0.002233106901353078,True,False
Single,32,54,0.04164021951940072,47.058545714522715,0.002234334099782175,True,False
Single,32,55,0.04164231004260199,63.91283095207491,0.0022355444543455194,True,False
Single,32,56,0.04487866443852043,80.88356502936583,0.002236768250831807,True,False
Single,32,57,0.04811431519843548,75.65297475150227,0.002236937921821705,True,False
Single,32,58,0.04811456328582375,70.34106840163965,0.0022371080936772494,True,False
Single,32,59,0.04811498675343495,65.11700815134505,0.0022372780978084064,True,False
Single,32,60,0.048634281194728346,59.79855963222591,0.0022374485993626875,True,False
Single,32,61,0.04915384870320613,53.87969875543044,0.002237851118479222,True,False
Single,32,62,0.049156452738185336,47.888827737838554,0.002238254642272374,True,False
Single,32,63,0.04915949845296508,41.98040435286018,0.002238657163970527,True,False
Single,32,64,0.05115803916350892,35.97909583546811,0.0022390606842624394,True,False
Single,32,65,0.05315665558577476,34.32025091663215,0.0022404090034606567,True,False
Single,32,66,0.053158256455986264,32.6821605652687,0.0022417571794024205,True,False
Single,32,67,0.05315900736274248,30.649266888837673,0.002243112695310021,True,False
Single,32,68,0.05351720305563967,28.58999392857478,0.0022444683272770244,True,False
Single,32,69,0.053875539473844936,23.539983323460643,0.002244334061780146,True,False
Single,32,70,0.05387799195691445,18.215256568256965,0.0022442000192576046,True,False
Single,32,71,0.05388056775171318,13.273191836127797,0.0022440657570847525,True,False
Single,32,72,0.05436843601971669,7.840519233140155,0.002243931711236845,True,False
Single,32,73,0.05485638626419487,22.415787058608238,0.002241146363237485,True,False
Single,32,74,0.05485713266229708,36.876145968338484,0.002238361283488262,True,False
Single,32,75,0.05485762232690816,51.278655862037304,0.0022355746701751855,True,False
Single,32,76,0.05542893885123734,65.73132124957203,0.0022327883720474687,True,False
Single,32,77,0.05600060765447462,60.65565038780548,0.0022327118776196793,True,False
Single,32,78,0.056004524311248416,55.477939843102064,0.0022326357922839396,True,False
Single,32,79,0.05600789619403157,50.41269465410068,0.002232558967649109,True,False
Single,32,80,0.05697628939863586,45.22457057929539,0.0022324825496816483,True,False
Single,32,81,0.05794533512376687,41.30900181451376,0.00223266308394405,True,False
Single,32,82,0.05794647581463194,37.152118851098216,0.002232846130798673,True,False
Single,32,83,0.05794707881629077,33.266177140971045,0.002233027303571368,True,False
Single,32,84,0.05818843021367448,29.079546936037772,0.002233211003647269,True,False
Single,32,85,0.058430299044828216,25.302623657218522,0.0022334349675363673,True,False
Single,32,86,0.058432067745911254,21.12814142776386,0.0022336614359603946,True,False
Single,32,87,0.05843366635043401,17.44288278458056,0.002233884746662809,True,False
Single,32,88,0.058600386807343696,13.176856114901321,0.0022341105765416452,True,False
Single,32,89,0.05876670187541033,9.146210432467125,0.00223482453637037,True,False
Single,32,90,0.05876768754877548,4.156680101530414,0.0022355391106427857,True,False
Single,32,91,0.058768701675089074,2.9441666694538737,0.0022362534605497642,True,False
Single,32,92,0.0674566235084113,4.863502521777778,0.0022369684180668925,True,False
Single,32,93,0.07614500558066473,5.845485354577307,0.0022369457725702636,True,False
Single,32,94,0.07614723706324833,14.436611525604432,0.0022369323882589914,True,False
Single,32,95,0.0761497016586095,24.298692147443763,0.0022369097063001738,True,False
Single,32,96,0.0768396788817373,33.73672542294545,0.002236896358451562,True,False
Single,32,97,0.0775289135074001,28.470718230478106,0.0022368124177044096,True,False
Single,32,98,0.07753130264172703,23.0275123394706,0.002236728675279891,True,False
Single,32,99,0.07753378162001329,17.814945719101686,0.002236644901269747,True,False
Single,32,100,0.07780284592399939,12.318356251585078,0.0022365613205634766,True,False
Single,32,101,0.07807222174400552,15.602211607122623,0.002237232779335097,True,False
Single,32,102,0.07807291969013708,18.05699112161903,0.00223790869712816,True,False
Single,32,103,0.07807373958540587,21.226473899585795,0.002238584178513123,True,False
Single,32,104,0.07946349162209165,23.79607879992894,0.0022392640988320445,True,False
Single,32,105,0.08085293310188213,18.809105776955114,0.0022395726841546067,True,False
Single,32,106,0.0808537911768572,13.953811841208063,0.002239881266053921,True,False
Single,32,107,0.08085455298897148,8.692016993794228,0.002240190641227652,True,False
Single,32,108,0.08098558939867828,3.1282781107574493,0.0022405000207345246,True,False
Single,32,109,0.08111717600604385,13.164337759671273,0.00224027398512952,True,False
Single,32,110,0.08111934235349039,22.35789468392664,0.0022400577267657987,True,False
Single,32,111,0.08112143500010005,32.127365310403334,0.0022398311630368213,True,False
Single,32,112,0.08219643231452989,41.58753186063678,0.002239614454920859,True,False
Single,32,113,0.08327165105780976,45.39366143394072,0.0022405761159981943,True,False
Single,32,114,0.08327276382319387,49.17719022063633,0.002241538393983243,True,False
Single,32,115,0.08327300733756793,52.710102832005845,0.0022425073187058446,True,False
Single,32,116,0.08401887765855431,56.2619676609276,0.002243476870208372,True,False
Single,32,117,0.08476558325874778,50.998375822260726,0.0022433648913459587,True,False
Single,32,118,0.08476959501885806,45.62772874727296,0.002243253628444653,True,False
Single,32,119,0.08477290088447131,40.378278595729064,0.002243141647632757,True,False
Single,32,120,0.08551012187611451,34.9934898918134,0.0022430303867959495,True,False
Single,32,121,0.08624879836367905,36.961718630237236,0.0022442242291599536,True,False
Single,32,122,0.08625194768755673,38.590009736076226,0.0022454222740336434,True,False
Single,32,123,0.08625467327484049,40.54227335341066,0.0022466161024086734,True,False
Single,32,124,0.08685095947846189,42.18652958071103,0.002247814161269575,True,False
Single,32,125,0.08744679984271886,37.27968054872745,0.002247997875320273,True,False
Single,32,126,0.0874482531005166,32.18293125133086,0.0022481824497002562,True,False
Single,32,127,0.08744949329696924,27.310969103433248,0.0022483664226038654,True,False
Single,32,128,0.09175782251335529,22.17931397229513,0.0022485512639420294,True,False
Single,32,129,0.09606618723283034,25.421149494469216,0.0022490881500609183,True,False
Single,32,130,0.09606834533881026,28.159743238237944,0.0022496300252377163,True,False
Single,32,131,0.09607087174248893,31.351467993368868,0.0022501628770777867,True,False
Single,32,132,0.0971217708064824,34.139719703656375,0.0022507007613937965,True,False
Single,32,133,0.09817248701314618,28.02080619163754,0.0022508665131161618,True,False
Single,32,134,0.09817400786041114,21.771317579439753,0.0022510332628688356,True,False
Single,32,135,0.09817561087612553,15.704295563081022,0.0022511990130449576,True,False
Single,32,136,0.10232489564176162,9.402915476218025,0.002251365764341276,True,False
Single,32,137,0.10647431294649246,4.4179697839137315,0.002251116423037281,True,False
Single,32,138,0.10647807919749513,1.5943546938279751,0.0022508669600044932,True,False
Single,32,139,0.10648308489149333,7.388909258276239,0.0022506176217643226,True,False
Single,32,140,0.10739227733887236,12.591624252839386,0.0022503681556652957,True,False
Single,32,141,0.10830178905971333,4.3461708377128545,0.0022523692150691176,True,False
Single,32,142,0.10830461349624798,21.097552002666536,0.002254371834399631,True,False
Single,32,143,0.10830745109457299,38.01680140509393,0.002256389244893012,True,False
Single,32,144,0.10846699942711249,54.95730592471503,0.0022584082400917277,True,False
Single,32,145,0.10862498547486077,49.499457051279265,0.002258827666377441,True,False
Single,32,146,0.10862795701267297,43.95758964184914,0.002259247570018805,True,False
Single,32,147,0.108630627406966,38.51185725075704,0.002259667675630039,True,False
Single,32,148,0.1090981258691941,32.95783613273373,0.0022600882521342375,True,False
Single,32,149,0.10956567314348975,27.59830743937148,0.002260323495674445,True,False
Single,32,150,0.10956742985651635,22.04196905701517,0.0022605595473332695,True,False
Single,32,151,0.10956860928265011,16.74685014904539,0.002260794789194247,True,False
Single,32,152,0.11077726516616826,11.126101938579595,0.0022610308424157247,True,False
Single,32,153,0.11198672911101726,6.718491218894558,0.0022611338562376396,True,False
Single,32,154,0.11198949893908994,1.2077319138930962,0.0022612376961459887,True,False
Single,32,155,0.11199171896030657,4.602752258478892,0.0022613404439028933,True,False
Single,32,156,0.11238031407512356,8.71061996505692,0.002261444024065841,True,False
Single,32,157,0.11276942170515197,8.949154884885575,0.002262376014146705,True,False
Single,32,158,0.1127710173495462,7.610477927100575,0.0022633120659246286,True,False
Single,32,159,0.11277200564581147,7.9579079431703565,0.002264244138353404,True,False
Single,32,160,0.1140679285249343,6.510307109594941,0.0022651802506071933,True,False
Single,32,161,0.11536536482283807,9.252502121068343,0.0022639201397954447,True,False
Single,32,162,0.1153675781448735,10.553578764069258,0.002262667668515893,True,False
Single,32,163,0.11536908076645269,13.076250700428757,0.002261405050703701,True,False
Single,32,164,0.11699339199476688,14.596995303489214,0.002260150092254859,True,False
Single,32,165,0.11861709940740675,20.0312169578866,0.002260339145022685,True,False
Single,32,166,0.11861970425028925,25.1572857099411,0.002260528744663426,True,False
Single,32,167,0.11862187274403779,30.538371361866584,0.0022607177943953093,True,False
Single,32,168,0.1209556830025168,35.717581235745335,0.0022609073958249626,True,False
Single,32,169,0.12329037949294208,31.474919513685336,0.002260950187940461,True,False
Single,32,170,0.12329264309954588,26.76441570508551,0.0022609990452339816,True,False
Single,32,171,0.12329452640422986,22.608347472510335,0.002261040442376284,True,False
Single,32,172,0.12484823664204636,17.811084309700544,0.0022610879459490085,True,False
Single,32,173,0.1264015314894371,5.337612428600117,0.0022604797229805003,True,False
Single,32,174,0.12640350927359784,8.913672920642034,0.002259881467878108,True,False
Single,32,175,0.12640544485844912,22.427619509088572,0.002259273653669607,True,False
Single,32,176,0.13080907523985996,35.63842452782129,0.002258675881570346,True,False
Single,32,177,0.13521300745625175,43.724273280844,0.0022591907348492044,True,False
Single,32,178,0.13521352238378898,51.566006373802026,0.002259713996676484,True,False
Single,32,179,0.13521443333128286,59.61323498673318,0.002260228853241052,True,False
Single,32,180,0.13900068105311641,67.49357598971885,0.0022607520918990695,True,False
Single,32,181,0.14278718083368808,62.05860637647734,0.002260882933687868,True,False
Single,32,182,0.14279141599011425,56.556294552469275,0.002261014116916221,True,False
Single,32,183,0.14279473884907046,51.12865769427099,0.0022611442851195084,True,False
Single,32,184,0.14338811833879506,45.6190503436074,0.002261274789746047,True,False
Single,32,185,0.14398145261789796,41.578509404737225,0.0022614597826277746,True,False
Single,32,186,0.14398188866317518,37.56312053879598,0.0022616447907405704,True,False
Single,32,187,0.1439826639691126,33.29774058047711,0.002261830568390616,True,False
Single,32,188,0.14533821068720063,29.00002468336932,0.0022620163610756125,True,False
Single,32,189,0.14669429484437146,25.244312195675864,0.0022623607932365643,True,False
Single,32,190,0.14669706557500609,21.08965334008105,0.0022627069148826915,True,False
Single,32,191,0.14669967814166066,17.425590692500982,0.0022630513231367867,True,False
Single,32,192,0.14922444739725932,13.179315568026555,0.0022633974261008494,True,False
Single,32,193,0.1517485996021684,11.664827606591095,0.0022622734234068005,True,False
Single,32,194,0.1517520935629284,9.03785772392461,0.0022611569894614015,True,False
Single,32,195,0.15175538684072332,7.825155804053858,0.002260030408820334,True,False
Single,32,196,0.1536555564622918,4.8962522158988095,0.002258911380845524,True,False
Single,32,197,0.1555562960503271,2.25446053185503,0.0022591663971081276,True,False
Single,32,198,0.15556037569609563,7.008530791146622,0.0022594223266076802,True,False
Single,32,199,0.1555638820819667,13.113868827196374,0.002259677345710991,True,False
Single,32,200,0.1557921215482847,18.913313579494393,0.002259933273290868,True,False
Single,32,201,0.15602045278092436,6.417025164497826,0.002258854998442351,True,False
Single,32,202,0.1560233439066004,7.547691858866683,0.0022577882373298287,True,False
Single,32,203,0.15602664735291288,20.945422363451147,0.0022567094710783018,True,False
Single,32,204,0.1564438777145759,34.008702661351755,0.0022556423096087644,True,False
Single,32,205,0.15686070597420404,29.18304672990677,0.0022560151504612165,True,False
Single,32,206,0.15686254468404753,24.10443485733045,0.0022563888632733385,True,False
Single,32,207,0.1568644809573554,19.34360599586141,0.0022567616107262867,True,False
Single,32,208,0.15720360344223921,14.20019198586463,0.0022571352248855273,True,False
Single,32,209,0.15754275345624152,12.54469614563541,0.002256194802918904,True,False
Single,32,210,0.15754451191184482,9.864245483247087,0.0022552620625231096,True,False
Single,32,211,0.15754691532804999,8.477004529633737,0.0022543242194257946,True,False
Single,32,212,0.16248796595060777,5.528446696145345,0.0022533940721372048,True,False
Single,32,213,0.16742837220713447,7.1314187640561135,0.0022540594853345647,True,False
Single,32,214,0.16743145769867096,6.725684629708648,0.002254729115600689,True,False
Single,32,215,0.16743470381804615,8.181344953866152,0.002255394469391798,True,False
Single,32,216,0.16825790572813848,7.92289378540091,0.0022560640162422804,True,False
Single,32,217,0.16908132031030004,5.012189339889241,0.0022559930606107412,True,False
Single,32,218,0.169084175100838,0.036806939447429264,0.002255922735598679,True,True
Single,32,219,0.16908655704392678,5.072449932343361,0.0022558517398241053,True,False
Single,32,220,0.16928119441781658,7.9964929622571335,0.0022557813708716304,True,False
Single,32,221,0.16947601293004055,12.95821367134711,0.002256035145439335,True,False
Single,32,222,0.16947885058824963,17.279624067342457,0.0022562898419603945,True,False
Single,32,223,0.16948171825193006,22.10762750071377,0.0022565435983789646,True,False
Single,32,224,0.1704748326156307,26.56275530142474,0.002256798283309089,True,False
Single,32,225,0.1714680836638625,31.01287415200389,0.0022571985097781648,True,False
Single,32,226,0.17147116106834576,35.18385227365583,0.002257599187646808,True,False
Single,32,227,0.1714742542417474,39.60375493152087,0.002257999023567104,True,False
Single,32,228,0.17237245844909604,43.80494292859099,0.00225839931866105,True,False
Single,32,229,0.1732710907901538,48.92463698366378,0.0022584279960761854,True,False
Single,32,230,0.17327442275415816,53.90573500629515,0.002258457376728181,True,False
Single,32,231,0.17327731120740786,59.01358931929707,0.0022584860480297612,True,False
Single,32,232,0.1737185281211232,64.00652716604097,0.0022585154329377508,True,False
Single,32,233,0.17415962766849824,66.32314114107488,0.002257679989103553,True,False
Single,32,234,0.1741603273477874,68.63347331809608,0.002256845801091388,True,False
Single,32,235,0.17416141344092978,70.75214140830701,0.002256019494667205,True,False
Single,32,236,0.17585962864422694,72.87636563130071,0.002255194429508542,True,False
Single,32,237,0.17755814596589142,78.2146815299282,0.002255306364291006,True,False
Single,32,238,0.17756227326609791,83.4920285479504,0.002255418119724647,True,False
Single,32,239,0.1775655383049824,88.82674817800356,0.002255529986499797,True,False
Single,32,240,0.18295004285496036,94.10766782668532,0.0022556416703747514,True,False
Single,32,241,0.18833470407368424,97.84365041759642,0.002256129826144507,True,False
Single,32,242,0.18833773439359924,101.46755643322092,0.002256620866165432,True,False
Single,32,243,0.188340696358966,105.199743699202,0.0022571090273498756,True,False
Single,32,244,0.18841519861131661,108.82744503979652,0.0022576000619561817,True,False
Single,32,245,0.1884903207418176,114.24501065739535,0.0022579256609874727,True,False
Single,32,246,0.1884926576697803,119.62084897780758,0.0022582511297931126,True,False
Single,32,247,0.1884945197862123,125.03666607862748,0.0022585768011667154,True,False
Single,32,248,0.19063699462699019,130.41427655390896,0.002258902337195487,True,False
Single,32,249,0.1927791593369177,125.9515461858708,0.0022585526566565256,True,False
Single,32,250,0.1927809594876661,121.3490539467786,0.0022582091000284106,True,False
Single,32,251,0.19278305020694536,116.8906705203164,0.0022578607678405975,True,False
Single,32,252,0.194563221470487,112.28399720899809,0.0022575186115648543,True,False
Single,32,253,0.19634304820957738,117.48334190790959,0.0022574357987465163,True,False
Single,32,254,0.19634598651150736,122.63001946362587,0.002257353456687087,True,False
Single,32,255,2.1270904593251316e-07,127.82719271741246,0.0022572706426531946,True,False
Single,128,0,0.0005719164620908157,23.110341975522214,0.0022537234330344577,True,False
Single,128,1,0.0005741800686945922,21.966430190705374,0.0022537306939795243,True,False
Single,128,2,0.0005760633733784618,20.863741440374973,0.002253737482639773,True,False
Single,128,3,0.0010204768701569111,19.717850947777738,0.002253744660939118,True,False
Single,128,4,0.001465242546961898,20.993612294831593,0.0022537562909932985,True,False
Single,128,5,0.0014685745109663806,22.24913252158819,0.0022537679630115492,True,False
Single,128,6,0.0014714629642159638,23.52381570624705,0.0022537795915604565,True,False
Single,128,7,0.0019126798779312004,24.780414101025894,0.002253791264968233,True,False
Single,128,8,0.002353779425306235,25.348953767226497,0.002253585140330852,True,False
Single,128,9,0.0023544791045955193,25.91682822494741,0.0022533790960865135,True,False
Single,128,10,0.0023555651977379966,26.45359965662585,0.002253173545821877,True,False
Single,128,11,0.0024348280652769505,26.99098545101681,0.002252968071703672,True,False
Single,128,12,0.002513927762153978,24.585977486130915,0.0022529717723787043,True,False
Single,128,13,0.0025161592447374703,22.14831740007688,0.0022529760427878547,True,False
Single,128,14,0.002518623840098627,19.746955858637218,0.002252979737211555,True,False
Single,128,15,0.003101177674005251,17.305649351316706,0.0022529840138729856,True,False
Single,128,16,0.0036830684585858475,13.978658740588612,0.0022528290087321956,True,False
Single,128,17,0.0036850462427465425,10.609573128253997,0.002252674631508652,True,False
Single,128,18,0.0036869818275977184,7.299954154576944,0.0022525196483485057,True,False
Single,128,19,0.003792427432658313,3.9134973101624384,0.002252365305047861,True,False
Single,128,20,0.0038978356888892396,5.288542602253491,0.0022523445338912926,True,False
Single,128,21,0.0039002248232160586,6.603700635970248,0.002252323775447556,True,False
Single,128,22,0.0039027038015024273,7.968695417046579,0.0022523030152038163,True,False
Single,128,23,0.004171768105488527,9.293900418524686,0.002252282266437672,True,False
Single,128,24,0.004441143925494662,8.625347209186714,0.0022524521581087464,True,False
Single,128,25,0.004441841871626329,7.859954097489269,0.0022526223284220276,True,False
Single,128,26,0.004442661766895117,7.200950647085448,0.0022527924753025083,True,False
Single,128,27,0.004521342625452146,6.425979395215538,0.002252962893491431,True,False
Single,128,28,0.004599881006445705,4.093160959379997,0.0022529685114057204,True,False
Single,128,29,0.004600608479337243,1.987248234368804,0.0022529741373452303,True,False
Single,128,30,0.004601101197770074,1.1985139647593974,0.002252980314558481,True,False
Single,128,31,0.004859764048458101,3.269598743933193,0.002252986514401978,True,False
Single,128,32,0.0051195675631957455,2.1730539663950497,0.002253005240800297,True,False
Single,128,33,0.005123342828723787,0.8565287541152432,0.002253024012944884,True,False
Single,128,34,0.005126245727878731,0.7679189567865323,0.0022530427445048174,True,False
Single,128,35,0.0054389915258162,1.5565440829439054,0.002253061523528062,True,False
Single,128,36,0.005752297722699529,2.937465700974098,0.0022530975981575525,True,False
Single,128,37,0.00575642502290602,4.216241433753626,0.0022531336617718756,True,False
Single,128,38,0.005759690061790501,5.572948565942357,0.0022531697324569087,True,False
Single,128,39,0.006490722552667583,6.875937453485864,0.002253205791266713,True,False
Single,128,40,0.007221855283371326,8.198962965333916,0.0022532827978180973,True,False
Single,128,41,0.007222713358346511,9.514870173623732,0.002253359803432921,True,False
Single,128,42,0.007223475170460625,10.787122695264582,0.00225343685745842,True,False
Single,128,43,0.007354511580167422,12.064693201207808,0.002253513912476801,True,False
Single,128,44,0.007486098187533097,9.693259956730497,0.002253460446530506,True,False
Single,128,45,0.007488264534979527,7.243408344121128,0.0022534075851787013,True,False
Single,128,46,0.007490357181589191,4.909059581761377,0.0022533540811953564,True,False
Single,128,47,0.008565354496019029,2.422122308545981,0.0022533011965793215,True,False
Single,128,48,0.009640573239298789,1.7649126014695726,0.002253542440933255,True,False
Single,128,49,0.009641686004683014,1.4306266569388078,0.002253783720718369,True,False
Single,128,50,0.00964192951905718,0.9803170130419816,0.0022540254158531876,True,False
Single,128,51,0.010387799840043566,1.2507265845011257,0.002254267146571662,True,False
Single,128,52,0.01113450544023692,0.5904058253092795,0.0022542325414113304,True,False
Single,128,53,0.011138517200347087,1.4151599979100968,0.002254197980968423,True,False
Single,128,54,0.01114182306596051,2.809770964990667,0.002254163375349778,True,False
Single,128,55,0.01181805142814149,4.081045630716135,0.0022541288153719585,True,False
Single,128,56,0.012494544425400378,2.268833640631586,0.0022542609662081848,True,False
Single,128,57,0.012495059352937599,0.09079886760723145,0.002254393639705337,True,False
Single,128,58,0.01249597030043148,2.1006134428721066,0.0022545257955484577,True,False
Single,128,59,0.012556448002356585,3.899457715153991,0.0022546584627909858,True,False
Single,128,60,0.012617720545168187,4.44424376462388,0.002254955569408866,True,False
Single,128,61,0.012620869869045759,4.800122508202666,0.0022552529380077597,True,False
Single,128,62,0.012623595456329614,5.328731466157571,0.0022555500418684126,True,False
Single,128,63,0.013219881659951124,5.700787308706037,0.0022558474132241824,True,False
Single,128,64,0.01381572202420811,4.497124167356179,0.0022558871360845822,True,False
Single,128,65,0.013817175282005835,3.1939975453728144,0.002255926911338889,True,False
Single,128,66,0.013818415478458369,2.0520826903611553,0.0022559666496986077,True,False
Single,128,67,0.01517372476758011,0.6872070765516051,0.0022560064424161363,True,False
Single,128,68,0.016528855830492337,0.8484569002435385,0.0022561392377714908,True,False
Single,128,69,0.016531886150407446,1.156067957834881,0.0022562722174500186,True,False
Single,128,70,0.016534848115774214,2.2316895231916,0.0022564050142911294,True,False
Single,128,71,0.01660935036812483,2.999341621759622,0.0022565379924841047,True,False
Single,128,72,0.016684472498625702,4.383870344987311,0.002256630876297797,True,False
Single,128,73,0.01668680942658829,5.700441743228103,0.002256723753371962,True,False
Single,128,74,0.016688671543020395,7.072051359443299,0.002256816642261258,True,False
Single,128,75,0.016892054011916485,8.40154339543064,0.0022569095230095537,True,False
Single,128,76,0.017095090983170358,4.174449677641795,0.0022572257528494155,True,False
Single,128,77,0.017096526913230325,0.07637683361723355,0.002257542940755164,True,True
Single,128,78,0.01709861743643165,4.318535322569997,0.0022578590435628713,True,False
Single,128,79,0.018583501482737186,8.554271241923159,0.002258175963910973,True,False
Single,128,80,0.0200687178028367,7.201788467912793,0.0022582056805275277,True,False
Single,128,81,0.020072952959262758,5.812564414965058,0.002258235418590203,True,False
Single,128,82,0.02007627581821897,4.471481701213056,0.002258265093444624,True,False
Single,128,83,0.020524813057309327,3.0708599691291365,0.0022582947885023755,True,False
Single,128,84,0.02097331109372591,4.310428733599426,0.0022582077075688177,True,False
Single,128,85,0.02097511124447432,5.348855010123283,0.002258121020577999,True,False
Single,128,86,0.020977201963753467,6.5533621526746835,0.002258034021021047,True,False
Single,128,87,0.0211202440636393,7.626839692875885,0.002257947424965337,True,False
Single,128,88,0.021262989587046588,6.629838945575956,0.0022579915099073576,True,False
Single,128,89,0.021263425632323807,5.649213733107483,0.0022580355946579395,True,False
Single,128,90,0.021264200938261216,4.566063609161721,0.0022580797280188736,True,False
Single,128,91,0.021849598228607645,3.4578216620247324,0.002258123861186158,True,False
Single,128,92,0.022435109414319365,4.3043250437466725,0.0022582594094999416,True,False
Single,128,93,0.022437267520299287,4.9561386141350505,0.002258395267329768,True,False
Single,128,94,0.022439793923978046,5.777368272044845,0.0022585305596318443,True,False
Single,128,95,0.023005658185836803,6.454427200143421,0.0022586661703884736,True,False
Single,128,96,0.02357062259226511,5.168563870282888,0.002258703222796761,True,False
Single,128,97,0.0235708706796533,3.8074879018443837,0.002258740305614761,True,False
Single,128,98,0.02357129414726461,2.5604670919522126,0.002258777379182614,True,False
Single,128,99,0.023773173119779445,1.1605480788741325,0.002258814482393831,True,False
Single,128,100,0.023975831813520088,0.8132414816346079,0.002258898903428631,True,False
Single,128,101,0.02397860254415468,0.8219058397220556,0.002258983431003967,True,False
Single,128,102,0.02398121511080925,1.9803977354955282,0.0022590678499614485,True,False
Single,128,103,0.024259590780465086,2.8043562410955643,0.0022591523769443095,True,False
Single,128,104,0.02453719996638546,4.1484926214158975,0.002259143790222632,True,False
Single,128,105,0.024538961308326723,5.397964230641052,0.002259135233740099,True,False
Single,128,106,0.024541409194635322,6.966904779710145,0.002259170004654689,True,False
Single,128,107,0.02454258615462407,8.502676735354786,0.0022592048375454647,True,False
Single,128,108,0.02454334871889395,9.819263769201706,0.0022591962579976707,True,False
Single,128,109,0.024544249202492416,11.404939649214674,0.0022592309508561595,True,False
Single,128,110,0.024545089653936814,12.65764005484127,0.002259222487977645,True,False
Single,128,111,0.02457751993689647,14.200769845550424,0.0022592573288418433,True,False
Single,128,112,0.024610156097035776,15.70254548195016,0.0022593531399879986,True,False
Single,128,113,0.02461276013201498,17.188433718044784,0.002259449013953013,True,False
Single,128,114,0.024615805846794736,18.688969164058797,0.00225954482579129,True,False
Single,128,115,0.025192510387312766,20.17609759287919,0.0022596406990057633,True,False
Single,128,116,0.025768348500809224,17.741772896832735,0.0022593386259776504,True,False
Single,128,117,0.02577394845050862,15.308368704017475,0.0022590365605690346,True,False
Single,128,118,0.025785745944407343,12.858705036311996,0.0022587342163012175,True,False
Single,128,119,0.025795428061822542,10.407817169719571,0.0022584318797505276,True,False
Single,128,120,0.025799676090295598,11.46053149437585,0.002258578576487069,True,False
Single,128,121,0.02580181676825022,12.458219042446883,0.0022587253830077736,True,False
Single,128,122,0.025803398775381292,13.506811738885256,0.0022588720810104105,True,False
Single,128,123,0.026412275878556657,14.508623021445159,0.002259018888935732,True,False
Single,128,124,0.027021058031835965,10.930815424719993,0.002258234059560107,True,False
Single,128,125,0.027023614445385424,7.3092925864800735,0.0022574493457464006,True,False
Single,128,126,0.02702695943190664,3.7679407795403006,0.002256664642823843,True,False
Single,128,127,0.027134297107736405,0.10996801032284347,0.0022558797313512596,True,False
Single,128,128,0.027241161955887383,4.003592801247041,0.0022535711097003207,True,False
Single,128,129,0.027244632998119023,8.06592534162018,0.0022512620612877114,True,False
Single,128,130,0.02724801516605968,12.159901417872652,0.0022489534361439948,True,False
Single,128,131,0.02793018635623004,16.24181422948342,0.00224664439122374,True,False
Single,128,132,0.028612962979604306,15.804791264485049,0.002246983668868362,True,False
Single,128,133,0.02861456384981592,15.369379365792877,0.0022473229128925354,True,False
Single,128,134,0.028615314756572252,14.880336258939604,0.0022476626120661314,True,False
Single,128,135,0.02865933364507947,14.38945088269849,0.002248002343155621,True,False
Single,128,136,0.0287044363518687,16.392152127202394,0.002248026046721513,True,False
Single,128,137,0.028707102611891022,18.349029441559843,0.0022480503529487867,True,False
Single,128,138,0.028709819854382923,20.34703313100372,0.0022480740503148812,True,False
Single,128,139,0.028793641227873257,22.308608769814292,0.002248098363989176,True,False
Single,128,140,0.028876750578443577,20.9819200454791,0.002248101238682896,True,False
Single,128,141,0.02888001273249896,19.64011244403477,0.002248104125786027,True,False
Single,128,142,0.028882854268429237,18.314545973838232,0.002248106990762066,True,False
Single,128,143,0.028956464494074047,16.97161254691912,0.0022481098669935445,True,False
Single,128,144,0.029030136571317033,16.476921999984082,0.0022478351145591453,True,False
Single,128,145,0.029033630532076915,15.934036115968915,0.0022475608386139257,True,False
Single,128,146,0.02903692380987194,15.440914743446427,0.002247285926434435,True,False
Single,128,147,0.02918424664028907,14.896450426670244,0.0022470114860106832,True,False
Single,128,148,0.029331846867674594,13.610180273583778,0.002246978131946387,True,False
Single,128,149,0.02933429935074411,12.294165054989989,0.0022469447919972133,True,False
Single,128,150,0.02933687514554284,11.011450818099487,0.002246911438666979,True,False
Single,128,151,0.029824743413546462,9.691879686990859,0.0022468780979831016,True,False
Single,128,152,0.030312693658024525,13.336171015307285,0.0022461802137171026,True,False
Single,128,153,0.030313440056126725,16.97385607656018,0.002245482348499521,True,False
Single,128,154,0.030313929720737806,20.593916760615578,0.0022447845299129006,True,False
Single,128,155,0.03033870313958334,24.218259577021616,0.0022440867310391244,True,False
Single,128,156,0.030364333456041948,25.165850878030003,0.0022442924068026044,True,False
Single,128,157,0.030366320237054434,26.081089104024972,0.0022444985033064054,True,False
Single,128,158,0.030368238736405817,27.02753179072823,0.0022447040937866748,True,False
Single,128,159,0.03091279506087688,27.943915021190737,0.0022449101148809825,True,False
Single,128,160,0.03145691504830428,26.665437417641566,0.002244885999081808,True,False
Single,128,161,0.031460831705078185,25.372399477165892,0.0022448619085820233,True,False
Single,128,162,0.03146420358786134,24.09472661595515,0.002244837772305862,True,False
Single,128,163,0.032150750048734356,22.800884694691977,0.0022448136607304617,True,False
Single,128,164,0.03283783301947568,21.31649954450446,0.002244886271328782,True,False
Single,128,165,0.03284034280604689,19.82056416799996,0.0022449589402875974,True,False
Single,128,166,0.03284323512798171,18.447906875328233,0.00224490187990996,True,False
Single,128,167,0.03284480498717915,17.060736546471183,0.0022448448124797243,True,False
Single,128,168,0.03284541905111543,15.578513859764872,0.00224491742632882,True,False
Single,128,169,0.03284761544292067,14.080403964580075,0.0022449900973331555,True,False
Single,128,170,0.03285200707298247,12.711053836507315,0.0022449330403390734,True,False
Single,128,171,0.033078050147495125,11.32056428888342,0.0022448759747645194,True,False
Single,128,172,0.03330198975007298,14.655569433308834,0.0022446143980815627,True,False
Single,128,173,0.03330488087574912,17.95886362923275,0.0022443535360145263,True,False
Single,128,174,0.03330818432206151,21.28824754247313,0.0022440919229688855,True,False
Single,128,175,0.033354820828029985,24.59716332295205,0.0022438310413614715,True,False
Single,128,176,0.03340164251759653,23.599126498484374,0.0022438727436275984,True,False
Single,128,177,0.033402783208461684,22.574459345279706,0.002243914601497967,True,False
Single,128,178,0.0334033862101204,21.57768691143886,0.0022439563424592637,True,False
Single,128,179,0.03364473760750414,20.551747833496872,0.0022439982426106925,True,False
Single,128,180,0.033886606438657874,19.573083841697677,0.0022440504098623056,True,False
Single,128,181,0.033888375139740884,18.56220825701807,0.0022441027325259054,True,False
Single,128,182,0.03388997374426364,17.58540249617791,0.0022441548574892722,True,False
Single,128,183,0.03401630681062617,16.572676215533786,0.002244207141464706,True,False
Single,128,184,0.03414224294335266,15.34635344997287,0.002244302347321609,True,False
Single,128,185,0.03414408165319616,14.089832350007327,0.0022443976079633385,True,False
Single,128,186,0.0341460179265039,12.866358373555753,0.0022444928085499803,True,False
Single,128,187,0.034184566607207575,11.606990049201933,0.0022445880624230793,True,False
Single,128,188,0.034223009269239976,10.5042789301822,0.0022447635374576486,True,False
Single,128,189,0.03422399494260514,9.350260866687618,0.002244939050234944,True,False
Single,128,190,0.03422500906891873,8.254457203848908,0.002245114550230817,True,False
Single,128,191,0.03444666389053372,7.093531294465686,0.0022452900865260056,True,False
Single,128,192,0.03467071124120247,11.320868000241326,0.0022458103275448207,True,False
Single,128,193,0.03467353567773712,15.546686039894388,0.0022463306718398038,True,False
Single,128,194,0.03467637327606221,19.777142442532934,0.0022468520065681012,True,False
Single,128,195,0.03475148214872767,24.00847278723823,0.00224737343514661,True,False
Single,128,196,0.03482429042539015,23.48079024823907,0.0022471439609698636,True,False
Single,128,197,0.03482604888099344,22.919611066484304,0.0022469149699051423,True,False
Single,128,198,0.03482845229719861,22.3927412737537,0.002246685656452323,True,False
Single,128,199,0.03491113330146936,21.830758604392994,0.002246456828888424,True,False
Single,128,200,0.03499390765634991,20.45934600979494,0.0022465626544385543,True,False
Single,128,201,0.03499687919416211,19.075138248885715,0.002246668510591324,True,False
Single,128,202,0.03499954958845514,17.70473796635869,0.0022467743793638294,True,False
Single,128,203,0.035467048050683236,16.31951556065711,0.002246880277060853,True,False
Single,128,204,0.035934595324979,14.96361669968697,0.0022469395989148343,True,False
Single,128,205,0.03593635203800549,13.585021521623894,0.002246998971948627,True,False
Single,128,206,0.03593753146413925,12.231722392191687,0.0022470582933676693,True,False
Single,128,207,0.03710954924854709,10.850527482038673,0.0022471176668283077,True,False
Single,128,208,0.03828286256386265,10.433080634144593,0.0022475853394969573,True,False
Single,128,209,0.03828457434323412,9.936592231535434,0.00224805345898942,True,False
Single,128,210,0.03828588933901944,9.523049877011932,0.002248521123181555,True,False
Single,128,211,0.03832081565875839,9.022722525653014,0.002248989254542512,True,False
Single,128,212,0.03835565129250651,7.809321682122614,0.002249015722091345,True,False
Single,128,213,0.038358421120579175,6.538778404678343,0.002249042240947828,True,False
Single,128,214,0.0383606411417957,5.338741387813714,0.0022490686911037774,True,False
Single,128,215,0.03870813421562441,4.054835496534195,0.002249095194390864,True,False
Single,128,216,0.039055394770193264,3.5805361477153963,0.002249517831569778,True,False
Single,128,217,0.0390567672616704,2.9037350488142692,0.0022499404603341733,True,False
Single,128,218,0.03905875583291485,2.4771523119226697,0.0022503633347585855,True,False
Single,128,219,0.039098485382425996,1.75262642035543,0.002250786196245906,True,False
Single,128,220,0.039138343886641114,2.1017390099275284,0.0022510183495374073,True,False
Single,128,221,0.03913993953103523,2.0332294178062247,0.0022512507594507325,True,False
Single,128,222,0.0391409278273005,2.3577512312209192,0.0022514829205001734,True,False
Single,128,223,0.03935062965804287,2.3138342291244345,0.002251715331608735,True,False
Single,128,224,0.039561180458744016,1.9734862925423655,0.0022520575336992493,True,False
Single,128,225,0.03956374256964512,1.2532859300162396,0.0022523997155082117,True,False
Single,128,226,0.03956596855531565,1.1126881597231355,0.0022527416804895826,True,False
Single,128,227,0.04064962749279501,0.19274780936765434,0.0022530836294385598,True,False
Single,128,228,0.0417342870043272,0.9467818750453986,0.00225276673758888,True,False
Single,128,229,0.04173650032636274,0.815217315423562,0.002252450323289762,True,False
Single,128,230,0.04173800294794194,1.5941648465399083,0.0022521332724881548,True,False
Single,128,231,0.04296295988102633,1.8231881095864535,0.002251816704063263,True,False
Single,128,232,0.04418707032594171,3.087761678447016,0.002251915258439849,True,False
Single,128,233,0.04418942364727285,4.184374100364904,0.002252013874806862,True,False
Single,128,234,0.044191637897371905,5.412603739991931,0.0022521124291678633,True,False
Single,128,235,0.0444507178762161,6.545560191944164,0.002252211047413598,True,False
Single,128,236,0.04470990917628309,6.462918245790709,0.002252383279825375,True,False
Single,128,237,0.04471299466781958,6.24767862767285,0.0022525557768771323,True,False
Single,128,238,0.04471624078719466,6.168092015606034,0.002252728008399229,True,False
Single,128,239,0.04485107629071253,5.94979886806062,0.002252900497387321,True,False
Single,128,240,0.04498602158889588,7.29701381370198,0.002252947158746317,True,False
Single,128,241,0.04498862643177849,8.591335728844728,0.0022529938545893455,True,False
Single,128,242,0.044990794925527045,9.931596327217514,0.0022530405152398837,True,False
Single,128,243,0.045676556489218895,11.232872921762269,0.0022530872117127593,True,False
Single,128,244,0.046362857279448666,12.257718001879077,0.002253073237843145,True,False
Single,128,245,0.04636571206998663,13.23338015071592,0.002253059302790647,True,False
Single,128,246,0.0463680940130754,14.254855909781453,0.0022530453266215358,True,False
Single,128,247,0.04656273138696532,15.233888093792332,0.0022530313885977746,True,False
Single,128,248,0.04675754989918929,16.4141096944846,0.0022530986779971426,True,False
Single,128,249,0.04676038755739825,17.563007707724175,0.002253166025255005,True,False
Single,128,250,0.04676325522107867,18.74132405589378,0.0022532333127355027,True,False
Single,128,251,0.047756369584779315,19.892127329314032,0.002253300660047787,True,False
Single,128,252,0.04874962063301114,20.985741201065085,0.002253404631816072,True,False
Single,128,253,0.04875269803749438,22.053563380503686,0.0022535086316181337,True,False
Single,128,254,0.048755791210896016,23.145995280111546,0.002253612578014701,True,False
Single,128,255,0.00011993310252192413,24.214999035957327,0.002253716554709982,True,False
Single,256,0,0.00022269812231523467,4.330176081285729,0.0022510085449623874,True,False
Single,256,1,0.00022321304985245538,5.305645237790712,0.002251076654175384,True,False
Single,256,2,0.00022412399734633714,6.318922438379732,0.002251144635252728,True,False
Single,256,3,0.00028460169927149725,7.301577029083768,0.00225121274149339,True,False
Single,256,4,0.0003458742420830996,7.540514590208468,0.00225136287939599,True,False
Single,256,5,0.0003490235659606711,7.751945808258022,0.0022515130828637164,True,False
Single,256,6,0.0003517491532445127,7.99005598534243,0.00225166321944156,True,False
Single,256,7,0.0009094102757696149,8.20231458793503,0.0022518134242336743,True,False
Single,256,8,0.00146732365460725,7.986899916148568,0.002252045530361158,True,False
Single,256,9,0.001469035433978666,7.74569801320204,0.0022522777397369,True,False
Single,256,10,0.001470350429764039,7.5311049019922915,0.002252509841205846,True,False
Single,256,11,0.0015052767495030428,7.289097827296161,0.0022527420560882264,True,False
Single,256,12,0.0015401123832511632,6.6766683980373625,0.0022527541106336303,True,False
Single,256,13,0.0015420993652371512,6.047590803891511,0.002252766177798428,True,False
Single,256,14,0.0015438757211230225,5.430734437598964,0.002252787243551221,True,False
Single,256,15,0.0015446585672096863,4.793423697550628,0.0022528083221423543,True,False
Single,256,16,0.0015451022325403407,4.185989346536397,0.0022528203722935077,True,False
Single,256,17,0.0015457726442513805,3.5519135351010895,0.0022528324359671315,True,False
Single,256,18,0.0015465691753732604,2.9437628817749477,0.0022528535055235093,True,False
Single,256,19,0.0018933918374909459,2.2977427271187283,0.002252874588908528,True,False
Single,256,20,0.002239855860937917,2.0541385922392967,0.002253084588441311,True,False
Single,256,21,0.0022412283524150534,1.7226869463783991,0.0022532945861225774,True,False
Single,256,22,0.0022432169236595023,1.4961820381186506,0.00225350464555096,True,False
Single,256,23,0.002282946473170594,1.147629174923024,0.002253714700846801,True,False
Single,256,24,0.002322804977385712,1.3006461710531676,0.002253829221732415,True,False
Single,256,25,0.002324400621779882,1.2881727382907604,0.0022539438071339183,True,False
Single,256,26,0.0023253889180451515,1.4332456521499273,0.0022540583308061184,True,False
Single,256,27,0.002535090748787522,1.4287167620770933,0.002254172915659755,True,False
Single,256,28,0.00274564154948867,1.2381530870889221,0.0022543429249676323,True,False
Single,256,29,0.0027482036603897753,0.8993968475947194,0.002254512929023863,True,False
Single,256,30,0.0027504296460602873,0.7626370216845341,0.002254682878521224,True,False
Single,256,31,0.00350395464603849,0.3700795607961633,0.0022548528248775915,True,False
Single,256,32,0.004257009527407228,0.41838154876683126,0.002254920727681759,True,False
Single,256,33,0.0042600398473223375,0.5526843504088617,0.0022549886766690904,True,False
Single,256,34,0.004263001812689127,1.0927821075649808,0.0022550565802258284,True,False
Single,256,35,0.004337504065039743,1.4754455477545563,0.0022551245284609042,True,False
Single,256,36,0.004412626195540614,2.1681530402955103,0.0022551720665756427,True,False
Single,256,37,0.004414963123503202,2.8266155635617483,0.002255219603144658,True,False
Single,256,38,0.004416825239935279,3.5127848590926045,0.00225526714270751,True,False
Single,256,39,0.00462020770883137,4.177786050707494,0.002255314680016711,True,False
Single,256,40,0.00482324468008527,2.063676929760586,0.002255475674340552,True,False
Single,256,41,0.004824680610145238,0.06030688907918325,0.0022556369376063937,True,True
Single,256,42,0.004826771133346508,2.181912913040113,0.0022557979179720676,True,False
Single,256,43,0.004872217171663293,4.298380561594491,0.002255959096533172,True,False
Single,256,44,0.004918748095071833,4.071064866980091,0.0022557996193390225,True,False
Single,256,45,0.004920961417107371,3.7947172438687664,0.0022556402610000997,True,False
Single,256,46,0.004922464038686597,3.5709456995512334,0.002255480743478194,True,False
Single,256,47,0.006147420971770984,3.2910516599103086,0.0022553213471860553,True,False
Single,256,48,0.007371531416686367,2.7244122287381662,0.002255369950080346,True,False
Single,256,49,0.0073738847380175054,2.110744341198936,0.002255418568481533,True,False
Single,256,50,0.007376098988116531,1.5622575403442092,0.002255467171146674,True,False
Single,256,51,0.007586013419654161,0.9304372316027748,0.0022555157902424267,True,False
Single,256,52,0.0077968714997515565,0.35475771826578084,0.0022555312357279106,True,False
Single,256,53,0.00780110665617767,0.44078282388744994,0.0022555466866588728,True,False
Single,256,54,0.007804429515133882,1.155498018136494,0.0022555621218571546,True,False
Single,256,55,0.007849359906014333,1.811999861469776,0.0022555775618801135,True,False
Single,256,56,0.007894370267027724,1.7976437985735003,0.0022556627335998027,True,False
Single,256,57,0.007897455758564216,1.6631998637622243,0.002255747972018522,True,False
Single,256,58,0.007900701877939315,1.6540074107115266,0.0022558331444032472,True,False
Single,256,59,0.00803553738145718,1.5144003218991788,0.0022559183799176485,True,False
Single,256,60,0.008170482679640517,2.196679286943124,0.0022559409904239634,True,False
Single,256,61,0.008173087522523131,2.834982102060191,0.0022559636095648757,True,False
Single,256,62,0.008175256016271698,3.509106323558378,0.002255986219738287,True,False
Single,256,63,0.008438337026544632,4.155564056430314,0.002256008839192497,True,False
Single,256,64,0.008701464790640823,3.6162575074334042,0.0022559671187649803,True,False
Single,256,65,0.008703264941389205,3.016550653238366,0.00225592549586737,True,False
Single,256,66,0.008705355660668351,2.4911581324053764,0.002255883794616134,True,False
Single,256,67,0.00884839776055421,1.8775399029885727,0.0022558421956266894,True,False
Single,256,68,0.0089911432839615,2.429975595167177,0.002255864853836231,True,False
Single,256,69,0.00899157932923872,2.9712336567265942,0.0022558875116137356,True,False
Single,256,70,0.008992354635176114,3.4636315484105453,0.002255910181773578,True,False
Single,256,71,0.00926975689268357,3.9634599709633167,0.0022559328515001295,True,False
Single,256,72,0.009547318370193264,4.4801330835599895,0.0022559252336912887,True,False
Single,256,73,0.009550173160731229,4.963249690736514,0.0022559176253481705,True,False
Single,256,74,0.009552555103819999,5.4769555077323755,0.0022559100070558857,True,False
Single,256,75,0.009747192477709915,5.963039596819625,0.0022559023978778042,True,False
Single,256,76,0.009942010989933942,6.554834938270998,0.002255935461927468,True,False
Single,256,77,0.009944848648142907,7.12707794082317,0.0022559685404042666,True,False
Single,256,78,0.009947716311823306,7.717447593512458,0.0022560016037394834,True,False
Single,256,79,0.010055381522025432,8.291116290213752,0.0022560346824650607,True,False
Single,256,80,0.010163263111234278,7.929967926970557,0.0022561036377671652,True,False
Single,256,81,0.010165421217214199,7.54220866218136,0.0022561726691454785,True,False
Single,256,82,0.010167947620892959,7.182470001862357,0.0022562415593200902,True,False
Single,256,83,0.010733811882751715,6.793308132817261,0.0022563105300354783,True,False
Single,256,84,0.011298776289180024,7.461847046291861,0.0022563294889014623,True,False
Single,256,85,0.011299024376568212,8.117370546925907,0.0022563484552522556,True,False
Single,256,86,0.011299447844179522,8.78488027054665,0.00225636741951417,True,False
Single,256,87,0.011501326816694357,9.441433154649765,0.0022563863908578105,True,False
Single,256,88,0.011703985510435,9.945294250532122,0.0022564292345135448,True,False
Single,256,89,0.011706756241069594,10.43323842109702,0.0022564721050672976,True,False
Single,256,90,0.011709368807724163,10.936411936165642,0.0022565149479980124,True,False
Single,256,91,0.011821897802846384,11.425043162305116,0.002256557818609138,True,False
Single,256,92,0.011934081723755735,11.970903127142076,0.002256609340958504,True,False
Single,256,93,0.011937159128238978,12.505498276715324,0.002256660870195735,True,False
Single,256,94,0.011940252301640614,13.050911325225956,0.0022567123859278913,True,False
Single,256,95,0.012103021571690964,13.58595329262939,0.0022567639096614106,True,False
Single,256,96,0.012265353663300352,14.238062525052134,0.0022567600389011362,True,False
Single,256,97,0.012267115005241636,14.88329224980967,0.0022567561757412,True,False
Single,256,98,0.012269562891550234,15.661384173570548,0.0022567740622099616,True,False
Single,256,99,0.012270739851538981,16.43580200517846,0.002256791964220906,True,False
Single,256,100,0.012271502415808842,17.08730356957394,0.0022567880951265325,True,False
Single,256,101,0.012272402899407307,17.86917091552982,0.002256805961978843,True,False
Single,256,102,0.012273243350851726,18.510922267054994,0.0022568021223609742,True,False
Single,256,103,0.012305673633811381,19.285593841913478,0.00225682002645413,True,False
Single,256,104,0.012338309793950675,20.03410645749237,0.002256868402089389,True,False
Single,256,105,0.012340913828929878,20.779514303921978,0.0022569167935445945,True,False
Single,256,106,0.012343959543709648,21.52793001679824,0.0022569651695352826,True,False
Single,256,107,0.01259384427415837,22.273434766318992,0.002257013560620205,True,False
Single,256,108,0.012843762765175987,21.71628479025452,0.0022570161950006846,True,False
Single,256,109,0.012846026371779742,21.148695974485726,0.0022570189253163274,True,False
Single,256,110,0.012847909676463612,20.591796763582956,0.002257021536436091,True,False
Single,256,111,0.013172465879929166,20.023954582886887,0.0022570242469281965,True,False
Single,256,112,0.013496502197724136,18.804549506594164,0.0022568744261484697,True,False
Single,256,113,0.013502102147423534,17.585246369343412,0.002256724609187591,True,False
Single,256,114,0.013513899641322234,16.36204878034488,0.002256574717974233,True,False
Single,256,115,0.013523581758737378,15.13875473745501,0.0022564248305922963,True,False
Single,256,116,0.013527829787210455,15.656619828235772,0.0022564984288729667,True,False
Single,256,117,0.013529970465165131,16.164439739959327,0.002256572053220411,True,False
Single,256,118,0.013531552472296149,16.68201440209737,0.0022566456518022912,True,False
Single,256,119,0.013633987020539848,17.190125268826407,0.002256719276515516,True,False
Single,256,120,0.013737088850047069,17.825868647744116,0.002256724861820972,True,False
Single,256,121,0.013740420814051524,18.45566745945925,0.002256730456879905,True,False
Single,256,122,0.013743309267301107,19.09122074724264,0.002256736041453892,True,False
Single,256,123,0.014184526181016371,19.72120965160028,0.002256741637215509,True,False
Single,256,124,0.014625625728391406,20.002216072997275,0.002256638004521659,True,False
Single,256,125,0.014626325407680635,20.283093713905895,0.0022565343924644543,True,False
Single,256,126,0.014627411500823057,20.554075842816502,0.0022564309035194583,True,False
Single,256,127,0.014688605498745774,20.825179692790865,0.002256327433079741,True,False
Single,256,128,0.014749211728750877,19.028176870089872,0.00225593713159069,True,False
Single,256,129,0.014751768142300337,17.224305262282197,0.002255546917343119,True,False
Single,256,130,0.014755113128821551,15.427912395719645,0.002255156688171709,True,False
Single,256,131,0.014770625584888383,13.623431230135933,0.002254766383802259,True,False
Single,256,132,0.014785774065239149,12.420101878102688,0.002254766921398727,True,False
Single,256,133,0.014788005547822641,11.201440360975148,0.0022547676017826562,True,False
Single,256,134,0.01479047014318377,9.999912550237736,0.002254768136360332,True,False
Single,256,135,0.014880063880363212,8.77944949604041,0.0022547688197638166,True,False
Single,256,136,0.014969315652802295,6.740441733250906,0.002253617191733632,True,False
Single,256,137,0.014972786695033935,4.691069333749801,0.00225246545835514,True,False
Single,256,138,0.014976168862974593,2.658593081576397,0.002251313828781365,True,False
Single,256,139,0.015465657917470135,0.602689819401955,0.0022501620969461733,True,False
Single,256,140,0.01595491476167102,1.1306109116574916,0.0022500828548756065,True,False
Single,256,141,0.015956892545831686,2.7460307728024445,0.0022500037709361678,True,False
Single,256,142,0.01595882813068286,4.434718828720499,0.0022499245329645192,True,False
Single,256,143,0.01606427373574343,6.094750209174591,0.002249845458903929,True,False
Single,256,144,0.016169681991974355,5.429638291810749,0.002249835070065747,True,False
Single,256,145,0.01617207112630123,4.750011210548544,0.0022498246844261365,True,False
Single,256,146,0.016174550104587543,4.087333963939355,0.002249814298468855,True,False
Single,256,147,0.016257419716714253,3.405273122780093,0.0022498039150965696,True,False
Single,256,148,0.01634111667651922,3.2058757422951163,0.0022499739768349555,True,False
Single,256,149,0.01634271754673078,3.011365280506422,0.002250144021945906,True,False
Single,256,150,0.016343468453487053,2.7476990152147596,0.0022503141791862815,True,False
Single,256,151,0.0163874873419943,2.4774236307160953,0.0022504843526285,True,False
Single,256,152,0.016432590048783585,3.4957223203626695,0.0022504972107536244,True,False
Single,256,153,0.016435256308805934,4.457607806945605,0.0022505102178192117,True,False
Single,256,154,0.016437973551297835,5.465626725751127,0.002250523072750113,True,False
Single,256,155,0.016521794924788114,6.437792227996062,0.00225053608332159,True,False
Single,256,156,0.016604904275358434,5.7771080570870526,0.002250537118413585,True,False
Single,256,157,0.016608166429413873,5.102736043372532,0.002250538156623715,True,False
Single,256,158,0.016611007965344093,4.444161217921604,0.002250539189425851,True,False
Single,256,159,0.01666183311091661,3.7676789794169316,0.0022505402247778097,True,False
Single,256,160,0.016712990228579805,4.1514138701136245,0.0022506250479847004,True,False
Single,256,161,0.016713688174711472,4.48593022434034,0.0022507099413377877,True,False
Single,256,162,0.01671450806998029,4.86603643214704,0.002250794829298553,True,False
Single,256,163,0.016736595203920887,5.204188572465308,0.002250879783688625,True,False
Single,256,164,0.016758290268231918,4.964451888658868,0.0022507422731661677,True,False
Single,256,165,0.016761784228991827,4.684292697774573,0.002250604882121769,True,False
Single,256,166,0.016765077506786852,4.4468216350827525,0.002250467332250711,True,False
Single,256,167,0.016818177270643317,4.164394510683962,0.002250329899486536,True,False
Single,256,168,0.01687172730953082,5.39294055715995,0.0022503321061803157,True,False
Single,256,169,0.016872454782422414,6.615292120570591,0.0022503343131210704,True,False
Single,256,170,0.01687294750085519,7.8120577914824345,0.002250336657945675,True,False
Single,256,171,0.01696644309452426,9.013051436486903,0.0022503390101878268,True,False
Single,256,172,0.01706000056458945,8.368106390432702,0.00225032233010917,True,False
Single,256,173,0.017062453047658965,7.711101643717382,0.0022503056535835165,True,False
Single,256,174,0.017065028842457697,7.067300534285312,0.0022502889738685,True,False
Single,256,175,0.017227743616407123,6.409151854650706,0.0022502722969793,True,False
Single,256,176,0.017391413866280903,5.816143012484066,0.0022502817028950913,True,False
Single,256,177,0.017395189131808958,5.203146617956081,0.002250291120158687,True,False
Single,256,178,0.017398092030963902,4.612818841491334,0.00225030052714516,True,False
Single,256,179,0.01771083782890137,3.9971410010849304,0.002250309946349026,True,False
Single,256,180,0.018024144025784644,3.3435234001264154,0.0022503280109777675,True,False
Single,256,181,0.018028271325991135,2.6677139229391518,0.002250346072876588,True,False
Single,256,182,0.018031536364875617,2.021544642011027,0.00225036413662804,True,False
Single,256,183,0.018036041495257796,1.338287334469301,0.0022503821972156487,True,False
Single,256,184,0.018040847354939438,3.170125955383818,0.002250034970377216,True,False
Single,256,185,0.018041593753041624,4.990097251013567,0.0022496877487612615,True,False
Single,256,186,0.018042083417652705,6.793905308420913,0.0022493405864936677,True,False
Single,256,187,0.018066856836498252,8.603247655864532,0.002248993429519057,True,False
Single,256,188,0.01809248715295686,9.080168688524441,0.002249096431490328,True,False
Single,256,189,0.018094473933969346,9.534038960537089,0.002249199537023215,True,False
Single,256,190,0.01809639243332073,10.00989004491877,0.0022493025164519813,True,False
Single,256,191,0.018640948757791792,10.464829363506608,0.0022494056043481855,True,False
Single,256,192,0.019185068745219164,9.826466008969717,0.002249392858713117,True,False
Single,256,193,0.01918898540199307,9.178250685497403,0.0022493801193164092,True,False
Single,256,194,0.01919235728477625,8.540671609124832,0.0022493673686402467,True,False
Single,256,195,0.019342905066065966,7.891672199881711,0.0022493546238954998,True,False
Single,256,196,0.01949370158645644,7.250681067793866,0.0022493937804247775,True,False
Single,256,197,0.01949455966143157,6.611110779688762,0.002249432936477294,True,False
Single,256,198,0.01949532147354574,5.95572713319344,0.002249472104183421,True,False
Single,256,199,0.019626357883252593,5.298592708595058,0.0022495112723804472,True,False
Single,256,200,0.019757944490618268,6.517548896767901,0.002249483761671847,True,False
Single,256,201,0.0197601108380647,7.709457590386195,0.0022494564014011093,True,False
Single,256,202,0.019762203484674334,8.92466843600133,0.0022494288794040014,True,False
Single,256,203,0.020164141332129223,10.120322806707641,0.0022494015150941946,True,False
Single,256,204,0.020565986716390594,9.378230109021755,0.0022494376083157103,True,False
Single,256,205,0.020568496502961803,8.629568258501683,0.002249473716187686,True,False
Single,256,206,0.02057138882489662,7.943485333383701,0.0022494449068126607,True,False
Single,256,207,0.02057295868409406,7.248991316633195,0.002249416095752371,True,False
Single,256,208,0.020573572748030344,6.508382104247866,0.002249452189938978,True,False
Single,256,209,0.020575769139835554,5.758233762435934,0.0022494882981703625,True,False
Single,256,210,0.020580160769897354,5.074569900116848,0.0022494594898325726,True,False
Single,256,211,0.020806203844410037,4.37765382122436,0.0022494306790451085,True,False
Single,256,212,0.021030143446987837,6.047930813238271,0.0022493003615452066,True,False
Single,256,213,0.021033034572663922,7.697432875281323,0.0022491702214046828,True,False
Single,256,214,0.021036338018976364,9.363857004301332,0.002249039892789156,True,False
Single,256,215,0.021082974524944897,11.017212044143104,0.002248909749785734,True,False
Single,256,216,0.021129796214511443,10.518511962968532,0.002248929802404863,True,False
Single,256,217,0.021130936905376596,10.004840928478469,0.002248949893319696,True,False
Single,256,218,0.021131539907035313,9.506948048177724,0.0022489699551635884,True,False
Single,256,219,0.02137289130441905,8.992467929863587,0.0022489900571008165,True,False
Single,256,220,0.021614760135572786,8.504014667408196,0.002249015291044205,True,False
Single,256,221,0.02161652883665577,7.9969980905943014,0.002249040563330981,True,False
Single,256,222,0.021618127441178525,7.509800748161599,0.0022490657862492104,True,False
Single,256,223,0.021744460507541086,7.0015301370714,0.002249091049313881,True,False
Single,256,224,0.021870396640267548,6.389570557684299,0.0022491378639310573,True,False
Single,256,225,0.02187223535011104,5.759406759230975,0.0022491846921132885,True,False
Single,256,226,0.021874171623418814,5.1495579330516374,0.0022492315055925027,True,False
Single,256,227,0.021892951781124673,4.5172837802653465,0.002249278331902922,True,False
Single,256,228,0.02191241954238396,4.997801054239851,0.002249399778545167,True,False
Single,256,229,0.02191353230776813,5.474670129825138,0.002249521232905352,True,False
Single,256,230,0.02191377582214224,5.913305622899631,0.002249642791888085,True,False
Single,256,231,0.02193243157975587,6.354909152271911,0.0022497643586076796,True,False
Single,256,232,0.021951162966154875,5.802070095603616,0.0022498514499516477,True,False
Single,256,233,0.021952148639520053,5.2259369035002985,0.0022499385505436345,True,False
Single,256,234,0.021953162765833645,4.675807353710661,0.0022500256483006355,True,False
Single,256,235,0.02217481758744863,4.096964564730374,0.002250112754600929,True,False
Single,256,236,0.02239886493811738,6.2119589434537525,0.0022503718677171266,True,False
Single,256,237,0.022401689374652034,8.326292929170839,0.0022506310079631053,True,False
Single,256,238,0.022404526972977123,10.44097023328713,0.0022508904187313293,True,False
Single,256,239,0.022479635845642526,12.556041118424758,0.0022511498516580228,True,False
Single,256,240,0.022552444122305004,12.29200406456607,0.002251033446229513,True,False
Single,256,241,0.022554202577908355,12.011824150371515,0.0022509171616864197,True,False
Single,256,242,0.02255660599411352,11.74814355930852,0.002250800796085795,True,False
Single,256,243,0.022639286998384217,11.467609497537186,0.0022506845527823366,True,False
Single,256,244,0.022722061353264766,10.781686881203155,0.0022507361325245336,True,False
Single,256,245,0.02272503289107697,10.089702848660618,0.002250787719948204,True,False
Single,256,246,0.022727703285369993,9.404239749024693,0.0022508393107092068,True,False
Single,256,247,0.02306693304687628,8.71179561806034,0.0022508909083086143,True,False
Single,256,248,0.023406351743322035,8.050177011441328,0.002250875032358962,True,False
Single,256,249,0.023410363503432258,7.377964881430202,0.0022508591675515876,True,False
Single,256,250,0.023413669369045625,6.717435444841137,0.0022508432913690138,True,False
Single,256,251,0.023537926309657273,6.044134150077676,0.0022508274267973444,True,False
Single,256,252,0.023662749021893914,5.36841617748348,0.0022508557053131048,True,False
Single,256,253,0.023664505734920405,4.676923708249641,0.0022508839966731155,True,False
Single,256,254,0.023665685161054134,4.00399660579739,0.002250912274976364,True,False
Single,256,255,0.02421589986959692,3.3097132848036104,0.0022509405665469967,True,False
Single,640,0,0.0002912722888717134,0.7034545826443697,0.0022534386263182247,True,False
Single,640,1,0.00029383439977270776,0.7888484138062184,0.0022535066057786015,True,False
Single,640,2,0.00029606038544317814,0.910490294534971,0.0022535745763565818,True,False
Single,640,3,0.0003647880702943168,1.0004686427802119,0.0022536425468372284,True,False
Single,640,4,0.0004337637179004372,1.278789407886602,0.0022536488723904177,True,False
Single,640,5,0.0004379988743265506,1.5489443420716027,0.002253655198846647,True,False
Single,640,6,0.00044132173328276236,1.8260934618806999,0.0022536615228295033,True,False
Single,640,7,0.000506218959962168,2.0974200370340537,0.002253667847464551,True,False
Single,640,8,0.0005719164620909267,1.8816273668261578,0.0022536691307460718,True,False
Single,640,9,0.0005741800686946495,1.6472147197456635,0.0022536704295234846,True,False
Single,640,10,0.000576063373378408,1.4342452674719215,0.0022536717086792638,True,False
Single,640,11,0.0007182038004346081,1.1970090336786918,0.0022536730046896977,True,False
Single,640,12,0.000860262530620215,0.48802012156797314,0.0022535338088576174,True,False
Single,640,13,0.0008610089287223593,0.3138285141829593,0.002253394614058289,True,False
Single,640,14,0.0008614985933335512,0.9903731670441063,0.002253255451910024,True,False
Single,640,15,0.0008862720121790291,1.7084546298410614,0.0022531162907966987,True,False
Single,640,16,0.0009119023286375816,1.9034716418212216,0.0022531573343176283,True,False
Single,640,17,0.0009138891096501789,2.080735752678788,0.0022531983937993673,True,False
Single,640,18,0.0009158076090016176,2.274324394308674,0.002253239433127475,True,False
Single,640,19,0.0011165003438480814,2.453016746343866,0.0022532804903727735,True,False
Single,640,20,0.0013170283977687602,2.1894412717669476,0.0022532737232961036,True,False
Single,640,21,0.0013210401578788722,1.9196957595653776,0.002253266957985565,True,False
Single,640,22,0.001324346023492351,1.6571724720935268,0.0022532601908153644,True,False
Single,640,23,0.0013313709093265846,1.3863748148054214,0.0022532534255988237,True,False
Single,640,24,0.0013383570087898145,1.6247692859913183,0.002253236952677826,True,False
Single,640,25,0.001340157159538169,1.8420545383477906,0.00225322049508051,True,False
Single,640,26,0.0013422478788172043,2.0782123507222106,0.002253204024660384,True,False
Single,640,27,0.0014034848190400129,2.2977338799364064,0.0022531875714561916,True,False
Single,640,28,0.001465242546961898,2.048723236526373,0.002253190328452248,True,False
Single,640,29,0.001468574510966436,1.7915029101357722,0.002253193086651704,True,False
Single,640,30,0.0014714629642159083,1.5438847370381528,0.0022531958433558547,True,False
Single,640,31,0.0015499361598743377,1.2852719866837146,0.0022531986018430455,True,False
Single,640,32,0.001628035502110381,1.0876750468324283,0.002253207848494588,True,False
Single,640,33,0.001628471547387711,0.8950633828957346,0.002253217094892644,True,False
Single,640,34,0.0016292468533250642,0.6773132072172112,0.0022532263433881015,True,False
Single,640,35,0.0018167955010937459,0.4509452974910409,0.002253235591629321,True,False
Single,640,36,0.0020044839208999132,0.2298551650780835,0.0022532302088277088,True,False
Single,640,37,0.00200840057767393,0.06371717431910963,0.0022532248269861673,True,False
Single,640,38,0.0020117724604571396,0.3445446655854976,0.002253219443415075,True,False
Single,640,39,0.002182614828693863,0.5783642814096516,0.002253214060680263,True,False
Single,640,40,0.002353779425306124,0.711182570031084,0.0022531731148373495,True,False
Single,640,41,0.002354479104595464,0.837521419005434,0.0022531321725537817,True,False
Single,640,42,0.0023555651977379966,0.9264126409072013,0.0022530912498055222,True,False
Single,640,43,0.002409438406869524,1.0194569067939583,0.0022530503297619395,True,False
Single,640,44,0.0024643788344547307,1.1341153484042372,0.002252986281644082,True,False
Single,640,45,0.0024665921564903798,1.2206158935692024,0.002252922252260123,True,False
Single,640,46,0.0024680947780696405,1.333231336283667,0.0022528581974039456,True,False
Single,640,47,0.0024912711144414734,1.4217752655865088,0.002252794162232556,True,False
Single,640,48,0.002513927762154089,0.9525220287307421,0.0022527943664947974,True,False
Single,640,49,0.0025161592447374703,0.4528346866437926,0.002252794593458698,True,False
Single,640,50,0.0025186238400985717,0.17317293989180974,0.002252794796508984,True,False
Single,640,51,0.002598047318342761,0.516108610074141,0.0022527950246851933,True,False
Single,640,52,0.002677067382932219,0.9321214041936176,0.0022528218190742263,True,False
Single,640,53,0.0026775823104694396,1.3142596702772698,0.0022528486346634377,True,False
Single,640,54,0.0026784932579633214,1.7224607818724782,0.0022528754301693555,True,False
Single,640,55,0.0027389709598884815,2.1124111275845574,0.002252902244591966,True,False
Single,640,56,0.002799103006308562,2.2100527207988594,0.0022529619697443165,True,False
Single,640,57,0.0028001553293832693,2.3537736822705098,0.0022529896628366696,True,False
Single,640,58,0.002801295825774902,2.508836919851625,0.00225301733702109,True,False
Single,640,59,0.0028028810891287115,2.5921395843503743,0.002253077073010542,True,False
Single,640,60,0.002804410436165833,2.7480401866516493,0.002253104731441045,True,False
Single,640,61,0.0028053515764907277,2.8541740880007502,0.002253164432637743,True,False
Single,640,62,0.0028065478167374064,2.9874430708375983,0.002253192120134904,True,False
Single,640,63,0.003096063045501876,3.071880930237794,0.0022532518484418423,True,False
Single,640,64,0.003385401892071316,2.7754046963332852,0.0022532659999928923,True,False
Single,640,65,0.0033879116786426355,2.4754089866881825,0.0022532801539061854,True,False
Single,640,66,0.0033908040005775075,2.201617548750119,0.0022532683754049533,True,False
Single,640,67,0.0033923738597749498,1.923018286676394,0.002253256596665723,True,False
Single,640,68,0.0033929879237112326,1.6278370092882541,0.0022532707484438762,True,False
Single,640,69,0.003395184315516414,1.326545935447933,0.002253284902342244,True,False
Single,640,70,0.003399575945578104,1.0554513199570086,0.0022532731240979247,True,False
Single,640,71,0.0035423436786864437,0.7741549559294486,0.0022532613453117856,True,False
Single,640,72,0.0036830684585859585,1.451020356663239,0.002253229761901665,True,False
Single,640,73,0.003685046242746598,2.1137020096493395,0.002253198203932993,True,False
Single,640,74,0.003686981827597663,2.787179510180626,0.002253166620497282,True,False
Single,640,75,0.0037682793848412832,3.45324935509128,0.0022531350647912035,True,False
Single,640,76,0.003849558622668614,4.119507435494628,0.0022530825697236155,True,False
Single,640,77,0.0038524497483448106,4.780843001060723,0.0022530301026189416,True,False
Single,640,78,0.003855753194657141,5.446498950254559,0.0022529776047944504,True,False
Single,640,79,0.0038770101167979187,6.108436677643239,0.0022529251382099186,True,False
Single,640,80,0.003897835688889184,5.840548299021713,0.0022529210245430353,True,False
Single,640,81,0.0039002248232159475,5.570524116733092,0.0022529169114053576,True,False
Single,640,82,0.003902703801502372,5.302758063682575,0.0022529127982733486,True,False
Single,640,83,0.003919255400041538,5.0326117003939945,0.0022529086854246386,True,False
Single,640,84,0.003935668507328849,4.76953459486754,0.0022529167160428793,True,False
Single,640,85,0.003935916594716982,4.5031785290756146,0.0022529247478076967,True,False
Single,640,86,0.003936340062328403,4.240266194121404,0.002252932779339428,True,False
Single,640,87,0.003942530825902096,3.9737453303445625,0.0022529408118520944,True,False
Single,640,88,0.003949211390192331,3.774496828753308,0.002252948531191735,True,False
Single,640,89,0.003950352081057429,3.568595367625693,0.0022529562563868674,True,False
Single,640,90,0.0039509550827160345,3.3697543178039955,0.0022529639769883454,True,False
Single,640,91,0.003974309220100863,3.163445106965208,0.002252971704161312,True,False
Single,640,92,0.003998244981740118,2.915705041981018,0.0022529798646529586,True,False
Single,640,93,0.003999698239537787,2.6619124566561307,0.00225298802706759,True,False
Single,640,94,0.00400093843599021,2.414810672777491,0.0022529961880224003,True,False
Single,640,95,0.004170678558883867,2.1603797720726883,0.0022530043512923453,True,False
Single,640,96,0.004340877728583992,1.9684051980029058,0.002253021933589559,True,False
Single,640,97,0.00434364845921853,1.763684732739773,0.002253039520342685,True,False
Single,640,98,0.004346261025872988,1.5734147202713509,0.00225305710242335,True,False
Single,640,99,0.004390294174546089,1.3669898066614354,0.002253074689285553,True,False
Single,640,100,0.004434175311253674,1.1785247474878213,0.0022530844848714718,True,False
Single,640,101,0.004435944012336629,0.9686282908521519,0.0022530942863646323,True,False
Single,640,102,0.004437542616859275,0.7856895302111874,0.0022531040799713643,True,False
Single,640,103,0.004439355682012536,0.5702672785350061,0.0022531138802037096,True,False
Single,640,104,0.004441143925494606,0.7363328128911629,0.0022531477121415593,True,False
Single,640,105,0.004441841871626384,0.857439406507424,0.002253181555418037,True,False
Single,640,106,0.004442661766895228,1.0172221729043585,0.00225321539816695,True,False
Single,640,107,0.0045213426254522016,1.1446128120535561,0.00225324925076021,True,False
Single,640,108,0.00459988100644565,1.638170580808154,0.0022532499506338643,True,False
Single,640,109,0.004600608479337132,2.127671566893459,0.0022532506496963506,True,False
Single,640,110,0.004601101197770019,2.604500483098494,0.00225325137065274,True,False
Single,640,111,0.004645514921399002,3.083843581135939,0.002253252093646803,True,False
Single,640,112,0.004689811815948297,2.8386157487173302,0.002253270609943447,True,False
Single,640,113,0.004691650525791902,2.5867771687153946,0.0022532891283633056,True,False
Single,640,114,0.004693586799099703,2.3421750067381137,0.0022533076445639456,True,False
Single,640,115,0.0047321354798033205,2.089710833162696,0.0022533261625983236,True,False
Single,640,116,0.00477057814183561,1.8696907492761787,0.0022533607486988007,True,False
Single,640,117,0.00477156381520083,1.6380084135659547,0.0022533953361924815,True,False
Single,640,118,0.004772577941514533,1.4197052145861226,0.0022534299234021264,True,False
Single,640,119,0.0048374456311393935,1.186306026562299,0.0022534645117264843,True,False
Single,640,120,0.004902245881449198,0.9353244000510692,0.0022534634970977478,True,False
Single,640,121,0.004904007223390516,0.6673548851208844,0.002253462483708637,True,False
Single,640,122,0.004906455109699226,0.3694067423760961,0.002253470307513478,True,False
Single,640,123,0.004907632069687973,0.0464857498325203,0.0022534781338285053,True,True
Single,640,124,0.004908394633957799,0.24686903177080757,0.0022534771194037875,True,False
Single,640,125,0.004909295117556264,0.5678641832858615,0.0022534849400217636,True,False
Single,640,126,0.0049101355690006065,0.7888224605301938,0.0022534839304684797,True,False
Single,640,127,0.004913654481413898,1.0933461574731282,0.0022534917571597063,True,False
Single,640,128,0.00491716215606941,1.3370183527910804,0.002253511276077507,True,False
Single,640,129,0.004919515477400438,1.565503228013733,0.002253530797491763,True,False
Single,640,130,0.004921729727499435,1.8072879686224304,0.002253550316261203,True,False
Single,640,131,0.0049482877767146605,2.037660359862246,0.002253569837898803,True,False
Single,640,132,0.004975202012099514,2.3384496465649316,0.0022535898196544275,True,False
Single,640,133,0.004977806047078828,2.6350561795245895,0.0022536098039977847,True,False
Single,640,134,0.00498085176185864,2.9354448200051286,0.002253629785898346,True,False
Single,640,135,0.005049987031913047,3.2324520189650197,0.0022536497700939365,True,False
Single,640,136,0.00511956756319569,3.476290814638696,0.002253653284719173,True,False
Single,640,137,0.005123342828723787,3.714825240719046,0.0022536568011182995,True,False
Single,640,138,0.005126245727878842,3.9583705112517285,0.0022536603158141264,True,False
Single,640,139,0.005171249220819074,4.197198529396315,0.002253663832624736,True,False
Single,640,140,0.005218280113798157,3.3517214152882,0.002253767181746101,True,False
Single,640,141,0.005221104550332811,2.5064759207266456,0.00225387053581768,True,False
Single,640,142,0.005223942148657956,1.6600180737933736,0.0022539739439926677,True,False
Single,640,143,0.005299051021323359,0.8130910168292486,0.002254077355104016,True,False
Single,640,144,0.0053718592979857815,0.9392554014810226,0.00225403029824253,True,False
Single,640,145,0.005373617753589133,1.030810686906516,0.002253983260787755,True,False
Single,640,146,0.005376021169794298,1.1536095499756083,0.0022539362101276954,True,False
Single,640,147,0.00540833327111781,1.2485300302349756,0.0022538891794430596,True,False
Single,640,148,0.005440001006410622,1.2326648902751725,0.0022539234249490123,True,False
Single,640,149,0.005443086497947225,1.1889316865999782,0.0022539576813179504,True,False
Single,640,150,0.005446332617322358,1.1736408810164594,0.0022539919273609115,True,False
Single,640,151,0.005493616028732939,1.1293334171947178,0.002254026182835829,True,False
Single,640,152,0.005541476528945544,1.4086523425530546,0.002254046362617882,True,False
Single,640,153,0.005544448066757746,1.6806041406017433,0.002254066543669441,True,False
Single,640,154,0.005547118461050771,1.9589204727608038,0.002254086725315398,True,False
Single,640,155,0.0056316990153457425,2.231875026435263,0.002254106907893988,True,False
Single,640,156,0.005716113419023408,2.4990777369135593,0.0022541161484703125,True,False
Single,640,157,0.005718718261906133,2.7601800852761595,0.002254125390454124,True,False
Single,640,158,0.005720886755654742,3.0269018203996776,0.002254134630898454,True,False
Single,640,159,0.005736099356587865,3.2884851702531064,0.002254143873011649,True,False
Single,640,160,0.005752297722699473,3.5560735725433865,0.002254150978816618,True,False
Single,640,161,0.005756425022905964,3.820362626642691,0.0022541580841979494,True,False
Single,640,162,0.005759690061790446,4.087764407238186,0.0022541651899124285,True,False
Single,640,163,0.005946610968582011,4.352240028720645,0.002254172295034232,True,False
Single,640,164,0.006133394415873017,3.864242860686101,0.002254112735759914,True,False
Single,640,165,0.006138994365572525,3.376414531500331,0.0022540531780073023,True,False
Single,640,166,0.006150791859471191,2.8869910110351236,0.002253993606308159,True,False
Single,640,167,0.006160473976886335,2.3973841401800318,0.002253934036131451,True,False
Single,640,168,0.0061647220053593355,2.607265517773905,0.002253963933779979,True,False
Single,640,169,0.006166862683313901,2.8075904878815727,0.0022539938349552505,True,False
Single,640,170,0.00616844469044503,3.016853353845517,0.002254023732645228,True,False
Single,640,171,0.00632507420249509,3.217796927284546,0.0022540536338856096,True,False
Single,640,172,0.006482164197574802,3.4931842657696013,0.0022540645499187755,True,False
Single,640,173,0.006483920910601182,3.7647299774345955,0.0022540754680471535,True,False
Single,640,174,0.006485100336734884,4.039895809462266,0.0022540863839968037,True,False
Single,640,175,0.006598136488541573,4.311663033274682,0.0022540973022089975,True,False
Single,640,176,0.006711378788024178,4.499258473651064,0.0022541244798883198,True,False
Single,640,177,0.006714409107939398,4.6808691818734784,0.002254151664967912,True,False
Single,640,178,0.006717371073306222,4.868200476614632,0.0022541788429445014,True,False
Single,640,179,0.006791873325656839,5.050075331800786,0.0022542060277262327,True,False
Single,640,180,0.0068669954561577096,5.321462294099824,0.002254225007305567,True,False
Single,640,181,0.006869332384120186,5.590647081945844,0.0022542439866821266,True,False
Single,640,182,0.006871194500552236,5.861942703464141,0.0022542629665767222,True,False
Single,640,183,0.006981980634132134,6.131218893024141,0.002254281945988673,True,False
Single,640,184,0.0070929491095761965,6.333119019064846,0.002254279084262797,True,False
Single,640,185,0.0070958039001141615,6.531252581261302,0.002254276223928263,True,False
Single,640,186,0.007098185843202931,6.733071088474989,0.0022542733621666333,True,False
Single,640,187,0.007159941880989923,6.931286298568079,0.0022542705016570727,True,False
Single,640,188,0.00722185528337127,7.191880351335427,0.0022542858694553024,True,False
Single,640,189,0.007222713358346511,7.452391161897882,0.0022543012370624324,True,False
Single,640,190,0.007223475170460569,7.710652624872639,0.002254316606299761,True,False
Single,640,191,0.0072506026024765635,7.968991479918722,0.0022543319757292388,True,False
Single,640,192,0.007277613940702254,7.121701893599458,0.002254396507527203,True,False
Single,640,193,0.007279049870762222,6.2737174746357445,0.0022544610965806304,True,False
Single,640,194,0.007281140393963492,5.426472937230007,0.002254525634640581,True,False
Single,640,195,0.007333907221071467,4.578444010522457,0.002254590201645673,True,False
Single,640,196,0.007386103946899869,3.8602312546670055,0.0022544343713057514,True,False
Single,640,197,0.007388660360449273,3.1374309002494813,0.0022542785831976076,True,False
Single,640,198,0.007392005346970376,2.4204441880593763,0.0022541227839591726,True,False
Single,640,199,0.007439155153943888,1.6964179352832511,0.0022539669619006525,True,False
Single,640,200,0.007486098187533208,1.226192614503577,0.0022539560949331582,True,False
Single,640,201,0.00748708503895415,0.7321778594377151,0.0022539452513378262,True,False
Single,640,202,0.007487641729316985,0.9755702261951331,0.0022539588740920474,True,False
Single,640,203,0.0074888212253423625,1.198024153494848,0.002253972499141488,True,False
Single,640,204,0.007490357181589136,0.7358741382923037,0.002253961639216108,True,False
Single,640,205,0.007492015343772612,0.2336802955044031,0.002253950805525114,True,False
Single,640,206,0.007493347051206203,0.4881438919680459,0.002253964437748248,True,False
Single,640,207,0.007549710410432606,0.699420459926124,0.0022539780726528735,True,False
Single,640,208,0.0076062078709511205,0.1529936527689207,0.0022535179206110622,True,False
Single,640,209,0.00760967891318276,0.9363096057739416,0.002253057752323498,True,False
Single,640,210,0.007613061081123473,1.756651894235835,0.002252597599691243,True,False
Single,640,211,0.008221222855821525,2.572038142830666,0.002252137431994136,True,False
Single,640,212,0.008830431436458286,2.4873428997419764,0.0022522300259061024,True,False
Single,640,213,0.008832143215829813,2.3894037478019836,0.002252322632246127,True,False
Single,640,214,0.008833458211615075,2.3052664634963476,0.0022524152241990445,True,False
Single,640,215,0.008868384531354079,2.206771977323833,0.0022525078326336573,True,False
Single,640,216,0.00890322016510231,1.9630003372264924,0.002252512426051595,True,False
Single,640,217,0.00890598999317492,1.7102298211548472,0.002252517021389968,True,False
Single,640,218,0.008908210014391335,1.4680138985876154,0.0022525216139702374,True,False
Single,640,219,0.008942811502680503,1.2136877642094894,0.0022525262088276057,True,False
Single,640,220,0.008978008894667988,1.1355115965496207,0.0022525943400024304,True,False
Single,640,221,0.008979609764879659,1.0599483400343985,0.002252662464574104,True,False
Single,640,222,0.008980360671636045,0.9529222556084829,0.00225273060633315,True,False
Single,640,223,0.009024379560143264,0.842238967408446,0.0022527987546270348,True,False
Single,640,224,0.009069482266932438,1.2509140347103422,0.002252804024498469,True,False
Single,640,225,0.009072148526954815,1.6342959205735395,0.002252809317667049,True,False
Single,640,226,0.009074865769446827,2.038099943855931,0.0022528145862354405,True,False
Single,640,227,0.009158687142937105,2.4263530851716766,0.0022528198807576644,True,False
Single,640,228,0.009241796493507315,2.1621725365113247,0.0022528202538175278,True,False
Single,640,229,0.009245058647562643,1.8922000241756596,0.0022528206273876054,True,False
Single,640,230,0.009247900183492974,1.6290290821490663,0.0022528210001489194,True,False
Single,640,231,0.00932151040913784,1.3580468643069992,0.002252821373194547,True,False
Single,640,232,0.009395182486380771,1.266890474293343,0.002252766299706087,True,False
Single,640,233,0.009398676447140708,1.150087384125015,0.002252711245506175,True,False
Single,640,234,0.009401969724935844,1.0612757425166037,0.002252656166004154,True,False
Single,640,235,0.009440604764316407,0.9421275618261811,0.0022526011048468186,True,False
Single,640,236,0.009479712463138668,0.7405586842286613,0.0022526222430350774,True,False
Single,640,237,0.00948278986762191,0.5098406915212979,0.002252643382260949,True,False
Single,640,238,0.009485883041023546,0.32840744895606677,0.0022526645192525287,True,False
Single,640,239,0.009544588450007552,0.07755866319757562,0.002252685657735773,True,False
Single,640,240,0.009602963642788953,0.17270598712908264,0.0022527695545678807,True,False
Single,640,241,0.009604336134266145,0.15244131571939934,0.00225285345120951,True,False
Single,640,242,0.009606324705510483,0.3163492323889989,0.002252937357898246,True,False
Single,640,243,0.009623394189111761,0.38243036914372697,0.0022530212634869276,True,False
Single,640,244,0.009640573239298678,0.2708682190500138,0.002253069759370373,True,False
Single,640,245,0.009641686004682959,0.26064532842696214,0.0022531182559323293,True,False
Single,640,246,0.00964192951905718,0.24950342213291526,0.002253166769607491,True,False
Single,640,247,0.009663476819582767,0.3522239803488639,0.00225321528396262,True,False
Single,640,248,0.009685912759236748,0.42168116814249135,0.002253260987484592,True,False
Single,640,249,0.009687508403630918,0.40835812778707137,0.002253306701436536,True,False
Single,640,250,0.009688496699896187,0.4731226179888293,0.002253352405803947,True,False
Single,640,251,0.009692703992082885,0.4644923930876703,0.0022533981192688415,True,False
Single,640,252,0.009696892782738331,0.24007553703521606,0.0022533912506448655,True,False
Single,640,253,0.009699345265807846,0.05637641278879343,0.0022533843825931262,True,False
Single,640,254,0.009701921060606578,0.3414053875371493,0.0022533775141127554,True,False
Single,640,255,8.74860736246319e-05,0.5772279496578293,0.002253370645917442,True,False
Single,2048,0,6.131595365502923e-06,0.5693753176756147,0.0022535163060966503,True,False
Single,2048,1,8.118577351490935e-06,0.49030856455446103,0.0022535177358652186,True,False
Single,2048,2,9.894933237362263e-06,0.4139592262155249,0.0022535202908806552,True,False
Single,2048,3,1.0677779324026054e-05,0.3335441899985151,0.0022535228460368577,True,False
Single,2048,4,1.1121444654791507e-05,0.25925721020133097,0.002253524275535178,True,False
Single,2048,5,1.1791856365840798e-05,0.17835639020203042,0.002253525705298176,True,False
Single,2048,6,1.2588387487720738e-05,0.10810694575712043,0.002253528260318838,True,False
Single,2048,7,6.950804632809698e-05,0.021611070024874602,0.002253530815604414,True,False
Single,2048,8,0.00012696756032349807,0.07131359812127022,0.0022535328018106833,True,False
Single,2048,9,0.00013120271674955594,0.1498124183878709,0.0022535347881154507,True,False
Single,2048,10,0.0001345255757057677,0.23769848847737177,0.0022535367741950444,True,False
Single,2048,11,0.0001603022425491988,0.32120870146105723,0.0022535387602952914,True,False
Single,2048,12,0.00018621189784754494,0.4044573800325957,0.0022535365983916266,True,False
Single,2048,13,0.0001886643809170599,0.4839666148543841,0.0022535344365468514,True,False
Single,2048,14,0.00019124017571579138,0.5667345335327647,0.0022535322746882577,True,False
Single,2048,15,0.00020643668089703748,0.646724781813831,0.002253530112798552,True,False
Single,2048,16,0.00022130231642843862,0.38216980301250625,0.002253550194647869,True,False
Single,2048,17,0.00022273824648840618,0.1169109086975841,0.0022535702872065215,True,False
Single,2048,18,0.00022415265451827988,0.14872996768099514,0.0022535903727112392,True,False
Single,2048,19,0.00022446632759961713,0.16332767411635227,0.0022536010661475445,True,False
Single,2048,20,0.00022514244277106917,0.16727427595034078,0.0022536117676663706,True,False
Single,2048,21,0.00022798306695251576,0.43154133974515024,0.0022536318551318276,True,False
Single,2048,22,0.00023079793851108962,0.44459071043082776,0.002253642552302882,True,False
Single,2048,23,0.00027308967956509063,0.4501711124869442,0.002253653250155141,True,False
Single,2048,24,0.00031680573141501175,0.42232551145956165,0.002253633272473579,True,False
Single,2048,25,0.00031901905345043877,0.38728477525693894,0.002253613296523605,True,False
Single,2048,26,0.0003205216750296544,0.3601602628176086,0.002253593318082047,True,False
Single,2048,27,0.00035870516509222197,0.3243984697747301,0.0022535733416684245,True,False
Single,2048,28,0.0003966399250375646,0.24367499285078198,0.0022535712297513683,True,False
Single,2048,29,0.0004006516851478431,0.15771415257713242,0.0022535691180001266,True,False
Single,2048,30,0.00040395755076115536,0.08283498348959534,0.002253567006053712,True,False
Single,2048,31,0.0004520927410168584,0.009028224906211847,0.0022535648943322467,True,True
Single,2048,32,0.0005005787402124033,0.09906786029797539,0.002253567777196511,True,False
Single,2048,33,0.0005031835830949065,0.17405320622600745,0.0022535706602055334,True,False
Single,2048,34,0.0005053520768434731,0.25956690035749574,0.002253573543028545,True,False
Single,2048,35,0.000510839771888311,0.33912752228099746,0.002253576426078402,True,False
Single,2048,36,0.0005176251995389416,0.41659814238612564,0.002253577538593568,True,False
Single,2048,37,0.000521400465066997,0.48987536519800196,0.0022535786512680013,True,False
Single,2048,38,0.00052430336422183,0.5668546485404817,0.002253579763753629,True,False
Single,2048,39,0.0005428385801327963,0.6406234196739756,0.002253580876505172,True,False
Single,2048,40,0.0005609107739806274,0.724459430543592,0.0022535833795337434,True,False
Single,2048,41,0.0005611588613689267,0.806126165527023,0.0022535858826526587,True,False
Single,2048,42,0.0005615823289801258,0.8897006923092048,0.0022535883857891167,True,False
Single,2048,43,0.0005927225063996743,0.9716289669153108,0.0022535908889627226,True,False
Single,2048,44,0.0006242364738773508,1.0652672888462185,0.0022535953225689288,True,False
Single,2048,45,0.0006267462604484485,1.158048340385412,0.0022535997564132474,True,False
Single,2048,46,0.000629638582383265,1.2447696626056235,0.0022535960853755557,True,False
Single,2048,47,0.0006312084415807072,1.3306951965614195,0.002253592414327254,True,False
Single,2048,48,0.00063182250551699,1.4242444407024306,0.0022535968479808263,True,False
Single,2048,49,0.0006340188973222131,1.5171146524313026,0.0022536012817981517,True,False
Single,2048,50,0.0006384105273841249,1.6037630511690972,0.0022535976108182384,True,False
Single,2048,51,0.0006464649559919846,1.6897615772032573,0.002253593939732318,True,False
Single,2048,52,0.0006530372036092774,1.7755718010640962,0.0022535973508370174,True,False
Single,2048,53,0.000654793916635879,1.8606682827764383,0.002253600762163835,True,False
Single,2048,54,0.0006559733427696085,1.946472202790695,0.0022536041732424674,True,False
Single,2048,55,0.0006809113403036058,2.031574992760351,0.0022536075845948633,True,False
Single,2048,56,0.0007058750730523679,2.068175491764648,0.00225363378752699,True,False
Single,2048,57,0.0007072475645293931,2.1034627610917758,0.0022536599904819715,True,False
Single,2048,58,0.0007092361357739531,2.1400509670080337,0.0022536861944745293,True,False
Single,2048,59,0.0007489656852851002,2.1753505622012494,0.0022537123982058344,True,False
Single,2048,60,0.0007888241895002181,2.167317441930466,0.0022537266664901857,True,False
Single,2048,61,0.0007904198338943881,2.157816200796215,0.002253740935832008,True,False
Single,2048,62,0.0007914081301596577,2.1498032687507,0.0022537552043421817,True,False
Single,2048,63,0.0008055734905531679,2.1402818324041846,0.002253769473493983,True,False
Single,2048,64,0.0008197986374208384,2.175452516011681,0.002253756712717631,True,False
Single,2048,65,0.0008204983167100117,2.21060599999367,0.002253743952380323,True,False
Single,2048,66,0.0008215844098523779,2.2443866820724403,0.0022537311938818382,True,False
Single,2048,67,0.0008827784077750402,2.27818358411598,0.002253718435555642,True,False
Single,2048,68,0.0009433846377800877,2.053462727833763,0.002253669675758541,True,False
Single,2048,69,0.000945941051329547,1.8278976747154072,0.002253620930207244,True,False
Single,2048,70,0.0009492860378508723,1.60325739512299,0.0022535721804354016,True,False
Single,2048,71,0.0009576865196666787,1.3776118054842112,0.0022535234245819463,True,False
Single,2048,72,0.0009661199952354926,1.4404431985821013,0.002253528929400392,True,False
Single,2048,73,0.0009688907258700863,1.501620856076616,0.002253534434703719,True,False
Single,2048,74,0.0009715032925247669,1.5644164264314682,0.002253539939466291,True,False
Single,2048,75,0.0009758445361411992,1.625629902888997,0.0022535454448149098,True,False
Single,2048,76,0.0009799469742683593,1.4751473768291938,0.002253545550384707,True,False
Single,2048,77,0.0009821784568519627,1.3228045125870234,0.002253545658106201,True,False
Single,2048,78,0.0009846430522131057,1.172607789194695,0.00225354576329828,True,False
Single,2048,79,0.001008455369264527,1.0199791625448604,0.0022535458713980536,True,False
Single,2048,80,0.0010315608512125977,0.9505060265203742,0.002253540740459296,True,False
Single,2048,81,0.00103336100196098,0.8775799719326135,0.0022535356109132034,True,False
Single,2048,82,0.0010354517212402374,0.808477670041364,0.0022535304800165214,True,False
Single,2048,83,0.001062076113597172,0.7351808515807252,0.0022535253511018066,True,False
Single,2048,84,0.001088393204474649,0.52961419155399,0.0022535090620694406,True,False
Single,2048,85,0.001091284330150679,0.32026129110443446,0.0022534927755879517,True,False
Single,2048,86,0.001094587776463176,0.12159084221916763,0.002253476485935703,True,False
Single,2048,87,0.0011221998559193692,0.0946657025403387,0.002253460199856311,True,False
Single,2048,88,0.0011503553590427387,0.03512851099383458,0.002253462420254277,True,False
Single,2048,89,0.00115448265924923,0.07153002523338933,0.002253464640615296,True,False
Single,2048,90,0.0011577476981337112,0.15835328952985495,0.0022534668610226247,True,False
Single,2048,91,0.0011604740698177001,0.237709237643408,0.0022534690813403035,True,False
Single,2048,92,0.0011634885618316167,0.035746828369407194,0.002253325195634759,True,False
Single,2048,93,0.0011652673205296959,0.27341886686290523,0.002253181308543568,True,False
Single,2048,94,0.0011670586881974768,0.5020493578217387,0.002253137822563492,True,False
Single,2048,95,0.0011678050862996628,0.7296762019903561,0.0022530943448990093,True,False
Single,2048,96,0.0011682947509106326,0.9552727501113806,0.002253050878710979,True,False
Single,2048,97,0.001169240636342007,1.1814255690043596,0.0022530074045437718,True,False
Single,2048,98,0.001170341772003914,1.4372870535900801,0.002252863521042592,True,False
Single,2048,99,0.0011790414843940791,1.6925571528332868,0.0022527196365286564,True,False
Single,2048,100,0.0011880459719980883,1.629970575221582,0.00225272206975893,True,False
Single,2048,101,0.0011891866628632418,1.5659104329946074,0.0022527245034668192,True,False
Single,2048,102,0.0011897896645220694,1.5033904409819379,0.0022527269367434224,True,False
Single,2048,103,0.0011928407507779664,1.4392636877029634,0.0022527293707214624,True,False
Single,2048,104,0.0011962162085563943,1.3724499235016059,0.0022527359779195106,True,False
Single,2048,105,0.001199293613039637,1.3041589389235257,0.0022527425851943538,True,False
Single,2048,106,0.001202386786441273,1.2374535231596253,0.0022527491922277286,True,False
Single,2048,107,0.0012066955539728075,1.169054199678525,0.002252755799478416,True,False
Single,2048,108,0.0012116607616030096,1.1371722813164922,0.002252777050381081,True,False
Single,2048,109,0.001214222872504226,1.1029220954987493,0.0022527983011588685,True,False
Single,2048,110,0.001216448858174738,1.0711530414510866,0.0022528195510126726,True,False
Single,2048,111,0.0012174366191618127,1.0367900266957952,0.002252840801003471,True,False
Single,2048,112,0.001218698486214899,1.0964321163087871,0.0022528536415589028,True,False
Single,2048,113,0.0012206852672272742,1.1531261709197682,0.002252866483457629,True,False
Single,2048,114,0.0012226037665786574,1.2126432240261447,0.0022528793233939862,True,False
Single,2048,115,0.0012723792404266913,1.2694623096247042,0.0022528921652834044,True,False
Single,2048,116,0.0013212393445333863,1.2052228202927526,0.0022528950697242563,True,False
Single,2048,117,0.0013216753898104942,1.1410871012798838,0.002252897974074762,True,False
Single,2048,118,0.0013224506957478892,1.0749672705049893,0.0022529008786697988,True,False
Single,2048,119,0.0014251630262407926,1.0087217244512943,0.0022529037831741025,True,False
Single,2048,120,0.0015274881481009625,0.9284924957188361,0.0022529034795233734,True,False
Single,2048,121,0.0015292494900422393,0.8465422108702533,0.002252903176000849,True,False
Single,2048,122,0.0015316973763507269,0.7500903231705044,0.00225290562633618,True,False
Single,2048,123,0.0015328743363394737,0.6525098620352046,0.0022529080769210946,True,False
Single,2048,124,0.0015336369006093446,0.5727505262800334,0.0022529077732685587,True,False
Single,2048,125,0.0015345373842078095,0.4793783015806743,0.0022529102232772655,True,False
Single,2048,126,0.0015353778356523295,0.394477183567891,0.002252909920151705,True,False
Single,2048,127,0.0015678081186120962,0.2962995145113882,0.0022529123707887566,True,False
Single,2048,128,0.0016004442787512785,0.2051912884901143,0.0022529186207474027,True,False
Single,2048,129,0.0016030483137303708,0.1096083376784377,0.002252924870972167,True,False
Single,2048,130,0.001606094028510141,0.0349631767131809,0.002252931120976818,True,False
Single,2048,131,0.0016396745616371455,0.07709623323694792,0.002252937371155332,True,False
Single,2048,132,0.0016730098930594316,0.1477065322068219,0.00225294045302384,True,False
Single,2048,133,0.001674778594142428,0.20160638062783812,0.0022529435353898174,True,False
Single,2048,134,0.0016763771986652957,0.26843386957930415,0.002252946616987632,True,False
Single,2048,135,0.001716571553353313,0.3261194411543114,0.002252949699307845,True,False
Single,2048,136,0.0017566789102010233,0.2087154764878218,0.0022529581142367687,True,False
Single,2048,137,0.001757193837738244,0.0766828148781252,0.0022529665313160844,True,False
Single,2048,138,0.0017581047852321258,0.073189138108629,0.002252974946598827,True,False
Single,2048,139,0.0018178630923442029,0.17276766430585144,0.0022529833633187363,True,False
Single,2048,140,0.0018774144307652056,0.12010719683473418,0.002252982491696902,True,False
Single,2048,141,0.001878133825578233,0.04778586783618418,0.0022529816201658647,True,False
Single,2048,142,0.0018798550299687217,0.09557893651617458,0.002253000311379715,True,False
Single,2048,143,0.0018819904256936592,0.10405423178505051,0.0022530190036463755,True,False
Single,2048,144,0.00188265116439194,0.06415730162842766,0.002253018131931562,True,False
Single,2048,145,0.001883665092544685,0.02096774222370196,0.002253017260266225,True,False
Single,2048,146,0.0018857299411302458,0.0576954890900686,0.0022530359512111836,True,False
Single,2048,147,0.0019077266994648786,0.03533732324345499,0.002253054643540288,True,False
Single,2048,148,0.0019286463977543043,0.06065165700233272,0.0022530604292440677,True,False
Single,2048,149,0.0019304851075976869,0.1200326331101303,0.002253066215140863,True,False
Single,2048,150,0.00193242138090546,0.20214037788391848,0.0022530720008671398,True,False
Single,2048,151,0.0019512015386114294,0.2753826994107876,0.00225307778669475,True,False
Single,2048,152,0.0019706692998708274,0.22531575735784803,0.0022530929225296824,True,False
Single,2048,153,0.001971782065254942,0.1796944288077218,0.0022531080582330887,True,False
Single,2048,154,0.0019720255796289964,0.11788517836081445,0.0022531231957411187,True,False
Single,2048,155,0.0019906813372425718,0.04578723267574442,0.00225313833311816,True,False
Single,2048,156,0.0020094127236416313,0.12537944717386618,0.0022531491465698447,True,False
Single,2048,157,0.0020103983970068094,0.18695005376451412,0.0022531599601298994,True,False
Single,2048,158,0.0020114125233202905,0.2614931011005892,0.0022531707737201367,True,False
Single,2048,159,0.002058241889284133,0.3281197038077832,0.0022531815873313016,True,False
Single,2048,160,0.0021058972499764794,0.2644214099529714,0.002253181977562692,True,False
Single,2048,161,0.0021081608565802455,0.18740921672397728,0.0022531823693390097,True,False
Single,2048,162,0.002110044161264226,0.13076004037450217,0.0022531827590235197,True,False
Single,2048,163,0.0021297736111951186,0.04670532258556582,0.0022531831506738195,True,False
Single,2048,164,0.002149087670700229,0.16857204660118436,0.002253173362070239,True,False
Single,2048,165,0.00215106545486091,0.37195068769373063,0.0022531635759995626,True,False
Single,2048,166,0.002153001039712197,0.5830484982984301,0.0022531537871483646,True,False
Single,2048,167,0.0022124544565432225,0.7905944173986695,0.0022531440015446866,True,False
Single,2048,168,0.0022721070505057166,0.7191830974659529,0.0022531482291155264,True,False
Single,2048,169,0.0022749447087147927,0.6450953056519504,0.002253152456903295,True,False
Single,2048,170,0.0022778123723951986,0.5741060542444397,0.0022531566844094866,True,False
Single,2048,171,0.002294425097596817,0.49959627383989985,0.002253160912254658,True,False
Single,2048,172,0.002311280078477203,0.42090236984428253,0.002253159240241008,True,False
Single,2048,173,0.0023151967352509975,0.3387616223079556,0.0022531575683085617,True,False
Single,2048,174,0.0023185686180341794,0.26131113871748657,0.002253155896233033,True,False
Single,2048,175,0.002341193766079273,0.17792780017388682,0.0022531542241997563,True,False
Single,2048,176,0.002363854901003732,0.09991080485812055,0.002253152924730776,True,False
Single,2048,177,0.002366244035330662,0.009839414883105703,0.0022531516253180644,True,False
Single,2048,178,0.0023687230136168642,0.08209302472611237,0.002253150325928068,True,False
Single,2048,179,0.0024117428891851297,0.15834731531216065,0.0022531490265185333,True,False
Single,2048,180,0.0024571146956041366,0.1073528357251548,0.002253181193267534,True,False
Single,2048,181,0.0024599391321387908,0.37118391414258,0.0022532133607192847,True,False
Single,2048,182,0.002462776730463769,0.6351486012701487,0.002253245537334747,True,False
Single,2048,183,0.002479053964215428,0.8994257692277945,0.002253277714019057,True,False
Single,2048,184,0.0024933591718060526,0.94792285422052,0.002253286388273847,True,False
Single,2048,185,0.002495517277786085,0.9930886093999626,0.002253295063535404,True,False
Single,2048,186,0.0024980436814648448,1.0414696923560387,0.002253303736527954,True,False
Single,2048,187,0.0025166336417569435,1.0867513473742458,0.0022533124110854508,True,False
Single,2048,188,0.002535289585548651,1.0592296306457902,0.0022533336841643386,True,False
Single,2048,189,0.0025368904557601553,1.0318665796902602,0.002253354955187123,True,False
Single,2048,190,0.0025376413625163748,1.001350164466241,0.0022533762276193033,True,False
Single,2048,191,0.0025741240649465383,0.9706607672635496,0.0022533975021018296,True,False
Single,2048,192,0.0026106938797918165,0.9383776990019523,0.0022533827697673115,True,False
Single,2048,193,0.002612452335395112,0.9026665527954256,0.002253368039359825,True,False
Single,2048,194,0.002614855751600278,0.8704746090207873,0.002253353307569996,True,False
Single,2048,195,0.002617677610146406,0.8346723806185219,0.0022533385778847545,True,False
Single,2048,196,0.0026199129197145357,0.7546776106399814,0.002253343412225508,True,False
Single,2048,197,0.00262077099468961,0.6749342126928086,0.002253348246506165,True,False
Single,2048,198,0.002621532806803835,0.592852637480296,0.00225335308086449,True,False
Single,2048,199,0.0026236306037563644,0.5104463992133238,0.0022533579152831038,True,False
Single,2048,200,0.0026267629578129066,0.6365740274307018,0.002253359541523105,True,False
Single,2048,201,0.002629429217835256,0.7579667455575863,0.002253361169856183,True,False
Single,2048,202,0.0026321464603270457,0.8834724510382587,0.0022533627956850834,True,False
Single,2048,203,0.002678054023821052,1.0054872464266422,0.002253364424434537,True,False
Single,2048,204,0.002723028739521686,0.9492266225931972,0.002253372924450921,True,False
Single,2048,205,0.002726059059436684,0.8901300980944004,0.002253381425197183,True,False
Single,2048,206,0.0027290210248034664,0.8339960351510513,0.0022533899253073296,True,False
Single,2048,207,0.0027439417405132494,0.7747729682524833,0.0022533984259602083,True,False
Single,2048,208,0.00275863668252474,0.9276845165570251,0.002253379740356852,True,False
Single,2048,209,0.0027640090516352876,1.0805534146956715,0.0022533610552296635,True,False
Single,2048,210,0.002769544016253813,1.0066620657366216,0.002253367157829256,True,False
Single,2048,211,0.0027698166336181627,1.1599075973042194,0.0022533484748818097,True,False
Single,2048,212,0.002771942374360674,1.0855448767734432,0.002253354588140773,True,False
Single,2048,213,0.002774156624459699,1.0119509065906271,0.002253360696622561,True,False
Single,2048,214,0.002776809348673784,0.9380269339842502,0.0022533668141049845,True,False
Single,2048,215,0.0027803111107515786,0.8522325587708839,0.0022533731004053606,True,False
Single,2048,216,0.0027817951750751645,0.7658146922364306,0.0022533793953129905,True,False
Single,2048,217,0.002783784128891532,0.9182948970757441,0.002253360719696708,True,False
Single,2048,218,0.0027859530428568056,0.8327718598672099,0.0022533670131711907,True,False
Single,2048,219,0.002787885157503207,0.7460350285366251,0.002253373306683043,True,False
Single,2048,220,0.002789964272011114,0.6836897174222093,0.0022533826438764647,True,False
Single,2048,221,0.0027921049499658457,0.6178776106931081,0.00225339198117443,True,False
Single,2048,222,0.002793686957096808,0.5559811915407515,0.0022534013183695837,True,False
Single,2048,223,0.0027962269863991366,0.48972025469780295,0.0022534106556765174,True,False
Single,2048,224,0.002799077184387811,0.4076950968236107,0.0022534107606191215,True,False
Single,2048,225,0.0028023393384433055,0.322783368925501,0.002253410865615056,True,False
Single,2048,226,0.0028051808743734703,0.24188469307150628,0.0022534109705518307,True,False
Single,2048,227,0.0028415374825872634,0.15584755760694277,0.0022534110754725417,True,False
Single,2048,228,0.002878645407654954,0.07873758524398597,0.0022534170268236732,True,False
Single,2048,229,0.0028809823356176524,0.013103682092322405,0.002253422978170949,True,False
Single,2048,230,0.00288284445204973,0.10318830621278344,0.002253428929583164,True,False
Single,2048,231,0.002883339741059329,0.1819809557174146,0.002253434880903779,True,False
Single,2048,232,0.002884155823876196,0.06116328137033567,0.0022534314353857996,True,False
Single,2048,233,0.0028863221713227374,0.11933731446874034,0.0022534279919092805,True,False
Single,2048,234,0.0028884148179323735,0.27510363676721744,0.0022534245458218226,True,False
Single,2048,235,0.002897884790872258,0.42064602672095236,0.0022534211026755055,True,False
Single,2048,236,0.0029071631376091263,0.4688519500367182,0.002253431705572694,True,False
Single,2048,237,0.0029078610837406822,0.5103771907444019,0.002253442309618295,True,False
Single,2048,238,0.0029086809790094988,0.5580752076868407,0.0022534529137311753,True,False
Single,2048,239,0.0029307681129500975,0.6001085258844829,0.002253463518526122,True,False
Single,2048,240,0.0029524631772612393,0.5704460276812068,0.002253446294955776,True,False
Single,2048,241,0.0029559571380211487,0.535100889862125,0.0022534290733334326,True,False
Single,2048,242,0.002959250415816062,0.5056909735706274,0.002253411849276086,True,False
Single,2048,243,0.0029787785942973575,0.4700932446026581,0.002253394626873337,True,False
Single,2048,244,0.002999071115001882,0.39301791933841923,0.0022533954858031057,True,False
Single,2048,245,0.0030000081657797426,0.37513320879367623,0.0022534244189213416,True,False
Single,2048,246,0.003001456662338829,0.28884996698587584,0.002253425278958258,True,False
Single,2048,247,0.003003016221864399,0.25479641746920956,0.002253454212948224,True,False
Single,2048,248,0.0030041148583775865,0.23320706300873925,0.002253483145035049,True,False
Single,2048,249,0.003005166571350741,0.1763481861796714,0.0022534840044444475,True,False
Single,2048,250,0.003005660111373952,0.12530538398461663,0.0022535129386709513,True,False
Single,2048,251,0.0030356833734725922,0.039510918487295314,0.0022535137993680635,True,False
Single,2048,252,0.0030659002185601976,0.19810484657287591,0.002253514067774042,True,False
Single,2048,253,0.003066627691451846,0.3504552822006644,0.002253514335794314,True,False
Single,2048,254,0.003067120409884567,0.49677289804180574,0.0022535146058861068,True,False
Single,2048,255,2.282705888789413e-06,0.6454973339595972,0.0022535148764813995,True,False
Triple,4,0,0.002472503376587998,1072.357752192596,0.0009572432970032956,True,False
Triple,4,1,0.008974952020648574,1045.7325786986144,0.0009494553017033038,True,False
Triple,4,2,0.019036868596777445,1074.1292861978775,0.0009592002926367615,True,False
Triple,4,3,0.026222702954115773,1048.4419986356954,0.0009564716886278306,True,False
Triple,4,4,0.0286074579782567,1055.456888801705,0.0009691353902564077,True,False
Triple,4,5,0.03133894585122654,1079.6595883212424,0.0009733457845772177,True,False
Triple,4,6,0.033570022003541755,1049.695695698792,0.0009673050253461604,True,False
Triple,4,7,0.03384617463890782,1078.3973103906626,0.000947162915309441,True,False
Triple,4,8,0.033913224349801485,1081.5976976565687,0.0009349644684102449,True,False
Triple,4,9,0.03749166393157166,1048.9819793906724,0.0009343917395058883,True,False
Triple,4,10,0.04545751845557566,1037.6277740582645,0.0009375259075775216,True,False
Triple,4,11,0.050186968054303005,1027.8104942284592,0.0009414665359774035,True,False
Triple,4,12,0.0581163313827453,1044.8670699610004,0.0009298728131462129,True,False
Triple,4,13,0.06616958455533073,1052.5784939252617,0.0009246061225270556,True,False
Triple,4,14,0.06830359034736144,1277.9276889536063,0.0008851706523018802,True,False
Triple,4,15,0.071259184720883,1231.9611057714474,0.0008908325125785748,True,False
Triple,4,16,0.07716305573424931,1236.9771799071984,0.0008855410625095165,True,False
Triple,4,17,0.09009536995868306,1372.516424953933,0.000890297882592563,True,False
Triple,4,18,0.10250899479385689,1354.134182069129,0.0008917580219456485,True,False
Triple,4,19,0.10963919698966773,1331.6922002858043,0.0008982562279546138,True,False
Triple,4,20,0.11313442602300627,1350.9221324070593,0.0008983742286923316,True,False
Triple,4,21,0.11903330658471223,1311.8997104458347,0.0009037947055924804,True,False
Triple,4,22,0.1285359838658655,1296.8726834227102,0.0009053189605141473,True,False
Triple,4,23,0.13538259836247368,1239.7589562823696,0.0009028981326743465,True,False
Triple,4,24,0.14151859817955303,1202.672472647281,0.0008996908725826104,True,False
Triple,4,25,0.14729845431652988,1179.1283572610403,0.0008954496062399807,True,False
Triple,4,26,0.1497719046437589,1171.5022369532676,0.0009006910422714852,True,False
Triple,4,27,0.15505522612339195,1160.618737563367,0.000898768729071224,True,False
Triple,4,28,0.1665824243026801,1184.1831311302178,0.0009136288537138791,True,False
Triple,4,29,0.18029883185096507,1183.1617954820942,0.0009108417202824005,True,False
Triple,4,30,0.18912209026170812,1076.6260895792116,0.0010116511558975042,True,False
Triple,4,31,0.19367674313696082,1010.9835937941222,0.001011595051888407,True,False
Triple,4,32,0.19823604861877775,976.4530916279198,0.0010113946509813102,True,False
Triple,4,33,0.20166118337940087,934.3083382663754,0.0010268551138051057,True,False
Triple,4,34,0.20423413685614,925.0274590693998,0.0010283342403687207,True,False
Triple,4,35,0.20823859430946778,928.3537541006036,0.0010287109332584128,True,False
Triple,4,36,0.2131252881855641,925.3246242856407,0.0010408686501562523,True,False
Triple,4,37,0.2150796865061193,874.3818357929479,0.0010390068374216785,True,False
Triple,4,38,0.21659409490860204,832.9195924908926,0.0010473756459992282,True,False
Triple,4,39,0.2207961468448134,825.6086901488601,0.001041445248916205,True,False
Triple,4,40,0.2242769451776827,808.3635195988026,0.0010297330921916746,True,False
Triple,4,41,0.23990801218559143,793.8219572905788,0.0010301291481826626,True,False
Triple,4,42,0.2558005359054478,792.1599746879527,0.0010278766801413283,True,False
Triple,4,43,0.2612950330670687,742.333519448221,0.001020088047422999,True,False
Triple,4,44,0.26971721229687384,731.6898633612444,0.0010265756253369177,True,False
Triple,4,45,0.2815456574376469,690.255813847655,0.0010330109199404493,True,False
Triple,4,46,0.2899245549921121,669.4253873068127,0.001039030798629081,True,False
Triple,4,47,0.2909197190623274,643.1416369998992,0.0010428222003961054,True,False
Triple,4,48,0.29773934013325,608.7147712360808,0.0010420086525246412,True,False
Triple,4,49,0.3046774225802684,597.006009517721,0.001057791640188045,True,False
Triple,4,50,0.30902877862861167,543.4298245833494,0.0010555622156032535,True,False
Triple,4,51,0.31292210463130776,535.5375995246088,0.0010623769236714597,True,False
Triple,4,52,0.31472733085976445,576.1968626764575,0.0010365882405704086,True,False
Triple,4,53,0.3163642629369703,572.1441761277886,0.001037830761550857,True,False
Triple,4,54,0.31833149744401523,623.9687575136652,0.0010459196514061454,True,False
Triple,4,55,0.3224417988015933,614.0604219737421,0.0010440379957090832,True,False
Triple,4,56,0.3257464643801944,585.9535729685751,0.0010360437434046212,True,False
Triple,4,57,0.32860341129648507,565.3368419247707,0.0010152635026576397,True,False
Triple,4,58,0.33353856925341496,530.4010132386642,0.0010240296719965473,True,False
Triple,4,59,0.33805115261450425,463.43578761268435,0.0010273193020772977,True,False
Triple,4,60,0.3400699594726433,469.54046939283876,0.0010199682499109255,True,False
Triple,4,61,0.3437383991271443,430.4882561851372,0.00100771303251449,True,False
Triple,4,62,0.3472101757309951,425.96580651305777,0.0009958851275864533,True,False
Triple,4,63,0.3477178536423704,417.36848346362314,0.0009968005875764388,True,False
Triple,4,64,0.351246216700682,380.0293326589171,0.0010046270574540794,True,False
Triple,4,65,0.355634338746051,323.192082009083,0.0010057433163836857,True,False
Triple,4,66,0.36027306667516124,316.22150599712984,0.0010126316048865466,True,False
Triple,4,67,0.36951638116064833,299.99271824981156,0.0010124589368833796,True,False
Triple,4,68,0.3755509571232789,287.4176545972955,0.0010033271717273774,True,False
Triple,4,69,0.3817353789043474,242.75824935712768,0.001030572482893783,True,False
Triple,4,70,0.38811044107236725,216.16844387125306,0.0010315915902976201,True,False
Triple,4,71,0.39277218428831895,224.92360942766223,0.0010334693681034964,True,False
Triple,4,72,0.39977269760640577,259.44314059855174,0.0010296441400675107,True,False
Triple,4,73,0.4101309166446194,289.3692056949445,0.001040669244659153,True,False
Triple,4,74,0.41871356559380946,301.2621206679876,0.0010633624477649985,True,False
Triple,4,75,0.4211648821442828,314.673436368421,0.0010644690933141175,True,False
Triple,4,76,0.4258983283321627,304.82674077446086,0.0010688355415159332,True,False
Triple,4,77,0.43111955596620266,212.02037239097945,0.001078748544484389,True,True
Triple,4,78,0.4343247426895147,250.4168687103703,0.0010824230880762177,True,False
Triple,4,79,0.4386594702276614,240.82696996583843,0.0010718046740327111,True,False
Triple,4,80,0.4437113018126666,223.62020555518058,0.0010632294441214668,True,False
Triple,4,81,0.44868699853723526,253.83345078657422,0.001071104371377378,True,False
Triple,4,82,0.45261921063372523,257.26137119814945,0.0010602707792396198,True,False
Triple,4,83,0.4568766477194057,248.98373932253037,0.0010491302112468394,True,False
Triple,4,84,0.46042938431212965,249.8409491871055,0.0010636437163699523,True,False
Triple,4,85,0.46464443314523685,237.52424616689535,0.001022661046344345,True,False
Triple,4,86,0.46868296267174525,235.71928123981266,0.001026071113689382,True,False
Triple,4,87,0.47010029651130325,238.60832227086465,0.0010391221242068245,True,False
Triple,4,88,0.4732308749118077,252.48066699601927,0.001047829013967662,True,False
Triple,4,89,0.47526761476410506,254.12436172920061,0.0010343602490458929,True,False
Triple,4,90,0.4763754248740062,283.04719130648755,0.0010524361567433166,True,False
Triple,4,91,0.48533235911757844,309.4945179136056,0.0010526480834836967,True,False
Triple,4,92,0.4955500917845712,305.39325120349724,0.0010629765980715575,True,False
Triple,4,93,0.4999414550147634,314.7669336135044,0.001061728466122249,True,False
Triple,4,94,0.5145025844100126,326.66831072177155,0.0010439872477395397,True,False
Triple,4,95,0.5315674284660603,313.27676408992284,0.0010544209499014781,True,False
Triple,4,96,0.5392394509811727,351.1545177227249,0.0010438797586819388,True,False
Triple,4,97,0.543187490205022,374.0207197985962,0.001043866072853615,True,False
Triple,4,98,0.5444854362780998,361.7686372880979,0.0010399951154253593,True,False
Triple,4,99,0.5454245512935203,376.7810394812441,0.0010405393372266288,True,False
Triple,4,100,0.5472183614233144,408.8185287579585,0.0010384956788334085,True,False
Triple,4,101,0.5486954941354345,446.92434325048,0.001040682547273576,True,False
Triple,4,102,0.553211140630278,464.06791012783026,0.0010687146426290584,True,False
Triple,4,103,0.5603517441694594,487.25705498209527,0.0010606151962856756,True,False
Triple,4,104,0.5692923418430704,508.69773936542435,0.001056757841356761,True,False
Triple,4,105,0.5847051527684517,542.3366132455351,0.001044791815354853,True,False
Triple,4,106,0.6012329525325164,561.8638692724328,0.0010404947503631279,True,False
Triple,4,107,0.6094781382326602,572.9957188792367,0.0010342613182743297,True,False
Triple,4,108,0.6132512942138688,588.4322896665844,0.0010184591127295876,True,False
Triple,4,109,0.61833653102997,615.3413673446559,0.0010291803288789755,True,False
Triple,4,110,0.6215614639622014,658.8522508069401,0.0010228774043842977,True,False
Triple,4,111,0.6243258100897449,510.3691716052405,0.001035465271906244,True,False
Triple,4,112,0.6294052070740692,509.4674037143602,0.001041664246227432,True,False
Triple,4,113,0.6342859909928695,498.69750226692736,0.0010416183484793775,True,False
Triple,4,114,0.6372614127560363,498.7465963716117,0.0010301601420557478,True,False
Triple,4,115,0.6401566077119898,534.8542821718413,0.0010171944685596801,True,False
Triple,4,116,0.64556742488179,561.2794258112209,0.0010046642311613229,True,False
Triple,4,117,0.6493748621402813,431.11921707645035,0.0010094603204875768,True,False
Triple,4,118,0.6554528472162948,445.84754345270187,0.0010043540638804988,True,False
Triple,4,119,0.6725548037437541,422.95539109711643,0.0009992429258594083,True,False
Triple,4,120,0.6841078589904344,429.65039271406454,0.0009988186808321895,True,False
Triple,4,121,0.6883047071828408,501.7960237091169,0.001029867322714245,True,False
Triple,4,122,0.692542655529623,594.695358535651,0.0010299639912513254,True,False
Triple,4,123,0.6950386226764826,591.6179154348289,0.001028050597756019,True,False
Triple,4,124,0.7050688907594673,620.9454208838557,0.0010335815678161593,True,False
Triple,4,125,0.7148329860683198,614.27030291623,0.0010429873556099447,True,False
Triple,4,126,0.7169105045426218,618.554530020289,0.0010306901256000541,True,False
Triple,4,127,0.718795188904537,628.234823157734,0.0010307494994923037,True,False
Triple,4,128,0.7214630796096229,647.9542911943371,0.0010429786243332723,True,False
Triple,4,129,0.723783281161172,669.4058908099196,0.001036024623875997,True,False
Triple,4,130,0.7258715046899222,699.2428662830164,0.0010249293219844891,True,False
Triple,4,131,0.7266222428951234,661.4433380346925,0.001034576925340135,True,False
Triple,4,132,0.7396827413812523,656.7995667172528,0.0010178492890955035,True,False
Triple,4,133,0.7539627493779351,658.4939605516875,0.0010099211255535563,True,False
Triple,4,134,0.755653066007683,622.8812807247913,0.0010035895436839152,True,False
Triple,4,135,0.75907617317085,621.042352597824,0.0010181455388318407,True,False
Triple,4,136,0.7625351452426643,640.598815720779,0.0010068963780579423,True,False
Triple,4,137,0.7630458949002468,637.5530649508197,0.0010050389800321737,True,False
Triple,4,138,0.764136104562386,642.8473470927779,0.0009991318019172814,True,False
Triple,4,139,0.7742025878679737,292.5905338795865,0.0010134836534307025,True,False
Triple,4,140,0.7842949711931007,262.31940111089983,0.001038845509308618,True,False
Triple,4,141,0.7875634350337233,320.6192700150708,0.0010358170248584392,True,False
Triple,4,142,0.792582360396523,332.83118001482285,0.001034874685331138,True,False
Triple,4,143,0.7965165262879224,369.16448722103416,0.0010293794113722435,True,False
Triple,4,144,0.7997271787909179,375.4881745325427,0.0010344988424926635,True,False
Triple,4,145,0.8053834642015527,373.9260106724295,0.001027597097795404,True,False
Triple,4,146,0.8127018256083653,280.3398089235086,0.001017747537647858,True,False
Triple,4,147,0.8198941635530774,302.2223362015792,0.001015655031277535,True,False
Triple,4,148,0.8239666773939627,307.4253262450423,0.0010083860286038313,True,False
Triple,4,149,0.8346144549448402,376.58358616611355,0.0010028542918965795,True,False
Triple,4,150,0.8453861035823511,326.36692400668045,0.0010066623549180543,True,False
Triple,4,151,0.8484121144275774,356.2736243278981,0.001007994929955373,True,False
Triple,4,152,0.8533846886862697,380.3426968172237,0.0010139820090118304,True,False
Triple,4,153,0.8592766420843365,403.0366801041885,0.001008253431941351,True,False
Triple,4,154,0.8727453561374863,441.2172810387527,0.0009915697769261335,True,False
Triple,4,155,0.884125140168007,451.88172842201146,0.0009948996096483837,True,False
Triple,4,156,0.8853171468770817,465.7915556580559,0.0009994479577074666,True,False
Triple,4,157,0.8863506054135479,468.44691742547167,0.0010044006831870615,True,False
Triple,4,158,0.8876178471152789,402.1342712012033,0.0009922383629937183,True,False
Triple,4,159,0.8922712667258388,460.2635685350704,0.0009773860784027548,True,False
Triple,4,160,0.8967502760626838,383.66339795837155,0.0009633191400322217,True,False
Triple,4,161,0.8970317405726167,372.71828259454367,0.0009576100182611931,True,False
Triple,4,162,0.9006177735307892,392.6811115752595,0.0009604776228629943,True,False
Triple,4,163,0.9088910592289099,407.5178973173301,0.0009467961162908257,True,False
Triple,4,164,0.9154173543853412,424.50770377285573,0.0010575379872216166,True,False
Triple,4,165,0.9205410571327548,420.88676258146114,0.0010483005436303335,True,False
Triple,4,166,0.9256762952056306,399.8268104749744,0.0010588716915089305,True,False
Triple,4,167,0.9293233407176191,357.27618514424194,0.0010549563438766838,True,False
Triple,4,168,0.9357931437257259,491.02228878529746,0.001039977033924419,True,False
Triple,4,169,0.9417552693359936,466.6117236857598,0.0010383237104436244,True,False
Triple,4,170,0.943754276387468,474.5986041841988,0.0010393966295971753,True,False
Triple,4,171,0.9448844501630627,467.9858768567352,0.0010441210813934853,True,False
Triple,4,172,0.9483570145927422,460.6911178915546,0.0010519243571821294,True,False
Triple,4,173,0.9535621189202161,458.74431875004166,0.0010549427828802224,True,False
Triple,4,174,0.9558784427418976,450.59862080565955,0.0010631030173146939,True,False
Triple,4,175,0.9566347216178528,440.77760184576846,0.0010621728992382794,True,False
Triple,4,176,0.9625351561866751,506.7090991128301,0.0010546132015861855,True,False
Triple,4,177,0.9687572944916689,525.422135599839,0.0010493446502881675,True,False
Triple,4,178,0.9722015076976374,534.5356880511172,0.00105528624487869,True,False
Triple,4,179,0.977266657015881,548.8804169839714,0.001054622137851339,True,False
Triple,4,180,0.9860180927744919,569.8540488114712,0.001053876010644199,True,False
Triple,4,181,0.9948370473373258,593.4951998226753,0.0010490040888277254,True,False
Triple,4,182,0.9977833851726488,618.7140647512101,0.0010537091719489645,True,False
Triple,4,183,0.9996435073391334,534.8002916128356,0.0010569616245156592,True,False
Triple,4,184,1.0016173446932286,558.7774270828687,0.0010434761748213221,True,False
Triple,4,185,1.005330516865417,525.9763501931301,0.0010920259659732887,True,False
Triple,4,186,1.017789371693007,581.5263981817973,0.0010894754884621515,True,False
Triple,4,187,1.0323723336927517,600.7355270128583,0.0010900351835202951,True,False
Triple,4,188,1.0411567439896219,626.4993782597933,0.0010993300961978797,True,False
Triple,4,189,1.0567535164172548,618.4602697137947,0.001089660190301425,True,False
Triple,4,190,1.0695925852239592,627.1613209942425,0.001081836253505434,True,False
Triple,4,191,1.076615057306936,655.108350210746,0.0010857295951424578,True,False
Triple,4,192,1.0848121285851535,684.1998902204505,0.0010777323210437028,True,False
Triple,4,193,1.0874075901652658,694.3115475663582,0.0010716039982338857,True,False
Triple,4,194,1.089853621429429,725.0390441938276,0.0010652774594290153,True,False
Triple,4,195,1.096399483543597,767.4429154528942,0.0010692113492404072,True,False
Triple,4,196,1.1017323881150975,815.3789635582041,0.0010604742954044106,True,False
Triple,4,197,1.1033897357888325,812.8551680390487,0.001077694745841593,True,False
Triple,4,198,1.1062676312592483,822.7536315022404,0.0010903583537566796,True,False
Triple,4,199,1.1103203526045635,840.4054777600091,0.0010947036260646472,True,False
Triple,4,200,1.1173807178641573,615.0663222896724,0.0010955255022578715,True,False
Triple,4,201,1.123077024221652,682.1137638905727,0.0010969177278473663,True,False
Triple,4,202,1.1306376528753774,638.4999374845875,0.0010890346342770792,True,False
Triple,4,203,1.1376381445644317,667.9463889077027,0.0010866926747873777,True,False
Triple,4,204,1.1390888803313777,675.1789400941797,0.0010935326778750024,True,False
Triple,4,205,1.1418645706965793,679.829077992177,0.0010937506623701198,True,False
Triple,4,206,1.1445513779933765,678.7068994810404,0.0010905912323807476,True,False
Triple,4,207,1.1476100550358317,650.7228639737182,0.0010702945916498466,True,False
Triple,4,208,1.151012792729297,681.9558634955964,0.001068875345752808,True,False
Triple,4,209,1.159831303126361,676.5919402171733,0.0010762620395402202,True,False
Triple,4,210,1.1714838477717264,678.0676741276569,0.0010777266904722536,True,False
Triple,4,211,1.1762061268148365,674.2051166234108,0.0010814022268438494,True,False
Triple,4,212,1.178066757375173,647.7546052751295,0.001076790814510879,True,False
Triple,4,213,1.1834754570118822,595.7444565158104,0.0010735997663061173,True,False
Triple,4,214,1.189648990224665,589.9813329002777,0.0010679829971248882,True,False
Triple,4,215,1.1919463987085195,565.5141736576323,0.0010573398328497382,True,False
Triple,4,216,1.1929479683687367,578.6274749734405,0.001053651539719199,True,False
Triple,4,217,1.194293734165198,600.4005708253766,0.0009910805793257114,True,False
Triple,4,218,1.1955821830139528,671.6343622230877,0.0009948177974492811,True,False
Triple,4,219,1.2018104474749243,714.4479497241582,0.000997910367827038,True,False
Triple,4,220,1.2085917574309195,620.9642733845335,0.0010265489917697115,True,False
Triple,4,221,1.2114321457845434,624.1803058399981,0.001024051043103185,True,False
Triple,4,222,1.213859105188523,666.2536786949034,0.001016464910160469,True,False
Triple,4,223,1.2229471346094378,493.52524441894786,0.0008510929883073941,True,False
Triple,4,224,1.2338138222964519,485.2642173030792,0.0008478596765062464,True,False
Triple,4,225,1.237931217728928,451.2978455945294,0.0008205207626822031,True,False
Triple,4,226,1.2406464323897475,474.81408967589863,0.0008190079691147823,True,False
Triple,4,227,1.245539082275204,504.7367151615693,0.0007997806012438737,True,False
Triple,4,228,1.2493836876745672,503.12918211028926,0.0007987909369893477,True,False
Triple,4,229,1.2508174880015048,475.4078083860895,0.0007920212438034613,True,False
Triple,4,230,1.2615910495479021,482.01939844518523,0.000944184315984744,True,False
Triple,4,231,1.2730569194686547,559.7151352698908,0.0009573761963198265,True,False
Triple,4,232,1.28243052506721,530.663188361982,0.0009537788226068417,True,False
Triple,4,233,1.2898052889298537,521.4582740677549,0.0009549185790464209,True,False
Triple,4,234,1.2980023593941628,477.9084357885232,0.0009663822706540324,True,False
Triple,4,235,1.3117016590230324,437.7778418406705,0.0009647008637290403,True,False
Triple,4,236,1.3205383310943537,422.7385834311047,0.000970635914991601,True,False
Triple,4,237,1.3283667184429384,397.2229473339078,0.0009730686897645096,True,False
Triple,4,238,1.3350648956703468,403.16051702196864,0.0009641930694235419,True,False
Triple,4,239,1.3387372038645715,398.9377604390274,0.0009544529569621283,True,False
Triple,4,240,1.3507269303068918,433.45483993244756,0.0009613260060993227,True,False
Triple,4,241,1.3611914856859002,429.03706109979225,0.0010001786271143047,True,False
Triple,4,242,1.374067095105101,401.8852414091746,0.0010021955225861302,True,False
Triple,4,243,1.3891260703955484,400.9794250155255,0.0009882136578062705,True,False
Triple,4,244,1.395347090477265,609.1207840818604,0.0009735161187673488,True,False
Triple,4,245,1.4065774423304265,722.9023673781379,0.0009587721089000974,True,False
Triple,4,246,1.4192263007682393,718.9747296319321,0.000953438755081543,True,False
Triple,4,247,1.4304749650592639,712.9584909928494,0.0009582596151142064,True,False
Triple,4,248,1.4402741811577933,768.1083970016593,0.0010012218133949756,True,False
Triple,4,249,1.4536747359839266,826.3227523942152,0.0009730436276991747,True,False
Triple,4,250,1.4671263767265588,996.0182072806668,0.0010548695114973676,True,False
Triple,4,251,1.4718112222598583,957.2764113400132,0.0010584848877565947,True,False
Triple,4,252,1.4824205426409351,986.2138425642229,0.001067201429262281,True,False
Triple,4,253,1.4996733862002949,1077.8418943253598,0.000912054160239547,True,False
Triple,4,254,1.5198852211776974,1049.1225150237412,0.0009177226087190808,True,False
Triple,4,255,1.5520180032335293,1011.8008991444759,0.0009128438391200814,True,False
Triple,8,0,0.0027290509829354104,390.6074609080741,0.0012537861195322459,True,False
Triple,8,1,0.006998629750509577,419.99195119401315,0.0012536476895723514,True,False
Triple,8,2,0.009722776840455971,438.00800615940307,0.0012561488749003016,True,False
Triple,8,3,0.011626731285664604,442.36128181955746,0.0012618802173390105,True,False
Triple,8,4,0.013849153612347065,434.7869612005419,0.0012693419775497191,True,False
Triple,8,5,0.014850723272564315,439.39801039165826,0.0012647031188607082,True,False
Triple,8,6,0.0161964890690256,390.95495816834443,0.0012533203326247344,True,False
Triple,8,7,0.017484937917780385,401.88386150021,0.0012549560477404477,True,False
Triple,8,8,0.021550821742903903,412.3487705468452,0.001255329884882994,True,False
Triple,8,9,0.026014483895085316,438.8694034591158,0.0012636728713268644,True,False
Triple,8,10,0.028176864530933265,438.63821966876037,0.0012815101037830009,True,False
Triple,8,11,0.029679604080483868,398.0304296474069,0.0012514352353434667,True,False
Triple,8,12,0.030783448249372514,397.9370635481307,0.0012452743702566125,True,False
Triple,8,13,0.03333490068837097,404.41671488853916,0.0012416087249136505,True,False
Triple,8,14,0.035750699072437,422.2712293505958,0.0012370869171427353,True,False
Triple,8,15,0.0364411142916814,420.07740215062273,0.0012422864684192372,True,False
Triple,8,16,0.03843163528739213,331.17971462933025,0.0011514329541497943,True,False
Triple,8,17,0.04162566099079057,316.4297755420268,0.0011529250990944618,True,False
Triple,8,18,0.045960388528937246,344.7576874858384,0.001159854661141029,True,False
Triple,8,19,0.051012220113942464,368.936947957857,0.001151394150425214,True,False
Triple,8,20,0.053095746801669064,323.7156110128215,0.001151285406591913,True,False
Triple,8,21,0.05571657720027945,330.62494049808043,0.0011516047330469607,True,False
Triple,8,22,0.058608747237121506,271.50387522935796,0.0011382918915964718,True,False
Triple,8,23,0.059920128935001093,298.67365653117656,0.0011300356762407298,True,False
Triple,8,24,0.06114535433063506,318.8835106768235,0.001134423035172308,True,False
Triple,8,25,0.06254918729357506,339.7980563999917,0.0011374967111151928,True,False
Triple,8,26,0.06558139898362159,346.226924329248,0.0011241274485676285,True,False
Triple,8,27,0.06773030261340551,353.7016814327331,0.0011202784996148453,True,False
Triple,8,28,0.06959074080881544,339.092598590156,0.0011386568602940964,True,False
Triple,8,29,0.07128644257839478,345.3895803511565,0.001137923862783079,True,False
Triple,8,30,0.07272024290533241,355.5500066758899,0.0011329182205093993,True,False
Triple,8,31,0.07505600531543566,184.50438007489763,0.0012131442248719039,True,False
Triple,8,32,0.07598388097302111,191.4758396340407,0.0012152046797915049,True,False
Triple,8,33,0.07740121481257911,196.79603673061928,0.0012047744802094207,True,False
Triple,8,34,0.08053179321308357,204.4715335679802,0.001203026978064446,True,False
Triple,8,35,0.08256853306538092,193.00451444179623,0.0012104008034295496,True,False
Triple,8,36,0.08367634317528205,210.5763322642747,0.0012430370330518048,True,False
Triple,8,37,0.08866006861972076,231.4737075316124,0.0012402259250565706,True,False
Triple,8,38,0.09495967437248232,207.61502790313145,0.0012473598212129557,True,False
Triple,8,39,0.09893288317161586,231.9831249044382,0.0012436615851043424,True,False
Triple,8,40,0.10285101008584707,246.48526817766341,0.0012335342829265165,True,False
Triple,8,41,0.10724237331603925,255.4682275831482,0.0012309245511861367,True,False
Triple,8,42,0.11059059152666428,265.03082010910765,0.001241473079140827,True,False
Triple,8,43,0.11170804383368127,277.0192078420258,0.0012412358026472196,True,False
Triple,8,44,0.11990511429799033,273.0200130462676,0.0012477912627022977,True,False
Triple,8,45,0.13100960674482698,286.07259548682885,0.0012459791992077177,True,False
Triple,8,46,0.1366202546471751,306.3992551186857,0.0012453544021178205,True,False
Triple,8,47,0.14146315394936915,290.43212753005287,0.0012477196967164463,True,False
Triple,8,48,0.14468917811834237,306.15446516225137,0.00125223000683694,True,False
Triple,8,49,0.14751830133126076,306.4319340415171,0.0012534097826359236,True,False
Triple,8,50,0.15048840850629808,328.8122143202451,0.0012544520458816005,True,False
Triple,8,51,0.15178635457937573,317.40301344635645,0.0012727265383324009,True,False
Triple,8,52,0.15272546959479616,309.11690487792424,0.0012740279640716485,True,False
Triple,8,53,0.15417869553722374,316.26436640016453,0.0012732100902625272,True,False
Triple,8,54,0.15521242071374397,333.03531147786094,0.0012729914287342074,True,False
Triple,8,55,0.15599641243671036,345.3485340624493,0.0012712470529210795,True,False
Triple,8,56,0.15775164229714078,200.45372869633528,0.0012697366705492284,True,False
Triple,8,57,0.1606399587683991,190.44641771227933,0.0012641026618708362,True,False
Triple,8,58,0.16340037540281216,180.76572181030554,0.0012679383290977125,True,False
Triple,8,59,0.1676526624707353,186.82170587791984,0.001263905883576333,True,False
Triple,8,60,0.1765932601443463,196.48579240490645,0.0012608354597652346,True,False
Triple,8,61,0.18275420537231568,218.8303986549709,0.0012599292667851872,True,False
Triple,8,62,0.18309424058972779,208.9739162598935,0.0012809284424794966,True,False
Triple,8,63,0.19234610628713966,221.7633982976999,0.0012819339239690123,True,False
Triple,8,64,0.20517039262322467,231.13545863922747,0.0012847864175233453,True,False
Triple,8,65,0.21102882529937594,238.51757836082808,0.001277093353161307,True,False
Triple,8,66,0.21439230350994354,129.72702283334354,0.0012670669071601815,True,False
Triple,8,67,0.21677905653393603,145.3388105860785,0.0012562838832477588,True,False
Triple,8,68,0.21963659840508498,132.36626113148995,0.0012620117126435097,True,False
Triple,8,69,0.22215179061850643,118.28768644486382,0.0012510560337429186,True,False
Triple,8,70,0.22563744933124585,121.62381201592935,0.0012320260949861138,True,False
Triple,8,71,0.22886238226347722,127.42668581091951,0.001231523229773532,True,False
Triple,8,72,0.23162672839102072,132.1744225398627,0.0012423972346360939,True,False
Triple,8,73,0.234730202074537,114.04808690457178,0.001241500226504331,True,False
Triple,8,74,0.23770014126086947,104.15198686037265,0.0012367495482696383,True,False
Triple,8,75,0.2415869092941454,87.90651076886289,0.0012353619791328693,True,False
Triple,8,76,0.24456233105731218,86.06570844833657,0.0012432243427625497,True,True
Triple,8,77,0.24608040073604176,93.83109142727449,0.0012444181549313793,True,False
Triple,8,78,0.24791101866129628,99.33900426341512,0.0012497668085413864,True,False
Triple,8,79,0.25286834318306584,111.5245963985284,0.001253243960843573,True,False
Triple,8,80,0.25667578044155714,109.62335538820416,0.001259648911665694,True,False
Triple,8,81,0.25756228249880664,112.26586877602378,0.0012623037543883601,True,False
Triple,8,82,0.26217693606162085,98.50285175632128,0.001285756821697566,True,False
Triple,8,83,0.2673684190803849,200.4943011452917,0.0012563814461071276,True,False
Triple,8,84,0.27681358438700787,198.24630972808134,0.0012533415181944,True,False
Triple,8,85,0.28806479385239925,236.92943657519373,0.0012466710273219832,True,False
Triple,8,86,0.2914087772917102,243.30501015063177,0.0012469685151226017,True,False
Triple,8,87,0.2923731150696973,302.63137505705424,0.0012318333225474578,True,False
Triple,8,88,0.29371397716368586,284.7114816120219,0.0012311086814036658,True,False
Triple,8,89,0.29694648757810505,304.9814160559973,0.0012342774975324438,True,False
Triple,8,90,0.29984357383089877,291.3584746876592,0.0012348926448135062,True,False
Triple,8,91,0.3023395409777584,286.7616441868961,0.0012359639433351562,True,False
Triple,8,92,0.3093734050087512,287.02492553336657,0.0012391295516977535,True,False
Triple,8,93,0.31725065188054125,321.69081381648977,0.0011727128788584608,True,False
Triple,8,94,0.32213390436959577,417.45866427857834,0.0011866124306297915,True,False
Triple,8,95,0.3242114228438976,409.0334929817571,0.0011935514966920325,True,False
Triple,8,96,0.3260961072058127,363.61548915829565,0.0011899634817344323,True,False
Triple,8,97,0.32834407795509213,394.42761729545145,0.0012005576973737465,True,False
Triple,8,98,0.32931795433550226,366.8516002465438,0.0012041179735798062,True,False
Triple,8,99,0.3310841994624478,352.56088435420105,0.001197267178298789,True,False
Triple,8,100,0.3331724229911981,355.32116479422285,0.001194521706010332,True,False
Triple,8,101,0.3339231611963993,375.34333340103956,0.0011895158737510057,True,False
Triple,8,102,0.3443049594136718,388.5567054476334,0.001195532006940152,True,False
Triple,8,103,0.35735661805221075,371.41177421741946,0.0011964365320609662,True,False
Triple,8,104,0.3612636676792109,373.3950541436845,0.0011957680113336697,True,False
Triple,8,105,0.36295398430895887,362.62989088102864,0.0011966504046330732,True,False
Triple,8,106,0.3663770914721258,358.6071591903275,0.0011932788073080716,True,False
Triple,8,107,0.36983606354394016,362.39680352932606,0.0011915380314519964,True,False
Triple,8,108,0.37034681320152263,331.58040112488004,0.001188454976684104,True,False
Triple,8,109,0.37143702286366187,328.67091746966054,0.0011867450788106474,True,False
Triple,8,110,0.38150350616924955,329.92063851282273,0.0011464433119365415,True,False
Triple,8,111,0.3915958894943765,328.8159353776303,0.0011669236587599496,True,False
Triple,8,112,0.3929313400950418,323.92771781880924,0.0011623001444916522,True,False
Triple,8,113,0.3950966117313168,358.0948770503766,0.0011894697797058887,True,False
Triple,8,114,0.39710459831526945,345.3488432971475,0.0011909099287107706,True,False
Triple,8,115,0.39995825204179414,331.3946501883978,0.0011865563448820546,True,False
Triple,8,116,0.4038174445891982,434.4992333261109,0.0011844682687131155,True,False
Triple,8,117,0.4055332262667768,422.65703237747977,0.0011881933545118115,True,False
Triple,8,118,0.40766336660489766,434.1746394572158,0.0011933593015097858,True,False
Triple,8,119,0.4126843825028286,401.5650404827794,0.001190840232457833,True,False
Triple,8,120,0.4167569661934325,376.0029595299165,0.001200179335540445,True,False
Triple,8,121,0.4189217846528399,363.34106300714427,0.0011982707577921812,True,False
Triple,8,122,0.42130653967698084,362.32952562187836,0.0012062116345269325,True,False
Triple,8,123,0.42293393755187214,368.5612395230416,0.001209025822490549,True,False
Triple,8,124,0.42489905024201846,384.65737013390816,0.0012092571587024128,True,False
Triple,8,125,0.4262691037022659,372.93343212813886,0.001208091976522952,True,False
Triple,8,126,0.42654525633763196,387.737347334086,0.0011973106581041196,True,False
Triple,8,127,0.4266123060485256,337.9492577852888,0.0011916477424956681,True,False
Triple,8,128,0.4286321850254944,329.45759439552256,0.001188945669350134,True,False
Triple,8,129,0.43126759569523854,306.7642146678431,0.0011833722720481722,True,False
Triple,8,130,0.43282615630003995,306.67067612155506,0.0011822015103461975,True,False
Triple,8,131,0.4381566001542998,307.9597878502307,0.0011847376757566706,True,False
Triple,8,132,0.44288604975302714,303.23993759340533,0.0011874990035665146,True,False
Triple,8,133,0.44753099121917295,291.103968629524,0.001183013543948736,True,False
Triple,8,134,0.45268702188362697,296.0729648709399,0.0011829185513896052,True,False
Triple,8,135,0.4557130327288532,298.6155216972181,0.0011852943592679545,True,False
Triple,8,136,0.45820119127404446,291.5705747006039,0.0011812542034583431,True,False
Triple,8,137,0.45886866625405487,282.5753921705449,0.0011783101512597956,True,False
Triple,8,138,0.4610026720460856,397.0713417425365,0.0011582795747624999,True,False
Triple,8,139,0.46307802379664653,388.1497020227692,0.0011592079038582833,True,False
Triple,8,140,0.46430867634107753,358.94166501261213,0.0011593686573189044,True,False
Triple,8,141,0.467457803008573,361.67830986015355,0.0011562404590147088,True,False
Triple,8,142,0.4721310214775083,460.0223816723618,0.001147558058596854,True,False
Triple,8,143,0.4824506088631626,471.1995820102636,0.0011507892039564665,True,False
Triple,8,144,0.49070970461866104,435.7754039682924,0.0011447126361498986,True,False
Triple,8,145,0.4917699012635275,423.57575918829986,0.0011449035017473445,True,False
Triple,8,146,0.4926180651783576,427.78144273659603,0.0011497022090160868,True,False
Triple,8,147,0.49365152371482357,439.9212709324524,0.001151103266994507,True,False
Triple,8,148,0.49491876541655455,448.43715583353213,0.0011414478317632554,True,False
Triple,8,149,0.4973234821091421,429.4582743852608,0.0011364649565554082,True,False
Triple,8,150,0.501611308490229,413.420600736521,0.001140383892385378,True,False
Triple,8,151,0.5040511943639596,411.04967170655823,0.0011294847985732796,True,False
Triple,8,152,0.5043326588738926,403.64152495986787,0.001124911360523941,True,False
Triple,8,153,0.5048684461162973,388.9803980629764,0.001126870422659618,True,False
Triple,8,154,0.5058335077217304,402.9658295030158,0.0011263013148087178,True,False
Triple,8,155,0.5088837534374981,374.5674432017374,0.0011328509760078751,True,False
Triple,8,156,0.514263078082001,359.57875944061095,0.0011260237470073825,True,False
Triple,8,157,0.519040612376124,352.490297329478,0.0011258828961412302,True,False
Triple,8,158,0.5227182726866171,437.98549032849047,0.001190615435658755,True,False
Triple,8,159,0.5249127258750828,423.47505579689164,0.0011877773158433436,True,False
Triple,8,160,0.5280816800611978,388.3220644873132,0.001183336958365969,True,False
Triple,8,161,0.5310109296201457,372.21793372423906,0.0011792519538552984,True,False
Triple,8,162,0.5329772135069064,366.8006298348997,0.0011853214047634615,True,False
Triple,8,163,0.5361839637650379,358.6981638252187,0.0011824334956464253,True,False
Triple,8,164,0.5380707130892559,344.83054391786266,0.0011777187489410625,True,False
Triple,8,165,0.5404378312691112,379.8710775600301,0.0011867914763884397,True,False
Triple,8,166,0.542470986342483,359.7973055238868,0.0011904075614500792,True,False
Triple,8,167,0.5451272171003736,341.1132150487254,0.001187814888103751,True,False
Triple,8,168,0.5490561876372695,330.06995048503023,0.0011954821328113462,True,False
Triple,8,169,0.5510551946887439,335.7665615417635,0.0012006499549653802,True,False
Triple,8,170,0.5521853684643385,333.9150516688858,0.0012029645177202338,True,False
Triple,8,171,0.5528134521346066,310.6797522909036,0.001197589170398562,True,False
Triple,8,172,0.5557757779137869,302.325567641964,0.00120607086969643,True,False
Triple,8,173,0.560863037221492,291.1742719114442,0.0012007085889401573,True,False
Triple,8,174,0.5631793610431735,297.55647152150124,0.0012017897562363509,True,False
Triple,8,175,0.5639356399191287,288.9955026159909,0.0012023657080962205,True,False
Triple,8,176,0.5651250441850646,258.83294564682035,0.0011999198364079585,True,False
Triple,8,177,0.5703427451513194,253.68010017169672,0.0011984237389506037,True,False
Triple,8,178,0.5760582127929448,237.812967058103,0.0011946480674274403,True,False
Triple,8,179,0.5787133811913145,236.63765851449295,0.001200289047202975,True,False
Triple,8,180,0.581153157058544,295.55284009244747,0.0012286031468244807,True,False
Triple,8,181,0.5826102167680309,270.98922245056224,0.0012266158454360171,True,False
Triple,8,182,0.5852355902190449,278.8667038870572,0.0012256837978364685,True,False
Triple,8,183,0.5883331833848107,262.29841138563705,0.0012258467928248846,True,False
Triple,8,184,0.5909351303175019,275.162636220785,0.0012238763323170704,True,False
Triple,8,185,0.594360265078125,234.40182948559917,0.0012317184412431184,True,False
Triple,8,186,0.5969332185548641,217.9414426581632,0.0012336087716865376,True,False
Triple,8,187,0.5984939114851979,208.6959008384418,0.0012409384467464784,True,False
Triple,8,188,0.6018888379063585,205.30385765140238,0.0012365660236187666,True,False
Triple,8,189,0.6045817301615957,189.91844989853686,0.0012352638532771053,True,False
Triple,8,190,0.6050843034739246,166.37805639971458,0.0012353184207870072,True,False
Triple,8,191,0.6063269431966172,183.53766796347392,0.001238353589737635,True,False
Triple,8,192,0.6077787682048434,183.8382038909708,0.0012356225594368389,True,False
Triple,8,193,0.6083962506486356,180.27047329304546,0.0012471650276827913,True,False
Triple,8,194,0.6089182629945045,168.24952105659403,0.0012450537687126674,True,False
Triple,8,195,0.6098151889531951,216.7868915703426,0.0012613946874139607,True,False
Triple,8,196,0.6131612003576872,198.8894088586147,0.0012695766284894704,True,False
Triple,8,197,0.6163114747570353,173.09428141799248,0.0012667364324118239,True,False
Triple,8,198,0.6169760268764068,171.09416975590005,0.0012742465990447783,True,False
Triple,8,199,0.6257548421136545,141.69917280042222,0.0012795555224978832,True,False
Triple,8,200,0.6396732519940274,145.23601864095238,0.0012783748342003072,True,False
Triple,8,201,0.6465255037646884,163.23691176088778,0.0012819989943348002,True,False
Triple,8,202,0.648499617604172,183.50649027546694,0.0012812370669937683,True,False
Triple,8,203,0.6504317761303811,183.03274512891915,0.0012827971560737353,True,False
Triple,8,204,0.6553342926465331,156.26502628119465,0.0012899305003750035,True,False
Triple,8,205,0.662416293995598,160.2472406263677,0.0012848040304499694,True,False
Triple,8,206,0.6711364360675955,171.5245091345783,0.0012864462966256267,True,False
Triple,8,207,0.676893503525235,191.13638478472905,0.0012885665565603144,True,False
Triple,8,208,0.6800018065940105,195.34554069921856,0.0012894290474835548,True,False
Triple,8,209,0.6826236366908363,194.3300303992183,0.0012867182611869445,True,False
Triple,8,210,0.6836188007610515,186.5938839685285,0.0012861162058543099,True,False
Triple,8,211,0.6874628546479076,183.46307904615216,0.0012899603674387092,True,False
Triple,8,212,0.6921130468864294,199.07955660697692,0.0012946278847010323,True,False
Triple,8,213,0.6947085084665416,208.48019788422718,0.0012890168717659297,True,False
Triple,8,214,0.6959528883560724,226.67941752791307,0.0012828173786227635,True,False
Triple,8,215,0.6973765042789926,230.2101461670968,0.0012940996382028306,True,False
Triple,8,216,0.698578155653625,270.0636090040599,0.0012958621627037145,True,False
Triple,8,217,0.7018860013830024,298.29506316124406,0.0012953911393409102,True,False
Triple,8,218,0.7056211863300319,297.63427015998906,0.0012956115512223526,True,False
Triple,8,219,0.7074264125584886,270.04947068309104,0.0012981246771397855,True,False
Triple,8,220,0.7086553327470404,270.79847104434657,0.0013004976995369569,True,False
Triple,8,221,0.7090333064163734,295.15771006135395,0.0012928045209724768,True,False
Triple,8,222,0.7094413183050274,305.08529987357167,0.0012922922322374055,True,False
Triple,8,223,0.7107298665428432,286.34696219247996,0.0012939493715374533,True,False
Triple,8,224,0.7122799149278203,285.8004648621534,0.0012949662496823785,True,False
Triple,8,225,0.7138692621604203,288.4802562247715,0.0012956717407539107,True,False
Triple,8,226,0.7164295151330213,291.69554463343076,0.0012888024155363448,True,False
Triple,8,227,0.7184455460789185,301.8099956147416,0.0012874198050470906,True,False
Triple,8,228,0.7196373018517364,310.5882032814368,0.0012781351688091018,True,False
Triple,8,229,0.7217498361620269,178.74762590849895,0.001254989108887404,True,False
Triple,8,230,0.7262376509521391,194.27043781402386,0.001258988294147619,True,False
Triple,8,231,0.7291694509555451,224.4942040467139,0.0012623144531913805,True,False
Triple,8,232,0.7303779425229278,255.3010279543284,0.0012614389305316347,True,False
Triple,8,233,0.7319587258806111,237.93019113693973,0.001258738241026387,True,False
Triple,8,234,0.7327690411713674,240.4968373950705,0.0012550429710357727,True,False
Triple,8,235,0.7364374808258685,253.70215232751488,0.0012528500581869655,True,False
Triple,8,236,0.7399092574297192,266.59887967956564,0.001248643965985762,True,False
Triple,8,237,0.7404169353410945,278.92297520109395,0.0012481178111481705,True,False
Triple,8,238,0.7425961568895969,298.5221296181652,0.0012515235758816226,True,False
Triple,8,239,0.7449390628657075,314.0784366279616,0.0012540584233214159,True,False
Triple,8,240,0.7462882043755168,311.82275333324196,0.001247841771532808,True,False
Triple,8,241,0.747199761896518,333.28681150193376,0.0012488991960641388,True,False
Triple,8,242,0.7484350147019119,328.46594273886933,0.0012491353969041588,True,False
Triple,8,243,0.7502991475461123,330.9081903486798,0.001254577443796345,True,False
Triple,8,244,0.7518522962946523,340.7494904535544,0.001253863609038811,True,False
Triple,8,245,0.7545252971224254,324.92129681246007,0.0012655503629711048,True,False
Triple,8,246,0.7567612997122839,337.4758902698897,0.001264990902450792,True,False
Triple,8,247,0.7583137110305727,344.3997861968072,0.0012551533368736867,True,False
Triple,8,248,0.7637678741776612,369.87165346933824,0.0012496274584360707,True,False
Triple,8,249,0.768250038822003,398.1714479626015,0.0012463830769077078,True,False
Triple,8,250,0.7716143860719784,396.4526309959908,0.0012557189072906654,True,False
Triple,8,251,0.777604071252187,427.2024526797386,0.0012502424134901529,True,False
Triple,8,252,0.7808095227710914,440.20303823475365,0.0012517480063840196,True,False
Triple,8,253,0.7819902175919067,443.7934896586166,0.0012532505265589607,True,False
Triple,8,254,0.7835070451161124,381.9827102265456,0.0012634240595095088,True,False
Triple,8,255,0.7853676756764489,381.0090741102334,0.0012598383920953966,True,False
Triple,10,0,0.001038913444158629,280.8629910369391,0.001252583506211555,True,False
Triple,10,1,0.002479371349456194,290.1833611019703,0.001252658536403988,True,False
Triple,10,2,0.0034324347786363063,280.3679998975918,0.0012420424115782028,True,False
Triple,10,3,0.007955580918229899,262.74466297481405,0.001249061372575801,True,False
Triple,10,4,0.014025937762784046,226.30372255629078,0.0012508020616051425,True,False
Triple,10,5,0.016156078100904914,201.7455700228988,0.0012560554320803863,True,False
Triple,10,6,0.019439717993099404,184.39003790465364,0.0012539118710663598,True,False
Triple,10,7,0.02251118888874215,171.93389120219206,0.0012537608378118215,True,False
Triple,10,8,0.023610504099358165,178.88991271800663,0.001223018131566044,True,False
Triple,10,9,0.025491141505369574,162.68411424132344,0.0012231495061786897,True,False
Triple,10,10,0.028702556976294424,144.26769229627,0.0012223539207457269,True,False
Triple,10,11,0.031068810081452902,139.95056396222344,0.0012153181450210546,True,False
Triple,10,12,0.0322976979184606,135.0676381217555,0.0012196474339904527,True,False
Triple,10,13,0.03552052742688239,144.93414563772367,0.0012215680286802315,True,False
Triple,10,14,0.04007983290869932,137.02521296584212,0.0012159240949343323,True,False
Triple,10,15,0.04421737597244246,113.53119597586625,0.0012137900443415022,True,False
Triple,10,16,0.04618079841701439,110.98903306700849,0.0012143654200947583,True,False
Triple,10,17,0.05198056559582209,110.39488022451675,0.0012130894751987017,True,False
Triple,10,18,0.057476790504085606,114.05319683090976,0.0012125292317011118,True,False
Triple,10,19,0.05800005382662965,134.6079929690978,0.0012195845807965646,True,False
Triple,10,20,0.059514462229112386,141.37237616381609,0.0012148806908851171,True,False
Triple,10,21,0.06404703809884493,145.5150199558592,0.0012158226168990586,True,False
Triple,10,22,0.06912859422555351,142.02615685770945,0.0012208349910308204,True,False
Triple,10,23,0.07207746016058514,153.79779379881975,0.0012205756118666947,True,False
Triple,10,24,0.07418565325505133,146.22003483279985,0.00122061466150893,True,False
Triple,10,25,0.07615797297896787,153.46482169714125,0.0012178120520275409,True,False
Triple,10,26,0.077635105691088,135.69721732107257,0.001236350888727046,True,False
Triple,10,27,0.0830438053277971,106.41909729255639,0.0012486278284237296,True,False
Triple,10,28,0.09009156146823738,121.03878025032054,0.0012458515288441192,True,False
Triple,10,29,0.09208836331218717,118.96359653555308,0.0012453892811680805,True,False
Triple,10,30,0.09272989803569476,128.7449008896729,0.0012422120224464248,True,False
Triple,10,31,0.09363862029717085,142.45006905586058,0.0012457942352475516,True,False
Triple,10,32,0.0958327176797864,114.3754277765027,0.0012630323102446215,True,False
Triple,10,33,0.09885878683476701,133.3343598321845,0.0012575785804385215,True,False
Triple,10,34,0.10095244201609954,139.03645049134505,0.0012588648728054704,True,False
Triple,10,35,0.10221968371783052,121.5949240002819,0.0012517898303922963,True,False
Triple,10,36,0.10525788072645348,125.03810623475813,0.0012472899506357975,True,False
Triple,10,37,0.1095457071075403,107.6145194168325,0.001234347056520049,True,False
Triple,10,38,0.11135211266523548,86.28201638222345,0.0012258050580625547,True,False
Triple,10,39,0.11163357717516842,91.21708117907536,0.0012223056558743318,True,False
Triple,10,40,0.11266755997109712,93.35514527732127,0.0012244403012792427,True,False
Triple,10,41,0.11430167643209543,92.59663113842214,0.0012290747785622745,True,False
Triple,10,42,0.11557466699118857,105.18929936753742,0.0012165972183805856,True,False
Triple,10,43,0.12397228119285897,112.68309704823358,0.0012204647365366827,True,False
Triple,10,44,0.13228106361997893,87.26889402396489,0.0012225783349943,True,False
Triple,10,45,0.1337699712554925,86.78457497507881,0.001223369129481428,True,False
Triple,10,46,0.13574530117553785,86.5802248002039,0.0012214251739378502,True,False
Triple,10,47,0.13811133549367316,203.54497971121145,0.0012376142690704026,True,False
Triple,10,48,0.13975965744080554,200.38161580566182,0.0012418443847850129,True,False
Triple,10,49,0.1429170187820108,199.44919637039396,0.0012449949824791342,True,False
Triple,10,50,0.1461831031131009,207.81715521488692,0.001226703943141646,True,False
Triple,10,51,0.14759778990077876,214.75679849635577,0.0012182992434028941,True,False
Triple,10,52,0.1491544889069627,221.2459103627528,0.0012163608947982575,True,False
Triple,10,53,0.1503225659237324,207.98564634862433,0.0012155814470299702,True,False
Triple,10,54,0.15182623279885243,233.3232531380105,0.001224998810123583,True,False
Triple,10,55,0.15382652267829355,302.7464043249909,0.0012394357128413809,True,False
Triple,10,56,0.15626109174214564,305.0492349992801,0.0012457220971910782,True,False
Triple,10,57,0.1582057968037689,352.04402825202436,0.0012674541710060655,True,False
Triple,10,58,0.15892174612526389,357.5223824517471,0.0012702505450262074,True,False
Triple,10,59,0.16026808537757264,349.2100990745398,0.0012739200822617374,True,False
Triple,10,60,0.16218101789476647,338.71369308039004,0.0012693574219289007,True,False
Triple,10,61,0.16387992541818552,334.0979406446006,0.0012716506202219396,True,False
Triple,10,62,0.16602251471756735,333.02792038971927,0.001266347952260391,True,False
Triple,10,63,0.16750475542148546,313.04233681633747,0.0012602883682650895,True,False
Triple,10,64,0.1692357329274754,296.2412294941687,0.0012581768887978486,True,False
Triple,10,65,0.17055143568904163,296.0833970055168,0.0012630000053820934,True,False
Triple,10,66,0.17097302742818266,281.41067689195614,0.0012647073934518652,True,False
Triple,10,67,0.17349949071222714,284.95757804350256,0.0012592403584205214,True,False
Triple,10,68,0.176984976650842,267.7012905384363,0.001253390339204222,True,False
Triple,10,69,0.180023578954023,262.9928995873847,0.001249578361817381,True,False
Triple,10,70,0.18250156486456537,253.68624077124352,0.0012483970558243157,True,False
Triple,10,71,0.18384137118490118,233.66595019334324,0.001244879610208818,True,False
Triple,10,72,0.1872141323364267,210.79353862477396,0.0012505970522132953,True,False
Triple,10,73,0.19010206883776615,203.35787179826562,0.001248256734496506,True,False
Triple,10,74,0.19020108429009142,202.06165456966698,0.001247268531021406,True,False
Triple,10,75,0.19030950302787897,189.45354566490374,0.0012477655276841753,True,False
Triple,10,76,0.19036998506603808,175.86006853802607,0.0012477242439429593,True,False
Triple,10,77,0.19065984385622858,154.34095786167984,0.0012416973469627937,True,False
Triple,10,78,0.19097485563640593,138.70681227557583,0.001238663516789911,True,False
Triple,10,79,0.19103171617410242,121.5480362448757,0.001236313773326068,True,False
Triple,10,80,0.19277179231821728,108.19222885382325,0.0012324978751861908,True,False
Triple,10,81,0.19590666016530722,97.1260602992634,0.0012346357528594495,True,False
Triple,10,82,0.19855470606656134,88.96547062579128,0.0012407868312591182,True,False
Triple,10,83,0.20316177061810592,79.34249783705357,0.0012360992915829597,True,False
Triple,10,84,0.20704267860842318,76.98700380370136,0.0012391948123086133,True,True
Triple,10,85,0.2100594450116331,109.90027298461831,0.0012375598242939155,True,False
Triple,10,86,0.21260289126298137,117.79986340272555,0.0012384847170115562,True,False
Triple,10,87,0.21424534394168515,103.4642055592494,0.0012398644428391454,True,False
Triple,10,88,0.21621918129578033,113.31334120744607,0.0012335041215314332,True,False
Triple,10,89,0.21743146495320298,90.41254363623173,0.0012728117653810714,True,False
Triple,10,90,0.2205583705574048,95.1446226877627,0.001270662078333142,True,False
Triple,10,91,0.22352353988938978,114.39307637991006,0.0012665076480764897,True,False
Triple,10,92,0.2256575456814205,144.7616361856904,0.001266593207204158,True,False
Triple,10,93,0.22833881740037265,105.62183183682056,0.0012653936904943757,True,False
Triple,10,94,0.230107450674935,124.16734449962705,0.0012610039681125455,True,False
Triple,10,95,0.2310308083928776,133.51902817506664,0.001258789433449731,True,False
Triple,10,96,0.2324139191234056,134.60485930007627,0.0012551898163838569,True,False
Triple,10,97,0.23550746691391922,139.22276297281527,0.001259678584698736,True,False
Triple,10,98,0.24151024648928932,140.6085838961333,0.0012774723725476344,True,False
Triple,10,99,0.245449074241888,153.82843857876085,0.0012736744049058732,True,False
Triple,10,100,0.24736562082882863,163.14998499090203,0.0012778917958836727,True,False
Triple,10,101,0.2502241815711539,172.82116838614928,0.0012839818379734485,True,False
Triple,10,102,0.251821173411757,182.6089612871645,0.0012801875430143359,True,False
Triple,10,103,0.253167498582896,184.7267253744834,0.001283489570623573,True,False
Triple,10,104,0.25466240334375656,202.66470292660395,0.001279456340077124,True,False
Triple,10,105,0.25725348535303416,226.27025857495275,0.0012783572721747046,True,False
Triple,10,106,0.260327803079377,235.7893741995754,0.0012786485080241935,True,False
Triple,10,107,0.2616340569294726,276.07788772298085,0.0012839966996651751,True,False
Triple,10,108,0.2621339449639155,313.66711155110306,0.001284188529981737,True,False
Triple,10,109,0.26316283323413225,317.257111486185,0.0012841897862724617,True,False
Triple,10,110,0.27261771023086334,354.6213079017512,0.0012851638022227073,True,False
Triple,10,111,0.28149388294501354,372.00024591198087,0.001285774872621519,True,False
Triple,10,112,0.2825666678542691,375.4498163482994,0.0012868830754774936,True,False
Triple,10,113,0.28379501721241285,398.1166515898124,0.0012901470772709086,True,False
Triple,10,114,0.28441416796921404,388.82936221898535,0.0012904597050414962,True,False
Triple,10,115,0.28610504396278835,384.08580595069833,0.001286806369941208,True,False
Triple,10,116,0.28853646093338203,377.099994296968,0.001287089541662247,True,False
Triple,10,117,0.29077114988774433,380.0788137902732,0.0012838470752437783,True,False
Triple,10,118,0.2918116224662959,312.1057944957357,0.0012961931850575886,True,False
Triple,10,119,0.2935027036205149,320.3332078115554,0.0012938140745772978,True,False
Triple,10,120,0.29643413539754526,315.32527967214577,0.0012889922909283989,True,False
Triple,10,121,0.29984687335466687,326.36730487639505,0.0012905992925661312,True,False
Triple,10,122,0.30258856789768984,328.49599860635897,0.0012919834070525204,True,False
Triple,10,123,0.3049556860775451,339.2421567461521,0.0012901074432383228,True,False
Triple,10,124,0.3091707349106523,353.447048404093,0.0012883354766824626,True,False
Triple,10,125,0.3116033299922556,392.26123115646783,0.0012865200262902343,True,False
Triple,10,126,0.31178163814468274,361.3071251669829,0.0012789025669224516,True,False
Triple,10,127,0.3130560731546317,222.155390825438,0.0012854936020604652,True,False
Triple,10,128,0.31421164982939276,225.4377371959885,0.0012889986288571408,True,False
Triple,10,129,0.3154835292266873,226.3770839906928,0.001285138553440006,True,False
Triple,10,130,0.3175964163925489,191.15498447075538,0.001283828043105664,True,False
Triple,10,131,0.3184971103303349,225.4304390755414,0.0012835666947568433,True,False
Triple,10,132,0.3188922663291702,192.45162750036252,0.0013111302850575476,True,False
Triple,10,133,0.3196836464945463,191.5391921205688,0.0013039843950135137,True,False
Triple,10,134,0.32127299372714635,194.57738017999932,0.001303113256862573,True,False
Triple,10,135,0.3233279655894894,204.0090282906956,0.00129830446386308,True,False
Triple,10,136,0.32463541290419795,148.68779424021616,0.0012930785183116582,True,False
Triple,10,137,0.3262296365218238,153.6544036808669,0.0012964262593401607,True,False
Triple,10,138,0.3319019219180577,127.74714616962567,0.0012760863351533654,True,False
Triple,10,139,0.3370444958759413,121.3929468049052,0.00126990322240242,True,False
Triple,10,140,0.34117142657823685,138.82364628429718,0.0012662136099799463,True,False
Triple,10,141,0.3447084025762934,239.36010375532317,0.001256512288439101,True,False
Triple,10,142,0.3484000251783663,182.844487433423,0.001268630741830741,True,False
Triple,10,143,0.352417273268975,178.8880277908351,0.0012662495623537151,True,False
Triple,10,144,0.35308966549944687,165.8768050816244,0.001262206086122562,True,False
Triple,10,145,0.3536270702840909,137.17382442415183,0.0012583090497593971,True,False
Triple,10,146,0.35422812171857343,152.15010995683986,0.001255190565860556,True,False
Triple,10,147,0.35646640729913104,169.11736743574733,0.0012560526155657279,True,False
Triple,10,148,0.36012692035556415,186.87078949238165,0.0012540550495205639,True,False
Triple,10,149,0.36274288655095943,156.62890540535096,0.0012580726999074847,True,False
Triple,10,150,0.36400518338118193,164.26335306968681,0.0012945676049403838,True,False
Triple,10,151,0.36561462933184874,154.80890305522877,0.0012886144824590952,True,False
Triple,10,152,0.3677472589227868,154.81553223386774,0.0012854664712484227,True,False
Triple,10,153,0.3691790249472473,149.54245569909847,0.0012847629323996187,True,False
Triple,10,154,0.3712885300425488,156.67722433603376,0.0012835035596785286,True,False
Triple,10,155,0.37314155291374895,205.57250829478815,0.0012876641873162547,True,False
Triple,10,156,0.37414720554388214,220.9296054053154,0.0012909228526949551,True,False
Triple,10,157,0.37713708197487605,214.82268242589413,0.0012916728507611501,True,False
Triple,10,158,0.37936682950299705,207.0773380104827,0.0012950725770815355,True,False
Triple,10,159,0.3802145089204403,189.01241892709783,0.0012998413850074512,True,False
Triple,10,160,0.38155548447301046,183.4731729823367,0.001305726795212819,True,False
Triple,10,161,0.3835369282684856,187.28556777245038,0.001302758129780791,True,False
Triple,10,162,0.38610785752553256,159.78819960750056,0.0013041282307496777,True,False
Triple,10,163,0.3886566136313251,164.39583044055524,0.0013219483954104046,True,False
Triple,10,164,0.39062945382326575,169.36293816830448,0.0013305405647457333,True,False
Triple,10,165,0.39117966231685397,161.1282480183041,0.0013302212083484775,True,False
Triple,10,166,0.39199046744082855,135.8583155966066,0.0013194169910827204,True,False
Triple,10,167,0.3933008895075769,144.2471691808488,0.001262365001520082,True,False
Triple,10,168,0.3970057308784458,148.3537880341559,0.0012619199304800745,True,False
Triple,10,169,0.4035727181298745,141.6296633241313,0.0012599131169607623,True,False
Triple,10,170,0.40828745514617837,142.56839203174388,0.0012638858772512213,True,False
Triple,10,171,0.4101840196165045,137.57245257297274,0.0012604846315450381,True,False
Triple,10,172,0.411511503114919,131.80566415711598,0.0012615817496531552,True,False
Triple,10,173,0.4128801685849375,152.19201956368218,0.0012606686005546732,True,False
Triple,10,174,0.4137092940024054,137.6035648195945,0.001257051001569568,True,False
Triple,10,175,0.4160156905158292,142.85849108847913,0.0012606190213641701,True,False
Triple,10,176,0.42068106225998214,129.60942054287906,0.0012566171804630358,True,False
Triple,10,177,0.42378731023253513,110.72228007970898,0.001260423006589239,True,False
Triple,10,178,0.4285860325493389,101.90519309240037,0.0012616801571814643,True,False
Triple,10,179,0.43304618050970856,106.74764621928738,0.0012572783206653095,True,False
Triple,10,180,0.4351919160218847,180.04415874559203,0.0012525448892015975,True,False
Triple,10,181,0.43979789670261704,179.9693531803091,0.0012493239481398911,True,False
Triple,10,182,0.44417845634687225,314.33656070257985,0.0012846417065338009,True,False
Triple,10,183,0.4465007600040638,315.60589111725733,0.0012799009926388646,True,False
Triple,10,184,0.44910742229216516,307.63754963462003,0.0012795948604938647,True,False
Triple,10,185,0.4519088213823872,290.57134935251844,0.0012743024540966877,True,False
Triple,10,186,0.4544373971671616,286.22360571729206,0.0012703843689598363,True,False
Triple,10,187,0.45625642753045925,256.3330115898341,0.0012700409981129164,True,False
Triple,10,188,0.4575010077268935,265.01370018903077,0.0012582644443507704,True,False
Triple,10,189,0.46132676489866276,253.82924743373604,0.001242770436847695,True,False
Triple,10,190,0.4639855242771189,255.24825426085843,0.0012417847905714884,True,False
Triple,10,191,0.46668000385648,240.97656244915058,0.0012381682968857029,True,False
Triple,10,192,0.4693859461228629,271.05433232775044,0.0012346130446619955,True,False
Triple,10,193,0.4700017373107974,264.2042266287573,0.0012389898419165387,True,False
Triple,10,194,0.47124133040400995,264.53427326639957,0.0012277987826741614,True,False
Triple,10,195,0.4728782624812158,268.476632111332,0.0012274334538833526,True,False
Triple,10,196,0.47400843625681044,278.9295217265822,0.0012311145771113396,True,False
Triple,10,197,0.47472565217800256,266.39644871275436,0.0012371322498035038,True,False
Triple,10,198,0.47768797795718276,262.0434065235674,0.00123505541041661,True,False
Triple,10,199,0.4818254759995688,250.1758793140555,0.0012389036188021176,True,False
Triple,10,200,0.4840682545478625,241.92349666195898,0.0012316447341844533,True,False
Triple,10,201,0.48473679619389776,236.86255330877157,0.0012345871864000578,True,False
Triple,10,202,0.48549307506985295,224.15207130318854,0.0012391451275645538,True,False
Triple,10,203,0.4869370677341083,217.10369241633285,0.0012363107864533983,True,False
Triple,10,204,0.48993178486655564,177.9177316655297,0.001240657029289204,True,False
Triple,10,205,0.49275440851319496,145.6904667774361,0.0012458002867195687,True,False
Triple,10,206,0.49497739234700244,139.52891222943342,0.0012483249959884901,True,False
Triple,10,207,0.4966673520614524,125.3759484835944,0.0012516883462400676,True,False
Triple,10,208,0.497950362921173,115.08573673008873,0.0012488574229066822,True,False
Triple,10,209,0.49984635601672567,111.65310058044192,0.0012435612725930556,True,False
Triple,10,210,0.5020075583629735,107.58418215321156,0.0012390019937348288,True,False
Triple,10,211,0.5037800049219219,91.77661719477636,0.0012361773060521031,True,False
Triple,10,212,0.5046162539108128,88.16890392038607,0.0012329722327548954,True,False
Triple,10,213,0.508663512259147,100.36402679068414,0.0012347976809645913,True,False
Triple,10,214,0.5165041577462408,93.76122972396422,0.0012331236860216345,True,False
Triple,10,215,0.5208307157609935,112.63125469749953,0.0012327463680667744,True,False
Triple,10,216,0.5210229745087973,110.39593193829253,0.001227260658102225,True,False
Triple,10,217,0.5237158667640345,109.31324446250362,0.0012228763852083569,True,False
Triple,10,218,0.5268105568231638,117.77097186731345,0.0012219159374897055,True,False
Triple,10,219,0.5296221078100829,146.18067429750346,0.0011546643303676626,True,False
Triple,10,220,0.5323697349657803,136.30199282587566,0.0011573496241789037,True,False
Triple,10,221,0.5339727016590484,156.88361026548182,0.0011658700598220885,True,False
Triple,10,222,0.5354630228501333,170.03671168514612,0.0011698014244870953,True,False
Triple,10,223,0.5366217995086191,171.10752576424989,0.0011700816755958968,True,False
Triple,10,224,0.53762758839409,169.1517035141694,0.0011666182309190195,True,False
Triple,10,225,0.5389647788824637,122.75674875013718,0.0012000412289067484,True,False
Triple,10,226,0.5465935917249206,115.52641248638902,0.0012038254722304882,True,False
Triple,10,227,0.5536016777188013,124.20851366597537,0.0011877312320565743,True,False
Triple,10,228,0.55452185890475,99.609480397533,0.0011871707571671814,True,False
Triple,10,229,0.5552894258455936,114.3645502915229,0.001189714647476875,True,False
Triple,10,230,0.5557649110147019,106.33112748148459,0.0011885752868606287,True,False
Triple,10,231,0.5579440234260695,104.67767292491783,0.0011947838151745262,True,False
Triple,10,232,0.5647776561342076,98.56382096868951,0.0011956187028826415,True,False
Triple,10,233,0.5695426102156338,92.04928841373322,0.0012015122130885087,True,False
Triple,10,234,0.5721980356678,99.7730247777539,0.0011938282837812618,True,False
Triple,10,235,0.5772959378228497,104.30143024779119,0.001201893445252648,True,False
Triple,10,236,0.5818005112587976,97.04331632289511,0.0011974037618172216,True,False
Triple,10,237,0.5843733240614752,99.8468445806307,0.0011947989679993874,True,False
Triple,10,238,0.58555077381433,86.58432814675122,0.0012022010452696524,True,False
Triple,10,239,0.5881991886456923,87.17954890345801,0.001205490375815224,True,False
Triple,10,240,0.5914043753690044,93.75486220233319,0.0012050207597132379,True,False
Triple,10,241,0.595739102907151,86.9673743878082,0.001212850767215097,True,False
Triple,10,242,0.5988847200012408,99.91953647007551,0.001207026425855437,True,False
Triple,10,243,0.6008164897757007,86.29507083793763,0.0012075890823353553,True,False
Triple,10,244,0.6038401923247696,110.23822275871946,0.0012075945765885406,True,False
Triple,10,245,0.6054555125631746,117.94233079902467,0.0012050297739660775,True,False
Triple,10,246,0.6070435544055655,104.01535711222293,0.0012037642972637136,True,False
Triple,10,247,0.6084721611172692,153.99192930377697,0.001225734364807839,True,False
Triple,10,248,0.6096988433132149,153.82807139404724,0.001220641611642874,True,False
Triple,10,249,0.6122611933333835,143.83806037133098,0.001224617999168991,True,False
Triple,10,250,0.6146198380241956,269.7208796270408,0.0012158948614169945,True,False
Triple,10,251,0.6161686921267968,260.7677602208402,0.0012300741894855512,True,False
Triple,10,252,0.6173627840287086,251.2667701088829,0.0012359321637982175,True,False
Triple,10,253,0.6189445410072953,292.52653034059233,0.0012495020153966945,True,False
Triple,10,254,0.6206568075995742,315.11583634170347,0.0012519169484026449,True,False
Triple,10,255,0.6248536662565634,298.6590581485109,0.0012529525836540872,True,False
Triple,16,0,0.0018865077694156795,126.48952527609798,0.0013015832426892218,True,False
Triple,16,1,0.004272664068770249,134.6024377952361,0.0013049192792086621,True,False
Triple,16,2,0.006236086513342176,141.4610871243174,0.0013064643722406587,True,False
Triple,16,3,0.007884596006777933,151.27456884056178,0.0013071497028037612,True,False
Triple,16,4,0.009445288937111718,148.37667223353913,0.0013104821655693399,True,False
Triple,16,5,0.011420523165464935,155.84159883400935,0.0013079693980183286,True,False
Triple,16,6,0.013864287688459043,158.648077354892,0.001304410445562246,True,False
Triple,16,7,0.015533107613509567,158.27767560144866,0.0013035485328466267,True,False
Triple,16,8,0.016035680925838403,161.93966354142805,0.0013031134193115697,True,False
Triple,16,9,0.016601549955150174,168.65724623811207,0.0013048645700478969,True,False
Triple,16,10,0.01759074409775696,109.8410656048753,0.00129829086404827,True,False
Triple,16,11,0.01871953335396226,119.70777152419369,0.0012968413888935857,True,False
Triple,16,12,0.019182164219581743,121.11789733326437,0.0012921987853107277,True,False
Triple,16,13,0.019347628100549352,123.55525540399347,0.0012981513759485108,True,False
Triple,16,14,0.019869640446418257,132.58277871672396,0.0012974674791727517,True,False
Triple,16,15,0.020766566405108877,136.04118405775228,0.001305936632331185,True,False
Triple,16,16,0.021491905524232302,146.71973996952772,0.0013095363055480422,True,False
Triple,16,17,0.023287057555723134,149.4940233224081,0.0013125717254888188,True,False
Triple,16,18,0.02580224976914447,122.83358112765103,0.001307042670408948,True,False
Triple,16,19,0.02682334395115149,133.38802294338873,0.0012971357982410837,True,False
Triple,16,20,0.027262852208949084,146.46916081406124,0.001295701823748143,True,False
Triple,16,21,0.027927404328320526,158.73756467509057,0.001299675455823575,True,False
Triple,16,22,0.030057940673202777,147.5542553724453,0.00130327676590919,True,False
Triple,16,23,0.03251284141411537,157.32703263006766,0.0013029648324712985,True,False
Triple,16,24,0.03527718754165876,110.93022218324685,0.0013087033261966132,True,False
Triple,16,25,0.03838066122517492,112.7602555106429,0.0013073460113036948,True,False
Triple,16,26,0.0413506004115074,111.86264619994355,0.0013046905066951904,True,False
Triple,16,27,0.04424051729080514,110.53722763133078,0.00130367423415188,True,False
Triple,16,28,0.04615136202327297,114.88772860442971,0.001303426174974615,True,False
Triple,16,29,0.04821279020795022,115.01293852873148,0.0013082254519813541,True,False
Triple,16,30,0.04973085988667991,125.26283700127792,0.0013088949903298256,True,False
Triple,16,31,0.05156147781193432,130.19932709837028,0.0013124664434221846,True,False
Triple,16,32,0.05451667555587292,137.90115724897774,0.0013148044173392265,True,False
Triple,16,33,0.05747688121660244,144.85820258199607,0.001317166488610397,True,False
Triple,16,34,0.059450995056085865,146.5151043765264,0.0013169843659486312,True,False
Triple,16,35,0.06007098863990201,155.5937057346417,0.0013177664059862528,True,False
Triple,16,36,0.060326239592195074,104.30910880791042,0.0013209362394500342,True,False
Triple,16,37,0.06121274164944468,114.10474311865761,0.0013218346450621777,True,False
Triple,16,38,0.062297668577891985,92.90905181719613,0.0013343977112461665,True,False
Triple,16,39,0.06625305809740234,82.85682411624367,0.001338074242791743,True,False
Triple,16,40,0.06981539673281412,114.58136630487562,0.0013265795210121757,True,False
Triple,16,41,0.0710514902320677,103.58238697344356,0.0013294239053795235,True,False
Triple,16,42,0.0745711529457207,108.33017188444967,0.0013282919718398901,True,False
Triple,16,43,0.08208781351950944,102.53662467444214,0.0013307313693408295,True,False
Triple,16,44,0.08784488097714893,104.41409691685685,0.0013323875640449039,True,False
Triple,16,45,0.08853729221072948,111.0879641755723,0.0013327861157698968,True,False
Triple,16,46,0.09108900718020996,125.25585354033667,0.0013299234458395558,True,False
Triple,16,47,0.09357501414275005,115.61481903828137,0.0013306132425339998,True,False
Triple,16,48,0.09420125996557727,109.51571546581593,0.0013310066351689845,True,False
Triple,16,49,0.09505923644234815,108.40391745956653,0.0013318805947898102,True,False
Triple,16,50,0.0954281546897362,111.48156062263887,0.0013097688594622741,True,False
Triple,16,51,0.09609064668643452,119.11019970022232,0.0013114505047897304,True,False
Triple,16,52,0.0973644363143239,126.18536766124775,0.0013112878653347862,True,False
Triple,16,53,0.09968802172771085,112.15600463597401,0.0013132197589484742,True,False
Triple,16,54,0.10224216204483971,121.22553066365717,0.001314975966444907,True,False
Triple,16,55,0.1034940329815367,148.64005561126208,0.00131596836485664,True,False
Triple,16,56,0.10431629527504027,151.34078016289916,0.0013165943936264935,True,False
Triple,16,57,0.10565988591845543,161.3300557676606,0.0013256980969880263,True,False
Triple,16,58,0.10690426580798618,169.91393792129386,0.0013293354925889688,True,False
Triple,16,59,0.10771369637576578,163.67704647102528,0.0013233107905661738,True,False
Triple,16,60,0.10875720669473166,169.43163735974656,0.001325185087511267,True,False
Triple,16,61,0.10952953310553881,166.4156802715427,0.0013237855981617001,True,False
Triple,16,62,0.11283737883491618,149.472762158319,0.0013258583833298191,True,False
Triple,16,63,0.11657256378194569,153.06305437212268,0.0013284150116941854,True,False
Triple,16,64,0.11753137551722592,150.2765169732546,0.0013212711639464744,True,False
Triple,16,65,0.11875112147236389,135.23504056887614,0.0012902131916421372,True,False
Triple,16,66,0.11960671019895419,140.1683432618797,0.0012913196131549317,True,False
Triple,16,67,0.1199846838682872,137.22760101489828,0.0012882669603873423,True,False
Triple,16,68,0.12039269575694123,114.59027825311468,0.0012866654445074092,True,False
Triple,16,69,0.121681243994757,114.15941131169222,0.0012871633710271218,True,False
Triple,16,70,0.12323129237973407,103.556160330323,0.0012916267846335829,True,False
Triple,16,71,0.1237147600314007,113.20534358710509,0.0012921176660255131,True,False
Triple,16,72,0.1250033946641046,107.16176344687634,0.0012985167474171065,True,False
Triple,16,73,0.12689024310116725,110.07872664399895,0.0013006249207863333,True,False
Triple,16,74,0.12786188199453563,114.25522556610919,0.0013037446551114242,True,False
Triple,16,75,0.1283525314783035,118.86340851849998,0.0013013121877957909,True,False
Triple,16,76,0.12939692353083243,121.35823278242228,0.001300336488076424,True,False
Triple,16,77,0.13058867930365037,127.7691453091336,0.0013026670073199172,True,False
Triple,16,78,0.1312383015757974,141.88782004077524,0.0013062415706655952,True,False
Triple,16,79,0.13199453710573028,134.31337895187553,0.0013090583014454048,True,False
Triple,16,80,0.1329684134861403,129.62822758193738,0.0013050638659431728,True,False
Triple,16,81,0.1338773690996803,130.2430973483566,0.0013032700388674572,True,False
Triple,16,82,0.13522369427081926,128.64189987338133,0.0013049059439620007,True,False
Triple,16,83,0.13682288214183602,139.52086148080707,0.001303039461273,True,False
Triple,16,84,0.13757362034703724,141.60895269707004,0.001306217704932548,True,False
Triple,16,85,0.1387970561226598,143.39810799059237,0.0013014717740341272,True,False
Triple,16,86,0.1401208284074591,127.85422011548684,0.001303070759234648,True,False
Triple,16,87,0.14132931997484166,131.89363070697334,0.0013026235989041454,True,False
Triple,16,88,0.14291010333252496,140.72590874617114,0.0013011538256430483,True,False
Triple,16,89,0.14372041862328133,141.48552027658315,0.0012990790533540509,True,False
Triple,16,90,0.14738885827778236,147.55046432039194,0.0012972403597282076,True,False
Triple,16,91,0.15086063488163315,153.80890806736787,0.0012948311127287612,True,False
Triple,16,92,0.15136831279300833,172.467499400212,0.0012943274769714507,True,False
Triple,16,93,0.1535475343415107,198.69143828296498,0.001295619110701181,True,False
Triple,16,94,0.15589044031762134,208.88525376306293,0.001295851691104737,True,False
Triple,16,95,0.15723958182743059,213.02825842397067,0.0012925198664732447,True,False
Triple,16,96,0.15815113934843195,216.11569232185872,0.0012932922561627422,True,False
Triple,16,97,0.15829055526978064,213.7608359733581,0.0012934172125779908,True,False
Triple,16,98,0.15942421381803762,145.24275866109184,0.001288882853226755,True,False
Triple,16,99,0.16125052499802617,153.97863820565297,0.0012910308408675966,True,False
Triple,16,100,0.16280367374656635,150.4122802892066,0.0012906729951108473,True,False
Triple,16,101,0.1636560628354341,154.403032542736,0.0012961181674585565,True,False
Triple,16,102,0.16491412682984885,157.44634634111478,0.0012950196062347197,True,False
Triple,16,103,0.1666044434595969,150.34258773624788,0.0012925099944196636,True,False
Triple,16,104,0.1671967058403585,147.64713613159694,0.0012962899372759235,True,False
Triple,16,105,0.1677126771641978,128.67149429222522,0.001295548806133259,True,False
Triple,16,106,0.16926508848248656,111.48435279311902,0.0012905080332879476,True,False
Triple,16,107,0.17171025705020992,120.66221629355294,0.0012875342851373735,True,False
Triple,16,108,0.1734865226945781,128.90132151077805,0.001285852296309247,True,False
Triple,16,109,0.17399727235216056,127.1456364208603,0.0012849346322643378,True,False
Triple,16,110,0.1750874820142998,131.60408385073606,0.0012841205375397494,True,False
Triple,16,111,0.17758572693608254,61.54559912345707,0.0012839721936966373,True,False
Triple,16,112,0.17920141627391695,68.30950681686248,0.0012829403517077966,True,False
Triple,16,113,0.1825657635238923,66.45435036834829,0.00128069110628822,True,False
Triple,16,114,0.1885554487041008,79.49110592184921,0.0012818667307246579,True,False
Triple,16,115,0.19176090022300518,84.01961535936157,0.0012795065916160152,True,False
Triple,16,116,0.19294159504382047,85.43461926019627,0.0012778607092082503,True,False
Triple,16,117,0.19394003465874576,67.68065210294864,0.0012732050844056183,True,False
Triple,16,118,0.19466154434994742,70.99171458677998,0.001283817352821346,True,False
Triple,16,119,0.19576473655429494,57.80567431447121,0.0012955440447294493,True,False
Triple,16,120,0.19658179924567976,73.22799998461937,0.0012926307706812759,True,False
Triple,16,121,0.19713611581974755,81.96637411002641,0.001304466857029538,True,False
Triple,16,122,0.19906912905970486,76.3508721372765,0.0013011257298749348,True,False
Triple,16,123,0.2006895468945047,76.6071112113383,0.001302686536493321,True,False
Triple,16,124,0.2007645202385,77.22864279054335,0.0013029491734329515,True,False
Triple,16,125,0.20341368117127434,74.53282210919038,0.001302784684040161,True,False
Triple,16,126,0.20607231768981804,87.57274883127852,0.0013009481309473646,True,False
Triple,16,127,0.20626734771097577,88.1257702540208,0.001299218525164819,True,False
Triple,16,128,0.20746790373983615,94.5763657802059,0.0012970823159505064,True,False
Triple,16,129,0.20917682816388716,96.58900612928981,0.0012989398084067216,True,False
Triple,16,130,0.20981209767659104,93.06814238477926,0.0012992178181718583,True,False
Triple,16,131,0.2102055517152367,91.6664377294376,0.001301807322980286,True,False
Triple,16,132,0.21120026412192627,92.51158597669836,0.0013041694576943173,True,False
Triple,16,133,0.21230853816222517,96.30230189366421,0.0012983832810946892,True,False
Triple,16,134,0.2130461883371152,97.77868216585944,0.0012967423076649845,True,False
Triple,16,135,0.21383447876714268,113.3667298413878,0.0012978932303470481,True,False
Triple,16,136,0.2171231320834941,127.95013925168412,0.0012982159796418485,True,False
Triple,16,137,0.22040742534407054,107.62065121567925,0.0012954128460085364,True,False
Triple,16,138,0.22118465585284264,106.46830653408193,0.0012921414562552173,True,False
Triple,16,139,0.2223640247444475,118.77273650962064,0.0012964175313523402,True,False
Triple,16,140,0.2237516126950828,119.73189189711735,0.0013048445944500542,True,False
Triple,16,141,0.22495699882761888,117.59985477521636,0.0013021366019645016,True,False
Triple,16,142,0.2257317915128314,95.96210974794,0.0012991411946949828,True,False
Triple,16,143,0.22602914492984594,76.03849936476017,0.0012847908928818848,True,False
Triple,16,144,0.2268817501195246,73.71791183997055,0.0012819640692012196,True,False
Triple,16,145,0.22769665837378794,76.65938740827829,0.0012813092872812585,True,False
Triple,16,146,0.22880074837186648,79.91482563939041,0.001279581378496975,True,False
Triple,16,147,0.22991956285290394,88.75447356843047,0.0012809244628866306,True,False
Triple,16,148,0.23019571548827,83.66280285613333,0.0012819557378493237,True,False
Triple,16,149,0.23026276519916367,74.0410007671885,0.0012793655891431724,True,False
Triple,16,150,0.23087030572966427,85.65119979887871,0.001279266906498349,True,False
Triple,16,151,0.23210023992179918,96.24393614099408,0.0012772794472063924,True,False
Triple,16,152,0.2327906551410437,99.86197048977392,0.0012790787142289695,True,False
Triple,16,153,0.23352373938818094,102.54231801953901,0.0012320640519929045,True,False
Triple,16,154,0.23491805484587658,78.72934659718537,0.0012314605788532433,True,False
Triple,16,155,0.23617549159444995,78.29676987457741,0.0012291169696868186,True,False
Triple,16,156,0.23706165996877937,74.37456450608514,0.0012288283440288561,True,False
Triple,16,157,0.2382763256963807,81.11326057160507,0.0012280584433895425,True,False
Triple,16,158,0.24230992937829943,91.24723091985578,0.0012323709125555888,True,False
Triple,16,159,0.24584066298685647,104.64861463454156,0.0012290676266960663,True,False
Triple,16,160,0.24653650890366519,113.58227853588349,0.0012264900406381083,True,False
Triple,16,161,0.24805760688011336,108.98879271693828,0.0012208876089784566,True,False
Triple,16,162,0.24944528765103124,104.87048466453646,0.0012211648689493097,True,False
Triple,16,163,0.25206611804964174,112.26396285430936,0.0012212923632873688,True,False
Triple,16,164,0.2549582880864837,115.74927978490207,0.0012145167182394082,True,False
Triple,16,165,0.2554613011775708,115.8409196542142,0.0012112751878640114,True,False
Triple,16,166,0.256337481034265,113.33857422999384,0.0012130961471033602,True,False
Triple,16,167,0.25714584964105736,110.18882317581965,0.0012131970784267179,True,False
Triple,16,168,0.25749489517999724,111.1075161263472,0.0012153838561261951,True,False
Triple,16,169,0.25889872814293724,111.03570823129864,0.0012178037314301436,True,False
Triple,16,170,0.26077943013211835,120.93145702458821,0.0012100180127746299,True,False
Triple,16,171,0.2618516504246826,126.50891052905938,0.0012133152241342615,True,False
Triple,16,172,0.262519125404693,121.75407004795683,0.001211723284909298,True,False
Triple,16,173,0.2634122240884881,155.4229638946215,0.0012341128560312295,True,False
Triple,16,174,0.2640798434627677,154.20601420447753,0.0012325328303140887,True,False
Triple,16,175,0.26532075057100335,159.73622472921014,0.0012415401043556881,True,False
Triple,16,176,0.2667284829472846,154.76817967970115,0.0012419584885583256,True,False
Triple,16,177,0.26734801403445885,136.5726392787912,0.0012394012716410853,True,False
Triple,16,178,0.26763598342775674,132.7686854622888,0.0012385735919696124,True,False
Triple,16,179,0.26824710488501335,141.8160888603904,0.001236339514099898,True,False
Triple,16,180,0.2696620569843571,126.76742643136696,0.001234458795896569,True,False
Triple,16,181,0.27140554616479773,177.7994759196132,0.00126901992903698,True,False
Triple,16,182,0.2723334218223832,170.53069426410542,0.0012701311680983751,True,False
Triple,16,183,0.2728588166864774,163.7403189357819,0.0012685157864846931,True,False
Triple,16,184,0.27426908517920956,231.56491072597166,0.0012618274308657026,True,False
Triple,16,185,0.27667341960361,231.30479250278242,0.0012612761451345014,True,False
Triple,16,186,0.2783937295113823,233.41847943889715,0.001251040351665663,True,False
Triple,16,187,0.278918073914743,230.29343798136347,0.0012551087461652709,True,False
Triple,16,188,0.2800258840246441,253.73934747668864,0.0012713538786285879,True,False
Triple,16,189,0.2850096094690828,240.74267809997434,0.0012701335942940227,True,False
Triple,16,190,0.2913092152218445,251.45319296043294,0.001269197799134387,True,False
Triple,16,191,0.29371639833529894,243.46218161205417,0.001265921537966824,True,False
Triple,16,192,0.2943601637692991,226.75701786183208,0.0012622210032911625,True,False
Triple,16,193,0.29542036041416564,221.2499332272506,0.0012615084000843998,True,False
Triple,16,194,0.29626852432899564,223.64002139040255,0.001264264118235911,True,False
Triple,16,195,0.2967743533698082,230.96561175293328,0.0012656482460102563,True,False
Triple,16,196,0.297676001842066,225.43528626027435,0.0012688170139112775,True,False
Triple,16,197,0.2985692245671926,227.03106159204697,0.0012657338301788864,True,False
Triple,16,198,0.30009377366033585,219.57976886690903,0.001264250605815801,True,False
Triple,16,199,0.30213289712345015,201.97974988342906,0.0012638280761737288,True,False
Triple,16,200,0.30447208176484575,194.29574831335665,0.0012643824153392234,True,False
Triple,16,201,0.30672078468281827,179.759593623441,0.0012594960420853642,True,False
Triple,16,202,0.30770165351459755,174.27307457928177,0.0012529274863865853,True,False
Triple,16,203,0.30792100120780586,167.5038305987579,0.0012499375715813129,True,False
Triple,16,204,0.30801128276198064,164.6809337431919,0.0012490232865068215,True,False
Triple,16,205,0.3081197014997681,155.81628205818353,0.0012496776322173603,True,False
Triple,16,206,0.3085652071879982,148.1514531201069,0.001249687303298131,True,False
Triple,16,207,0.30948396687236857,142.60872129106036,0.0012503806474635718,True,False
Triple,16,208,0.3125342125881362,150.2573009186189,0.0012533708709613627,True,False
Triple,16,209,0.31791353723263893,139.88036798341014,0.0012510621806161213,True,False
Triple,16,210,0.32255273947622565,123.23026024035772,0.0012511111217702862,True,False
Triple,16,211,0.3244816389244104,112.96764037807708,0.001252627141486048,True,False
Triple,16,212,0.3263687318372551,167.90634314716502,0.0012879420453313297,True,False
Triple,16,213,0.3285631850257208,167.62328825868508,0.0012860297654593727,True,False
Triple,16,214,0.3296919328331911,166.0205388600175,0.0012841924920334188,True,False
Triple,16,215,0.33241519469314895,164.88009290146292,0.0012882044007677038,True,False
Triple,16,216,0.3346613887707838,169.79122687438738,0.0012855970702022647,True,False
Triple,16,217,0.335215989574172,168.87881333637932,0.0012886919961891047,True,False
Triple,16,218,0.3369762857619426,146.66285701092153,0.0012861090336856854,True,False
Triple,16,219,0.3392243778821037,127.56545250612174,0.0012840956332932504,True,False
Triple,16,220,0.3406708319524646,118.62058821429365,0.001281248765347975,True,False
Triple,16,221,0.34164876400127675,117.64497565123268,0.0012792623725735005,True,False
Triple,16,222,0.3420890592551338,116.44708768880324,0.0012796112735257458,True,False
Triple,16,223,0.34394025041924003,145.6206073312204,0.0012841764345500968,True,False
Triple,16,224,0.34586707334523825,146.8264949454815,0.0012847331815312576,True,False
Triple,16,225,0.34612144549312107,137.49895032152344,0.001283726420578559,True,False
Triple,16,226,0.34709232150354297,126.22122530977825,0.0012842463671995387,True,False
Triple,16,227,0.3481358954287379,147.69980708967594,0.0012848733920032942,True,False
Triple,16,228,0.34907501044415834,150.24481230998285,0.0012851615920136982,True,False
Triple,16,229,0.3505282363865858,151.2451688488189,0.0012839002420572735,True,False
Triple,16,230,0.35127447611863394,148.42241097866244,0.0012870687544633956,True,False
Triple,16,231,0.3516150603060004,145.05238725240508,0.0012909717389111878,True,False
Triple,16,232,0.35234595328607243,133.53108772719435,0.001291740029839293,True,False
Triple,16,233,0.35343753976797954,116.85834753917591,0.0012921856496145338,True,False
Triple,16,234,0.3547056538393819,120.24105923891918,0.001292267480032814,True,False
Triple,16,235,0.35536929721790533,118.12564855714382,0.0012932887826014449,True,False
Triple,16,236,0.3558795358684048,115.75789875193442,0.0012903596651672074,True,False
Triple,16,237,0.3564639112852447,107.02146803211377,0.0012933242213286338,True,False
Triple,16,238,0.35757387503460125,101.48063929929134,0.0012866216076708327,True,False
Triple,16,239,0.35974991625217434,98.37254717467052,0.0012884615237038865,True,False
Triple,16,240,0.36160227828199787,85.78419225966267,0.0012866225626720182,True,False
Triple,16,241,0.36451349637212993,82.75822188705173,0.0012884615075434696,True,False
Triple,16,242,0.3668298201938114,78.82356788450564,0.0012907613828002933,True,False
Triple,16,243,0.3669869666836172,68.6821775444959,0.0012898127312581428,True,False
Triple,16,244,0.36766970028618473,62.06157943723246,0.0012882370991219594,True,False
Triple,16,245,0.36877550333570264,56.14364590251265,0.0012867120472800665,True,False
Triple,16,246,0.3739932043019575,46.91802812374646,0.0012898389340517558,True,False
Triple,16,247,0.3787596343461127,43.830442333614606,0.0012908406870007411,True,True
Triple,16,248,0.37910374622167786,49.89352870093497,0.0012899431542571001,True,False
Triple,16,249,0.3794437814390901,90.55312923161512,0.001300640736558618,True,False
Triple,16,250,0.3801041069022638,95.80505533387226,0.001301537898074916,True,False
Triple,16,251,0.3823638403419526,95.86411596971556,0.0012976162855742278,True,False
Triple,16,252,0.384803616209182,86.81351359221293,0.0013053239155687093,True,False
Triple,16,253,0.38626067591866886,103.34229232737029,0.0013037893279424044,True,False
Triple,16,254,0.38888604936968296,111.86795080731544,0.0013032547888189843,True,False
Triple,16,255,0.3919836425354487,118.10743907956643,0.001302802810110981,True,False
Triple,32,0,0.0008960491401224235,124.69664769229558,0.0013054140277502613,True,False
Triple,32,1,0.001744213054952537,126.08381832299777,0.0013058172068546705,True,False
Triple,32,2,0.002250042095765181,129.46040855402038,0.0013065778909928682,True,False
Triple,32,3,0.0028912638457480044,126.47816212158088,0.0013039574665932871,True,False
Triple,32,4,0.00341889334140133,123.40679121197756,0.0013049252492800202,True,False
Triple,32,5,0.004044913293149488,123.92116566678415,0.00130589507694281,True,False
Triple,32,6,0.004693411571906725,120.57385449638312,0.0013066620864079506,True,False
Triple,32,7,0.005319262556855664,116.50418318053524,0.001307308741030371,True,False
Triple,32,8,0.006141524850359292,114.01617602266055,0.0013076474320046151,True,False
Triple,32,9,0.006674629729080339,115.03310321773226,0.001312149816685631,True,False
Triple,32,10,0.007538904014656789,106.0284333154794,0.0013115337435153508,True,False
Triple,32,11,0.008419071614101048,105.10373849718664,0.0013134124066178257,True,False
Triple,32,12,0.008799177218055398,101.42961011533914,0.0013131683435278377,True,False
Triple,32,13,0.009538925951084742,101.05728144392258,0.0013101337286659665,True,False
Triple,32,14,0.010582436270050621,99.72838990576895,0.001311159695097607,True,False
Triple,32,15,0.011301704578972616,95.13418719649731,0.0013104438409480164,True,False
Triple,32,16,0.011459845634639143,87.40034899489264,0.00131249758389798,True,False
Triple,32,17,0.012249531510660383,87.31784528455212,0.0013134143073114484,True,False
Triple,32,18,0.013177342240554557,84.7158469608104,0.001312563265314795,True,False
Triple,32,19,0.013396689933762751,80.88711746547477,0.0013111879918753057,True,False
Triple,32,20,0.013486971487937538,79.37900197361793,0.001310607631951287,True,False
Triple,32,21,0.013595390225725035,75.05296767517048,0.001311027693649422,True,False
Triple,32,22,0.01404089591395502,71.34925136859961,0.0013108840311139,True,False
Triple,32,23,0.01495965559832535,68.67662862782275,0.0013111224709811302,True,False
Triple,32,24,0.016645762299737188,73.49855635284591,0.0013128634112372088,True,False
Triple,32,25,0.018397793357264658,73.87516081275331,0.0013128154022848833,True,False
Triple,32,26,0.019356605092544832,72.12438146448851,0.0013136147433599021,True,False
Triple,32,27,0.02013526383358194,89.91311605968662,0.001284964666798582,True,False
Triple,32,28,0.020981678326758513,84.95030610037598,0.0012837013693892919,True,False
Triple,32,29,0.021431939774273212,85.81515787149749,0.0012843287316134239,True,False
Triple,32,30,0.02180991344360622,81.11548563590603,0.0012828828045588392,True,False
Triple,32,31,0.022217925332260247,77.2698715407931,0.0012817559604023847,True,False
Triple,32,32,0.023506473570076014,74.24585763630877,0.0012820088366297417,True,False
Triple,32,33,0.025056521955053146,90.32013190221751,0.0012843005807661972,True,False
Triple,32,34,0.02553998960671966,85.39322156255692,0.0012846781473806691,True,False
Triple,32,35,0.02598030273151203,85.7792551622884,0.0012880269023494747,True,False
Triple,32,36,0.027086182312445584,77.64374582009795,0.001287990218462969,True,False
Triple,32,37,0.02871547267648622,78.82370969181233,0.0012891372693441515,True,False
Triple,32,38,0.029657718566223124,76.82195807527708,0.001290687636488634,True,False
Triple,32,39,0.029848388603462284,71.63544630818576,0.0012912799086575706,True,False
Triple,32,40,0.0299867206539986,68.18833175132765,0.0012901412506124517,True,False
Triple,32,41,0.03028670010052742,77.59130176969558,0.0013088891102572692,True,False
Triple,32,42,0.031222153106151396,75.73225616849824,0.0013083317673716437,True,False
Triple,32,43,0.03241390887896922,66.18037893903835,0.001309508618353969,True,False
Triple,32,44,0.033063531151116266,87.32642652966543,0.0013134632589762443,True,False
Triple,32,45,0.03342949584098298,106.87778898974389,0.0013162982874424987,True,False
Triple,32,46,0.03398345226558652,103.71157388215914,0.001314856801359547,True,False
Triple,32,47,0.03442914459174379,97.3064513474051,0.0013129468471198204,True,False
Triple,32,48,0.034849064547550324,93.48595963935686,0.0013139197252287733,True,False
Triple,32,49,0.03553212002886347,88.0381471183777,0.0013129957058193227,True,False
Triple,32,50,0.03602115568659692,83.26851708935543,0.0013128228348060103,True,False
Triple,32,51,0.03704892384613817,79.26166814953086,0.0013136842933877577,True,False
Triple,32,52,0.03864811171715504,71.37440273256924,0.0013129299128431166,True,False
Triple,32,53,0.039398849922356316,68.22691903879955,0.001313957562535454,True,False
Triple,32,54,0.039669389783848374,67.40831931549135,0.0013120595823203165,True,False
Triple,32,55,0.040137077496740614,64.68951086016466,0.0013104473825595116,True,False
Triple,32,56,0.040691678300128875,65.00407747524237,0.0013092200474270083,True,False
Triple,32,57,0.04143858651526916,64.72399627701034,0.0013098174812050112,True,False
Triple,32,58,0.04194605798277795,61.39497265579238,0.0013106552035095976,True,False
Triple,32,59,0.04295944595540824,58.1605575928271,0.0013104661887909648,True,False
Triple,32,60,0.044058761166024196,55.318564918772644,0.0013099517461679956,True,False
Triple,32,61,0.04473533290784387,50.47142443914447,0.0013092197697923945,True,False
Triple,32,62,0.04537663834988026,48.65885175509464,0.0013082606842078528,True,False
Triple,32,63,0.04570548549356934,46.35056544839429,0.0013091472022847238,True,False
Triple,32,64,0.046315530527141546,44.06679815763427,0.0013085170576333795,True,False
Triple,32,65,0.04712445272723359,39.47886479958574,0.001309080289059959,True,False
Triple,32,66,0.04756474798109073,43.10757559815026,0.0013093194945173487,True,False
Triple,32,67,0.04941593914519693,42.02734417698699,0.0013032757145146254,True,False
Triple,32,68,0.051342762071195036,33.48275007318212,0.0013035765170328114,True,False
Triple,32,69,0.05159713421907797,35.70626987089217,0.001302924315129674,True,False
Triple,32,70,0.05212857336518251,35.36511604936381,0.0013029814796922735,True,False
Triple,32,71,0.052685864456952114,34.35631517279691,0.0013019450913443697,True,False
Triple,32,72,0.05312530132126947,35.09334232652124,0.0013017037038646473,True,False
Triple,32,73,0.05350079513960593,28.9327637276218,0.0013075450944356856,True,False
Triple,32,74,0.05367982520175263,26.52107291561041,0.0013082548777514564,True,False
Triple,32,75,0.05455069917011518,30.87553396047065,0.0013083470239482473,True,False
Triple,32,76,0.05600392511254271,25.931934275893298,0.0013091774336235935,True,False
Triple,32,77,0.05675016484459089,26.75435669212065,0.0013075469111640938,True,False
Triple,32,78,0.05698987761724045,28.085412285136428,0.001306942968155195,True,False
Triple,32,79,0.05727736306171255,32.20321930352477,0.0013071948909279662,True,False
Triple,32,80,0.05781654130765734,38.30285121039827,0.0013067813969940727,True,False
Triple,32,81,0.05825994884325719,41.326600988605556,0.0013052158654049961,True,False
Triple,32,82,0.058913228493936376,48.75289545136042,0.0013047769095487684,True,False
Triple,32,83,0.059718091053428846,48.05935552978811,0.0013046592430001503,True,False
Triple,32,84,0.05997636892375091,49.37070174594827,0.001305057459611155,True,False
Triple,32,85,0.060115784845099496,48.16186470457165,0.0013051585105651247,True,False
Triple,32,86,0.060477442099872714,27.583306443896372,0.0013029538030494997,True,False
Triple,32,87,0.06084498594386223,19.672539595961155,0.001303414339645398,True,True
Triple,32,88,0.0613552245943616,22.86203106673732,0.0013020288607748986,True,False
Triple,32,89,0.06193960001120158,23.605390859597723,0.0013037029206682197,True,False
Triple,32,90,0.062201362654186076,27.696853377984947,0.001300299203369088,True,False
Triple,32,91,0.06307575457334513,32.80007889481145,0.0013016099246905722,True,False
Triple,32,92,0.0639239556797172,27.83778427598068,0.001301369908530076,True,False
Triple,32,93,0.06474663013231396,31.315175877098334,0.001302243311686685,True,False
Triple,32,94,0.06548129241075301,34.2524426207962,0.0013050943354455343,True,False
Triple,32,95,0.06596026725657028,36.30814873022559,0.001304679559754403,True,False
Triple,32,96,0.06707796700795482,41.04546226415505,0.0013038439122618612,True,False
Triple,32,97,0.06785705615655235,47.85557846398698,0.001304909794584618,True,False
Triple,32,98,0.06842967303491582,44.25329600134914,0.0013034983073386542,True,False
Triple,32,99,0.06902193541567736,41.49072460319068,0.0013052087617893863,True,False
Triple,32,100,0.06953790673951676,34.519001109582454,0.0013048355814863537,True,False
Triple,32,101,0.07107777330028969,25.8447164953588,0.0013024785776906344,True,False
Triple,32,102,0.07224450840389635,25.25636937085115,0.0013035834080553303,True,False
Triple,32,103,0.07231805367728417,33.12156125459143,0.0013022614126715292,True,False
Triple,32,104,0.07246265540957414,40.63722669865184,0.0013016209589711268,True,False
Triple,32,105,0.07314538901214157,42.51504143771528,0.0013007851414999162,True,False
Triple,32,106,0.07425119206165953,42.72931690869912,0.001299970721916747,True,False
Triple,32,107,0.07478589140733682,47.063639784103664,0.0013015646449649205,True,False
Triple,32,108,0.07531175226989717,49.123632625028804,0.0013006458345630383,True,False
Triple,32,109,0.07582250192747958,52.708648399386824,0.0013001604845655982,True,False
Triple,32,110,0.07691271158961882,55.75158237137091,0.0012997098282618213,True,False
Triple,32,111,0.07941095651140162,34.273559269136996,0.0013073658617964497,True,False
Triple,32,112,0.08102664584923591,41.92673939454931,0.001306697603992246,True,False
Triple,32,113,0.08270065289044826,41.610711849751446,0.0013086694122803175,True,False
Triple,32,114,0.0842353230720696,46.43915849593066,0.0013073146307139977,True,False
Triple,32,115,0.08457943494763476,50.88952882691209,0.0013057543922252697,True,False
Triple,32,116,0.08491947016504686,50.38776128679303,0.0013079528195541086,True,False
Triple,32,117,0.08557979562822071,53.21106073915528,0.0013083602284410445,True,False
Triple,32,118,0.08687470087830274,62.142758806191644,0.0013098431021035279,True,False
Triple,32,119,0.0885254319379335,70.35743825991933,0.001310581121983491,True,False
Triple,32,120,0.09027930493513886,82.5330509188895,0.001315513457588584,True,False
Triple,32,121,0.09173636464462581,90.4317714707296,0.0013146684783739973,True,False
Triple,32,122,0.09280256617851357,93.94361527547461,0.0013144092976897686,True,False
Triple,32,123,0.09358612979832426,97.46199339131734,0.0013148355941415878,True,False
Triple,32,124,0.09476682461913954,98.86661248497784,0.0013151846038881498,True,False
Triple,32,125,0.09576526423406473,82.78053433687845,0.0013178228840342633,True,False
Triple,32,126,0.09614374133037573,88.37539620292037,0.0013201531147987208,True,False
Triple,32,127,0.09666212923965617,91.18002749289525,0.0013199226203525983,True,False
Triple,32,128,0.0975899661296139,90.54107776441343,0.0013189245885823632,True,False
Triple,32,129,0.09838716815136328,93.78292580031291,0.0013198579358168724,True,False
Triple,32,130,0.09861942654768097,97.96566073494864,0.0013194397543869227,True,False
Triple,32,131,0.09896134539506657,84.59486585214506,0.0013162875937464198,True,False
Triple,32,132,0.10040319704148237,87.58553298722721,0.0013145894402532663,True,False
Triple,32,133,0.10201415210368953,90.97628834373259,0.001316320379566968,True,False
Triple,32,134,0.10251477646982365,94.4492349530477,0.0013171426972760402,True,False
Triple,32,135,0.10258974981381896,101.92470343847933,0.0013173171586680092,True,False
Triple,32,136,0.10301356943098822,106.40680807572436,0.001317528019740225,True,False
Triple,32,137,0.10441085693802332,109.93631914056336,0.0013182960419348454,True,False
Triple,32,138,0.10605936643145902,115.66500031114754,0.0013186099530259029,True,False
Triple,32,139,0.10724572928579557,113.65012450794553,0.001320294185745991,True,False
Triple,32,140,0.10789754726513706,118.66324682197317,0.0013210766145178548,True,False
Triple,32,141,0.10809257728629479,119.47430846122067,0.0013221132986051963,True,False
Triple,32,142,0.10839192120511987,102.42654669093746,0.0013202927957153177,True,False
Triple,32,143,0.10947243336999463,104.81556336380541,0.0013189565261960206,True,False
Triple,32,144,0.11049650570018127,107.11664291446128,0.001319444724118905,True,False
Triple,32,145,0.11112491795935747,106.24641655979951,0.001317724665279185,True,False
Triple,32,146,0.11163732725190995,104.87906839592189,0.0013196415463486205,True,False
Triple,32,147,0.11203078129055583,101.36562143445329,0.0013187419391588382,True,False
Triple,32,148,0.11293806419081076,102.9609235228501,0.0013176751920077655,True,False
Triple,32,149,0.11354617981238208,102.54121233327321,0.001317256709177365,True,False
Triple,32,150,0.11379530754462519,88.78679126143153,0.0013143554057777856,True,False
Triple,32,151,0.11421045135051949,91.68369708989756,0.0013141436558754501,True,False
Triple,32,152,0.11454891154343849,94.9148187993364,0.0013150683932556225,True,False
Triple,32,153,0.11486133499266443,104.03835342749801,0.0013142143076509988,True,False
Triple,32,154,0.11509882674882693,76.11210391155062,0.0013105805761361978,True,False
Triple,32,155,0.11565970834246153,80.22642025282533,0.001311214763693721,True,False
Triple,32,156,0.11632639611607265,81.47003355964586,0.001311481896707185,True,False
Triple,32,157,0.1168943037786434,86.84398698512197,0.0013107534564306734,True,False
Triple,32,158,0.11735693464426289,88.00330696974422,0.0013085325446844744,True,False
Triple,32,159,0.1175223985252305,87.99888526458992,0.0013115155305592696,True,False
Triple,32,160,0.1180444108710994,91.3305858641102,0.0013110016067738252,True,False
Triple,32,161,0.11894133682979002,91.43139803173216,0.0013152813640444343,True,False
Triple,32,162,0.11966667594891334,96.00229403145491,0.0013171602951761899,True,False
Triple,32,163,0.1207742330891709,97.4243114024769,0.0013186129449509966,True,False
Triple,32,164,0.12223265491938945,105.70451483174163,0.0013173293449483807,True,False
Triple,32,165,0.1229202498106226,110.15932558061768,0.001315687597914277,True,False
Triple,32,166,0.12315104170130475,93.5179332421282,0.0013125807391302306,True,False
Triple,32,167,0.12406665581136445,93.31159509058489,0.0013146738428899429,True,False
Triple,32,168,0.12499811437583253,96.88562402172515,0.0013096750407301661,True,False
Triple,32,169,0.12512071288423454,105.42787497166591,0.0013088826375742574,True,False
Triple,32,170,0.12545474107008492,105.89452398744099,0.0013132108218877985,True,False
Triple,32,171,0.12589375201979747,110.79470544338974,0.0013151349067390124,True,False
Triple,32,172,0.12622427595331864,111.08377276597035,0.0013137676186050298,True,False
Triple,32,173,0.1269906511361421,105.39510035807339,0.0013156871871757346,True,False
Triple,32,174,0.12755702108815037,105.00546995816474,0.001314203100290681,True,False
Triple,32,175,0.1278543745051649,81.58247303063536,0.0013067702621661818,True,False
Triple,32,176,0.12870697969484363,81.36881666296746,0.0013053745353016708,True,False
Triple,32,177,0.1295218879491069,73.36088209637646,0.0013050624645383493,True,False
Triple,32,178,0.12990292521878077,65.54171779800264,0.0013042347719646118,True,False
Triple,32,179,0.1306876118387963,73.03015150642618,0.0013040102985697826,True,False
Triple,32,180,0.1314106645672009,52.29351385385429,0.0013068931141301822,True,False
Triple,32,181,0.13174479242822285,57.3910621856457,0.001307484926782705,True,False
Triple,32,182,0.1320209450635889,60.90359996402489,0.0013081004086375663,True,False
Triple,32,183,0.13208799477448258,64.63855443039083,0.0013067221166191236,True,False
Triple,32,184,0.13269553530498318,66.42764964807311,0.0013067835069622473,True,False
Triple,32,185,0.1339254694971181,66.73797594852951,0.0013058246696066756,True,False
Triple,32,186,0.13461588471636254,66.00370418803614,0.0013066997667208406,True,False
Triple,32,187,0.1350942307503039,58.55925089471101,0.0012824712651902438,True,False
Triple,32,188,0.1358161539775276,65.56657512433473,0.0012817262187524532,True,False
Triple,32,189,0.1367432844211955,53.577910465736124,0.0012813310394666517,True,False
Triple,32,190,0.13748256209352389,52.484986157087874,0.0012801632636423345,True,False
Triple,32,191,0.13806760661162532,51.94520559751539,0.0012788228894051162,True,False
Triple,32,192,0.13888688954409834,52.76681476643122,0.0012786058735644902,True,False
Triple,32,193,0.14010155527169965,49.10543636364349,0.0012782392332732232,True,False
Triple,32,194,0.14125819564003478,49.688492576574184,0.0012804883081187436,True,False
Triple,32,195,0.14241528771548623,48.14225974541709,0.0012799510971885592,True,False
Triple,32,196,0.144326132447954,48.02877083695849,0.0012797932622081456,True,False
Triple,32,197,0.14628910218304797,51.62195601765732,0.0012822013379720444,True,False
Triple,32,198,0.14735367921374698,55.901962964226925,0.001280489634251745,True,False
Triple,32,199,0.1477643510117586,61.50025717143294,0.0012807977469525527,True,False
Triple,32,200,0.14821784365978924,63.73030199910357,0.0012795045552264224,True,False
Triple,32,201,0.14850301777858632,70.17775600688077,0.001281330096342627,True,False
Triple,32,202,0.1498801430558102,65.98513438785986,0.0012783354446777486,True,False
Triple,32,203,0.1511160669134613,72.1510922729632,0.0012795238660496784,True,False
Triple,32,204,0.15127051722635015,67.11667833412208,0.0012796989237245406,True,False
Triple,32,205,0.1528458962934428,67.90684984877507,0.0012797665888526941,True,False
Triple,32,206,0.15531496977878645,71.06125756193653,0.0012808848337335452,True,False
Triple,32,207,0.15669710297280115,56.46658836398578,0.0012772942057186823,True,False
Triple,32,208,0.1571201995242995,58.50478008586865,0.001277160875685452,True,False
Triple,32,209,0.15728653075288979,63.92610083226166,0.001275531916592624,True,False
Triple,32,210,0.15779209670935712,59.404363077047144,0.0012764425783202162,True,False
Triple,32,211,0.1582457590645831,64.83350283164131,0.0012768134557931438,True,False
Triple,32,212,0.15850101001687616,59.64712322242315,0.0012783631244364217,True,False
Triple,32,213,0.1588436109787555,60.56893835336229,0.0012787441296535312,True,False
Triple,32,214,0.15897107921637627,62.84346918007227,0.0012788165649372583,True,False
Triple,32,215,0.15932012475531615,66.87636830110316,0.00127992469656734,True,False
Triple,32,216,0.15985192056099928,71.09608453555045,0.0012812134679105437,True,False
Triple,32,217,0.1604724390025729,36.06336530427993,0.0012876530568390193,True,False
Triple,32,218,0.16134447615982983,36.992021865938646,0.0012894881883553455,True,False
Triple,32,219,0.16260465970743732,37.73050762701393,0.0012853397014613425,True,False
Triple,32,220,0.16367688000000147,42.06289022634108,0.00128699382685333,True,False
Triple,32,221,0.16434435498001188,39.85318084223578,0.001286174997204406,True,False
Triple,32,222,0.16523745366380704,43.83373935849896,0.0012976230935554417,True,False
Triple,32,223,0.16590507303808666,42.9823384184297,0.0012968332746435818,True,False
Triple,32,224,0.16702310642398077,46.26149905216945,0.0013013581034353146,True,False
Triple,32,225,0.16799016715749504,53.612889711727576,0.0012989592796258268,True,False
Triple,32,226,0.16811304087983647,51.992887660483525,0.0012976794747585104,True,False
Triple,32,227,0.16855371252260354,49.16987829068232,0.0012980722736193777,True,False
Triple,32,228,0.16917324360977792,41.668714032570776,0.0012967893522845021,True,False
Triple,32,229,0.16946121300307593,39.564967716761466,0.0012963520270532557,True,False
Triple,32,230,0.16995490169281374,42.907727869546996,0.0012952054691383723,True,False
Triple,32,231,0.17054717492247629,41.41739475049711,0.0012962874151432717,True,False
Triple,32,232,0.17148728655967604,34.781862961193994,0.0012953433737888968,True,False
Triple,32,233,0.17323077574011675,58.06318509915279,0.001311898430798724,True,False
Triple,32,234,0.17415865139770226,54.367386439486026,0.0013125232492676741,True,False
Triple,32,235,0.17461391066518706,54.05398977484589,0.0013129757023904022,True,False
Triple,32,236,0.17513224018245538,47.84486996882766,0.0013134714721425194,True,False
Triple,32,237,0.17609431475452852,82.74352112769428,0.0013099921322473655,True,False
Triple,32,238,0.178498649178929,82.54993717067923,0.001309730733312848,True,False
Triple,32,239,0.18021895908670127,84.18382148001305,0.001304348931142173,True,False
Triple,32,240,0.180743303490062,82.48729036272185,0.0013063777009547288,True,False
Triple,32,241,0.1818511135999632,94.32215022271407,0.0013146948230943578,True,False
Triple,32,242,0.1840527785339371,88.28371907117935,0.001314058681834034,True,False
Triple,32,243,0.1860196514018299,83.1923249950831,0.0013144401835893142,True,False
Triple,32,244,0.18671206263541051,82.65010366639537,0.0013143382583091189,True,False
Triple,32,245,0.18893753504658028,108.67593144357095,0.0013143614056736774,True,False
Triple,32,246,0.1913534268817752,113.57134376803434,0.0013126689737000994,True,False
Triple,32,247,0.19174978456743114,112.20289256823419,0.001313021488187929,True,False
Triple,32,248,0.1923760303902583,114.4719879732116,0.0013131838925416971,True,False
Triple,32,249,0.19323400686702924,110.19904905887077,0.0013135051444537428,True,False
Triple,32,250,0.19360292511441735,143.05989840615618,0.0013044406857466919,True,False
Triple,32,251,0.19426541711111556,143.85889657106551,0.0013053419637061464,True,False
Triple,32,252,0.1950512709562885,138.71407525142553,0.0013053454975750086,True,False
Triple,32,253,0.1955416279106179,134.74138282740643,0.0013041610740006703,True,False
Triple,32,254,0.1960295636933343,126.33439009171886,0.0013048066614629258,True,False
Triple,32,255,2.3865638216824525e-05,127.4775879753865,0.0013058452574327784,True,False
Triple,128,0,8.703704320409122e-05,14.620876375978954,0.0013153619015255854,True,False
Triple,128,1,0.00016278016438328602,15.258050661319112,0.0013151588874838267,True,False
Triple,128,2,0.00027752990095042396,14.818764291878532,0.0013145746193957088,True,False
Triple,128,3,0.0004235301195398,15.806344250459825,0.0013137748063957657,True,False
Triple,128,4,0.0005131657370787412,16.445518547724063,0.001318885082880076,True,False
Triple,128,5,0.0006678781183855342,16.329407331226182,0.0013194182350448596,True,False
Triple,128,6,0.0009701634276479687,15.551515961609473,0.0013194813305797486,True,False
Triple,128,7,0.0011529184794184244,15.589925173990409,0.001319874557554883,True,False
Triple,128,8,0.0011809471617272027,17.502707912448066,0.0013204392590396579,True,False
Triple,128,9,0.0014385052347492266,17.189843519231164,0.0013201996090439808,True,False
Triple,128,10,0.0019341697356987653,16.724319954528518,0.00132010842827353,True,False
Triple,128,11,0.002176338952335738,16.67222808801905,0.0013188506978340216,True,False
Triple,128,12,0.0021914241089687064,16.437032298151674,0.0013187187845939768,True,False
Triple,128,13,0.00227503969699204,16.529735835388582,0.0013185987758961466,True,False
Triple,128,14,0.0023528031545102523,16.37899753803716,0.0013186692386057955,True,False
Triple,128,15,0.0023724999591322182,16.11732811315576,0.0013179213298180068,True,False
Triple,128,16,0.002402249853383054,16.2149226385156,0.0013176948295636076,True,False
Triple,128,17,0.0027362780392334307,17.18476436068227,0.0013187771671981589,True,False
Triple,128,18,0.003154722065641574,16.556163744052785,0.0013192714867290348,True,False
Triple,128,19,0.003276823265958434,15.505093583748764,0.001319381844715079,True,False
Triple,128,20,0.0033441007017247504,15.20356642327195,0.0013190402034348506,True,False
Triple,128,21,0.003393669375029787,13.663324720796977,0.0013186168668458086,True,False
Triple,128,22,0.003555381595772192,13.948786390645669,0.001317741393500706,True,False
Triple,128,23,0.00403658080579386,16.098447052549744,0.001318260227113456,True,False
Triple,128,24,0.004594533255413119,16.319157095662117,0.0013201433915012457,True,False
Triple,128,25,0.004838558057299103,14.132336937048985,0.0013197636812669483,True,False
Triple,128,26,0.004899862243066544,14.218348493584879,0.001317909824132966,True,False
Triple,128,27,0.005066577206622708,13.361699374183885,0.0013175689003176643,True,False
Triple,128,28,0.005227854240230506,12.22589210766608,0.0013174985360261016,True,False
Triple,128,29,0.005304695997291942,11.149391934227369,0.001317412261811945,True,False
Triple,128,30,0.005379468194931236,10.026222650855974,0.0013175523285899695,True,False
Triple,128,31,0.005488407241836177,8.884320549975882,0.001317191822938568,True,False
Triple,128,32,0.005743007494357064,18.08049268782481,0.0013155793312874017,True,False
Triple,128,33,0.006243116916513136,17.810030610256945,0.0013155123050780577,True,False
Triple,128,34,0.0068034249182554185,17.2912486044306,0.0013154356704916652,True,False
Triple,128,35,0.007127747663665224,17.537788929282165,0.001315221805622249,True,False
Triple,128,36,0.007257545954129113,16.26908057885768,0.0013150578460679595,True,False
Triple,128,37,0.0073685667921871145,15.399985597274835,0.0013149871173569654,True,False
Triple,128,38,0.007506588868782943,14.841417676559114,0.0013144105468942395,True,False
Triple,128,39,0.007897750508129353,15.287786012624915,0.0013150427003351308,True,False
Triple,128,40,0.00826137791214529,14.293766995868614,0.0013136773144966686,True,False
Triple,128,41,0.008469292370980902,22.910472430534508,0.0013121232919866702,True,False
Triple,128,42,0.008622531219920765,23.355300853740893,0.0013126457939896048,True,False
Triple,128,43,0.008673077393885786,22.25933536110826,0.0013133821774247768,True,False
Triple,128,44,0.008741241792738885,23.345179995144413,0.0013136771548980086,True,False
Triple,128,45,0.008904927377276273,21.906331814872757,0.001313839356759547,True,False
Triple,128,46,0.009151687005372527,21.06359310359805,0.001313491858454063,True,False
Triple,128,47,0.009273089025467723,23.990487734729133,0.0013156323761925987,True,False
Triple,128,48,0.009302482032737536,22.98032791399244,0.00131577885676471,True,False
Triple,128,49,0.009369531743631199,21.9080407150033,0.0013154408594010455,True,False
Triple,128,50,0.009628211390404928,21.58896859970076,0.0013154599240313243,True,False
Triple,128,51,0.009885451985573446,20.083625839772385,0.001314998094410314,True,False
Triple,128,52,0.010234312869300322,19.07486152386797,0.0013152610884978684,True,False
Triple,128,53,0.010538298889612857,18.9680359312425,0.0013150054714364196,True,False
Triple,128,54,0.01060424525355863,17.82818860070067,0.001315137542365494,True,False
Triple,128,55,0.010664757702961505,16.984116087801066,0.0013149702145954535,True,False
Triple,128,56,0.010753257966621368,15.580910238817104,0.0013147202617110505,True,False
Triple,128,57,0.01103685739278365,14.256945697531911,0.0013145448996210055,True,False
Triple,128,58,0.011272026848855393,24.127272039450478,0.0013158741838098945,True,False
Triple,128,59,0.011323349931971233,22.041439951375825,0.0013158210702427396,True,False
Triple,128,60,0.011493828578106963,22.379964288365148,0.0013159366085884528,True,False
Triple,128,61,0.011767101196079821,21.62831952899227,0.0013161176454176075,True,False
Triple,128,62,0.011897421685511056,21.332952396239136,0.0013163464217622678,True,False
Triple,128,63,0.012233151447596208,27.34999418350735,0.0013102596855309619,True,False
Triple,128,64,0.012700336461623968,27.47662389185317,0.00130976344493141,True,False
Triple,128,65,0.013097690946676219,26.18515058721947,0.0013095828423543086,True,False
Triple,128,66,0.013357474956622845,25.80740636262665,0.0013094854055926046,True,False
Triple,128,67,0.013509867906358178,25.895512119530146,0.0013093184403112545,True,False
Triple,128,68,0.013793370494579349,25.773376484860762,0.0013094379214299643,True,False
Triple,128,69,0.01431336977531586,26.264255849907677,0.0013091445481397122,True,False
Triple,128,70,0.014733802439374527,23.61190624660142,0.0013088388670107517,True,False
Triple,128,71,0.014800687881231095,23.442806347364325,0.001308852305434053,True,False
Triple,128,72,0.014838650986562507,22.72698912778185,0.001308498124992783,True,False
Triple,128,73,0.014855157316185863,24.291335920186423,0.0013088291930862881,True,False
Triple,128,74,0.014953017345140068,24.991986446393778,0.001308252019263694,True,False
Triple,128,75,0.015214717359042201,27.788377532297595,0.0013108197329084767,True,False
Triple,128,76,0.015593384890570258,26.33147209000114,0.0013104235558957565,True,False
Triple,128,77,0.015829277449294868,25.335124242177905,0.0013101258452157271,True,False
Triple,128,78,0.015863242483024148,21.082031943220997,0.0013110373306091895,True,False
Triple,128,79,0.01616842651324707,21.652316030463897,0.0013109721066779155,True,False
Triple,128,80,0.016483074583915902,20.88163388839615,0.0013108574685786844,True,False
Triple,128,81,0.016894893909098763,21.748663075401552,0.0013109961208320022,True,False
Triple,128,82,0.01736523047203377,18.948983009840582,0.0013112250237977518,True,False
Triple,128,83,0.01747440682880043,18.510937005467063,0.0013110210192767893,True,False
Triple,128,84,0.017904087922797907,15.649082049169284,0.00131098319658837,True,False
Triple,128,85,0.018534967920112416,14.075337454123826,0.0013115765436463294,True,False
Triple,128,86,0.018778066417074163,11.341469210966663,0.001311497622577056,True,False
Triple,128,87,0.0190020835932089,10.139915282730382,0.0013113469415660017,True,False
Triple,128,88,0.019270650522687033,11.627551142575445,0.0013117912167223203,True,False
Triple,128,89,0.019444819978551714,11.659377160348116,0.0013116529234558517,True,False
Triple,128,90,0.019639923573304158,9.400990654490226,0.0013117750213063148,True,False
Triple,128,91,0.01979199667575013,9.760645194543656,0.0013115744752108952,True,False
Triple,128,92,0.019943936324239242,8.80962942925169,0.0013114050940455282,True,False
Triple,128,93,0.02017724020960454,7.899318411180489,0.0013113918602089096,True,False
Triple,128,94,0.020475623615374555,8.942261236501583,0.0013114956996538643,True,False
Triple,128,95,0.020641963355932658,6.684276361244759,0.0013114338300323136,True,False
Triple,128,96,0.020832945743709808,6.794871423590426,0.0013112101159566264,True,False
Triple,128,97,0.021059547940613668,6.49329226347045,0.0013114416191738548,True,False
Triple,128,98,0.021228557789333705,6.880331072145455,0.0013114764866040737,True,False
Triple,128,99,0.021530403570622553,5.938021243662287,0.001311324247653175,True,True
Triple,128,100,0.02179707687122534,8.701509070531948,0.0013059700775293955,True,False
Triple,128,101,0.021897606985478546,8.879071185260077,0.0013062125036001633,True,False
Triple,128,102,0.022071968869727926,11.199418779626725,0.0013068742087990728,True,False
Triple,128,103,0.022275090651649093,10.329601745541583,0.00130702559719428,True,False
Triple,128,104,0.02247091438427791,8.869838458064306,0.0013075815209219028,True,False
Triple,128,105,0.022646269698667856,8.75508805321781,0.0013082238338067542,True,False
Triple,128,106,0.022818332981279027,8.099151975348837,0.0013081481805494559,True,False
Triple,128,107,0.02300181776741292,7.5588606523315,0.0013082483772683757,True,False
Triple,128,108,0.02307422600603007,6.145004722206112,0.0013082514491513158,True,False
Triple,128,109,0.02323377381478678,9.961980663315453,0.0013066779787788189,True,False
Triple,128,110,0.023404970521853197,10.273203165239696,0.0013064322452234014,True,False
Triple,128,111,0.023735779667425905,9.786009292930428,0.0013061321857551283,True,False
Triple,128,112,0.024223715450142402,8.547544154075602,0.0013062998435196271,True,False
Triple,128,113,0.024474243163207815,10.33069681813245,0.0013065705063622882,True,False
Triple,128,114,0.02454022516974126,10.293362329800827,0.001306137128103772,True,False
Triple,128,115,0.024633540250920447,9.935997176257777,0.0013063745533840045,True,False
Triple,128,116,0.024728531264074677,8.328228794407242,0.001306277931710462,True,False
Triple,128,117,0.024851081346006748,7.917492553687982,0.0013063289829956053,True,False
Triple,128,118,0.024988348729170218,8.87584193102771,0.0013062185914266102,True,False
Triple,128,119,0.025183155364070703,10.206795939230775,0.0013054410388121304,True,False
Triple,128,120,0.025499380628937862,9.957728607404581,0.001305101149282821,True,False
Triple,128,121,0.02564649284142287,10.113860329867862,0.0013055747005249964,True,False
Triple,128,122,0.025790387660617725,11.219025960488409,0.0013051403409806627,True,False
Triple,128,123,0.026042272581922016,11.595489212199434,0.0013043813742579223,True,False
Triple,128,124,0.0262879056611226,11.015821821238285,0.0013044865201909128,True,False
Triple,128,125,0.02653537259492325,11.587401573441772,0.0013046814352852623,True,False
Triple,128,126,0.026799069465024694,11.537339871444745,0.001304757890509034,True,False
Triple,128,127,0.02705344161290757,12.833198098048246,0.0013046126042693643,True,False
Triple,128,128,0.02716376371941051,12.892073206712624,0.001304648555272295,True,False
Triple,128,129,0.02743495645191807,13.056990931354488,0.0013039794056973332,True,False
Triple,128,130,0.027797035958466776,14.00827406201376,0.001304240514068133,True,False
Triple,128,131,0.027950950224689936,13.663873136439523,0.00130465532766311,True,False
Triple,128,132,0.028116500213794665,13.708629343900103,0.0013044155961187548,True,False
Triple,128,133,0.0282486843068335,13.3305840831386,0.0013046716373114281,True,False
Triple,128,134,0.028334633213404126,13.501782198770874,0.0013045916914607414,True,False
Triple,128,135,0.028397603882609923,14.249959820824303,0.001304883455770784,True,False
Triple,128,136,0.028552054195498777,15.692379757634232,0.001304913644368154,True,False
Triple,128,137,0.028789023493742863,16.723671031327548,0.0013049482214076784,True,False
Triple,128,138,0.02888154868254901,16.443779577024014,0.0013051361893113701,True,False
Triple,128,139,0.02889101145514164,14.039881128342147,0.0013065967922994118,True,False
Triple,128,140,0.028923680276349173,13.29238214606431,0.0013066310388996994,True,False
Triple,128,141,0.028989190847751867,13.905430954797714,0.0013068222737661376,True,False
Triple,128,142,0.02902476307360216,14.62897476982307,0.0013068614348611396,True,False
Triple,128,143,0.029136132595582176,14.155428493452465,0.001307015718734128,True,False
Triple,128,144,0.02938346541901596,15.502377128289444,0.0013070540434924813,True,False
Triple,128,145,0.02963040494280239,15.212262214199672,0.0013072323791187485,True,False
Triple,128,146,0.029973350878467253,16.09597426414304,0.001307425191584644,True,False
Triple,128,147,0.030486496307954705,15.975967128880516,0.0013075126811969073,True,False
Triple,128,148,0.03096581266579347,16.566405829176915,0.0013077349088545132,True,False
Triple,128,149,0.031218322335250515,15.964365538405326,0.0013088549535356065,True,False
Triple,128,150,0.031411583136275095,17.70617791365846,0.0013087055521472058,True,False
Triple,128,151,0.03168490649859915,18.77271985318824,0.0013089630269175528,True,False
Triple,128,152,0.03198606553815356,19.722090940069197,0.0013090358828068895,True,False
Triple,128,153,0.03220647223842055,19.638991293771937,0.0013086311044340655,True,False
Triple,128,154,0.032446185011070106,19.289324730506273,0.001308490417115037,True,False
Triple,128,155,0.03273367045554221,20.457981667611506,0.0013085445620476404,True,False
Triple,128,156,0.03286381212789011,22.04189781756486,0.0013084583699875538,True,False
Triple,128,157,0.032962764220271334,22.5409714146947,0.0013089369769131631,True,False
Triple,128,158,0.03303513285006848,23.451727916175663,0.0013088896392542224,True,False
Triple,128,159,0.03333988886228409,23.27741546558103,0.001309302856281806,True,False
Triple,128,160,0.03364762583644118,19.42562425192072,0.0013084047495408539,True,False
Triple,128,161,0.033682224563072155,19.845650025908174,0.001307641218844949,True,False
Triple,128,162,0.033716256237086836,21.31524101888385,0.0013072634411942729,True,False
Triple,128,163,0.03395642011545659,15.660014944961821,0.0013071360724956928,True,False
Triple,128,164,0.03425340254695039,16.715867988120003,0.0013073231977690552,True,False
Triple,128,165,0.03432838870412239,16.144095545482294,0.001307297717603978,True,False
Triple,128,166,0.034414803393123944,17.625002054859937,0.0013075673142727054,True,False
Triple,128,167,0.034500047351764956,17.54223061733666,0.001307148849360235,True,False
Triple,128,168,0.03454674342642493,19.044298538860684,0.0013074143052276433,True,False
Triple,128,169,0.03461476379669848,16.05694555024095,0.0013069214244962521,True,False
Triple,128,170,0.03479406385153794,16.261294624598843,0.0013071396576731164,True,False
Triple,128,171,0.03497892913776081,16.61106836045328,0.0013068007162269429,True,False
Triple,128,172,0.03517439844725839,16.994956099081588,0.001306776395944278,True,False
Triple,128,173,0.03541518257791404,17.120847890913137,0.001306871845949071,True,False
Triple,128,174,0.03551677683505078,18.506538763899325,0.001306938078985445,True,False
Triple,128,175,0.035544789773398144,18.419874059791965,0.001306973125587903,True,False
Triple,128,176,0.03558261143760999,18.250898316695178,0.0013073771230630899,True,False
Triple,128,177,0.03567511406725113,19.191802878992352,0.0013068447961103202,True,False
Triple,128,178,0.03584539718514268,21.199620651522757,0.001306671663066242,True,False
Triple,128,179,0.035980132569447223,21.730696052362138,0.0013072039654908405,True,False
Triple,128,180,0.03603319067133255,21.596716047643795,0.001307288291067425,True,False
Triple,128,181,0.036148553619266194,23.196935931156975,0.001307494410447057,True,False
Triple,128,182,0.03624904799005069,23.957784363594836,0.0013074950506349354,True,False
Triple,128,183,0.036261153279737834,25.53453301787725,0.001307618629552629,True,False
Triple,128,184,0.03630486153316598,26.482879390299026,0.0013079198932203454,True,False
Triple,128,185,0.03654378462631944,23.75663349164288,0.0013075576253948327,True,False
Triple,128,186,0.03684058481761823,23.98764364609858,0.0013076583330306256,True,False
Triple,128,187,0.03696344503776969,24.9545183599238,0.0013080056842881226,True,False
Triple,128,188,0.03713317524354212,25.673724879367327,0.0013075796483755097,True,False
Triple,128,189,0.03730318773592023,25.85552594144752,0.0013079836520641754,True,False
Triple,128,190,0.03742103275568898,16.933580641797235,0.0013096057694377689,True,False
Triple,128,191,0.03752180215788317,16.532830377616424,0.0013087551818956086,True,False
Triple,128,192,0.03766571978109892,14.236645993697733,0.0013127683385825682,True,False
Triple,128,193,0.03785690273685707,14.544134816830622,0.00131310049169137,True,False
Triple,128,194,0.037940382539932815,14.405208584088152,0.0013130268428353602,True,False
Triple,128,195,0.03798396972862711,15.693801558774169,0.0013130103556029643,True,False
Triple,128,196,0.038006249433399086,16.044287565689398,0.0013135022276207782,True,False
Triple,128,197,0.03805294379887958,16.565548866666198,0.0013132769979332724,True,False
Triple,128,198,0.038136209883848554,16.95204678554252,0.0013134942501986655,True,False
Triple,128,199,0.03818251180491142,17.24397780520572,0.0013139684653495226,True,False
Triple,128,200,0.0384858425050606,16.957873778307626,0.0013143961610041761,True,False
Triple,128,201,0.03888504627222772,16.820573030119792,0.0013141300702275032,True,False
Triple,128,202,0.03902808984419212,16.51050464889678,0.0013138836829447,True,False
Triple,128,203,0.039167461832104955,16.801494304437004,0.0013128488595392975,True,False
Triple,128,204,0.03938026307354675,16.85858681257203,0.0013127723514442862,True,False
Triple,128,205,0.03966283118570599,16.693530370594797,0.0013129890936878807,True,False
Triple,128,206,0.039915101993871216,17.07008176676221,0.0013128884021933265,True,False
Triple,128,207,0.04001271781100224,18.04002070283702,0.001312141042579318,True,False
Triple,128,208,0.0401744160368107,20.439120784909555,0.0013127180802695569,True,False
Triple,128,209,0.04051296695200131,21.409308999888292,0.0013126632840767356,True,False
Triple,128,210,0.04076641253208704,22.531472447383976,0.001313090273129231,True,False
Triple,128,211,0.04087035214020293,17.479198418144286,0.0013133425371244759,True,False
Triple,128,212,0.040937599804582656,17.260065030070727,0.0013140719623154047,True,False
Triple,128,213,0.040985081389307246,17.546145538861122,0.0013139854038766603,True,False
Triple,128,214,0.04110983816199046,17.774920506820703,0.0013137719369570534,True,False
Triple,128,215,0.04133724699838334,17.22676866129224,0.0013135493759470175,True,False
Triple,128,216,0.04146774893031607,14.736236178246356,0.0013125220820136305,True,False
Triple,128,217,0.04167183335501587,15.67868897176974,0.0013126855001740277,True,False
Triple,128,218,0.0419503953860233,16.115338834982406,0.0013124559738386108,True,False
Triple,128,219,0.04219548080110838,13.709347016013783,0.0013153100031813483,True,False
Triple,128,220,0.042467717443965824,14.182218480425048,0.001315664012542859,True,False
Triple,128,221,0.04269531829756168,11.674886490436466,0.00131572121927972,True,False
Triple,128,222,0.042907116375559246,11.803633694460286,0.0013155315387943806,True,False
Triple,128,223,0.04310286964871672,12.778767826019756,0.0013153183101269105,True,False
Triple,128,224,0.04328645430214133,13.670363042105123,0.0013155591574609293,True,False
Triple,128,225,0.043397103908900544,13.169565714966714,0.0013166829379290977,True,False
Triple,128,226,0.04347548969694749,14.247763697020844,0.0013163331675154625,True,False
Triple,128,227,0.04362110537985531,13.393294892528047,0.00131544512960475,True,False
Triple,128,228,0.04372585682575192,13.301280301642212,0.0013148842537836112,True,False
Triple,128,229,0.04389132070671953,14.197230324791972,0.0013156100503338333,True,False
Triple,128,230,0.04415990072278425,15.66833661319973,0.0013154812564825404,True,False
Triple,128,231,0.044310788430512976,14.964455288818373,0.001316427201599911,True,False
Triple,128,232,0.04447824280950691,15.621953537810615,0.0013168294781321572,True,False
Triple,128,233,0.044694515869474455,15.679853026095818,0.0013167301273177502,True,False
Triple,128,234,0.044932388769556283,11.675972852716503,0.0013178473205839598,True,False
Triple,128,235,0.045161687922213326,12.792156773368282,0.0013174985771109574,True,False
Triple,128,236,0.04527170412664355,8.15601673269196,0.0013169165551475189,True,False
Triple,128,237,0.04534210323785837,7.881074930933137,0.001316585816048151,True,False
Triple,128,238,0.045432364959155036,8.534998083017976,0.0013160249758120146,True,False
Triple,128,239,0.04566243188627753,10.619704185130521,0.0013161221770012887,True,False
Triple,128,240,0.045903241174651443,11.346840570488723,0.0013165968985170055,True,False
Triple,128,241,0.04597563238044339,11.091809863191509,0.0013167179214281029,True,False
Triple,128,242,0.04608523301353987,12.630785094835286,0.001316752779528329,True,False
Triple,128,243,0.04620841573587689,12.92727188143091,0.0013164204851238647,True,False
Triple,128,244,0.04647678877211342,9.987042077248946,0.001316777109203385,True,False
Triple,128,245,0.046723153615162966,11.485499789368394,0.001316608724745218,True,False
Triple,128,246,0.04674274997222444,12.959851732460482,0.0013165047094998656,True,False
Triple,128,247,0.046781214295491896,12.728701037957546,0.001316205606632228,True,False
Triple,128,248,0.0472445507156878,11.929597480550669,0.001316458067288635,True,False
Triple,128,249,0.04769977508215825,12.632097508281717,0.00131673364267274,True,False
Triple,128,250,0.0477123198396741,13.830273905771444,0.0013170229461510036,True,False
Triple,128,251,0.047774361071113824,13.912430467011342,0.0013167124985469687,True,False
Triple,128,252,0.04789075312306473,13.723409919707484,0.0013165695245062597,True,False
Triple,128,253,0.047974354339482814,13.757004973158674,0.001316319978083935,True,False
Triple,128,254,0.048028851251305196,15.012123525813923,0.0013161070496166406,True,False
Triple,128,255,0.04860157710087859,14.61467428975237,0.0013157720571917416,True,False
Triple,256,0,0.00014790612851428575,4.0215142938207675,0.001309337531155267,True,False
Triple,256,1,0.00022931153962453543,3.702808207944577,0.0013091242439789597,True,False
Triple,256,2,0.0003741986813448478,3.7040013720405622,0.001308875886812497,True,False
Triple,256,3,0.00048764882666488263,4.629303247482935,0.0013090769634479236,True,False
Triple,256,4,0.0005419403038589149,5.5717401219458775,0.0013098874131236976,True,False
Triple,256,5,0.0006346599729698116,4.876434755376703,0.0013097970623323788,True,False
Triple,256,6,0.0007062632486278253,5.140554969948463,0.0013093734224382592,True,False
Triple,256,7,0.0008501808718435755,6.2395677188650245,0.0013113768079552877,True,False
Triple,256,8,0.0010333158093815756,5.903697893163888,0.0013115450516286598,True,False
Triple,256,9,0.0010856286535377152,5.735461297819016,0.001311496502944006,True,False
Triple,256,10,0.0010936766717578664,5.771519561657241,0.0013114120706949814,True,False
Triple,256,11,0.001124843630677469,6.098172583559712,0.001311377386582707,True,False
Triple,256,12,0.001168430819371763,5.569212955307347,0.0013113695829683552,True,False
Triple,256,13,0.0011907105241436844,4.962960620075022,0.0013116145704451154,True,False
Triple,256,14,0.0012374048896241774,4.711926842027946,0.0013115025885476583,True,False
Triple,256,15,0.0013206709745932077,4.523426922377912,0.0013116106382989963,True,False
Triple,256,16,0.0013669728956560157,4.317983142125537,0.0013118483679618784,True,False
Triple,256,17,0.0013776072999802241,4.514997761531291,0.0013120615479976705,True,False
Triple,256,18,0.0015215241914942612,4.887223452891376,0.0013121219218978177,True,False
Triple,256,19,0.001814220487319232,5.398473265264608,0.0013119749769860596,True,False
Triple,256,20,0.0020695073629723726,6.004267822039153,0.0013118424640547162,True,False
Triple,256,21,0.0022125509349367745,6.89581386268479,0.0013117190527733298,True,False
Triple,256,22,0.0023411079047837152,6.409879301874493,0.0013112030879381135,True,False
Triple,256,23,0.0024361823357967466,6.537292853230912,0.001311050152511027,True,False
Triple,256,24,0.002472771154355305,6.665801157024302,0.0013110124147525145,True,False
Triple,256,25,0.002528841578145924,6.647437504029072,0.0013110188121264667,True,False
Triple,256,26,0.002566804683477364,6.82091257027235,0.001310841288707816,True,False
Triple,256,27,0.0025833110131007753,5.046643125741135,0.001311007408192942,True,False
Triple,256,28,0.0026373009177054346,4.803420108485935,0.001310716804269245,True,False
Triple,256,29,0.002726321099069659,4.9799097567228605,0.0013108258545023207,True,False
Triple,256,30,0.002891162400800132,6.128172706135018,0.0013121114767447502,True,False
Triple,256,31,0.0030638422333380405,6.620826399969613,0.0013120618058947867,True,False
Triple,256,32,0.003151271739772768,6.368728071767692,0.001311864865222373,True,False
Triple,256,33,0.0031971789017468666,5.882776439339528,0.001311491592960376,True,False
Triple,256,34,0.0033588771275553375,5.521156111473613,0.0013117795463723552,True,False
Triple,256,35,0.0035189576645714288,6.133718520529618,0.0013117527205235532,True,False
Triple,256,36,0.0035574311462097663,6.4544859924749876,0.0013116035375031658,True,False
Triple,256,37,0.0035913961799390326,3.5650189594223676,0.00131206601049038,True,False
Triple,256,38,0.0037399616983791323,3.88332456310243,0.0013120315630890213,True,False
Triple,256,39,0.0039508736228316965,3.690856690536287,0.0013122475153045908,True,False
Triple,256,40,0.004054813230947585,3.0084153811190384,0.0013123710732517184,True,False
Triple,256,41,0.004122060895327288,3.0835690718408704,0.0013127362829372159,True,False
Triple,256,42,0.0041695424800518785,3.462151242544301,0.0013126936724024445,True,False
Triple,256,43,0.00419250674744763,3.385308545884989,0.001312587284894913,True,False
Triple,256,44,0.004211228280830759,3.8467939708898005,0.001312529269712445,True,False
Triple,256,45,0.004313020786118241,4.345841649328847,0.001312596308384918,True,False
Triple,256,46,0.00452170808912794,5.018715578365145,0.0013124853680597513,True,False
Triple,256,47,0.004652210021060671,4.904479413307701,0.0013119784511584217,True,False
Triple,256,48,0.004841817828793046,3.881871751413322,0.0013120595657080015,True,False
Triple,256,49,0.0050358193337232265,3.3132165625594427,0.0013121733398930586,True,False
Triple,256,50,0.0051078607859161435,3.548375422381612,0.0013120610138522633,True,False
Triple,256,51,0.005192421311993392,4.170887889176337,0.0013119598965986147,True,False
Triple,256,52,0.0052295562165671355,5.902626893584892,0.0013133872112986859,True,False
Triple,256,53,0.005390081105574943,5.583365745431475,0.0013133685521356771,True,False
Triple,256,54,0.00565217853471045,6.0929170002138875,0.0013135456742428674,True,False
Triple,256,55,0.005879779388306333,5.645449686510205,0.0013135707833962825,True,False
Triple,256,56,0.006010228148594546,5.266004843517699,0.0013134749638329432,True,False
Triple,256,57,0.006106137126845865,5.357752292270144,0.0013137711710800707,True,False
Triple,256,58,0.006287330739461361,5.495266227707727,0.0013136642473556349,True,False
Triple,256,59,0.006444315229642797,5.533261726800948,0.0013137875410715158,True,False
Triple,256,60,0.006506220113989075,5.363150151512688,0.0013137476336039264,True,False
Triple,256,61,0.006532820277232246,5.43289054743034,0.0013136726574497133,True,False
Triple,256,62,0.006581564999645177,5.845279785754912,0.0013142338281778771,True,False
Triple,256,63,0.006659950787692097,4.981509396811899,0.0013140586816560908,True,False
Triple,256,64,0.006805566470599933,4.543710593067083,0.0013136164613144158,True,False
Triple,256,65,0.006910317916496572,4.530926502911042,0.0013133392913879634,True,False
Triple,256,66,0.0069352099982395304,4.216997608396018,0.001313700635644126,True,False
Triple,256,67,0.006998804219601917,4.404353870471196,0.0013139213976139604,True,False
Triple,256,68,0.007139376018826568,3.9688441637685545,0.0013138499953640158,True,False
Triple,256,69,0.007264231032276872,3.29291665300506,0.0013137852047451226,True,False
Triple,256,70,0.007368077270219042,4.16205485271741,0.0013138456556728427,True,False
Triple,256,71,0.007448208051471075,4.0004884353229615,0.0013137456410407377,True,False
Triple,256,72,0.00749524952125763,4.626661419431728,0.0013142196785140099,True,False
Triple,256,73,0.007567191842451568,3.8757744247361128,0.0013144216573297797,True,False
Triple,256,74,0.0076720900211541265,3.7015796567439145,0.001314337136656277,True,False
Triple,256,75,0.0077676020789541195,4.093092333196577,0.0013143306982831815,True,False
Triple,256,76,0.007878976960219108,4.329750457971177,0.0013142831729682923,True,False
Triple,256,77,0.008016768787784415,3.5704886072373623,0.0013148354276667907,True,False
Triple,256,78,0.008168663737055978,3.330549692141802,0.001314886104752402,True,False
Triple,256,79,0.008303858384805948,2.866762500716519,0.0013147119609150234,True,False
Triple,256,80,0.008370117052847542,3.5531812934844194,0.001314681017054652,True,False
Triple,256,81,0.008412407680999559,3.1755715037490986,0.0013145688082253962,True,False
Triple,256,82,0.008456165217388206,2.997454399785227,0.0013142733223814884,True,False
Triple,256,83,0.00852656432860302,3.3789885816077674,0.0013141085041130692,True,False
Triple,256,84,0.00861682604989969,3.1222728794392136,0.0013138273366564116,True,False
Triple,256,85,0.008695118698310036,3.3264594527071023,0.0013138751671263917,True,False
Triple,256,86,0.00878770163752856,2.915132212818295,0.0013139911881289517,True,False
Triple,256,87,0.008939475916240704,3.5352245754354956,0.001314010084276197,True,False
Triple,256,88,0.009041720863025945,4.318122800652138,0.0013142457069426786,True,False
Triple,256,89,0.00910493783540399,4.199162878243946,0.0013141695774723718,True,False
Triple,256,90,0.009160093471188013,4.3046242322779475,0.0013142306817430054,True,False
Triple,256,91,0.009269694104284493,3.7969900375610037,0.0013142497902856435,True,False
Triple,256,92,0.009392876826621543,3.924328697560442,0.001314083042119931,True,False
Triple,256,93,0.00943689562565854,4.258850435272789,0.0013142618089336839,True,False
Triple,256,94,0.009525230568140253,4.379507178447931,0.0013115754401861305,True,False
Triple,256,95,0.009625760682393458,4.404083788496723,0.001311695273604206,True,False
Triple,256,96,0.009783042453493832,4.695304305857788,0.0013120264006763658,True,False
Triple,256,97,0.00990761470590762,3.787133949338605,0.001311941988727084,True,False
Triple,256,98,0.009924694819056626,4.31715338830682,0.0013118894632001526,True,False
Triple,256,99,0.00994354304665064,4.778750284461505,0.0013119650987640408,True,False
Triple,256,100,0.009965675386236522,4.803158738130463,0.0013118158571179964,True,False
Triple,256,101,0.010025376688149887,4.230245860745906,0.0013119426989872446,True,False
Triple,256,102,0.010199068081192808,4.405752771769961,0.0013122186510230482,True,False
Triple,256,103,0.010374423395582755,5.146961678440975,0.0013125405061757893,True,False
Triple,256,104,0.010546486678193884,5.4983908671232165,0.0013125033745213465,True,False
Triple,256,105,0.010729971464327775,5.024709250113508,0.0013125550389125082,True,False
Triple,256,106,0.01080237970294498,5.121897487592896,0.001312556276176283,True,False
Triple,256,107,0.010847174720703665,5.289004235745234,0.0013117659001330953,True,False
Triple,256,108,0.010884236172902871,5.44507861525211,0.0013119038539592522,True,False
Triple,256,109,0.01089678093041873,6.024520635039178,0.0013120493999576952,True,False
Triple,256,110,0.010958822161858478,5.999433626574782,0.0013118949473643231,True,False
Triple,256,111,0.011061030195340618,5.968372484729137,0.0013118243559499569,True,False
Triple,256,112,0.011116421731419593,4.778804042128844,0.0013117010174707468,True,False
Triple,256,113,0.011147308237236794,4.767047962126041,0.0013115770629731657,True,False
Triple,256,114,0.011175517917575886,5.0763322053172635,0.001311426995055642,True,False
Triple,256,115,0.011213312342049836,6.010140389110877,0.001311321935244926,True,False
Triple,256,116,0.011501727788814767,5.3438402830875305,0.0013111538428657713,True,False
Triple,256,117,0.011951869147057259,5.285793274589339,0.001311238406550083,True,False
Triple,256,118,0.012202396860122672,5.164256166424161,0.0013113736537581475,True,False
Triple,256,119,0.012268378866656153,5.474136582130041,0.0013111570203305507,True,False
Triple,256,120,0.012302161556399162,5.9132764037750425,0.0013112747195716354,True,False
Triple,256,121,0.012358883346289207,6.495721050982414,0.0013110691326245942,True,False
Triple,256,122,0.012418415737725383,6.517450855277932,0.0013109687057714517,True,False
Triple,256,123,0.012456684960989589,6.797997962109,0.0013109200305328236,True,False
Triple,256,124,0.012472895690732663,7.221018425103647,0.0013109454286550502,True,False
Triple,256,125,0.012549376204035595,5.102470936646943,0.001310653754609039,True,False
Triple,256,126,0.012655715556224537,8.116092557708834,0.0013102544601565557,True,False
Triple,256,127,0.012716502426085019,8.573090101593593,0.0013101984491530794,True,False
Triple,256,128,0.012756163292485426,9.461255299048725,0.0013098081291575989,True,False
Triple,256,129,0.012785012040163884,8.707703254115446,0.001312364200093846,True,False
Triple,256,130,0.012939724421470705,8.490320707115238,0.0013126302100528438,True,False
Triple,256,131,0.01308582163905729,7.755080666802874,0.0013126619409456156,True,False
Triple,256,132,0.013227534325852719,7.555646727579111,0.001312491423015226,True,False
Triple,256,133,0.013374646538337781,7.102607814025835,0.00131272847875164,True,False
Triple,256,134,0.01338955533041146,7.470137605872938,0.0013125097361061453,True,False
Triple,256,135,0.013424764782503595,6.666807260237578,0.0013127042060757722,True,False
Triple,256,136,0.013452793464812374,6.941376751468548,0.0013129873985823957,True,False
Triple,256,137,0.013555645919032203,6.799546573715937,0.0013128679338256573,True,False
Triple,256,138,0.013770426278836928,5.76012009481987,0.0013124873021806028,True,False
Triple,256,139,0.013925131897639068,5.32945323787239,0.0013125392776672828,True,False
Triple,256,140,0.014056941961847327,4.5394775582809626,0.0013124940727632377,True,False
Triple,256,141,0.014263526291838163,4.304860972753352,0.00131259098237719,True,False
Triple,256,142,0.014412600368774717,4.408815784237279,0.0013126286283376336,True,False
Triple,256,143,0.014448185255420909,4.182147442052942,0.0013120022627025874,True,False
Triple,256,144,0.014463270412053857,4.322214670728393,0.0013119358322818057,True,False
Triple,256,145,0.01454688600007719,4.451206270412023,0.00131187558060643,True,False
Triple,256,146,0.014624649457595423,4.23082099459887,0.0013119096253208366,True,False
Triple,256,147,0.01464434626221739,4.718764359789816,0.0013115377515811068,True,False
Triple,256,148,0.014666120441231098,5.535113332900395,0.0013114248027010448,True,False
Triple,256,149,0.014683238877685786,5.205384631017198,0.0013113517919761532,True,False
Triple,256,150,0.014789571025059553,5.323874470143524,0.001311891657930428,True,False
Triple,256,151,0.014891917416325368,6.076532056900876,0.001311909675030416,True,False
Triple,256,152,0.015110470733584416,6.579864559829734,0.0013115735443412668,True,False
Triple,256,153,0.015377673506962855,7.245938788821858,0.001311820573697166,True,False
Triple,256,154,0.01547920778397531,7.746751123392427,0.0013119508143106533,True,False
Triple,256,155,0.015548669569043605,8.093165807303901,0.0013120061201014916,True,False
Triple,256,156,0.015594651440449983,8.178911908700034,0.0013118360907573507,True,False
Triple,256,157,0.015641361952911895,8.809254081834442,0.001312045019684003,True,False
Triple,256,158,0.015665515678114937,8.747377188729043,0.0013118339595168049,True,False
Triple,256,159,0.01570325764680789,5.031188338896475,0.0013113967892772456,True,False
Triple,256,160,0.015844653910709577,5.149507308675,0.0013112765003936448,True,False
Triple,256,161,0.01596862416275903,4.760609242702154,0.001311403789272759,True,False
Triple,256,162,0.015994295799746025,4.183296837749868,0.0013116632283395719,True,False
Triple,256,163,0.016062786910319038,4.7340852066131935,0.0013116239332411838,True,False
Triple,256,164,0.016125757579524808,5.233748016991955,0.0013117702518457503,True,False
Triple,256,165,0.01628020789241366,5.250394209998936,0.0013117851289121346,True,False
Triple,256,166,0.016517177190657754,5.53629785492162,0.0013118028049338138,True,False
Triple,256,167,0.016609702379463902,6.111946422936428,0.0013118982304270996,True,False
Triple,256,168,0.016619165152056525,5.736705911948345,0.0013126313527551106,True,False
Triple,256,169,0.0166260436899109,6.148742148525575,0.001312647727969312,True,False
Triple,256,170,0.016656562542354578,4.641434698130938,0.001313589367531939,True,False
Triple,256,171,0.016717344544666723,4.794017407295308,0.0013136847359263475,True,False
Triple,256,172,0.016752916770517018,4.877534978567169,0.0013137046067665822,True,False
Triple,256,173,0.016864286292497088,5.629987753807896,0.0013137831665324658,True,False
Triple,256,174,0.01703853108279045,5.685817904820833,0.0013138024680950633,True,False
Triple,256,175,0.01711040436038419,5.429175396600713,0.0013136129197691253,True,False
Triple,256,176,0.017171708546151687,3.8878281688263434,0.0013126865763783753,True,False
Triple,256,177,0.017236379076902966,3.4388888559927504,0.0013125162990376958,True,False
Triple,256,178,0.017350207357080774,3.7680775157291846,0.0013126067300437444,True,False
Triple,256,179,0.017460603072522188,3.702371912423365,0.0013125710861382435,True,False
Triple,256,180,0.01750805182595218,3.78331787517004,0.0013126673302224505,True,False
Triple,256,181,0.017576542300377113,3.8768239670694338,0.0013126236683183047,True,False
Triple,256,182,0.01765131449801638,4.146257061374615,0.0013126934047991102,True,False
Triple,256,183,0.017760253544921306,4.585143584513808,0.0013125133737793117,True,False
Triple,256,184,0.017878934096712026,5.564964260741779,0.0013117181973132087,True,False
Triple,256,185,0.01806997449633581,5.462694198482874,0.001311761270332211,True,False
Triple,256,186,0.018350569705599798,5.287343679249514,0.0013117268967445565,True,False
Triple,256,187,0.018659638728132102,5.32655605477726,0.0013118369082622365,True,False
Triple,256,188,0.01885835987670685,5.031800125995977,0.0013117979951263146,True,False
Triple,256,189,0.0189464760321654,4.609151952183195,0.0013123601983386574,True,False
Triple,256,190,0.019139736833190008,3.894135204786747,0.0013122862285135917,True,False
Triple,256,191,0.019302859656941437,4.027592171982279,0.0013124146031696607,True,False
Triple,256,192,0.019399593966750395,4.268819661758845,0.001312307244348949,True,False
Triple,256,193,0.019509794505323017,4.357272683779729,0.0013122244948618191,True,False
Triple,256,194,0.01956650902958708,4.49415623663837,0.0013122616313925044,True,False
Triple,256,195,0.019640413095272286,5.305294156565801,0.0013122254288663968,True,False
Triple,256,196,0.019778435171868114,6.481132312168526,0.0013119366186505259,True,False
Triple,256,197,0.01987183906355551,6.423874356050692,0.0013122531471343672,True,False
Triple,256,198,0.019934625935335404,6.3670485094853975,0.0013120503397663693,True,False
Triple,256,199,0.02017433870798499,6.840900563191887,0.0013119796386339348,True,False
Triple,256,200,0.020418997712749562,7.550376259237747,0.001312007402610056,True,False
Triple,256,201,0.020519869127466464,6.516467852772235,0.001311325630722945,True,False
Triple,256,202,0.020576050654937936,7.343005903052854,0.0013112832978236957,True,False
Triple,256,203,0.020605320912568934,5.102210259147388,0.0013105080746451492,True,False
Triple,256,204,0.020690917917186163,5.2029156444893365,0.0013107482468830598,True,False
Triple,256,205,0.020763286546983284,5.680035019791193,0.0013107275413539211,True,False
Triple,256,206,0.020829422473730222,5.526133366621926,0.0013109363497693701,True,False
Triple,256,207,0.020894377523005908,5.782811659839529,0.001311195946490899,True,False
Triple,256,208,0.020944923696970957,2.9193125787570917,0.001311562451016977,True,False
Triple,256,209,0.021013088095824,2.6421866397911087,0.0013117098898719898,True,False
Triple,256,210,0.021176773680361388,2.041905535148423,0.0013117917703981937,True,True
Triple,256,211,0.021345723449401374,2.6564839362835158,0.0013116178888973005,True,False
Triple,256,212,0.021375779533356093,5.284179341241901,0.001311162236012604,True,False
Triple,256,213,0.021410378259987067,5.2416323392359585,0.0013107803109325541,True,False
Triple,256,214,0.021444409934001735,5.519958209009515,0.0013105912101378785,True,False
Triple,256,215,0.021487621066427084,5.422480008101166,0.0013105307476986325,True,False
Triple,256,216,0.021544935328552894,6.622811622995149,0.0013116000702212373,True,False
Triple,256,217,0.02157432833582265,6.232590260462093,0.0013116734937326721,True,False
Triple,256,218,0.021641378046716314,5.917983472443274,0.001311502889697518,True,False
Triple,256,219,0.021808937785390933,6.087085828143493,0.0013115095639740695,True,False
Triple,256,220,0.021981556243865275,5.327048294376005,0.0013116048521366794,True,False
Triple,256,221,0.0220565424010373,4.894858791905526,0.0013115925955074156,True,False
Triple,256,222,0.022085743051640253,4.962247251953444,0.0013117285709834637,True,False
Triple,256,223,0.02215729828865856,4.452575982231236,0.0013114973940479679,True,False
Triple,256,224,0.022214512327057137,3.8434250665509886,0.0013116284575876943,True,False
Triple,256,225,0.02222820104867984,3.8203179834833647,0.0013114189154177405,True,False
Triple,256,226,0.02227489712333982,4.372831237112539,0.0013115536715211274,True,False
Triple,256,227,0.02234291749361335,5.37346199340561,0.0013113025986335172,True,False
Triple,256,228,0.022522217548452815,5.352372439762717,0.0013114115997803003,True,False
Triple,256,229,0.022707082834675707,5.45364214970845,0.0013112438682288852,True,False
Triple,256,230,0.022772733550504534,5.9854192581682,0.0013112331029074466,True,False
Triple,256,231,0.022810145192698,5.555166248802242,0.00131110557229239,True,False
Triple,256,232,0.0228760915566438,5.035050312447251,0.001311170324794026,True,False
Triple,256,233,0.022936604006046656,5.328617620236575,0.001311083543817124,True,False
Triple,256,234,0.023000476235769625,4.896193608430451,0.0013109587642985933,True,False
Triple,256,235,0.023083863791295525,4.594097036830508,0.001311006850058795,True,False
Triple,256,236,0.02316796430876579,5.241071631892024,0.0013109176485551059,True,False
Triple,256,237,0.023244930531965635,5.741677324734458,0.0013109535001434212,True,False
Triple,256,238,0.023272943470313057,5.253682833621436,0.0013109704311271419,True,False
Triple,256,239,0.023310765134524902,5.1587954740784525,0.0013111730505565317,True,False
Triple,256,240,0.02340326776416604,5.580598488673794,0.0013109009024510174,True,False
Triple,256,241,0.023488691747390752,5.7298585140998375,0.0013108138285740114,True,False
Triple,256,242,0.023543873151940564,5.40094462405444,0.001311476752015813,True,False
Triple,256,243,0.023595196235056404,5.056418044944466,0.0013114500328186042,True,False
Triple,256,244,0.023645097784287902,4.8382811298373465,0.0013115074280412127,True,False
Triple,256,245,0.023708286266362115,5.068250653947359,0.0013117753088157371,True,False
Triple,256,246,0.023761344368247415,5.21127310691908,0.0013118168335927588,True,False
Triple,256,247,0.023852269034628434,4.421503007502201,0.0013119193139529712,True,False
Triple,256,248,0.02394422631120001,4.691618530415037,0.001312009702779764,True,False
Triple,256,249,0.0239772016869656,5.14735040285674,0.0013120112066336276,True,False
Triple,256,250,0.02398930697665272,5.071642194895277,0.0013120735731111802,True,False
Triple,256,251,0.024033015230080862,5.4712847851658095,0.0013122233144891235,True,False
Triple,256,252,0.024115631128358725,5.715273936768966,0.0013120431402283404,True,False
Triple,256,253,0.024169267988596227,4.236715572323108,0.0013121538487572081,True,False
Triple,256,254,0.02432557518347185,4.523056421657614,0.0013091154846834746,True,False
Triple,256,255,2.5045908362886227e-05,4.050012284089145,0.001309166122222749,True,False
Triple,640,0,3.659198182107137e-05,2.395789142268333,0.0013127432902404737,True,False
Triple,640,1,6.410430329245598e-05,2.558003569895951,0.0013126610952621973,True,False
Triple,640,2,7.139808481343435e-05,2.811377420149979,0.0013126978141878342,True,False
Triple,640,3,9.433082472501408e-05,3.0505117915901563,0.0013126581953001152,True,False
Triple,640,4,0.00011842000448825107,3.053401504385945,0.0013126178057463207,True,False
Triple,640,5,0.00016775658909159996,3.192104670223722,0.0013126702994552533,True,False
Triple,640,6,0.00022009923154481248,2.590319558488839,0.0013125532446160311,True,False
Triple,640,7,0.0002334744130304267,2.235379131371335,0.0013125966912460947,True,False
Triple,640,8,0.0002636183213987342,2.3444561256405136,0.0013125629554386082,True,False
Triple,640,9,0.000315656291876909,2.5363094923509992,0.00131260193371729,True,False
Triple,640,10,0.00036102020978126537,2.0878337412650327,0.0013124430776603581,True,False
Triple,640,11,0.00044160727640679687,2.24799489013422,0.0013124406521830216,True,False
Triple,640,12,0.0005131657370786857,1.3218297009366868,0.0013134631409700201,True,False
Triple,640,13,0.0005399893027780156,1.2617725043489316,0.0013135693286158228,True,False
Triple,640,14,0.0006316196001261987,1.0188555202737994,0.0013135496605004575,True,False
Triple,640,15,0.0007078750535781664,1.0264264592147008,0.0013135699864901638,True,False
Triple,640,16,0.0007208218471446981,0.8977562171806313,0.0013135189970365558,True,True
Triple,640,17,0.0007319959001275411,1.0011538602099648,0.0013135446090882861,True,False
Triple,640,18,0.0007428096411297713,1.0645535338552001,0.001313394633713948,True,False
Triple,640,19,0.0007532329615562439,1.274941520368093,0.0013135102229223676,True,False
Triple,640,20,0.0007835059600327376,1.1436063889284105,0.0013135274313271752,True,False
Triple,640,21,0.0008278549505692512,1.2637156001031051,0.0013135402368368912,True,False
Triple,640,22,0.0008472806604934574,1.568509278272433,0.0013135055229066973,True,False
Triple,640,23,0.0009141287734078518,1.5591903902594866,0.00131345542240513,True,False
Triple,640,24,0.0009975163289337868,1.8883489574559362,0.0013134432630930106,True,False
Triple,640,25,0.00102866142174185,2.139960042756582,0.0013134075582558326,True,False
Triple,640,26,0.0010470870729274578,2.364809299799681,0.0013133627994264718,True,False
Triple,640,27,0.0010914023442837179,2.5671964451012768,0.0013133520370837398,True,False
Triple,640,28,0.0011529184794184244,2.549633463671071,0.0013134296573790037,True,False
Triple,640,29,0.0011809471617273137,1.8752513189482405,0.001313543812837008,True,False
Triple,640,30,0.0012487513304745707,1.972967316120482,0.0013134958086478898,True,False
Triple,640,31,0.0013362446717785775,1.8654362993740725,0.001313539869366002,True,False
Triple,640,32,0.0013887105873472971,2.0878214409291864,0.0013135863462015588,True,False
Triple,640,33,0.0014248450015795222,2.6170710287967545,0.0013138522215729847,True,False
Triple,640,34,0.0014598025870149745,2.4024372292646317,0.0013139385125302504,True,False
Triple,640,35,0.0014904330747175093,2.323092422893009,0.0013139278861596414,True,False
Triple,640,36,0.0015067985723978966,2.5487255530850494,0.001313935211036176,True,False
Triple,640,37,0.0015425746647027838,3.150865162536565,0.0013139577354184496,True,False
Triple,640,38,0.0016004439703305173,3.0558604925049684,0.0013140074805466126,True,False
Triple,640,39,0.0016660725984014024,3.0756681418195133,0.0013141529220898436,True,False
Triple,640,40,0.0016950084247733255,3.3323898834827395,0.0013141348527668975,True,False
Triple,640,41,0.0016966274610821092,3.4268368122926107,0.0013141048137910087,True,False
Triple,640,42,0.001704754478972656,3.5116809723160016,0.0013140876273860947,True,False
Triple,640,43,0.0017225214274261547,3.69509243881407,0.001314312322502604,True,False
Triple,640,44,0.00177630994830838,3.9881993687679214,0.0013142697446480356,True,False
Triple,640,45,0.0018250722064111768,4.289649850313721,0.00131423989602987,True,False
Triple,640,46,0.0018886922502208414,4.934009991349789,0.0013142756714615174,True,False
Triple,640,47,0.002007851719738468,5.212284990517183,0.0013142311538070094,True,False
Triple,640,48,0.0020799446430428414,4.717679139853618,0.0013142751476208807,True,False
Triple,640,49,0.0020930779915732667,3.9112306425555663,0.0013130584489092062,True,False
Triple,640,50,0.0020968373046016398,4.088310668905907,0.0013119818684787627,True,False
Triple,640,51,0.002136397781023508,4.117920072933112,0.0013120331090399453,True,False
Triple,640,52,0.002176338952335849,4.228211828520858,0.0013117829200589885,True,False
Triple,640,53,0.00218313223615596,4.18754943762376,0.0013117562464536549,True,False
Triple,640,54,0.0021960497134868445,3.062503122090008,0.0013115533534874084,True,False
Triple,640,55,0.002206132633256516,3.2270073295871895,0.0013115291259261103,True,False
Triple,640,56,0.0022185594663007846,3.3247676454592416,0.0013115620406156236,True,False
Triple,640,57,0.002262652900542339,3.44289598256867,0.0013116097929584496,True,False
Triple,640,58,0.00232092417819052,3.596356518588131,0.0013117421146801055,True,False
Triple,640,59,0.0023528031545103634,4.206129732138329,0.0013117555917069837,True,False
Triple,640,60,0.0023630974773563296,3.775937876806054,0.001311607511590539,True,False
Triple,640,61,0.002375728935152366,3.891683891518898,0.0013116224780411866,True,False
Triple,640,62,0.002402249853383054,4.154189200819544,0.0013115773438122026,True,False
Triple,640,63,0.002498643655362398,4.1019755347726,0.0013117934603856605,True,False
Triple,640,64,0.0025869228554803447,4.149376523502359,0.0013118239076025655,True,False
Triple,640,65,0.002648434529097826,4.481708022801616,0.0013117788991891188,True,False
Triple,640,66,0.0027016482403302566,4.558875825770432,0.0013116976945184984,True,False
Triple,640,67,0.0027212986299191833,2.2636606881205124,0.0013118089265477537,True,False
Triple,640,68,0.0027526454447638904,2.3833493756823456,0.0013117096195736798,True,False
Triple,640,69,0.00278609379806935,3.1941035992897184,0.0013122793784049985,True,False
Triple,640,70,0.0028883531700276827,2.9084680918907577,0.001312251210707839,True,False
Triple,640,71,0.0029975210885784392,2.851543487370874,0.0013123788155950935,True,False
Triple,640,72,0.0030392702161654572,2.468001997116438,0.0013123432484040487,True,False
Triple,640,73,0.0030531262649738655,2.844293326016476,0.0013123280206295512,True,False
Triple,640,74,0.0030696426544364053,2.8832558941267106,0.0013124270567391662,True,False
Triple,640,75,0.0031332327168324126,2.9118133918509788,0.0013124975522441004,True,False
Triple,640,76,0.0032183121280375815,3.076838058457884,0.0013125089972660792,True,False
Triple,640,77,0.003276823265958434,3.2118183975929755,0.001312531158442096,True,False
Triple,640,78,0.0033034556086029288,3.0684781527622835,0.0013124636019375437,True,False
Triple,640,79,0.003311607039655079,2.6593040697643455,0.001312473581036747,True,False
Triple,640,80,0.0033479018971109553,3.2013260491760622,0.001312493363839108,True,False
Triple,640,81,0.0033864609785208277,3.4222960543369467,0.0013124764928521648,True,False
Triple,640,82,0.0033936693750298424,3.5527066897633137,0.0013123919652692489,True,False
Triple,640,83,0.003408280924729598,3.090763309213729,0.0013122171187449965,True,False
Triple,640,84,0.0034303427858515534,3.2499914400896834,0.0013122179646735846,True,False
Triple,640,85,0.0034495803933591307,3.4024573951891712,0.0013123132868152298,True,False
Triple,640,86,0.0034967308230027944,2.3661932504197747,0.001311997289451704,True,False
Triple,640,87,0.0035381256724198867,2.9724240704351814,0.0013119774753062013,True,False
Triple,640,88,0.003543171469170478,3.015511575272198,0.001311939352897324,True,False
Triple,640,89,0.003562529319261279,3.2110911021728654,0.001311905545759332,True,False
Triple,640,90,0.003582701722664172,3.8121847529313517,0.001311896883543857,True,False
Triple,640,91,0.00364981208669124,3.879455868684457,0.0013119799415269337,True,False
Triple,640,92,0.003723676419804811,4.526193497793763,0.0013120835848132331,True,False
Triple,640,93,0.003736123557519039,4.667471896880678,0.00131204104802359,True,False
Triple,640,94,0.0037700164369169342,4.5625349478767445,0.0013119920803811927,True,False
Triple,640,95,0.00382032047980449,4.637008118711053,0.0013119329554902135,True,False
Triple,640,96,0.0038862718953126957,5.010968166908721,0.0013119571956404267,True,False
Triple,640,97,0.004016546132268858,5.229949392122546,0.001312006728955804,True,False
Triple,640,98,0.004106167689067519,4.431549884779796,0.0013122307105345563,True,False
Triple,640,99,0.0041330769373083415,4.619492441115778,0.0013121717720629448,True,False
Triple,640,100,0.004171815969658613,4.494013743093761,0.0013121018686570712,True,False
Triple,640,101,0.004195194709036759,3.0320238692677837,0.001311920741567054,True,False
Triple,640,102,0.004228960266453224,2.898208767441331,0.0013117683402665886,True,False
Triple,640,103,0.004257891236095879,2.843985837120254,0.0013115916756832402,True,False
Triple,640,104,0.004263825109682581,2.967140892081842,0.0013115160507491167,True,False
Triple,640,105,0.004313925884985512,3.3774836399589527,0.0013114916237859271,True,False
Triple,640,106,0.004379837089080851,1.6375208545031188,0.0013118672261829224,True,False
Triple,640,107,0.004423042287664991,1.3815858016536602,0.0013119018066340843,True,False
Triple,640,108,0.004455948655879616,1.7177254817876078,0.001311791173364368,True,False
Triple,640,109,0.004602806560362244,1.7145189161585228,0.00131193559528546,True,False
Triple,640,110,0.004757658138534876,1.8641719884027605,0.001311973725285963,True,False
Triple,640,111,0.004776519311593508,2.046849181950272,0.001311947530332746,True,False
Triple,640,112,0.004803457531538574,2.309448753342825,0.0013120025631933635,True,False
Triple,640,113,0.004838558057299103,2.5949902469722645,0.0013119267648327546,True,False
Triple,640,114,0.0048549331183651845,3.1064899013838634,0.001311555551189636,True,False
Triple,640,115,0.00487131362769494,2.991329907100855,0.0013115507743516293,True,False
Triple,640,116,0.004884380527370863,2.5108247933207912,0.0013114900238598718,True,False
Triple,640,117,0.004895414062384973,2.1829463879520534,0.0013115441665953042,True,False
Triple,640,118,0.004905271084804999,1.9012157327229786,0.001311457953244788,True,False
Triple,640,119,0.004930743723839406,1.4013675409251882,0.0013115053793129035,True,False
Triple,640,120,0.004952831570954885,1.5054620814024346,0.0013114370864348536,True,False
Triple,640,121,0.004978317603134413,1.4415397050967471,0.001311439903594409,True,False
Triple,640,122,0.005008614226432395,2.1277509099309766,0.001311627136848536,True,False
Triple,640,123,0.005021173944094459,2.114179701111177,0.001311556293077032,True,False
Triple,640,124,0.005032280240586662,1.927059799540238,0.001311623755030986,True,False
Triple,640,125,0.005041120088176587,1.7760444177305865,0.0013115400720691795,True,False
Triple,640,126,0.00505301625749191,1.761938735517117,0.0013114230550744933,True,False
Triple,640,127,0.005068775962076555,1.698432551377451,0.0013114767919428078,True,False
Triple,640,128,0.005083236670605701,1.5383949264920542,0.0013115573931347262,True,False
Triple,640,129,0.005093577179138359,1.4452452462188263,0.0013115373718654332,True,False
Triple,640,130,0.005113916375953861,1.5399558602090682,0.0013115475917890031,True,False
Triple,640,131,0.005154758845582932,2.1849320668863728,0.0013114477805947027,True,False
Triple,640,132,0.005187979310511778,2.1675756099767414,0.001311433296137181,True,False
Triple,640,133,0.005210056809129629,2.104551545065227,0.0013114766306958178,True,False
Triple,640,134,0.005249931738848301,3.41720985533388,0.0013119893874656088,True,False
Triple,640,135,0.005304418484129464,3.1905429937714516,0.001311971677081146,True,False
Triple,640,136,0.005333811487761048,2.9206229563266835,0.0013119489147250239,True,False
Triple,640,137,0.005336359374857602,2.7638204004002396,0.0013119764268887317,True,False
Triple,640,138,0.005355942531330565,2.6234624321806725,0.0013119572450405988,True,False
Triple,640,139,0.005399051351404255,3.419989105436843,0.001311799741699462,True,False
Triple,640,140,0.005456279851491649,3.4352568231069918,0.001311727567632847,True,False
Triple,640,141,0.005499148982228322,3.1919058285472435,0.0013116606121941496,True,False
Triple,640,142,0.005531276372572849,3.107156910838943,0.001311881050984739,True,False
Triple,640,143,0.00555862540070097,3.6212529606715367,0.0013115614388374474,True,False
Triple,640,144,0.005567601927890242,3.5597546768299297,0.0013115570509063764,True,False
Triple,640,145,0.00564653369675569,3.3990814672840193,0.0013114784415703296,True,False
Triple,640,146,0.005768761396677494,3.3858836243629846,0.0013114100026462004,True,False
Triple,640,147,0.0058465132409974835,3.160656973046574,0.0013113402380279587,True,False
Triple,640,148,0.00590634941351012,2.972104872961971,0.0013113597434246114,True,False
Triple,640,149,0.005951615924853493,2.799157540347606,0.0013113460533304164,True,False
Triple,640,150,0.005975539751409312,3.1511002900053366,0.0013112293524274211,True,False
Triple,640,151,0.005993800695348009,3.172085773210475,0.0013111699112725924,True,False
Triple,640,152,0.006011538756486662,3.0435093434400784,0.001311265001046935,True,False
Triple,640,153,0.0060258898135927275,2.9344479085889055,0.0013111782611666895,True,False
Triple,640,154,0.006038056612188425,2.837084681904628,0.0013111127205380434,True,False
Triple,640,155,0.006044278617270554,3.5881124247924547,0.0013112973118669692,True,False
Triple,640,156,0.006048338791265484,3.3756735608118476,0.001311311261630578,True,False
Triple,640,157,0.006065832530931958,3.3453367570078276,0.0013112971215309519,True,False
Triple,640,158,0.006092358645993945,3.3557798435262596,0.0013113038813379486,True,False
Triple,640,159,0.0061064300114155035,3.537527178365811,0.001311384829448687,True,False
Triple,640,160,0.006133732476946291,3.496301557336648,0.0013112725554571738,True,False
Triple,640,161,0.006186207088072798,5.0477354485693615,0.0013111637576201775,True,False
Triple,640,162,0.00625140725218315,5.696221159024933,0.0013111827030430978,True,False
Triple,640,163,0.006290689292975271,5.778719396739551,0.001311147888665012,True,False
Triple,640,164,0.00639577224675647,5.253974171641887,0.0013109962234410986,True,False
Triple,640,165,0.006509595261748796,5.156547190153016,0.0013111032045536224,True,False
Triple,640,166,0.006536663725511788,5.085617524546072,0.0013111244173759763,True,False
Triple,640,167,0.006554769905805849,4.977197142113726,0.0013111088123567915,True,False
Triple,640,168,0.00656373495248351,4.935724123852607,0.001311125366970977,True,False
Triple,640,169,0.006587140623845605,4.564991018541124,0.00131121994458026,True,False
Triple,640,170,0.006628119271148675,4.965914544952138,0.0013112610418782352,True,False
Triple,640,171,0.006665597541447854,4.854827636901443,0.0013112379263548013,True,False
Triple,640,172,0.006687835866522829,4.372265230497332,0.0013112648583660917,True,False
Triple,640,173,0.006705724210570918,4.227028742121166,0.001311289254764901,True,False
Triple,640,174,0.006749830042189819,4.349813322999887,0.0013112965406793474,True,False
Triple,640,175,0.006786420704414042,4.335478536539068,0.001311335907748194,True,False
Triple,640,176,0.006796616862646376,4.13727950397141,0.0013113364905840334,True,False
Triple,640,177,0.0068087221523335795,4.063884616558403,0.0013113613828862679,True,False
Triple,640,178,0.0068524304057616114,3.904353700468457,0.0013114215971242878,True,False
Triple,640,179,0.00690416085353282,3.895025251090455,0.0013113495834710344,True,False
Triple,640,180,0.006938507566004476,3.699302884081764,0.0013112832585338648,True,False
Triple,640,181,0.006988669634119177,3.717641959102352,0.00131135458603514,True,False
Triple,640,182,0.007035369638522415,3.80138923045322,0.0013113704657552341,True,False
Triple,640,183,0.007127747663665224,3.864491869450465,0.001311327632338801,True,False
Triple,640,184,0.007245483981989959,3.618126860747304,0.0013112944025861994,True,False
Triple,640,185,0.007301145957356092,2.9876933702976882,0.0013113151069458536,True,False
Triple,640,186,0.007313207929495247,2.777896295886934,0.00131128584133353,True,False
Triple,640,187,0.0073685667921870035,2.640478454806977,0.0013112713258745128,True,False
Triple,640,188,0.007437685210902073,2.562415132827733,0.0013111556737390282,True,False
Triple,640,189,0.007453245445290663,3.152276882984417,0.0013111225270410938,True,False
Triple,640,190,0.007464852776065373,3.229434463303432,0.0013111011536232008,True,False
Triple,640,191,0.007480941411842856,3.161705963886295,0.0013111462468524552,True,False
Triple,640,192,0.00748893043812951,3.2681908806590108,0.0013112157819000739,True,False
Triple,640,193,0.007508254852645557,3.391187692143243,0.0013111565766705188,True,False
Triple,640,194,0.007527870948319054,3.4218429528428334,0.0013111637360918292,True,False
Triple,640,195,0.007531860907448229,3.1159938359038812,0.0013112138841155257,True,False
Triple,640,196,0.007534328284010544,3.5331650418765363,0.0013110788307087232,True,False
Triple,640,197,0.007563080803001138,3.607796121925296,0.0013109933709968679,True,False
Triple,640,198,0.0076050497566716585,3.6861632979908276,0.0013111197964555356,True,False
Triple,640,199,0.00765692978633227,3.766193656854195,0.0013110789138624168,True,False
Triple,640,200,0.00775984797438195,4.349601084864097,0.0013110712985407384,True,False
Triple,640,201,0.007850756608515808,4.41826137860663,0.0013111523632450247,True,False
Triple,640,202,0.007968601628284555,3.331473555034863,0.0013114756937829476,True,False
Triple,640,203,0.008064263218877932,3.2517623610698627,0.0013113053903555142,True,False
Triple,640,204,0.008072312951961341,3.145262097995621,0.0013113582254540524,True,False
Triple,640,205,0.008141308574118072,3.346541179915129,0.0013121603859555222,True,False
Triple,640,206,0.008231077495687411,3.09128573075179,0.0013118866675609425,True,False
Triple,640,207,0.008287259023158883,2.565895684847452,0.0013119705407907227,True,False
Triple,640,208,0.008333357991721996,3.295737934683273,0.0013116606486823835,True,False
Triple,640,209,0.008362095108316842,3.219552779652848,0.0013117273891139019,True,False
Triple,640,210,0.008396698271572176,3.2186988195279054,0.0013116794905090993,True,False
Triple,640,211,0.008429866912285838,3.1624102131169933,0.0013117347375935715,True,False
Triple,640,212,0.008442411669801739,3.040819803949605,0.0013117924295234537,True,False
Triple,640,213,0.008451619530224108,2.9195042936198305,0.001311730708813031,True,False
Triple,640,214,0.008469471872416062,3.466686807317339,0.0013117173046696333,True,False
Triple,640,215,0.008497636609865994,3.4952680322177776,0.0013118362525838649,True,False
Triple,640,216,0.008531538601222688,3.433509198275953,0.0013118329388795652,True,False
Triple,640,217,0.00855381830599472,3.354184368724248,0.0013119308661645101,True,False
Triple,640,218,0.00856306448831795,3.294151549668021,0.0013118858037319844,True,False
Triple,640,219,0.008576756001011904,3.0773999417247286,0.001311857660948915,True,False
Triple,640,220,0.008604541943627753,3.4571037081602625,0.001311908908027021,True,False
Triple,640,221,0.00862253121992071,3.111991832170322,0.0013120130258335331,True,False
Triple,640,222,0.00863171949819036,2.8981485625395176,0.0013121598946489997,True,False
Triple,640,223,0.008639875821156273,2.4172379925951764,0.001312144591020988,True,False
Triple,640,224,0.008658293136349748,2.1456713659387736,0.0013121882176359448,True,False
Triple,640,225,0.00869917706977319,2.0039111747446627,0.0013121387583629857,True,False
Triple,640,226,0.008724662689867796,1.8665696125849605,0.0013121976992371426,True,False
Triple,640,227,0.008729931789705006,1.7446758262818949,0.001312292756112183,True,False
Triple,640,228,0.008732804737751607,1.7746414094338863,0.0013122505603242625,True,False
Triple,640,229,0.008746455011802712,1.6087400399119527,0.001312336209835208,True,False
Triple,640,230,0.008760161166627145,1.440804353547961,0.0013123952413347012,True,False
Triple,640,231,0.008762854566249256,1.502251309285036,0.0013124279042992708,True,False
Triple,640,232,0.008775286755105943,1.7256023262429667,0.0013124335187651574,True,False
Triple,640,233,0.008870527499225483,1.7938903425419075,0.001312366666984692,True,False
Triple,640,234,0.00896058937460606,1.8391242802480798,0.0013123507603461687,True,False
Triple,640,235,0.00900742144151348,1.9017490804252324,0.00131232065778123,True,False
Triple,640,236,0.009059172921589476,1.9448103582250529,0.001312251073670007,True,False
Triple,640,237,0.0091540694088066,2.0311357203228346,0.001312257716506553,True,False
Triple,640,238,0.009246583492589652,1.5784869746088797,0.0013122965293253055,True,False
Triple,640,239,0.009253896296418457,2.3976655542453353,0.0013127250799313463,True,False
Triple,640,240,0.00925605737020549,2.67176295512995,0.0013130177155794745,True,False
Triple,640,241,0.009275250099254756,2.443980516324209,0.001313024783435989,True,False
Triple,640,242,0.00930248203273748,2.6865167395843357,0.001313054082751591,True,False
Triple,640,243,0.009315958124895746,2.02810809568436,0.0013129860995868034,True,False
Triple,640,244,0.009326557086807824,2.034217283515753,0.0013130247247816818,True,False
Triple,640,245,0.009361548805766812,1.9676495682678643,0.0013129716812297033,True,False
Triple,640,246,0.009389808988665899,1.9408502145569106,0.001312980190449612,True,False
Triple,640,247,0.009397124266680823,1.5937656820675001,0.001313011966252918,True,False
Triple,640,248,0.009415125659566037,1.6384508103635689,0.0013131005034513878,True,False
Triple,640,249,0.00946444010198036,1.5803168702574604,0.0013131031698923846,True,False
Triple,640,250,0.009516924541260546,1.7284398163755594,0.0013130751614511397,True,False
Triple,640,251,0.009571664342811259,1.8739840159015824,0.001313026127123437,True,False
Triple,640,252,0.009615961899711173,1.9375201034882386,0.0013130335486730854,True,False
Triple,640,253,0.009686077111610875,1.8896994795352866,0.0013128268960044412,True,False
Triple,640,254,0.009781151542623906,1.9864522116921397,0.0013128508602012795,True,False
Triple,640,255,2.590775129845957e-06,2.08964358806537,0.0013128359090307995,True,False
Triple,2048,0,4.273065893619851e-05,0.6132791479563595,0.0013126022810468019,True,False
Triple,2048,1,4.56255079773326e-05,0.6348861246808055,0.0013126025593358066,True,False
Triple,2048,2,4.7749187395326395e-05,0.7134399489641441,0.0013125936904146895,True,False
Triple,2048,3,5.493725812380848e-05,0.8229959431718273,0.0013125997665133073,True,False
Triple,2048,4,6.632589312227828e-05,0.8986329217170568,0.0013126100097528815,True,False
Triple,2048,5,7.536170596492142e-05,0.9533878787274969,0.0013126092426310489,True,False
Triple,2048,6,8.108699905581308e-05,0.9689082181019874,0.0013126158916364687,True,False
Triple,2048,7,9.126590110036109e-05,0.9702502438652826,0.0013125173736778422,True,False
Triple,2048,8,0.00010003332389589212,1.0224244671698708,0.0013125062390113794,True,False
Triple,2048,9,0.00011219085541242825,0.9798692312349881,0.0013125085837269422,True,False
Triple,2048,10,0.00012339695441294235,0.9789024710168763,0.0013125025558489176,True,False
Triple,2048,11,0.00012928272730020236,0.9506888985361561,0.001312484159317444,True,False
Triple,2048,12,0.00014637065770337077,0.8968357111527232,0.0013125015237005137,True,False
Triple,2048,13,0.00015891541521922958,0.9396907975631892,0.0013125195133206378,True,False
Triple,2048,14,0.00016007177063264745,0.9070804150844175,0.0013125002935737912,True,False
Triple,2048,15,0.00018895619224641898,0.9282736322070426,0.001312494687159454,True,False
Triple,2048,16,0.00022296158263386198,1.0192704967664765,0.0013124990785379435,True,False
Triple,2048,17,0.000236615693642174,0.8996895345428192,0.0013124753519449378,True,False
Triple,2048,18,0.0002488728246893661,0.7558230747854964,0.0013123592852160278,True,False
Triple,2048,19,0.00026323165202842,0.7097000318293659,0.0013123614101471848,True,False
Triple,2048,20,0.00027785400662010823,0.6500786234286952,0.0013123867048833,True,False
Triple,2048,21,0.00028850406706599184,0.6930929517387772,0.0013123779577861071,True,False
Triple,2048,22,0.0003117033766862603,0.3762910403908419,0.0013124468216388846,True,True
Triple,2048,23,0.000335199056523185,0.6087269854358759,0.0013124128591152822,True,False
Triple,2048,24,0.0003464244470315885,0.5914905988994298,0.0013124251557932788,True,False
Triple,2048,25,0.00035758938026978285,0.5425171981282255,0.001312403775518986,True,False
Triple,2048,26,0.000369373227642595,0.5895208886787408,0.0013123884500891498,True,False
Triple,2048,27,0.0003835572461113636,0.4583435950063444,0.0013123998904192382,True,False
Triple,2048,28,0.0003957094799000773,0.43650083961301783,0.0013123844829940378,True,False
Triple,2048,29,0.0004089406101690403,0.4126663319040901,0.0013123907946426447,True,False
Triple,2048,30,0.0004193014241629326,0.5033575150554556,0.001312394384493769,True,False
Triple,2048,31,0.00042277278124251347,0.6473294457026931,0.0013124085248694523,True,False
Triple,2048,32,0.0004314628847040553,0.7450283948997893,0.001312389955650213,True,False
Triple,2048,33,0.0004425670735279368,0.736189912837693,0.0013123734127350292,True,False
Triple,2048,34,0.00044875659120037145,0.7659246091672596,0.0013123594504793345,True,False
Triple,2048,35,0.00045395785267931393,0.9295076236359692,0.0013123463485694617,True,False
Triple,2048,36,0.0004789799291062269,1.0732988960556176,0.001312335406808522,True,False
Triple,2048,37,0.0005004689032773527,0.5725298777812637,0.0013124184473886735,True,False
Triple,2048,38,0.0005185132517897938,0.6967147338425841,0.0013123974101149074,True,False
Triple,2048,39,0.000549387851365166,0.6593910466252585,0.0013123118565902807,True,False
Triple,2048,40,0.000566301088287955,0.7884797918794094,0.001312299129821032,True,False
Triple,2048,41,0.0005712374947755162,0.8483501068003121,0.0013122958244000179,True,False
Triple,2048,42,0.0005759095968016752,0.8961186780157077,0.0013123007393721017,True,False
Triple,2048,43,0.0005868144057801158,0.9035387127138055,0.0013122962009612209,True,False
Triple,2048,44,0.0005970032792804534,0.9516942797446906,0.0013123083130816427,True,False
Triple,2048,45,0.0006003453922983747,1.0246423595134198,0.0013122864875260082,True,False
Triple,2048,46,0.0006096622768204836,1.0568818713641928,0.0013122935681371436,True,False
Triple,2048,47,0.0006192099819245598,0.5441215394182974,0.0013124716988330855,True,False
Triple,2048,48,0.0006276089574060867,0.6706658727462891,0.0013124664241106554,True,False
Triple,2048,49,0.0006360128283919419,0.6970589291347501,0.001312451093092824,True,False
Triple,2048,50,0.0006389717758902205,0.7506434704360206,0.001312448780596983,True,False
Triple,2048,51,0.0006423581644501193,0.7930946574671537,0.0013123705023362455,True,False
Triple,2048,52,0.0006460906719703355,0.8562948513285453,0.001312362155851681,True,False
Triple,2048,53,0.0006582887588715055,0.9110725493913521,0.0013122654594432616,True,False
Triple,2048,54,0.0006689950190828364,0.8754649207654711,0.0013122989486365282,True,False
Triple,2048,55,0.0006697144095125958,0.7761560585263585,0.0013122951547195525,True,False
Triple,2048,56,0.0006718607142088984,0.8116926672879136,0.0013122876253489118,True,False
Triple,2048,57,0.0006764232349632127,0.9063204775304692,0.001312282084209223,True,False
Triple,2048,58,0.0007011767719367762,0.9140918788866004,0.0013123120037903527,True,False
Triple,2048,59,0.0007255472912758108,0.923152499319968,0.0013122473211516815,True,False
Triple,2048,60,0.0007297925424141882,0.9846689470474186,0.0013122525487512852,True,False
Triple,2048,61,0.0007317524217470926,1.0223188380885888,0.001312238572691989,True,False
Triple,2048,62,0.000742897957090977,1.0888856230478017,0.0013122471674921143,True,False
Triple,2048,63,0.0007643437491201537,0.9892361876428085,0.0013122108683531386,True,False
Triple,2048,64,0.000793397620561841,0.9970637134059053,0.001312223757047509,True,False
Triple,2048,65,0.0008153032646109545,1.0435354205317442,0.0013122280700515383,True,False
Triple,2048,66,0.0008188613942140301,1.2259057920133958,0.0013122255010312492,True,False
Triple,2048,67,0.0008208891521435339,1.2688129755043922,0.001312205014722197,True,False
Triple,2048,68,0.0008235640623995445,1.2818031720900658,0.0013121824156928086,True,False
Triple,2048,69,0.0008250554064837198,1.2633499312481957,0.0013122084613277087,True,False
Triple,2048,70,0.0008385191712467106,1.1299531678235284,0.0013121620802690561,True,False
Triple,2048,71,0.0008602933502605305,1.228081823157028,0.0013121479678090025,True,False
Triple,2048,72,0.0008774117867151078,1.284517990908621,0.0013121388402635187,True,False
Triple,2048,73,0.0008883870158987693,1.2611098768723943,0.0013122063766959483,True,False
Triple,2048,74,0.0008929170145951307,1.2735082921155774,0.0013121873488512715,True,False
Triple,2048,75,0.0009022618553538985,1.1711761455552239,0.0013121523778143332,True,False
Triple,2048,76,0.0009115463886699652,1.359372263839108,0.0013121635880129917,True,False
Triple,2048,77,0.0009257704915904257,1.3804215652967522,0.0013121589235657264,True,False
Triple,2048,78,0.0009442745741401193,1.4017081639803273,0.0013121809563217573,True,False
Triple,2048,79,0.0009505730469966129,1.1047956229005673,0.0013120811087664176,True,False
Triple,2048,80,0.0009526272804926648,1.1228685961379754,0.0013121135794627238,True,False
Triple,2048,81,0.0009565429862683546,0.8267702578138534,0.0013121594070348212,True,False
Triple,2048,82,0.0009617584707152741,0.8868118821136385,0.001312159601525879,True,False
Triple,2048,83,0.000970295564928109,0.8663026992511339,0.0013121605559253105,True,False
Triple,2048,84,0.0009795951583680823,0.8989151505204593,0.0013121684022429168,True,False
Triple,2048,85,0.0009912800377202807,0.9352919900198726,0.0013121871258853913,True,False
Triple,2048,86,0.0010122770675783169,0.9054218914434875,0.001312193209108028,True,False
Triple,2048,87,0.0010255739512275864,0.9108876767550609,0.0013121710361778615,True,False
Triple,2048,88,0.0010332404332610168,1.006875325077879,0.0013121817484357985,True,False
Triple,2048,89,0.0010457615868953649,1.0653647066017862,0.0013122028270747721,True,False
Triple,2048,90,0.0010516232535063598,1.133224050469147,0.0013122173324429465,True,False
Triple,2048,91,0.00105519189182611,0.7604976450725548,0.0013122357008337523,True,False
Triple,2048,92,0.0010592181008342912,0.7619347603465562,0.0013121991352950128,True,False
Triple,2048,93,0.0010618547993069792,0.8062050064552031,0.001312204484983649,True,False
Triple,2048,94,0.0010727719179879653,0.8409104559005014,0.0013121819439522184,True,False
Triple,2048,95,0.0010860903253546335,0.9848524194632596,0.0013121842229291045,True,False
Triple,2048,96,0.0010902711401290996,1.0199165593376258,0.0013121421602555218,True,False
Triple,2048,97,0.0011194285730863254,1.0918693759835514,0.0013121523164923952,True,False
Triple,2048,98,0.0011484326686164673,1.0787871821936017,0.0013121660761941892,True,False
Triple,2048,99,0.001155209055868937,1.0660808440189806,0.0013121796169184758,True,False
Triple,2048,100,0.001166332557564282,1.0831652452233163,0.001312182619048186,True,False
Triple,2048,101,0.0011776398951302818,0.7638773059799485,0.0013118026231828971,True,False
Triple,2048,102,0.0012103865177843717,0.8201339299389069,0.0013118049367556285,True,False
Triple,2048,103,0.0012841579829288765,0.7350305494026109,0.001311965374388475,True,False
Triple,2048,104,0.0013433434419571014,0.6697422884531904,0.0013119611266731647,True,False
Triple,2048,105,0.0013670831167560023,0.6478895399368797,0.0013119905986113546,True,False
Triple,2048,106,0.0013843186867637837,0.5760644231004218,0.0013119688822879074,True,False
Triple,2048,107,0.0013913893090006253,0.5842390656826527,0.0013119594529634577,True,False
Triple,2048,108,0.001397871449607204,0.6742159767886626,0.0013119475217785717,True,False
Triple,2048,109,0.0014124311101491697,0.7589670727077702,0.0013119646771900413,True,False
Triple,2048,110,0.0014256034896670492,0.6832226599718934,0.0013120017862783648,True,False
Triple,2048,111,0.0014340292908429607,0.8957076883829127,0.0013119450514765972,True,False
Triple,2048,112,0.001450353293990311,0.8715854522308814,0.0013118973173815098,True,False
Triple,2048,113,0.001469581165222453,0.8549806878497184,0.0013119036544863116,True,False
Triple,2048,114,0.0014795840443209071,0.8297675177316093,0.0013118974805552458,True,False
Triple,2048,115,0.0014892871427311972,0.8183841247444437,0.0013119051076740612,True,False
Triple,2048,116,0.0014984613761449585,0.7890021348871548,0.0013118814489546085,True,False
Triple,2048,117,0.0015035620805170825,0.6928356000265878,0.0013118837593999138,True,False
Triple,2048,118,0.0015134836983021135,1.2236924309968409,0.0013118762244409405,True,False
Triple,2048,119,0.001523126457885807,1.1939846709258723,0.0013119071597296377,True,False
Triple,2048,120,0.0015305133514567663,1.10434227595253,0.00131188014228975,True,False
Triple,2048,121,0.0015577754442475849,0.9301982755572904,0.001311894935470219,True,False
Triple,2048,122,0.0015827756762882422,0.8434679276038392,0.0013118703417897089,True,False
Triple,2048,123,0.0015847626664326157,0.8000042039668006,0.0013120044662411374,True,False
Triple,2048,124,0.0015900776877060367,0.7715168672453754,0.0013119911151777347,True,False
Triple,2048,125,0.0016080339209526597,0.7725342713879016,0.0013119654011598592,True,False
Triple,2048,126,0.0016219227337519338,0.7235208495670316,0.0013119791379145108,True,False
Triple,2048,127,0.0016234373756764883,0.8080204712313945,0.0013119882960345997,True,False
Triple,2048,128,0.0016336265488736054,0.7130558957938892,0.0013120047599043676,True,False
Triple,2048,129,0.0016450958170862572,0.7513757016365245,0.0013119834263310018,True,False
Triple,2048,130,0.0016502180854154214,0.6510753280160064,0.0013119708522653527,True,False
Triple,2048,131,0.0016550278277564587,0.6169920311898821,0.00131192400473264,True,False
Triple,2048,132,0.0016652141384528672,0.5215029261096443,0.0013119456632202727,True,False
Triple,2048,133,0.0016868004945483003,0.5907494141812987,0.0013119818659568017,True,False
Triple,2048,134,0.0017034732724955075,0.5629625870687629,0.0013119611585666203,True,False
Triple,2048,135,0.0017102030289192008,0.5782677927975662,0.001311934476063365,True,False
Triple,2048,136,0.001717975816077336,0.6224448043079762,0.0013119282515804405,True,False
Triple,2048,137,0.0017231191844813785,0.6940893394111137,0.0013119351232489167,True,False
Triple,2048,138,0.0017348460120211653,0.6813584953455204,0.0013119383550850414,True,False
Triple,2048,139,0.0017459133733600859,0.7354060927014772,0.0013119606855594372,True,False
Triple,2048,140,0.00175129293938593,0.7717285324081627,0.0013119241417871316,True,False
Triple,2048,141,0.0017599488716385572,0.7424740887111603,0.0013119249060762647,True,False
Triple,2048,142,0.0017743210360440017,0.7376374132422869,0.0013119037053901507,True,False
Triple,2048,143,0.0017867434166617142,0.6824268463106208,0.0013119192313668132,True,False
Triple,2048,144,0.0018012467300970725,0.68876807860064,0.0013115830342453822,True,False
Triple,2048,145,0.0018170469860747818,0.8078954296879546,0.0013116091345415659,True,False
Triple,2048,146,0.0018383425504346646,0.8317889669590901,0.001311578057039481,True,False
Triple,2048,147,0.0018596885871441544,0.8809394004778657,0.0013115516035886738,True,False
Triple,2048,148,0.0018697352943937377,0.8846681205174697,0.0013114969057454013,True,False
Triple,2048,149,0.0018882184510307896,1.1501858758392316,0.0013114472633293022,True,False
Triple,2048,150,0.0019042777503322436,1.0852096443879664,0.001311442243818769,True,False
Triple,2048,151,0.001915720767107264,1.117133254774774,0.0013114328851942683,True,False
Triple,2048,152,0.001927356729249291,1.13015435162627,0.0013114478153529818,True,False
Triple,2048,153,0.0019412789695378557,1.042115715441219,0.0013114328737309545,True,False
Triple,2048,154,0.0019514784815681252,1.1260607548102581,0.0013114279846130855,True,False
Triple,2048,155,0.0019557448144989463,1.1358210772416215,0.001311497901142361,True,False
Triple,2048,156,0.0019675922480160164,1.1076882186212702,0.001311490724550224,True,False
Triple,2048,157,0.0019771474993187793,1.052909910273812,0.0013114873448153562,True,False
Triple,2048,158,0.001983600567487493,0.9438622375522577,0.0013114992071736808,True,False
Triple,2048,159,0.0019914299448544823,1.132936843288344,0.001311540559559446,True,False
Triple,2048,160,0.001995024881241281,1.1382002507077953,0.0013115219875842429,True,False
Triple,2048,161,0.00199750092220697,1.1446947157636564,0.001311547228498092,True,False
Triple,2048,162,0.0020025147323750325,1.334163199621501,0.0013114980472713625,True,False
Triple,2048,163,0.00201271536438501,1.2841641035512055,0.001311476219794767,True,False
Triple,2048,164,0.0020284984092959514,1.3006163374313957,0.0013115463822548515,True,False
Triple,2048,165,0.002042426469629731,1.6485302377409,0.0013118659251664649,True,False
Triple,2048,166,0.0020500550916336627,1.7547528362350968,0.001311967034438248,True,False
Triple,2048,167,0.00205477514696842,1.5759835152976467,0.001312024686367743,True,False
Triple,2048,168,0.0020588353209631555,1.5800920173878878,0.0013120578673206798,True,False
Triple,2048,169,0.0020816004124482868,1.5654518897492211,0.0013120534123843518,True,False
Triple,2048,170,0.0021034062385645366,1.5314870581586355,0.0013120518920342814,True,False
Triple,2048,171,0.002107286091061023,1.5233885562789664,0.0013120406512930386,True,False
Triple,2048,172,0.002117980425073593,1.495009368989893,0.0013119854360026876,True,False
Triple,2048,173,0.0021271674722528073,1.3531242097060843,0.0013119761310128534,True,False
Triple,2048,174,0.0021365991669951914,1.334089656261326,0.001311993153831787,True,False
Triple,2048,175,0.002152732917922444,1.347038857322386,0.0013120092103433496,True,False
Triple,2048,176,0.0021701907139201684,1.2507724563857279,0.0013119802698285618,True,False
Triple,2048,177,0.0021884687087753464,1.3355176920355145,0.0013120125761431514,True,False
Triple,2048,178,0.0022144384265974943,1.289008064664704,0.00131200769193363,True,False
Triple,2048,179,0.002234578470221153,1.3112542037031623,0.001311954537603336,True,False
Triple,2048,180,0.0022377107664793942,1.2447994304841248,0.0013119442222428769,True,False
Triple,2048,181,0.0022433763327717997,1.1962260177134991,0.0013119374896514745,True,False
Triple,2048,182,0.0022596316509166155,1.160235522940914,0.0013121881564722643,True,False
Triple,2048,183,0.0022710461977733278,1.1024537933615752,0.001312204501305631,True,False
Triple,2048,184,0.002272838750080681,1.0562102495933454,0.0013122140270059814,True,False
Triple,2048,185,0.0022753549939931485,1.0039688483650193,0.001312187803170734,True,False
Triple,2048,186,0.0022869593005898792,1.083658838342253,0.0013121693092618435,True,False
Triple,2048,187,0.0022980551127632174,1.0701060115479601,0.0013121348090946471,True,False
Triple,2048,188,0.0023068672589817464,1.058298283136688,0.001312151640424013,True,False
Triple,2048,189,0.002316312315706795,1.0106426942238333,0.0013121673217526887,True,False
Triple,2048,190,0.0023181124722832427,0.9592526742575976,0.0013121856971872142,True,False
Triple,2048,191,0.0023208058719053817,0.9465847454515284,0.0013122308040690303,True,False
Triple,2048,192,0.0023350733124203413,0.9527832677812672,0.001312232601543352,True,False
Triple,2048,193,0.0023475350750975475,0.8832934520852093,0.001312236569069611,True,False
Triple,2048,194,0.0023479684622908607,0.960547250844429,0.0013122642184807576,True,False
Triple,2048,195,0.0023494378829950497,0.9525951541320244,0.0013122427980476372,True,False
Triple,2048,196,0.0023592165205550573,0.9549316098944439,0.0013122697789865387,True,False
Triple,2048,197,0.002381752370566501,1.2945273264167896,0.0013122384535021803,True,False
Triple,2048,198,0.002400489200776035,1.5569823751340404,0.0013122731456075066,True,False
Triple,2048,199,0.002419904081309548,1.5462981083008076,0.00131228913551806,True,False
Triple,2048,200,0.0024402820071942315,1.5312262182547869,0.0013123027191551462,True,False
Triple,2048,201,0.002449448916084049,1.4144799333068963,0.0013122939391155281,True,False
Triple,2048,202,0.0024680104743809213,1.4433011295094775,0.0013122805899966885,True,False
Triple,2048,203,0.0025016644824074983,1.451707682864022,0.001312296165486786,True,False
Triple,2048,204,0.0025391975105161866,1.435402608589266,0.0013123170359697033,True,False
Triple,2048,205,0.002578627268689437,1.4427805807808556,0.001312362437566846,True,False
Triple,2048,206,0.0026067263554404585,1.386743677714431,0.0013123520670459909,True,False
Triple,2048,207,0.002616179194192771,1.2295957188114088,0.001312346031429625,True,False
Triple,2048,208,0.002621224990943362,1.2169762912377131,0.0013123406627249799,True,False
Triple,2048,209,0.0026253964764418793,1.1856852757606733,0.0013123300608669365,True,False
Triple,2048,210,0.00262741436334484,1.1492884926554383,0.0013123321275211749,True,False
Triple,2048,211,0.0026296753465464597,1.1404103241947978,0.0013123238974796605,True,False
Triple,2048,212,0.0026308038956843263,1.2414994694640236,0.001312319733318204,True,False
Triple,2048,213,0.002636781023138385,1.2067639464611317,0.0013123494409586307,True,False
Triple,2048,214,0.002647971288320424,1.24604071556022,0.0013123222661149448,True,False
Triple,2048,215,0.0026570471675113217,1.184088069668489,0.001312308991768419,True,False
Triple,2048,216,0.0026617680114852573,1.0400143875196388,0.001312333259162719,True,False
Triple,2048,217,0.002663246803535961,1.0233261244655274,0.0013123732709518533,True,False
Triple,2048,218,0.002668422944729165,0.9559625409513384,0.0013123660700347052,True,False
Triple,2048,219,0.0026800558834836584,0.946943162021114,0.0013123707421795472,True,False
Triple,2048,220,0.0026888804316996476,0.8890838229351592,0.0013123697803301263,True,False
Triple,2048,221,0.0026933290163229633,0.8621530420254881,0.001312378095583873,True,False
Triple,2048,222,0.0027041022199982417,0.7989629936378444,0.0013123855973771286,True,False
Triple,2048,223,0.0027126754774709667,0.8003044923823351,0.0013123810842290444,True,False
Triple,2048,224,0.0027149279496128664,0.7768112723038684,0.0013124167132853078,True,False
Triple,2048,225,0.002717328558761077,0.6832395104306211,0.0013124017402893619,True,False
Triple,2048,226,0.00272219047717597,0.627680641681017,0.0013124324679015564,True,False
Triple,2048,227,0.0027290477307035845,0.6341450366900576,0.001312411500379627,True,False
Triple,2048,228,0.002738908574649297,0.6134723237316844,0.0013123974461210202,True,False
Triple,2048,229,0.002771415534202934,0.48032346218541344,0.0013123927354585364,True,False
Triple,2048,230,0.0028003403865696037,0.39431584364531724,0.0013124048036646711,True,False
Triple,2048,231,0.002807653190398364,0.4579154106453966,0.0013124034313027604,True,False
Triple,2048,232,0.002811205440892252,0.5784829286475849,0.001312494939944763,True,False
Triple,2048,233,0.002813355409656106,0.46257934672096673,0.001312508555266309,True,False
Triple,2048,234,0.002818209386086982,0.5055800743366876,0.0013125107341750443,True,False
Triple,2048,235,0.0028229379551775024,0.5389762712051698,0.0013124745991275057,True,False
Triple,2048,236,0.002830664327947421,0.9185926161230067,0.0013125918553431755,True,False
Triple,2048,237,0.0028462656878142437,0.8129606475268613,0.0013125794713425886,True,False
Triple,2048,238,0.0028569981076360055,0.9884483367510152,0.0013126378959162455,True,False
Triple,2048,239,0.0028625783082935896,0.9454858686464801,0.0013126219576322395,True,False
Triple,2048,240,0.002871917011908195,0.8866496932340956,0.0013126080887929273,True,False
Triple,2048,241,0.0028777336537993622,0.9129281987767212,0.0013126200930406353,True,False
Triple,2048,242,0.0028885111541784077,0.728905468772322,0.0013126281605909489,True,False
Triple,2048,243,0.0029009536835416933,0.7036166404275873,0.0013126578398521068,True,False
Triple,2048,244,0.002911282190116833,0.560218119009496,0.0013126845982606179,True,False
Triple,2048,245,0.0029190436463943856,0.5003350441177794,0.0013126370615933422,True,False
Triple,2048,246,0.0029249079857904987,0.4516950765327195,0.0013126447497644061,True,False
Triple,2048,247,0.002938487800046288,0.48185247493926464,0.0013126699676740056,True,False
Triple,2048,248,0.002947089679546395,0.43409325141923283,0.0013126725919652288,True,False
Triple,2048,249,0.002968016227182955,0.5156492332836377,0.001312682493475303,True,False
Triple,2048,250,0.002989051661663746,0.6191342089643169,0.0013127218722581403,True,False
Triple,2048,251,0.0029948537635333117,0.7131767277283781,0.001312710980962242,True,False
Triple,2048,252,0.002999999500909607,0.6825588094671456,0.0013126953671948303,True,False
Triple,2048,253,0.0030034647119709258,0.7297352058370807,0.0013126848176757515,True,False
Triple,2048,254,0.0030073177097444895,0.699548680438331,0.0013126911563612225,True,False
Triple,2048,255,0.0030579424195522533,0.7632917718432805,0.001312665743914144,True,False
