objective,phase_gradient_rms,nit,nfev,runtime_s,scipy_success,status,message,winding,winding_loop_min_over_median,winding_circulation_residual,winding_robust,branch,final_budget_state_iteration,final_state_is_early_terminal,array,array_label,ix,iy,xi,eta,target_id,target_x_m,target_y_m,target_z_m,method,method_short,replicate,seed,trajectory_id,cache_status,trajectory_index
-9343.092912900824,524.051070350358,10000,11868,69.67716539699904,False,1,Maximum number of iterations has been exceeded.,-1,0.7014349125317634,0.0,True,w-,10000,False,square,Square,0,0,-1.0,-1.0,xi-1.000000_eta-1.000000,-0.012,-0.012,0.04,Conventional,C,0,144845928,square|xi-1.000000_eta-1.000000|C|r00,cached,0
-9452.629932220247,491.384282760884,10000,11962,70.29892136200215,False,1,Maximum number of iterations has been exceeded.,1,0.7321958680500323,0.0,True,w+,10000,False,square,Square,0,0,-1.0,-1.0,xi-1.000000_eta-1.000000,-0.012,-0.012,0.04,Conventional,C,1,878414296,square|xi-1.000000_eta-1.000000|C|r01,cached,1
-9522.758935945798,530.3991757770691,9104,10788,387.78528383900266,False,2,Desired error not necessarily achieved due to precision loss.,-1,0.7402974584049337,0.0,True,w-,9104,True,square,Square,0,0,-1.0,-1.0,xi-1.000000_eta-1.000000,-0.012,-0.012,0.04,Conventional,C,2,768986797,square|xi-1.000000_eta-1.000000|C|r02,new,2
-9514.948063733887,502.97117200625684,7364,8913,319.20684987300046,False,2,Desired error not necessarily achieved due to precision loss.,1,0.7149246106897795,0.0,True,w+,7364,True,square,Square,0,0,-1.0,-1.0,xi-1.000000_eta-1.000000,-0.012,-0.012,0.04,Conventional,C,3,405814215,square|xi-1.000000_eta-1.000000|C|r03,new,3
-9484.281994139836,526.3563481732353,9930,11834,435.0744426609963,False,2,Desired error not necessarily achieved due to precision loss.,1,0.6184362572400945,0.0,True,w+,9930,True,square,Square,0,0,-1.0,-1.0,xi-1.000000_eta-1.000000,-0.012,-0.012,0.04,Conventional,C,4,274166857,square|xi-1.000000_eta-1.000000|C|r04,new,4
-9527.240051749417,540.4614544090284,5560,6806,225.93491850000282,False,2,Desired error not necessarily achieved due to precision loss.,-1,0.8033692840645793,0.0,True,w-,5560,True,square,Square,0,0,-1.0,-1.0,xi-1.000000_eta-1.000000,-0.012,-0.012,0.04,Conventional,C,5,665765655,square|xi-1.000000_eta-1.000000|C|r05,new,5
-9467.16395012909,510.8511970659627,10000,11815,70.18319689599957,False,1,Maximum number of iterations has been exceeded.,1,0.6607600311205827,3.3306690738754696e-16,True,w+,10000,False,square,Square,0,0,-1.0,-1.0,xi-1.000000_eta-1.000000,-0.012,-0.012,0.04,Conventional,C,6,192203542,square|xi-1.000000_eta-1.000000|C|r06,cached,6
-9524.122793375875,504.6757768849034,10000,11963,70.72936529999788,False,1,Maximum number of iterations has been exceeded.,1,0.7143243355192568,2.220446049250313e-16,True,w+,10000,False,square,Square,0,0,-1.0,-1.0,xi-1.000000_eta-1.000000,-0.012,-0.012,0.04,Conventional,C,7,278691174,square|xi-1.000000_eta-1.000000|C|r07,cached,7
-9417.541993427134,480.16333299959746,10000,11828,92.50312075799957,False,1,Maximum number of iterations has been exceeded.,-1,0.5536887972502696,3.3306690738754696e-16,True,w-,10000,False,square,Square,0,0,-1.0,-1.0,xi-1.000000_eta-1.000000,-0.012,-0.012,0.04,Conventional,C,8,581687713,square|xi-1.000000_eta-1.000000|C|r08,cached,8
-9511.798938584176,509.71277315703423,10000,11980,109.0315883100011,False,1,Maximum number of iterations has been exceeded.,1,0.7220385842099494,0.0,True,w+,10000,False,square,Square,0,0,-1.0,-1.0,xi-1.000000_eta-1.000000,-0.012,-0.012,0.04,Conventional,C,9,851242813,square|xi-1.000000_eta-1.000000|C|r09,cached,9
-8899.035580709504,488.0402128828226,10000,11853,126.43209478900098,False,1,Maximum number of iterations has been exceeded.,1,0.7266576919267212,0.0,True,w+,10000,False,square,Square,1,0,-0.6666666666666667,-1.0,xi-0.666667_eta-1.000000,-0.008000000000000002,-0.012,0.043333333333333335,Conventional,C,0,850849841,square|xi-0.666667_eta-1.000000|C|r00,cached,10
-8919.702243540614,521.1846695611159,10000,11794,127.28709543799778,False,1,Maximum number of iterations has been exceeded.,1,0.737727434367881,0.0,True,w+,10000,False,square,Square,1,0,-0.6666666666666667,-1.0,xi-0.666667_eta-1.000000,-0.008000000000000002,-0.012,0.043333333333333335,Conventional,C,1,836223644,square|xi-0.666667_eta-1.000000|C|r01,cached,11
-8948.812045903182,509.2772754695011,10000,11786,90.30992050799978,False,1,Maximum number of iterations has been exceeded.,1,0.7952806291892852,0.0,True,w+,10000,False,square,Square,1,0,-0.6666666666666667,-1.0,xi-0.666667_eta-1.000000,-0.008000000000000002,-0.012,0.043333333333333335,Conventional,C,2,938894601,square|xi-0.666667_eta-1.000000|C|r02,cached,12
-8952.720202578756,520.1172331710474,10000,11823,127.16715327899874,False,1,Maximum number of iterations has been exceeded.,-1,0.7679395031152326,0.0,True,w-,10000,False,square,Square,1,0,-0.6666666666666667,-1.0,xi-0.666667_eta-1.000000,-0.008000000000000002,-0.012,0.043333333333333335,Conventional,C,3,276793598,square|xi-0.666667_eta-1.000000|C|r03,cached,13
-8960.023792146712,515.6023977048975,10000,11860,128.057685683998,False,1,Maximum number of iterations has been exceeded.,1,0.7885732913172784,4.440892098500626e-16,True,w+,10000,False,square,Square,1,0,-0.6666666666666667,-1.0,xi-0.666667_eta-1.000000,-0.008000000000000002,-0.012,0.043333333333333335,Conventional,C,4,919159009,square|xi-0.666667_eta-1.000000|C|r04,cached,14
-8900.705800320286,509.5877819829421,10000,11840,124.47009448500103,False,1,Maximum number of iterations has been exceeded.,1,0.7788793333619803,0.0,True,w+,10000,False,square,Square,1,0,-0.6666666666666667,-1.0,xi-0.666667_eta-1.000000,-0.008000000000000002,-0.012,0.043333333333333335,Conventional,C,5,189268317,square|xi-0.666667_eta-1.000000|C|r05,cached,15
-8879.441743161613,529.0858977926845,10000,11854,103.53289667100034,False,1,Maximum number of iterations has been exceeded.,-1,0.8129461168917647,2.220446049250313e-16,True,w-,10000,False,square,Square,1,0,-0.6666666666666667,-1.0,xi-0.666667_eta-1.000000,-0.008000000000000002,-0.012,0.043333333333333335,Conventional,C,6,690042554,square|xi-0.666667_eta-1.000000|C|r06,cached,16
-8983.794766377398,523.2165306737924,10000,11833,96.41009395999936,False,1,Maximum number of iterations has been exceeded.,1,0.8389192353869773,3.3306690738754696e-16,True,w+,10000,False,square,Square,1,0,-0.6666666666666667,-1.0,xi-0.666667_eta-1.000000,-0.008000000000000002,-0.012,0.043333333333333335,Conventional,C,7,345900733,square|xi-0.666667_eta-1.000000|C|r07,cached,17
-8962.997669698694,496.5717163110199,10000,11832,81.47380026600149,False,1,Maximum number of iterations has been exceeded.,1,0.731412978775976,2.220446049250313e-16,True,w+,10000,False,square,Square,1,0,-0.6666666666666667,-1.0,xi-0.666667_eta-1.000000,-0.008000000000000002,-0.012,0.043333333333333335,Conventional,C,8,197458969,square|xi-0.666667_eta-1.000000|C|r08,cached,18
-8965.020924105036,509.0685415616066,10000,11844,105.89954660600051,False,1,Maximum number of iterations has been exceeded.,-1,0.8208117667791764,2.220446049250313e-16,True,w-,10000,False,square,Square,1,0,-0.6666666666666667,-1.0,xi-0.666667_eta-1.000000,-0.008000000000000002,-0.012,0.043333333333333335,Conventional,C,9,497125267,square|xi-0.666667_eta-1.000000|C|r09,cached,19
-8276.404864999495,498.2792735404423,8559,10174,164.93693845500093,False,2,Desired error not necessarily achieved due to precision loss.,1,0.7817253913944321,0.0,True,w+,8559,True,square,Square,2,0,-0.33333333333333337,-1.0,xi-0.333333_eta-1.000000,-0.004000000000000001,-0.012,0.04666666666666667,Conventional,C,0,536578244,square|xi-0.333333_eta-1.000000|C|r00,new,20
-8284.835120638249,511.36695439660645,10000,11831,109.36512982500062,False,1,Maximum number of iterations has been exceeded.,1,0.6818916860726263,0.0,True,w+,10000,False,square,Square,2,0,-0.33333333333333337,-1.0,xi-0.333333_eta-1.000000,-0.004000000000000001,-0.012,0.04666666666666667,Conventional,C,1,350891627,square|xi-0.333333_eta-1.000000|C|r01,cached,21
-8338.244452869187,518.5504245288486,10000,11749,110.33996757899877,False,1,Maximum number of iterations has been exceeded.,1,0.7105456007359622,0.0,True,w+,10000,False,square,Square,2,0,-0.33333333333333337,-1.0,xi-0.333333_eta-1.000000,-0.004000000000000001,-0.012,0.04666666666666667,Conventional,C,2,802961440,square|xi-0.333333_eta-1.000000|C|r02,cached,22
-8325.87652710634,508.5137641959182,10000,11826,90.54847677399812,False,1,Maximum number of iterations has been exceeded.,-1,0.8158210578441365,0.0,True,w-,10000,False,square,Square,2,0,-0.33333333333333337,-1.0,xi-0.333333_eta-1.000000,-0.004000000000000001,-0.012,0.04666666666666667,Conventional,C,3,346782482,square|xi-0.333333_eta-1.000000|C|r03,cached,23
-8301.409039584714,515.0182969941256,10000,11743,99.38708099200085,False,1,Maximum number of iterations has been exceeded.,-1,0.7678556352508966,0.0,True,w-,10000,False,square,Square,2,0,-0.33333333333333337,-1.0,xi-0.333333_eta-1.000000,-0.004000000000000001,-0.012,0.04666666666666667,Conventional,C,4,557841170,square|xi-0.333333_eta-1.000000|C|r04,cached,24
-8251.493604538784,466.0074410364089,10000,11766,115.32876010000109,False,1,Maximum number of iterations has been exceeded.,-1,0.7900293450331991,1.1102230246251565e-16,True,w-,10000,False,square,Square,2,0,-0.33333333333333337,-1.0,xi-0.333333_eta-1.000000,-0.004000000000000001,-0.012,0.04666666666666667,Conventional,C,5,995147796,square|xi-0.333333_eta-1.000000|C|r05,cached,25
-8321.52533158941,511.1065689811554,10000,11765,97.96580414799973,False,1,Maximum number of iterations has been exceeded.,-1,0.8052111559034768,3.3306690738754696e-16,True,w-,10000,False,square,Square,2,0,-0.33333333333333337,-1.0,xi-0.333333_eta-1.000000,-0.004000000000000001,-0.012,0.04666666666666667,Conventional,C,6,611544801,square|xi-0.333333_eta-1.000000|C|r06,cached,26
-8293.301264193153,500.5547776823915,10000,11859,93.2558129709978,False,1,Maximum number of iterations has been exceeded.,-1,0.7572464263831401,0.0,True,w-,10000,False,square,Square,2,0,-0.33333333333333337,-1.0,xi-0.333333_eta-1.000000,-0.004000000000000001,-0.012,0.04666666666666667,Conventional,C,7,815363451,square|xi-0.333333_eta-1.000000|C|r07,cached,27
-8324.861295166436,511.3418379970389,10000,11889,76.44316792899917,False,1,Maximum number of iterations has been exceeded.,1,0.7438176750993815,0.0,True,w+,10000,False,square,Square,2,0,-0.33333333333333337,-1.0,xi-0.333333_eta-1.000000,-0.004000000000000001,-0.012,0.04666666666666667,Conventional,C,8,498827338,square|xi-0.333333_eta-1.000000|C|r08,cached,28
-8254.981483592606,489.6869955510924,10000,11866,82.63471645200116,False,1,Maximum number of iterations has been exceeded.,1,0.6841011632384727,0.0,True,w+,10000,False,square,Square,2,0,-0.33333333333333337,-1.0,xi-0.333333_eta-1.000000,-0.004000000000000001,-0.012,0.04666666666666667,Conventional,C,9,111645497,square|xi-0.333333_eta-1.000000|C|r09,cached,29
-7754.210057542726,511.2846281373076,10000,11817,85.14758096699734,False,1,Maximum number of iterations has been exceeded.,1,0.8244398700262384,0.0,True,w+,10000,False,square,Square,3,0,0.0,-1.0,xi+0.000000_eta-1.000000,0.0,-0.012,0.05,Conventional,C,0,500345849,square|xi+0.000000_eta-1.000000|C|r00,cached,30
-7673.5240884216955,508.31656327899077,9674,11452,372.74094632000197,False,2,Desired error not necessarily achieved due to precision loss.,1,0.7984961162894346,0.0,True,w+,9674,True,square,Square,3,0,0.0,-1.0,xi+0.000000_eta-1.000000,0.0,-0.012,0.05,Conventional,C,1,828731099,square|xi+0.000000_eta-1.000000|C|r01,new,31
-7692.639164212632,491.58377401635846,10000,11780,72.80582784900253,False,1,Maximum number of iterations has been exceeded.,1,0.8144372202341698,0.0,True,w+,10000,False,square,Square,3,0,0.0,-1.0,xi+0.000000_eta-1.000000,0.0,-0.012,0.05,Conventional,C,2,569170048,square|xi+0.000000_eta-1.000000|C|r02,cached,32
-7704.556340878122,506.72288808749386,8269,9875,390.5455033180042,False,2,Desired error not necessarily achieved due to precision loss.,1,0.7492958133576044,0.0,True,w+,8269,True,square,Square,3,0,0.0,-1.0,xi+0.000000_eta-1.000000,0.0,-0.012,0.05,Conventional,C,3,850519213,square|xi+0.000000_eta-1.000000|C|r03,new,33
-7761.033019570143,495.4693120569337,8536,10171,357.4950516589961,False,2,Desired error not necessarily achieved due to precision loss.,-1,0.8328259539907275,2.220446049250313e-16,True,w-,8536,True,square,Square,3,0,0.0,-1.0,xi+0.000000_eta-1.000000,0.0,-0.012,0.05,Conventional,C,4,114491622,square|xi+0.000000_eta-1.000000|C|r04,new,34
-7713.457048415257,524.5473205511613,9422,11206,61.61192601700168,False,2,Desired error not necessarily achieved due to precision loss.,-1,0.6649604876117978,2.220446049250313e-16,True,w-,9422,True,square,Square,3,0,0.0,-1.0,xi+0.000000_eta-1.000000,0.0,-0.012,0.05,Conventional,C,5,163190712,square|xi+0.000000_eta-1.000000|C|r05,new,35
-7765.0192401169625,495.7309968611371,10000,11802,62.919474876001914,False,1,Maximum number of iterations has been exceeded.,-1,0.8209129942813507,3.3306690738754696e-16,True,w-,10000,False,square,Square,3,0,0.0,-1.0,xi+0.000000_eta-1.000000,0.0,-0.012,0.05,Conventional,C,6,501868986,square|xi+0.000000_eta-1.000000|C|r06,cached,36
-7682.672956738671,525.3258326573122,10000,11768,71.65619392400185,False,1,Maximum number of iterations has been exceeded.,-1,0.6751211183838816,2.220446049250313e-16,True,w-,10000,False,square,Square,3,0,0.0,-1.0,xi+0.000000_eta-1.000000,0.0,-0.012,0.05,Conventional,C,7,357258253,square|xi+0.000000_eta-1.000000|C|r07,cached,37
-7767.502234312072,496.13972141760337,10000,11779,70.38449168999796,False,1,Maximum number of iterations has been exceeded.,1,0.8172347183059915,2.220446049250313e-16,True,w+,10000,False,square,Square,3,0,0.0,-1.0,xi+0.000000_eta-1.000000,0.0,-0.012,0.05,Conventional,C,8,448913833,square|xi+0.000000_eta-1.000000|C|r08,cached,38
-7739.936310631926,490.99995158807724,9502,11153,484.05545690299914,False,2,Desired error not necessarily achieved due to precision loss.,1,0.8241941300036593,2.220446049250313e-16,True,w+,9502,True,square,Square,3,0,0.0,-1.0,xi+0.000000_eta-1.000000,0.0,-0.012,0.05,Conventional,C,9,926176999,square|xi+0.000000_eta-1.000000|C|r09,new,39
-6973.183141410279,512.0978580487604,10000,11850,74.17886120300318,False,1,Maximum number of iterations has been exceeded.,-1,0.8228084428133395,2.220446049250313e-16,True,w-,10000,False,square,Square,4,0,0.33333333333333326,-1.0,xi+0.333333_eta-1.000000,0.003999999999999999,-0.012,0.05333333333333334,Conventional,C,0,286929544,square|xi+0.333333_eta-1.000000|C|r00,cached,40
-7028.965269634985,485.37284987834903,10000,11805,60.42830021999907,False,1,Maximum number of iterations has been exceeded.,1,0.8246643491414362,5.551115123125783e-16,True,w+,10000,False,square,Square,4,0,0.33333333333333326,-1.0,xi+0.333333_eta-1.000000,0.003999999999999999,-0.012,0.05333333333333334,Conventional,C,1,78566644,square|xi+0.333333_eta-1.000000|C|r01,cached,41
-7034.459492788411,495.0079040359098,10000,11829,71.97532273299657,False,1,Maximum number of iterations has been exceeded.,1,0.8251013648038638,2.220446049250313e-16,True,w+,10000,False,square,Square,4,0,0.33333333333333326,-1.0,xi+0.333333_eta-1.000000,0.003999999999999999,-0.012,0.05333333333333334,Conventional,C,2,235534743,square|xi+0.333333_eta-1.000000|C|r02,cached,42
-6990.314039227173,514.5438863569151,10000,11893,72.02682286699928,False,1,Maximum number of iterations has been exceeded.,-1,0.7672857294911969,3.3306690738754696e-16,True,w-,10000,False,square,Square,4,0,0.33333333333333326,-1.0,xi+0.333333_eta-1.000000,0.003999999999999999,-0.012,0.05333333333333334,Conventional,C,3,114847410,square|xi+0.333333_eta-1.000000|C|r03,cached,43
-7012.606685819608,504.7719474087598,10000,11883,62.286317074002,False,1,Maximum number of iterations has been exceeded.,-1,0.8091820472766975,0.0,True,w-,10000,False,square,Square,4,0,0.33333333333333326,-1.0,xi+0.333333_eta-1.000000,0.003999999999999999,-0.012,0.05333333333333334,Conventional,C,4,290278119,square|xi+0.333333_eta-1.000000|C|r04,cached,44
-7063.431750194381,500.7001829748907,9861,11681,64.58911588200135,False,2,Desired error not necessarily achieved due to precision loss.,1,0.8099399441334778,0.0,True,w+,9861,True,square,Square,4,0,0.33333333333333326,-1.0,xi+0.333333_eta-1.000000,0.003999999999999999,-0.012,0.05333333333333334,Conventional,C,5,248525377,square|xi+0.333333_eta-1.000000|C|r05,new,45
-7005.076920265109,500.2836154380908,10000,11830,77.63582418400256,False,1,Maximum number of iterations has been exceeded.,1,0.8152569367349245,0.0,True,w+,10000,False,square,Square,4,0,0.33333333333333326,-1.0,xi+0.333333_eta-1.000000,0.003999999999999999,-0.012,0.05333333333333334,Conventional,C,6,502362243,square|xi+0.333333_eta-1.000000|C|r06,cached,46
-7056.545764638266,519.5427267593856,7165,8622,47.08150844299962,False,2,Desired error not necessarily achieved due to precision loss.,1,0.7920680755005083,2.220446049250313e-16,True,w+,7165,True,square,Square,4,0,0.33333333333333326,-1.0,xi+0.333333_eta-1.000000,0.003999999999999999,-0.012,0.05333333333333334,Conventional,C,7,278786666,square|xi+0.333333_eta-1.000000|C|r07,new,47
-7011.6841211143565,497.85148214913056,10000,11813,65.13340798199715,False,1,Maximum number of iterations has been exceeded.,-1,0.8344083758881756,0.0,True,w-,10000,False,square,Square,4,0,0.33333333333333326,-1.0,xi+0.333333_eta-1.000000,0.003999999999999999,-0.012,0.05333333333333334,Conventional,C,8,33343831,square|xi+0.333333_eta-1.000000|C|r08,cached,48
-7051.509612286545,501.7724992840468,10000,11753,71.71409354199932,False,1,Maximum number of iterations has been exceeded.,1,0.798213457462866,0.0,True,w+,10000,False,square,Square,4,0,0.33333333333333326,-1.0,xi+0.333333_eta-1.000000,0.003999999999999999,-0.012,0.05333333333333334,Conventional,C,9,258470434,square|xi+0.333333_eta-1.000000|C|r09,cached,49
-6397.991802527555,509.8747139812881,8813,10459,389.2919429449976,False,2,Desired error not necessarily achieved due to precision loss.,1,0.8599741270185887,1.1102230246251565e-16,True,w+,8813,True,square,Square,5,0,0.6666666666666665,-1.0,xi+0.666667_eta-1.000000,0.007999999999999998,-0.012,0.05666666666666667,Conventional,C,0,730591907,square|xi+0.666667_eta-1.000000|C|r00,new,50
-6315.820020095129,490.3081402289872,10000,11866,71.49441015299817,False,1,Maximum number of iterations has been exceeded.,-1,0.8464172063625371,1.1102230246251565e-16,True,w-,10000,False,square,Square,5,0,0.6666666666666665,-1.0,xi+0.666667_eta-1.000000,0.007999999999999998,-0.012,0.05666666666666667,Conventional,C,1,38746771,square|xi+0.666667_eta-1.000000|C|r01,cached,51
-6353.2785975606985,489.0611998333895,8691,10273,57.67302604100405,False,2,Desired error not necessarily achieved due to precision loss.,-1,0.7967796808431339,0.0,True,w-,8691,True,square,Square,5,0,0.6666666666666665,-1.0,xi+0.666667_eta-1.000000,0.007999999999999998,-0.012,0.05666666666666667,Conventional,C,2,317201018,square|xi+0.666667_eta-1.000000|C|r02,new,52
-6358.837969253709,481.9456159637446,10000,11844,114.96552712999983,False,1,Maximum number of iterations has been exceeded.,-1,0.7978668162893617,0.0,True,w-,10000,False,square,Square,5,0,0.6666666666666665,-1.0,xi+0.666667_eta-1.000000,0.007999999999999998,-0.012,0.05666666666666667,Conventional,C,3,958246013,square|xi+0.666667_eta-1.000000|C|r03,cached,53
-6361.770246477062,493.6509017939696,10000,11852,189.41036091200294,False,1,Maximum number of iterations has been exceeded.,1,0.7812383715611292,1.1102230246251565e-16,True,w+,10000,False,square,Square,5,0,0.6666666666666665,-1.0,xi+0.666667_eta-1.000000,0.007999999999999998,-0.012,0.05666666666666667,Conventional,C,4,51435531,square|xi+0.666667_eta-1.000000|C|r04,cached,54
-6371.851176057719,498.313069825356,10000,11823,262.77678780800125,False,1,Maximum number of iterations has been exceeded.,1,0.8550248054109127,3.3306690738754696e-16,True,w+,10000,False,square,Square,5,0,0.6666666666666665,-1.0,xi+0.666667_eta-1.000000,0.007999999999999998,-0.012,0.05666666666666667,Conventional,C,5,319272350,square|xi+0.666667_eta-1.000000|C|r05,cached,55
-6417.43248294059,484.2664847250335,7978,9508,359.8550445719957,False,2,Desired error not necessarily achieved due to precision loss.,-1,0.8629234003466107,0.0,True,w-,7978,True,square,Square,5,0,0.6666666666666665,-1.0,xi+0.666667_eta-1.000000,0.007999999999999998,-0.012,0.05666666666666667,Conventional,C,6,204933609,square|xi+0.666667_eta-1.000000|C|r06,new,56
-6388.061112169915,490.11396321540235,10000,11858,305.748450993,False,1,Maximum number of iterations has been exceeded.,-1,0.8490993937315554,2.220446049250313e-16,True,w-,10000,False,square,Square,5,0,0.6666666666666665,-1.0,xi+0.666667_eta-1.000000,0.007999999999999998,-0.012,0.05666666666666667,Conventional,C,7,324552694,square|xi+0.666667_eta-1.000000|C|r07,cached,57
-6344.766617548173,493.0748371294431,10000,11816,165.17342797799938,False,1,Maximum number of iterations has been exceeded.,1,0.7245596941464926,6.661338147750939e-16,True,w+,10000,False,square,Square,5,0,0.6666666666666665,-1.0,xi+0.666667_eta-1.000000,0.007999999999999998,-0.012,0.05666666666666667,Conventional,C,8,38397501,square|xi+0.666667_eta-1.000000|C|r08,cached,58
-6390.443514827263,505.7350970597568,10000,11898,300.5451734740018,False,1,Maximum number of iterations has been exceeded.,1,0.8728906345528286,0.0,True,w+,10000,False,square,Square,5,0,0.6666666666666665,-1.0,xi+0.666667_eta-1.000000,0.007999999999999998,-0.012,0.05666666666666667,Conventional,C,9,313120964,square|xi+0.666667_eta-1.000000|C|r09,cached,59
-5695.653867831177,481.26985497529404,10000,11830,300.64349386499816,False,1,Maximum number of iterations has been exceeded.,-1,0.8585995054049236,0.0,True,w-,10000,False,square,Square,6,0,1.0,-1.0,xi+1.000000_eta-1.000000,0.012,-0.012,0.060000000000000005,Conventional,C,0,674608344,square|xi+1.000000_eta-1.000000|C|r00,cached,60
-5687.292197718143,487.3150292906415,10000,11888,248.3294333140002,False,1,Maximum number of iterations has been exceeded.,-1,0.8181221623388274,0.0,True,w-,10000,False,square,Square,6,0,1.0,-1.0,xi+1.000000_eta-1.000000,0.012,-0.012,0.060000000000000005,Conventional,C,1,718881798,square|xi+1.000000_eta-1.000000|C|r01,cached,61
-5676.834467404276,494.7633215649744,10000,11895,255.7230356479995,False,1,Maximum number of iterations has been exceeded.,1,0.8610687019397582,2.220446049250313e-16,True,w+,10000,False,square,Square,6,0,1.0,-1.0,xi+1.000000_eta-1.000000,0.012,-0.012,0.060000000000000005,Conventional,C,2,37310111,square|xi+1.000000_eta-1.000000|C|r02,cached,62
-5675.4347802340835,490.3841138172672,9817,11592,368.34285602100135,False,2,Desired error not necessarily achieved due to precision loss.,1,0.8471301752590648,0.0,True,w+,9817,True,square,Square,6,0,1.0,-1.0,xi+1.000000_eta-1.000000,0.012,-0.012,0.060000000000000005,Conventional,C,3,631347847,square|xi+1.000000_eta-1.000000|C|r03,new,63
-5696.697892647215,486.71793499756325,10000,11784,205.94479053199757,False,1,Maximum number of iterations has been exceeded.,-1,0.8698792834546422,0.0,True,w-,10000,False,square,Square,6,0,1.0,-1.0,xi+1.000000_eta-1.000000,0.012,-0.012,0.060000000000000005,Conventional,C,4,578668677,square|xi+1.000000_eta-1.000000|C|r04,cached,64
-5649.120304552353,482.297224879813,10000,11780,144.37314487299955,False,1,Maximum number of iterations has been exceeded.,-1,0.8319097460876244,0.0,True,w-,10000,False,square,Square,6,0,1.0,-1.0,xi+1.000000_eta-1.000000,0.012,-0.012,0.060000000000000005,Conventional,C,5,891629111,square|xi+1.000000_eta-1.000000|C|r05,cached,65
-5694.608504106759,495.5699523773371,10000,11889,90.73041231800016,False,1,Maximum number of iterations has been exceeded.,1,0.7831369456393998,2.220446049250313e-16,True,w+,10000,False,square,Square,6,0,1.0,-1.0,xi+1.000000_eta-1.000000,0.012,-0.012,0.060000000000000005,Conventional,C,6,957636010,square|xi+1.000000_eta-1.000000|C|r06,cached,66
-5658.978625094546,475.05287114873414,10000,11797,79.36909646200002,False,1,Maximum number of iterations has been exceeded.,-1,0.748485872479487,0.0,True,w-,10000,False,square,Square,6,0,1.0,-1.0,xi+1.000000_eta-1.000000,0.012,-0.012,0.060000000000000005,Conventional,C,7,642510026,square|xi+1.000000_eta-1.000000|C|r07,cached,67
-5665.970106411957,487.7363388206859,10000,11957,109.20983537400025,False,1,Maximum number of iterations has been exceeded.,1,0.8618832034185407,0.0,True,w+,10000,False,square,Square,6,0,1.0,-1.0,xi+1.000000_eta-1.000000,0.012,-0.012,0.060000000000000005,Conventional,C,8,531354730,square|xi+1.000000_eta-1.000000|C|r08,cached,68
-5681.374808095528,482.28794672420605,10000,11913,109.25706315800198,False,1,Maximum number of iterations has been exceeded.,1,0.869735527631427,3.3306690738754696e-16,True,w+,10000,False,square,Square,6,0,1.0,-1.0,xi+1.000000_eta-1.000000,0.012,-0.012,0.060000000000000005,Conventional,C,9,608139079,square|xi+1.000000_eta-1.000000|C|r09,cached,69
-9458.910763344284,497.7133759989788,10000,11850,160.46024921099888,False,1,Maximum number of iterations has been exceeded.,1,0.7297253320525856,1.1102230246251565e-16,True,w+,10000,False,square,Square,0,1,-1.0,-0.6666666666666667,xi-1.000000_eta-0.666667,-0.012,-0.008000000000000002,0.04,Conventional,C,0,582078790,square|xi-1.000000_eta-0.666667|C|r00,cached,70
-9527.884528141709,507.1340506142004,9498,11349,399.39854653900693,False,2,Desired error not necessarily achieved due to precision loss.,1,0.6878331722210324,3.3306690738754696e-16,True,w+,9498,True,square,Square,0,1,-1.0,-0.6666666666666667,xi-1.000000_eta-0.666667,-0.012,-0.008000000000000002,0.04,Conventional,C,1,185093136,square|xi-1.000000_eta-0.666667|C|r01,new,71
-9597.217541912969,515.6316206682252,10000,11906,127.48817654899904,False,1,Maximum number of iterations has been exceeded.,-1,0.7541664355426162,0.0,True,w-,10000,False,square,Square,0,1,-1.0,-0.6666666666666667,xi-1.000000_eta-0.666667,-0.012,-0.008000000000000002,0.04,Conventional,C,2,873598671,square|xi-1.000000_eta-0.666667|C|r02,cached,72
-9629.273851084205,500.98590536730893,10000,11862,181.21693700299875,False,1,Maximum number of iterations has been exceeded.,1,0.8075733190948086,2.220446049250313e-16,True,w+,10000,False,square,Square,0,1,-1.0,-0.6666666666666667,xi-1.000000_eta-0.666667,-0.012,-0.008000000000000002,0.04,Conventional,C,3,385646498,square|xi-1.000000_eta-0.666667|C|r03,cached,73
-9573.35668630888,518.1494489063008,10000,11873,216.33834452900192,False,1,Maximum number of iterations has been exceeded.,1,0.6609384216009565,0.0,True,w+,10000,False,square,Square,0,1,-1.0,-0.6666666666666667,xi-1.000000_eta-0.666667,-0.012,-0.008000000000000002,0.04,Conventional,C,4,648082498,square|xi-1.000000_eta-0.666667|C|r04,cached,74
-9557.7213405986,519.0305502258552,10000,11844,163.00520279400007,False,1,Maximum number of iterations has been exceeded.,-1,0.6691670852487488,2.220446049250313e-16,True,w-,10000,False,square,Square,0,1,-1.0,-0.6666666666666667,xi-1.000000_eta-0.666667,-0.012,-0.008000000000000002,0.04,Conventional,C,5,281464496,square|xi-1.000000_eta-0.666667|C|r05,cached,75
-9544.700733456331,481.3779181487169,10000,11829,204.40361272500013,False,1,Maximum number of iterations has been exceeded.,-1,0.7110866833651037,1.1102230246251565e-16,True,w-,10000,False,square,Square,0,1,-1.0,-0.6666666666666667,xi-1.000000_eta-0.666667,-0.012,-0.008000000000000002,0.04,Conventional,C,6,370361765,square|xi-1.000000_eta-0.666667|C|r06,cached,76
-9397.183432805794,484.6016385996221,10000,11884,220.7932170819986,False,1,Maximum number of iterations has been exceeded.,-1,0.7104238082202893,2.220446049250313e-16,True,w-,10000,False,square,Square,0,1,-1.0,-0.6666666666666667,xi-1.000000_eta-0.666667,-0.012,-0.008000000000000002,0.04,Conventional,C,7,887405502,square|xi-1.000000_eta-0.666667|C|r07,cached,77
-9556.169454507717,547.5545094012527,10000,11856,102.64772731300036,False,1,Maximum number of iterations has been exceeded.,1,0.6770927340490396,3.3306690738754696e-16,True,w+,10000,False,square,Square,0,1,-1.0,-0.6666666666666667,xi-1.000000_eta-0.666667,-0.012,-0.008000000000000002,0.04,Conventional,C,8,937455773,square|xi-1.000000_eta-0.666667|C|r08,cached,78
-9612.95190597561,534.6103085085828,10000,11825,96.71283771800154,False,1,Maximum number of iterations has been exceeded.,1,0.6742997468172737,2.220446049250313e-16,True,w+,10000,False,square,Square,0,1,-1.0,-0.6666666666666667,xi-1.000000_eta-0.666667,-0.012,-0.008000000000000002,0.04,Conventional,C,9,51369044,square|xi-1.000000_eta-0.666667|C|r09,cached,79
-9065.788798574089,510.2974121516762,10000,11782,232.18794085000263,False,1,Maximum number of iterations has been exceeded.,-1,0.7659076047156442,3.3306690738754696e-16,True,w-,10000,False,square,Square,1,1,-0.6666666666666667,-0.6666666666666667,xi-0.666667_eta-0.666667,-0.008000000000000002,-0.008000000000000002,0.043333333333333335,Conventional,C,0,231743728,square|xi-0.666667_eta-0.666667|C|r00,cached,80
-9053.836894421655,511.21019703116866,10000,11866,238.89030974200068,False,1,Maximum number of iterations has been exceeded.,1,0.7925871369919565,2.220446049250313e-16,True,w+,10000,False,square,Square,1,1,-0.6666666666666667,-0.6666666666666667,xi-0.666667_eta-0.666667,-0.008000000000000002,-0.008000000000000002,0.043333333333333335,Conventional,C,1,982822658,square|xi-0.666667_eta-0.666667|C|r01,cached,81
-9059.740650413833,522.3561173595932,9070,10877,160.6222446899992,False,2,Desired error not necessarily achieved due to precision loss.,-1,0.7312228452756138,4.440892098500626e-16,True,w-,9070,True,square,Square,1,1,-0.6666666666666667,-0.6666666666666667,xi-0.666667_eta-0.666667,-0.008000000000000002,-0.008000000000000002,0.043333333333333335,Conventional,C,2,469831423,square|xi-0.666667_eta-0.666667|C|r02,new,82
-9040.86511138286,524.768564458595,10000,11849,66.53173022100236,False,1,Maximum number of iterations has been exceeded.,-1,0.6889803714973997,0.0,True,w-,10000,False,square,Square,1,1,-0.6666666666666667,-0.6666666666666667,xi-0.666667_eta-0.666667,-0.008000000000000002,-0.008000000000000002,0.043333333333333335,Conventional,C,3,279077042,square|xi-0.666667_eta-0.666667|C|r03,cached,83
-9037.439565946437,531.0273956717374,10000,11804,69.4548884040014,False,1,Maximum number of iterations has been exceeded.,1,0.7391036518273634,3.3306690738754696e-16,True,w+,10000,False,square,Square,1,1,-0.6666666666666667,-0.6666666666666667,xi-0.666667_eta-0.666667,-0.008000000000000002,-0.008000000000000002,0.043333333333333335,Conventional,C,4,591068580,square|xi-0.666667_eta-0.666667|C|r04,cached,84
-9010.305987315745,501.79036851876833,9847,11786,79.26228260700009,False,2,Desired error not necessarily achieved due to precision loss.,-1,0.8088950226408165,1.1102230246251565e-16,True,w-,9847,True,square,Square,1,1,-0.6666666666666667,-0.6666666666666667,xi-0.666667_eta-0.666667,-0.008000000000000002,-0.008000000000000002,0.043333333333333335,Conventional,C,5,3537236,square|xi-0.666667_eta-0.666667|C|r05,new,85
-9066.795396493128,497.78987398129266,9850,11621,146.57412103399838,False,2,Desired error not necessarily achieved due to precision loss.,1,0.7663877371072442,2.220446049250313e-16,True,w+,9850,True,square,Square,1,1,-0.6666666666666667,-0.6666666666666667,xi-0.666667_eta-0.666667,-0.008000000000000002,-0.008000000000000002,0.043333333333333335,Conventional,C,6,730765933,square|xi-0.666667_eta-0.666667|C|r06,new,86
-8972.508931029211,516.577403762774,10000,11897,193.60606390199973,False,1,Maximum number of iterations has been exceeded.,-1,0.7340362086093015,3.3306690738754696e-16,True,w-,10000,False,square,Square,1,1,-0.6666666666666667,-0.6666666666666667,xi-0.666667_eta-0.666667,-0.008000000000000002,-0.008000000000000002,0.043333333333333335,Conventional,C,7,99716238,square|xi-0.666667_eta-0.666667|C|r07,cached,87
-9037.074617061611,522.3085307018122,10000,11857,70.71627502000047,False,1,Maximum number of iterations has been exceeded.,-1,0.7611356601240422,2.220446049250313e-16,True,w-,10000,False,square,Square,1,1,-0.6666666666666667,-0.6666666666666667,xi-0.666667_eta-0.666667,-0.008000000000000002,-0.008000000000000002,0.043333333333333335,Conventional,C,8,882639782,square|xi-0.666667_eta-0.666667|C|r08,cached,88
-9048.391512265633,495.8926542492734,10000,11875,127.43016406600145,False,1,Maximum number of iterations has been exceeded.,1,0.7756889723077625,2.220446049250313e-16,True,w+,10000,False,square,Square,1,1,-0.6666666666666667,-0.6666666666666667,xi-0.666667_eta-0.666667,-0.008000000000000002,-0.008000000000000002,0.043333333333333335,Conventional,C,9,943022669,square|xi-0.666667_eta-0.666667|C|r09,cached,89
-8446.577369659755,521.4240243201285,10000,11861,154.21535428100105,False,1,Maximum number of iterations has been exceeded.,1,0.7759728241808755,3.3306690738754696e-16,True,w+,10000,False,square,Square,2,1,-0.33333333333333337,-0.6666666666666667,xi-0.333333_eta-0.666667,-0.004000000000000001,-0.008000000000000002,0.04666666666666667,Conventional,C,0,79796049,square|xi-0.333333_eta-0.666667|C|r00,cached,90
-8437.838532624577,503.3991495998851,10000,11821,94.555471691001,False,1,Maximum number of iterations has been exceeded.,1,0.7688785678774416,3.3306690738754696e-16,True,w+,10000,False,square,Square,2,1,-0.33333333333333337,-0.6666666666666667,xi-0.333333_eta-0.666667,-0.004000000000000001,-0.008000000000000002,0.04666666666666667,Conventional,C,1,844810722,square|xi-0.333333_eta-0.666667|C|r01,cached,91
-8388.90456800733,500.7258600420933,10000,11838,97.16623888300091,False,1,Maximum number of iterations has been exceeded.,1,0.7879450625869548,2.220446049250313e-16,True,w+,10000,False,square,Square,2,1,-0.33333333333333337,-0.6666666666666667,xi-0.333333_eta-0.666667,-0.004000000000000001,-0.008000000000000002,0.04666666666666667,Conventional,C,2,242682393,square|xi-0.333333_eta-0.666667|C|r02,cached,92
-8440.30802374589,516.0796252390892,10000,11949,184.97358532400176,False,1,Maximum number of iterations has been exceeded.,-1,0.8435042987827376,4.440892098500626e-16,True,w-,10000,False,square,Square,2,1,-0.33333333333333337,-0.6666666666666667,xi-0.333333_eta-0.666667,-0.004000000000000001,-0.008000000000000002,0.04666666666666667,Conventional,C,3,885549026,square|xi-0.333333_eta-0.666667|C|r03,cached,93
-8402.769322418628,516.1793578162026,9536,11318,65.36585021499923,False,2,Desired error not necessarily achieved due to precision loss.,-1,0.7309735030723569,2.220446049250313e-16,True,w-,9536,True,square,Square,2,1,-0.33333333333333337,-0.6666666666666667,xi-0.333333_eta-0.666667,-0.004000000000000001,-0.008000000000000002,0.04666666666666667,Conventional,C,4,33020002,square|xi-0.333333_eta-0.666667|C|r04,new,94
-8386.391599926334,523.9542934585131,10000,11808,210.62428307799928,False,1,Maximum number of iterations has been exceeded.,-1,0.7881728796924514,2.220446049250313e-16,True,w-,10000,False,square,Square,2,1,-0.33333333333333337,-0.6666666666666667,xi-0.333333_eta-0.666667,-0.004000000000000001,-0.008000000000000002,0.04666666666666667,Conventional,C,5,181240413,square|xi-0.333333_eta-0.666667|C|r05,cached,95
-8264.553190125927,517.820342897174,10000,11816,173.64806399000008,False,1,Maximum number of iterations has been exceeded.,-1,0.777767285132925,3.3306690738754696e-16,True,w-,10000,False,square,Square,2,1,-0.33333333333333337,-0.6666666666666667,xi-0.333333_eta-0.666667,-0.004000000000000001,-0.008000000000000002,0.04666666666666667,Conventional,C,6,667071938,square|xi-0.333333_eta-0.666667|C|r06,cached,96
-8455.380689639902,523.8240050411075,10000,11867,83.70059661699997,False,1,Maximum number of iterations has been exceeded.,1,0.7849463888214576,4.440892098500626e-16,True,w+,10000,False,square,Square,2,1,-0.33333333333333337,-0.6666666666666667,xi-0.333333_eta-0.666667,-0.004000000000000001,-0.008000000000000002,0.04666666666666667,Conventional,C,7,316431566,square|xi-0.333333_eta-0.666667|C|r07,cached,97
-8360.033068519302,515.7391177441473,10000,11819,147.60728111999924,False,1,Maximum number of iterations has been exceeded.,-1,0.7592726041212028,3.3306690738754696e-16,True,w-,10000,False,square,Square,2,1,-0.33333333333333337,-0.6666666666666667,xi-0.333333_eta-0.666667,-0.004000000000000001,-0.008000000000000002,0.04666666666666667,Conventional,C,8,27751997,square|xi-0.333333_eta-0.666667|C|r08,cached,98
-8420.16112316409,524.8696552810256,10000,11749,196.25454802999957,False,1,Maximum number of iterations has been exceeded.,-1,0.7837654678934355,2.220446049250313e-16,True,w-,10000,False,square,Square,2,1,-0.33333333333333337,-0.6666666666666667,xi-0.333333_eta-0.666667,-0.004000000000000001,-0.008000000000000002,0.04666666666666667,Conventional,C,9,287182643,square|xi-0.333333_eta-0.666667|C|r09,cached,99
-7856.938048815431,494.9885511255838,7554,9099,52.519542479996744,False,2,Desired error not necessarily achieved due to precision loss.,1,0.8137466273916742,0.0,True,w+,7554,True,square,Square,3,1,0.0,-0.6666666666666667,xi+0.000000_eta-0.666667,0.0,-0.008000000000000002,0.05,Conventional,C,0,917309121,square|xi+0.000000_eta-0.666667|C|r00,new,100
-7818.0641478665475,510.27218045733156,10000,11772,123.51060711800164,False,1,Maximum number of iterations has been exceeded.,1,0.8400627033042377,1.1102230246251565e-16,True,w+,10000,False,square,Square,3,1,0.0,-0.6666666666666667,xi+0.000000_eta-0.666667,0.0,-0.008000000000000002,0.05,Conventional,C,1,113147243,square|xi+0.000000_eta-0.666667|C|r01,cached,101
-7798.003065627452,507.3481651083821,9833,11695,87.33296860599512,False,2,Desired error not necessarily achieved due to precision loss.,1,0.7877436177815744,1.1102230246251565e-16,True,w+,9833,True,square,Square,3,1,0.0,-0.6666666666666667,xi+0.000000_eta-0.666667,0.0,-0.008000000000000002,0.05,Conventional,C,2,101484521,square|xi+0.000000_eta-0.666667|C|r02,new,102
-7797.498956125092,498.0321573947505,10000,11816,172.76492951199907,False,1,Maximum number of iterations has been exceeded.,-1,0.7547353123171678,0.0,True,w-,10000,False,square,Square,3,1,0.0,-0.6666666666666667,xi+0.000000_eta-0.666667,0.0,-0.008000000000000002,0.05,Conventional,C,3,743619750,square|xi+0.000000_eta-0.666667|C|r03,cached,103
-7781.455484467754,513.1866115809786,10000,11821,164.57938200200078,False,1,Maximum number of iterations has been exceeded.,1,0.7942624077716209,0.0,True,w+,10000,False,square,Square,3,1,0.0,-0.6666666666666667,xi+0.000000_eta-0.666667,0.0,-0.008000000000000002,0.05,Conventional,C,4,726836965,square|xi+0.000000_eta-0.666667|C|r04,cached,104
-7848.571056698259,508.13761439343887,9353,11042,449.1138517540021,False,2,Desired error not necessarily achieved due to precision loss.,1,0.7871888241994082,0.0,True,w+,9353,True,square,Square,3,1,0.0,-0.6666666666666667,xi+0.000000_eta-0.666667,0.0,-0.008000000000000002,0.05,Conventional,C,5,256826976,square|xi+0.000000_eta-0.666667|C|r05,new,105
-7818.057524113182,506.90950104826226,8985,10616,62.97281983400171,False,2,Desired error not necessarily achieved due to precision loss.,1,0.7740799466649403,2.220446049250313e-16,True,w+,8985,True,square,Square,3,1,0.0,-0.6666666666666667,xi+0.000000_eta-0.666667,0.0,-0.008000000000000002,0.05,Conventional,C,6,58039251,square|xi+0.000000_eta-0.666667|C|r06,new,106
-7845.8720304158205,496.5660819528212,10000,11751,161.78558652199717,False,1,Maximum number of iterations has been exceeded.,1,0.7839971226092719,2.220446049250313e-16,True,w+,10000,False,square,Square,3,1,0.0,-0.6666666666666667,xi+0.000000_eta-0.666667,0.0,-0.008000000000000002,0.05,Conventional,C,7,556762533,square|xi+0.000000_eta-0.666667|C|r07,cached,107
-7802.373148953269,498.6558441427018,10000,11785,137.8032362289996,False,1,Maximum number of iterations has been exceeded.,1,0.7899994466294051,0.0,True,w+,10000,False,square,Square,3,1,0.0,-0.6666666666666667,xi+0.000000_eta-0.666667,0.0,-0.008000000000000002,0.05,Conventional,C,8,72774435,square|xi+0.000000_eta-0.666667|C|r08,cached,108
-7798.783728709692,516.7852904879101,10000,11707,137.02327689999947,False,1,Maximum number of iterations has been exceeded.,1,0.8379478071214644,0.0,True,w+,10000,False,square,Square,3,1,0.0,-0.6666666666666667,xi+0.000000_eta-0.666667,0.0,-0.008000000000000002,0.05,Conventional,C,9,797438186,square|xi+0.000000_eta-0.666667|C|r09,cached,109
-7789.17892885977,519.7148247143551,10000,11847,64.22539460300322,False,1,Maximum number of iterations has been exceeded.,-1,0.7593751226344514,3.3306690738754696e-16,True,w-,10000,False,square,Square,3,1,0.0,-0.6666666666666667,xi+0.000000_eta-0.666667,0.0,-0.008000000000000002,0.05,Conventional,C,10,179607481,square|xi+0.000000_eta-0.666667|C|r10,new,110
-7096.921797451772,526.6973734678004,10000,11797,129.69117937600095,False,1,Maximum number of iterations has been exceeded.,1,0.7092208016623923,3.3306690738754696e-16,True,w+,10000,False,square,Square,4,1,0.33333333333333326,-0.6666666666666667,xi+0.333333_eta-0.666667,0.003999999999999999,-0.008000000000000002,0.05333333333333334,Conventional,C,0,184284623,square|xi+0.333333_eta-0.666667|C|r00,cached,111
-7159.355018246268,512.62117756322,10000,11740,106.37911655999778,False,1,Maximum number of iterations has been exceeded.,-1,0.7867743630306501,2.220446049250313e-16,True,w-,10000,False,square,Square,4,1,0.33333333333333326,-0.6666666666666667,xi+0.333333_eta-0.666667,0.003999999999999999,-0.008000000000000002,0.05333333333333334,Conventional,C,1,742905979,square|xi+0.333333_eta-0.666667|C|r01,cached,112
-7071.617976216276,513.1828745242843,10000,11805,100.20687233500212,False,1,Maximum number of iterations has been exceeded.,1,0.7391603282283122,3.3306690738754696e-16,True,w+,10000,False,square,Square,4,1,0.33333333333333326,-0.6666666666666667,xi+0.333333_eta-0.666667,0.003999999999999999,-0.008000000000000002,0.05333333333333334,Conventional,C,2,457552224,square|xi+0.333333_eta-0.666667|C|r02,cached,113
-7156.272838933439,494.82498612758997,9814,11546,64.86098154699721,False,2,Desired error not necessarily achieved due to precision loss.,-1,0.8581953319475255,2.220446049250313e-16,True,w-,9814,True,square,Square,4,1,0.33333333333333326,-0.6666666666666667,xi+0.333333_eta-0.666667,0.003999999999999999,-0.008000000000000002,0.05333333333333334,Conventional,C,3,889103901,square|xi+0.333333_eta-0.666667|C|r03,new,114
-7077.299411393648,486.85046259918545,10000,11779,93.43378148500051,False,1,Maximum number of iterations has been exceeded.,1,0.76457054433945,4.440892098500626e-16,True,w+,10000,False,square,Square,4,1,0.33333333333333326,-0.6666666666666667,xi+0.333333_eta-0.666667,0.003999999999999999,-0.008000000000000002,0.05333333333333334,Conventional,C,4,156861720,square|xi+0.333333_eta-0.666667|C|r04,cached,115
-7138.281778013059,516.5594073447583,9337,11093,167.74169148099463,False,2,Desired error not necessarily achieved due to precision loss.,1,0.8556068257406426,1.1102230246251565e-16,True,w+,9337,True,square,Square,4,1,0.33333333333333326,-0.6666666666666667,xi+0.333333_eta-0.666667,0.003999999999999999,-0.008000000000000002,0.05333333333333334,Conventional,C,5,214318534,square|xi+0.333333_eta-0.666667|C|r05,new,116
-7120.531642292788,502.87730810374,10000,11851,95.21829515300124,False,1,Maximum number of iterations has been exceeded.,1,0.8583009897807087,1.1102230246251565e-16,True,w+,10000,False,square,Square,4,1,0.33333333333333326,-0.6666666666666667,xi+0.333333_eta-0.666667,0.003999999999999999,-0.008000000000000002,0.05333333333333334,Conventional,C,6,672104463,square|xi+0.333333_eta-0.666667|C|r06,cached,117
-7131.357760494159,511.0878582704804,10000,11909,115.28013233399906,False,1,Maximum number of iterations has been exceeded.,-1,0.8121787005271437,2.220446049250313e-16,True,w-,10000,False,square,Square,4,1,0.33333333333333326,-0.6666666666666667,xi+0.333333_eta-0.666667,0.003999999999999999,-0.008000000000000002,0.05333333333333334,Conventional,C,7,114159673,square|xi+0.333333_eta-0.666667|C|r07,cached,118
-7114.251943648974,511.7773286843441,10000,11806,92.6485786230005,False,1,Maximum number of iterations has been exceeded.,1,0.7739067477163036,0.0,True,w+,10000,False,square,Square,4,1,0.33333333333333326,-0.6666666666666667,xi+0.333333_eta-0.666667,0.003999999999999999,-0.008000000000000002,0.05333333333333334,Conventional,C,8,244344963,square|xi+0.333333_eta-0.666667|C|r08,cached,119
-7144.238529415043,491.2815746759156,7921,9500,54.72767707899766,False,2,Desired error not necessarily achieved due to precision loss.,-1,0.8100591110854319,2.220446049250313e-16,True,w-,7921,True,square,Square,4,1,0.33333333333333326,-0.6666666666666667,xi+0.333333_eta-0.666667,0.003999999999999999,-0.008000000000000002,0.05333333333333334,Conventional,C,9,591957370,square|xi+0.333333_eta-0.666667|C|r09,new,120
-6492.25859322039,494.7367928355349,10000,11775,93.47258216599948,False,1,Maximum number of iterations has been exceeded.,-1,0.8648565235794051,1.1102230246251565e-16,True,w-,10000,False,square,Square,5,1,0.6666666666666665,-0.6666666666666667,xi+0.666667_eta-0.666667,0.007999999999999998,-0.008000000000000002,0.05666666666666667,Conventional,C,0,186593769,square|xi+0.666667_eta-0.666667|C|r00,cached,121
-6482.5128075533075,502.48772537326056,10000,11774,91.26016508300017,False,1,Maximum number of iterations has been exceeded.,-1,0.8844529218014119,2.220446049250313e-16,True,w-,10000,False,square,Square,5,1,0.6666666666666665,-0.6666666666666667,xi+0.666667_eta-0.666667,0.007999999999999998,-0.008000000000000002,0.05666666666666667,Conventional,C,1,301611887,square|xi+0.666667_eta-0.666667|C|r01,cached,122
-6491.339326499887,479.9566868998261,10000,11908,91.42170606299987,False,1,Maximum number of iterations has been exceeded.,1,0.8097820427846993,0.0,True,w+,10000,False,square,Square,5,1,0.6666666666666665,-0.6666666666666667,xi+0.666667_eta-0.666667,0.007999999999999998,-0.008000000000000002,0.05666666666666667,Conventional,C,2,324288059,square|xi+0.666667_eta-0.666667|C|r02,cached,123
-6494.377670612492,482.9421507435339,10000,11805,91.0826204929981,False,1,Maximum number of iterations has been exceeded.,1,0.8427940663058284,3.3306690738754696e-16,True,w+,10000,False,square,Square,5,1,0.6666666666666665,-0.6666666666666667,xi+0.666667_eta-0.666667,0.007999999999999998,-0.008000000000000002,0.05666666666666667,Conventional,C,3,830612350,square|xi+0.666667_eta-0.666667|C|r03,cached,124
-6526.313211098173,497.3480347227712,8376,10114,354.26889964399743,False,2,Desired error not necessarily achieved due to precision loss.,-1,0.8546056410036142,0.0,True,w-,8376,True,square,Square,5,1,0.6666666666666665,-0.6666666666666667,xi+0.666667_eta-0.666667,0.007999999999999998,-0.008000000000000002,0.05666666666666667,Conventional,C,4,943081342,square|xi+0.666667_eta-0.666667|C|r04,new,125
-6475.237285414531,500.7166706165885,10000,11826,70.88570521899965,False,1,Maximum number of iterations has been exceeded.,1,0.8295526187483089,0.0,True,w+,10000,False,square,Square,5,1,0.6666666666666665,-0.6666666666666667,xi+0.666667_eta-0.666667,0.007999999999999998,-0.008000000000000002,0.05666666666666667,Conventional,C,5,404966448,square|xi+0.666667_eta-0.666667|C|r05,cached,126
-6487.8082945698525,517.8559425887859,10000,11866,83.65091042099812,False,1,Maximum number of iterations has been exceeded.,-1,0.8022402912866147,4.440892098500626e-16,True,w-,10000,False,square,Square,5,1,0.6666666666666665,-0.6666666666666667,xi+0.666667_eta-0.666667,0.007999999999999998,-0.008000000000000002,0.05666666666666667,Conventional,C,6,206798445,square|xi+0.666667_eta-0.666667|C|r06,cached,127
-6441.169072745132,502.69965503054965,10000,11907,120.59556991700083,False,1,Maximum number of iterations has been exceeded.,-1,0.7566967666767336,0.0,True,w-,10000,False,square,Square,5,1,0.6666666666666665,-0.6666666666666667,xi+0.666667_eta-0.666667,0.007999999999999998,-0.008000000000000002,0.05666666666666667,Conventional,C,7,491749809,square|xi+0.666667_eta-0.666667|C|r07,cached,128
-6503.496192281101,507.31979146464215,9847,11693,406.42923710500327,False,2,Desired error not necessarily achieved due to precision loss.,-1,0.8228181643422581,1.1102230246251565e-16,True,w-,9847,True,square,Square,5,1,0.6666666666666665,-0.6666666666666667,xi+0.666667_eta-0.666667,0.007999999999999998,-0.008000000000000002,0.05666666666666667,Conventional,C,8,788374509,square|xi+0.666667_eta-0.666667|C|r08,new,129
-6447.297839314948,517.6238112963846,10000,11831,79.12698365799588,False,1,Maximum number of iterations has been exceeded.,-1,0.7995977917307651,2.220446049250313e-16,True,w-,10000,False,square,Square,5,1,0.6666666666666665,-0.6666666666666667,xi+0.666667_eta-0.666667,0.007999999999999998,-0.008000000000000002,0.05666666666666667,Conventional,C,9,806505331,square|xi+0.666667_eta-0.666667|C|r09,cached,130
-5811.041831568137,494.3848965447493,10000,11829,80.8762886389959,False,1,Maximum number of iterations has been exceeded.,1,0.8760047730782489,0.0,True,w+,10000,False,square,Square,6,1,1.0,-0.6666666666666667,xi+1.000000_eta-0.666667,0.012,-0.008000000000000002,0.060000000000000005,Conventional,C,0,81163770,square|xi+1.000000_eta-0.666667|C|r00,cached,131
-5780.417634102016,491.60710386113243,9492,11443,393.7825835699987,False,2,Desired error not necessarily achieved due to precision loss.,-1,0.809213059445868,3.3306690738754696e-16,True,w-,9492,True,square,Square,6,1,1.0,-0.6666666666666667,xi+1.000000_eta-0.666667,0.012,-0.008000000000000002,0.060000000000000005,Conventional,C,1,234892865,square|xi+1.000000_eta-0.666667|C|r01,new,132
-5762.040725389912,473.4225472913138,10000,11819,81.52625532900129,False,1,Maximum number of iterations has been exceeded.,-1,0.8221708614180868,0.0,True,w-,10000,False,square,Square,6,1,1.0,-0.6666666666666667,xi+1.000000_eta-0.666667,0.012,-0.008000000000000002,0.060000000000000005,Conventional,C,2,47736773,square|xi+1.000000_eta-0.666667|C|r02,cached,133
-5799.554889187999,491.47111398697064,10000,11766,83.75456770600067,False,1,Maximum number of iterations has been exceeded.,1,0.8383130455299993,2.220446049250313e-16,True,w+,10000,False,square,Square,6,1,1.0,-0.6666666666666667,xi+1.000000_eta-0.666667,0.012,-0.008000000000000002,0.060000000000000005,Conventional,C,3,170804604,square|xi+1.000000_eta-0.666667|C|r03,cached,134
-5825.730615199251,477.51272720174563,10000,11920,83.83976214399445,False,1,Maximum number of iterations has been exceeded.,1,0.8265768537608121,3.3306690738754696e-16,True,w+,10000,False,square,Square,6,1,1.0,-0.6666666666666667,xi+1.000000_eta-0.666667,0.012,-0.008000000000000002,0.060000000000000005,Conventional,C,4,352392853,square|xi+1.000000_eta-0.666667|C|r04,cached,135
-5793.543090399847,493.52798195937936,10000,11914,86.57725431500148,False,1,Maximum number of iterations has been exceeded.,1,0.8816501211156128,2.220446049250313e-16,True,w+,10000,False,square,Square,6,1,1.0,-0.6666666666666667,xi+1.000000_eta-0.666667,0.012,-0.008000000000000002,0.060000000000000005,Conventional,C,5,670283897,square|xi+1.000000_eta-0.666667|C|r05,cached,136
-5756.1156512725765,494.79328842470136,8996,10840,165.85926609499438,False,2,Desired error not necessarily achieved due to precision loss.,-1,0.8126598948814505,4.440892098500626e-16,True,w-,8996,True,square,Square,6,1,1.0,-0.6666666666666667,xi+1.000000_eta-0.666667,0.012,-0.008000000000000002,0.060000000000000005,Conventional,C,6,487119250,square|xi+1.000000_eta-0.666667|C|r06,new,137
-5785.274936347134,487.4927458066683,10000,11844,85.45807111400063,False,1,Maximum number of iterations has been exceeded.,1,0.7935216327491968,2.220446049250313e-16,True,w+,10000,False,square,Square,6,1,1.0,-0.6666666666666667,xi+1.000000_eta-0.666667,0.012,-0.008000000000000002,0.060000000000000005,Conventional,C,7,108800698,square|xi+1.000000_eta-0.666667|C|r07,cached,138
-5789.451351357468,495.8823392296795,10000,11794,85.28671108999697,False,1,Maximum number of iterations has been exceeded.,-1,0.8241408939045015,0.0,True,w-,10000,False,square,Square,6,1,1.0,-0.6666666666666667,xi+1.000000_eta-0.666667,0.012,-0.008000000000000002,0.060000000000000005,Conventional,C,8,307708956,square|xi+1.000000_eta-0.666667|C|r08,cached,139
-5741.646956110265,487.2498131458873,10000,11791,81.3025407400055,False,1,Maximum number of iterations has been exceeded.,-1,0.7877286635930211,0.0,True,w-,10000,False,square,Square,6,1,1.0,-0.6666666666666667,xi+1.000000_eta-0.666667,0.012,-0.008000000000000002,0.060000000000000005,Conventional,C,9,688788055,square|xi+1.000000_eta-0.666667|C|r09,cached,140
-9786.011041739062,535.2037210764294,10000,11819,90.40902003300289,False,1,Maximum number of iterations has been exceeded.,-1,0.7841592850197348,2.220446049250313e-16,True,w-,10000,False,square,Square,0,2,-1.0,-0.33333333333333337,xi-1.000000_eta-0.333333,-0.012,-0.004000000000000001,0.04,Conventional,C,0,17526205,square|xi-1.000000_eta-0.333333|C|r00,cached,141
-9654.680480419467,512.9932512011464,10000,11811,84.27405705799902,False,1,Maximum number of iterations has been exceeded.,1,0.722456456021188,2.220446049250313e-16,True,w+,10000,False,square,Square,0,2,-1.0,-0.33333333333333337,xi-1.000000_eta-0.333333,-0.012,-0.004000000000000001,0.04,Conventional,C,1,773343478,square|xi-1.000000_eta-0.333333|C|r01,cached,142
-9762.4546893703,526.8402041092519,10000,11810,82.76534376899508,False,1,Maximum number of iterations has been exceeded.,-1,0.6963221522625995,0.0,True,w-,10000,False,square,Square,0,2,-1.0,-0.33333333333333337,xi-1.000000_eta-0.333333,-0.012,-0.004000000000000001,0.04,Conventional,C,2,417294249,square|xi-1.000000_eta-0.333333|C|r02,cached,143
-9795.239243895177,513.0003956248385,10000,11838,81.82258141200145,False,1,Maximum number of iterations has been exceeded.,-1,0.8091838669809397,2.220446049250313e-16,True,w-,10000,False,square,Square,0,2,-1.0,-0.33333333333333337,xi-1.000000_eta-0.333333,-0.012,-0.004000000000000001,0.04,Conventional,C,3,539922479,square|xi-1.000000_eta-0.333333|C|r03,cached,144
-9793.192342525588,502.35374340718624,10000,11964,84.63196065500233,False,1,Maximum number of iterations has been exceeded.,1,0.6946619232443116,2.220446049250313e-16,True,w+,10000,False,square,Square,0,2,-1.0,-0.33333333333333337,xi-1.000000_eta-0.333333,-0.012,-0.004000000000000001,0.04,Conventional,C,4,566277075,square|xi-1.000000_eta-0.333333|C|r04,cached,145
-9746.935268371275,517.4360608921871,10000,11848,79.12523073199554,False,1,Maximum number of iterations has been exceeded.,-1,0.7603362774015361,1.1102230246251565e-16,True,w-,10000,False,square,Square,0,2,-1.0,-0.33333333333333337,xi-1.000000_eta-0.333333,-0.012,-0.004000000000000001,0.04,Conventional,C,5,863973393,square|xi-1.000000_eta-0.333333|C|r05,cached,146
-9700.479807084155,504.2618208425348,8391,10072,58.80248393800139,False,2,Desired error not necessarily achieved due to precision loss.,1,0.681482452151132,1.1102230246251565e-16,True,w+,8391,True,square,Square,0,2,-1.0,-0.33333333333333337,xi-1.000000_eta-0.333333,-0.012,-0.004000000000000001,0.04,Conventional,C,6,722176980,square|xi-1.000000_eta-0.333333|C|r06,new,147
-9787.96053251634,505.38487789021116,10000,11866,72.83344995100197,False,1,Maximum number of iterations has been exceeded.,-1,0.7938968986034488,2.220446049250313e-16,True,w-,10000,False,square,Square,0,2,-1.0,-0.33333333333333337,xi-1.000000_eta-0.333333,-0.012,-0.004000000000000001,0.04,Conventional,C,7,393267875,square|xi-1.000000_eta-0.333333|C|r07,cached,148
-9777.559817758029,509.4885394906357,10000,11864,78.47783910300495,False,1,Maximum number of iterations has been exceeded.,1,0.6777925919235107,2.220446049250313e-16,True,w+,10000,False,square,Square,0,2,-1.0,-0.33333333333333337,xi-1.000000_eta-0.333333,-0.012,-0.004000000000000001,0.04,Conventional,C,8,819372224,square|xi-1.000000_eta-0.333333|C|r08,cached,149
-9803.145720671662,508.64823549823495,10000,11785,87.31722340399574,False,1,Maximum number of iterations has been exceeded.,-1,0.7967287024710101,2.220446049250313e-16,True,w-,10000,False,square,Square,0,2,-1.0,-0.33333333333333337,xi-1.000000_eta-0.333333,-0.012,-0.004000000000000001,0.04,Conventional,C,9,823218161,square|xi-1.000000_eta-0.333333|C|r09,cached,150
-9054.797920507619,520.180319081602,10000,11807,82.4178079169942,False,1,Maximum number of iterations has been exceeded.,-1,0.7505555851575966,2.220446049250313e-16,True,w-,10000,False,square,Square,1,2,-0.6666666666666667,-0.33333333333333337,xi-0.666667_eta-0.333333,-0.008000000000000002,-0.004000000000000001,0.043333333333333335,Conventional,C,0,578738400,square|xi-0.666667_eta-0.333333|C|r00,cached,151
-8930.297603819543,518.0416666994996,10000,11767,84.2731092959948,False,1,Maximum number of iterations has been exceeded.,-1,0.6152603061696154,2.220446049250313e-16,True,w-,10000,False,square,Square,1,2,-0.6666666666666667,-0.33333333333333337,xi-0.666667_eta-0.333333,-0.008000000000000002,-0.004000000000000001,0.043333333333333335,Conventional,C,1,646179939,square|xi-0.666667_eta-0.333333|C|r01,cached,152
-9007.516067248436,514.1738721978027,10000,11882,85.0025104410015,False,1,Maximum number of iterations has been exceeded.,-1,0.7247844007891652,0.0,True,w-,10000,False,square,Square,1,2,-0.6666666666666667,-0.33333333333333337,xi-0.666667_eta-0.333333,-0.008000000000000002,-0.004000000000000001,0.043333333333333335,Conventional,C,2,304326862,square|xi-0.666667_eta-0.333333|C|r02,cached,153
-9049.480774998521,503.8307088213184,10000,11768,72.31477022200124,False,1,Maximum number of iterations has been exceeded.,1,0.7325341966916505,1.1102230246251565e-16,True,w+,10000,False,square,Square,1,2,-0.6666666666666667,-0.33333333333333337,xi-0.666667_eta-0.333333,-0.008000000000000002,-0.004000000000000001,0.043333333333333335,Conventional,C,3,530760465,square|xi-0.666667_eta-0.333333|C|r03,cached,154
-9049.380711807753,527.3356697757503,9579,11322,385.8332649100048,False,2,Desired error not necessarily achieved due to precision loss.,1,0.7521773623894658,2.220446049250313e-16,True,w+,9579,True,square,Square,1,2,-0.6666666666666667,-0.33333333333333337,xi-0.666667_eta-0.333333,-0.008000000000000002,-0.004000000000000001,0.043333333333333335,Conventional,C,4,820437393,square|xi-0.666667_eta-0.333333|C|r04,new,155
-9042.163365212376,525.6010768253292,9069,10819,65.51519843599817,False,2,Desired error not necessarily achieved due to precision loss.,-1,0.7055957429148764,1.1102230246251565e-16,True,w-,9069,True,square,Square,1,2,-0.6666666666666667,-0.33333333333333337,xi-0.666667_eta-0.333333,-0.008000000000000002,-0.004000000000000001,0.043333333333333335,Conventional,C,5,156541018,square|xi-0.666667_eta-0.333333|C|r05,new,156
-9025.700685504806,500.929050450008,10000,11807,74.2281367849937,False,1,Maximum number of iterations has been exceeded.,1,0.771541422138219,0.0,True,w+,10000,False,square,Square,1,2,-0.6666666666666667,-0.33333333333333337,xi-0.666667_eta-0.333333,-0.008000000000000002,-0.004000000000000001,0.043333333333333335,Conventional,C,6,904769574,square|xi-0.666667_eta-0.333333|C|r06,cached,157
-9104.769222110988,499.71612553891543,8888,10560,147.74605982699723,False,2,Desired error not necessarily achieved due to precision loss.,-1,0.8152227433044025,0.0,True,w-,8888,True,square,Square,1,2,-0.6666666666666667,-0.33333333333333337,xi-0.666667_eta-0.333333,-0.008000000000000002,-0.004000000000000001,0.043333333333333335,Conventional,C,7,535720411,square|xi-0.666667_eta-0.333333|C|r07,new,158
-9001.736195530093,500.0688575910339,10000,11850,127.80282611999428,False,1,Maximum number of iterations has been exceeded.,1,0.7538027361728618,0.0,True,w+,10000,False,square,Square,1,2,-0.6666666666666667,-0.33333333333333337,xi-0.666667_eta-0.333333,-0.008000000000000002,-0.004000000000000001,0.043333333333333335,Conventional,C,8,219654811,square|xi-0.666667_eta-0.333333|C|r08,cached,159
-9080.28396823497,511.76527815397736,10000,11701,80.26676298899838,False,1,Maximum number of iterations has been exceeded.,-1,0.7461279851226201,3.3306690738754696e-16,True,w-,10000,False,square,Square,1,2,-0.6666666666666667,-0.33333333333333337,xi-0.666667_eta-0.333333,-0.008000000000000002,-0.004000000000000001,0.043333333333333335,Conventional,C,9,357526323,square|xi-0.666667_eta-0.333333|C|r09,cached,160
-8481.310792388262,503.4934877682835,10000,11817,95.65095412500523,False,1,Maximum number of iterations has been exceeded.,1,0.8034091146372008,0.0,True,w+,10000,False,square,Square,2,2,-0.33333333333333337,-0.33333333333333337,xi-0.333333_eta-0.333333,-0.004000000000000001,-0.004000000000000001,0.04666666666666667,Conventional,C,0,143699840,square|xi-0.333333_eta-0.333333|C|r00,cached,161
-8439.541846935455,495.31420643057606,10000,11785,90.45422171899554,False,1,Maximum number of iterations has been exceeded.,-1,0.829820207568771,0.0,True,w-,10000,False,square,Square,2,2,-0.33333333333333337,-0.33333333333333337,xi-0.333333_eta-0.333333,-0.004000000000000001,-0.004000000000000001,0.04666666666666667,Conventional,C,1,93831634,square|xi-0.333333_eta-0.333333|C|r01,cached,162
-8479.928027548054,509.07900966115034,8197,9780,56.0694818760021,False,2,Desired error not necessarily achieved due to precision loss.,-1,0.8010239629633367,0.0,True,w-,8197,True,square,Square,2,2,-0.33333333333333337,-0.33333333333333337,xi-0.333333_eta-0.333333,-0.004000000000000001,-0.004000000000000001,0.04666666666666667,Conventional,C,2,334563589,square|xi-0.333333_eta-0.333333|C|r02,new,163
-8461.853776655218,519.0777112257863,8469,10103,124.47477560400148,False,2,Desired error not necessarily achieved due to precision loss.,-1,0.7931542989700608,2.220446049250313e-16,True,w-,8469,True,square,Square,2,2,-0.33333333333333337,-0.33333333333333337,xi-0.333333_eta-0.333333,-0.004000000000000001,-0.004000000000000001,0.04666666666666667,Conventional,C,3,608107001,square|xi-0.333333_eta-0.333333|C|r03,new,164
-8414.886362743808,506.69188828115483,10000,11786,78.83347449500434,False,1,Maximum number of iterations has been exceeded.,1,0.7239199236385729,0.0,True,w+,10000,False,square,Square,2,2,-0.33333333333333337,-0.33333333333333337,xi-0.333333_eta-0.333333,-0.004000000000000001,-0.004000000000000001,0.04666666666666667,Conventional,C,4,601607679,square|xi-0.333333_eta-0.333333|C|r04,cached,165
-8406.36764371383,537.0810526963785,10000,11826,92.97502582999732,False,1,Maximum number of iterations has been exceeded.,-1,0.6734670842377062,2.220446049250313e-16,True,w-,10000,False,square,Square,2,2,-0.33333333333333337,-0.33333333333333337,xi-0.333333_eta-0.333333,-0.004000000000000001,-0.004000000000000001,0.04666666666666667,Conventional,C,5,397045996,square|xi-0.333333_eta-0.333333|C|r05,cached,166
-8474.185767635414,512.713999399415,9347,11053,65.51464015199599,False,2,Desired error not necessarily achieved due to precision loss.,1,0.7759214045199788,0.0,True,w+,9347,True,square,Square,2,2,-0.33333333333333337,-0.33333333333333337,xi-0.333333_eta-0.333333,-0.004000000000000001,-0.004000000000000001,0.04666666666666667,Conventional,C,6,135090654,square|xi-0.333333_eta-0.333333|C|r06,new,167
-8377.980233612965,478.8412207266903,8919,10513,224.51855076199718,False,2,Desired error not necessarily achieved due to precision loss.,-1,0.7242903663869338,2.220446049250313e-16,True,w-,8919,True,square,Square,2,2,-0.33333333333333337,-0.33333333333333337,xi-0.333333_eta-0.333333,-0.004000000000000001,-0.004000000000000001,0.04666666666666667,Conventional,C,7,864357053,square|xi-0.333333_eta-0.333333|C|r07,new,168
-8450.324355590912,539.6005911100997,10000,11796,68.08693183900323,False,1,Maximum number of iterations has been exceeded.,-1,0.6921689490715959,0.0,True,w-,10000,False,square,Square,2,2,-0.33333333333333337,-0.33333333333333337,xi-0.333333_eta-0.333333,-0.004000000000000001,-0.004000000000000001,0.04666666666666667,Conventional,C,8,114308058,square|xi-0.333333_eta-0.333333|C|r08,cached,169
-8386.60542059205,494.6232914265135,10000,11740,71.89855876499496,False,1,Maximum number of iterations has been exceeded.,-1,0.745954445722192,1.1102230246251565e-16,True,w-,10000,False,square,Square,2,2,-0.33333333333333337,-0.33333333333333337,xi-0.333333_eta-0.333333,-0.004000000000000001,-0.004000000000000001,0.04666666666666667,Conventional,C,9,818274516,square|xi-0.333333_eta-0.333333|C|r09,cached,170
-7852.043237429382,487.95570073637884,10000,11817,72.02300690300035,False,1,Maximum number of iterations has been exceeded.,-1,0.8004400049589879,0.0,True,w-,10000,False,square,Square,3,2,0.0,-0.33333333333333337,xi+0.000000_eta-0.333333,0.0,-0.004000000000000001,0.05,Conventional,C,0,500452339,square|xi+0.000000_eta-0.333333|C|r00,cached,171
-7797.288767915543,469.3410775101146,10000,11779,79.64885386900278,False,1,Maximum number of iterations has been exceeded.,-1,0.8110848031451446,0.0,True,w-,10000,False,square,Square,3,2,0.0,-0.33333333333333337,xi+0.000000_eta-0.333333,0.0,-0.004000000000000001,0.05,Conventional,C,1,197518980,square|xi+0.000000_eta-0.333333|C|r01,cached,172
-7874.358166670786,496.04879681011676,10000,11741,79.50323338399903,False,1,Maximum number of iterations has been exceeded.,-1,0.8089311894246191,0.0,True,w-,10000,False,square,Square,3,2,0.0,-0.33333333333333337,xi+0.000000_eta-0.333333,0.0,-0.004000000000000001,0.05,Conventional,C,2,750248564,square|xi+0.000000_eta-0.333333|C|r02,cached,173
-7877.5932883211,515.5076551939164,8184,9752,74.9736523879983,False,2,Desired error not necessarily achieved due to precision loss.,1,0.8202997146017952,2.220446049250313e-16,True,w+,8184,True,square,Square,3,2,0.0,-0.33333333333333337,xi+0.000000_eta-0.333333,0.0,-0.004000000000000001,0.05,Conventional,C,3,655255452,square|xi+0.000000_eta-0.333333|C|r03,new,174
-7837.685837138618,521.6542607261887,10000,11751,65.22423251599685,False,1,Maximum number of iterations has been exceeded.,-1,0.7812420372854982,1.1102230246251565e-16,True,w-,10000,False,square,Square,3,2,0.0,-0.33333333333333337,xi+0.000000_eta-0.333333,0.0,-0.004000000000000001,0.05,Conventional,C,4,440241072,square|xi+0.000000_eta-0.333333|C|r04,cached,175
-7864.112526391839,510.5058193114497,7760,9224,329.9531183490035,False,2,Desired error not necessarily achieved due to precision loss.,-1,0.7762536116194911,3.3306690738754696e-16,True,w-,7760,True,square,Square,3,2,0.0,-0.33333333333333337,xi+0.000000_eta-0.333333,0.0,-0.004000000000000001,0.05,Conventional,C,5,989344412,square|xi+0.000000_eta-0.333333|C|r05,new,176
-7814.440675677746,516.3598282526118,10000,11787,64.65502473399829,False,1,Maximum number of iterations has been exceeded.,1,0.7345554513336702,0.0,True,w+,10000,False,square,Square,3,2,0.0,-0.33333333333333337,xi+0.000000_eta-0.333333,0.0,-0.004000000000000001,0.05,Conventional,C,6,352493793,square|xi+0.000000_eta-0.333333|C|r06,cached,177
-7841.401347348354,502.4800128727776,10000,11790,60.860874357000284,False,1,Maximum number of iterations has been exceeded.,1,0.779155242831681,2.220446049250313e-16,True,w+,10000,False,square,Square,3,2,0.0,-0.33333333333333337,xi+0.000000_eta-0.333333,0.0,-0.004000000000000001,0.05,Conventional,C,7,76488506,square|xi+0.000000_eta-0.333333|C|r07,cached,178
-7817.050187302126,512.6697855591418,9778,11501,377.9351578370042,False,2,Desired error not necessarily achieved due to precision loss.,1,0.8393788149743859,3.3306690738754696e-16,True,w+,9778,True,square,Square,3,2,0.0,-0.33333333333333337,xi+0.000000_eta-0.333333,0.0,-0.004000000000000001,0.05,Conventional,C,8,117300893,square|xi+0.000000_eta-0.333333|C|r08,new,179
-7885.726107383699,520.6470628921667,9258,10971,299.6931071929939,False,2,Desired error not necessarily achieved due to precision loss.,-1,0.813156901942165,2.220446049250313e-16,True,w-,9258,True,square,Square,3,2,0.0,-0.33333333333333337,xi+0.000000_eta-0.333333,0.0,-0.004000000000000001,0.05,Conventional,C,9,182254540,square|xi+0.000000_eta-0.333333|C|r09,new,180
-7228.274061236877,510.9662312836824,10000,11761,72.04957504499907,False,1,Maximum number of iterations has been exceeded.,1,0.8387744358065208,2.220446049250313e-16,True,w+,10000,False,square,Square,4,2,0.33333333333333326,-0.33333333333333337,xi+0.333333_eta-0.333333,0.003999999999999999,-0.004000000000000001,0.05333333333333334,Conventional,C,0,299950564,square|xi+0.333333_eta-0.333333|C|r00,cached,181
-7244.801254205933,513.3796882826387,10000,11721,70.71712742700038,False,1,Maximum number of iterations has been exceeded.,1,0.8259002219568657,0.0,True,w+,10000,False,square,Square,4,2,0.33333333333333326,-0.33333333333333337,xi+0.333333_eta-0.333333,0.003999999999999999,-0.004000000000000001,0.05333333333333334,Conventional,C,1,580642527,square|xi+0.333333_eta-0.333333|C|r01,cached,182
-7227.649622654797,486.4047731194002,9650,11463,119.54128041600052,False,2,Desired error not necessarily achieved due to precision loss.,1,0.7722225415362846,1.1102230246251565e-16,True,w+,9650,True,square,Square,4,2,0.33333333333333326,-0.33333333333333337,xi+0.333333_eta-0.333333,0.003999999999999999,-0.004000000000000001,0.05333333333333334,Conventional,C,2,818923531,square|xi+0.333333_eta-0.333333|C|r02,new,183
-7241.359005971509,500.1386669050999,10000,11777,60.0560899589982,False,1,Maximum number of iterations has been exceeded.,1,0.8471596065779048,0.0,True,w+,10000,False,square,Square,4,2,0.33333333333333326,-0.33333333333333337,xi+0.333333_eta-0.333333,0.003999999999999999,-0.004000000000000001,0.05333333333333334,Conventional,C,3,290385191,square|xi+0.333333_eta-0.333333|C|r03,cached,184
-7277.756736799083,513.2338651745262,6272,7618,273.2423233869995,False,2,Desired error not necessarily achieved due to precision loss.,-1,0.8205405471308276,1.1102230246251565e-16,True,w-,6272,True,square,Square,4,2,0.33333333333333326,-0.33333333333333337,xi+0.333333_eta-0.333333,0.003999999999999999,-0.004000000000000001,0.05333333333333334,Conventional,C,4,875773270,square|xi+0.333333_eta-0.333333|C|r04,new,185
-7237.326293653988,494.5216266789871,10000,11786,61.05963088900171,False,1,Maximum number of iterations has been exceeded.,1,0.7936838153360021,2.220446049250313e-16,True,w+,10000,False,square,Square,4,2,0.33333333333333326,-0.33333333333333337,xi+0.333333_eta-0.333333,0.003999999999999999,-0.004000000000000001,0.05333333333333334,Conventional,C,5,657980822,square|xi+0.333333_eta-0.333333|C|r05,cached,186
-7208.912545873861,511.0850427287917,10000,11852,61.38049418800074,False,1,Maximum number of iterations has been exceeded.,-1,0.8089908495391535,1.1102230246251565e-16,True,w-,10000,False,square,Square,4,2,0.33333333333333326,-0.33333333333333337,xi+0.333333_eta-0.333333,0.003999999999999999,-0.004000000000000001,0.05333333333333334,Conventional,C,6,807800241,square|xi+0.333333_eta-0.333333|C|r06,cached,187
-7218.182635660263,499.1048846107042,10000,11857,69.63377827099612,False,1,Maximum number of iterations has been exceeded.,-1,0.773024613152926,3.3306690738754696e-16,True,w-,10000,False,square,Square,4,2,0.33333333333333326,-0.33333333333333337,xi+0.333333_eta-0.333333,0.003999999999999999,-0.004000000000000001,0.05333333333333334,Conventional,C,7,261440047,square|xi+0.333333_eta-0.333333|C|r07,cached,188
-7237.797427760984,504.79849353580465,10000,11727,68.46614109999791,False,1,Maximum number of iterations has been exceeded.,-1,0.8093446679667706,3.3306690738754696e-16,True,w-,10000,False,square,Square,4,2,0.33333333333333326,-0.33333333333333337,xi+0.333333_eta-0.333333,0.003999999999999999,-0.004000000000000001,0.05333333333333334,Conventional,C,8,195831528,square|xi+0.333333_eta-0.333333|C|r08,cached,189
-7218.154514113288,497.3853910418147,10000,11769,67.86753831100214,False,1,Maximum number of iterations has been exceeded.,1,0.7195736174675758,3.3306690738754696e-16,True,w+,10000,False,square,Square,4,2,0.33333333333333326,-0.33333333333333337,xi+0.333333_eta-0.333333,0.003999999999999999,-0.004000000000000001,0.05333333333333334,Conventional,C,9,259457216,square|xi+0.333333_eta-0.333333|C|r09,cached,190
-6583.906870547602,498.3578011264661,10000,11781,57.283514784001454,False,1,Maximum number of iterations has been exceeded.,-1,0.8469228186159755,2.220446049250313e-16,True,w-,10000,False,square,Square,5,2,0.6666666666666665,-0.33333333333333337,xi+0.666667_eta-0.333333,0.007999999999999998,-0.004000000000000001,0.05666666666666667,Conventional,C,0,811743845,square|xi+0.666667_eta-0.333333|C|r00,cached,191
-6553.291716959931,487.5840748578497,10000,11749,57.35788739500276,False,1,Maximum number of iterations has been exceeded.,1,0.7501630608410185,3.3306690738754696e-16,True,w+,10000,False,square,Square,5,2,0.6666666666666665,-0.33333333333333337,xi+0.666667_eta-0.333333,0.007999999999999998,-0.004000000000000001,0.05666666666666667,Conventional,C,1,578308262,square|xi+0.666667_eta-0.333333|C|r01,cached,192
-6575.6992385449375,480.44504616691137,9664,11416,254.17857598800038,False,2,Desired error not necessarily achieved due to precision loss.,1,0.7928305870191438,0.0,True,w+,9664,True,square,Square,5,2,0.6666666666666665,-0.33333333333333337,xi+0.666667_eta-0.333333,0.007999999999999998,-0.004000000000000001,0.05666666666666667,Conventional,C,2,844033097,square|xi+0.666667_eta-0.333333|C|r02,new,193
-6581.910584839754,465.88590588940906,10000,11732,74.10578311699646,False,1,Maximum number of iterations has been exceeded.,-1,0.8368106217321148,0.0,True,w-,10000,False,square,Square,5,2,0.6666666666666665,-0.33333333333333337,xi+0.666667_eta-0.333333,0.007999999999999998,-0.004000000000000001,0.05666666666666667,Conventional,C,3,440653954,square|xi+0.666667_eta-0.333333|C|r03,cached,194
-6483.594989405431,516.0098256484094,10000,11830,64.51723598299577,False,1,Maximum number of iterations has been exceeded.,1,0.8480183428673924,0.0,True,w+,10000,False,square,Square,5,2,0.6666666666666665,-0.33333333333333337,xi+0.666667_eta-0.333333,0.007999999999999998,-0.004000000000000001,0.05666666666666667,Conventional,C,4,69318502,square|xi+0.666667_eta-0.333333|C|r04,cached,195
-6601.754052192061,502.7395769058152,10000,11791,86.58566322600382,False,1,Maximum number of iterations has been exceeded.,-1,0.8608237573929454,4.440892098500626e-16,True,w-,10000,False,square,Square,5,2,0.6666666666666665,-0.33333333333333337,xi+0.666667_eta-0.333333,0.007999999999999998,-0.004000000000000001,0.05666666666666667,Conventional,C,5,652559331,square|xi+0.666667_eta-0.333333|C|r05,cached,196
-6586.894447558372,492.35737583022706,8867,10581,384.19585017400095,False,2,Desired error not necessarily achieved due to precision loss.,1,0.8145291687428956,2.220446049250313e-16,True,w+,8867,True,square,Square,5,2,0.6666666666666665,-0.33333333333333337,xi+0.666667_eta-0.333333,0.007999999999999998,-0.004000000000000001,0.05666666666666667,Conventional,C,6,286532674,square|xi+0.666667_eta-0.333333|C|r06,new,197
-6568.752342174218,484.4169049183358,10000,11807,75.61653486300202,False,1,Maximum number of iterations has been exceeded.,1,0.8095931544310645,0.0,True,w+,10000,False,square,Square,5,2,0.6666666666666665,-0.33333333333333337,xi+0.666667_eta-0.333333,0.007999999999999998,-0.004000000000000001,0.05666666666666667,Conventional,C,7,3013683,square|xi+0.666667_eta-0.333333|C|r07,cached,198
-6510.089321289334,497.7229440153701,10000,11838,77.8217718359956,False,1,Maximum number of iterations has been exceeded.,1,0.7877921412395865,2.220446049250313e-16,True,w+,10000,False,square,Square,5,2,0.6666666666666665,-0.33333333333333337,xi+0.666667_eta-0.333333,0.007999999999999998,-0.004000000000000001,0.05666666666666667,Conventional,C,8,500057271,square|xi+0.666667_eta-0.333333|C|r08,cached,199
-6553.871598692867,510.7721951512016,10000,11820,72.22433243499836,False,1,Maximum number of iterations has been exceeded.,-1,0.8116459440900031,4.440892098500626e-16,True,w-,10000,False,square,Square,5,2,0.6666666666666665,-0.33333333333333337,xi+0.666667_eta-0.333333,0.007999999999999998,-0.004000000000000001,0.05666666666666667,Conventional,C,9,656584695,square|xi+0.666667_eta-0.333333|C|r09,cached,200
-5901.64485193024,486.8308091358566,10000,11756,70.47190593599953,False,1,Maximum number of iterations has been exceeded.,-1,0.8450998193195706,0.0,True,w-,10000,False,square,Square,6,2,1.0,-0.33333333333333337,xi+1.000000_eta-0.333333,0.012,-0.004000000000000001,0.060000000000000005,Conventional,C,0,872025358,square|xi+1.000000_eta-0.333333|C|r00,cached,201
-5870.643345818034,464.24183126209937,10000,11782,73.97120163100044,False,1,Maximum number of iterations has been exceeded.,1,0.8100553701014264,3.3306690738754696e-16,True,w+,10000,False,square,Square,6,2,1.0,-0.33333333333333337,xi+1.000000_eta-0.333333,0.012,-0.004000000000000001,0.060000000000000005,Conventional,C,1,199342191,square|xi+1.000000_eta-0.333333|C|r01,cached,202
-5853.244081119562,487.40340742531885,10000,11924,56.20856022999942,False,1,Maximum number of iterations has been exceeded.,1,0.8272621940094836,0.0,True,w+,10000,False,square,Square,6,2,1.0,-0.33333333333333337,xi+1.000000_eta-0.333333,0.012,-0.004000000000000001,0.060000000000000005,Conventional,C,2,716062892,square|xi+1.000000_eta-0.333333|C|r02,cached,203
-5849.0708949050395,481.28253234344584,10000,11812,56.66310209999938,False,1,Maximum number of iterations has been exceeded.,-1,0.7699316727894739,2.220446049250313e-16,True,w-,10000,False,square,Square,6,2,1.0,-0.33333333333333337,xi+1.000000_eta-0.333333,0.012,-0.004000000000000001,0.060000000000000005,Conventional,C,3,519279636,square|xi+1.000000_eta-0.333333|C|r03,cached,204
-5841.658441342294,511.3234535819487,10000,11920,60.050140453000495,False,1,Maximum number of iterations has been exceeded.,1,0.8564728395589203,2.220446049250313e-16,True,w+,10000,False,square,Square,6,2,1.0,-0.33333333333333337,xi+1.000000_eta-0.333333,0.012,-0.004000000000000001,0.060000000000000005,Conventional,C,4,842645660,square|xi+1.000000_eta-0.333333|C|r04,cached,205
-5854.22585745556,475.2233892974448,10000,11754,73.38267126800201,False,1,Maximum number of iterations has been exceeded.,-1,0.7847121673513978,6.661338147750939e-16,True,w-,10000,False,square,Square,6,2,1.0,-0.33333333333333337,xi+1.000000_eta-0.333333,0.012,-0.004000000000000001,0.060000000000000005,Conventional,C,5,227555105,square|xi+1.000000_eta-0.333333|C|r05,cached,206
-5875.062355666162,483.21316498150014,10000,11881,77.19206501299777,False,1,Maximum number of iterations has been exceeded.,-1,0.8111825998664088,2.220446049250313e-16,True,w-,10000,False,square,Square,6,2,1.0,-0.33333333333333337,xi+1.000000_eta-0.333333,0.012,-0.004000000000000001,0.060000000000000005,Conventional,C,6,530119265,square|xi+1.000000_eta-0.333333|C|r06,cached,207
-5882.545994695229,501.00395415615407,10000,11801,104.5845432809947,False,1,Maximum number of iterations has been exceeded.,1,0.8242331033992502,6.661338147750939e-16,True,w+,10000,False,square,Square,6,2,1.0,-0.33333333333333337,xi+1.000000_eta-0.333333,0.012,-0.004000000000000001,0.060000000000000005,Conventional,C,7,609137663,square|xi+1.000000_eta-0.333333|C|r07,cached,208
-5883.174188222445,489.9647993820475,9443,11211,390.9079807750022,False,2,Desired error not necessarily achieved due to precision loss.,1,0.8597150322749705,4.440892098500626e-16,True,w+,9443,True,square,Square,6,2,1.0,-0.33333333333333337,xi+1.000000_eta-0.333333,0.012,-0.004000000000000001,0.060000000000000005,Conventional,C,8,842360679,square|xi+1.000000_eta-0.333333|C|r08,new,209
-5848.664897817311,500.09269723877446,10000,11810,113.918095249006,False,1,Maximum number of iterations has been exceeded.,-1,0.8380507352428285,0.0,True,w-,10000,False,square,Square,6,2,1.0,-0.33333333333333337,xi+1.000000_eta-0.333333,0.012,-0.004000000000000001,0.060000000000000005,Conventional,C,9,138842377,square|xi+1.000000_eta-0.333333|C|r09,cached,210
-9675.607829448634,524.7498490139938,10000,11836,64.73600001700106,False,1,Maximum number of iterations has been exceeded.,-1,0.7423182929462403,1.1102230246251565e-16,True,w-,10000,False,square,Square,0,3,-1.0,0.0,xi-1.000000_eta+0.000000,-0.012,0.0,0.04,Conventional,C,0,764059595,square|xi-1.000000_eta+0.000000|C|r00,cached,211
-9568.952969389387,488.1147316129459,10000,11906,66.06149947799713,False,1,Maximum number of iterations has been exceeded.,-1,0.5550957711874889,3.3306690738754696e-16,True,w-,10000,False,square,Square,0,3,-1.0,0.0,xi-1.000000_eta+0.000000,-0.012,0.0,0.04,Conventional,C,1,468951694,square|xi-1.000000_eta+0.000000|C|r01,cached,212
-9752.815495575043,524.4990092193145,10000,11749,65.21352931000001,False,1,Maximum number of iterations has been exceeded.,-1,0.7412856745634934,2.220446049250313e-16,True,w-,10000,False,square,Square,0,3,-1.0,0.0,xi-1.000000_eta+0.000000,-0.012,0.0,0.04,Conventional,C,2,242765327,square|xi-1.000000_eta+0.000000|C|r02,cached,213
-9725.06258840057,494.99960544418167,10000,11835,72.52242431899504,False,1,Maximum number of iterations has been exceeded.,1,0.6835834902981558,2.220446049250313e-16,True,w+,10000,False,square,Square,0,3,-1.0,0.0,xi-1.000000_eta+0.000000,-0.012,0.0,0.04,Conventional,C,3,64446972,square|xi-1.000000_eta+0.000000|C|r03,cached,214
-9554.805204136563,530.6369400245586,10000,11847,73.6389388940006,False,1,Maximum number of iterations has been exceeded.,1,0.5628215888234456,1.1102230246251565e-16,True,w+,10000,False,square,Square,0,3,-1.0,0.0,xi-1.000000_eta+0.000000,-0.012,0.0,0.04,Conventional,C,4,352253616,square|xi-1.000000_eta+0.000000|C|r04,cached,215
-9801.206249118723,514.059206654565,10000,11893,71.08039595000446,False,1,Maximum number of iterations has been exceeded.,-1,0.788338198523881,2.220446049250313e-16,True,w-,10000,False,square,Square,0,3,-1.0,0.0,xi-1.000000_eta+0.000000,-0.012,0.0,0.04,Conventional,C,5,751626585,square|xi-1.000000_eta+0.000000|C|r05,cached,216
-9684.366000861779,518.3960679902158,10000,11847,58.430342284998915,False,1,Maximum number of iterations has been exceeded.,1,0.6187988369466688,3.3306690738754696e-16,True,w+,10000,False,square,Square,0,3,-1.0,0.0,xi-1.000000_eta+0.000000,-0.012,0.0,0.04,Conventional,C,6,909168452,square|xi-1.000000_eta+0.000000|C|r06,cached,217
-9770.481891079342,524.2266726873507,10000,11787,59.693145942997944,False,1,Maximum number of iterations has been exceeded.,-1,0.6715783818887093,0.0,True,w-,10000,False,square,Square,0,3,-1.0,0.0,xi-1.000000_eta+0.000000,-0.012,0.0,0.04,Conventional,C,7,683455590,square|xi-1.000000_eta+0.000000|C|r07,cached,218
-9787.930625437208,525.7656821790779,10000,11866,59.95240640199336,False,1,Maximum number of iterations has been exceeded.,1,0.7052337599122965,0.0,True,w+,10000,False,square,Square,0,3,-1.0,0.0,xi-1.000000_eta+0.000000,-0.012,0.0,0.04,Conventional,C,8,35227093,square|xi-1.000000_eta+0.000000|C|r08,cached,219
-9734.014359948127,505.4031136046626,10000,11911,90.29477851499541,False,1,Maximum number of iterations has been exceeded.,-1,0.692614884981028,0.0,True,w-,10000,False,square,Square,0,3,-1.0,0.0,xi-1.000000_eta+0.000000,-0.012,0.0,0.04,Conventional,C,9,630603083,square|xi-1.000000_eta+0.000000|C|r09,cached,220
-8997.59215241997,510.6740309696412,10000,11844,67.68472545700206,False,1,Maximum number of iterations has been exceeded.,1,0.7232574182344491,2.220446049250313e-16,True,w+,10000,False,square,Square,1,3,-0.6666666666666667,0.0,xi-0.666667_eta+0.000000,-0.008000000000000002,0.0,0.043333333333333335,Conventional,C,0,390650795,square|xi-0.666667_eta+0.000000|C|r00,cached,221
-9078.861929168466,522.6575787358234,10000,11814,105.63588146400434,False,1,Maximum number of iterations has been exceeded.,1,0.6943989404132594,1.1102230246251565e-16,True,w+,10000,False,square,Square,1,3,-0.6666666666666667,0.0,xi-0.666667_eta+0.000000,-0.008000000000000002,0.0,0.043333333333333335,Conventional,C,1,792702417,square|xi-0.666667_eta+0.000000|C|r01,cached,222
-9127.238811288,507.42124615904095,10000,11820,73.3493373619931,False,1,Maximum number of iterations has been exceeded.,-1,0.7647733316926806,0.0,True,w-,10000,False,square,Square,1,3,-0.6666666666666667,0.0,xi-0.666667_eta+0.000000,-0.008000000000000002,0.0,0.043333333333333335,Conventional,C,2,93093109,square|xi-0.666667_eta+0.000000|C|r02,cached,223
-9076.952290331705,530.850419096451,10000,11767,189.0419400929968,False,1,Maximum number of iterations has been exceeded.,-1,0.7721504089763275,0.0,True,w-,10000,False,square,Square,1,3,-0.6666666666666667,0.0,xi-0.666667_eta+0.000000,-0.008000000000000002,0.0,0.043333333333333335,Conventional,C,3,429783401,square|xi-0.666667_eta+0.000000|C|r03,cached,224
-9129.014159079617,496.82277514159796,10000,11846,118.29922675900161,False,1,Maximum number of iterations has been exceeded.,1,0.7709458426062887,0.0,True,w+,10000,False,square,Square,1,3,-0.6666666666666667,0.0,xi-0.666667_eta+0.000000,-0.008000000000000002,0.0,0.043333333333333335,Conventional,C,4,321089260,square|xi-0.666667_eta+0.000000|C|r04,cached,225
-8988.079162622395,481.91478536517565,10000,11797,188.99256234700442,False,1,Maximum number of iterations has been exceeded.,-1,0.7030282291890453,4.440892098500626e-16,True,w-,10000,False,square,Square,1,3,-0.6666666666666667,0.0,xi-0.666667_eta+0.000000,-0.008000000000000002,0.0,0.043333333333333335,Conventional,C,5,598430179,square|xi-0.666667_eta+0.000000|C|r05,cached,226
-9146.728904277074,507.61402732237366,10000,11785,169.9106372449969,False,1,Maximum number of iterations has been exceeded.,-1,0.8070561855319117,0.0,True,w-,10000,False,square,Square,1,3,-0.6666666666666667,0.0,xi-0.666667_eta+0.000000,-0.008000000000000002,0.0,0.043333333333333335,Conventional,C,6,639795887,square|xi-0.666667_eta+0.000000|C|r06,cached,227
-9152.185837322428,515.6177403371834,10000,11772,84.44726793000154,False,1,Maximum number of iterations has been exceeded.,1,0.7840883194509441,1.1102230246251565e-16,True,w+,10000,False,square,Square,1,3,-0.6666666666666667,0.0,xi-0.666667_eta+0.000000,-0.008000000000000002,0.0,0.043333333333333335,Conventional,C,7,958212502,square|xi-0.666667_eta+0.000000|C|r07,cached,228
-9101.037345129425,522.5649284638348,10000,11843,82.67511146099423,False,1,Maximum number of iterations has been exceeded.,1,0.7583635756384228,2.220446049250313e-16,True,w+,10000,False,square,Square,1,3,-0.6666666666666667,0.0,xi-0.666667_eta+0.000000,-0.008000000000000002,0.0,0.043333333333333335,Conventional,C,8,152710374,square|xi-0.666667_eta+0.000000|C|r08,cached,229
-9163.41616337874,501.72980479193376,10000,11746,73.32417289899604,False,1,Maximum number of iterations has been exceeded.,-1,0.8117699502540038,3.3306690738754696e-16,True,w-,10000,False,square,Square,1,3,-0.6666666666666667,0.0,xi-0.666667_eta+0.000000,-0.008000000000000002,0.0,0.043333333333333335,Conventional,C,9,905620354,square|xi-0.666667_eta+0.000000|C|r09,cached,230
-8427.714678181814,511.6875720236472,10000,11872,70.39083158400172,False,1,Maximum number of iterations has been exceeded.,1,0.7622662451757838,0.0,True,w+,10000,False,square,Square,2,3,-0.33333333333333337,0.0,xi-0.333333_eta+0.000000,-0.004000000000000001,0.0,0.04666666666666667,Conventional,C,0,340271542,square|xi-0.333333_eta+0.000000|C|r00,cached,231
-8481.19025415998,498.9071166141111,10000,11764,67.9046706980007,False,1,Maximum number of iterations has been exceeded.,1,0.8120141599959979,0.0,True,w+,10000,False,square,Square,2,3,-0.33333333333333337,0.0,xi-0.333333_eta+0.000000,-0.004000000000000001,0.0,0.04666666666666667,Conventional,C,1,659524972,square|xi-0.333333_eta+0.000000|C|r01,cached,232
-8418.661679127561,530.7840714614597,8737,10412,128.14516168700357,False,2,Desired error not necessarily achieved due to precision loss.,-1,0.7466134654959549,3.3306690738754696e-16,True,w-,8737,True,square,Square,2,3,-0.33333333333333337,0.0,xi-0.333333_eta+0.000000,-0.004000000000000001,0.0,0.04666666666666667,Conventional,C,2,980710874,square|xi-0.333333_eta+0.000000|C|r02,new,233
-8380.19189661181,531.643981518267,10000,11800,72.18212489400321,False,1,Maximum number of iterations has been exceeded.,1,0.6236872309695415,0.0,True,w+,10000,False,square,Square,2,3,-0.33333333333333337,0.0,xi-0.333333_eta+0.000000,-0.004000000000000001,0.0,0.04666666666666667,Conventional,C,3,211260967,square|xi-0.333333_eta+0.000000|C|r03,cached,234
-8448.348111593015,516.1282798772107,10000,11734,74.7104917070028,False,1,Maximum number of iterations has been exceeded.,1,0.8222485708274788,2.220446049250313e-16,True,w+,10000,False,square,Square,2,3,-0.33333333333333337,0.0,xi-0.333333_eta+0.000000,-0.004000000000000001,0.0,0.04666666666666667,Conventional,C,4,811518946,square|xi-0.333333_eta+0.000000|C|r04,cached,235
-8467.115714161258,497.07451792325696,10000,11752,63.39857908500562,False,1,Maximum number of iterations has been exceeded.,-1,0.805083878906557,2.220446049250313e-16,True,w-,10000,False,square,Square,2,3,-0.33333333333333337,0.0,xi-0.333333_eta+0.000000,-0.004000000000000001,0.0,0.04666666666666667,Conventional,C,5,404270058,square|xi-0.333333_eta+0.000000|C|r05,cached,236
-8452.994663075835,501.50032611429253,9895,11680,411.5390255050006,False,2,Desired error not necessarily achieved due to precision loss.,-1,0.786097162552153,0.0,True,w-,9895,True,square,Square,2,3,-0.33333333333333337,0.0,xi-0.333333_eta+0.000000,-0.004000000000000001,0.0,0.04666666666666667,Conventional,C,6,475913634,square|xi-0.333333_eta+0.000000|C|r06,new,237
-8500.810792346529,506.51975146636664,7333,8809,304.3746867240043,False,2,Desired error not necessarily achieved due to precision loss.,-1,0.8170756940533448,2.220446049250313e-16,True,w-,7333,True,square,Square,2,3,-0.33333333333333337,0.0,xi-0.333333_eta+0.000000,-0.004000000000000001,0.0,0.04666666666666667,Conventional,C,7,298630594,square|xi-0.333333_eta+0.000000|C|r07,new,238
-8440.092956988046,515.0636078395128,9948,11690,210.76508370100055,False,2,Desired error not necessarily achieved due to precision loss.,-1,0.8179955108766924,0.0,True,w-,9948,True,square,Square,2,3,-0.33333333333333337,0.0,xi-0.333333_eta+0.000000,-0.004000000000000001,0.0,0.04666666666666667,Conventional,C,8,790584365,square|xi-0.333333_eta+0.000000|C|r08,new,239
-8457.022244761247,476.1080677933768,10000,11709,72.90156379000109,False,1,Maximum number of iterations has been exceeded.,-1,0.7764703986432998,0.0,True,w-,10000,False,square,Square,2,3,-0.33333333333333337,0.0,xi-0.333333_eta+0.000000,-0.004000000000000001,0.0,0.04666666666666667,Conventional,C,9,236770905,square|xi-0.333333_eta+0.000000|C|r09,cached,240
-7826.0291251842455,514.2671080187794,8889,10608,63.13683495800069,False,2,Desired error not necessarily achieved due to precision loss.,-1,0.7475297251217411,0.0,True,w-,8889,True,square,Square,3,3,0.0,0.0,xi+0.000000_eta+0.000000,0.0,0.0,0.05,Conventional,C,0,425727192,square|xi+0.000000_eta+0.000000|C|r00,new,241
-7854.769468329882,500.7438700897881,10000,11797,67.04968595700484,False,1,Maximum number of iterations has been exceeded.,1,0.8104980036002315,3.3306690738754696e-16,True,w+,10000,False,square,Square,3,3,0.0,0.0,xi+0.000000_eta+0.000000,0.0,0.0,0.05,Conventional,C,1,764705224,square|xi+0.000000_eta+0.000000|C|r01,cached,242
-7888.947586389794,508.6114634313145,9234,10888,381.4336167959991,False,2,Desired error not necessarily achieved due to precision loss.,1,0.8312844715905845,0.0,True,w+,9234,True,square,Square,3,3,0.0,0.0,xi+0.000000_eta+0.000000,0.0,0.0,0.05,Conventional,C,2,469986874,square|xi+0.000000_eta+0.000000|C|r02,new,243
-7768.065971177024,490.24037023244546,10000,11730,64.51672382899415,False,1,Maximum number of iterations has been exceeded.,1,0.7700644377293034,2.220446049250313e-16,True,w+,10000,False,square,Square,3,3,0.0,0.0,xi+0.000000_eta+0.000000,0.0,0.0,0.05,Conventional,C,3,713854823,square|xi+0.000000_eta+0.000000|C|r03,cached,244
-7792.252353953012,491.4482473043092,10000,11714,61.73489172800328,False,1,Maximum number of iterations has been exceeded.,-1,0.7206519468539113,0.0,True,w-,10000,False,square,Square,3,3,0.0,0.0,xi+0.000000_eta+0.000000,0.0,0.0,0.05,Conventional,C,4,172817509,square|xi+0.000000_eta+0.000000|C|r04,cached,245
-7835.3024779557345,495.3493894215556,10000,11764,79.77921036000043,False,1,Maximum number of iterations has been exceeded.,1,0.8055746764514667,0.0,True,w+,10000,False,square,Square,3,3,0.0,0.0,xi+0.000000_eta+0.000000,0.0,0.0,0.05,Conventional,C,5,991245467,square|xi+0.000000_eta+0.000000|C|r05,cached,246
-7868.867830041129,490.45697553761585,10000,11734,78.0860000429966,False,1,Maximum number of iterations has been exceeded.,1,0.8646119822720635,1.1102230246251565e-16,True,w+,10000,False,square,Square,3,3,0.0,0.0,xi+0.000000_eta+0.000000,0.0,0.0,0.05,Conventional,C,6,693201818,square|xi+0.000000_eta+0.000000|C|r06,cached,247
-7845.595818933275,515.8032338301159,10000,11792,74.3376616569949,False,1,Maximum number of iterations has been exceeded.,-1,0.7911996617772257,0.0,True,w-,10000,False,square,Square,3,3,0.0,0.0,xi+0.000000_eta+0.000000,0.0,0.0,0.05,Conventional,C,7,731661603,square|xi+0.000000_eta+0.000000|C|r07,cached,248
-7854.293143767629,506.4519774305865,10000,11732,104.34967618600058,False,1,Maximum number of iterations has been exceeded.,1,0.831537096313226,4.440892098500626e-16,True,w+,10000,False,square,Square,3,3,0.0,0.0,xi+0.000000_eta+0.000000,0.0,0.0,0.05,Conventional,C,8,681979972,square|xi+0.000000_eta+0.000000|C|r08,cached,249
-7848.536763582208,517.2958165925446,10000,11792,110.60903639400203,False,1,Maximum number of iterations has been exceeded.,-1,0.8586526826348695,0.0,True,w-,10000,False,square,Square,3,3,0.0,0.0,xi+0.000000_eta+0.000000,0.0,0.0,0.05,Conventional,C,9,519693606,square|xi+0.000000_eta+0.000000|C|r09,cached,250
-7298.738102101013,490.4158449679018,10000,11720,129.92939504600508,False,1,Maximum number of iterations has been exceeded.,-1,0.8523130637362156,3.3306690738754696e-16,True,w-,10000,False,square,Square,4,3,0.33333333333333326,0.0,xi+0.333333_eta+0.000000,0.003999999999999999,0.0,0.05333333333333334,Conventional,C,0,793429938,square|xi+0.333333_eta+0.000000|C|r00,cached,251
-7282.71683471675,505.55076450728507,10000,11765,105.97163923799963,False,1,Maximum number of iterations has been exceeded.,-1,0.8545509664886621,0.0,True,w-,10000,False,square,Square,4,3,0.33333333333333326,0.0,xi+0.333333_eta+0.000000,0.003999999999999999,0.0,0.05333333333333334,Conventional,C,1,307229429,square|xi+0.333333_eta+0.000000|C|r01,cached,252
-7287.891150024204,483.5062039320034,10000,11760,120.95800321099523,False,1,Maximum number of iterations has been exceeded.,-1,0.8392456313295316,0.0,True,w-,10000,False,square,Square,4,3,0.33333333333333326,0.0,xi+0.333333_eta+0.000000,0.003999999999999999,0.0,0.05333333333333334,Conventional,C,2,246564208,square|xi+0.333333_eta+0.000000|C|r02,cached,253
-7263.824864134951,515.4041194751159,10000,11809,67.65567025099881,False,1,Maximum number of iterations has been exceeded.,1,0.8227837679962167,2.220446049250313e-16,True,w+,10000,False,square,Square,4,3,0.33333333333333326,0.0,xi+0.333333_eta+0.000000,0.003999999999999999,0.0,0.05333333333333334,Conventional,C,3,558054201,square|xi+0.333333_eta+0.000000|C|r03,cached,254
-7246.52904651028,480.1652865635541,10000,11869,84.019396812997,False,1,Maximum number of iterations has been exceeded.,1,0.7982854722552526,3.3306690738754696e-16,True,w+,10000,False,square,Square,4,3,0.33333333333333326,0.0,xi+0.333333_eta+0.000000,0.003999999999999999,0.0,0.05333333333333334,Conventional,C,4,354363638,square|xi+0.333333_eta+0.000000|C|r04,cached,255
-7280.37455485773,491.66552674122727,8682,10296,348.4060230210016,False,2,Desired error not necessarily achieved due to precision loss.,-1,0.8518220741401187,0.0,True,w-,8682,True,square,Square,4,3,0.33333333333333326,0.0,xi+0.333333_eta+0.000000,0.003999999999999999,0.0,0.05333333333333334,Conventional,C,5,622425645,square|xi+0.333333_eta+0.000000|C|r05,new,256
-7245.017265136068,509.19118864534846,10000,11785,73.96292879999964,False,1,Maximum number of iterations has been exceeded.,-1,0.8225509114401802,0.0,True,w-,10000,False,square,Square,4,3,0.33333333333333326,0.0,xi+0.333333_eta+0.000000,0.003999999999999999,0.0,0.05333333333333334,Conventional,C,6,880810227,square|xi+0.333333_eta+0.000000|C|r06,cached,257
-7277.1298446504325,498.83157954066144,10000,11696,66.41512109400355,False,1,Maximum number of iterations has been exceeded.,1,0.8054929266966874,0.0,True,w+,10000,False,square,Square,4,3,0.33333333333333326,0.0,xi+0.333333_eta+0.000000,0.003999999999999999,0.0,0.05333333333333334,Conventional,C,7,533165284,square|xi+0.333333_eta+0.000000|C|r07,cached,258
-7236.532272379577,487.9138107618478,10000,11836,54.60081205100141,False,1,Maximum number of iterations has been exceeded.,1,0.8050074022505721,0.0,True,w+,10000,False,square,Square,4,3,0.33333333333333326,0.0,xi+0.333333_eta+0.000000,0.003999999999999999,0.0,0.05333333333333334,Conventional,C,8,44989819,square|xi+0.333333_eta+0.000000|C|r08,cached,259
-7255.032938685227,489.49828214911196,10000,11710,65.36763108799641,False,1,Maximum number of iterations has been exceeded.,-1,0.7642155072474979,3.3306690738754696e-16,True,w-,10000,False,square,Square,4,3,0.33333333333333326,0.0,xi+0.333333_eta+0.000000,0.003999999999999999,0.0,0.05333333333333334,Conventional,C,9,284866234,square|xi+0.333333_eta+0.000000|C|r09,cached,260
-6569.802204265433,472.4071494355439,10000,11823,66.88106481700379,False,1,Maximum number of iterations has been exceeded.,-1,0.7466655688314054,2.220446049250313e-16,True,w-,10000,False,square,Square,5,3,0.6666666666666665,0.0,xi+0.666667_eta+0.000000,0.007999999999999998,0.0,0.05666666666666667,Conventional,C,0,142513889,square|xi+0.666667_eta+0.000000|C|r00,cached,261
-6647.5115886077065,496.0993876523888,9909,11769,67.89296727100009,False,2,Desired error not necessarily achieved due to precision loss.,-1,0.8199013855509981,0.0,True,w-,9909,True,square,Square,5,3,0.6666666666666665,0.0,xi+0.666667_eta+0.000000,0.007999999999999998,0.0,0.05666666666666667,Conventional,C,1,218386111,square|xi+0.666667_eta+0.000000|C|r01,new,262
-6611.730829982541,490.5005069275293,10000,11869,64.04259062300116,False,1,Maximum number of iterations has been exceeded.,-1,0.8459249008628972,0.0,True,w-,10000,False,square,Square,5,3,0.6666666666666665,0.0,xi+0.666667_eta+0.000000,0.007999999999999998,0.0,0.05666666666666667,Conventional,C,2,306337040,square|xi+0.666667_eta+0.000000|C|r02,cached,263
-6568.230570990829,500.8928188254152,10000,11750,66.92509157000313,False,1,Maximum number of iterations has been exceeded.,1,0.8460330626619085,2.220446049250313e-16,True,w+,10000,False,square,Square,5,3,0.6666666666666665,0.0,xi+0.666667_eta+0.000000,0.007999999999999998,0.0,0.05666666666666667,Conventional,C,3,269754302,square|xi+0.666667_eta+0.000000|C|r03,cached,264
-6632.094999800742,512.8277023845758,10000,11822,60.18732333400112,False,1,Maximum number of iterations has been exceeded.,-1,0.8517691783448501,0.0,True,w-,10000,False,square,Square,5,3,0.6666666666666665,0.0,xi+0.666667_eta+0.000000,0.007999999999999998,0.0,0.05666666666666667,Conventional,C,4,135617732,square|xi+0.666667_eta+0.000000|C|r04,cached,265
-6614.09524408161,510.1274303121255,10000,11775,73.03863183200156,False,1,Maximum number of iterations has been exceeded.,1,0.8402125494433605,3.3306690738754696e-16,True,w+,10000,False,square,Square,5,3,0.6666666666666665,0.0,xi+0.666667_eta+0.000000,0.007999999999999998,0.0,0.05666666666666667,Conventional,C,5,232528208,square|xi+0.666667_eta+0.000000|C|r05,cached,266
-6624.355846246321,489.09379144845525,9258,11008,70.06900124299864,False,2,Desired error not necessarily achieved due to precision loss.,-1,0.8085658890420312,0.0,True,w-,9258,True,square,Square,5,3,0.6666666666666665,0.0,xi+0.666667_eta+0.000000,0.007999999999999998,0.0,0.05666666666666667,Conventional,C,6,702364755,square|xi+0.666667_eta+0.000000|C|r06,new,267
-6635.319329513031,481.5648191968485,8985,10651,416.60831522999797,False,2,Desired error not necessarily achieved due to precision loss.,1,0.8199728007721903,0.0,True,w+,8985,True,square,Square,5,3,0.6666666666666665,0.0,xi+0.666667_eta+0.000000,0.007999999999999998,0.0,0.05666666666666667,Conventional,C,7,338327404,square|xi+0.666667_eta+0.000000|C|r07,new,268
-6599.019862397165,496.2345030738787,10000,11878,72.17709939199995,False,1,Maximum number of iterations has been exceeded.,1,0.7476545736979717,3.3306690738754696e-16,True,w+,10000,False,square,Square,5,3,0.6666666666666665,0.0,xi+0.666667_eta+0.000000,0.007999999999999998,0.0,0.05666666666666667,Conventional,C,8,383126130,square|xi+0.666667_eta+0.000000|C|r08,cached,269
-6612.703466448974,503.9313634542025,10000,11754,73.05688966099842,False,1,Maximum number of iterations has been exceeded.,1,0.8570499130391163,2.220446049250313e-16,True,w+,10000,False,square,Square,5,3,0.6666666666666665,0.0,xi+0.666667_eta+0.000000,0.007999999999999998,0.0,0.05666666666666667,Conventional,C,9,848105346,square|xi+0.666667_eta+0.000000|C|r09,cached,270
-5912.413473283159,479.49910760769956,10000,11805,70.94099971299875,False,1,Maximum number of iterations has been exceeded.,-1,0.8049280250553841,1.1102230246251565e-16,True,w-,10000,False,square,Square,6,3,1.0,0.0,xi+1.000000_eta+0.000000,0.012,0.0,0.060000000000000005,Conventional,C,0,835176910,square|xi+1.000000_eta+0.000000|C|r00,cached,271
-5946.345960973753,495.9950912185207,9917,11711,69.22530317199562,False,2,Desired error not necessarily achieved due to precision loss.,-1,0.8685018790249012,3.3306690738754696e-16,True,w-,9917,True,square,Square,6,3,1.0,0.0,xi+1.000000_eta+0.000000,0.012,0.0,0.060000000000000005,Conventional,C,1,103867417,square|xi+1.000000_eta+0.000000|C|r01,new,272
-5902.134418161014,508.1074889252338,10000,11805,60.26023541599716,False,1,Maximum number of iterations has been exceeded.,1,0.8339377712507824,0.0,True,w+,10000,False,square,Square,6,3,1.0,0.0,xi+1.000000_eta+0.000000,0.012,0.0,0.060000000000000005,Conventional,C,2,521966378,square|xi+1.000000_eta+0.000000|C|r02,cached,273
-5927.860496331903,485.5566026500629,9963,11840,358.7950780780011,False,2,Desired error not necessarily achieved due to precision loss.,1,0.8541015770961802,2.220446049250313e-16,True,w+,9963,True,square,Square,6,3,1.0,0.0,xi+1.000000_eta+0.000000,0.012,0.0,0.060000000000000005,Conventional,C,3,184928720,square|xi+1.000000_eta+0.000000|C|r03,new,274
-5931.6756738250115,487.504673050707,10000,11907,66.13487063500361,False,1,Maximum number of iterations has been exceeded.,-1,0.8238922709507942,2.220446049250313e-16,True,w-,10000,False,square,Square,6,3,1.0,0.0,xi+1.000000_eta+0.000000,0.012,0.0,0.060000000000000005,Conventional,C,4,127145948,square|xi+1.000000_eta+0.000000|C|r04,cached,275
-5907.795777877145,482.01465333991877,10000,11728,66.75633147799817,False,1,Maximum number of iterations has been exceeded.,-1,0.8473883175045098,3.3306690738754696e-16,True,w-,10000,False,square,Square,6,3,1.0,0.0,xi+1.000000_eta+0.000000,0.012,0.0,0.060000000000000005,Conventional,C,5,197332212,square|xi+1.000000_eta+0.000000|C|r05,cached,276
-5938.1053574255375,507.12756384434743,10000,11861,66.53650779800228,False,1,Maximum number of iterations has been exceeded.,-1,0.8671179816658141,2.220446049250313e-16,True,w-,10000,False,square,Square,6,3,1.0,0.0,xi+1.000000_eta+0.000000,0.012,0.0,0.060000000000000005,Conventional,C,6,930995516,square|xi+1.000000_eta+0.000000|C|r06,cached,277
-5892.917208895519,486.7629693943063,10000,11743,67.83708073000162,False,1,Maximum number of iterations has been exceeded.,-1,0.8192043216707559,0.0,True,w-,10000,False,square,Square,6,3,1.0,0.0,xi+1.000000_eta+0.000000,0.012,0.0,0.060000000000000005,Conventional,C,7,775236730,square|xi+1.000000_eta+0.000000|C|r07,cached,278
-5923.109344588174,491.7882283671567,10000,11764,65.9146301159999,False,1,Maximum number of iterations has been exceeded.,1,0.8543041753408326,3.3306690738754696e-16,True,w+,10000,False,square,Square,6,3,1.0,0.0,xi+1.000000_eta+0.000000,0.012,0.0,0.060000000000000005,Conventional,C,8,664480377,square|xi+1.000000_eta+0.000000|C|r08,cached,279
-5882.655141526666,465.38022511146704,10000,11824,66.1253471730015,False,1,Maximum number of iterations has been exceeded.,1,0.8603125927687014,0.0,True,w+,10000,False,square,Square,6,3,1.0,0.0,xi+1.000000_eta+0.000000,0.012,0.0,0.060000000000000005,Conventional,C,9,834407080,square|xi+1.000000_eta+0.000000|C|r09,cached,280
-9731.344942743153,539.4594953162403,10000,11842,57.22922679800104,False,1,Maximum number of iterations has been exceeded.,-1,0.5504278564339683,3.3306690738754696e-16,True,w-,10000,False,square,Square,0,4,-1.0,0.33333333333333326,xi-1.000000_eta+0.333333,-0.012,0.003999999999999999,0.04,Conventional,C,0,875496883,square|xi-1.000000_eta+0.333333|C|r00,cached,281
-9532.30630167119,545.7886355039955,10000,11904,57.486802143001114,False,1,Maximum number of iterations has been exceeded.,-1,0.6679961322545684,0.0,True,w-,10000,False,square,Square,0,4,-1.0,0.33333333333333326,xi-1.000000_eta+0.333333,-0.012,0.003999999999999999,0.04,Conventional,C,1,822305690,square|xi-1.000000_eta+0.333333|C|r01,cached,282
-9743.0339188948,491.5582910856443,10000,11874,64.06042999099736,False,1,Maximum number of iterations has been exceeded.,1,0.740517364052766,1.1102230246251565e-16,True,w+,10000,False,square,Square,0,4,-1.0,0.33333333333333326,xi-1.000000_eta+0.333333,-0.012,0.003999999999999999,0.04,Conventional,C,2,351514133,square|xi-1.000000_eta+0.333333|C|r02,cached,283
-9797.886476866344,508.1770594533682,8502,10185,389.67387226099527,False,2,Desired error not necessarily achieved due to precision loss.,1,0.7840065640071386,3.3306690738754696e-16,True,w+,8502,True,square,Square,0,4,-1.0,0.33333333333333326,xi-1.000000_eta+0.333333,-0.012,0.003999999999999999,0.04,Conventional,C,3,998003505,square|xi-1.000000_eta+0.333333|C|r03,new,284
-9701.612281980735,536.2291534477957,10000,11773,70.84772349299601,False,1,Maximum number of iterations has been exceeded.,-1,0.5515600946663708,0.0,True,w-,10000,False,square,Square,0,4,-1.0,0.33333333333333326,xi-1.000000_eta+0.333333,-0.012,0.003999999999999999,0.04,Conventional,C,4,455859986,square|xi-1.000000_eta+0.333333|C|r04,cached,285
-9721.384180804755,497.1606249106877,10000,11889,71.50947217000066,False,1,Maximum number of iterations has been exceeded.,-1,0.733762862513069,0.0,True,w-,10000,False,square,Square,0,4,-1.0,0.33333333333333326,xi-1.000000_eta+0.333333,-0.012,0.003999999999999999,0.04,Conventional,C,5,21963612,square|xi-1.000000_eta+0.333333|C|r05,cached,286
-9704.613451670999,504.43274979048334,10000,11803,69.6240560169972,False,1,Maximum number of iterations has been exceeded.,-1,0.6603657436554768,2.220446049250313e-16,True,w-,10000,False,square,Square,0,4,-1.0,0.33333333333333326,xi-1.000000_eta+0.333333,-0.012,0.003999999999999999,0.04,Conventional,C,6,611165690,square|xi-1.000000_eta+0.333333|C|r06,cached,287
-9720.24366862698,532.6096577808518,10000,11865,60.89709150099952,False,1,Maximum number of iterations has been exceeded.,1,0.7668947140111516,1.1102230246251565e-16,True,w+,10000,False,square,Square,0,4,-1.0,0.33333333333333326,xi-1.000000_eta+0.333333,-0.012,0.003999999999999999,0.04,Conventional,C,7,167561180,square|xi-1.000000_eta+0.333333|C|r07,cached,288
-9790.733136148941,508.96728971829816,8573,10264,63.97186480899836,False,2,Desired error not necessarily achieved due to precision loss.,-1,0.697773668947329,0.0,True,w-,8573,True,square,Square,0,4,-1.0,0.33333333333333326,xi-1.000000_eta+0.333333,-0.012,0.003999999999999999,0.04,Conventional,C,8,954199456,square|xi-1.000000_eta+0.333333|C|r08,new,289
-9782.052043767208,515.7510997107638,10000,11795,76.09549279500061,False,1,Maximum number of iterations has been exceeded.,-1,0.6740160406259786,2.220446049250313e-16,True,w-,10000,False,square,Square,0,4,-1.0,0.33333333333333326,xi-1.000000_eta+0.333333,-0.012,0.003999999999999999,0.04,Conventional,C,9,975883615,square|xi-1.000000_eta+0.333333|C|r09,cached,290
-9051.875630768303,504.6678817557793,10000,11780,75.61340328500228,False,1,Maximum number of iterations has been exceeded.,-1,0.8104093432172689,3.3306690738754696e-16,True,w-,10000,False,square,Square,1,4,-0.6666666666666667,0.33333333333333326,xi-0.666667_eta+0.333333,-0.008000000000000002,0.003999999999999999,0.043333333333333335,Conventional,C,0,646235620,square|xi-0.666667_eta+0.333333|C|r00,cached,291
-9088.91105346797,529.7182091897331,8788,10462,398.78748970099696,False,2,Desired error not necessarily achieved due to precision loss.,1,0.7301714196690446,0.0,True,w+,8788,True,square,Square,1,4,-0.6666666666666667,0.33333333333333326,xi-0.666667_eta+0.333333,-0.008000000000000002,0.003999999999999999,0.043333333333333335,Conventional,C,1,577929184,square|xi-0.666667_eta+0.333333|C|r01,new,292
-9023.459983193965,510.7065511914773,10000,11835,61.36966991699592,False,1,Maximum number of iterations has been exceeded.,1,0.7231294518709268,2.220446049250313e-16,True,w+,10000,False,square,Square,1,4,-0.6666666666666667,0.33333333333333326,xi-0.666667_eta+0.333333,-0.008000000000000002,0.003999999999999999,0.043333333333333335,Conventional,C,2,626611206,square|xi-0.666667_eta+0.333333|C|r02,cached,293
-9054.19722517724,510.28766952956113,10000,11716,73.31902658499894,False,1,Maximum number of iterations has been exceeded.,-1,0.8210339706482804,1.1102230246251565e-16,True,w-,10000,False,square,Square,1,4,-0.6666666666666667,0.33333333333333326,xi-0.666667_eta+0.333333,-0.008000000000000002,0.003999999999999999,0.043333333333333335,Conventional,C,3,812856755,square|xi-0.666667_eta+0.333333|C|r03,cached,294
-9076.097340813873,527.2669691889961,9918,11801,71.00722827199934,False,2,Desired error not necessarily achieved due to precision loss.,1,0.7381556596525948,0.0,True,w+,9918,True,square,Square,1,4,-0.6666666666666667,0.33333333333333326,xi-0.666667_eta+0.333333,-0.008000000000000002,0.003999999999999999,0.043333333333333335,Conventional,C,4,47138200,square|xi-0.666667_eta+0.333333|C|r04,new,295
-9068.41374722598,505.08375895745314,9660,11464,337.9357385850017,False,2,Desired error not necessarily achieved due to precision loss.,-1,0.7813770211051515,2.220446049250313e-16,True,w-,9660,True,square,Square,1,4,-0.6666666666666667,0.33333333333333326,xi-0.666667_eta+0.333333,-0.008000000000000002,0.003999999999999999,0.043333333333333335,Conventional,C,5,201638251,square|xi-0.666667_eta+0.333333|C|r05,new,296
-9093.781207782487,512.9253772242794,10000,11794,62.70118469600129,False,1,Maximum number of iterations has been exceeded.,1,0.7492701132021158,0.0,True,w+,10000,False,square,Square,1,4,-0.6666666666666667,0.33333333333333326,xi-0.666667_eta+0.333333,-0.008000000000000002,0.003999999999999999,0.043333333333333335,Conventional,C,6,682546510,square|xi-0.666667_eta+0.333333|C|r06,cached,297
-9078.169265570923,508.74800578236227,10000,11758,98.00559225499455,False,1,Maximum number of iterations has been exceeded.,1,0.7402793574880275,0.0,True,w+,10000,False,square,Square,1,4,-0.6666666666666667,0.33333333333333326,xi-0.666667_eta+0.333333,-0.008000000000000002,0.003999999999999999,0.043333333333333335,Conventional,C,7,37766136,square|xi-0.666667_eta+0.333333|C|r07,cached,298
-8998.705648234283,505.0201524783884,10000,11755,97.95862821499759,False,1,Maximum number of iterations has been exceeded.,-1,0.7721334240290327,0.0,True,w-,10000,False,square,Square,1,4,-0.6666666666666667,0.33333333333333326,xi-0.666667_eta+0.333333,-0.008000000000000002,0.003999999999999999,0.043333333333333335,Conventional,C,8,922886920,square|xi-0.666667_eta+0.333333|C|r08,cached,299
-9029.853788365328,509.76496244189366,10000,11891,134.3471217930055,False,1,Maximum number of iterations has been exceeded.,-1,0.7140840104298958,2.220446049250313e-16,True,w-,10000,False,square,Square,1,4,-0.6666666666666667,0.33333333333333326,xi-0.666667_eta+0.333333,-0.008000000000000002,0.003999999999999999,0.043333333333333335,Conventional,C,9,832027856,square|xi-0.666667_eta+0.333333|C|r09,cached,300
-8426.344593689404,496.1289796041129,10000,11771,312.18184626699804,False,1,Maximum number of iterations has been exceeded.,-1,0.719456834585379,0.0,True,w-,10000,False,square,Square,2,4,-0.33333333333333337,0.33333333333333326,xi-0.333333_eta+0.333333,-0.004000000000000001,0.003999999999999999,0.04666666666666667,Conventional,C,0,542982180,square|xi-0.333333_eta+0.333333|C|r00,cached,301
-8468.458788179414,491.5081466702597,10000,11751,119.25409561400011,False,1,Maximum number of iterations has been exceeded.,1,0.7740883186528047,2.220446049250313e-16,True,w+,10000,False,square,Square,2,4,-0.33333333333333337,0.33333333333333326,xi-0.333333_eta+0.333333,-0.004000000000000001,0.003999999999999999,0.04666666666666667,Conventional,C,1,91922805,square|xi-0.333333_eta+0.333333|C|r01,cached,302
-8465.95246167337,513.5585812508377,10000,11740,313.28372547600156,False,1,Maximum number of iterations has been exceeded.,-1,0.7946634633088803,3.3306690738754696e-16,True,w-,10000,False,square,Square,2,4,-0.33333333333333337,0.33333333333333326,xi-0.333333_eta+0.333333,-0.004000000000000001,0.003999999999999999,0.04666666666666667,Conventional,C,2,966532667,square|xi-0.333333_eta+0.333333|C|r02,cached,303
-8471.125131195897,477.3810873909213,10000,11784,166.17312199400476,False,1,Maximum number of iterations has been exceeded.,-1,0.8229156285043355,0.0,True,w-,10000,False,square,Square,2,4,-0.33333333333333337,0.33333333333333326,xi-0.333333_eta+0.333333,-0.004000000000000001,0.003999999999999999,0.04666666666666667,Conventional,C,3,601255829,square|xi-0.333333_eta+0.333333|C|r03,cached,304
-8388.559168874397,479.39686583722187,10000,11795,290.0693077820033,False,1,Maximum number of iterations has been exceeded.,1,0.8302346570829376,0.0,True,w+,10000,False,square,Square,2,4,-0.33333333333333337,0.33333333333333326,xi-0.333333_eta+0.333333,-0.004000000000000001,0.003999999999999999,0.04666666666666667,Conventional,C,4,696801375,square|xi-0.333333_eta+0.333333|C|r04,cached,305
-8476.184170737159,506.38174268679086,9258,11026,310.0347427320012,False,2,Desired error not necessarily achieved due to precision loss.,1,0.7580623335078847,2.220446049250313e-16,True,w+,9258,True,square,Square,2,4,-0.33333333333333337,0.33333333333333326,xi-0.333333_eta+0.333333,-0.004000000000000001,0.003999999999999999,0.04666666666666667,Conventional,C,5,60802521,square|xi-0.333333_eta+0.333333|C|r05,new,306
-8402.826148411712,516.6448447400156,10000,11805,67.48641682999732,False,1,Maximum number of iterations has been exceeded.,-1,0.7589555746096084,3.3306690738754696e-16,True,w-,10000,False,square,Square,2,4,-0.33333333333333337,0.33333333333333326,xi-0.333333_eta+0.333333,-0.004000000000000001,0.003999999999999999,0.04666666666666667,Conventional,C,6,535229974,square|xi-0.333333_eta+0.333333|C|r06,cached,307
-8379.081088687339,515.9426715901965,10000,11819,271.699677937002,False,1,Maximum number of iterations has been exceeded.,1,0.7794907086941759,2.220446049250313e-16,True,w+,10000,False,square,Square,2,4,-0.33333333333333337,0.33333333333333326,xi-0.333333_eta+0.333333,-0.004000000000000001,0.003999999999999999,0.04666666666666667,Conventional,C,7,868646844,square|xi-0.333333_eta+0.333333|C|r07,cached,308
-8469.618938445756,498.3059326330847,9849,11591,224.2483094049967,False,2,Desired error not necessarily achieved due to precision loss.,1,0.7368145438334006,0.0,True,w+,9849,True,square,Square,2,4,-0.33333333333333337,0.33333333333333326,xi-0.333333_eta+0.333333,-0.004000000000000001,0.003999999999999999,0.04666666666666667,Conventional,C,8,641932754,square|xi-0.333333_eta+0.333333|C|r08,new,309
-8469.623893941643,537.754539650066,10000,11709,73.60596285900101,False,1,Maximum number of iterations has been exceeded.,1,0.7624765684788066,2.220446049250313e-16,True,w+,10000,False,square,Square,2,4,-0.33333333333333337,0.33333333333333326,xi-0.333333_eta+0.333333,-0.004000000000000001,0.003999999999999999,0.04666666666666667,Conventional,C,9,266782181,square|xi-0.333333_eta+0.333333|C|r09,cached,310
-7827.502704873309,483.6575996175024,10000,11787,378.48302268899715,False,1,Maximum number of iterations has been exceeded.,-1,0.7534102716007222,0.0,True,w-,10000,False,square,Square,3,4,0.0,0.33333333333333326,xi+0.000000_eta+0.333333,0.0,0.003999999999999999,0.05,Conventional,C,0,60905761,square|xi+0.000000_eta+0.333333|C|r00,cached,311
-7833.397308377794,517.4272606846126,10000,11676,63.955752876005135,False,1,Maximum number of iterations has been exceeded.,1,0.7508204631524842,1.1102230246251565e-16,True,w+,10000,False,square,Square,3,4,0.0,0.33333333333333326,xi+0.000000_eta+0.333333,0.0,0.003999999999999999,0.05,Conventional,C,1,256884953,square|xi+0.000000_eta+0.333333|C|r01,cached,312
-7868.134282604705,506.8726127170189,10000,11799,240.55911552799807,False,1,Maximum number of iterations has been exceeded.,1,0.8289626793937757,3.3306690738754696e-16,True,w+,10000,False,square,Square,3,4,0.0,0.33333333333333326,xi+0.000000_eta+0.333333,0.0,0.003999999999999999,0.05,Conventional,C,2,108758755,square|xi+0.000000_eta+0.333333|C|r02,cached,313
-7765.823444683053,518.8029574728007,10000,11879,61.18509168900346,False,1,Maximum number of iterations has been exceeded.,1,0.8482231424171991,0.0,True,w+,10000,False,square,Square,3,4,0.0,0.33333333333333326,xi+0.000000_eta+0.333333,0.0,0.003999999999999999,0.05,Conventional,C,3,45814754,square|xi+0.000000_eta+0.333333|C|r03,cached,314
-7874.645130931818,517.5927913815822,9900,11725,79.62273341800028,False,2,Desired error not necessarily achieved due to precision loss.,-1,0.8225032180556912,2.220446049250313e-16,True,w-,9900,True,square,Square,3,4,0.0,0.33333333333333326,xi+0.000000_eta+0.333333,0.0,0.003999999999999999,0.05,Conventional,C,4,647930278,square|xi+0.000000_eta+0.333333|C|r04,new,315
-7824.501724460996,522.676798862322,9749,11499,89.15815508200467,False,2,Desired error not necessarily achieved due to precision loss.,1,0.729710318403226,1.1102230246251565e-16,True,w+,9749,True,square,Square,3,4,0.0,0.33333333333333326,xi+0.000000_eta+0.333333,0.0,0.003999999999999999,0.05,Conventional,C,5,640300833,square|xi+0.000000_eta+0.333333|C|r05,new,316
-7880.657538772267,512.1547157427017,8937,10595,172.04994426799385,False,2,Desired error not necessarily achieved due to precision loss.,-1,0.8274595473555121,0.0,True,w-,8937,True,square,Square,3,4,0.0,0.33333333333333326,xi+0.000000_eta+0.333333,0.0,0.003999999999999999,0.05,Conventional,C,6,791971357,square|xi+0.000000_eta+0.333333|C|r06,new,317
-7845.183818220933,500.78528050687856,10000,11812,327.4179598769988,False,1,Maximum number of iterations has been exceeded.,1,0.8326002297396855,2.220446049250313e-16,True,w+,10000,False,square,Square,3,4,0.0,0.33333333333333326,xi+0.000000_eta+0.333333,0.0,0.003999999999999999,0.05,Conventional,C,7,872811461,square|xi+0.000000_eta+0.333333|C|r07,cached,318
-7822.571674340486,513.1549162066011,10000,11680,205.386918340002,False,1,Maximum number of iterations has been exceeded.,-1,0.7713902889154498,1.1102230246251565e-16,True,w-,10000,False,square,Square,3,4,0.0,0.33333333333333326,xi+0.000000_eta+0.333333,0.0,0.003999999999999999,0.05,Conventional,C,8,709845808,square|xi+0.000000_eta+0.333333|C|r08,cached,319
-7875.922005632259,494.14542827137785,9607,11310,81.94536213300307,False,2,Desired error not necessarily achieved due to precision loss.,1,0.8207212169541398,1.1102230246251565e-16,True,w+,9607,True,square,Square,3,4,0.0,0.33333333333333326,xi+0.000000_eta+0.333333,0.0,0.003999999999999999,0.05,Conventional,C,9,414343826,square|xi+0.000000_eta+0.333333|C|r09,new,320
-7231.518724195825,492.15332137403965,10000,11827,239.52340315399488,False,1,Maximum number of iterations has been exceeded.,-1,0.8397790174691254,2.220446049250313e-16,True,w-,10000,False,square,Square,4,4,0.33333333333333326,0.33333333333333326,xi+0.333333_eta+0.333333,0.003999999999999999,0.003999999999999999,0.05333333333333334,Conventional,C,0,459181515,square|xi+0.333333_eta+0.333333|C|r00,cached,321
-7239.701448531196,504.02881298711804,9497,11194,149.34353640399786,False,2,Desired error not necessarily achieved due to precision loss.,1,0.7603331240306735,2.220446049250313e-16,True,w+,9497,True,square,Square,4,4,0.33333333333333326,0.33333333333333326,xi+0.333333_eta+0.333333,0.003999999999999999,0.003999999999999999,0.05333333333333334,Conventional,C,1,496164531,square|xi+0.333333_eta+0.333333|C|r01,new,322
-7188.904249162871,509.6743500206917,10000,11721,109.0231376649972,False,1,Maximum number of iterations has been exceeded.,1,0.8284165501092365,2.220446049250313e-16,True,w+,10000,False,square,Square,4,4,0.33333333333333326,0.33333333333333326,xi+0.333333_eta+0.333333,0.003999999999999999,0.003999999999999999,0.05333333333333334,Conventional,C,2,278756024,square|xi+0.333333_eta+0.333333|C|r02,cached,323
-7200.247078358233,485.72792261593634,9503,11268,145.60945977699885,False,2,Desired error not necessarily achieved due to precision loss.,-1,0.793049629657971,2.220446049250313e-16,True,w-,9503,True,square,Square,4,4,0.33333333333333326,0.33333333333333326,xi+0.333333_eta+0.333333,0.003999999999999999,0.003999999999999999,0.05333333333333334,Conventional,C,3,671822044,square|xi+0.333333_eta+0.333333|C|r03,new,324
-7245.162220323124,495.4815829047484,10000,11790,170.45755780699983,False,1,Maximum number of iterations has been exceeded.,-1,0.8363834956551859,0.0,True,w-,10000,False,square,Square,4,4,0.33333333333333326,0.33333333333333326,xi+0.333333_eta+0.333333,0.003999999999999999,0.003999999999999999,0.05333333333333334,Conventional,C,4,212641039,square|xi+0.333333_eta+0.333333|C|r04,cached,325
-7249.3701570497215,476.3930872537373,9325,11106,63.27207219900447,False,2,Desired error not necessarily achieved due to precision loss.,1,0.8084462996944128,0.0,True,w+,9325,True,square,Square,4,4,0.33333333333333326,0.33333333333333326,xi+0.333333_eta+0.333333,0.003999999999999999,0.003999999999999999,0.05333333333333334,Conventional,C,5,748236793,square|xi+0.333333_eta+0.333333|C|r05,new,326
-7207.83437414033,516.2668144429115,10000,11829,132.7614651450058,False,1,Maximum number of iterations has been exceeded.,1,0.775971250488592,3.3306690738754696e-16,True,w+,10000,False,square,Square,4,4,0.33333333333333326,0.33333333333333326,xi+0.333333_eta+0.333333,0.003999999999999999,0.003999999999999999,0.05333333333333334,Conventional,C,6,56393559,square|xi+0.333333_eta+0.333333|C|r06,cached,327
-7203.955179287139,522.1233094330687,10000,11767,78.84746944500512,False,1,Maximum number of iterations has been exceeded.,-1,0.7185434140654998,0.0,True,w-,10000,False,square,Square,4,4,0.33333333333333326,0.33333333333333326,xi+0.333333_eta+0.333333,0.003999999999999999,0.003999999999999999,0.05333333333333334,Conventional,C,7,769365543,square|xi+0.333333_eta+0.333333|C|r07,cached,328
-7216.697848771458,521.4246363621303,10000,11781,64.13262345399562,False,1,Maximum number of iterations has been exceeded.,1,0.8440311470548413,1.1102230246251565e-16,True,w+,10000,False,square,Square,4,4,0.33333333333333326,0.33333333333333326,xi+0.333333_eta+0.333333,0.003999999999999999,0.003999999999999999,0.05333333333333334,Conventional,C,8,279721028,square|xi+0.333333_eta+0.333333|C|r08,cached,329
-7252.270481966884,495.56431650134994,10000,11688,63.92433166800038,False,1,Maximum number of iterations has been exceeded.,-1,0.8359781253404098,0.0,True,w-,10000,False,square,Square,4,4,0.33333333333333326,0.33333333333333326,xi+0.333333_eta+0.333333,0.003999999999999999,0.003999999999999999,0.05333333333333334,Conventional,C,9,32448139,square|xi+0.333333_eta+0.333333|C|r09,cached,330
-6602.756651224576,494.1214120626043,10000,11693,74.42814372800058,False,1,Maximum number of iterations has been exceeded.,-1,0.8627630346806909,0.0,True,w-,10000,False,square,Square,5,4,0.6666666666666665,0.33333333333333326,xi+0.666667_eta+0.333333,0.007999999999999998,0.003999999999999999,0.05666666666666667,Conventional,C,0,280135572,square|xi+0.666667_eta+0.333333|C|r00,cached,331
-6565.281683588113,485.76547533304375,10000,11818,74.613058652998,False,1,Maximum number of iterations has been exceeded.,1,0.8160513969394204,0.0,True,w+,10000,False,square,Square,5,4,0.6666666666666665,0.33333333333333326,xi+0.666667_eta+0.333333,0.007999999999999998,0.003999999999999999,0.05666666666666667,Conventional,C,1,259787182,square|xi+0.666667_eta+0.333333|C|r01,cached,332
-6559.843479718829,493.42791861163994,10000,11810,62.21871145199839,False,1,Maximum number of iterations has been exceeded.,-1,0.8151642651901342,2.220446049250313e-16,True,w-,10000,False,square,Square,5,4,0.6666666666666665,0.33333333333333326,xi+0.666667_eta+0.333333,0.007999999999999998,0.003999999999999999,0.05666666666666667,Conventional,C,2,888232310,square|xi+0.666667_eta+0.333333|C|r02,cached,333
-6562.515156231921,493.19340278680096,10000,11820,77.32993368900497,False,1,Maximum number of iterations has been exceeded.,-1,0.8085784951682947,1.1102230246251565e-16,True,w-,10000,False,square,Square,5,4,0.6666666666666665,0.33333333333333326,xi+0.666667_eta+0.333333,0.007999999999999998,0.003999999999999999,0.05666666666666667,Conventional,C,3,420830062,square|xi+0.666667_eta+0.333333|C|r03,cached,334
-6611.6136142089545,489.2718464682721,9254,11032,77.17002814299485,False,2,Desired error not necessarily achieved due to precision loss.,-1,0.8664251626032252,1.1102230246251565e-16,True,w-,9254,True,square,Square,5,4,0.6666666666666665,0.33333333333333326,xi+0.666667_eta+0.333333,0.007999999999999998,0.003999999999999999,0.05666666666666667,Conventional,C,4,798400508,square|xi+0.666667_eta+0.333333|C|r04,new,335
-6544.972636091987,513.773031840901,10000,11834,74.3203387379981,False,1,Maximum number of iterations has been exceeded.,1,0.7692067672921751,3.3306690738754696e-16,True,w+,10000,False,square,Square,5,4,0.6666666666666665,0.33333333333333326,xi+0.666667_eta+0.333333,0.007999999999999998,0.003999999999999999,0.05666666666666667,Conventional,C,5,720211804,square|xi+0.666667_eta+0.333333|C|r05,cached,336
-6537.000885016083,510.58431659049546,8708,10433,72.52696667499549,False,2,Desired error not necessarily achieved due to precision loss.,1,0.7493398004157794,0.0,True,w+,8708,True,square,Square,5,4,0.6666666666666665,0.33333333333333326,xi+0.666667_eta+0.333333,0.007999999999999998,0.003999999999999999,0.05666666666666667,Conventional,C,6,283334618,square|xi+0.666667_eta+0.333333|C|r06,new,337
-6538.198971414698,488.8323573303619,10000,11749,58.842550328998186,False,1,Maximum number of iterations has been exceeded.,1,0.7598506570841512,4.440892098500626e-16,True,w+,10000,False,square,Square,5,4,0.6666666666666665,0.33333333333333326,xi+0.666667_eta+0.333333,0.007999999999999998,0.003999999999999999,0.05666666666666667,Conventional,C,7,429430749,square|xi+0.666667_eta+0.333333|C|r07,cached,338
-6546.889436109547,499.0558495829521,10000,11813,71.2231048859976,False,1,Maximum number of iterations has been exceeded.,1,0.8292931420342905,3.3306690738754696e-16,True,w+,10000,False,square,Square,5,4,0.6666666666666665,0.33333333333333326,xi+0.666667_eta+0.333333,0.007999999999999998,0.003999999999999999,0.05666666666666667,Conventional,C,8,441235142,square|xi+0.666667_eta+0.333333|C|r08,cached,339
-6558.22396319788,500.4019223348155,10000,11899,59.62151271499897,False,1,Maximum number of iterations has been exceeded.,-1,0.7929253613428983,0.0,True,w-,10000,False,square,Square,5,4,0.6666666666666665,0.33333333333333326,xi+0.666667_eta+0.333333,0.007999999999999998,0.003999999999999999,0.05666666666666667,Conventional,C,9,753874803,square|xi+0.666667_eta+0.333333|C|r09,cached,340
-5870.797509493827,490.17109664964937,8655,10404,68.66975399399962,False,2,Desired error not necessarily achieved due to precision loss.,1,0.8094273145077663,0.0,True,w+,8655,True,square,Square,6,4,1.0,0.33333333333333326,xi+1.000000_eta+0.333333,0.012,0.003999999999999999,0.060000000000000005,Conventional,C,0,250674150,square|xi+1.000000_eta+0.333333|C|r00,new,341
-5895.516698801607,494.9904947650022,10000,11814,70.25281293399894,False,1,Maximum number of iterations has been exceeded.,-1,0.8175147556166041,3.3306690738754696e-16,True,w-,10000,False,square,Square,6,4,1.0,0.33333333333333326,xi+1.000000_eta+0.333333,0.012,0.003999999999999999,0.060000000000000005,Conventional,C,1,399186593,square|xi+1.000000_eta+0.333333|C|r01,cached,342
-5872.742160943952,494.2829044746675,10000,11873,69.53480578799645,False,1,Maximum number of iterations has been exceeded.,-1,0.8558861595820529,0.0,True,w-,10000,False,square,Square,6,4,1.0,0.33333333333333326,xi+1.000000_eta+0.333333,0.012,0.003999999999999999,0.060000000000000005,Conventional,C,2,423773904,square|xi+1.000000_eta+0.333333|C|r02,cached,343
-5865.811287510106,503.2581335045272,10000,11832,82.59674281299522,False,1,Maximum number of iterations has been exceeded.,-1,0.8570606908356739,3.3306690738754696e-16,True,w-,10000,False,square,Square,6,4,1.0,0.33333333333333326,xi+1.000000_eta+0.333333,0.012,0.003999999999999999,0.060000000000000005,Conventional,C,3,338682661,square|xi+1.000000_eta+0.333333|C|r03,cached,344
-5865.41441351911,499.68526809371104,9289,11067,77.20407452800282,False,2,Desired error not necessarily achieved due to precision loss.,1,0.7725988850473977,0.0,True,w+,9289,True,square,Square,6,4,1.0,0.33333333333333326,xi+1.000000_eta+0.333333,0.012,0.003999999999999999,0.060000000000000005,Conventional,C,4,646228437,square|xi+1.000000_eta+0.333333|C|r04,new,345
-5892.266158400242,496.1210825734494,10000,11789,98.09242126300524,False,1,Maximum number of iterations has been exceeded.,1,0.8313052366932271,3.3306690738754696e-16,True,w+,10000,False,square,Square,6,4,1.0,0.33333333333333326,xi+1.000000_eta+0.333333,0.012,0.003999999999999999,0.060000000000000005,Conventional,C,5,480520144,square|xi+1.000000_eta+0.333333|C|r05,cached,346
-5815.9991291570705,494.00307919900473,10000,11791,112.59543213100551,False,1,Maximum number of iterations has been exceeded.,-1,0.7858925907376695,0.0,True,w-,10000,False,square,Square,6,4,1.0,0.33333333333333326,xi+1.000000_eta+0.333333,0.012,0.003999999999999999,0.060000000000000005,Conventional,C,6,126346755,square|xi+1.000000_eta+0.333333|C|r06,cached,347
-5870.600333024159,483.72856595131134,7979,9570,64.06092806500237,False,2,Desired error not necessarily achieved due to precision loss.,1,0.761160624993621,3.3306690738754696e-16,True,w+,7979,True,square,Square,6,4,1.0,0.33333333333333326,xi+1.000000_eta+0.333333,0.012,0.003999999999999999,0.060000000000000005,Conventional,C,7,185246690,square|xi+1.000000_eta+0.333333|C|r07,new,348
-5900.144398396707,482.7714987876291,10000,11898,109.8458401290045,False,1,Maximum number of iterations has been exceeded.,1,0.8380498487203143,0.0,True,w+,10000,False,square,Square,6,4,1.0,0.33333333333333326,xi+1.000000_eta+0.333333,0.012,0.003999999999999999,0.060000000000000005,Conventional,C,8,390240167,square|xi+1.000000_eta+0.333333|C|r08,cached,349
-5870.581541396933,504.3418646872498,10000,11893,98.76780669199798,False,1,Maximum number of iterations has been exceeded.,1,0.8125803499202335,0.0,True,w+,10000,False,square,Square,6,4,1.0,0.33333333333333326,xi+1.000000_eta+0.333333,0.012,0.003999999999999999,0.060000000000000005,Conventional,C,9,992010278,square|xi+1.000000_eta+0.333333|C|r09,cached,350
-9425.22766955466,506.8493076091228,10000,11798,115.72271812100371,False,1,Maximum number of iterations has been exceeded.,1,0.6813390249174066,3.3306690738754696e-16,True,w+,10000,False,square,Square,0,5,-1.0,0.6666666666666665,xi-1.000000_eta+0.666667,-0.012,0.007999999999999998,0.04,Conventional,C,0,132451555,square|xi-1.000000_eta+0.666667|C|r00,cached,351
-9532.697428638508,482.2011560617795,10000,11930,114.85991883999668,False,1,Maximum number of iterations has been exceeded.,-1,0.5066478768652267,2.220446049250313e-16,True,w-,10000,False,square,Square,0,5,-1.0,0.6666666666666665,xi-1.000000_eta+0.666667,-0.012,0.007999999999999998,0.04,Conventional,C,1,974303161,square|xi-1.000000_eta+0.666667|C|r01,cached,352
-9586.641912843399,528.2566327923644,8697,10373,71.81549506599549,False,2,Desired error not necessarily achieved due to precision loss.,1,0.7803485744955801,0.0,True,w+,8697,True,square,Square,0,5,-1.0,0.6666666666666665,xi-1.000000_eta+0.666667,-0.012,0.007999999999999998,0.04,Conventional,C,2,957326707,square|xi-1.000000_eta+0.666667|C|r02,new,353
-9535.040747744368,509.03474424265204,10000,11899,83.5065670959957,False,1,Maximum number of iterations has been exceeded.,1,0.6718222430883849,2.220446049250313e-16,True,w+,10000,False,square,Square,0,5,-1.0,0.6666666666666665,xi-1.000000_eta+0.666667,-0.012,0.007999999999999998,0.04,Conventional,C,3,154919883,square|xi-1.000000_eta+0.666667|C|r03,cached,354
-9527.522473785686,512.1016258532668,10000,11826,67.45526621500176,False,1,Maximum number of iterations has been exceeded.,-1,0.6917616730011052,0.0,True,w-,10000,False,square,Square,0,5,-1.0,0.6666666666666665,xi-1.000000_eta+0.666667,-0.012,0.007999999999999998,0.04,Conventional,C,4,454281602,square|xi-1.000000_eta+0.666667|C|r04,cached,355
-9570.441881523908,508.15936567068366,10000,11902,68.31107701099972,False,1,Maximum number of iterations has been exceeded.,-1,0.7410287311412624,0.0,True,w-,10000,False,square,Square,0,5,-1.0,0.6666666666666665,xi-1.000000_eta+0.666667,-0.012,0.007999999999999998,0.04,Conventional,C,5,440945512,square|xi-1.000000_eta+0.666667|C|r05,cached,356
-9585.260853737269,513.1443686026976,10000,11907,60.222925225003564,False,1,Maximum number of iterations has been exceeded.,-1,0.7554583648092346,0.0,True,w-,10000,False,square,Square,0,5,-1.0,0.6666666666666665,xi-1.000000_eta+0.666667,-0.012,0.007999999999999998,0.04,Conventional,C,6,155527027,square|xi-1.000000_eta+0.666667|C|r06,cached,357
-9548.224579918524,525.8453190191169,10000,11889,67.04920375599613,False,1,Maximum number of iterations has been exceeded.,1,0.7372000224105009,2.220446049250313e-16,True,w+,10000,False,square,Square,0,5,-1.0,0.6666666666666665,xi-1.000000_eta+0.666667,-0.012,0.007999999999999998,0.04,Conventional,C,7,831068480,square|xi-1.000000_eta+0.666667|C|r07,cached,358
-9454.422796418077,526.5868336770616,10000,11930,108.26172978999966,False,1,Maximum number of iterations has been exceeded.,1,0.6731615335382253,1.1102230246251565e-16,True,w+,10000,False,square,Square,0,5,-1.0,0.6666666666666665,xi-1.000000_eta+0.666667,-0.012,0.007999999999999998,0.04,Conventional,C,8,947335566,square|xi-1.000000_eta+0.666667|C|r08,cached,359
-9595.177518229146,520.6347648579764,10000,11792,129.15433069100254,False,1,Maximum number of iterations has been exceeded.,-1,0.6930539408244298,0.0,True,w-,10000,False,square,Square,0,5,-1.0,0.6666666666666665,xi-1.000000_eta+0.666667,-0.012,0.007999999999999998,0.04,Conventional,C,9,28826771,square|xi-1.000000_eta+0.666667|C|r09,cached,360
-8986.207719960006,537.0147552486135,10000,11866,158.62139811700035,False,1,Maximum number of iterations has been exceeded.,-1,0.6331341388655722,3.3306690738754696e-16,True,w-,10000,False,square,Square,1,5,-0.6666666666666667,0.6666666666666665,xi-0.666667_eta+0.666667,-0.008000000000000002,0.007999999999999998,0.043333333333333335,Conventional,C,0,414606909,square|xi-0.666667_eta+0.666667|C|r00,cached,361
-8998.352950560684,492.87741636819885,10000,11859,85.60868967200076,False,1,Maximum number of iterations has been exceeded.,1,0.5758288108288014,2.220446049250313e-16,True,w+,10000,False,square,Square,1,5,-0.6666666666666667,0.6666666666666665,xi-0.666667_eta+0.666667,-0.008000000000000002,0.007999999999999998,0.043333333333333335,Conventional,C,1,267934303,square|xi-0.666667_eta+0.666667|C|r01,cached,362
-9010.46002883598,519.7983795849022,10000,11788,232.64742826599831,False,1,Maximum number of iterations has been exceeded.,-1,0.707013949076391,2.220446049250313e-16,True,w-,10000,False,square,Square,1,5,-0.6666666666666667,0.6666666666666665,xi-0.666667_eta+0.666667,-0.008000000000000002,0.007999999999999998,0.043333333333333335,Conventional,C,2,870126429,square|xi-0.666667_eta+0.666667|C|r02,cached,363
-9012.841453602301,525.949559292169,10000,11837,215.62724387000344,False,1,Maximum number of iterations has been exceeded.,1,0.7011239775588138,3.3306690738754696e-16,True,w+,10000,False,square,Square,1,5,-0.6666666666666667,0.6666666666666665,xi-0.666667_eta+0.666667,-0.008000000000000002,0.007999999999999998,0.043333333333333335,Conventional,C,3,754403962,square|xi-0.666667_eta+0.666667|C|r03,cached,364
-9038.571863200286,517.5101096733822,10000,11811,300.52261016799457,False,1,Maximum number of iterations has been exceeded.,1,0.7433668267010374,4.440892098500626e-16,True,w+,10000,False,square,Square,1,5,-0.6666666666666667,0.6666666666666665,xi-0.666667_eta+0.666667,-0.008000000000000002,0.007999999999999998,0.043333333333333335,Conventional,C,4,555433910,square|xi-0.666667_eta+0.666667|C|r04,cached,365
-8918.371165863471,495.6820301257967,10000,11841,374.0253209570001,False,1,Maximum number of iterations has been exceeded.,-1,0.6583174093789559,2.220446049250313e-16,True,w-,10000,False,square,Square,1,5,-0.6666666666666667,0.6666666666666665,xi-0.666667_eta+0.666667,-0.008000000000000002,0.007999999999999998,0.043333333333333335,Conventional,C,5,89662365,square|xi-0.666667_eta+0.666667|C|r05,cached,366
-9021.42140139556,527.1715708035383,10000,11815,175.09801171599975,False,1,Maximum number of iterations has been exceeded.,1,0.7337876139922481,0.0,True,w+,10000,False,square,Square,1,5,-0.6666666666666667,0.6666666666666665,xi-0.666667_eta+0.666667,-0.008000000000000002,0.007999999999999998,0.043333333333333335,Conventional,C,6,940138240,square|xi-0.666667_eta+0.666667|C|r06,cached,367
-8920.542409994534,472.4204319109792,10000,11934,365.189912926995,False,1,Maximum number of iterations has been exceeded.,1,0.5751117919856727,0.0,True,w+,10000,False,square,Square,1,5,-0.6666666666666667,0.6666666666666665,xi-0.666667_eta+0.666667,-0.008000000000000002,0.007999999999999998,0.043333333333333335,Conventional,C,7,316476134,square|xi-0.666667_eta+0.666667|C|r07,cached,368
-9049.97500277693,528.2306735098474,8084,9777,66.80134139599977,False,2,Desired error not necessarily achieved due to precision loss.,-1,0.7093694954552986,0.0,True,w-,8084,True,square,Square,1,5,-0.6666666666666667,0.6666666666666665,xi-0.666667_eta+0.666667,-0.008000000000000002,0.007999999999999998,0.043333333333333335,Conventional,C,8,451026121,square|xi-0.666667_eta+0.666667|C|r08,new,369
-9022.232053272646,512.3716304943842,10000,11784,389.0484684569965,False,1,Maximum number of iterations has been exceeded.,1,0.8039674278402056,1.1102230246251565e-16,True,w+,10000,False,square,Square,1,5,-0.6666666666666667,0.6666666666666665,xi-0.666667_eta+0.666667,-0.008000000000000002,0.007999999999999998,0.043333333333333335,Conventional,C,9,67100928,square|xi-0.666667_eta+0.666667|C|r09,cached,370
-8473.226464919335,492.53351883679295,10000,11846,246.56329666799866,False,1,Maximum number of iterations has been exceeded.,-1,0.8284198710874383,0.0,True,w-,10000,False,square,Square,2,5,-0.33333333333333337,0.6666666666666665,xi-0.333333_eta+0.666667,-0.004000000000000001,0.007999999999999998,0.04666666666666667,Conventional,C,0,559732068,square|xi-0.333333_eta+0.666667|C|r00,cached,371
-8278.507039511489,504.9873128894549,10000,11857,396.8445889109935,False,1,Maximum number of iterations has been exceeded.,1,0.6884150813244649,2.220446049250313e-16,True,w+,10000,False,square,Square,2,5,-0.33333333333333337,0.6666666666666665,xi-0.333333_eta+0.666667,-0.004000000000000001,0.007999999999999998,0.04666666666666667,Conventional,C,1,276683873,square|xi-0.333333_eta+0.666667|C|r01,cached,372
-8412.389864233,505.33446453237883,9535,11314,76.7446232930015,False,2,Desired error not necessarily achieved due to precision loss.,1,0.8176826883869148,0.0,True,w+,9535,True,square,Square,2,5,-0.33333333333333337,0.6666666666666665,xi-0.333333_eta+0.666667,-0.004000000000000001,0.007999999999999998,0.04666666666666667,Conventional,C,2,117313857,square|xi-0.333333_eta+0.666667|C|r02,new,373
-8376.304319032972,494.37014635778525,10000,11756,411.28117486299743,False,1,Maximum number of iterations has been exceeded.,1,0.7753398166431923,0.0,True,w+,10000,False,square,Square,2,5,-0.33333333333333337,0.6666666666666665,xi-0.333333_eta+0.666667,-0.004000000000000001,0.007999999999999998,0.04666666666666667,Conventional,C,3,115758689,square|xi-0.333333_eta+0.666667|C|r03,cached,374
-8377.757372070972,523.559753388931,8842,10495,73.00085725100507,False,2,Desired error not necessarily achieved due to precision loss.,1,0.8102062032363848,2.220446049250313e-16,True,w+,8842,True,square,Square,2,5,-0.33333333333333337,0.6666666666666665,xi-0.333333_eta+0.666667,-0.004000000000000001,0.007999999999999998,0.04666666666666667,Conventional,C,4,966515749,square|xi-0.333333_eta+0.666667|C|r04,new,375
-8369.706010077527,510.79967772170534,10000,11796,410.5770703540038,False,1,Maximum number of iterations has been exceeded.,-1,0.8180842882605294,2.220446049250313e-16,True,w-,10000,False,square,Square,2,5,-0.33333333333333337,0.6666666666666665,xi-0.333333_eta+0.666667,-0.004000000000000001,0.007999999999999998,0.04666666666666667,Conventional,C,5,435437557,square|xi-0.333333_eta+0.666667|C|r05,cached,376
-8417.942856787518,501.98964519300534,10000,11791,71.20910272499896,False,1,Maximum number of iterations has been exceeded.,1,0.724994166397259,0.0,True,w+,10000,False,square,Square,2,5,-0.33333333333333337,0.6666666666666665,xi-0.333333_eta+0.666667,-0.004000000000000001,0.007999999999999998,0.04666666666666667,Conventional,C,6,666844207,square|xi-0.333333_eta+0.666667|C|r06,cached,377
-8449.518368445668,508.80804550150714,8732,10363,71.47914733999642,False,2,Desired error not necessarily achieved due to precision loss.,-1,0.8070369715623271,2.220446049250313e-16,True,w-,8732,True,square,Square,2,5,-0.33333333333333337,0.6666666666666665,xi-0.333333_eta+0.666667,-0.004000000000000001,0.007999999999999998,0.04666666666666667,Conventional,C,7,837266732,square|xi-0.333333_eta+0.666667|C|r07,new,378
-8470.60728381353,491.12432987426666,6582,7980,54.981783579001785,False,2,Desired error not necessarily achieved due to precision loss.,-1,0.8377641435535149,2.220446049250313e-16,True,w-,6582,True,square,Square,2,5,-0.33333333333333337,0.6666666666666665,xi-0.333333_eta+0.666667,-0.004000000000000001,0.007999999999999998,0.04666666666666667,Conventional,C,8,116943474,square|xi-0.333333_eta+0.666667|C|r08,new,379
-8405.467924786804,511.3001781979638,10000,11789,71.81240101499861,False,1,Maximum number of iterations has been exceeded.,1,0.80907549089566,3.3306690738754696e-16,True,w+,10000,False,square,Square,2,5,-0.33333333333333337,0.6666666666666665,xi-0.333333_eta+0.666667,-0.004000000000000001,0.007999999999999998,0.04666666666666667,Conventional,C,9,153930706,square|xi-0.333333_eta+0.666667|C|r09,cached,380
-7846.759295922737,500.06371406549795,10000,11763,66.56799350299843,False,1,Maximum number of iterations has been exceeded.,1,0.8371177451674867,0.0,True,w+,10000,False,square,Square,3,5,0.0,0.6666666666666665,xi+0.000000_eta+0.666667,0.0,0.007999999999999998,0.05,Conventional,C,0,763303642,square|xi+0.000000_eta+0.666667|C|r00,cached,381
-7834.640306839466,517.2497702268253,8115,9714,63.75460980299977,False,2,Desired error not necessarily achieved due to precision loss.,-1,0.741384936696889,3.3306690738754696e-16,True,w-,8115,True,square,Square,3,5,0.0,0.6666666666666665,xi+0.000000_eta+0.666667,0.0,0.007999999999999998,0.05,Conventional,C,1,757297186,square|xi+0.000000_eta+0.666667|C|r01,new,382
-7811.206233277739,530.5526313272155,9985,11910,81.90677900800074,False,2,Desired error not necessarily achieved due to precision loss.,1,0.7239350695893314,0.0,True,w+,9985,True,square,Square,3,5,0.0,0.6666666666666665,xi+0.000000_eta+0.666667,0.0,0.007999999999999998,0.05,Conventional,C,2,752925269,square|xi+0.000000_eta+0.666667|C|r02,new,383
-7853.904561482565,510.31220936392356,10000,11743,137.54766804800602,False,1,Maximum number of iterations has been exceeded.,1,0.8143389317048925,0.0,True,w+,10000,False,square,Square,3,5,0.0,0.6666666666666665,xi+0.000000_eta+0.666667,0.0,0.007999999999999998,0.05,Conventional,C,3,832715759,square|xi+0.000000_eta+0.666667|C|r03,cached,384
-7841.4942102302,500.3970789438889,10000,11816,392.25243014199805,False,1,Maximum number of iterations has been exceeded.,-1,0.8675693942414415,1.1102230246251565e-16,True,w-,10000,False,square,Square,3,5,0.0,0.6666666666666665,xi+0.000000_eta+0.666667,0.0,0.007999999999999998,0.05,Conventional,C,4,371346911,square|xi+0.000000_eta+0.666667|C|r04,cached,385
-7834.1625291985565,481.04908957308635,10000,11740,368.61566988100094,False,1,Maximum number of iterations has been exceeded.,-1,0.8287937998106668,2.220446049250313e-16,True,w-,10000,False,square,Square,3,5,0.0,0.6666666666666665,xi+0.000000_eta+0.666667,0.0,0.007999999999999998,0.05,Conventional,C,5,111717324,square|xi+0.000000_eta+0.666667|C|r05,cached,386
-7844.960484115413,518.7270317941225,10000,11697,333.13041782000073,False,1,Maximum number of iterations has been exceeded.,-1,0.7956083116410366,0.0,True,w-,10000,False,square,Square,3,5,0.0,0.6666666666666665,xi+0.000000_eta+0.666667,0.0,0.007999999999999998,0.05,Conventional,C,6,482889965,square|xi+0.000000_eta+0.666667|C|r06,cached,387
-7786.754334033233,504.47334867357426,10000,11776,144.00835816399922,False,1,Maximum number of iterations has been exceeded.,-1,0.7653533001748027,2.220446049250313e-16,True,w-,10000,False,square,Square,3,5,0.0,0.6666666666666665,xi+0.000000_eta+0.666667,0.0,0.007999999999999998,0.05,Conventional,C,7,786538703,square|xi+0.000000_eta+0.666667|C|r07,cached,388
-7842.153263303308,519.5850989220356,10000,11880,462.0959420809959,False,1,Maximum number of iterations has been exceeded.,-1,0.8216553449246832,0.0,True,w-,10000,False,square,Square,3,5,0.0,0.6666666666666665,xi+0.000000_eta+0.666667,0.0,0.007999999999999998,0.05,Conventional,C,8,511467305,square|xi+0.000000_eta+0.666667|C|r08,cached,389
-7826.076426209618,483.9411071699871,10000,11780,413.20463083599316,False,1,Maximum number of iterations has been exceeded.,-1,0.8013630061500313,4.440892098500626e-16,True,w-,10000,False,square,Square,3,5,0.0,0.6666666666666665,xi+0.000000_eta+0.666667,0.0,0.007999999999999998,0.05,Conventional,C,9,820375293,square|xi+0.000000_eta+0.666667|C|r09,cached,390
-7151.209203235385,487.98559213397755,10000,11766,139.4781145379966,False,1,Maximum number of iterations has been exceeded.,-1,0.8173405109124026,0.0,True,w-,10000,False,square,Square,4,5,0.33333333333333326,0.6666666666666665,xi+0.333333_eta+0.666667,0.003999999999999999,0.007999999999999998,0.05333333333333334,Conventional,C,0,164757605,square|xi+0.333333_eta+0.666667|C|r00,cached,391
-7113.842572727017,501.8504439698465,10000,11792,412.5389432890006,False,1,Maximum number of iterations has been exceeded.,-1,0.7952989713478181,3.3306690738754696e-16,True,w-,10000,False,square,Square,4,5,0.33333333333333326,0.6666666666666665,xi+0.333333_eta+0.666667,0.003999999999999999,0.007999999999999998,0.05333333333333334,Conventional,C,1,697529399,square|xi+0.333333_eta+0.666667|C|r01,cached,392
-7149.4822511978045,497.79205648930156,8364,9890,68.57064037500095,False,2,Desired error not necessarily achieved due to precision loss.,1,0.8581413962313023,3.3306690738754696e-16,True,w+,8364,True,square,Square,4,5,0.33333333333333326,0.6666666666666665,xi+0.333333_eta+0.666667,0.003999999999999999,0.007999999999999998,0.05333333333333334,Conventional,C,2,638594796,square|xi+0.333333_eta+0.666667|C|r02,new,393
-7175.594828394919,497.5928932123198,9836,11604,80.00024901299912,False,2,Desired error not necessarily achieved due to precision loss.,1,0.8435028481238451,2.220446049250313e-16,True,w+,9836,True,square,Square,4,5,0.33333333333333326,0.6666666666666665,xi+0.333333_eta+0.666667,0.003999999999999999,0.007999999999999998,0.05333333333333334,Conventional,C,3,925783093,square|xi+0.333333_eta+0.666667|C|r03,new,394
-7141.750541573505,512.0287354373093,10000,11815,82.69306065099954,False,1,Maximum number of iterations has been exceeded.,1,0.8371263033719093,2.220446049250313e-16,True,w+,10000,False,square,Square,4,5,0.33333333333333326,0.6666666666666665,xi+0.333333_eta+0.666667,0.003999999999999999,0.007999999999999998,0.05333333333333334,Conventional,C,4,404822262,square|xi+0.333333_eta+0.666667|C|r04,cached,395
-7107.805879375339,502.5733116473892,10000,11777,242.39947588799987,False,1,Maximum number of iterations has been exceeded.,-1,0.7590255797126053,0.0,True,w-,10000,False,square,Square,4,5,0.33333333333333326,0.6666666666666665,xi+0.333333_eta+0.666667,0.003999999999999999,0.007999999999999998,0.05333333333333334,Conventional,C,5,746002822,square|xi+0.333333_eta+0.666667|C|r05,cached,396
-7118.071120678036,505.8425270218378,10000,11787,376.71004508999613,False,1,Maximum number of iterations has been exceeded.,-1,0.7723159742422571,3.3306690738754696e-16,True,w-,10000,False,square,Square,4,5,0.33333333333333326,0.6666666666666665,xi+0.333333_eta+0.666667,0.003999999999999999,0.007999999999999998,0.05333333333333334,Conventional,C,6,37869658,square|xi+0.333333_eta+0.666667|C|r06,cached,397
-7180.223552511837,489.96196779415885,8727,10406,71.57010928600357,False,2,Desired error not necessarily achieved due to precision loss.,1,0.8268061858440088,2.220446049250313e-16,True,w+,8727,True,square,Square,4,5,0.33333333333333326,0.6666666666666665,xi+0.333333_eta+0.666667,0.003999999999999999,0.007999999999999998,0.05333333333333334,Conventional,C,7,454890625,square|xi+0.333333_eta+0.666667|C|r07,new,398
-7125.861726028113,491.27517401595884,10000,11781,476.6617468500044,False,1,Maximum number of iterations has been exceeded.,1,0.8098150870427783,0.0,True,w+,10000,False,square,Square,4,5,0.33333333333333326,0.6666666666666665,xi+0.333333_eta+0.666667,0.003999999999999999,0.007999999999999998,0.05333333333333334,Conventional,C,8,376339123,square|xi+0.333333_eta+0.666667|C|r08,cached,399
-7166.024654379928,492.024562216432,9340,11127,77.18145884200203,False,2,Desired error not necessarily achieved due to precision loss.,1,0.8094677178013853,0.0,True,w+,9340,True,square,Square,4,5,0.33333333333333326,0.6666666666666665,xi+0.333333_eta+0.666667,0.003999999999999999,0.007999999999999998,0.05333333333333334,Conventional,C,9,47941435,square|xi+0.333333_eta+0.666667|C|r09,new,400
-6505.1486673739255,501.422706038816,10000,11790,105.5176211440048,False,1,Maximum number of iterations has been exceeded.,1,0.8133519730800824,3.3306690738754696e-16,True,w+,10000,False,square,Square,5,5,0.6666666666666665,0.6666666666666665,xi+0.666667_eta+0.666667,0.007999999999999998,0.007999999999999998,0.05666666666666667,Conventional,C,0,830503856,square|xi+0.666667_eta+0.666667|C|r00,cached,401
-6500.615297741194,482.1209672986596,9509,11271,78.08021632500459,False,2,Desired error not necessarily achieved due to precision loss.,-1,0.848998006369907,2.220446049250313e-16,True,w-,9509,True,square,Square,5,5,0.6666666666666665,0.6666666666666665,xi+0.666667_eta+0.666667,0.007999999999999998,0.007999999999999998,0.05666666666666667,Conventional,C,1,763392991,square|xi+0.666667_eta+0.666667|C|r01,new,402
-6515.73694911265,498.5530262286255,10000,11824,421.0722760179997,False,1,Maximum number of iterations has been exceeded.,1,0.8294690448391994,0.0,True,w+,10000,False,square,Square,5,5,0.6666666666666665,0.6666666666666665,xi+0.666667_eta+0.666667,0.007999999999999998,0.007999999999999998,0.05666666666666667,Conventional,C,2,743161913,square|xi+0.666667_eta+0.666667|C|r02,cached,403
-6516.748129489958,500.84638169546776,9970,11767,80.39597658000275,False,2,Desired error not necessarily achieved due to precision loss.,1,0.8668012414929797,2.220446049250313e-16,True,w+,9970,True,square,Square,5,5,0.6666666666666665,0.6666666666666665,xi+0.666667_eta+0.666667,0.007999999999999998,0.007999999999999998,0.05666666666666667,Conventional,C,3,80769917,square|xi+0.666667_eta+0.666667|C|r03,new,404
-6511.623811025095,511.40521628872494,10000,11806,115.96208062699588,False,1,Maximum number of iterations has been exceeded.,-1,0.7992271236991587,1.1102230246251565e-16,True,w-,10000,False,square,Square,5,5,0.6666666666666665,0.6666666666666665,xi+0.666667_eta+0.666667,0.007999999999999998,0.007999999999999998,0.05666666666666667,Conventional,C,4,661948224,square|xi+0.666667_eta+0.666667|C|r04,cached,405
-6517.437220439838,493.99245345875266,10000,11904,67.27521024299494,False,1,Maximum number of iterations has been exceeded.,1,0.8683572644064455,0.0,True,w+,10000,False,square,Square,5,5,0.6666666666666665,0.6666666666666665,xi+0.666667_eta+0.666667,0.007999999999999998,0.007999999999999998,0.05666666666666667,Conventional,C,5,185734694,square|xi+0.666667_eta+0.666667|C|r05,cached,406
-6521.848280098914,485.04488745767753,10000,11749,342.781639806999,False,1,Maximum number of iterations has been exceeded.,1,0.8140013614568525,1.1102230246251565e-16,True,w+,10000,False,square,Square,5,5,0.6666666666666665,0.6666666666666665,xi+0.666667_eta+0.666667,0.007999999999999998,0.007999999999999998,0.05666666666666667,Conventional,C,6,445978423,square|xi+0.666667_eta+0.666667|C|r06,cached,407
-6511.560497124409,492.56613753399586,10000,11754,65.13670650099812,False,1,Maximum number of iterations has been exceeded.,1,0.832008057745721,0.0,True,w+,10000,False,square,Square,5,5,0.6666666666666665,0.6666666666666665,xi+0.666667_eta+0.666667,0.007999999999999998,0.007999999999999998,0.05666666666666667,Conventional,C,7,95877954,square|xi+0.666667_eta+0.666667|C|r07,cached,408
-6500.545550213347,502.2674677066935,10000,11767,120.17938661100197,False,1,Maximum number of iterations has been exceeded.,1,0.8187154516885102,3.3306690738754696e-16,True,w+,10000,False,square,Square,5,5,0.6666666666666665,0.6666666666666665,xi+0.666667_eta+0.666667,0.007999999999999998,0.007999999999999998,0.05666666666666667,Conventional,C,8,35727072,square|xi+0.666667_eta+0.666667|C|r08,cached,409
-6494.989222644009,491.0933008769845,10000,11844,131.9148068430004,False,1,Maximum number of iterations has been exceeded.,-1,0.799031163801816,3.3306690738754696e-16,True,w-,10000,False,square,Square,5,5,0.6666666666666665,0.6666666666666665,xi+0.666667_eta+0.666667,0.007999999999999998,0.007999999999999998,0.05666666666666667,Conventional,C,9,908832745,square|xi+0.666667_eta+0.666667|C|r09,cached,410
-5777.16169524382,496.12908690424354,10000,11831,334.5597502860037,False,1,Maximum number of iterations has been exceeded.,1,0.7811021404601008,2.220446049250313e-16,True,w+,10000,False,square,Square,6,5,1.0,0.6666666666666665,xi+1.000000_eta+0.666667,0.012,0.007999999999999998,0.060000000000000005,Conventional,C,0,731336007,square|xi+1.000000_eta+0.666667|C|r00,cached,411
-5794.97340603431,492.8777889637167,10000,11811,394.4102783319977,False,1,Maximum number of iterations has been exceeded.,1,0.8139435391299804,2.220446049250313e-16,True,w+,10000,False,square,Square,6,5,1.0,0.6666666666666665,xi+1.000000_eta+0.666667,0.012,0.007999999999999998,0.060000000000000005,Conventional,C,1,301874539,square|xi+1.000000_eta+0.666667|C|r01,cached,412
-5831.129543994944,489.3741880535193,10000,11768,457.9083062600039,False,1,Maximum number of iterations has been exceeded.,-1,0.8594039767311366,3.3306690738754696e-16,True,w-,10000,False,square,Square,6,5,1.0,0.6666666666666665,xi+1.000000_eta+0.666667,0.012,0.007999999999999998,0.060000000000000005,Conventional,C,2,374275217,square|xi+1.000000_eta+0.666667|C|r02,cached,413
-5793.578019440997,467.0026213775744,10000,11866,390.6098220799977,False,1,Maximum number of iterations has been exceeded.,1,0.760689806580178,2.220446049250313e-16,True,w+,10000,False,square,Square,6,5,1.0,0.6666666666666665,xi+1.000000_eta+0.666667,0.012,0.007999999999999998,0.060000000000000005,Conventional,C,3,326468689,square|xi+1.000000_eta+0.666667|C|r03,cached,414
-5765.095051944644,469.1691747714116,10000,11867,446.1526502179986,False,1,Maximum number of iterations has been exceeded.,1,0.7942703501136046,2.220446049250313e-16,True,w+,10000,False,square,Square,6,5,1.0,0.6666666666666665,xi+1.000000_eta+0.666667,0.012,0.007999999999999998,0.060000000000000005,Conventional,C,4,34636399,square|xi+1.000000_eta+0.666667|C|r04,cached,415
-5788.759824128623,478.06672060689414,10000,11816,98.55141385099705,False,1,Maximum number of iterations has been exceeded.,1,0.8452357560880353,2.220446049250313e-16,True,w+,10000,False,square,Square,6,5,1.0,0.6666666666666665,xi+1.000000_eta+0.666667,0.012,0.007999999999999998,0.060000000000000005,Conventional,C,5,806859283,square|xi+1.000000_eta+0.666667|C|r05,cached,416
-5791.472208888156,493.074285736562,10000,11840,451.8052641750037,False,1,Maximum number of iterations has been exceeded.,-1,0.844829202072377,3.3306690738754696e-16,True,w-,10000,False,square,Square,6,5,1.0,0.6666666666666665,xi+1.000000_eta+0.666667,0.012,0.007999999999999998,0.060000000000000005,Conventional,C,6,778706998,square|xi+1.000000_eta+0.666667|C|r06,cached,417
-5704.49911092,470.40108056825835,10000,11809,475.0250985599996,False,1,Maximum number of iterations has been exceeded.,-1,0.7474209718203269,1.1102230246251565e-16,True,w-,10000,False,square,Square,6,5,1.0,0.6666666666666665,xi+1.000000_eta+0.666667,0.012,0.007999999999999998,0.060000000000000005,Conventional,C,7,637362273,square|xi+1.000000_eta+0.666667|C|r07,cached,418
-5811.6394371677325,478.21898586924425,10000,11703,68.84704212100041,False,1,Maximum number of iterations has been exceeded.,1,0.8167429371436957,0.0,True,w+,10000,False,square,Square,6,5,1.0,0.6666666666666665,xi+1.000000_eta+0.666667,0.012,0.007999999999999998,0.060000000000000005,Conventional,C,8,996347916,square|xi+1.000000_eta+0.666667|C|r08,cached,419
-5831.003070382528,471.6991637948359,9002,10732,74.78823575900606,False,2,Desired error not necessarily achieved due to precision loss.,-1,0.848500314379413,2.220446049250313e-16,True,w-,9002,True,square,Square,6,5,1.0,0.6666666666666665,xi+1.000000_eta+0.666667,0.012,0.007999999999999998,0.060000000000000005,Conventional,C,9,20139910,square|xi+1.000000_eta+0.666667|C|r09,new,420
-9521.072242293363,517.2721044127692,9535,11380,82.51198288299929,False,2,Desired error not necessarily achieved due to precision loss.,-1,0.7570517422956904,3.3306690738754696e-16,True,w-,9535,True,square,Square,0,6,-1.0,1.0,xi-1.000000_eta+1.000000,-0.012,0.012,0.04,Conventional,C,0,477736385,square|xi-1.000000_eta+1.000000|C|r00,new,421
-9483.105708825135,487.22222797968857,10000,11763,55.89237085700006,False,1,Maximum number of iterations has been exceeded.,-1,0.7851307225604717,3.3306690738754696e-16,True,w-,10000,False,square,Square,0,6,-1.0,1.0,xi-1.000000_eta+1.000000,-0.012,0.012,0.04,Conventional,C,1,425356296,square|xi-1.000000_eta+1.000000|C|r01,cached,422
-9512.588756909397,508.325450183481,10000,11802,284.68570503999945,False,1,Maximum number of iterations has been exceeded.,1,0.7935528405923521,2.220446049250313e-16,True,w+,10000,False,square,Square,0,6,-1.0,1.0,xi-1.000000_eta+1.000000,-0.012,0.012,0.04,Conventional,C,2,855891281,square|xi-1.000000_eta+1.000000|C|r02,cached,423
-9530.118544547646,528.5668776228038,9415,11227,82.38421863800613,False,2,Desired error not necessarily achieved due to precision loss.,1,0.8183181594044484,0.0,True,w+,9415,True,square,Square,0,6,-1.0,1.0,xi-1.000000_eta+1.000000,-0.012,0.012,0.04,Conventional,C,3,921281021,square|xi-1.000000_eta+1.000000|C|r03,new,424
-9487.925686575441,529.291989297542,8864,10607,78.73371638299432,False,2,Desired error not necessarily achieved due to precision loss.,-1,0.7067820525188164,0.0,True,w-,8864,True,square,Square,0,6,-1.0,1.0,xi-1.000000_eta+1.000000,-0.012,0.012,0.04,Conventional,C,4,548019349,square|xi-1.000000_eta+1.000000|C|r04,new,425
-9463.77032057995,557.0657651985648,10000,11880,60.696989686999586,False,1,Maximum number of iterations has been exceeded.,-1,0.6622898422020739,3.3306690738754696e-16,True,w-,10000,False,square,Square,0,6,-1.0,1.0,xi-1.000000_eta+1.000000,-0.012,0.012,0.04,Conventional,C,5,320845767,square|xi-1.000000_eta+1.000000|C|r05,cached,426
-9395.472880664267,513.6462642797676,10000,11760,180.9352286939975,False,1,Maximum number of iterations has been exceeded.,1,0.6294111857775544,3.3306690738754696e-16,True,w+,10000,False,square,Square,0,6,-1.0,1.0,xi-1.000000_eta+1.000000,-0.012,0.012,0.04,Conventional,C,6,779954261,square|xi-1.000000_eta+1.000000|C|r06,cached,427
-9533.495473407645,505.9069658973042,10000,11857,124.06647658500151,False,1,Maximum number of iterations has been exceeded.,1,0.8026588687745835,3.3306690738754696e-16,True,w+,10000,False,square,Square,0,6,-1.0,1.0,xi-1.000000_eta+1.000000,-0.012,0.012,0.04,Conventional,C,7,800793033,square|xi-1.000000_eta+1.000000|C|r07,cached,428
-9481.496521387948,490.63014548950565,10000,11998,406.6687055200018,False,1,Maximum number of iterations has been exceeded.,1,0.6610353230172675,0.0,True,w+,10000,False,square,Square,0,6,-1.0,1.0,xi-1.000000_eta+1.000000,-0.012,0.012,0.04,Conventional,C,8,668486423,square|xi-1.000000_eta+1.000000|C|r08,cached,429
-9488.87939293676,525.5849812534536,10000,11835,213.35301845999493,False,1,Maximum number of iterations has been exceeded.,1,0.7326011826588413,2.220446049250313e-16,True,w+,10000,False,square,Square,0,6,-1.0,1.0,xi-1.000000_eta+1.000000,-0.012,0.012,0.04,Conventional,C,9,65876530,square|xi-1.000000_eta+1.000000|C|r09,cached,430
-8937.831757161275,532.3708627133254,10000,11861,451.3655932239999,False,1,Maximum number of iterations has been exceeded.,1,0.681891188813362,2.220446049250313e-16,True,w+,10000,False,square,Square,1,6,-0.6666666666666667,1.0,xi-0.666667_eta+1.000000,-0.008000000000000002,0.012,0.043333333333333335,Conventional,C,0,156536654,square|xi-0.666667_eta+1.000000|C|r00,cached,431
-8946.249119151034,519.2750031550129,10000,11781,249.0216696819989,False,1,Maximum number of iterations has been exceeded.,1,0.709014603370146,0.0,True,w+,10000,False,square,Square,1,6,-0.6666666666666667,1.0,xi-0.666667_eta+1.000000,-0.008000000000000002,0.012,0.043333333333333335,Conventional,C,1,73322669,square|xi-0.666667_eta+1.000000|C|r01,cached,432
-8912.015432240467,494.62219407922476,10000,11877,350.9887991600044,False,1,Maximum number of iterations has been exceeded.,-1,0.7222734236358719,2.220446049250313e-16,True,w-,10000,False,square,Square,1,6,-0.6666666666666667,1.0,xi-0.666667_eta+1.000000,-0.008000000000000002,0.012,0.043333333333333335,Conventional,C,2,91299976,square|xi-0.666667_eta+1.000000|C|r02,cached,433
-8824.220749858341,513.3771147687396,10000,11826,90.40721333900001,False,1,Maximum number of iterations has been exceeded.,1,0.6361095912618853,1.1102230246251565e-16,True,w+,10000,False,square,Square,1,6,-0.6666666666666667,1.0,xi-0.666667_eta+1.000000,-0.008000000000000002,0.012,0.043333333333333335,Conventional,C,3,331010305,square|xi-0.666667_eta+1.000000|C|r03,cached,434
-8967.417622459458,510.7286157816241,10000,11816,268.7672994579989,False,1,Maximum number of iterations has been exceeded.,1,0.7825962562046291,3.3306690738754696e-16,True,w+,10000,False,square,Square,1,6,-0.6666666666666667,1.0,xi-0.666667_eta+1.000000,-0.008000000000000002,0.012,0.043333333333333335,Conventional,C,4,869723561,square|xi-0.666667_eta+1.000000|C|r04,cached,435
-8904.926185785853,528.7723541900937,10000,11827,321.4691356050025,False,1,Maximum number of iterations has been exceeded.,-1,0.7607020632266667,0.0,True,w-,10000,False,square,Square,1,6,-0.6666666666666667,1.0,xi-0.666667_eta+1.000000,-0.008000000000000002,0.012,0.043333333333333335,Conventional,C,5,13231991,square|xi-0.666667_eta+1.000000|C|r05,cached,436
-8898.553894544946,495.7631601864131,10000,11856,66.28174800600391,False,1,Maximum number of iterations has been exceeded.,-1,0.6135955576031542,1.1102230246251565e-16,True,w-,10000,False,square,Square,1,6,-0.6666666666666667,1.0,xi-0.666667_eta+1.000000,-0.008000000000000002,0.012,0.043333333333333335,Conventional,C,6,214416046,square|xi-0.666667_eta+1.000000|C|r06,cached,437
-8971.578201745575,506.79830640764675,10000,11849,486.1022890449967,False,1,Maximum number of iterations has been exceeded.,-1,0.7776060716536368,2.220446049250313e-16,True,w-,10000,False,square,Square,1,6,-0.6666666666666667,1.0,xi-0.666667_eta+1.000000,-0.008000000000000002,0.012,0.043333333333333335,Conventional,C,7,231290525,square|xi-0.666667_eta+1.000000|C|r07,cached,438
-8968.171378451047,540.7107586476313,10000,11873,264.9188878729983,False,1,Maximum number of iterations has been exceeded.,-1,0.780916163339742,0.0,True,w-,10000,False,square,Square,1,6,-0.6666666666666667,1.0,xi-0.666667_eta+1.000000,-0.008000000000000002,0.012,0.043333333333333335,Conventional,C,8,116646196,square|xi-0.666667_eta+1.000000|C|r08,cached,439
-8922.712972385729,530.3322672385834,10000,11818,104.33274650599924,False,1,Maximum number of iterations has been exceeded.,-1,0.7410086212130514,3.3306690738754696e-16,True,w-,10000,False,square,Square,1,6,-0.6666666666666667,1.0,xi-0.666667_eta+1.000000,-0.008000000000000002,0.012,0.043333333333333335,Conventional,C,9,62490714,square|xi-0.666667_eta+1.000000|C|r09,cached,440
-8279.224818853414,514.9369441378977,10000,11801,348.3912351120016,False,1,Maximum number of iterations has been exceeded.,1,0.7678006926605632,0.0,True,w+,10000,False,square,Square,2,6,-0.33333333333333337,1.0,xi-0.333333_eta+1.000000,-0.004000000000000001,0.012,0.04666666666666667,Conventional,C,0,17375943,square|xi-0.333333_eta+1.000000|C|r00,cached,441
-8297.050870715568,508.2572526355104,10000,11876,78.16269414700218,False,1,Maximum number of iterations has been exceeded.,1,0.806100567829014,2.220446049250313e-16,True,w+,10000,False,square,Square,2,6,-0.33333333333333337,1.0,xi-0.333333_eta+1.000000,-0.004000000000000001,0.012,0.04666666666666667,Conventional,C,1,475869303,square|xi-0.333333_eta+1.000000|C|r01,cached,442
-8342.971360882164,507.4320778832531,9038,10794,80.30709554100031,False,2,Desired error not necessarily achieved due to precision loss.,1,0.8328787026510169,2.220446049250313e-16,True,w+,9038,True,square,Square,2,6,-0.33333333333333337,1.0,xi-0.333333_eta+1.000000,-0.004000000000000001,0.012,0.04666666666666667,Conventional,C,2,593819369,square|xi-0.333333_eta+1.000000|C|r02,new,443
-8277.157347332763,513.2155094547298,10000,11899,165.66775658199913,False,1,Maximum number of iterations has been exceeded.,1,0.7410324251902097,3.3306690738754696e-16,True,w+,10000,False,square,Square,2,6,-0.33333333333333337,1.0,xi-0.333333_eta+1.000000,-0.004000000000000001,0.012,0.04666666666666667,Conventional,C,3,318740231,square|xi-0.333333_eta+1.000000|C|r03,cached,444
-8277.761803873735,505.469009721015,10000,11917,134.4924414920024,False,1,Maximum number of iterations has been exceeded.,1,0.8222976258979712,2.220446049250313e-16,True,w+,10000,False,square,Square,2,6,-0.33333333333333337,1.0,xi-0.333333_eta+1.000000,-0.004000000000000001,0.012,0.04666666666666667,Conventional,C,4,401812178,square|xi-0.333333_eta+1.000000|C|r04,cached,445
-8299.56073466687,500.3084389993113,10000,11867,477.0882136670043,False,1,Maximum number of iterations has been exceeded.,-1,0.7693107358029954,0.0,True,w-,10000,False,square,Square,2,6,-0.33333333333333337,1.0,xi-0.333333_eta+1.000000,-0.004000000000000001,0.012,0.04666666666666667,Conventional,C,5,2894328,square|xi-0.333333_eta+1.000000|C|r05,cached,446
-8307.81180305056,518.3812944696421,10000,11821,388.94845618100226,False,1,Maximum number of iterations has been exceeded.,-1,0.7947997783620029,2.220446049250313e-16,True,w-,10000,False,square,Square,2,6,-0.33333333333333337,1.0,xi-0.333333_eta+1.000000,-0.004000000000000001,0.012,0.04666666666666667,Conventional,C,6,726895055,square|xi-0.333333_eta+1.000000|C|r06,cached,447
-8340.522703052571,533.2723636160199,10000,11893,135.22071374199732,False,1,Maximum number of iterations has been exceeded.,-1,0.7827456672932883,3.3306690738754696e-16,True,w-,10000,False,square,Square,2,6,-0.33333333333333337,1.0,xi-0.333333_eta+1.000000,-0.004000000000000001,0.012,0.04666666666666667,Conventional,C,7,968436360,square|xi-0.333333_eta+1.000000|C|r07,cached,448
-8331.981629669273,515.4708629384692,10000,11783,137.62423600799957,False,1,Maximum number of iterations has been exceeded.,1,0.8336330503280158,2.220446049250313e-16,True,w+,10000,False,square,Square,2,6,-0.33333333333333337,1.0,xi-0.333333_eta+1.000000,-0.004000000000000001,0.012,0.04666666666666667,Conventional,C,8,404539293,square|xi-0.333333_eta+1.000000|C|r08,cached,449
-8330.438375943078,504.4589924462131,10000,11927,264.77568342700397,False,1,Maximum number of iterations has been exceeded.,-1,0.8199083878824109,2.220446049250313e-16,True,w-,10000,False,square,Square,2,6,-0.33333333333333337,1.0,xi-0.333333_eta+1.000000,-0.004000000000000001,0.012,0.04666666666666667,Conventional,C,9,424052563,square|xi-0.333333_eta+1.000000|C|r09,cached,450
-7721.941986672445,495.3619979246602,7168,8672,64.4491117180005,False,2,Desired error not necessarily achieved due to precision loss.,-1,0.7546520410017794,2.220446049250313e-16,True,w-,7168,True,square,Square,3,6,0.0,1.0,xi+0.000000_eta+1.000000,0.0,0.012,0.05,Conventional,C,0,142015683,square|xi+0.000000_eta+1.000000|C|r00,new,451
-7729.680293550141,517.0021506580038,10000,11792,355.988446491996,False,1,Maximum number of iterations has been exceeded.,-1,0.771237704767299,0.0,True,w-,10000,False,square,Square,3,6,0.0,1.0,xi+0.000000_eta+1.000000,0.0,0.012,0.05,Conventional,C,1,428195046,square|xi+0.000000_eta+1.000000|C|r01,cached,452
-7696.9744977653945,505.0659547510167,10000,11861,473.2751138889944,False,1,Maximum number of iterations has been exceeded.,1,0.789526501647969,3.3306690738754696e-16,True,w+,10000,False,square,Square,3,6,0.0,1.0,xi+0.000000_eta+1.000000,0.0,0.012,0.05,Conventional,C,2,885322412,square|xi+0.000000_eta+1.000000|C|r02,cached,453
-7750.7627405560825,492.1288314689698,10000,11797,147.0110078910002,False,1,Maximum number of iterations has been exceeded.,1,0.8558517082853412,2.220446049250313e-16,True,w+,10000,False,square,Square,3,6,0.0,1.0,xi+0.000000_eta+1.000000,0.0,0.012,0.05,Conventional,C,3,983350860,square|xi+0.000000_eta+1.000000|C|r03,cached,454
-7749.19112964741,499.379946677824,10000,11835,292.789774830002,False,1,Maximum number of iterations has been exceeded.,1,0.8260471928185458,2.220446049250313e-16,True,w+,10000,False,square,Square,3,6,0.0,1.0,xi+0.000000_eta+1.000000,0.0,0.012,0.05,Conventional,C,4,115302611,square|xi+0.000000_eta+1.000000|C|r04,cached,455
-7765.65682931889,501.7729953213482,10000,11765,145.60040109799593,False,1,Maximum number of iterations has been exceeded.,-1,0.7707237343341206,0.0,True,w-,10000,False,square,Square,3,6,0.0,1.0,xi+0.000000_eta+1.000000,0.0,0.012,0.05,Conventional,C,5,495012995,square|xi+0.000000_eta+1.000000|C|r05,cached,456
-7732.8924217715785,483.5081139326794,10000,11831,360.7919427339948,False,1,Maximum number of iterations has been exceeded.,-1,0.8395664230545404,2.220446049250313e-16,True,w-,10000,False,square,Square,3,6,0.0,1.0,xi+0.000000_eta+1.000000,0.0,0.012,0.05,Conventional,C,6,161298514,square|xi+0.000000_eta+1.000000|C|r06,cached,457
-7721.065348383493,495.2111235596025,9173,10892,83.04512170999806,False,2,Desired error not necessarily achieved due to precision loss.,1,0.8206842745068699,0.0,True,w+,9173,True,square,Square,3,6,0.0,1.0,xi+0.000000_eta+1.000000,0.0,0.012,0.05,Conventional,C,7,269841092,square|xi+0.000000_eta+1.000000|C|r07,new,458
-7690.965255099869,515.0837428320702,10000,11663,393.9607437300001,False,1,Maximum number of iterations has been exceeded.,-1,0.8274262842017367,2.220446049250313e-16,True,w-,10000,False,square,Square,3,6,0.0,1.0,xi+0.000000_eta+1.000000,0.0,0.012,0.05,Conventional,C,8,795892636,square|xi+0.000000_eta+1.000000|C|r08,cached,459
-7754.259466990712,513.86078592989,8515,10236,77.50167142599821,False,2,Desired error not necessarily achieved due to precision loss.,1,0.8002421951355358,1.1102230246251565e-16,True,w+,8515,True,square,Square,3,6,0.0,1.0,xi+0.000000_eta+1.000000,0.0,0.012,0.05,Conventional,C,9,425439471,square|xi+0.000000_eta+1.000000|C|r09,new,460
-7011.885875505497,513.7928646006035,10000,11884,464.38990607100277,False,1,Maximum number of iterations has been exceeded.,1,0.8038524948188994,1.1102230246251565e-16,True,w+,10000,False,square,Square,4,6,0.33333333333333326,1.0,xi+0.333333_eta+1.000000,0.003999999999999999,0.012,0.05333333333333334,Conventional,C,0,742371486,square|xi+0.333333_eta+1.000000|C|r00,cached,461
-6989.238170664078,492.3704647806287,8196,9800,74.93828661800217,False,2,Desired error not necessarily achieved due to precision loss.,1,0.7759382877585089,0.0,True,w+,8196,True,square,Square,4,6,0.33333333333333326,1.0,xi+0.333333_eta+1.000000,0.003999999999999999,0.012,0.05333333333333334,Conventional,C,1,545668646,square|xi+0.333333_eta+1.000000|C|r01,new,462
-7055.568040969216,493.80971349269777,10000,11830,105.9527995929966,False,1,Maximum number of iterations has been exceeded.,-1,0.7921253253842618,0.0,True,w-,10000,False,square,Square,4,6,0.33333333333333326,1.0,xi+0.333333_eta+1.000000,0.003999999999999999,0.012,0.05333333333333334,Conventional,C,2,917096011,square|xi+0.333333_eta+1.000000|C|r02,cached,463
-7027.026089353888,511.81892326332064,10000,11705,352.61577179300366,False,1,Maximum number of iterations has been exceeded.,-1,0.8353916430484711,0.0,True,w-,10000,False,square,Square,4,6,0.33333333333333326,1.0,xi+0.333333_eta+1.000000,0.003999999999999999,0.012,0.05333333333333334,Conventional,C,3,639210284,square|xi+0.333333_eta+1.000000|C|r03,cached,464
-6987.517059245251,526.3954441988911,10000,11851,142.19369625400577,False,1,Maximum number of iterations has been exceeded.,1,0.7947994165598327,2.220446049250313e-16,True,w+,10000,False,square,Square,4,6,0.33333333333333326,1.0,xi+0.333333_eta+1.000000,0.003999999999999999,0.012,0.05333333333333334,Conventional,C,4,686883495,square|xi+0.333333_eta+1.000000|C|r04,cached,465
-6984.813197265923,476.1639913768759,10000,11903,144.99075498399907,False,1,Maximum number of iterations has been exceeded.,1,0.8123841360834265,0.0,True,w+,10000,False,square,Square,4,6,0.33333333333333326,1.0,xi+0.333333_eta+1.000000,0.003999999999999999,0.012,0.05333333333333334,Conventional,C,5,739118454,square|xi+0.333333_eta+1.000000|C|r05,cached,466
-7031.701346066564,505.70605070069024,10000,11787,94.37117262800166,False,1,Maximum number of iterations has been exceeded.,-1,0.8178045853058988,2.220446049250313e-16,True,w-,10000,False,square,Square,4,6,0.33333333333333326,1.0,xi+0.333333_eta+1.000000,0.003999999999999999,0.012,0.05333333333333334,Conventional,C,6,128661472,square|xi+0.333333_eta+1.000000|C|r06,cached,467
-7007.284480125835,515.3511922026778,10000,11813,461.25198352799634,False,1,Maximum number of iterations has been exceeded.,-1,0.7815746485860493,0.0,True,w-,10000,False,square,Square,4,6,0.33333333333333326,1.0,xi+0.333333_eta+1.000000,0.003999999999999999,0.012,0.05333333333333334,Conventional,C,7,591583886,square|xi+0.333333_eta+1.000000|C|r07,cached,468
-7030.130458625725,505.60123986453857,9235,10995,82.1483188179991,False,2,Desired error not necessarily achieved due to precision loss.,1,0.8125446166692452,2.220446049250313e-16,True,w+,9235,True,square,Square,4,6,0.33333333333333326,1.0,xi+0.333333_eta+1.000000,0.003999999999999999,0.012,0.05333333333333334,Conventional,C,8,117102811,square|xi+0.333333_eta+1.000000|C|r08,new,469
-7042.609228306256,517.3807309156765,9615,11443,84.21336123700166,False,2,Desired error not necessarily achieved due to precision loss.,-1,0.8520058271605553,4.440892098500626e-16,True,w-,9615,True,square,Square,4,6,0.33333333333333326,1.0,xi+0.333333_eta+1.000000,0.003999999999999999,0.012,0.05333333333333334,Conventional,C,9,339016678,square|xi+0.333333_eta+1.000000|C|r09,new,470
-6400.295183275669,488.71760670909384,10000,11830,85.55153459999565,False,1,Maximum number of iterations has been exceeded.,-1,0.8202544490695545,1.1102230246251565e-16,True,w-,10000,False,square,Square,5,6,0.6666666666666665,1.0,xi+0.666667_eta+1.000000,0.007999999999999998,0.012,0.05666666666666667,Conventional,C,0,910201544,square|xi+0.666667_eta+1.000000|C|r00,cached,471
-6296.172147785445,490.51776402721185,10000,11780,150.57961085900024,False,1,Maximum number of iterations has been exceeded.,1,0.7262445145139261,2.220446049250313e-16,True,w+,10000,False,square,Square,5,6,0.6666666666666665,1.0,xi+0.666667_eta+1.000000,0.007999999999999998,0.012,0.05666666666666667,Conventional,C,1,118864603,square|xi+0.666667_eta+1.000000|C|r01,cached,472
-6368.791785514378,512.9595853419316,10000,11901,375.54125641899736,False,1,Maximum number of iterations has been exceeded.,1,0.8357932209516266,4.440892098500626e-16,True,w+,10000,False,square,Square,5,6,0.6666666666666665,1.0,xi+0.666667_eta+1.000000,0.007999999999999998,0.012,0.05666666666666667,Conventional,C,2,595611259,square|xi+0.666667_eta+1.000000|C|r02,cached,473
-6385.947153338272,507.54406956148847,10000,11885,90.63332232300309,False,1,Maximum number of iterations has been exceeded.,-1,0.8270582900772824,2.220446049250313e-16,True,w-,10000,False,square,Square,5,6,0.6666666666666665,1.0,xi+0.666667_eta+1.000000,0.007999999999999998,0.012,0.05666666666666667,Conventional,C,3,161642865,square|xi+0.666667_eta+1.000000|C|r03,cached,474
-6315.817724274286,485.61934014910514,10000,11777,152.503094822001,False,1,Maximum number of iterations has been exceeded.,1,0.8363048151852601,0.0,True,w+,10000,False,square,Square,5,6,0.6666666666666665,1.0,xi+0.666667_eta+1.000000,0.007999999999999998,0.012,0.05666666666666667,Conventional,C,4,823305342,square|xi+0.666667_eta+1.000000|C|r04,cached,475
-6370.228567306333,506.08356619949217,10000,11759,288.49284138100484,False,1,Maximum number of iterations has been exceeded.,-1,0.8099861282042488,1.1102230246251565e-16,True,w-,10000,False,square,Square,5,6,0.6666666666666665,1.0,xi+0.666667_eta+1.000000,0.007999999999999998,0.012,0.05666666666666667,Conventional,C,5,445970841,square|xi+0.666667_eta+1.000000|C|r05,cached,476
-6343.881903646287,496.1452484791827,10000,11889,382.63387625100586,False,1,Maximum number of iterations has been exceeded.,-1,0.8094298868781834,0.0,True,w-,10000,False,square,Square,5,6,0.6666666666666665,1.0,xi+0.666667_eta+1.000000,0.007999999999999998,0.012,0.05666666666666667,Conventional,C,6,756506588,square|xi+0.666667_eta+1.000000|C|r06,cached,477
-6414.015350679965,491.84804234821655,8058,9625,71.34567584899924,False,2,Desired error not necessarily achieved due to precision loss.,1,0.8512226080107232,0.0,True,w+,8058,True,square,Square,5,6,0.6666666666666665,1.0,xi+0.666667_eta+1.000000,0.007999999999999998,0.012,0.05666666666666667,Conventional,C,7,715094545,square|xi+0.666667_eta+1.000000|C|r07,new,478
-6352.388779000246,487.4935221319696,10000,11933,148.0027948679999,False,1,Maximum number of iterations has been exceeded.,1,0.8202741311850856,0.0,True,w+,10000,False,square,Square,5,6,0.6666666666666665,1.0,xi+0.666667_eta+1.000000,0.007999999999999998,0.012,0.05666666666666667,Conventional,C,8,833776291,square|xi+0.666667_eta+1.000000|C|r08,cached,479
-6360.96772442048,509.3352248242006,10000,11794,94.07305817900487,False,1,Maximum number of iterations has been exceeded.,-1,0.8332032928962945,0.0,True,w-,10000,False,square,Square,5,6,0.6666666666666665,1.0,xi+0.666667_eta+1.000000,0.007999999999999998,0.012,0.05666666666666667,Conventional,C,9,375097972,square|xi+0.666667_eta+1.000000|C|r09,cached,480
-5666.429191118162,492.38706073610854,9785,11500,82.38762257000053,False,2,Desired error not necessarily achieved due to precision loss.,-1,0.8263302685555198,0.0,True,w-,9785,True,square,Square,6,6,1.0,1.0,xi+1.000000_eta+1.000000,0.012,0.012,0.060000000000000005,Conventional,C,0,696248207,square|xi+1.000000_eta+1.000000|C|r00,new,481
-5689.378248611686,505.1842750166823,10000,11859,87.83367692900356,False,1,Maximum number of iterations has been exceeded.,-1,0.8513476344401968,3.3306690738754696e-16,True,w-,10000,False,square,Square,6,6,1.0,1.0,xi+1.000000_eta+1.000000,0.012,0.012,0.060000000000000005,Conventional,C,1,902141984,square|xi+1.000000_eta+1.000000|C|r01,cached,482
-5697.153933111627,475.6627807576364,9023,10637,76.45059358299477,False,2,Desired error not necessarily achieved due to precision loss.,1,0.8647253816693272,3.3306690738754696e-16,True,w+,9023,True,square,Square,6,6,1.0,1.0,xi+1.000000_eta+1.000000,0.012,0.012,0.060000000000000005,Conventional,C,2,307684928,square|xi+1.000000_eta+1.000000|C|r02,new,483
-5693.485621929209,479.3619434480103,10000,11770,90.59558264699444,False,1,Maximum number of iterations has been exceeded.,-1,0.8529633704113155,1.1102230246251565e-16,True,w-,10000,False,square,Square,6,6,1.0,1.0,xi+1.000000_eta+1.000000,0.012,0.012,0.060000000000000005,Conventional,C,3,910397780,square|xi+1.000000_eta+1.000000|C|r03,cached,484
-5670.257798295104,464.15876880451566,8462,10165,68.02595944199857,False,2,Desired error not necessarily achieved due to precision loss.,-1,0.7475851737970484,0.0,True,w-,8462,True,square,Square,6,6,1.0,1.0,xi+1.000000_eta+1.000000,0.012,0.012,0.060000000000000005,Conventional,C,4,228422634,square|xi+1.000000_eta+1.000000|C|r04,new,485
-5683.516314685218,483.8471547980941,10000,11836,337.88355979100015,False,1,Maximum number of iterations has been exceeded.,1,0.8137534073122332,0.0,True,w+,10000,False,square,Square,6,6,1.0,1.0,xi+1.000000_eta+1.000000,0.012,0.012,0.060000000000000005,Conventional,C,5,860011610,square|xi+1.000000_eta+1.000000|C|r05,cached,486
-5659.386264131746,483.62099341398647,10000,11950,475.8422219790009,False,1,Maximum number of iterations has been exceeded.,1,0.7632116254581793,0.0,True,w+,10000,False,square,Square,6,6,1.0,1.0,xi+1.000000_eta+1.000000,0.012,0.012,0.060000000000000005,Conventional,C,6,209472026,square|xi+1.000000_eta+1.000000|C|r06,cached,487
-5654.445955725416,481.8118449265833,10000,11878,209.70573870600492,False,1,Maximum number of iterations has been exceeded.,-1,0.7706421353593643,4.440892098500626e-16,True,w-,10000,False,square,Square,6,6,1.0,1.0,xi+1.000000_eta+1.000000,0.012,0.012,0.060000000000000005,Conventional,C,7,399147058,square|xi+1.000000_eta+1.000000|C|r07,cached,488
-5670.212533463596,495.36826580529777,10000,11903,311.88533703400026,False,1,Maximum number of iterations has been exceeded.,1,0.8502322359975527,3.3306690738754696e-16,True,w+,10000,False,square,Square,6,6,1.0,1.0,xi+1.000000_eta+1.000000,0.012,0.012,0.060000000000000005,Conventional,C,8,191783457,square|xi+1.000000_eta+1.000000|C|r08,cached,489
-5672.360852183811,484.4071516024357,10000,11852,120.99989776200528,False,1,Maximum number of iterations has been exceeded.,1,0.8021719901251677,0.0,True,w+,10000,False,square,Square,6,6,1.0,1.0,xi+1.000000_eta+1.000000,0.012,0.012,0.060000000000000005,Conventional,C,9,528942009,square|xi+1.000000_eta+1.000000|C|r09,cached,490
