case_id,method,levels,nominal_bits,phase_step_deg,objective,objective_gap_relative,objective_retention_pct,equilibrium_shift_mm,stiffness_retention_pct,stiffness_absolute_error_pct,continuous_FE_time_ms,total_synthesis_time_ms,total_time_ratio_to_continuous,candidate_evaluations,accepted_moves,sweeps,discrete_coordinate_converged,transition_time_median_ms,transition_time_q25_ms,transition_time_q75_ms,timing_repeats,root_x_m,root_y_m,root_z_m,root_target_mm,root_force_scaled,root_converged,root_stiffness_min,root_stiffness_mid,root_stiffness_max,root_stable,root_solver
X+0_Y+0_Z45,fixed_nearest,4,2.0,90.0,-153.61946204146716,0.20391686550400515,79.60831344959949,0.3473335553265261,80.6917199045206,19.308280095479404,5515.837592000025,5516.096546000025,1.000046947357619,1,0,0,True,0.25895399999999996,0.23237,0.330491,9,7.676290537305475e-18,4.257425864252948e-18,0.044596581705905476,0.4034182940945222,7.72822979504568e-13,True,1.5930049244030306e-05,0.00023368648549304885,0.0002336864854930565,True,root
X+0_Y+0_Z45,best_offset,4,2.0,90.0,-163.55049943229454,0.15245247896193595,84.75475210380641,0.2683650017431538,83.57766890754526,16.42233109245474,5515.837592000025,5540.9413420000255,1.004551212681898,256,0,0,True,25.103749999999998,24.881618,36.002307,9,3.1995202804014516e-18,7.841647635201423e-19,0.04467555025948885,0.3244497405111499,8.782218216349921e-13,True,1.649978935848494e-05,0.0002486695168961826,0.00024866951689619043,True,root
X+0_Y+0_Z45,offset_allQ_CD,4,2.0,90.0,-163.55049943229454,0.15245247896193595,84.75475210380641,0.2683650017431538,83.57766890754526,16.42233109245474,5515.837592000025,5552.253856000026,1.0066021276719272,1276,0,1,True,36.416264,33.159988,47.307103,9,3.1995202804014516e-18,7.841647635201423e-19,0.04467555025948885,0.3244497405111499,8.782218216349921e-13,True,1.649978935848494e-05,0.0002486695168961826,0.00024866951689619043,True,root
X+0_Y+0_Z45,adaptive_coarse_CD,4,2.0,90.0,-163.55049943229454,0.15245247896193595,84.75475210380641,0.2683650017431538,83.57766890754526,16.42233109245474,5515.837592000025,5552.253856000026,1.0066021276719272,1276,0,1,True,36.416264,33.159988,47.307103,9,3.1995202804014516e-18,7.841647635201423e-19,0.04467555025948885,0.3244497405111499,8.782218216349921e-13,True,1.649978935848494e-05,0.0002486695168961826,0.00024866951689619043,True,root
X+0_Y+0_Z45,fixed_nearest,8,3.0,45.0,-185.16019060055038,0.040467249668060326,95.95327503319396,0.29126051798243624,95.94335789131445,4.056642108685551,5515.837592000025,5516.266972000025,1.000077844931588,1,0,0,True,0.42938,0.30512,3.163468,9,-9.901420066011598e-14,-6.967100784079117e-16,0.04523517577921444,0.23517577921444016,7.073917301887906e-09,True,1.8941006805341847e-05,0.00028000700589740353,0.000280007005897411,True,root
X+0_Y+0_Z45,best_offset,8,3.0,45.0,-185.67741789036089,0.03778688666816862,96.22131133318314,0.05121182525688606,94.23697174992529,5.763028250074711,5515.837592000025,5543.049407000025,1.0049333967046938,256,0,0,True,27.211814999999998,25.896977,37.251697,9,-6.917394841242537e-16,4.5016355972921314e-14,0.044892703435975116,0.10729656402488214,3.158128142778735e-09,True,1.8604134381581085e-05,0.0002813916076721695,0.0002813916076721731,True,root
X+0_Y+0_Z45,offset_allQ_CD,8,3.0,45.0,-185.67741789036094,0.03778688666816833,96.22131133318317,0.05121182525688606,94.23697174992529,5.763028250074711,5515.837592000025,5567.017850000026,1.009278782623011,2296,0,1,True,51.180257999999995,44.689958999999995,59.383647999999994,9,-6.917394841242537e-16,4.5016355972921314e-14,0.044892703435975116,0.10729656402488214,3.158128142778735e-09,True,1.8604134381581085e-05,0.0002813916076721695,0.0002813916076721731,True,root
X+0_Y+0_Z45,adaptive_coarse_CD,8,3.0,45.0,-185.67741789036094,0.03778688666816833,96.22131133318317,0.05121182525688606,94.23697174992529,5.763028250074711,5515.837592000025,5567.017850000026,1.009278782623011,2296,0,1,True,51.180257999999995,44.689958999999995,59.383647999999994,9,-6.917394841242537e-16,4.5016355972921314e-14,0.044892703435975116,0.10729656402488214,3.158128142778735e-09,True,1.8604134381581085e-05,0.0002813916076721695,0.0002813916076721731,True,root
X+0_Y+0_Z45,fixed_nearest,10,3.321928094887362,36.0,-186.3365214877913,0.034371295630241765,96.56287043697583,0.06538535043130317,96.0470428632323,3.9529571367676937,5515.837592000025,5516.041051000026,1.0000368863289766,1,0,0,True,0.203459,0.19406199999999998,0.304755,9,6.971698360372214e-18,1.3677580461984062e-17,0.0448785299108007,0.12147008919929925,1.7221403831207105e-12,True,1.8961476151025292e-05,0.00027776719698588854,0.00028684257173816965,True,root
X+0_Y+0_Z45,best_offset,10,3.321928094887362,36.0,-187.20477588704807,0.02987184826520869,97.01281517347913,0.07367383073710043,97.05358503813476,2.946414961865244,5515.837592000025,5542.002873000025,1.0047436641423142,256,0,0,True,26.165281,25.903691,36.611726999999995,9,4.6692086593500995e-18,5.385491251411763e-18,0.0450175890919691,0.017589091969104353,9.610096264076933e-13,True,1.9160186333821768e-05,0.0002785400138876295,0.00028793585654483616,True,root
X+0_Y+0_Z45,offset_allQ_CD,10,3.321928094887362,36.0,-187.20477588704807,0.02987184826520869,97.01281517347913,0.07367383073710043,97.05358503813476,2.946414961865244,5515.837592000025,5563.754947000025,1.008687230941951,2806,0,1,True,47.917355,39.575495,62.762677,9,4.6692086593500995e-18,5.385491251411763e-18,0.0450175890919691,0.017589091969104353,9.610096264076933e-13,True,1.9160186333821768e-05,0.0002785400138876295,0.00028793585654483616,True,root
X+0_Y+0_Z45,adaptive_coarse_CD,10,3.321928094887362,36.0,-187.20477588704807,0.02987184826520869,97.01281517347913,0.07367383073710043,97.05358503813476,2.946414961865244,5515.837592000025,5563.754947000025,1.008687230941951,2806,0,1,True,47.917355,39.575495,62.762677,9,4.6692086593500995e-18,5.385491251411763e-18,0.0450175890919691,0.017589091969104353,9.610096264076933e-13,True,1.9160186333821768e-05,0.0002785400138876295,0.00028793585654483616,True,root
X+0_Y+0_Z45,fixed_nearest,16,4.0,22.5,-190.85498616565894,0.01095581509109403,98.9044184908906,0.13067646622779566,98.82655964719255,1.1734403528074466,5515.837592000025,5516.094903000026,1.0000466494880802,1,0,0,True,0.257311,0.23323,0.30457,9,1.9560983989385662e-15,9.21663657532839e-14,0.0450745917274598,0.07459172745979958,6.669581571759787e-09,True,1.951020456201328e-05,0.0002887694222650034,0.00028876942226500717,True,root
X+0_Y+0_Z45,best_offset,16,4.0,22.5,-190.93711335483303,0.010530217518259118,98.94697824817409,0.05963029680294136,99.1259040575959,0.8740959424040966,5515.837592000025,5540.846620000026,1.004534039950029,256,0,0,True,25.009027999999997,24.767453999999997,43.150482,9,1.393796358355849e-17,-7.190014921614914e-14,0.045003545558034944,0.003545558034945274,5.17428506120715e-09,True,1.956930072707573e-05,0.00028890879119149035,0.0002889087911914953,True,root
X+0_Y+0_Z45,offset_allQ_CD,16,4.0,22.5,-190.93711335483306,0.01053021751825897,98.9469782481741,0.05963029680294136,99.1259040575959,0.8740959424040966,5515.837592000025,5558.794704000025,1.0077879580904092,4336,0,1,True,42.957111999999995,33.182869,47.743414,9,1.393796358355849e-17,-7.190014921614914e-14,0.045003545558034944,0.003545558034945274,5.17428506120715e-09,True,1.956930072707573e-05,0.00028890879119149035,0.0002889087911914953,True,root
X+0_Y+0_Z45,adaptive_coarse_CD,16,4.0,22.5,-190.93711335483306,0.01053021751825897,98.9469782481741,0.05963029680294136,99.1259040575959,0.8740959424040966,5515.837592000025,5558.794704000025,1.0077879580904092,4336,0,1,True,42.957111999999995,33.182869,47.743414,9,1.393796358355849e-17,-7.190014921614914e-14,0.045003545558034944,0.003545558034945274,5.17428506120715e-09,True,1.956930072707573e-05,0.00028890879119149035,0.0002889087911914953,True,root
X+0_Y+0_Z45,fixed_nearest,32,5.0,11.25,-192.31741370772704,0.003377257750823015,99.6622742249177,0.054685819368613386,99.59266460390884,0.4073353960911561,5515.837592000025,5516.043476000025,1.0000373259720878,1,0,0,True,0.20588399999999998,0.18534899999999999,0.253916,9,-1.9355698927460514e-18,-5.498521345133468e-19,0.044998601080600616,0.001398919399382692,3.8378898523192947e-13,True,1.9661447957259123e-05,0.0002910425890482961,0.00029104258904829775,True,root
X+0_Y+0_Z45,best_offset,32,5.0,11.25,-192.40521595407898,0.0029222510312136517,99.70777489687863,0.027815560053205686,100.40758645204654,0.4075864520465444,5515.837592000025,5541.3680420000255,1.004628571739862,256,0,0,True,25.53045,24.55057,35.900183,9,4.575944564909396e-18,-1.0165463353223627e-17,0.0449160997011788,0.08390029882120176,6.754082532429804e-13,True,1.982232871660135e-05,0.0002913226818173263,0.00029132268181733057,True,root
X+0_Y+0_Z45,offset_allQ_CD,32,5.0,11.25,-192.40521595407893,0.0029222510312139466,99.7077748968786,0.027815560053205686,100.40758645204654,0.4075864520465444,5515.837592000025,5559.102918000025,1.0078438360953104,8416,0,1,True,43.265325999999995,32.863037999999996,49.372979,9,4.575944564909396e-18,-1.0165463353223627e-17,0.0449160997011788,0.08390029882120176,6.754082532429804e-13,True,1.982232871660135e-05,0.0002913226818173263,0.00029132268181733057,True,root
X+0_Y+0_Z45,adaptive_coarse_CD,32,5.0,11.25,-192.40521595407893,0.0029222510312139466,99.7077748968786,0.027815560053205686,100.40758645204654,0.4075864520465444,5515.837592000025,5559.102918000025,1.0078438360953104,8416,0,1,True,43.265325999999995,32.863037999999996,49.372979,9,4.575944564909396e-18,-1.0165463353223627e-17,0.0449160997011788,0.08390029882120176,6.754082532429804e-13,True,1.982232871660135e-05,0.0002913226818173263,0.00029132268181733057,True,root
X+0_Y+0_Z45,fixed_nearest,64,6.0,5.625,-192.83835180308935,0.0006776647023689227,99.93223352976311,0.06479083522828444,99.8700386531664,0.12996134683359628,5515.837592000025,5516.088341000025,1.0000454598228858,1,0,0,True,0.250749,0.23165899999999998,0.258172,9,7.129114573157726e-19,1.0861603827552691e-17,0.04487912442600372,0.12087557399628052,1.0826527353676538e-12,True,1.9716206763601546e-05,0.00029213657231171107,0.0002921365723117149,True,root
X+0_Y+0_Z45,best_offset,64,6.0,5.625,-192.83844770625666,0.000677167715248784,99.93228322847511,0.055274353460414705,99.82666605041479,0.17333394958521353,5515.837592000025,5547.733194000025,1.0057825491537786,256,0,0,True,31.895602,24.914040999999997,37.142002999999995,9,-5.161098535360223e-18,1.618430952296437e-17,0.04488864090777159,0.11135909222841078,2.452892093569945e-12,True,1.9707644203545915e-05,0.00029211505474662105,0.0002921150547466244,True,root
X+0_Y+0_Z45,offset_allQ_CD,64,6.0,5.625,-192.83844770625666,0.000677167715248784,99.93228322847511,0.055274353460414705,99.82666605041479,0.17333394958521353,5515.837592000025,5562.542796000025,1.0084674726586838,16576,0,1,True,46.705203999999995,40.488606999999995,47.89308,9,-5.161098535360223e-18,1.618430952296437e-17,0.04488864090777159,0.11135909222841078,2.452892093569945e-12,True,1.9707644203545915e-05,0.00029211505474662105,0.0002921150547466244,True,root
X+0_Y+0_Z45,adaptive_coarse_CD,64,6.0,5.625,-192.83844770625666,0.000677167715248784,99.93228322847511,0.055274353460414705,99.82666605041479,0.17333394958521353,5515.837592000025,5547.733194000025,1.0057825491537786,256,0,0,True,31.895602,24.914040999999997,37.142002999999995,9,-5.161098535360223e-18,1.618430952296437e-17,0.04488864090777159,0.11135909222841078,2.452892093569945e-12,True,1.9707644203545915e-05,0.00029211505474662105,0.0002921150547466244,True,root
X+0_Y+0_Z45,fixed_nearest,128,7.0,2.8125,-192.9292419986041,0.0002066556858107705,99.97933443141892,0.012237544909393673,99.90971146013747,0.09028853986252727,5515.837592000025,5516.0971540000255,1.000047057585665,1,0,0,True,0.259562,0.251642,0.286367,9,-6.672608929756865e-19,-4.731746698683676e-18,0.04493167771632261,0.06832228367738974,1.0281831684331902e-12,True,1.9724038915022364e-05,0.0002921193437234156,0.00029211934372341824,True,root
X+0_Y+0_Z45,best_offset,128,7.0,2.8125,-192.9348438895398,0.00017762569940203942,99.9822374300598,0.021556655471689785,99.93094650582577,0.06905349417422713,5515.837592000025,5562.791003000026,1.0085124716268115,256,0,0,True,46.953410999999996,37.879402999999996,57.652604999999994,9,6.079839101224073e-18,-1.6657710869864596e-17,0.04496547191670369,0.0345280832963063,2.2881132308013148e-12,True,1.9728231108768067e-05,0.00029204727950325515,0.0002920472795032561,True,root
X+0_Y+0_Z45,offset_allQ_CD,128,7.0,2.8125,-192.9348438895398,0.00017762569940203942,99.9822374300598,0.021556655471689785,99.93094650582577,0.06905349417422713,5515.837592000025,5551.187941000026,1.0064088814092842,32896,0,1,True,35.350349,34.908136999999996,45.961863,9,6.079839101224073e-18,-1.6657710869864596e-17,0.04496547191670369,0.0345280832963063,2.2881132308013148e-12,True,1.9728231108768067e-05,0.00029204727950325515,0.0002920472795032561,True,root
X+0_Y+0_Z45,adaptive_coarse_CD,128,7.0,2.8125,-192.9348438895398,0.00017762569940203942,99.9822374300598,0.021556655471689785,99.93094650582577,0.06905349417422713,5515.837592000025,5562.791003000026,1.0085124716268115,256,0,0,True,46.953410999999996,37.879402999999996,57.652604999999994,9,6.079839101224073e-18,-1.6657710869864596e-17,0.04496547191670369,0.0345280832963063,2.2881132308013148e-12,True,1.9728231108768067e-05,0.00029204727950325515,0.0002920472795032561,True,root
X+0_Y+0_Z45,fixed_nearest,256,8.0,1.40625,-192.96152246493105,3.9372618450435044e-05,99.99606273815496,0.003314289151096259,100.05207727238935,0.052077272389354334,5515.837592000025,5516.071666000025,1.0000424367099459,1,0,0,True,0.23407399999999998,0.223931,0.259822,9,-8.736603044900776e-19,-5.137404712339107e-18,0.044940600972080906,0.059399027919092295,1.5367744505400535e-13,True,1.975214457942662e-05,0.0002921402199309914,0.0002921402199309962,True,root
X+0_Y+0_Z45,best_offset,256,8.0,1.40625,-192.96209034749728,3.642975087791327e-05,99.99635702491221,0.012461506652745879,100.00675973107404,0.006759731074041042,5515.837592000025,5556.6452890000255,1.0073982774727062,256,0,0,True,40.807697,26.825069,61.670823999999996,9,-7.854224864192872e-18,1.7117751779911433e-17,0.04495637676788475,0.04362323211525021,1.1273661468799786e-12,True,1.9743198052253502e-05,0.0002921015360871686,0.00029210153608717646,True,root
X+0_Y+0_Z45,offset_allQ_CD,256,8.0,1.40625,-192.96209034749728,3.642975087791327e-05,99.99635702491221,0.012461506652745879,100.00675973107404,0.006759731074041042,5515.837592000025,5564.982115000025,1.0089097117491779,65536,0,1,True,49.144523,38.402082,56.917051,9,-7.854224864192872e-18,1.7117751779911433e-17,0.04495637676788475,0.04362323211525021,1.1273661468799786e-12,True,1.9743198052253502e-05,0.0002921015360871686,0.00029210153608717646,True,root
X+0_Y+0_Z45,adaptive_coarse_CD,256,8.0,1.40625,-192.96209034749728,3.642975087791327e-05,99.99635702491221,0.012461506652745879,100.00675973107404,0.006759731074041042,5515.837592000025,5556.6452890000255,1.0073982774727062,256,0,0,True,40.807697,26.825069,61.670823999999996,9,-7.854224864192872e-18,1.7117751779911433e-17,0.04495637676788475,0.04362323211525021,1.1273661468799786e-12,True,1.9743198052253502e-05,0.0002921015360871686,0.00029210153608717646,True,root
X+0_Y+0_Z45,fixed_nearest,512,9.0,0.703125,-192.96676587889615,1.22003229005823e-05,99.99877996770994,0.008781812305111452,99.98259779805399,0.017402201946012497,5515.837592000025,5516.0704980000255,1.0000422249560679,1,0,0,True,0.232906,0.216169,0.246604,9,-4.511938130938625e-18,-7.559483516700945e-18,0.044952697073537114,0.04730292646288464,2.08726380573298e-12,True,1.9738428036404345e-05,0.0002921169263123983,0.00029211692631240155,True,root
X+0_Y+0_Z45,best_offset,512,9.0,0.703125,-192.9670105869631,1.093220255702816e-05,99.9989067797443,0.0030318294970896787,100.03202054351678,0.0320205435167793,5515.837592000025,5543.2948200000255,1.0049778891314392,256,0,0,True,27.457227999999997,26.820428,37.020103999999996,9,3.0410790701598258e-18,-8.861620213780777e-18,0.04494088343173491,0.05911656826508571,2.1091826020434366e-12,True,1.9748185007378925e-05,0.000292147214118866,0.00029214721411886644,True,root
X+0_Y+0_Z45,offset_allQ_CD,512,9.0,0.703125,-192.9670105869631,1.093220255702816e-05,99.9989067797443,0.0030318294970896787,100.03202054351678,0.0320205435167793,5515.837592000025,5574.083626000025,1.0105597804555517,130816,0,1,True,58.246033999999995,47.145081999999995,61.579732,9,3.0410790701598258e-18,-8.861620213780777e-18,0.04494088343173491,0.05911656826508571,2.1091826020434366e-12,True,1.9748185007378925e-05,0.000292147214118866,0.00029214721411886644,True,root
X+0_Y+0_Z45,adaptive_coarse_CD,512,9.0,0.703125,-192.9670105869631,1.093220255702816e-05,99.9989067797443,0.0030318294970896787,100.03202054351678,0.0320205435167793,5515.837592000025,5543.2948200000255,1.0049778891314392,256,0,0,True,27.457227999999997,26.820428,37.020103999999996,9,3.0410790701598258e-18,-8.861620213780777e-18,0.04494088343173491,0.05911656826508571,2.1091826020434366e-12,True,1.9748185007378925e-05,0.000292147214118866,0.00029214721411886644,True,root
X+0_Y+0_Z45,fixed_nearest,1024,10.0,0.3515625,-192.96852926933852,3.062122753013039e-06,99.9996937877247,0.0009959959462320373,100.00786776302043,0.007867763020428242,5515.837592000025,5516.041747000026,1.000037012511082,1,0,0,True,0.204155,0.191667,0.20715,9,-1.6887317378248404e-17,-3.9067773009089766e-18,0.04494291926528577,0.057080734714227976,9.88427009125448e-13,True,1.9743416798408508e-05,0.00029214726430818936,0.00029214726430819304,True,root
X+0_Y+0_Z45,best_offset,1024,10.0,0.3515625,-192.96860990456543,2.6442567916648386e-06,99.99973557432084,0.0018003350907917152,99.99745365710372,0.002546342896280862,5515.837592000025,5547.591573000025,1.0057568738147864,256,0,0,True,31.753981,30.33447,37.887313,9,1.2170976358773552e-17,5.54652610456947e-18,0.04494211492614121,0.05788507385878772,4.91691990639121e-13,True,1.9741360859827923e-05,0.0002921492054209862,0.00029214920542099826,True,root
X+0_Y+0_Z45,offset_allQ_CD,1024,10.0,0.3515625,-192.96860990456543,2.6442567916648386e-06,99.99973557432084,0.0018003350907917152,99.99745365710372,0.002546342896280862,5515.837592000025,5596.810936000025,1.0146801537662096,261376,0,1,True,80.973344,72.94142599999999,90.884767,9,1.2170976358773552e-17,5.54652610456947e-18,0.04494211492614121,0.05788507385878772,4.91691990639121e-13,True,1.9741360859827923e-05,0.0002921492054209862,0.00029214920542099826,True,root
X+0_Y+0_Z45,adaptive_coarse_CD,1024,10.0,0.3515625,-192.96860990456543,2.6442567916648386e-06,99.99973557432084,0.0018003350907917152,99.99745365710372,0.002546342896280862,5515.837592000025,5547.591573000025,1.0057568738147864,256,0,0,True,31.753981,30.33447,37.887313,9,1.2170976358773552e-17,5.54652610456947e-18,0.04494211492614121,0.05788507385878772,4.91691990639121e-13,True,1.9741360859827923e-05,0.0002921492054209862,0.00029214920542099826,True,root
X+0_Y+0_Z45,fixed_nearest,2048,11.0,0.17578125,-192.9689666820907,7.953727579656067e-07,99.9999204627242,3.7956953868372744e-05,99.99916505748327,0.0008349425167324398,5515.837592000025,5516.150168000026,1.000056668818613,1,0,0,True,0.31257599999999996,0.286798,0.35400899999999996,9,6.803473545890409e-18,2.3617556546137935e-17,0.04494387730427814,0.056122695721860794,1.634944650325989e-12,True,1.9741698722155736e-05,0.0002921438528455552,0.0002921438528455598,True,root
X+0_Y+0_Z45,best_offset,2048,11.0,0.17578125,-192.9689816961861,7.175670687263906e-07,99.99992824329313,0.0011368223504783059,99.99715441755396,0.002845582446042272,5515.837592000025,5542.761701000025,1.0048812367207927,256,0,0,True,26.924108999999998,26.435655999999998,36.573488,9,1.114427063346084e-17,-3.3277167395626845e-18,0.044942778438881524,0.05722156111847426,1.2256223119082247e-12,True,1.9741301784364303e-05,0.00029214741800475346,0.0002921474180047637,True,root
X+0_Y+0_Z45,offset_allQ_CD,2048,11.0,0.17578125,-192.9689816961861,7.175670687263906e-07,99.99992824329313,0.0011368223504783059,99.99715441755396,0.002845582446042272,5515.837592000025,5631.006629000025,1.0208797005131254,522496,0,1,True,115.16903699999999,112.48060199999999,123.419242,9,1.114427063346084e-17,-3.3277167395626845e-18,0.044942778438881524,0.05722156111847426,1.2256223119082247e-12,True,1.9741301784364303e-05,0.00029214741800475346,0.0002921474180047637,True,root
X+0_Y+0_Z45,adaptive_coarse_CD,2048,11.0,0.17578125,-192.9689816961861,7.175670687263906e-07,99.99992824329313,0.0011368223504783059,99.99715441755396,0.002845582446042272,5515.837592000025,5542.761701000025,1.0048812367207927,256,0,0,True,26.924108999999998,26.435655999999998,36.573488,9,1.114427063346084e-17,-3.3277167395626845e-18,0.044942778438881524,0.05722156111847426,1.2256223119082247e-12,True,1.9741301784364303e-05,0.00029214741800475346,0.0002921474180047637,True,root
X+10_Y+0_Z45,fixed_nearest,4,2.0,90.0,-218.17501340733978,0.18330040455958554,81.66995954404145,0.18123880883954657,83.91564967108603,16.08435032891397,7335.872416000711,7336.210666000711,1.0000461090352746,1,0,0,True,0.33825,0.303323,0.395231,9,0.009981593173529476,-2.665667825552872e-05,0.04472383374370433,0.27805968940624703,2.7471818756356824e-08,True,1.624082330535298e-05,0.00023187829417981417,0.00023917397705324955,True,root
X+10_Y+0_Z45,best_offset,4,2.0,90.0,-225.57051638674693,0.15561664647458656,84.43833535254134,0.042178579603461615,83.01769966053114,16.982300339468864,7335.872416000711,7361.761686000711,1.003529133078096,256,0,0,True,25.88927,24.832469,35.896637999999996,9,0.010006793427232399,-3.752636462402077e-05,0.04488790057772483,0.11840886440585378,1.8675931899199794e-11,True,1.606703632383496e-05,0.0002397272007330258,0.0002472448754134038,True,root
X+10_Y+0_Z45,offset_allQ_CD,4,2.0,90.0,-225.62201488589082,0.155423870946538,84.4576129053462,0.09672565487846795,83.36392924555837,16.636070754441633,7335.872416000711,7399.438018000711,1.0086650364667402,2296,2,2,True,63.565602,49.604814999999995,75.462857,9,0.009997585842214206,-1.537095510614569e-05,0.044807111118395415,0.1935154129917221,2.6078623676606643e-11,True,1.613404472495624e-05,0.0002396974847902467,0.0002472284403760288,True,root
X+10_Y+0_Z45,adaptive_coarse_CD,4,2.0,90.0,-225.62201488589082,0.155423870946538,84.4576129053462,0.09672565487846795,83.36392924555837,16.636070754441633,7335.872416000711,7399.438018000711,1.0086650364667402,2296,2,2,True,63.565602,49.604814999999995,75.462857,9,0.009997585842214206,-1.537095510614569e-05,0.044807111118395415,0.1935154129917221,2.6078623676606643e-11,True,1.613404472495624e-05,0.0002396974847902467,0.0002472284403760288,True,root
X+10_Y+0_Z45,fixed_nearest,8,3.0,45.0,-255.71935623795997,0.0427597939645677,95.72402060354322,0.13679778165591674,92.54579824570514,7.454201754294857,7335.872416000711,7336.080730000712,1.0000283966225403,1,0,0,True,0.208314,0.181693,0.22192599999999998,9,0.010005699193970784,-3.3733577876615473e-05,0.04503460704700551,0.048662950904315765,1.8383438101870294e-08,True,1.7911080505871645e-05,0.00027347862917439955,0.000278034259954945,True,root
X+10_Y+0_Z45,best_offset,8,3.0,45.0,-256.55629708292554,0.03962685385920941,96.03731461407907,0.04733234626448773,93.91747238063172,6.082527619368278,7335.872416000711,7360.823356000711,1.003401223274491,256,0,0,True,24.95094,24.745459999999998,39.552006,9,0.009996313515805554,-1.499695924273247e-05,0.044947297111579215,0.054918971222498246,8.833883103166527e-09,True,1.817655086027136e-05,0.0002712499168446808,0.0002815712465999654,True,root
X+10_Y+0_Z45,offset_allQ_CD,8,3.0,45.0,-256.62824437397325,0.03935753189344429,96.06424681065558,0.07581741499147586,94.42786760297184,5.572132397028156,7335.872416000711,7375.091029000711,1.005346141641512,4336,2,2,True,39.218613,38.547015,52.238136,9,0.010001603761725392,-5.255886766249645e-06,0.04497787520413157,0.022796995187764343,7.829842379918218e-09,True,1.8275331465014484e-05,0.000270842061608771,0.0002817966221772247,True,root
X+10_Y+0_Z45,adaptive_coarse_CD,8,3.0,45.0,-256.62824437397325,0.03935753189344429,96.06424681065558,0.07581741499147586,94.42786760297184,5.572132397028156,7335.872416000711,7375.091029000711,1.005346141641512,4336,2,2,True,39.218613,38.547015,52.238136,9,0.010001603761725392,-5.255886766249645e-06,0.04497787520413157,0.022796995187764343,7.829842379918218e-09,True,1.8275331465014484e-05,0.000270842061608771,0.0002817966221772247,True,root
X+10_Y+0_Z45,fixed_nearest,10,3.321928094887362,36.0,-258.39891498402517,0.03272933946983384,96.72706605301661,0.12181852651109523,97.70699828313028,2.2930017168697248,7335.872416000711,7336.110231000712,1.0000324180937883,1,0,0,True,0.237815,0.22241,0.271705,9,0.009977953076276354,-5.856335146789156e-05,0.045007741173895235,0.06305282510803421,5.324767497535311e-09,True,1.8909966150920574e-05,0.00027409166777146395,0.0002832366629095714,True,root
X+10_Y+0_Z45,best_offset,10,3.321928094887362,36.0,-258.91996236053234,0.03077889072250548,96.92211092774944,0.09471207728942117,96.76177124989188,3.238228750108121,7335.872416000711,7371.670779000711,1.004879905343217,256,0,0,True,35.798363,32.679556,42.817799,9,0.009998662515764744,-5.125232509232906e-06,0.044808031379642996,0.1920416831683274,1.955631784364257e-09,True,1.8727029293606852e-05,0.00027566099591370085,0.0002825590820017471,True,root
X+10_Y+0_Z45,offset_allQ_CD,10,3.321928094887362,36.0,-258.9329694284695,0.03073020106296909,96.92697989370309,0.0536620499104345,96.47615359453965,3.523846405460347,7335.872416000711,7392.033057000712,1.0076556185570382,7906,3,3,True,56.160641,46.822309,60.240843,9,0.009996852275384323,-1.359978502725131e-06,0.044848913472297615,0.15112543321673919,1.2331423594303827e-09,True,1.8671751572566184e-05,0.00027566217510860674,0.0002822843662006438,True,root
X+10_Y+0_Z45,adaptive_coarse_CD,10,3.321928094887362,36.0,-258.9329694284695,0.03073020106296909,96.92697989370309,0.0536620499104345,96.47615359453965,3.523846405460347,7335.872416000711,7392.033057000712,1.0076556185570382,7906,3,3,True,56.160641,46.822309,60.240843,9,0.009996852275384323,-1.359978502725131e-06,0.044848913472297615,0.15112543321673919,1.2331423594303827e-09,True,1.8671751572566184e-05,0.00027566217510860674,0.0002822843662006438,True,root
X+10_Y+0_Z45,fixed_nearest,16,4.0,22.5,-262.9753409736758,0.015598297761897579,98.44017022381024,0.04858780727576682,98.52167822263183,1.4783217773681656,7335.872416000711,7336.186635000711,1.0000428332149445,1,0,0,True,0.31421899999999997,0.295239,0.349238,9,0.01001515952104159,4.217690382660379e-05,0.04491720726647278,0.09414530800585666,1.638281343009737e-08,True,1.9067637252791567e-05,0.0002793734144038637,0.0002878005410536129,True,root
X+10_Y+0_Z45,best_offset,16,4.0,22.5,-264.0704788535055,0.01149884269855125,98.85011573014488,0.05489515825852937,98.91782395238192,1.082176047618077,7335.872416000711,7361.2639870007115,1.0034612885230416,256,0,0,True,25.391571,24.910515999999998,28.752219,9,0.009995750221125848,-1.453864549017327e-05,0.0448496854822428,0.15107576603064693,9.586073334774965e-09,True,1.9144306298735427e-05,0.00028137785686417204,0.00028777673538894646,True,root
X+10_Y+0_Z45,offset_allQ_CD,16,4.0,22.5,-264.0856652377119,0.011441995153803243,98.85580048461968,0.062354440725283705,98.85529316366089,1.144706836339111,7335.872416000711,7386.317920000712,1.0068765514364686,8416,2,2,True,50.445504,41.350297,54.864487,9,0.009993933173576835,-2.5792510332281197e-06,0.04484025523289397,0.15988073535138717,1.3186652897356461e-08,True,1.9132204247512047e-05,0.00028167041149907074,0.000287419435017728,True,root
X+10_Y+0_Z45,adaptive_coarse_CD,16,4.0,22.5,-264.0856652377119,0.011441995153803243,98.85580048461968,0.062354440725283705,98.85529316366089,1.144706836339111,7335.872416000711,7386.317920000712,1.0068765514364686,8416,2,2,True,50.445504,41.350297,54.864487,9,0.009993933173576835,-2.5792510332281197e-06,0.04484025523289397,0.15988073535138717,1.3186652897356461e-08,True,1.9132204247512047e-05,0.00028167041149907074,0.000287419435017728,True,root
X+10_Y+0_Z45,fixed_nearest,32,5.0,11.25,-266.24651760089034,0.003353226310602055,99.66467736893979,0.027671464820477387,99.55363978505102,0.4463602149489816,7335.872416000711,7336.161026000711,1.0000393422872744,1,0,0,True,0.28861,0.251666,0.405468,9,0.009997165895584718,-7.016347955454773e-06,0.044875913205914005,0.12431731075360569,6.337772529041264e-09,True,1.9267360492245207e-05,0.0002836719751967032,0.00028994870954179006,True,root
X+10_Y+0_Z45,best_offset,32,5.0,11.25,-266.3164728139023,0.003091361336820017,99.690863866318,0.07239995613415692,99.92043155586147,0.07956844413853048,7335.872416000711,7393.658937000711,1.0078772527278361,256,0,0,True,57.786521,47.360319,60.851146,9,0.009988705318702492,-2.458100028099819e-06,0.044830482146437575,0.16991149095270616,1.098085614967707e-08,True,1.9338348446970445e-05,0.0002839643389099447,0.0002900098609563028,True,root
X+10_Y+0_Z45,offset_allQ_CD,32,5.0,11.25,-266.3209264129737,0.0030746900759682483,99.69253099240318,0.06955370599573873,99.88374985503498,0.11625014496502217,7335.872416000711,7418.073406000712,1.011205346186325,41056,8,5,False,82.20098999999999,77.70097299999999,83.314638,9,0.009992769326704159,6.633461225317124e-07,0.04483301997157931,0.16713782503001154,1.4099153562345794e-08,True,1.933124916305859e-05,0.0002838448790151367,0.00029009078685879905,True,root
X+10_Y+0_Z45,adaptive_coarse_CD,32,5.0,11.25,-266.3209264129737,0.0030746900759682483,99.69253099240318,0.06955370599573873,99.88374985503498,0.11625014496502217,7335.872416000711,7418.073406000712,1.011205346186325,41056,8,5,False,82.20098999999999,77.70097299999999,83.314638,9,0.009992769326704159,6.633461225317124e-07,0.04483301997157931,0.16713782503001154,1.4099153562345794e-08,True,1.933124916305859e-05,0.0002838448790151367,0.00029009078685879905,True,root
X+10_Y+0_Z45,fixed_nearest,64,6.0,5.625,-266.9057798576707,0.0008853945915021915,99.91146054084979,0.0351032540961183,100.01686827026415,0.016868270264154717,7335.872416000711,7336.1326280007115,1.0000354711730581,1,0,0,True,0.260212,0.232982,0.293968,9,0.010001223736945238,-3.0575591033259283e-06,0.044936961205558186,0.06312476379724948,3.291590342532655e-08,True,1.9357012565581237e-05,0.00028465897786322824,0.0002899664673937774,True,root
X+10_Y+0_Z45,best_offset,64,6.0,5.625,-266.93128021749055,0.0007899385022681915,99.92100614977318,0.005245332841647217,99.84384873227751,0.15615126772249255,7335.872416000711,7367.233870000711,1.004275081711017,256,0,0,True,31.361454,25.904311999999997,36.028867999999996,9,0.009995531600514048,-5.753870488726599e-07,0.044907688161466654,0.09242171388601465,4.528458947544616e-09,True,1.932352680034163e-05,0.00028434112646834434,0.00029048428962074365,True,root
X+10_Y+0_Z45,offset_allQ_CD,64,6.0,5.625,-266.932029247253,0.0007871346417599685,99.92128653582401,0.007372203652235752,99.84348538977342,0.15651461022657998,7335.872416000711,7388.722308000712,1.00720430904506,32896,3,2,True,52.849892,44.157368,53.707339,9,0.009995800218542404,2.329709171024163e-07,0.0449098815887957,0.0902165199823573,4.6052699174429955e-09,True,1.9323456479949293e-05,0.0002841304808534997,0.00029067465658524276,True,root
X+10_Y+0_Z45,adaptive_coarse_CD,64,6.0,5.625,-266.93128021749055,0.0007899385022681915,99.92100614977318,0.005245332841647217,99.84384873227751,0.15615126772249255,7335.872416000711,7367.233870000711,1.004275081711017,256,0,0,True,31.361454,25.904311999999997,36.028867999999996,9,0.009995531600514048,-5.753870488726599e-07,0.044907688161466654,0.09242171388601465,4.528458947544616e-09,True,1.932352680034163e-05,0.00028434112646834434,0.00029048428962074365,True,root
X+10_Y+0_Z45,fixed_nearest,128,7.0,2.8125,-267.08782946507205,0.0002039240674822924,99.97960759325177,0.005170550719769106,100.0145325393521,0.014532539352103413,7335.872416000711,7336.073831000712,1.000027456175432,1,0,0,True,0.20141499999999998,0.17943699999999999,0.255555,9,0.00999281400908533,8.183001069488801e-07,0.04489802268427948,0.10223346322047595,6.23327188791737e-10,True,1.9356560514108356e-05,0.0002850158423382983,0.0002901905500961155,True,root
X+10_Y+0_Z45,best_offset,128,7.0,2.8125,-267.0924991168333,0.0001864440515779903,99.9813555948422,0.0028005294372223546,99.98558119953422,0.014418800465776371,7335.872416000711,7362.129865000711,1.0035793219280542,256,0,0,True,26.257448999999998,25.629911,39.878586999999996,9,0.009995020694587312,-2.1678181480511186e-07,0.04490525819555043,0.09487280952468759,4.934123175475118e-09,True,1.9350957344779652e-05,0.0002849678827629858,0.0002902117385239834,True,root
X+10_Y+0_Z45,offset_allQ_CD,128,7.0,2.8125,-267.09273152351426,0.00018557407825091593,99.9814425921749,0.0016464893029881657,99.9511158457947,0.04888415420529668,7335.872416000711,7415.485369000711,1.0108525542001454,130816,5,4,True,79.61295299999999,77.224396,83.882548,9,0.009994963329811353,1.9253885129484398e-07,0.04490092216894551,0.09920595609266397,4.712818471178125e-09,True,1.9344287007096108e-05,0.00028501847711736217,0.0002901905481644973,True,root
X+10_Y+0_Z45,adaptive_coarse_CD,128,7.0,2.8125,-267.0924991168333,0.0001864440515779903,99.9813555948422,0.0028005294372223546,99.98558119953422,0.014418800465776371,7335.872416000711,7362.129865000711,1.0035793219280542,256,0,0,True,26.257448999999998,25.629911,39.878586999999996,9,0.009995020694587312,-2.1678181480511186e-07,0.04490525819555043,0.09487280952468759,4.934123175475118e-09,True,1.9350957344779652e-05,0.0002849678827629858,0.0002902117385239834,True,root
X+10_Y+0_Z45,fixed_nearest,256,8.0,1.40625,-267.12910816393253,4.940455521935798e-05,99.99505954447805,0.0014379638930433266,99.99248233388494,0.007517666115063548,7335.872416000711,7336.074676000711,1.0000275713628224,1,0,0,True,0.20226,0.180621,0.217684,9,0.009994200897881408,1.2484291741113306e-06,0.0449025864311522,0.09759401393758564,5.459996406109544e-09,True,1.9352292972925722e-05,0.00028480030302806557,0.00029047923322202606,True,root
X+10_Y+0_Z45,best_offset,256,8.0,1.40625,-267.12995663542375,4.62284521780266e-05,99.99537715478219,0.005574775156690769,99.99856275469551,0.001437245304487078,7335.872416000711,7361.252657000711,1.0034597440577948,256,0,0,True,25.380240999999998,24.589197,38.2864,9,0.009995685759581268,1.2210684217856838e-06,0.04489703647741349,0.10306110159465262,7.656048634987506e-09,True,1.9353469762242065e-05,0.00028480549612607925,0.00029049888461841377,True,root
X+10_Y+0_Z45,offset_allQ_CD,256,8.0,1.40625,-267.13048660911835,4.4244589336852084e-05,99.99557554106632,0.0062615427856712825,99.99979586312875,0.00020413687124687385,7335.872416000711,7423.051799000711,1.0118839829888326,196096,9,3,True,87.179383,77.733746,92.425752,9,0.00999505352284715,5.288045600161224e-07,0.04489627329652884,0.10384592569514066,7.2034503886257096e-09,True,1.935370841493985e-05,0.0002848610882218804,0.000290447811767711,True,root
X+10_Y+0_Z45,adaptive_coarse_CD,256,8.0,1.40625,-267.12995663542375,4.62284521780266e-05,99.99537715478219,0.005574775156690769,99.99856275469551,0.001437245304487078,7335.872416000711,7361.252657000711,1.0034597440577948,256,0,0,True,25.380240999999998,24.589197,38.2864,9,0.009995685759581268,1.2210684217856838e-06,0.04489703647741349,0.10306110159465262,7.656048634987506e-09,True,1.9353469762242065e-05,0.00028480549612607925,0.00029049888461841377,True,root
X+10_Y+0_Z45,fixed_nearest,512,9.0,0.703125,-267.1389846835639,1.243354987228179e-05,99.99875664501278,0.0017432362903935198,100.00672695491625,0.006726954916246086,7335.872416000711,7336.122501000711,1.0000340906964869,1,0,0,True,0.250085,0.22433499999999998,0.270015,9,0.009995170976175026,4.849755997600144e-07,0.04490079548264905,0.09932316414245247,5.6456461988025314e-09,True,1.935504984097272e-05,0.0002848239722721793,0.00029047925645933506,True,root
X+10_Y+0_Z45,best_offset,512,9.0,0.703125,-267.13929205041666,1.1282976392774773e-05,99.99887170236073,0.0010321872770298892,99.99439005926602,0.0056099407339758045,7335.872416000711,7361.7120290007115,1.0035223640127164,256,0,0,True,25.839613,25.791819,36.61895,9,0.009995383572949516,3.882507684582153e-07,0.044903554280489456,0.09655692077359235,3.963625479167887e-09,True,1.935266218928704e-05,0.0002848702241363212,0.0002904225238035113,True,root
X+10_Y+0_Z45,offset_allQ_CD,512,9.0,0.703125,-267.13929498817333,1.1271979419970962e-05,99.998872802058,0.0012821168972761518,99.9930970687445,0.006902931255496014,7335.872416000711,7427.877857000712,1.0125418540267033,261376,1,2,True,92.00544099999999,82.25129199999999,102.055357,9,0.009995307917056648,3.3184726964028654e-07,0.044903808712786354,0.0963062277361929,3.988367715168336e-09,True,1.935241194716084e-05,0.00028487648471942745,0.0002904148737488755,True,root
X+10_Y+0_Z45,adaptive_coarse_CD,512,9.0,0.703125,-267.13929205041666,1.1282976392774773e-05,99.99887170236073,0.0010321872770298892,99.99439005926602,0.0056099407339758045,7335.872416000711,7361.7120290007115,1.0035223640127164,256,0,0,True,25.839613,25.791819,36.61895,9,0.009995383572949516,3.882507684582153e-07,0.044903554280489456,0.09655692077359235,3.963625479167887e-09,True,1.935266218928704e-05,0.0002848702241363212,0.0002904225238035113,True,root
X+10_Y+0_Z45,fixed_nearest,1024,10.0,0.3515625,-267.1414829271816,3.081816509100252e-06,99.99969181834909,0.00043416166729836583,100.00197980676214,0.0019798067621366044,7335.872416000711,7336.193029000711,1.0000437048222512,1,0,0,True,0.320613,0.290657,0.432585,9,0.009995503080187148,2.9943923305321194e-07,0.04490214084577928,0.09796288080927307,4.849717239451001e-09,True,1.935413108988544e-05,0.00028482045160492135,0.00029048151543278335,True,root
X+10_Y+0_Z45,best_offset,1024,10.0,0.3515625,-267.1415130731252,2.9689704980448036e-06,99.99970310295019,0.0003608482749410882,100.00110842382932,0.0011084238293221915,7335.872416000711,7362.273761000712,1.0035989373182683,256,0,0,True,26.401345,26.193265,26.74234,9,0.009995269824574956,2.164516330006817e-07,0.04490286692535274,0.09724842210180724,5.634265038929799e-09,True,1.9353962444629177e-05,0.00028481221895038745,0.000290486407060221,True,root
X+10_Y+0_Z45,offset_allQ_CD,1024,10.0,0.3515625,-267.14152197421254,2.9356508511539455e-06,99.99970643491488,0.00036918916614156125,100.00056428515612,0.0005642851561162843,7335.872416000711,7471.364119000711,1.0184697463800585,522496,2,2,True,135.491703,113.03093899999999,149.878382,9,0.009995293504028299,3.4678529074286183e-07,0.044902895213867144,0.09721939546344037,5.658772234477809e-09,True,1.935385713340201e-05,0.0002848039042495607,0.00029049423676007994,True,root
X+10_Y+0_Z45,adaptive_coarse_CD,1024,10.0,0.3515625,-267.1415130731252,2.9689704980448036e-06,99.99970310295019,0.0003608482749410882,100.00110842382932,0.0011084238293221915,7335.872416000711,7362.273761000712,1.0035989373182683,256,0,0,True,26.401345,26.193265,26.74234,9,0.009995269824574956,2.164516330006817e-07,0.04490286692535274,0.09724842210180724,5.634265038929799e-09,True,1.9353962444629177e-05,0.00028481221895038745,0.000290486407060221,True,root
X+10_Y+0_Z45,fixed_nearest,2048,11.0,0.17578125,-267.142093076286,7.97831193983e-07,99.9999202168806,0.0003011944965599848,100.00160816894079,0.001608168940791188,7335.872416000711,7336.124088000712,1.0000343070306745,1,0,0,True,0.251672,0.23962699999999998,0.274603,9,0.009995158776391155,3.500764470003033e-07,0.04490278846303171,0.09733264056464627,5.553938369434574e-09,True,1.9354059164038307e-05,0.0002848179007487701,0.00029048229827825464,True,root
X+10_Y+0_Z45,best_offset,2048,11.0,0.17578125,-267.1421073094681,7.445517929287268e-07,99.99992554482071,0.00020430132877292958,100.00013424551747,0.00013424551747220903,7335.872416000711,7365.852077000712,1.004086720610709,256,0,0,True,29.979661,26.450819,36.951236,9,0.00999528139917314,3.050858035326421e-07,0.04490272774656899,0.09738711187142247,5.481364462906498e-09,True,1.935377390461438e-05,0.00028482302058398387,0.0002904772637526442,True,root
X+10_Y+0_Z45,offset_allQ_CD,2048,11.0,0.17578125,-267.1421083756616,7.405606859094592e-07,99.99992594393142,0.0001458706621136499,100.00022488200425,0.00022488200424675142,7335.872416000711,7545.651037000712,1.0285962744584325,1044736,1,2,True,209.778621,193.971068,228.17206399999998,9,0.009995312398313992,3.1961877603208736e-07,0.04490267191834757,0.0974414246810383,5.453832380468525e-09,True,1.9353791446171555e-05,0.0002848214277001745,0.00029047917851185597,True,root
X+10_Y+0_Z45,adaptive_coarse_CD,2048,11.0,0.17578125,-267.1421073094681,7.445517929287268e-07,99.99992554482071,0.00020430132877292958,100.00013424551747,0.00013424551747220903,7335.872416000711,7365.852077000712,1.004086720610709,256,0,0,True,29.979661,26.450819,36.951236,9,0.00999528139917314,3.050858035326421e-07,0.04490272774656899,0.09738711187142247,5.481364462906498e-09,True,1.935377390461438e-05,0.00028482302058398387,0.0002904772637526442,True,root
X-10_Y+0_Z45,fixed_nearest,4,2.0,90.0,-273.84996170701146,0.1999778056797092,80.00221943202908,0.2823223558016032,82.51261404651906,17.48738595348094,10196.051442999305,10196.237208999306,1.000018219405918,1,0,0,True,0.185766,0.177496,0.27990699999999996,9,-0.010010375050385928,3.4783677550170445e-05,0.044609621914796165,0.3920619789036378,1.769308743050186e-08,True,1.5970868819919584e-05,0.0002281948660494495,0.000234322214872468,True,root
X-10_Y+0_Z45,best_offset,4,2.0,90.0,-289.0829236792945,0.15547640211149613,84.45235978885039,0.039861749649902196,83.00945815837804,16.990541841621962,10196.051442999305,10224.815746999306,1.0028211218981,256,0,0,True,28.764304,25.767167999999998,36.254073999999996,9,-0.010006793427232407,-3.752636462403156e-05,0.04488790057772485,0.118408864405838,1.9706103271774476e-11,True,1.6067036323835718e-05,0.0002397272007330233,0.00024724487541340315,True,root
X-10_Y+0_Z45,offset_allQ_CD,4,2.0,90.0,-289.1210864098851,0.15536491394009727,84.46350860599028,0.08384145864696403,83.35565337182253,16.644346628177473,10196.051442999305,10250.922905999305,1.0053816385006251,2296,2,2,True,54.871463,39.99637,59.998258,9,-0.009997585842214189,-1.537095510616213e-05,0.04480711111839528,0.193515412991855,2.7144852003465873e-11,True,1.6134044724961986e-05,0.00023969748479025788,0.00024722844037603094,True,root
X-10_Y+0_Z45,adaptive_coarse_CD,4,2.0,90.0,-289.1210864098851,0.15536491394009727,84.46350860599028,0.08384145864696403,83.35565337182253,16.644346628177473,10196.051442999305,10250.922905999305,1.0053816385006251,2296,2,2,True,54.871463,39.99637,59.998258,9,-0.009997585842214189,-1.537095510616213e-05,0.04480711111839528,0.193515412991855,2.7144852003465873e-11,True,1.6134044724961986e-05,0.00023969748479025788,0.00024722844037603094,True,root
X-10_Y+0_Z45,fixed_nearest,8,3.0,45.0,-328.75292473934564,0.039584907736538805,96.04150922634612,0.05993329667831479,93.90814881403227,6.091851185967727,10196.051442999305,10196.312353999305,1.0000255894158103,1,0,0,True,0.260911,0.245576,0.271746,9,-0.009996313515805544,-1.4996959242707755e-05,0.04494729711157907,0.05491897122263203,9.234548190541729e-09,True,1.8176550860270166e-05,0.00027124991684468437,0.0002815712465999681,True,root
X-10_Y+0_Z45,best_offset,8,3.0,45.0,-328.75292473934564,0.039584907736538805,96.04150922634612,0.05993329667831479,93.90814881403227,6.091851185967727,10196.051442999305,10220.880010999306,1.002435115999444,256,0,0,True,24.828568,24.576819999999998,39.929128999999996,9,-0.009996313515805544,-1.4996959242707755e-05,0.04494729711157907,0.05491897122263203,9.234548190541729e-09,True,1.8176550860270166e-05,0.00027124991684468437,0.0002815712465999681,True,root
X-10_Y+0_Z45,offset_allQ_CD,8,3.0,45.0,-328.77586353192913,0.039517894606197985,96.0482105393802,0.11866766057188409,94.40165426687406,5.598345733125939,10196.051442999305,10259.683188999305,1.0062408223767534,4336,2,2,True,63.631746,54.281766,75.919754,9,-0.010000897103854382,-3.720313631443757e-06,0.045007832410094956,0.008717349180653535,4.380722776083304e-12,True,1.8272072144383255e-05,0.00027146029341282524,0.0002809571050196387,True,root
X-10_Y+0_Z45,adaptive_coarse_CD,8,3.0,45.0,-328.77586353192913,0.039517894606197985,96.0482105393802,0.11866766057188409,94.40165426687406,5.598345733125939,10196.051442999305,10259.683188999305,1.0062408223767534,4336,2,2,True,63.631746,54.281766,75.919754,9,-0.010000897103854382,-3.720313631443757e-06,0.045007832410094956,0.008717349180653535,4.380722776083304e-12,True,1.8272072144383255e-05,0.00027146029341282524,0.0002809571050196387,True,root
X-10_Y+0_Z45,fixed_nearest,10,3.321928094887362,36.0,-330.942525008331,0.033188234167702856,96.68117658322971,0.055165362037243974,96.69741046589711,3.302589534102893,10196.051442999305,10196.249233999306,1.0000193987840398,1,0,0,True,0.197791,0.188963,0.224803,9,-0.010033749933737339,-2.580326179206816e-05,0.044860648918560425,0.1456831844955461,5.756165610787065e-11,True,1.8716431125380308e-05,0.00026868142106546553,0.000288459388379429,True,root
X-10_Y+0_Z45,best_offset,10,3.321928094887362,36.0,-331.78241363133714,0.0307345930023961,96.9265406997604,0.08165728411049783,96.75216531827687,3.247834681723134,10196.051442999305,10224.789560999305,1.0028185536489942,256,0,0,True,28.738118,25.356966,38.637419,9,-0.009998662515764726,-5.125232509231945e-06,0.04480803137964288,0.1920416831684454,2.0446449680779992e-09,True,1.872702929360848e-05,0.000275660995913708,0.0002825590820017452,True,root
X-10_Y+0_Z45,offset_allQ_CD,10,3.321928094887362,36.0,-331.79059451685015,0.030710693455582923,96.9289306544417,0.04058704127274094,96.46657601732596,3.5334239826740372,10196.051442999305,10272.086833999305,1.0074573369333288,7906,3,3,True,76.03539099999999,59.822697999999995,95.15534099999999,9,-0.00999685227538432,-1.3599785027211537e-06,0.044848913472297657,0.1511254332166976,1.290519291745691e-09,True,1.8671751572564662e-05,0.00027566217510860804,0.0002822843662006439,True,root
X-10_Y+0_Z45,adaptive_coarse_CD,10,3.321928094887362,36.0,-331.79059451685015,0.030710693455582923,96.9289306544417,0.04058704127274094,96.46657601732596,3.5334239826740372,10196.051442999305,10272.086833999305,1.0074573369333288,7906,3,3,True,76.03539099999999,59.822697999999995,95.15534099999999,9,-0.00999685227538432,-1.3599785027211537e-06,0.044848913472297657,0.1511254332166976,1.290519291745691e-09,True,1.8671751572564662e-05,0.00027566217510860804,0.0002822843662006439,True,root
X-10_Y+0_Z45,fixed_nearest,16,4.0,22.5,-337.84806033492674,0.013014481027470264,98.69855189725297,0.016731930534010384,98.445638925708,1.5543610742920038,10196.051442999305,10196.342643999305,1.0000285601736738,1,0,0,True,0.291201,0.23854699999999998,0.331653,9,-0.009979573875297338,6.3161162843621495e-06,0.04489364595127809,0.10848181218448086,2.698518004556114e-08,True,1.9054812447091297e-05,0.00028163933152722357,0.00028648987857461986,True,root
X-10_Y+0_Z45,best_offset,16,4.0,22.5,-338.41222329942,0.01136634169601022,98.86336583039898,0.05667246013115058,98.91803445525296,1.0819655447470353,10196.051442999305,10242.859610999305,1.0045908132438992,256,0,0,True,46.808167999999995,37.494223,54.005314,9,-0.009988171660276029,-6.741486113668436e-06,0.04483355559461485,0.16700029143586206,1.3874023918905044e-08,True,1.9146247764232327e-05,0.00028176846521479594,0.0002874190239046621,True,root
X-10_Y+0_Z45,offset_allQ_CD,16,4.0,22.5,-338.41803212336924,0.01134937186313783,98.86506281368622,0.06003676408116441,98.88238807819349,1.117611921806514,10196.051442999305,10250.368142999305,1.0053272289085295,8416,1,2,True,54.3167,40.214304999999996,56.064144999999996,9,-0.009992680988813696,-2.6590618718647626e-06,0.044829475394666245,0.17070231269381234,1.805112034833492e-08,True,1.9139348169321892e-05,0.0002813575034418295,0.00028782624790930184,True,root
X-10_Y+0_Z45,adaptive_coarse_CD,16,4.0,22.5,-338.41803212336924,0.01134937186313783,98.86506281368622,0.06003676408116441,98.88238807819349,1.117611921806514,10196.051442999305,10250.368142999305,1.0053272289085295,8416,1,2,True,54.3167,40.214304999999996,56.064144999999996,9,-0.009992680988813696,-2.6590618718647626e-06,0.044829475394666245,0.17070231269381234,1.805112034833492e-08,True,1.9139348169321892e-05,0.0002813575034418295,0.00028782624790930184,True,root
X-10_Y+0_Z45,fixed_nearest,32,5.0,11.25,-341.1214127478923,0.00345174614928872,99.65482538507113,0.024113763750310088,99.67874519184026,0.32125480815973617,10196.051442999305,10196.356541999305,1.0000299232503587,1,0,0,True,0.305099,0.27814099999999997,0.322484,9,-0.01000405339265984,1.105658274434148e-05,0.044908882711824256,0.09187512295795036,7.363594935022709e-09,True,1.9293488419789435e-05,0.00028387259041153103,0.0002895271741534957,True,root
X-10_Y+0_Z45,best_offset,32,5.0,11.25,-341.25213811901193,0.003069846522191604,99.69301534778084,0.06327338857603217,99.93621495119795,0.06378504880204616,10196.051442999305,10237.862484999305,1.0041007092043173,256,0,0,True,41.811042,37.881974,54.498785,9,-0.00998940673809376,-3.487281205639553e-06,0.04482646567774915,0.17389232106991445,1.3179390513056868e-08,True,1.9343323415314845e-05,0.0002840673434000083,0.0002899334255763011,True,root
X-10_Y+0_Z45,offset_allQ_CD,32,5.0,11.25,-341.2543691013502,0.0030633289555115034,99.69366710444885,0.07983209546339791,99.91846124650155,0.08153875349844952,10196.051442999305,10251.367722999305,1.0054252648987938,16576,2,2,True,55.31628,49.306692999999996,59.983185999999996,9,-0.009990645682937924,8.064296292902584e-07,0.0448096706524461,0.19056078850786035,1.1192745580913783e-08,True,1.933988706692072e-05,0.00028428925035812395,0.00028979730880510036,True,root
X-10_Y+0_Z45,adaptive_coarse_CD,32,5.0,11.25,-341.2543691013502,0.0030633289555115034,99.69366710444885,0.07983209546339791,99.91846124650155,0.08153875349844952,10196.051442999305,10251.367722999305,1.0054252648987938,16576,2,2,True,55.31628,49.306692999999996,59.983185999999996,9,-0.009990645682937924,8.064296292902584e-07,0.0448096706524461,0.19056078850786035,1.1192745580913783e-08,True,1.933988706692072e-05,0.00028428925035812395,0.00028979730880510036,True,root
X-10_Y+0_Z45,fixed_nearest,64,6.0,5.625,-341.9883479114594,0.0009190915249567775,99.90809084750433,0.03493498444493984,99.85243482155147,0.1475651784485308,10196.051442999305,10196.375974999306,1.0000318291842498,1,0,0,True,0.324532,0.302203,0.49627499999999997,9,-0.009999665607527112,-8.934551626440714e-06,0.04492268717381955,0.0778280869808541,2.1053973164294367e-09,True,1.9327107210365314e-05,0.00028464839547453114,0.00029010982750264137,True,root
X-10_Y+0_Z45,best_offset,64,6.0,5.625,-342.03281332751413,0.0007891907592173198,99.92108092407827,0.0038816835919474055,99.923575042207,0.07642495779299452,10196.051442999305,10225.418795999305,1.0028802672450385,256,0,0,True,29.367352999999998,24.900398,40.4965,9,-0.009994548884917083,1.0690389698054124e-06,0.04489322559326721,0.10691880766780697,3.4305777280951912e-09,True,1.9340876876313227e-05,0.00028415839338945064,0.0002907390779903368,True,root
X-10_Y+0_Z45,offset_allQ_CD,64,6.0,5.625,-342.0330817718396,0.0007884065289878689,99.92115934710122,0.006496737352230823,99.90421821763717,0.09578178236283463,10196.051442999305,10282.486439999306,1.0084773009908015,32896,1,2,True,86.434997,55.168816,87.990517,9,-0.009995267385543823,5.004337952250344e-07,0.04489586756737631,0.10424112239275282,3.5283511105175395e-09,True,1.9337130233335697e-05,0.00028408679521565143,0.000290796214974074,True,root
X-10_Y+0_Z45,adaptive_coarse_CD,64,6.0,5.625,-342.03281332751413,0.0007891907592173198,99.92108092407827,0.0038816835919474055,99.923575042207,0.07642495779299452,10196.051442999305,10225.418795999305,1.0028802672450385,256,0,0,True,29.367352999999998,24.900398,40.4965,9,-0.009994548884917083,1.0690389698054124e-06,0.04489322559326721,0.10691880766780697,3.4305777280951912e-09,True,1.9340876876313227e-05,0.00028415839338945064,0.0002907390779903368,True,root
X-10_Y+0_Z45,fixed_nearest,128,7.0,2.8125,-342.23079558042207,0.00021080763504022034,99.97891923649598,0.011945395492871689,99.9985370792473,0.0014629207527008248,10196.051442999305,10196.389527999305,1.0000331584243067,1,0,0,True,0.33808499999999997,0.305062,0.426195,9,-0.009991168216845042,8.199316913762469e-07,0.04487797988247396,0.12234206865482881,1.189829572528641e-08,True,1.9355386280407123e-05,0.00028467899708371053,0.0002906476859616673,True,root
X-10_Y+0_Z45,best_offset,128,7.0,2.8125,-342.23978032359724,0.00018455970750499864,99.9815440292495,0.0022482558664281694,100.00410644015005,0.004106440150053459,10196.051442999305,10228.674891999306,1.0031996159672576,256,0,0,True,32.623449,26.480186,45.735150999999995,9,-0.009994252239470838,2.7390770962633846e-07,0.04488719151178403,0.11295515388908056,7.114589351320913e-10,True,1.9356464267493298e-05,0.0002850843757168201,0.00029019525234926316,True,root
X-10_Y+0_Z45,offset_allQ_CD,128,7.0,2.8125,-342.23978032359724,0.00018455970750499864,99.9815440292495,0.0022482558664281694,100.00410644015005,0.004106440150053459,10196.051442999305,10236.385904999306,1.0039558903979142,32896,0,1,True,40.334461999999995,37.763979,54.408274999999996,9,-0.009994252239470838,2.7390770962633846e-07,0.04488719151178403,0.11295515388908056,7.114589351320913e-10,True,1.9356464267493298e-05,0.0002850843757168201,0.00029019525234926316,True,root
X-10_Y+0_Z45,adaptive_coarse_CD,128,7.0,2.8125,-342.23978032359724,0.00018455970750499864,99.9815440292495,0.0022482558664281694,100.00410644015005,0.004106440150053459,10196.051442999305,10228.674891999306,1.0031996159672576,256,0,0,True,32.623449,26.480186,45.735150999999995,9,-0.009994252239470838,2.7390770962633846e-07,0.04488719151178403,0.11295515388908056,7.114589351320913e-10,True,1.9356464267493298e-05,0.0002850843757168201,0.00029019525234926316,True,root
X-10_Y+0_Z45,fixed_nearest,256,8.0,1.40625,-342.2809800301293,6.419934879010724e-05,99.993580065121,0.002533840183911351,100.03315739545846,0.03315739545845986,10196.051442999305,10196.305659999305,1.0000249328871496,1,0,0,True,0.25421699999999997,0.228707,0.312252,9,-0.009997171075452073,3.64513528077997e-07,0.044889547077414126,0.11048974518918404,5.38609612339136e-09,True,1.9362087274371522e-05,0.0002848891377715633,0.00029044308993245974,True,root
X-10_Y+0_Z45,best_offset,256,8.0,1.40625,-342.2875011847429,4.514852113630417e-05,99.99548514788637,0.0009286959100793218,99.9934937449851,0.006506255014897988,10196.051442999305,10224.324023999305,1.0027728950916006,256,0,0,True,28.272581,25.091144999999997,35.820841,9,-0.009993919246996306,9.129540236804655e-07,0.044889108769733094,0.11106157747956293,8.711641863588415e-09,True,1.935441010929865e-05,0.00028478588100140536,0.0002905665555820584,True,root
X-10_Y+0_Z45,offset_allQ_CD,256,8.0,1.40625,-342.28774537758153,4.443513892735593e-05,99.99555648610726,0.00047161754526511634,99.99743333945092,0.0025666605490783923,10196.051442999305,10304.036169999305,1.0105908377967376,261376,12,4,True,107.98472699999999,100.54713699999999,111.774861,9,-0.00999457471798057,6.583055738962015e-07,0.04488979595111716,0.11033947363201396,7.673533294171725e-09,True,1.9355172644180673e-05,0.00028478079602095916,0.0002905644764530077,True,root
X-10_Y+0_Z45,adaptive_coarse_CD,256,8.0,1.40625,-342.2875011847429,4.514852113630417e-05,99.99548514788637,0.0009286959100793218,99.9934937449851,0.006506255014897988,10196.051442999305,10224.324023999305,1.0027728950916006,256,0,0,True,28.272581,25.091144999999997,35.820841,9,-0.009993919246996306,9.129540236804655e-07,0.044889108769733094,0.11106157747956293,8.711641863588415e-09,True,1.935441010929865e-05,0.00028478588100140536,0.0002905665555820584,True,root
X-10_Y+0_Z45,fixed_nearest,512,9.0,0.703125,-342.2986850389609,1.2476135364603138e-05,99.99875238646354,0.0013147313180050726,99.99255285589385,0.007447144106151882,10196.051442999305,10196.299681999306,1.0000243465817515,1,0,0,True,0.248239,0.224539,0.292956,9,-0.009994011304274011,9.840422270605678e-08,0.04489051295073699,0.10965075520127542,5.271962095177018e-09,True,1.9354227993916367e-05,0.0002848007454042073,0.00029056377585885945,True,root
X-10_Y+0_Z45,best_offset,512,9.0,0.703125,-342.29900631158347,1.1537573142899907e-05,99.99884624268572,0.0005534400415412703,99.98682406572415,0.013175934275849954,10196.051442999305,10226.166031999306,1.0029535540467165,256,0,0,True,30.114589,30.042485,40.160061999999996,9,-0.009994728960598512,3.9592623179245466e-07,0.04488994806662708,0.11017880310236992,4.38884863516351e-09,True,1.9353119148228294e-05,0.00028486597573044504,0.0002905020182335568,True,root
X-10_Y+0_Z45,offset_allQ_CD,512,9.0,0.703125,-342.2990086522293,1.1530735206514337e-05,99.99884692647935,0.0007877256323536301,99.98526547699596,0.014734523004037214,10196.051442999305,10318.795780999306,1.0120384188610854,261376,1,2,True,122.744338,98.204126,142.842247,9,-0.009994686994585562,3.4136066031187604e-07,0.04489018524423853,0.10994373623169677,4.333703255562661e-09,True,1.935281747294616e-05,0.0002848714435738556,0.0002904954166891931,True,root
X-10_Y+0_Z45,adaptive_coarse_CD,512,9.0,0.703125,-342.29900631158347,1.1537573142899907e-05,99.99884624268572,0.0005534400415412703,99.98682406572415,0.013175934275849954,10196.051442999305,10226.166031999306,1.0029535540467165,256,0,0,True,30.114589,30.042485,40.160061999999996,9,-0.009994728960598512,3.9592623179245466e-07,0.04488994806662708,0.11017880310236992,4.38884863516351e-09,True,1.9353119148228294e-05,0.00028486597573044504,0.0002905020182335568,True,root
X-10_Y+0_Z45,fixed_nearest,1024,10.0,0.3515625,-342.3017277550983,3.587178704756334e-06,99.99964128212953,0.001770668519510246,99.99646437536798,0.0035356246320219498,10196.051442999305,10196.276164999306,1.0000220401006465,1,0,0,True,0.22472199999999998,0.186197,0.33547299999999997,9,-0.009994651216144665,9.064681054184309e-07,0.044891100813786534,0.1090342328404796,5.014109422896916e-09,True,1.9354985094695803e-05,0.00028485426948488544,0.00029051017795465157,True,root
X-10_Y+0_Z45,best_offset,1024,10.0,0.3515625,-342.3019668807357,2.8885997604593343e-06,99.99971114002395,0.0006122232235383428,100.00174974565041,0.0017497456504145248,10196.051442999305,10226.561655999305,1.0029923557340374,256,0,0,True,30.510213,27.501475,41.310393999999995,9,-0.009994589509865983,3.0835727586679974e-07,0.044890003409398846,0.11013000695349752,5.401980559219635e-09,True,1.9356008113496273e-05,0.0002848549015836365,0.00029051578235430794,True,root
X-10_Y+0_Z45,offset_allQ_CD,1024,10.0,0.3515625,-342.3019680965903,2.885047776410672e-06,99.99971149522236,0.0005319890484432225,100.00126722734032,0.001267227340321142,10196.051442999305,10330.339414999306,1.0131705859617062,522496,1,2,True,134.287972,123.285124,159.94858,9,-0.00999464329431427,3.886129689135864e-07,0.04488993329630263,0.11019766140280753,5.53833410012882e-09,True,1.935591471884719e-05,0.00028484829736773545,0.0002905225788516424,True,root
X-10_Y+0_Z45,adaptive_coarse_CD,1024,10.0,0.3515625,-342.3019668807357,2.8885997604593343e-06,99.99971114002395,0.0006122232235383428,100.00174974565041,0.0017497456504145248,10196.051442999305,10226.561655999305,1.0029923557340374,256,0,0,True,30.510213,27.501475,41.310393999999995,9,-0.009994589509865983,3.0835727586679974e-07,0.044890003409398846,0.11013000695349752,5.401980559219635e-09,True,1.9356008113496273e-05,0.0002848549015836365,0.00029051578235430794,True,root
X-10_Y+0_Z45,fixed_nearest,2048,11.0,0.17578125,-342.3026833345294,7.955597154937744e-07,99.99992044402846,0.00039265252572387416,99.9998641094684,0.0001358905315953507,10196.051442999305,10196.302956999305,1.0000246677845248,1,0,0,True,0.251514,0.23179799999999998,0.26262399999999997,9,-0.009994672293229626,4.5946568659893916e-07,0.04488978979212473,0.11033986354920598,5.2573068726539985e-09,True,1.9355643135990068e-05,0.00028486913863636805,0.0002905040532500797,True,root
X-10_Y+0_Z45,best_offset,2048,11.0,0.17578125,-342.30269897127926,7.498786904821406e-07,99.99992501213096,0.0007431471918134741,100.00324282346092,0.00324282346092275,10196.051442999305,10230.767383999306,1.0034048416874002,256,0,0,True,34.715941,30.110957,37.400189999999995,9,-0.009994551820686886,4.857152794880288e-07,0.04489013529022845,0.11000078649876606,5.63722720278932e-09,True,1.9356297108701732e-05,0.0002848529371422758,0.0002905174822376761,True,root
X-10_Y+0_Z45,offset_allQ_CD,2048,11.0,0.17578125,-342.3027094774458,7.191860939255781e-07,99.9999280813906,0.00047306450796683096,100.0017761170572,0.0017761170572043739,10196.051442999305,10464.299897999306,1.0263090527249332,1566976,6,3,True,268.248455,255.484503,280.044949,9,-0.009994659567551563,4.3536529121617025e-07,0.044889873634624884,0.11025663749818541,5.700165203165664e-09,True,1.9356013217858596e-05,0.0002848523841183657,0.0002905193620940464,True,root
X-10_Y+0_Z45,adaptive_coarse_CD,2048,11.0,0.17578125,-342.30269897127926,7.498786904821406e-07,99.99992501213096,0.0007431471918134741,100.00324282346092,0.00324282346092275,10196.051442999305,10230.767383999306,1.0034048416874002,256,0,0,True,34.715941,30.110957,37.400189999999995,9,-0.009994551820686886,4.857152794880288e-07,0.04489013529022845,0.11000078649876606,5.63722720278932e-09,True,1.9356297108701732e-05,0.0002848529371422758,0.0002905174822376761,True,root
X+0_Y+10_Z45,fixed_nearest,4,2.0,90.0,-170.10285502762952,0.1704886550031516,82.95113449968484,0.15632200562266138,84.82844193361143,15.17155806638857,7737.803450001593,7738.027200001593,1.0000289164749978,1,0,0,True,0.22374999999999998,0.186253,0.248106,9,1.5751133617021966e-05,0.010013120014300034,0.04507652752111296,0.07922559228651867,7.025795406583264e-10,True,1.6415077264863217e-05,0.00023439619380183243,0.00024217509376562018,True,root
X+0_Y+10_Z45,best_offset,4,2.0,90.0,-173.04933912496236,0.15612004263510293,84.38799573648971,0.19343366362458453,83.42629667800688,16.573703321993122,7737.803450001593,7781.817372001593,1.0056881674863416,256,0,0,True,44.013922,34.029095,60.083189999999995,9,9.842868287478347e-06,0.0099989564031277,0.04472878997180681,0.27139058668846344,2.3526660496919303e-10,True,1.6143749368432874e-05,0.00024183732232955447,0.0002452726492395632,True,root
X+0_Y+10_Z45,offset_allQ_CD,4,2.0,90.0,-173.1728953708754,0.15551751713537837,84.44824828646216,0.1158946732074176,83.37614584580092,16.62385415419908,7737.803450001593,7821.845858001593,1.0108612745907861,4336,5,4,True,84.042408,83.69470199999999,100.053848,9,1.537095510616226e-05,0.009997585842214182,0.04480711111839533,0.1935154129918067,2.4483250393258205e-11,True,1.6134044724957253e-05,0.00023969748479024726,0.0002472284403760298,True,root
X+0_Y+10_Z45,adaptive_coarse_CD,4,2.0,90.0,-173.1728953708754,0.15551751713537837,84.44824828646216,0.1158946732074176,83.37614584580092,16.62385415419908,7737.803450001593,7821.845858001593,1.0108612745907861,4336,5,4,True,84.042408,83.69470199999999,100.053848,9,1.537095510616226e-05,0.009997585842214182,0.04480711111839533,0.1935154129918067,2.4483250393258205e-11,True,1.6134044724957253e-05,0.00023969748479024726,0.0002472284403760298,True,root
X+0_Y+10_Z45,fixed_nearest,8,3.0,45.0,-195.21448182330974,0.048031102394994876,95.19688976050051,0.15775178104506116,93.44315333721102,6.556846662788985,7737.803450001593,7738.218256001593,1.0000536077199014,1,0,0,True,0.414806,0.365436,2.9506889999999997,9,-7.887817325731039e-06,0.009973238234222068,0.04476606714107921,0.23559073040459436,2.9709309447960055e-08,True,1.80821024993389e-05,0.0002732020692746196,0.00027567195413849793,True,root
X+0_Y+10_Z45,best_offset,8,3.0,45.0,-196.9089192709212,0.03976813064209339,96.02318693579066,0.07662300333306225,94.38569831878685,5.614301681213149,7737.803450001593,7784.793223001593,1.006072753502157,256,0,0,True,46.989773,32.01613,63.990950999999995,9,1.5912788343548634e-05,0.010003699832312484,0.04499647282373047,0.016713664004143806,5.806245148800854e-11,True,1.8264493550565383e-05,0.00027130119121907226,0.0002812803784155293,True,root
X+0_Y+10_Z45,offset_allQ_CD,8,3.0,45.0,-196.99325683959069,0.03935685612227751,96.06431438777226,0.016193023843271787,94.61556149245419,5.384438507545809,7737.803450001593,7897.878122001593,1.0206873530756286,6376,7,3,True,160.074672,141.226924,218.459552,9,-3.9567765843787525e-07,0.009997710636279111,0.044938069462843545,0.061974100877243164,1.254843919985519e-08,True,1.8308974171334642e-05,0.0002718128373432214,0.0002808742070098537,True,root
X+0_Y+10_Z45,adaptive_coarse_CD,8,3.0,45.0,-196.99325683959069,0.03935685612227751,96.06431438777226,0.016193023843271787,94.61556149245419,5.384438507545809,7737.803450001593,7897.878122001593,1.0206873530756286,6376,7,3,True,160.074672,141.226924,218.459552,9,-3.9567765843787525e-07,0.009997710636279111,0.044938069462843545,0.061974100877243164,1.254843919985519e-08,True,1.8308974171334642e-05,0.0002718128373432214,0.0002808742070098537,True,root
X+0_Y+10_Z45,fixed_nearest,10,3.321928094887362,36.0,-198.46009874907463,0.032203760396540645,96.77962396034594,0.02907245401374045,96.65975193594711,3.3402480640528864,7737.803450001593,7745.795155001593,1.0010328131299326,1,0,0,True,7.991705,7.638611,7.999537999999999,9,-1.1111541322176257e-05,0.009974371830456522,0.044906202155661414,0.09786881539729121,1.9052210246836553e-08,True,1.8704543667946317e-05,0.00027557661064447247,0.00028164156022480845,True,root
X+0_Y+10_Z45,best_offset,10,3.321928094887362,36.0,-198.70361623498124,0.031016240544320468,96.89837594556795,0.08152190832576302,96.53182578812431,3.4681742118756915,7737.803450001593,7809.652953001593,1.0092855166797996,256,0,0,True,71.849503,63.988795999999994,72.018937,9,-1.9535595421938535e-06,0.010007983953503559,0.044841284898631296,0.15892779275793517,1.0037339562643182e-09,True,1.867978879148223e-05,0.0002760641318192935,0.00028192590325944335,True,root
X+0_Y+10_Z45,offset_allQ_CD,10,3.321928094887362,36.0,-198.74619900061808,0.030808584492978113,96.9191415507022,0.04156574005838928,96.30717067489189,3.6928293251081072,7737.803450001593,7881.807126001593,1.0186104075827838,7906,5,3,True,144.00367599999998,131.952562,147.838549,9,1.3705668465826497e-06,0.009998734559121753,0.044880480877928154,0.1195336786638882,9.435523135106543e-10,True,1.863631597791172e-05,0.00027595478881566087,0.0002817838098699609,True,root
X+0_Y+10_Z45,adaptive_coarse_CD,10,3.321928094887362,36.0,-198.74619900061808,0.030808584492978113,96.9191415507022,0.04156574005838928,96.30717067489189,3.6928293251081072,7737.803450001593,7881.807126001593,1.0186104075827838,7906,5,3,True,144.00367599999998,131.952562,147.838549,9,1.3705668465826497e-06,0.009998734559121753,0.044880480877928154,0.1195336786638882,9.435523135106543e-10,True,1.863631597791172e-05,0.00027595478881566087,0.0002817838098699609,True,root
X+0_Y+10_Z45,fixed_nearest,16,4.0,22.5,-202.43336452988262,0.012828018341343232,98.71719816586567,0.08412899930686625,98.75774888891178,1.2422511110882226,7737.803450001593,7745.795761001593,1.001032891446732,1,0,0,True,7.992311,7.785316,8.061232,9,-1.6541431310458948e-06,0.0100004971188701,0.04483793128878404,0.16207791481836684,7.2730101570280465e-09,True,1.9110525214929285e-05,0.0002803502158964981,0.0002880278803504784,True,root
X+0_Y+10_Z45,best_offset,16,4.0,22.5,-202.67378044065362,0.011655623407290568,98.83443765927095,0.013695743535763957,98.59671660951246,1.4032833904875446,7737.803450001593,7812.568726001593,1.009662338476688,256,0,0,True,74.765276,71.988449,87.648017,9,1.3023550723565032e-05,0.009999278156237969,0.04492353812744698,0.07756643530664338,3.2326418465404994e-08,True,1.9079364000032215e-05,0.000282297961505826,0.00028642841700403756,True,root
X+0_Y+10_Z45,offset_allQ_CD,16,4.0,22.5,-202.70006429645838,0.011527449447031223,98.84725505529688,0.012739252765536068,98.7421716574422,1.2578283425578007,7737.803450001593,7861.757959001593,1.0160193406049847,8416,4,2,True,123.95450899999999,119.98575199999999,144.07458699999998,9,1.4156895607943309e-06,0.009995777299531796,0.044909320185889515,0.09078911863923221,2.2247823177966127e-08,True,1.9107510878554394e-05,0.0002812846790619228,0.0002873818519942671,True,root
X+0_Y+10_Z45,adaptive_coarse_CD,16,4.0,22.5,-202.70006429645838,0.011527449447031223,98.84725505529688,0.012739252765536068,98.7421716574422,1.2578283425578007,7737.803450001593,7861.757959001593,1.0160193406049847,8416,4,2,True,123.95450899999999,119.98575199999999,144.07458699999998,9,1.4156895607943309e-06,0.009995777299531796,0.044909320185889515,0.09078911863923221,2.2247823177966127e-08,True,1.9107510878554394e-05,0.0002812846790619228,0.0002873818519942671,True,root
X+0_Y+10_Z45,fixed_nearest,32,5.0,11.25,-204.30805756506473,0.0036860251583508414,99.63139748416492,0.031684047119175746,99.80320947526212,0.19679052473787806,7737.803450001593,7745.808559001593,1.001034545404484,1,0,0,True,8.005109,7.9793829999999994,11.999131,9,-1.418163204869923e-05,0.009990953346506902,0.04494989402726774,0.052854225284594054,4.096396050489129e-09,True,1.9312831374409864e-05,0.00028386242554596203,0.0002893024032149634,True,root
X+0_Y+10_Z45,best_offset,32,5.0,11.25,-204.42708106175553,0.003105603737380703,99.68943962626193,0.012651038603300765,99.70401412219815,0.29598587780185426,7737.803450001593,7811.220889001593,1.0094881498960775,256,0,0,True,73.417439,68.09707399999999,76.108283,9,2.7475778050138765e-06,0.009998171561472239,0.04490979765682529,0.09026270041081352,9.07292147791174e-09,True,1.9293636168795516e-05,0.00028374495453614446,0.0002897494661807373,True,root
X+0_Y+10_Z45,offset_allQ_CD,32,5.0,11.25,-204.43399135384314,0.0030719055041383285,99.69280944958616,0.0093525458036435,99.7073694322655,0.2926305677345056,7737.803450001593,7971.502016001593,1.0302021843162676,32896,5,4,True,233.698566,215.93302699999998,253.34280299999998,9,-1.7738235162870046e-07,0.009996049743089548,0.044912592009115675,0.08749738775867112,7.900020938372743e-09,True,1.9294285451898537e-05,0.0002839630017763125,0.0002895117877082634,True,root
X+0_Y+10_Z45,adaptive_coarse_CD,32,5.0,11.25,-204.43399135384314,0.0030719055041383285,99.69280944958616,0.0093525458036435,99.7073694322655,0.2926305677345056,7737.803450001593,7971.502016001593,1.0302021843162676,32896,5,4,True,233.698566,215.93302699999998,253.34280299999998,9,-1.7738235162870046e-07,0.009996049743089548,0.044912592009115675,0.08749738775867112,7.900020938372743e-09,True,1.9294285451898537e-05,0.0002839630017763125,0.0002895117877082634,True,root
X+0_Y+10_Z45,fixed_nearest,64,6.0,5.625,-204.87382055675482,0.0009270660561649249,99.90729339438352,0.008775666982638939,100.04895830405893,0.04895830405892809,7737.803450001593,7745.806510001593,1.0010342806006527,1,0,0,True,8.00306,7.993958999999999,9.374628,9,7.835713605201081e-06,0.009997035288535386,0.04492528665806289,0.0751815894031399,1.5120623021659542e-09,True,1.9360386014345445e-05,0.00028472404972980803,0.0002899913808413873,True,root
X+0_Y+10_Z45,best_offset,64,6.0,5.625,-204.90316635123702,0.0007839604660384446,99.92160395339616,0.0028891719705558838,99.84288541453734,0.157114585462665,7737.803450001593,7809.871799001593,1.0093137993832069,256,0,0,True,72.068349,64.05384699999999,75.96162199999999,9,-1.676063183693345e-07,0.00999646920314326,0.044924822862544164,0.07526019276068124,3.1440439394080755e-08,True,1.9320509030558123e-05,0.00028409704133704894,0.0002906315704877503,True,root
X+0_Y+10_Z45,offset_allQ_CD,64,6.0,5.625,-204.90316635123702,0.0007839604660384446,99.92160395339616,0.0028891719705558838,99.84288541453734,0.157114585462665,7737.803450001593,7845.8222280015925,1.0139598761713153,16576,0,1,True,108.018778,104.143817,125.501134,9,-1.676063183693345e-07,0.00999646920314326,0.044924822862544164,0.07526019276068124,3.1440439394080755e-08,True,1.9320509030558123e-05,0.00028409704133704894,0.0002906315704877503,True,root
X+0_Y+10_Z45,adaptive_coarse_CD,64,6.0,5.625,-204.90316635123702,0.0007839604660384446,99.92160395339616,0.0028891719705558838,99.84288541453734,0.157114585462665,7737.803450001593,7809.871799001593,1.0093137993832069,256,0,0,True,72.068349,64.05384699999999,75.96162199999999,9,-1.676063183693345e-07,0.00999646920314326,0.044924822862544164,0.07526019276068124,3.1440439394080755e-08,True,1.9320509030558123e-05,0.00028409704133704894,0.0002906315704877503,True,root
X+0_Y+10_Z45,fixed_nearest,128,7.0,2.8125,-205.01251145089913,0.0002507360197186207,99.97492639802815,0.00960331776723482,99.9685668253917,0.031433174608295644,7737.803450001593,7745.804630001593,1.001034037637645,1,0,0,True,8.00118,7.984553999999999,11.48866,9,9.378610092373472e-07,0.009999635623259312,0.04493085652722069,0.06915079306605895,7.311424271403916e-09,True,1.9344829529943766e-05,0.00028445474112433146,0.0002905531082400771,True,root
X+0_Y+10_Z45,best_offset,128,7.0,2.8125,-205.02504275820627,0.00018962674805337933,99.98103732519466,0.0008339893828006791,99.98737780197253,0.012622198027472109,7737.803450001593,7837.809897001593,1.0129243974270217,256,0,0,True,100.006447,79.916411,123.977632,9,-1.2618860236527995e-07,0.009996987522532731,0.044922341740308014,0.0777167693772835,1.2008177292956803e-09,True,1.9348469625493833e-05,0.00028486192659036614,0.00029021882134230436,True,root
X+0_Y+10_Z45,offset_allQ_CD,128,7.0,2.8125,-205.02511935706772,0.00018925321155641625,99.98107467884437,0.0026769696667515042,99.98086905734931,0.019130942650690486,7737.803450001593,7888.569617001593,1.0194843624517198,65536,3,2,True,150.766167,134.48178099999998,204.00785499999998,9,-1.1756916914417573e-07,0.009996241983222196,0.044924615902343076,0.07547780264528205,1.8706057785219493e-09,True,1.934721012404064e-05,0.0002847927884371152,0.0002902763036858919,True,root
X+0_Y+10_Z45,adaptive_coarse_CD,128,7.0,2.8125,-205.02504275820627,0.00018962674805337933,99.98103732519466,0.0008339893828006791,99.98737780197253,0.012622198027472109,7737.803450001593,7837.809897001593,1.0129243974270217,256,0,0,True,100.006447,79.916411,123.977632,9,-1.2618860236527995e-07,0.009996987522532731,0.044922341740308014,0.0777167693772835,1.2008177292956803e-09,True,1.9348469625493833e-05,0.00028486192659036614,0.00029021882134230436,True,root
X+0_Y+10_Z45,fixed_nearest,256,8.0,1.40625,-205.05395389919315,4.864075789158357e-05,99.99513592421084,0.003341102299455076,99.95577737491732,0.04422262508268204,7737.803450001593,7750.7608320015925,1.0016745555872186,1,0,0,True,12.957381999999999,11.997703999999999,19.988336,9,-6.537910053332126e-07,0.009996263691026325,0.0449252573547161,0.07483882997121269,5.856291174770946e-09,True,1.9342354654619795e-05,0.0002847121914118451,0.00029044081756503064,True,root
X+0_Y+10_Z45,best_offset,256,8.0,1.40625,-205.0543529839048,4.6694610098339494e-05,99.99533053899017,0.0011348865984448224,99.98256920938508,0.017430790614923808,7737.803450001593,7861.6311630015925,1.0160029540424647,256,0,0,True,123.82771299999999,108.082073,131.917272,9,-1.4897626205970743e-07,0.009996254561694614,0.04492081075290268,0.0792779121689374,6.5495991542483975e-09,True,1.934753911896726e-05,0.00028472687779609055,0.0002904446477748983,True,root
X+0_Y+10_Z45,offset_allQ_CD,256,8.0,1.40625,-205.0543529839048,4.6694610098339494e-05,99.99533053899017,0.0011348865984448224,99.98256920938508,0.017430790614923808,7737.803450001593,7921.852079001593,1.0237856428105527,65536,0,1,True,184.048629,179.966943,188.04267099999998,9,-1.4897626205970743e-07,0.009996254561694614,0.04492081075290268,0.0792779121689374,6.5495991542483975e-09,True,1.934753911896726e-05,0.00028472687779609055,0.0002904446477748983,True,root
X+0_Y+10_Z45,adaptive_coarse_CD,256,8.0,1.40625,-205.0543529839048,4.6694610098339494e-05,99.99533053899017,0.0011348865984448224,99.98256920938508,0.017430790614923808,7737.803450001593,7861.6311630015925,1.0160029540424647,256,0,0,True,123.82771299999999,108.082073,131.917272,9,-1.4897626205970743e-07,0.009996254561694614,0.04492081075290268,0.0792779121689374,6.5495991542483975e-09,True,1.934753911896726e-05,0.00028472687779609055,0.0002904446477748983,True,root
X+0_Y+10_Z45,fixed_nearest,512,9.0,0.703125,-205.0612353951935,1.313233835408362e-05,99.9986867661646,0.0007470127915344846,99.98914171983618,0.010858280163816403,7737.803450001593,7749.914124001592,1.0015651307348725,1,0,0,True,12.110674,11.982721,18.60721,9,-1.4974842390742764e-07,0.009995658709167791,0.04492151464359372,0.07860547309761834,3.1329878423548275e-09,True,1.934881095968978e-05,0.0002847781062648839,0.0002904136338707839,True,root
X+0_Y+10_Z45,best_offset,512,9.0,0.703125,-205.06150930336878,1.1796617452515293e-05,99.99882033825475,0.001903753556792504,99.99019710876016,0.009802891239843348,7737.803450001593,7857.103276001593,1.0154177896570862,256,0,0,True,119.299826,107.98890499999999,120.129927,9,-3.2631164939857174e-07,0.009996140613098548,0.04492004408630061,0.0800496688441082,4.388755092625123e-09,True,1.934901518707315e-05,0.0002847948115870887,0.00029040392538177615,True,root
X+0_Y+10_Z45,offset_allQ_CD,512,9.0,0.703125,-205.06151066734873,1.178996596603234e-05,99.99882100340339,0.0019092811428866505,99.98993637476674,0.010063625233257767,7737.803450001593,8041.782114001593,1.0392848779326305,261376,2,2,True,303.978664,296.020889,367.994221,9,-2.1703737968984628e-07,0.009996154581489291,0.044920035914219114,0.08005678836625472,4.585011708322119e-09,True,1.9348964732667174e-05,0.00028480862908276293,0.00029038972397277214,True,root
X+0_Y+10_Z45,adaptive_coarse_CD,512,9.0,0.703125,-205.06150930336878,1.1796617452515293e-05,99.99882033825475,0.001903753556792504,99.99019710876016,0.009802891239843348,7737.803450001593,7857.103276001593,1.0154177896570862,256,0,0,True,119.299826,107.98890499999999,120.129927,9,-3.2631164939857174e-07,0.009996140613098548,0.04492004408630061,0.0800496688441082,4.388755092625123e-09,True,1.934901518707315e-05,0.0002847948115870887,0.00029040392538177615,True,root
X+0_Y+10_Z45,fixed_nearest,1024,10.0,0.3515625,-205.0632563399373,3.277144610712297e-06,99.99967228553894,0.0007873650022410045,100.0056856090411,0.005685609041094608,7737.803450001593,7753.808440001593,1.0020684151650294,1,0,0,True,16.00499,15.993476999999999,25.348530999999998,9,-4.0118762156220066e-07,0.009996147290544629,0.04492270374472292,0.07739325165358404,5.163968200065849e-09,True,1.935201235315369e-05,0.0002847517165373385,0.00029043436540054706,True,root
X+0_Y+10_Z45,best_offset,1024,10.0,0.3515625,-205.06329390847975,3.0939405594759105e-06,99.99969060594405,0.0012515520188845755,100.01116075860195,0.011160758601945986,7737.803450001593,7895.807216001593,1.0204197182082684,256,0,0,True,158.00376599999998,150.726032,171.934213,9,-2.6729618418938544e-07,0.00999625681811103,0.04492069062140585,0.07939811327036687,4.941055403670465e-09,True,1.9353071844534522e-05,0.0002847636565616596,0.00029043192865256507,True,root
X+0_Y+10_Z45,offset_allQ_CD,1024,10.0,0.3515625,-205.0632948228028,3.0894818375255974e-06,99.99969105181626,0.0014170672652471688,100.01236389015644,0.012363890156436241,7737.803450001593,8105.809813001593,1.047559538747385,522496,1,2,True,368.00636299999996,355.95109099999996,409.506731,9,-2.316994929631491e-07,0.009996212249646757,0.0449205258020239,0.07956474647315459,4.851166221599716e-09,True,1.9353304661464513e-05,0.0002847601282826023,0.0002904363897482332,True,root
X+0_Y+10_Z45,adaptive_coarse_CD,1024,10.0,0.3515625,-205.06329390847975,3.0939405594759105e-06,99.99969060594405,0.0012515520188845755,100.01116075860195,0.011160758601945986,7737.803450001593,7895.807216001593,1.0204197182082684,256,0,0,True,158.00376599999998,150.726032,171.934213,9,-2.6729618418938544e-07,0.00999625681811103,0.04492069062140585,0.07939811327036687,4.941055403670465e-09,True,1.9353071844534522e-05,0.0002847636565616596,0.00029043192865256507,True,root
X+0_Y+10_Z45,fixed_nearest,2048,11.0,0.17578125,-205.0637530796017,8.547797006684516e-07,99.99991452202993,0.00021554440789388612,100.00106960095923,0.001069600959226591,7737.803450001593,7749.814211001592,1.0015522184141286,1,0,0,True,12.010760999999999,11.978819999999999,14.866655,9,-1.5247012565747657e-07,0.009996241485255547,0.04492174665128831,0.07834370596809959,5.298810707844441e-09,True,1.935111911348558e-05,0.0002847614486495354,0.0002904315934811375,True,root
X+0_Y+10_Z45,best_offset,2048,11.0,0.17578125,-205.0637723593957,7.607612442930429e-07,99.99992392387557,0.00021542502430108043,99.99884884012145,0.001151159878546082,7737.803450001593,7861.6010090015925,1.0159990570709023,256,0,0,True,123.79755899999999,112.144469,123.975596,9,-2.574903350556487e-07,0.009996287710590027,0.044922155412894606,0.07793347891339832,4.6600561542722735e-09,True,1.935068937600711e-05,0.0002847719562547491,0.0002904188649283102,True,root
X+0_Y+10_Z45,offset_allQ_CD,2048,11.0,0.17578125,-205.0637723593957,7.607612442930429e-07,99.99992392387557,0.00021542502430108043,99.99884884012145,0.001151159878546082,7737.803450001593,8029.780477001593,1.0377338386645036,522496,0,1,True,291.97702699999996,291.62859599999996,315.999199,9,-2.574903350556487e-07,0.009996287710590027,0.044922155412894606,0.07793347891339832,4.6600561542722735e-09,True,1.935068937600711e-05,0.0002847719562547491,0.0002904188649283102,True,root
X+0_Y+10_Z45,adaptive_coarse_CD,2048,11.0,0.17578125,-205.0637723593957,7.607612442930429e-07,99.99992392387557,0.00021542502430108043,99.99884884012145,0.001151159878546082,7737.803450001593,7861.6010090015925,1.0159990570709023,256,0,0,True,123.79755899999999,112.144469,123.975596,9,-2.574903350556487e-07,0.009996287710590027,0.044922155412894606,0.07793347891339832,4.6600561542722735e-09,True,1.935068937600711e-05,0.0002847719562547491,0.0002904188649283102,True,root
X+0_Y-10_Z45,fixed_nearest,4,2.0,90.0,-143.89584058600772,0.18225069916902398,81.7749300830976,0.17669658508263314,84.17386748201342,15.82613251798658,8330.194077001579,8342.203189001579,1.0014416365199887,1,0,0,True,12.009112,11.989669,16.005184,9,3.93323832763786e-06,-0.010034952721794043,0.044773759645389606,0.22895820836735634,4.05761790905067e-10,True,1.628541382124663e-05,0.0002351437148828968,0.00023679474086838834,True,root
X+0_Y-10_Z45,best_offset,4,2.0,90.0,-148.46868009808733,0.1562635942006891,84.37364057993109,0.2178263254379512,83.44165121725335,16.55834878274665,8330.194077001579,8453.983309001578,1.014860305877118,256,0,0,True,123.789232,116.121578,140.104414,9,9.842868287475448e-06,-0.009998956403127708,0.044728789971806994,0.27139058668827604,2.582700778875925e-10,True,1.61437493684304e-05,0.00024183732232955726,0.0002452726492395629,True,root
X+0_Y-10_Z45,offset_allQ_CD,4,2.0,90.0,-148.4810864569624,0.15619308979100896,84.3806910208991,0.18864573183916222,83.26245126668812,16.737548733311883,8330.194077001579,8524.76754000158,1.0233576146247527,2296,1,2,True,194.573463,176.953802,199.76769199999998,9,1.560020550155865e-05,-0.009991937181000691,0.04475847549094897,0.24216206130244214,4.7358930649885e-12,True,1.610907892451471e-05,0.0002421775718107299,0.0002447858741805416,True,root
X+0_Y-10_Z45,adaptive_coarse_CD,4,2.0,90.0,-148.4810864569624,0.15619308979100896,84.3806910208991,0.18864573183916222,83.26245126668812,16.737548733311883,8330.194077001579,8524.76754000158,1.0233576146247527,2296,1,2,True,194.573463,176.953802,199.76769199999998,9,1.560020550155865e-05,-0.009991937181000691,0.04475847549094897,0.24216206130244214,4.7358930649885e-12,True,1.610907892451471e-05,0.0002421775718107299,0.0002447858741805416,True,root
X+0_Y-10_Z45,fixed_nearest,8,3.0,45.0,-168.0756324757951,0.04483875013986746,95.51612498601325,0.08634421822848239,92.86481910256583,7.135180897434168,8330.194077001579,8342.22054100158,1.0014437195446866,1,0,0,True,12.026463999999999,11.987473999999999,12.094721999999999,9,4.828331435743783e-05,-0.00997780601663426,0.04501511001065614,0.05524639142067651,1.875329815900411e-08,True,1.7966882760182742e-05,0.0002739250230016396,0.0002773776597152807,True,root
X+0_Y-10_Z45,best_offset,8,3.0,45.0,-168.95083029503166,0.03986506638462556,96.01349336153744,0.025100566730552956,95.11075354201976,4.889246457980235,8330.194077001579,8450.031463001578,1.014385905645446,256,0,0,True,119.837386,113.26010699999999,127.480098,9,1.128763770368483e-05,-0.010002989512214155,0.04496802575995588,0.03403968235173872,8.113771621390943e-09,True,1.8401411585530024e-05,0.00027348573412458427,0.00027890398446010637,True,root
X+0_Y-10_Z45,offset_allQ_CD,8,3.0,45.0,-168.98945543712944,0.03964556259065682,96.03544374093433,0.010827750151430914,94.41732791370228,5.58267208629772,8330.194077001579,8566.09072700158,1.0283182657954244,6376,3,3,True,235.89665,215.843763,271.84329199999996,9,1.0964251802456502e-07,-0.009996500332925862,0.044957164729005815,0.04297813551396449,1.7613065626799862e-08,True,1.826725209340711e-05,0.00027339029056470433,0.00027906249962054714,True,root
X+0_Y-10_Z45,adaptive_coarse_CD,8,3.0,45.0,-168.98945543712944,0.03964556259065682,96.03544374093433,0.010827750151430914,94.41732791370228,5.58267208629772,8330.194077001579,8566.09072700158,1.0283182657954244,6376,3,3,True,235.89665,215.843763,271.84329199999996,9,1.0964251802456502e-07,-0.009996500332925862,0.044957164729005815,0.04297813551396449,1.7613065626799862e-08,True,1.826725209340711e-05,0.00027339029056470433,0.00027906249962054714,True,root
X+0_Y-10_Z45,fixed_nearest,10,3.321928094887362,36.0,-170.05784529525434,0.03357398292623739,96.64260170737626,0.10381404393518384,97.59627416510148,2.4037258348985233,8330.194077001579,8342.16271000158,1.0014367772094344,1,0,0,True,11.968632999999999,11.742659,12.376239,9,5.133461897017317e-05,-0.009972233691862589,0.04503293094505868,0.06701237284899451,3.6668382522901215e-09,True,1.8882293991423728e-05,0.0002737432142765585,0.0002834104523178965,True,root
X+0_Y-10_Z45,best_offset,10,3.321928094887362,36.0,-170.4465142665016,0.03136520622916416,96.86347937708358,0.0969716267540934,96.4120075725919,3.5879924274080963,8330.194077001579,8450.270545001578,1.0144146062972905,256,0,0,True,120.07646799999999,110.571522,128.00321599999998,9,1.5968096048654405e-05,-0.010006001637923563,0.044851142603116886,0.1498316533847268,1.4956268811187783e-11,True,1.8653169773770104e-05,0.00027519101399259185,0.00028282675698979335,True,root
X+0_Y-10_Z45,offset_allQ_CD,10,3.321928094887362,36.0,-170.53817195386648,0.030844322446469827,96.91556775535301,0.08298023989316058,96.37673065442905,3.6232693455709466,8330.194077001579,8646.25049000158,1.037941062366432,10456,8,4,True,316.05641299999996,296.159241,348.069073,9,2.2395036747057854e-06,-0.009994628804272382,0.044863483782806385,0.13664019422229778,1.148218442735611e-09,True,1.8646344624495086e-05,0.0002746847726545666,0.0002831373295529996,True,root
X+0_Y-10_Z45,adaptive_coarse_CD,10,3.321928094887362,36.0,-170.53817195386648,0.030844322446469827,96.91556775535301,0.08298023989316058,96.37673065442905,3.6232693455709466,8330.194077001579,8646.25049000158,1.037941062366432,10456,8,4,True,316.05641299999996,296.159241,348.069073,9,2.2395036747057854e-06,-0.009994628804272382,0.044863483782806385,0.13664019422229778,1.148218442735611e-09,True,1.8646344624495086e-05,0.0002746847726545666,0.0002831373295529996,True,root
X+0_Y-10_Z45,fixed_nearest,16,4.0,22.5,-173.20074184042073,0.015713136900894924,98.4286863099105,0.05760918697502212,98.60093550626975,1.3990644937302505,8330.194077001579,8342.286825001578,1.0014516766222032,1,0,0,True,12.092748,11.987089,16.973817999999998,9,-3.650036473656471e-05,-0.010011781617213366,0.044904048157097635,0.10333363095538772,1.64281078030742e-11,True,1.9076669350196805e-05,0.0002781065449017226,0.0002892251357638782,True,root
X+0_Y-10_Z45,best_offset,16,4.0,22.5,-173.90219884431727,0.011726809206061183,98.82731907939389,0.03263274159308344,98.73480698693494,1.2651930130650584,8330.194077001579,8486.224707001578,1.0187307316681584,256,0,0,True,156.03063,131.918841,159.84967799999998,9,2.3594941947345723e-06,-0.009994607328861966,0.04491396988140406,0.08623125547322953,4.731821621606142e-09,True,1.910256993581456e-05,0.0002813450118095226,0.0002871866697234868,True,root
X+0_Y-10_Z45,offset_allQ_CD,16,4.0,22.5,-173.9025369090532,0.011724888009449003,98.8275111990551,0.039792245869560455,98.77832021229455,1.2216797877054546,8330.194077001579,8574.165608001578,1.0292876166803326,8416,1,2,True,243.971531,237.25296999999998,273.29517999999996,9,8.661812388974227e-07,-0.009996117041757251,0.04490662468609012,0.09346002826032963,1.1962961907853086e-08,True,1.9110988592374803e-05,0.0002812150816001983,0.0002873447271258058,True,root
X+0_Y-10_Z45,adaptive_coarse_CD,16,4.0,22.5,-173.9025369090532,0.011724888009449003,98.8275111990551,0.039792245869560455,98.77832021229455,1.2216797877054546,8330.194077001579,8574.165608001578,1.0292876166803326,8416,1,2,True,243.971531,237.25296999999998,273.29517999999996,9,8.661812388974227e-07,-0.009996117041757251,0.04490662468609012,0.09346002826032963,1.1962961907853086e-08,True,1.9110988592374803e-05,0.0002812150816001983,0.0002873447271258058,True,root
X+0_Y-10_Z45,fixed_nearest,32,5.0,11.25,-175.38061451424696,0.0033250835168467784,99.66749164831532,0.012274500992325134,99.50342662726447,0.4965733727355257,8330.194077001579,8350.20016600158,1.0024016354018972,1,0,0,True,20.006089,15.986436,26.765933,9,2.1396424104246825e-06,-0.00999420422306499,0.044934767261101405,0.06552464669219484,2.8113179937912567e-08,True,1.92512774775772e-05,0.0002835015549154784,0.000289777550418497,True,root
X+0_Y-10_Z45,best_offset,32,5.0,11.25,-175.42140018246937,0.003093301614486184,99.69066983855139,0.030204549203761883,99.73108978176751,0.2689102182324916,8330.194077001579,8474.285052001578,1.0172974331291769,256,0,0,True,144.090975,135.987801,152.004933,9,2.6567616939329327e-06,-0.009996447682052928,0.04491632457953145,0.08379291936723296,5.58346751540167e-09,True,1.9295324267796558e-05,0.00028395041178646283,0.00028951993195406656,True,root
X+0_Y-10_Z45,offset_allQ_CD,32,5.0,11.25,-175.42290748299223,0.0030847357383379137,99.6915264261662,0.03381855519625184,99.72572048922412,0.27427951077588375,8330.194077001579,8565.50905600158,1.0282484389709083,16576,3,2,True,235.314979,231.685621,235.841389,9,-1.7738235162344666e-07,-0.009996049743089564,0.04491259200911582,0.08749738775852484,8.600609475559228e-09,True,1.929428545190735e-05,0.00028396300177633296,0.0002895117877082746,True,root
X+0_Y-10_Z45,adaptive_coarse_CD,32,5.0,11.25,-175.42290748299223,0.0030847357383379137,99.6915264261662,0.03381855519625184,99.72572048922412,0.27427951077588375,8330.194077001579,8565.50905600158,1.0282484389709083,16576,3,2,True,235.314979,231.685621,235.841389,9,-1.7738235162344666e-07,-0.009996049743089564,0.04491259200911582,0.08749738775852484,8.600609475559228e-09,True,1.929428545190735e-05,0.00028396300177633296,0.0002895117877082746,True,root
X+0_Y-10_Z45,fixed_nearest,64,6.0,5.625,-175.8091608445496,0.0008896867704814025,99.91103132295186,0.010274759179263602,100.1083000950536,0.10830009505359328,8330.194077001579,8346.18322500158,1.0019194208264781,1,0,0,True,15.989148,15.985700999999999,16.448301999999998,9,-3.4623824582185567e-06,-0.009999456935297068,0.04495589859747174,0.044240442092253515,1.3539292196052994e-08,True,1.9368304472143456e-05,0.00028464447509481323,0.00028984540066209037,True,root
X+0_Y-10_Z45,best_offset,64,6.0,5.625,-175.82671455479777,0.0007899303478915009,99.92100696521085,0.011209325100551582,99.80012219202558,0.199877807974417,8330.194077001579,8471.047110001578,1.0169087336619052,256,0,0,True,140.85303299999998,139.989749,143.996542,9,1.4459969821904754e-07,-0.009996394376612445,0.044935225847760524,0.06487458845671579,3.1326339320636326e-08,True,1.9308680210700942e-05,0.00028412335320811174,0.00029055417291229407,True,root
X+0_Y-10_Z45,offset_allQ_CD,64,6.0,5.625,-175.8269889662638,0.0007883708880518935,99.9211629111948,0.013087219179063067,99.8119250272492,0.18807497275079754,8330.194077001579,8602.200324001578,1.0326530503954245,32896,1,2,True,272.006247,269.66434,275.95881199999997,9,-2.2347953224769264e-07,-0.009996843649040254,0.04493330857345916,0.06676645017173237,3.180224195241086e-08,True,1.9310963746691748e-05,0.0002840811678072188,0.000290606342695646,True,root
X+0_Y-10_Z45,adaptive_coarse_CD,64,6.0,5.625,-175.82671455479777,0.0007899303478915009,99.92100696521085,0.011209325100551582,99.80012219202558,0.199877807974417,8330.194077001579,8471.047110001578,1.0169087336619052,256,0,0,True,140.85303299999998,139.989749,143.996542,9,1.4459969821904754e-07,-0.009996394376612445,0.044935225847760524,0.06487458845671579,3.1326339320636326e-08,True,1.9308680210700942e-05,0.00028412335320811174,0.00029055417291229407,True,root
X+0_Y-10_Z45,fixed_nearest,128,7.0,2.8125,-175.92514756856278,0.0002305428919566249,99.97694571080433,0.003430029379156616,99.93389618962522,0.06610381037478419,8330.194077001579,8346.20131600158,1.001921592564595,1,0,0,True,16.007239,15.994613,25.622351,9,1.939397200683379e-06,-0.00999572085665029,0.04494848191690925,0.05173185879759978,1.8167662457164962e-09,True,1.9334561935927574e-05,0.00028479817924389886,0.00029014774905363844,True,root
X+0_Y-10_Z45,best_offset,128,7.0,2.8125,-175.93206589953434,0.00019122653443114364,99.98087734655688,0.009724128575781879,99.92626004605631,0.07373995394368649,8330.194077001579,8485.88265900158,1.0186896704399522,256,0,0,True,155.688582,144.021536,172.266029,9,2.570495737526833e-07,-0.009997881441705722,0.04495608749641927,0.04396433025143087,3.452489711725402e-08,True,1.9333084544407637e-05,0.0002847910004008863,0.00029011117227551977,True,root
X+0_Y-10_Z45,offset_allQ_CD,128,7.0,2.8125,-175.93207094187827,0.00019119787916768537,99.98088021208324,0.011005526524826562,99.91984666757699,0.08015333242300926,8330.194077001579,8610.435918001578,1.0336416941081488,65536,1,2,True,280.24184099999997,279.929492,312.071613,9,-2.640566015915803e-07,-0.009998054884506535,0.044957369835899555,0.04267533352420923,3.4240830593171205e-08,True,1.9331843725544822e-05,0.00028481083085176036,0.00029008589491256667,True,root
X+0_Y-10_Z45,adaptive_coarse_CD,128,7.0,2.8125,-175.93206589953434,0.00019122653443114364,99.98087734655688,0.009724128575781879,99.92626004605631,0.07373995394368649,8330.194077001579,8485.88265900158,1.0186896704399522,256,0,0,True,155.688582,144.021536,172.266029,9,2.570495737526833e-07,-0.009997881441705722,0.04495608749641927,0.04396433025143087,3.452489711725402e-08,True,1.9333084544407637e-05,0.0002847910004008863,0.00029011117227551977,True,root
X+0_Y-10_Z45,fixed_nearest,256,8.0,1.40625,-175.95540094410092,5.861522126553334e-05,99.99413847787345,0.0010094362274972307,99.99778900474087,0.002210995259133597,8330.194077001579,8346.18877100158,1.001920086597281,1,0,0,True,15.994693999999999,15.99043,18.333489,9,-1.1517997050758567e-06,-0.009997409049962458,0.04494651287522038,0.05356222719274999,3.395906287386238e-08,True,1.9346923503305777e-05,0.00028467771585086524,0.0002903476473047863,True,root
X+0_Y-10_Z45,best_offset,256,8.0,1.40625,-175.95748329021407,4.6781404032273565e-05,99.99532185959677,0.0029362667126419596,99.97583464468676,0.024165355313243708,8330.194077001579,8474.210496001579,1.017288483037581,256,0,0,True,144.01641899999998,144.005448,151.982575,9,-2.2581474006689895e-07,-0.009997567054853057,0.04494931455145779,0.050744309122397024,7.421498055360167e-09,True,1.9342675916146514e-05,0.00028463604612041744,0.00029038064681169114,True,root
X+0_Y-10_Z45,offset_allQ_CD,256,8.0,1.40625,-175.95748329021407,4.6781404032273565e-05,99.99532185959677,0.0029362667126419596,99.97583464468676,0.024165355313243708,8330.194077001579,8566.13248200158,1.0283232782836826,65536,0,1,True,235.938405,228.002636,250.636212,9,-2.2581474006689895e-07,-0.009997567054853057,0.04494931455145779,0.050744309122397024,7.421498055360167e-09,True,1.9342675916146514e-05,0.00028463604612041744,0.00029038064681169114,True,root
X+0_Y-10_Z45,adaptive_coarse_CD,256,8.0,1.40625,-175.95748329021407,4.6781404032273565e-05,99.99532185959677,0.0029362667126419596,99.97583464468676,0.024165355313243708,8330.194077001579,8474.210496001579,1.017288483037581,256,0,0,True,144.01641899999998,144.005448,151.982575,9,-2.2581474006689895e-07,-0.009997567054853057,0.04494931455145779,0.050744309122397024,7.421498055360167e-09,True,1.9342675916146514e-05,0.00028463604612041744,0.00029038064681169114,True,root
X+0_Y-10_Z45,fixed_nearest,512,9.0,0.703125,-175.96294456579506,1.5745383325853155e-05,99.99842546166742,0.0014940575812732368,99.99024559361358,0.009754406386420555,8330.194077001579,8353.123742001579,1.0027525967328066,1,0,0,True,22.929665,19.984811999999998,27.831121999999997,9,3.3995606198871365e-07,-0.00999699117047796,0.04494771665973115,0.05237094895917895,6.797545876162961e-09,True,1.9345464053057064e-05,0.00028471852386473555,0.0002903233272147881,True,root
X+0_Y-10_Z45,best_offset,512,9.0,0.703125,-175.96365218953042,1.1724010557257185e-05,99.99882759894427,0.001780572725291933,100.00793415733847,0.00793415733846814,8330.194077001579,8474.19559300158,1.0172866940036327,256,0,0,True,144.00151599999998,140.00316999999998,152.04577899999998,9,-4.817151424470848e-08,-0.009997352125393183,0.04494460665558087,0.055456615172259895,4.917194212081447e-09,True,1.9348886321615946e-05,0.00028481108068485414,0.0002902451754009293,True,root
X+0_Y-10_Z45,offset_allQ_CD,512,9.0,0.703125,-175.96365670155762,1.1698369044091136e-05,99.99883016309559,0.0023397526685845138,100.00108026443911,0.0010802644391105787,8330.194077001579,8842.024322001578,1.061442775554664,391936,2,3,True,511.830245,496.00990199999995,523.136852,9,-1.2592116651615747e-07,-0.009997316529286055,0.04494404571514779,0.05601873672740965,4.631770290456752e-09,True,1.934756027488088e-05,0.00028481273703367087,0.00029024765386501605,True,root
X+0_Y-10_Z45,adaptive_coarse_CD,512,9.0,0.703125,-175.96365218953042,1.1724010557257185e-05,99.99882759894427,0.001780572725291933,100.00793415733847,0.00793415733846814,8330.194077001579,8474.19559300158,1.0172866940036327,256,0,0,True,144.00151599999998,140.00316999999998,152.04577899999998,9,-4.817151424470848e-08,-0.009997352125393183,0.04494460665558087,0.055456615172259895,4.917194212081447e-09,True,1.9348886321615946e-05,0.00028481108068485414,0.0002902451754009293,True,root
X+0_Y-10_Z45,fixed_nearest,1024,10.0,0.3515625,-175.96512084855306,3.377731164971382e-06,99.9996622268835,0.0007324194788687709,100.0033365903441,0.0033365903441051614,8330.194077001579,8348.426882001579,1.0021887611298683,1,0,0,True,18.232805,15.993611,27.984149,9,-3.282432473182494e-07,-0.009997659741394998,0.04494706005861238,0.05299265937931276,4.78446838396204e-09,True,1.9347996814179566e-05,0.0002847286738213691,0.0002903183170416729,True,root
X+0_Y-10_Z45,best_offset,1024,10.0,0.3515625,-175.96518233213467,3.028324568672925e-06,99.99969716754313,0.0019761822834838978,100.00045591498541,0.0004559149854088673,8330.194077001579,8476.90125900158,1.017611496280145,256,0,0,True,146.707182,142.833563,148.025208,9,-1.4356567270084724e-07,-0.009997559767080683,0.044948354631560494,0.051703185869489895,4.945417071199819e-09,True,1.9347439479798903e-05,0.00028471565015380845,0.0002903254648343658,True,root
X+0_Y-10_Z45,offset_allQ_CD,1024,10.0,0.3515625,-175.96518233213467,3.028324568672925e-06,99.99969716754313,0.0019761822834838978,100.00045591498541,0.0004559149854088673,8330.194077001579,8626.21003200158,1.035535301130289,261376,0,1,True,296.01595499999996,292.050947,300.02155899999997,9,-1.4356567270084724e-07,-0.009997559767080683,0.044948354631560494,0.051703185869489895,4.945417071199819e-09,True,1.9347439479798903e-05,0.00028471565015380845,0.0002903254648343658,True,root
X+0_Y-10_Z45,adaptive_coarse_CD,1024,10.0,0.3515625,-175.96518233213467,3.028324568672925e-06,99.99969716754313,0.0019761822834838978,100.00045591498541,0.0004559149854088673,8330.194077001579,8476.90125900158,1.017611496280145,256,0,0,True,146.707182,142.833563,148.025208,9,-1.4356567270084724e-07,-0.009997559767080683,0.044948354631560494,0.051703185869489895,4.945417071199819e-09,True,1.9347439479798903e-05,0.00028471565015380845,0.0002903254648343658,True,root
X+0_Y-10_Z45,fixed_nearest,2048,11.0,0.17578125,-175.9655347248201,1.025703291074107e-06,99.9998974296709,0.0002843382486588185,100.00133537752032,0.0013353775203199802,8330.194077001579,8355.050001001578,1.002983834922721,1,0,0,True,24.855923999999998,15.993013,28.004241,9,-3.358851058744191e-08,-0.009997317424822785,0.0449466052051691,0.053462149721119914,5.050848323332488e-09,True,1.9347609632504844e-05,0.0002846861636739365,0.00029036658079336096,True,root
X+0_Y-10_Z45,best_offset,2048,11.0,0.17578125,-175.96558323149102,7.500435077061556e-07,99.99992499564922,0.0005460744650730834,99.99983691351812,0.00016308648187646213,8330.194077001579,8476.497844001578,1.01756306823678,256,0,0,True,146.303767,143.98701699999998,159.34818099999998,9,-1.5815368045364285e-07,-0.009997421216163966,0.04494583625408093,0.05422533089474622,5.244538007315557e-09,True,1.9347319719410648e-05,0.000284709089693856,0.0002903480479080326,True,root
X+0_Y-10_Z45,offset_allQ_CD,2048,11.0,0.17578125,-175.96558323149102,7.500435077061556e-07,99.99992499564922,0.0005460744650730834,99.99983691351812,0.00016308648187646213,8330.194077001579,8654.142118001579,1.0388884146042134,522496,0,1,True,323.948041,319.985756,330.184604,9,-1.5815368045364285e-07,-0.009997421216163966,0.04494583625408093,0.05422533089474622,5.244538007315557e-09,True,1.9347319719410648e-05,0.000284709089693856,0.0002903480479080326,True,root
X+0_Y-10_Z45,adaptive_coarse_CD,2048,11.0,0.17578125,-175.96558323149102,7.500435077061556e-07,99.99992499564922,0.0005460744650730834,99.99983691351812,0.00016308648187646213,8330.194077001579,8476.497844001578,1.01756306823678,256,0,0,True,146.303767,143.98701699999998,159.34818099999998,9,-1.5815368045364285e-07,-0.009997421216163966,0.04494583625408093,0.05422533089474622,5.244538007315557e-09,True,1.9347319719410648e-05,0.000284709089693856,0.0002903480479080326,True,root
X+0_Y+0_Z50,fixed_nearest,4,2.0,90.0,-178.83588403000755,0.18203664374220743,81.79633562577926,0.6680903104662947,83.3194362101862,16.680563789813803,161.66464599882602,180.457740998826,1.1162474014271275,1,0,0,True,18.793094999999997,15.997174999999999,21.259670999999997,9,2.8442358294664045e-18,-1.073586345775274e-18,0.04911681237418288,0.883187625817121,5.502119753425292e-13,True,1.4697862983167577e-05,0.0002291512973915866,0.00022915129739158854,True,root
X+0_Y+0_Z50,best_offset,4,2.0,90.0,-180.12058425950462,0.17616065460722902,82.3839345392771,0.18998793138857994,82.45655738913835,17.543442610861646,161.66464599882602,309.700811998826,1.9156990700432734,256,0,0,True,148.03616599999998,132.07870599999998,163.87953299999998,9,1.0941295600348398e-17,-8.983088024697407e-18,0.049974890616037757,0.025109383962246268,4.774769891221054e-13,True,1.454564790275291e-05,0.0002273507430660539,0.00022735074306605535,True,root
X+0_Y+0_Z50,offset_allQ_CD,4,2.0,90.0,-180.12058425950462,0.17616065460722902,82.3839345392771,0.18998793138857994,82.45655738913835,17.543442610861646,161.66464599882602,365.083023998826,2.2582737353810627,1276,0,1,True,203.418378,192.001037,207.97489199999998,9,1.0941295600348398e-17,-8.983088024697407e-18,0.049974890616037757,0.025109383962246268,4.774769891221054e-13,True,1.454564790275291e-05,0.0002273507430660539,0.00022735074306605535,True,root
X+0_Y+0_Z50,adaptive_coarse_CD,4,2.0,90.0,-180.12058425950462,0.17616065460722902,82.3839345392771,0.18998793138857994,82.45655738913835,17.543442610861646,161.66464599882602,365.083023998826,2.2582737353810627,1276,0,1,True,203.418378,192.001037,207.97489199999998,9,1.0941295600348398e-17,-8.983088024697407e-18,0.049974890616037757,0.025109383962246268,4.774769891221054e-13,True,1.454564790275291e-05,0.0002273507430660539,0.00022735074306605535,True,root
X+0_Y+0_Z50,fixed_nearest,8,3.0,45.0,-208.59763444023105,0.045911719006362074,95.4088280993638,0.315734533014117,95.22638384437654,4.773616155623458,161.66464599882602,177.662114998826,1.0989546533267154,1,0,0,True,15.997468999999999,15.993768999999999,23.693825999999998,9,-5.040432130194684e-14,2.3647659514632203e-17,0.050100637217663294,0.10063721766329081,3.617441654661896e-09,True,1.679829348096403e-05,0.00026324919530545634,0.0002632491953054681,True,root
X+0_Y+0_Z50,best_offset,8,3.0,45.0,-209.01626133844292,0.04399699442779979,95.60030055722002,0.18262868249332986,95.00053385023844,4.99946614976156,161.66464599882602,297.676154998826,1.841318818716788,256,0,0,True,136.011509,135.995964,145.44437399999998,9,-7.499852432722778e-18,2.176835044688892e-18,0.049967531367142506,0.03246863285749635,2.2493901238511924e-12,True,1.6758452689672343e-05,0.0002627531566362948,0.00026546848298849917,True,root
X+0_Y+0_Z50,offset_allQ_CD,8,3.0,45.0,-209.01626133844292,0.04399699442779979,95.60030055722002,0.18262868249332986,95.00053385023844,4.99946614976156,161.66464599882602,358.53724899882604,2.217783899402654,2296,0,1,True,196.872603,187.999223,223.894386,9,-7.499852432722778e-18,2.176835044688892e-18,0.049967531367142506,0.03246863285749635,2.2493901238511924e-12,True,1.6758452689672343e-05,0.0002627531566362948,0.00026546848298849917,True,root
X+0_Y+0_Z50,adaptive_coarse_CD,8,3.0,45.0,-209.01626133844292,0.04399699442779979,95.60030055722002,0.18262868249332986,95.00053385023844,4.99946614976156,161.66464599882602,358.53724899882604,2.217783899402654,2296,0,1,True,196.872603,187.999223,223.894386,9,-7.499852432722778e-18,2.176835044688892e-18,0.049967531367142506,0.03246863285749635,2.2493901238511924e-12,True,1.6758452689672343e-05,0.0002627531566362948,0.00026546848298849917,True,root
X+0_Y+0_Z50,fixed_nearest,10,3.321928094887362,36.0,-211.6265273300886,0.032058104518580974,96.7941895481419,0.13342813952489652,97.20498126653123,2.7950187334687655,161.66464599882602,177.73633999882603,1.0994137827767039,1,0,0,True,16.071694,15.992662,19.851129999999998,9,-2.3749126495090607e-18,2.569067503833278e-19,0.04991833082417407,0.0816691758259297,1.3026131423378242e-12,True,1.7147325533177112e-05,0.0002599136587799276,0.0002749012883394493,True,root
X+0_Y+0_Z50,best_offset,10,3.321928094887362,36.0,-211.9281534410279,0.030678520620321035,96.9321479379679,0.10348237923345216,96.82847406927522,3.1715259307247834,161.66464599882602,302.978045998826,1.8741144306902215,256,0,0,True,141.3134,131.945682,144.000003,9,9.699038889321277e-15,-3.3553457679567794e-14,0.049681420305415724,0.3185796945842784,2.7299796843198593e-09,True,1.708090824269659e-05,0.0002613561256140917,0.0002759195013313044,True,root
X+0_Y+0_Z50,offset_allQ_CD,10,3.321928094887362,36.0,-211.9281534410279,0.030678520620321035,96.9321479379679,0.10348237923345216,96.82847406927522,3.1715259307247834,161.66464599882602,321.823507998826,1.9906857557536919,2806,0,1,True,160.158862,155.963763,178.15893699999998,9,9.699038889321277e-15,-3.3553457679567794e-14,0.049681420305415724,0.3185796945842784,2.7299796843198593e-09,True,1.708090824269659e-05,0.0002613561256140917,0.0002759195013313044,True,root
X+0_Y+0_Z50,adaptive_coarse_CD,10,3.321928094887362,36.0,-211.9281534410279,0.030678520620321035,96.9321479379679,0.10348237923345216,96.82847406927522,3.1715259307247834,161.66464599882602,321.823507998826,1.9906857557536919,2806,0,1,True,160.158862,155.963763,178.15893699999998,9,9.699038889321277e-15,-3.3553457679567794e-14,0.049681420305415724,0.3185796945842784,2.7299796843198593e-09,True,1.708090824269659e-05,0.0002613561256140917,0.0002759195013313044,True,root
X+0_Y+0_Z50,fixed_nearest,16,4.0,22.5,-215.28956826915086,0.015304010244512858,98.4695989755487,0.02593097738862183,97.71327615774946,2.286723842250538,161.66464599882602,173.814875998826,1.07515700124125,1,0,0,True,12.150229999999999,12.009051999999999,19.960492,9,-7.002201340595158e-14,9.68330191840943e-16,0.049758971707260555,0.24102829273944804,5.205339051629691e-09,True,1.7236990670220563e-05,0.00027261385172083384,0.00027261385172084804,True,root
X+0_Y+0_Z50,best_offset,16,4.0,22.5,-216.24133630854496,0.010950793416110204,98.90492065838899,0.01099492730047976,99.31973151538587,0.6802684846141318,161.66464599882602,285.835649998826,1.7680776661639532,256,0,0,True,124.171004,108.140445,132.023003,9,7.840259693870395e-18,-1.4044078064813544e-17,0.049795897611949656,0.20410238805034647,2.4357388159767322e-12,True,1.7520375457841448e-05,0.00027359080967168564,0.0002735908096716921,True,root
X+0_Y+0_Z50,offset_allQ_CD,16,4.0,22.5,-216.24133630854496,0.010950793416110204,98.90492065838899,0.01099492730047976,99.31973151538587,0.6802684846141318,161.66464599882602,333.507419998826,2.062958279704815,4336,0,1,True,171.842774,149.381946,207.849024,9,7.840259693870395e-18,-1.4044078064813544e-17,0.049795897611949656,0.20410238805034647,2.4357388159767322e-12,True,1.7520375457841448e-05,0.00027359080967168564,0.0002735908096716921,True,root
X+0_Y+0_Z50,adaptive_coarse_CD,16,4.0,22.5,-216.24133630854496,0.010950793416110204,98.90492065838899,0.01099492730047976,99.31973151538587,0.6802684846141318,161.66464599882602,333.507419998826,2.062958279704815,4336,0,1,True,171.842774,149.381946,207.849024,9,7.840259693870395e-18,-1.4044078064813544e-17,0.049795897611949656,0.20410238805034647,2.4357388159767322e-12,True,1.7520375457841448e-05,0.00027359080967168564,0.0002735908096716921,True,root
X+0_Y+0_Z50,fixed_nearest,32,5.0,11.25,-217.99547487101069,0.0029276772854854847,99.70723227145145,0.07581810001154599,99.56170559897339,0.4382944010266101,161.66464599882602,173.789829998826,1.0750020755934977,1,0,0,True,12.125183999999999,11.984594999999999,12.645793999999999,9,1.452699199091967e-18,1.1152670290159095e-17,0.04970908458463763,0.2909154153623722,1.51090459960842e-12,True,1.756306059936203e-05,0.000276254348855205,0.000276254348855208,True,root
X+0_Y+0_Z50,best_offset,32,5.0,11.25,-218.02030080023573,0.00281412792428609,99.7185872075714,0.06294509610060145,99.85601705053,0.14398294947000068,161.66464599882602,274.19120399882604,1.6960492648517425,256,0,0,True,112.526558,103.987596,119.472629,9,-4.588651216071838e-19,-8.441858435666141e-19,0.049721957588548575,0.27804241145142766,2.5203502034499175e-12,True,1.7614978250106135e-05,0.00027622372615066583,0.00027622372615066805,True,root
X+0_Y+0_Z50,offset_allQ_CD,32,5.0,11.25,-218.02030080023573,0.00281412792428609,99.7185872075714,0.06294509610060145,99.85601705053,0.14398294947000068,161.66464599882602,313.815289998826,1.9411497675323823,8416,0,1,True,152.150644,140.00912599999998,155.863824,9,-4.588651216071838e-19,-8.441858435666141e-19,0.049721957588548575,0.27804241145142766,2.5203502034499175e-12,True,1.7614978250106135e-05,0.00027622372615066583,0.00027622372615066805,True,root
X+0_Y+0_Z50,adaptive_coarse_CD,32,5.0,11.25,-218.02030080023573,0.00281412792428609,99.7185872075714,0.06294509610060145,99.85601705053,0.14398294947000068,161.66464599882602,313.815289998826,1.9411497675323823,8416,0,1,True,152.150644,140.00912599999998,155.863824,9,-4.588651216071838e-19,-8.441858435666141e-19,0.049721957588548575,0.27804241145142766,2.5203502034499175e-12,True,1.7614978250106135e-05,0.00027622372615066583,0.00027622372615066805,True,root
X+0_Y+0_Z50,fixed_nearest,64,6.0,5.625,-218.45812827039686,0.0008115833628447152,99.91884166371553,0.015115807871404778,99.9011775069212,0.09882249307879931,161.66464599882602,173.76895599882602,1.0748729564538675,1,0,0,True,12.10431,11.992773999999999,14.901598,9,-2.9381139891281766e-18,-1.7249400024954302e-19,0.04980001849252058,0.19998150747942145,4.238180142869435e-12,True,1.7622944725042677e-05,0.00027648887862012774,0.00027648887862013045,True,root
X+0_Y+0_Z50,best_offset,64,6.0,5.625,-218.47476289928076,0.0007354995447352582,99.92645004552647,0.03838396629875924,100.00135831778765,0.0013583177876483887,161.66464599882602,290.793634998826,1.7987459979403146,256,0,0,True,129.128989,124.11405599999999,139.999935,9,5.922478411852403e-18,1.7694584290543274e-17,0.04974651871835042,0.25348128164958544,1.2650592328218987e-12,True,1.7640616998147635e-05,0.00027668866463883424,0.00027668866463884096,True,root
X+0_Y+0_Z50,offset_allQ_CD,64,6.0,5.625,-218.47476289928076,0.0007354995447352582,99.92645004552647,0.03838396629875924,100.00135831778765,0.0013583177876483887,161.66464599882602,337.731875998826,2.089089261985447,16576,0,1,True,176.06723,172.04864999999998,204.020268,9,5.922478411852403e-18,1.7694584290543274e-17,0.04974651871835042,0.25348128164958544,1.2650592328218987e-12,True,1.7640616998147635e-05,0.00027668866463883424,0.00027668866463884096,True,root
X+0_Y+0_Z50,adaptive_coarse_CD,64,6.0,5.625,-218.47476289928076,0.0007354995447352582,99.92645004552647,0.03838396629875924,100.00135831778765,0.0013583177876483887,161.66464599882602,290.793634998826,1.7987459979403146,256,0,0,True,129.128989,124.11405599999999,139.999935,9,5.922478411852403e-18,1.7694584290543274e-17,0.04974651871835042,0.25348128164958544,1.2650592328218987e-12,True,1.7640616998147635e-05,0.00027668866463883424,0.00027668866463884096,True,root
X+0_Y+0_Z50,fixed_nearest,128,7.0,2.8125,-218.5995756898601,0.0001646281581568894,99.98353718418431,0.0032939495265769227,100.0108876274597,0.010887627459695182,161.66464599882602,173.968933998826,1.0761099492345985,1,0,0,True,12.304288,12.141084,23.692940999999998,9,-8.429048018461208e-18,-2.0707037122947708e-17,0.0497816087351226,0.21839126487740307,1.272129949646868e-12,True,1.7642298004336043e-05,0.00027672278429682526,0.00027672278429683497,True,root
X+0_Y+0_Z50,best_offset,128,7.0,2.8125,-218.60005398928897,0.00016244050209305655,99.98375594979069,0.0021764429647062504,100.0159739780253,0.01597397802530054,161.66464599882602,285.48787999882603,1.7659264846372114,256,0,0,True,123.823234,108.28684899999999,156.19747099999998,9,2.7596465467429376e-18,1.2917782459473535e-17,0.04978707912761388,0.21292087238612006,1.993215066887884e-12,True,1.7643195255770977e-05,0.00027670314353182493,0.000276703143531826,True,root
X+0_Y+0_Z50,offset_allQ_CD,128,7.0,2.8125,-218.60005398928897,0.00016244050209305655,99.98375594979069,0.0021764429647062504,100.0159739780253,0.01597397802530054,161.66464599882602,341.59716699882597,2.1129985773222586,32896,0,1,True,179.93252099999998,167.91595099999998,206.01033099999998,9,2.7596465467429376e-18,1.2917782459473535e-17,0.04978707912761388,0.21292087238612006,1.993215066887884e-12,True,1.7643195255770977e-05,0.00027670314353182493,0.000276703143531826,True,root
X+0_Y+0_Z50,adaptive_coarse_CD,128,7.0,2.8125,-218.60005398928897,0.00016244050209305655,99.98375594979069,0.0021764429647062504,100.0159739780253,0.01597397802530054,161.66464599882602,285.48787999882603,1.7659264846372114,256,0,0,True,123.823234,108.28684899999999,156.19747099999998,9,2.7596465467429376e-18,1.2917782459473535e-17,0.04978707912761388,0.21292087238612006,1.993215066887884e-12,True,1.7643195255770977e-05,0.00027670314353182493,0.000276703143531826,True,root
X+0_Y+0_Z50,fixed_nearest,256,8.0,1.40625,-218.6239275489628,5.324710892957509e-05,99.99467528910704,0.01731798005492198,100.04723343535579,0.04723343535579261,161.66464599882602,173.78427199882603,1.074967695782342,1,0,0,True,12.119626,11.972306999999999,23.99681,9,1.4129714919908894e-17,1.1948509651214863e-17,0.0498022206647041,0.19777933529590425,3.516917335320138e-12,True,1.764870954201282e-05,0.0002766744122530463,0.00027667441225306255,True,root
X+0_Y+0_Z50,best_offset,256,8.0,1.40625,-218.62594543356835,4.4017665557797855e-05,99.99559823344421,0.0039117047955853365,99.96848355083931,0.03151644916069074,161.66464599882602,269.645121998826,1.6679288185295884,256,0,0,True,107.980476,107.915409,120.02781399999999,9,6.437336835254077e-18,8.999070930685361e-18,0.04978099097985359,0.2190090201464115,1.5743808112750954e-12,True,1.7634817765193257e-05,0.00027675875958382037,0.00027675875958382666,True,root
X+0_Y+0_Z50,offset_allQ_CD,256,8.0,1.40625,-218.62594543356835,4.4017665557797855e-05,99.99559823344421,0.0039117047955853365,99.96848355083931,0.03151644916069074,161.66464599882602,294.990069998826,1.8247036522813294,65536,0,1,True,133.325424,122.75251,160.183687,9,6.437336835254077e-18,8.999070930685361e-18,0.04978099097985359,0.2190090201464115,1.5743808112750954e-12,True,1.7634817765193257e-05,0.00027675875958382037,0.00027675875958382666,True,root
X+0_Y+0_Z50,adaptive_coarse_CD,256,8.0,1.40625,-218.62594543356835,4.4017665557797855e-05,99.99559823344421,0.0039117047955853365,99.96848355083931,0.03151644916069074,161.66464599882602,269.645121998826,1.6679288185295884,256,0,0,True,107.980476,107.915409,120.02781399999999,9,6.437336835254077e-18,8.999070930685361e-18,0.04978099097985359,0.2190090201464115,1.5743808112750954e-12,True,1.7634817765193257e-05,0.00027675875958382037,0.00027675875958382666,True,root
X+0_Y+0_Z50,fixed_nearest,512,9.0,0.703125,-218.63288539695998,1.2275513925792097e-05,99.99877244860743,0.006214930996423265,100.00095737887328,0.0009573788732808453,161.66464599882602,169.644834998826,1.049362610796537,1,0,0,True,7.980188999999999,7.960362,8.029926,9,3.01267119422507e-20,-6.440749896752716e-18,0.04977868775365275,0.22131224634724944,5.287353265887109e-13,True,1.7640546271010056e-05,0.00027677562134192896,0.00027677562134193395,True,root
X+0_Y+0_Z50,best_offset,512,9.0,0.703125,-218.6336457631808,8.797734791375947e-06,99.99912022652086,0.000629582816242054,100.0072615027479,0.00726150274789461,161.66464599882602,249.263970998826,1.5418582675190229,256,0,0,True,87.599325,75.998813,87.964643,9,-5.1398295990365806e-18,7.70129432183626e-18,0.049784273101832935,0.21572689816706792,1.2375806378948612e-12,True,1.7641658342252403e-05,0.00027675548755898787,0.0002767554875589941,True,root
X+0_Y+0_Z50,offset_allQ_CD,512,9.0,0.703125,-218.6336457631808,8.797734791375947e-06,99.99912022652086,0.000629582816242054,100.0072615027479,0.00726150274789461,161.66464599882602,309.670773998826,1.9155132656590532,130816,0,1,True,148.006128,147.97467899999998,152.031023,9,-5.1398295990365806e-18,7.70129432183626e-18,0.049784273101832935,0.21572689816706792,1.2375806378948612e-12,True,1.7641658342252403e-05,0.00027675548755898787,0.0002767554875589941,True,root
X+0_Y+0_Z50,adaptive_coarse_CD,512,9.0,0.703125,-218.6336457631808,8.797734791375947e-06,99.99912022652086,0.000629582816242054,100.0072615027479,0.00726150274789461,161.66464599882602,249.263970998826,1.5418582675190229,256,0,0,True,87.599325,75.998813,87.964643,9,-5.1398295990365806e-18,7.70129432183626e-18,0.049784273101832935,0.21572689816706792,1.2375806378948612e-12,True,1.7641658342252403e-05,0.00027675548755898787,0.0002767554875589941,True,root
X+0_Y+0_Z50,fixed_nearest,1024,10.0,0.3515625,-218.63486947129854,3.200712669653399e-06,99.99967992873303,0.0009768786877336665,99.9870011493916,0.01299885060839756,161.66464599882602,169.65513299882602,1.0494263105617911,1,0,0,True,7.990487,7.960280999999999,8.907286,9,-1.467076663624915e-17,6.773439391895463e-18,0.04978392580596144,0.21607419403855965,3.351495728015061e-12,True,1.7638084339460664e-05,0.0002767595163878407,0.0002767595163878483,True,root
X+0_Y+0_Z50,best_offset,1024,10.0,0.3515625,-218.63494699499628,2.84613313804998e-06,99.99971538668619,0.0023158545958205505,100.0128450053717,0.012845005371701745,161.66464599882602,237.673564998826,1.4701641384261093,256,0,0,True,76.00891899999999,72.694215,79.806296,9,1.0230050663959007e-17,3.696599135079042e-18,0.049787218539245,0.21278146075500576,2.0852208504300785e-12,True,1.7642643293186587e-05,0.00027674552377384375,0.0002767455237738475,True,root
X+0_Y+0_Z50,offset_allQ_CD,1024,10.0,0.3515625,-218.6349469949963,2.846133137919984e-06,99.9997153866862,0.0023158545958205505,100.0128450053717,0.012845005371701745,161.66464599882602,254.01736699882602,1.5712610845086727,261376,0,1,True,92.352721,77.47075099999999,109.48744699999999,9,1.0230050663959007e-17,3.696599135079042e-18,0.049787218539245,0.21278146075500576,2.0852208504300785e-12,True,1.7642643293186587e-05,0.00027674552377384375,0.0002767455237738475,True,root
X+0_Y+0_Z50,adaptive_coarse_CD,1024,10.0,0.3515625,-218.63494699499628,2.84613313804998e-06,99.99971538668619,0.0023158545958205505,100.0128450053717,0.012845005371701745,161.66464599882602,237.673564998826,1.4701641384261093,256,0,0,True,76.00891899999999,72.694215,79.806296,9,1.0230050663959007e-17,3.696599135079042e-18,0.049787218539245,0.21278146075500576,2.0852208504300785e-12,True,1.7642643293186587e-05,0.00027674552377384375,0.0002767455237738475,True,root
X+0_Y+0_Z50,fixed_nearest,2048,11.0,0.17578125,-218.63540345095797,7.583851873144072e-07,99.99992416148127,0.0010274384306468364,100.0011418106917,0.0011418106917062687,161.66464599882602,162.07322299882603,1.0025273120011842,1,0,0,True,0.40857699999999997,0.38869499999999996,0.594913,9,1.7037613169499847e-17,8.760270671470272e-19,0.04978593012307982,0.2140698769201796,8.087355861810749e-13,True,1.7640578805478844e-05,0.0002767522383088281,0.00027675223830883546,True,root
X+0_Y+0_Z50,best_offset,2048,11.0,0.17578125,-218.6354379186512,6.00736121535603e-07,99.99993992638785,0.0005661241243574721,100.00186582785251,0.001865827852512325,161.66464599882602,189.79324699882602,1.1739935211326555,256,0,0,True,28.128601,27.685795,37.615612,9,2.6197185813233066e-19,1.3970690816957186e-17,0.04978433656052482,0.2156634394751833,9.447234386160048e-13,True,1.764070652483835e-05,0.0002767575656893537,0.00027675756568935607,True,root
X+0_Y+0_Z50,offset_allQ_CD,2048,11.0,0.17578125,-218.63543791865123,6.007361214056072e-07,99.99993992638785,0.0005661241243574721,100.00186582785251,0.001865827852512325,161.66464599882602,279.231331998826,1.7272257040098535,522496,0,1,True,117.56668599999999,104.345698,132.558179,9,2.6197185813233066e-19,1.3970690816957186e-17,0.04978433656052482,0.2156634394751833,9.447234386160048e-13,True,1.764070652483835e-05,0.0002767575656893537,0.00027675756568935607,True,root
X+0_Y+0_Z50,adaptive_coarse_CD,2048,11.0,0.17578125,-218.6354379186512,6.00736121535603e-07,99.99993992638785,0.0005661241243574721,100.00186582785251,0.001865827852512325,161.66464599882602,189.79324699882602,1.1739935211326555,256,0,0,True,28.128601,27.685795,37.615612,9,2.6197185813233066e-19,1.3970690816957186e-17,0.04978433656052482,0.2156634394751833,9.447234386160048e-13,True,1.764070652483835e-05,0.0002767575656893537,0.00027675756568935607,True,root
X+10_Y+0_Z50,fixed_nearest,4,2.0,90.0,-146.0258181081841,0.17937620155680659,82.06237984431934,0.19421689220974006,83.22228711241128,16.77771288758872,197.40665699828241,197.6577519982824,1.001271968249795,1,0,0,True,0.251095,0.225296,0.628877,9,0.009975177229484445,-1.2395461249974512e-05,0.04959690987166423,0.4040438948399277,1.4534150149391367e-11,True,1.4369607119654733e-05,0.0002208081266530174,0.00022707869639731814,True,root
X+10_Y+0_Z50,best_offset,4,2.0,90.0,-146.44948760444532,0.1769952988109043,82.30047011890957,0.046039638645699904,81.79193273131214,18.208067268687856,197.40665699828241,223.1784739982824,1.1305519144687417,256,0,0,True,25.771817,25.250201,26.344875,9,0.00999665505277946,-1.4462974064776297e-05,0.04974719084824487,0.2532446119897873,3.9432866321913065e-09,True,1.4122634449094633e-05,0.00022187887517830125,0.00022606314676172607,True,root
X+10_Y+0_Z50,offset_allQ_CD,4,2.0,90.0,-146.4767683292373,0.17684198885316454,82.31580111468355,0.004591505889492802,81.69729223432998,18.30270776567002,197.40665699828241,249.2772269982824,1.262759983825932,2296,1,2,True,51.87057,42.340402,54.252154,9,0.009989276143387115,2.7816610523229903e-06,0.049786145636840876,0.21414113892724956,1.600380351466617e-09,True,1.4106293312526186e-05,0.00022062949269019874,0.00022697677458634343,True,root
X+10_Y+0_Z50,adaptive_coarse_CD,4,2.0,90.0,-146.4767683292373,0.17684198885316454,82.31580111468355,0.004591505889492802,81.69729223432998,18.30270776567002,197.40665699828241,249.2772269982824,1.262759983825932,2296,1,2,True,51.87057,42.340402,54.252154,9,0.009989276143387115,2.7816610523229903e-06,0.049786145636840876,0.21414113892724956,1.600380351466617e-09,True,1.4106293312526186e-05,0.00022062949269019874,0.00022697677458634343,True,root
X+10_Y+0_Z50,fixed_nearest,8,3.0,45.0,-169.8412376593262,0.04554027920574942,95.44597207942506,0.25347640890577633,95.60705651058885,4.392943489411152,197.40665699828241,197.7469079982824,1.0017236044881859,1,0,0,True,0.34025099999999997,0.297961,0.384661,9,0.010000542842147946,-1.7199467961848876e-05,0.050042768122772543,0.04610020283312611,4.0826514223751584e-09,True,1.6508027928481483e-05,0.0002567401779906235,0.00026145768484104063,True,root
X+10_Y+0_Z50,best_offset,8,3.0,45.0,-169.96475047790923,0.044846172097464325,95.51538279025357,0.1692851682201397,95.7492787311089,4.250721268891098,197.40665699828241,223.89379999828242,1.1341755308699162,256,0,0,True,26.487143,26.402927,35.983834,9,0.009991532053612081,-3.2539579676355925e-06,0.0499593798761704,0.04162077388055409,3.2626395579021304e-10,True,1.6532584781020245e-05,0.00025614554672917094,0.00026243096982610356,True,root
X+10_Y+0_Z50,offset_allQ_CD,8,3.0,45.0,-169.96475047790923,0.044846172097464325,95.51538279025357,0.1692851682201397,95.7492787311089,4.250721268891098,197.40665699828241,259.6374139982824,1.315241430791979,2296,0,1,True,62.230757,36.084502,68.961294,9,0.009991532053612081,-3.2539579676355925e-06,0.0499593798761704,0.04162077388055409,3.2626395579021304e-10,True,1.6532584781020245e-05,0.00025614554672917094,0.00026243096982610356,True,root
X+10_Y+0_Z50,adaptive_coarse_CD,8,3.0,45.0,-169.96475047790923,0.044846172097464325,95.51538279025357,0.1692851682201397,95.7492787311089,4.250721268891098,197.40665699828241,259.6374139982824,1.315241430791979,2296,0,1,True,62.230757,36.084502,68.961294,9,0.009991532053612081,-3.2539579676355925e-06,0.0499593798761704,0.04162077388055409,3.2626395579021304e-10,True,1.6532584781020245e-05,0.00025614554672917094,0.00026243096982610356,True,root
X+10_Y+0_Z50,fixed_nearest,10,3.321928094887362,36.0,-172.3695089620852,0.03133210953517842,96.86678904648215,0.014381879228745507,96.98555149622874,3.0144485037712627,197.40665699828241,197.61374099828242,1.0010490223741635,1,0,0,True,0.207084,0.178477,0.28603999999999996,9,0.009994871358346135,4.605483254927424e-06,0.04977734508977879,0.22276158216093248,2.0365589652399116e-08,True,1.6746046277259895e-05,0.0002577355493196113,0.0002692508259188126,True,root
X+10_Y+0_Z50,best_offset,10,3.321928094887362,36.0,-172.43173475546524,0.030982418175210583,96.90175818247894,0.11863525388172977,96.96334305970474,3.0366569402952592,197.40665699828241,249.35526799828241,1.2631553149722403,256,0,0,True,51.948611,51.247606,60.043583999999996,9,0.009983558021190213,7.606815091421416e-06,0.04990841459444511,0.09335999578872568,2.576150619701631e-08,True,1.6742211649317497e-05,0.000254022382820293,0.00027250138138553115,True,root
X+10_Y+0_Z50,offset_allQ_CD,10,3.321928094887362,36.0,-172.47308534772156,0.030750039541590335,96.92499604584097,0.0917910894803628,97.02017641713937,2.9798235828606323,197.40665699828241,249.78067699828242,1.2653103030889972,5356,2,2,True,52.374019999999994,45.561423999999995,55.277271,9,0.009991837410268552,2.37806372725775e-06,0.04988189641982083,0.11840920027325778,9.31335332992511e-09,True,1.6752024802091385e-05,0.00025416709118023146,0.0002724577300083744,True,root
X+10_Y+0_Z50,adaptive_coarse_CD,10,3.321928094887362,36.0,-172.47308534772156,0.030750039541590335,96.92499604584097,0.0917910894803628,97.02017641713937,2.9798235828606323,197.40665699828241,249.78067699828242,1.2653103030889972,5356,2,2,True,52.374019999999994,45.561423999999995,55.277271,9,0.009991837410268552,2.37806372725775e-06,0.04988189641982083,0.11840920027325778,9.31335332992511e-09,True,1.6752024802091385e-05,0.00025416709118023146,0.0002724577300083744,True,root
X+10_Y+0_Z50,fixed_nearest,16,4.0,22.5,-175.65124905608437,0.012889658355444337,98.71103416445557,0.1236032730380584,98.93553433292878,1.064465667071218,197.40665699828241,197.8805569982824,1.0024006282625215,1,0,0,True,0.4739,0.242173,0.605849,9,0.009998358352225107,-1.6141335989199225e-06,0.04966686704500548,0.3331409103338607,4.8691752517348834e-12,True,1.7082740788137748e-05,0.0002664838485618888,0.00027145980858540885,True,root
X+10_Y+0_Z50,best_offset,16,4.0,22.5,-175.9003025624048,0.011490048087752874,98.85099519122471,0.010952193187852182,99.03886146675777,0.9611385332422344,197.40665699828241,224.78105699828242,1.1386700956099884,256,0,0,True,27.374399999999998,25.937248999999998,45.636680999999996,9,0.00998645611626303,-9.88219973346232e-06,0.049789881122022504,0.2107867110156034,8.27201555022615e-09,True,1.7100581806084262e-05,0.00026723941634747934,0.00027045236375715864,True,root
X+10_Y+0_Z50,offset_allQ_CD,16,4.0,22.5,-175.91954451676628,0.011381913746290747,98.86180862537093,0.040087217564480214,98.92234253490287,1.0776574650971327,197.40665699828241,245.2884809982824,1.2425542518579635,8416,3,2,True,47.881823999999995,43.600609999999996,55.454789999999996,9,0.009987417158593468,-8.717693084666464e-07,0.04975015214243772,0.25016602448784236,1.2900833470606927e-08,True,1.708046302143112e-05,0.00026731408498682,0.0002706591252564486,True,root
X+10_Y+0_Z50,adaptive_coarse_CD,16,4.0,22.5,-175.91954451676628,0.011381913746290747,98.86180862537093,0.040087217564480214,98.92234253490287,1.0776574650971327,197.40665699828241,245.2884809982824,1.2425542518579635,8416,3,2,True,47.881823999999995,43.600609999999996,55.454789999999996,9,0.009987417158593468,-8.717693084666464e-07,0.04975015214243772,0.25016602448784236,1.2900833470606927e-08,True,1.708046302143112e-05,0.00026731408498682,0.0002706591252564486,True,root
X+10_Y+0_Z50,fixed_nearest,32,5.0,11.25,-177.28340724237066,0.003717390958879471,99.62826090411205,0.02194855982950563,99.56088172048935,0.43911827951065163,197.40665699828241,197.65345599828242,1.0012502060657567,1,0,0,True,0.246799,0.212771,0.462952,9,0.009984157037146637,2.0558344058212248e-05,0.049782970388815455,0.21857606711006797,2.0824647715042572e-08,True,1.7190716627114756e-05,0.00026876997413764644,0.00027353592884858614,True,root
X+10_Y+0_Z50,best_offset,32,5.0,11.25,-177.3993590541393,0.0030657745704716615,99.69342254295283,0.002177306858173159,99.82884119759387,0.1711588024061257,197.40665699828241,237.5053219982824,1.2031272177429602,256,0,0,True,40.098665,28.357315999999997,43.669005,9,0.009987585139942133,9.973847012023173e-07,0.04979038606631544,0.2099836296505412,1.2200600875800588e-08,True,1.7236983949770513e-05,0.0002681733877740864,0.00027415004108885294,True,root
X+10_Y+0_Z50,offset_allQ_CD,32,5.0,11.25,-177.39935905413927,0.003065774570471821,99.69342254295282,0.002177306858173159,99.82884119759387,0.1711588024061257,197.40665699828241,248.7169969982824,1.2599220349516704,8416,0,1,True,51.31034,39.172745,64.475568,9,0.009987585139942133,9.973847012023173e-07,0.04979038606631544,0.2099836296505412,1.2200600875800588e-08,True,1.7236983949770513e-05,0.0002681733877740864,0.00027415004108885294,True,root
X+10_Y+0_Z50,adaptive_coarse_CD,32,5.0,11.25,-177.39935905413927,0.003065774570471821,99.69342254295282,0.002177306858173159,99.82884119759387,0.1711588024061257,197.40665699828241,248.7169969982824,1.2599220349516704,8416,0,1,True,51.31034,39.172745,64.475568,9,0.009987585139942133,9.973847012023173e-07,0.04979038606631544,0.2099836296505412,1.2200600875800588e-08,True,1.7236983949770513e-05,0.0002681733877740864,0.00027415004108885294,True,root
X+10_Y+0_Z50,fixed_nearest,64,6.0,5.625,-177.7986731456627,0.0008217423109499124,99.917825768905,0.005662778527179605,99.95798564637039,0.04201435362961092,197.40665699828241,197.72721299828243,1.0016238358162501,1,0,0,True,0.320556,0.28634,0.40763,9,0.00999106538843798,-3.6247904276367576e-06,0.04979369776114472,0.2065274319457587,6.008702856900807e-09,True,1.7259282723993053e-05,0.000268317503859044,0.0002751891054812015,True,root
X+10_Y+0_Z50,best_offset,64,6.0,5.625,-177.8054447665919,0.0007836877164916063,99.92163122835083,0.004305785427307656,99.9034040202485,0.09659597975149836,197.40665699828241,232.40887399828242,1.1773102160394953,256,0,0,True,35.002217,28.625269,36.839774999999996,9,0.009985870078204576,-4.540876634268467e-08,0.049788294980259426,0.21217604043637647,1.1316438582757138e-08,True,1.724985836724275e-05,0.00026882866085237254,0.00027475810207306544,True,root
X+10_Y+0_Z50,offset_allQ_CD,64,6.0,5.625,-177.8072154288895,0.0007737370951615463,99.92262629048383,0.0038605165225533856,99.89351665926506,0.1064833407349397,197.40665699828241,259.17999599828244,1.3129242951545321,32896,4,2,True,61.773339,56.806042,72.018784,9,0.009988301249126683,7.484246386610654e-08,0.049786587123095964,0.21373329736344002,9.401681468148558e-09,True,1.724815116238559e-05,0.0002688085297606152,0.0002747761144186965,True,root
X+10_Y+0_Z50,adaptive_coarse_CD,64,6.0,5.625,-177.8054447665919,0.0007836877164916063,99.92163122835083,0.004305785427307656,99.9034040202485,0.09659597975149836,197.40665699828241,232.40887399828242,1.1773102160394953,256,0,0,True,35.002217,28.625269,36.839774999999996,9,0.009985870078204576,-4.540876634268467e-08,0.049788294980259426,0.21217604043637647,1.1316438582757138e-08,True,1.724985836724275e-05,0.00026882866085237254,0.00027475810207306544,True,root
X+10_Y+0_Z50,fixed_nearest,128,7.0,2.8125,-177.91116053317558,0.00018959500704378182,99.98104049929563,0.0007184206564837706,99.99713924350355,0.0028607564964460153,197.40665699828241,197.65793499828243,1.0012728952702046,1,0,0,True,0.251278,0.221462,0.372778,9,0.009989653023082749,1.128070937732522e-06,0.049789695082405695,0.21056232056024451,4.035166019552086e-09,True,1.7266043194386816e-05,0.0002690206888858182,0.0002748499524518019,True,root
X+10_Y+0_Z50,best_offset,128,7.0,2.8125,-177.9115190754257,0.0001875801010017367,99.98124198989983,0.004117359125989926,99.98617894421729,0.013821055782713643,197.40665699828241,227.81797199828242,1.154054151275479,256,0,0,True,30.411315,25.669007999999998,35.909863,9,0.009989239789448084,3.3694331636745624e-07,0.049794231722118436,0.206049702363934,4.3842537848277395e-09,True,1.7264150730239023e-05,0.00026899299816261703,0.000274845253652441,True,root
X+10_Y+0_Z50,offset_allQ_CD,128,7.0,2.8125,-177.9115649622821,0.00018732222984651505,99.98126777701535,0.004448769737677946,99.98127669333833,0.01872330666166988,197.40665699828241,266.2706929982824,1.3488435346970045,98176,2,3,True,68.864036,66.815198,76.678395,9,0.009989503007456369,9.1494485045271e-07,0.049794578697518126,0.2056913597842439,2.965426510086814e-09,True,1.726330428126992e-05,0.00026893321475912466,0.00027490223152916947,True,root
X+10_Y+0_Z50,adaptive_coarse_CD,128,7.0,2.8125,-177.9115190754257,0.0001875801010017367,99.98124198989983,0.004117359125989926,99.98617894421729,0.013821055782713643,197.40665699828241,227.81797199828242,1.154054151275479,256,0,0,True,30.411315,25.669007999999998,35.909863,9,0.009989239789448084,3.3694331636745624e-07,0.049794231722118436,0.206049702363934,4.3842537848277395e-09,True,1.7264150730239023e-05,0.00026899299816261703,0.000274845253652441,True,root
X+10_Y+0_Z50,fixed_nearest,256,8.0,1.40625,-177.93375098430027,6.264306080122067e-05,99.99373569391989,0.0017072623836002759,100.00750259430765,0.007502594307652544,197.40665699828241,197.7597749982824,1.0017887846609097,1,0,0,True,0.353118,0.32061,0.41881799999999997,9,0.009991114688933753,-3.69443744048661e-07,0.04979036249907078,0.20982603994088259,7.573907772661048e-09,True,1.726783258620318e-05,0.00026915124584170943,0.0002747861548613343,True,root
X+10_Y+0_Z50,best_offset,256,8.0,1.40625,-177.93753216307016,4.139390551529468e-05,99.99586060944847,0.0012953018427204989,100.00268166109818,0.0026816610981796885,197.40665699828241,223.9432929982824,1.1344262468323492,256,0,0,True,26.536635999999998,25.346785,37.085912,9,0.009989702452413934,7.950668190366446e-07,0.049791423902057486,0.208831655288322,5.625437518509322e-09,True,1.7267000177979687e-05,0.00026909391709122434,0.00027483922737210034,True,root
X+10_Y+0_Z50,offset_allQ_CD,256,8.0,1.40625,-177.9375455059343,4.13189223924257e-05,99.99586810776076,0.0007559486861238878,100.00654786059005,0.006547860590046639,197.40665699828241,284.2443829982824,1.4398925918732088,130816,1,2,True,86.83772599999999,68.912567,97.81258299999999,9,0.00998979121791991,6.911763864669619e-07,0.049790889715975915,0.20936047344470377,5.904886868270517e-09,True,1.7267667736751165e-05,0.00026910724146084154,0.0002748298487106824,True,root
X+10_Y+0_Z50,adaptive_coarse_CD,256,8.0,1.40625,-177.93753216307016,4.139390551529468e-05,99.99586060944847,0.0012953018427204989,100.00268166109818,0.0026816610981796885,197.40665699828241,223.9432929982824,1.1344262468323492,256,0,0,True,26.536635999999998,25.346785,37.085912,9,0.009989702452413934,7.950668190366446e-07,0.049791423902057486,0.208831655288322,5.625437518509322e-09,True,1.7267000177979687e-05,0.00026909391709122434,0.00027483922737210034,True,root
X+10_Y+0_Z50,fixed_nearest,512,9.0,0.703125,-177.9426341422408,1.272222552867359e-05,99.99872777744713,0.0005391413625382227,99.99245533703721,0.007544662962786219,197.40665699828241,197.70890099828242,1.0015310729870808,1,0,0,True,0.302244,0.240285,0.36544099999999996,9,0.009989506367210552,4.680588698633184e-07,0.049790636983705394,0.20962635330559465,7.1030430945144555e-09,True,1.7265234445936828e-05,0.0002691592309765002,0.00027479778703284066,True,root
X+10_Y+0_Z50,best_offset,512,9.0,0.703125,-177.94283092579752,1.1616357594577071e-05,99.99883836424054,0.0016135531489246831,99.99879629779674,0.0012037022032558298,197.40665699828241,227.8083289982824,1.1540053028721544,256,0,0,True,30.401671999999998,27.447076,37.512803999999996,9,0.009990066929567483,5.781984463879402e-07,0.049791720769576234,0.20851675718651067,7.034033824292358e-09,True,1.726632931028191e-05,0.0002690602397852614,0.0002748875528004524,True,root
X+10_Y+0_Z50,offset_allQ_CD,512,9.0,0.703125,-177.94286044670986,1.1450458416419467e-05,99.99885495415836,0.001820318956794917,99.98773369152416,0.012266308475844312,197.40665699828241,364.09689699828243,1.8444002980175604,653056,12,5,False,166.69024,159.20168099999998,201.525136,9,0.00998984327278341,5.893036471706886e-07,0.04979196296720922,0.20828565336800087,6.909292829096815e-09,True,1.7264419181260323e-05,0.00026900825795858857,0.00027493869502053875,True,root
X+10_Y+0_Z50,adaptive_coarse_CD,512,9.0,0.703125,-177.94283092579752,1.1616357594577071e-05,99.99883836424054,0.0016135531489246831,99.99879629779674,0.0012037022032558298,197.40665699828241,227.8083289982824,1.1540053028721544,256,0,0,True,30.401671999999998,27.447076,37.512803999999996,9,0.009990066929567483,5.781984463879402e-07,0.049791720769576234,0.20851675718651067,7.034033824292358e-09,True,1.726632931028191e-05,0.0002690602397852614,0.0002748875528004524,True,root
X+10_Y+0_Z50,fixed_nearest,1024,10.0,0.3515625,-177.94438261370436,2.8963104097289e-06,99.99971036895903,0.0012153709847999986,99.99289338467241,0.007106615327586496,197.40665699828241,197.6773369982824,1.001371179696348,1,0,0,True,0.27068,0.21909599999999999,0.307894,9,0.009989919572441457,6.799430730272736e-07,0.049791339703860765,0.2089047546784417,7.150238846126573e-09,True,1.7265310081594487e-05,0.00026910614473821324,0.00027484983148051885,True,root
X+10_Y+0_Z50,best_offset,1024,10.0,0.3515625,-177.94442124149307,2.6792331619606785e-06,99.9997320766838,0.0008772636493595477,99.9896524860102,0.010347513989799495,197.40665699828241,247.99243699828241,1.2562516420124583,256,0,0,True,50.58578,44.550301999999995,57.089569,9,0.009989807760742972,5.836570489512841e-07,0.04979101923529564,0.20922997493916187,7.102441566614947e-09,True,1.7264750490623046e-05,0.0002691164014397704,0.00027484238761767377,True,root
X+10_Y+0_Z50,offset_allQ_CD,1024,10.0,0.3515625,-177.9444228754112,2.6700510042498466e-06,99.99973299489957,0.0006790471355007278,99.99111601694494,0.008883983055056888,197.40665699828241,318.4223429982824,1.6130273813463794,522496,1,2,True,121.01568599999999,105.079799,143.946957,9,0.009989755779140127,5.434215708333987e-07,0.04979082448063169,0.2094269258501214,7.019573132961899e-09,True,1.7265003191735567e-05,0.00026911310059777845,0.00027484730414117025,True,root
X+10_Y+0_Z50,adaptive_coarse_CD,1024,10.0,0.3515625,-177.94442124149307,2.6792331619606785e-06,99.9997320766838,0.0008772636493595477,99.9896524860102,0.010347513989799495,197.40665699828241,247.99243699828241,1.2562516420124583,256,0,0,True,50.58578,44.550301999999995,57.089569,9,0.009989807760742972,5.836570489512841e-07,0.04979101923529564,0.20922997493916187,7.102441566614947e-09,True,1.7264750490623046e-05,0.0002691164014397704,0.00027484238761767377,True,root
X+10_Y+0_Z50,fixed_nearest,2048,11.0,0.17578125,-177.94474607091178,8.537836977871044e-07,99.99991462163023,0.0003915823014659747,100.00069675995071,0.0006967599507134992,197.40665699828241,197.6652919982824,1.0013101635169388,1,0,0,True,0.258635,0.230323,1.602816,9,0.009989490494906383,6.783617253468959e-07,0.049790456341444564,0.20980813786109806,6.950661690747202e-09,True,1.726665745428571e-05,0.000269128011193453,0.00027483710789919766,True,root
X+10_Y+0_Z50,best_offset,2048,11.0,0.17578125,-177.944762663986,7.605353134711824e-07,99.99992394646866,0.0006994703278046071,99.99961882967953,0.00038117032046613986,197.40665699828241,234.0466779982824,1.1856068156826078,256,0,0,True,36.640021,31.690828,41.765066,9,0.009989741501387693,5.799877038095057e-07,0.04979084640471196,0.2094058251372928,7.064069787456158e-09,True,1.7266471333055007e-05,0.0002691155535943179,0.00027484581296594225,True,root
X+10_Y+0_Z50,offset_allQ_CD,2048,11.0,0.17578125,-177.94476266398598,7.605353136309044e-07,99.99992394646864,0.0006994703278046071,99.99961882967953,0.00038117032046613986,197.40665699828241,338.43542299828243,1.7144073464616094,522496,0,1,True,141.028766,105.03166399999999,152.19026599999998,9,0.009989741501387693,5.799877038095057e-07,0.04979084640471196,0.2094058251372928,7.064069787456158e-09,True,1.7266471333055007e-05,0.0002691155535943179,0.00027484581296594225,True,root
X+10_Y+0_Z50,adaptive_coarse_CD,2048,11.0,0.17578125,-177.944762663986,7.605353134711824e-07,99.99992394646866,0.0006994703278046071,99.99961882967953,0.00038117032046613986,197.40665699828241,234.0466779982824,1.1856068156826078,256,0,0,True,36.640021,31.690828,41.765066,9,0.009989741501387693,5.799877038095057e-07,0.04979084640471196,0.2094058251372928,7.064069787456158e-09,True,1.7266471333055007e-05,0.0002691155535943179,0.00027484581296594225,True,root
X-10_Y+0_Z50,fixed_nearest,4,2.0,90.0,-169.3426622680251,0.17698039647847996,82.30196035215201,0.041378320273202505,81.78702830376352,18.21297169623648,220.28851600043708,220.62913000043707,1.0015462176884395,1,0,0,True,0.340614,0.291734,0.39236899999999997,9,-0.009996655052779448,1.4462974064809283e-05,0.04974719084824572,0.25324461198893733,4.371878937709308e-09,True,1.4122634449096044e-05,0.00022187887517830605,0.00022606314676172732,True,root
X-10_Y+0_Z50,best_offset,4,2.0,90.0,-169.3426622680251,0.17698039647847996,82.30196035215201,0.041378320273202505,81.78702830376352,18.21297169623648,220.28851600043708,269.8912180004371,1.225171529140909,256,0,0,True,49.602702,26.019302,57.358287999999995,9,-0.009996655052779448,1.4462974064809283e-05,0.04974719084824572,0.25324461198893733,4.371878937709308e-09,True,1.4122634449096044e-05,0.00022187887517830605,0.00022606314676172732,True,root
X-10_Y+0_Z50,offset_allQ_CD,4,2.0,90.0,-169.37119564544685,0.17684172186064734,82.31582781393527,0.0024508472541177194,81.6923934816395,18.3076065183605,220.28851600043708,275.2263300004371,1.2493902768852962,2296,1,2,True,54.937813999999996,47.192389999999996,59.675973,9,-0.00998927614338712,-2.781661052327196e-06,0.049786145636840876,0.21414113892724937,1.7715752934806024e-09,True,1.410629331252792e-05,0.0002206294926902014,0.0002269767745863461,True,root
X-10_Y+0_Z50,adaptive_coarse_CD,4,2.0,90.0,-169.37119564544685,0.17684172186064734,82.31582781393527,0.0024508472541177194,81.6923934816395,18.3076065183605,220.28851600043708,275.2263300004371,1.2493902768852962,2296,1,2,True,54.937813999999996,47.192389999999996,59.675973,9,-0.00998927614338712,-2.781661052327196e-06,0.049786145636840876,0.21414113892724937,1.7715752934806024e-09,True,1.410629331252792e-05,0.0002206294926902014,0.0002269767745863461,True,root
X-10_Y+0_Z50,fixed_nearest,8,3.0,45.0,-195.71109917124207,0.048827571933772636,95.11724280662274,0.18050184049826368,96.42435616961286,3.5756438303871363,220.28851600043708,220.60105400043707,1.0014187666505474,1,0,0,True,0.312538,0.29258799999999996,1.143335,9,-0.009987717122083743,2.7258545287792274e-05,0.04960672125068402,0.39441357994452303,1.5816607090944597e-08,True,1.665014565775852e-05,0.00025666767516499176,0.0002626340780519075,True,root
X-10_Y+0_Z50,best_offset,8,3.0,45.0,-196.52844417728306,0.04485520635381346,95.51447936461865,0.17438212163303818,95.74353738977784,4.256462610222158,220.28851600043708,263.51277000043706,1.1962165562907248,256,0,0,True,43.224253999999995,27.647706,47.248222,9,-0.009991532053612088,3.253957967636644e-06,0.04995937987617054,0.041620773880417315,3.6297240232731296e-10,True,1.6532584781014364e-05,0.00025614554672916833,0.0002624309698261015,True,root
X-10_Y+0_Z50,offset_allQ_CD,8,3.0,45.0,-196.52844417728306,0.04485520635381346,95.51447936461865,0.17438212163303818,95.74353738977784,4.256462610222158,220.28851600043708,266.52898300043705,1.20990865906014,2296,0,1,True,46.240466999999995,33.491081,49.464431999999995,9,-0.009991532053612088,3.253957967636644e-06,0.04995937987617054,0.041620773880417315,3.6297240232731296e-10,True,1.6532584781014364e-05,0.00025614554672916833,0.0002624309698261015,True,root
X-10_Y+0_Z50,adaptive_coarse_CD,8,3.0,45.0,-196.52844417728306,0.04485520635381346,95.51447936461865,0.17438212163303818,95.74353738977784,4.256462610222158,220.28851600043708,266.52898300043705,1.20990865906014,2296,0,1,True,46.240466999999995,33.491081,49.464431999999995,9,-0.009991532053612088,3.253957967636644e-06,0.04995937987617054,0.041620773880417315,3.6297240232731296e-10,True,1.6532584781014364e-05,0.00025614554672916833,0.0002624309698261015,True,root
X-10_Y+0_Z50,fixed_nearest,10,3.321928094887362,36.0,-198.88064798294974,0.03342329771594429,96.65767022840556,0.1345512217377838,97.11707790954917,2.8829220904508333,220.28851600043708,221.6672380004371,1.006258710281553,1,0,0,True,1.378722,0.34299399999999997,3.180285,9,-0.01000453560843384,-3.881852033562215e-05,0.04991317536348742,0.09521537045275161,7.876800939018278e-09,True,1.6769761886773802e-05,0.00025698568959366244,0.0002688327894425639,True,root
X-10_Y+0_Z50,best_offset,10,3.321928094887362,36.0,-199.40206502288223,0.030889166979323472,96.91108330206765,0.05043076199223299,96.86807905630872,3.1319209436912843,220.28851600043708,247.93608900043708,1.125506192978054,256,0,0,True,27.647572999999998,25.188205999999997,36.668361999999995,9,-0.009977625388458339,3.2021144188898765e-06,0.049833930199066345,0.1676008817415247,3.6221303861181135e-08,True,1.672676582914106e-05,0.0002538546585603052,0.00027316605307569107,True,root
X-10_Y+0_Z50,offset_allQ_CD,10,3.321928094887362,36.0,-199.47785325689486,0.03052082977785707,96.9479170222143,0.05446433420377933,96.84153517101053,3.158464828989466,220.28851600043708,272.31703000043706,1.2361835058160577,5356,4,2,True,52.028513999999994,47.907669999999996,63.172222,9,-0.009991020717748031,1.5538080645526955e-08,0.049839490932382,0.16076003402212147,8.850301551263246e-09,True,1.6722182344489528e-05,0.00025260927976628793,0.0002744036634007728,True,root
X-10_Y+0_Z50,adaptive_coarse_CD,10,3.321928094887362,36.0,-199.47785325689486,0.03052082977785707,96.9479170222143,0.05446433420377933,96.84153517101053,3.158464828989466,220.28851600043708,272.31703000043706,1.2361835058160577,5356,4,2,True,52.028513999999994,47.907669999999996,63.172222,9,-0.009991020717748031,1.5538080645526955e-08,0.049839490932382,0.16076003402212147,8.850301551263246e-09,True,1.6722182344489528e-05,0.00025260927976628793,0.0002744036634007728,True,root
X-10_Y+0_Z50,fixed_nearest,16,4.0,22.5,-203.15900372385423,0.012630128419774022,98.7369871580226,0.054191900413032436,99.26597812801441,0.7340218719855898,220.28851600043708,220.50791000043708,1.0009959393434724,1,0,0,True,0.21939399999999998,0.19541499999999998,0.30252,9,-0.009983470313291398,1.8010104283415215e-05,0.0497345071132256,0.2666159547491298,5.636389721519805e-09,True,1.7140824791031085e-05,0.00026570177297254076,0.00027214326625469047,True,root
X-10_Y+0_Z50,best_offset,16,4.0,22.5,-203.39476920641832,0.011484288314361931,98.85157116856381,0.010476324566916941,99.04905028680221,0.9509497131977867,220.28851600043708,246.6158620004371,1.119513020823781,256,0,0,True,26.327346,24.983924,35.075825,9,-0.009988151152922368,5.091460967279007e-06,0.049776350360531484,0.22402115834503009,8.858424503479157e-09,True,1.7103366618667945e-05,0.00026649263006671577,0.0002712312836648517,True,root
X-10_Y+0_Z50,offset_allQ_CD,16,4.0,22.5,-203.39794717586855,0.011468843115131534,98.85311568848685,0.004666989736859737,98.98866769076814,1.011332309231861,220.28851600043708,287.51472400043707,1.3051734571577331,12496,3,3,True,67.226208,59.354493999999995,76.49131899999999,9,-0.009986644147168315,3.1083479440968775e-06,0.04978549013820915,0.21494771791609038,4.720068940788203e-09,True,1.709294001009e-05,0.0002662976457059412,0.00027135684368215414,True,root
X-10_Y+0_Z50,adaptive_coarse_CD,16,4.0,22.5,-203.39794717586855,0.011468843115131534,98.85311568848685,0.004666989736859737,98.98866769076814,1.011332309231861,220.28851600043708,287.51472400043707,1.3051734571577331,12496,3,3,True,67.226208,59.354493999999995,76.49131899999999,9,-0.009986644147168315,3.1083479440968775e-06,0.04978549013820915,0.21494771791609038,4.720068940788203e-09,True,1.709294001009e-05,0.0002662976457059412,0.00027135684368215414,True,root
X-10_Y+0_Z50,fixed_nearest,32,5.0,11.25,-205.01130057697364,0.003627809681890648,99.63721903181093,0.029646957164340036,99.63426698749454,0.36573301250545853,220.28851600043708,220.50391200043708,1.0009777904173613,1,0,0,True,0.215396,0.209782,0.252116,9,-0.009977837625548349,-1.2728457166912094e-05,0.04980948346099887,0.19222314141682906,2.522522600621691e-08,True,1.720441933703653e-05,0.00026838775274490843,0.0002736861193154399,True,root
X-10_Y+0_Z50,best_offset,32,5.0,11.25,-205.1274548123985,0.003063290313254488,99.69367096867455,0.020753576915091464,99.75571244355339,0.24428755644660782,220.28851600043708,245.4096980004371,1.1140376378038253,256,0,0,True,25.121181999999997,24.656585,38.250848999999995,9,-0.009990447136059781,-1.2512528333803818e-06,0.0498057718993727,0.19446690699551697,1.526704355863318e-08,True,1.722539001927055e-05,0.0002685800212547423,0.0002736271075472269,True,root
X-10_Y+0_Z50,offset_allQ_CD,32,5.0,11.25,-205.1274548123985,0.003063290313254488,99.69367096867455,0.020753576915091464,99.75571244355339,0.24428755644660782,220.28851600043708,264.23575100043706,1.1994985294644809,8416,0,1,True,43.947235,32.757534,45.32712,9,-0.009990447136059781,-1.2512528333803818e-06,0.0498057718993727,0.19446690699551697,1.526704355863318e-08,True,1.722539001927055e-05,0.0002685800212547423,0.0002736271075472269,True,root
X-10_Y+0_Z50,adaptive_coarse_CD,32,5.0,11.25,-205.1274548123985,0.003063290313254488,99.69367096867455,0.020753576915091464,99.75571244355339,0.24428755644660782,220.28851600043708,264.23575100043706,1.1994985294644809,8416,0,1,True,43.947235,32.757534,45.32712,9,-0.009990447136059781,-1.2512528333803818e-06,0.0498057718993727,0.19446690699551697,1.526704355863318e-08,True,1.722539001927055e-05,0.0002685800212547423,0.0002736271075472269,True,root
X-10_Y+0_Z50,fixed_nearest,64,6.0,5.625,-205.59032481324004,0.0008137031184360286,99.9186296881564,0.021852204806504075,99.85776944907978,0.14223055092021752,220.28851600043708,220.53109100043707,1.0011011695226069,1,0,0,True,0.24257499999999999,0.22688,0.257004,9,-0.009985599929768189,1.8462645236447805e-06,0.04980642398339563,0.19411966649411977,1.1809701795047645e-08,True,1.7243012786742494e-05,0.00026883543211676743,0.0002746186629831495,True,root
X-10_Y+0_Z50,best_offset,64,6.0,5.625,-205.59669537560976,0.0007827416486828858,99.92172583513171,0.004872503801685998,99.89741358830395,0.10258641169605198,220.28851600043708,246.95885000043708,1.1210700152882553,256,0,0,True,26.670334,25.794152,35.370016,9,-0.009985870078204558,4.5408766332064124e-08,0.04978829498025977,0.21217604043603147,1.2534180469835793e-08,True,1.7249858367244972e-05,0.0002688286608523774,0.0002747581020730765,True,root
X-10_Y+0_Z50,offset_allQ_CD,64,6.0,5.625,-205.59900874282368,0.000771498489152333,99.92285015108476,0.003844172786169807,99.88543454870144,0.1145654512985601,220.28851600043708,281.4577550004371,1.2776778386390266,49216,5,3,True,61.169239,52.028687,66.05839499999999,9,-0.009988049829072726,-4.3736429499677864e-07,0.04978862915186925,0.21170884089294079,1.0769898849297704e-08,True,1.724778987789078e-05,0.00026885517740624505,0.0002747156454595416,True,root
X-10_Y+0_Z50,adaptive_coarse_CD,64,6.0,5.625,-205.59669537560976,0.0007827416486828858,99.92172583513171,0.004872503801685998,99.89741358830395,0.10258641169605198,220.28851600043708,246.95885000043708,1.1210700152882553,256,0,0,True,26.670334,25.794152,35.370016,9,-0.009985870078204558,4.5408766332064124e-08,0.04978829498025977,0.21217604043603147,1.2534180469835793e-08,True,1.7249858367244972e-05,0.0002688286608523774,0.0002747581020730765,True,root
X-10_Y+0_Z50,fixed_nearest,128,7.0,2.8125,-205.7126246254546,0.00021931572891770168,99.97806842710824,0.011704697296782711,99.9957765696189,0.004223430381102844,220.28851600043708,220.4792560004371,1.0008658644738413,1,0,0,True,0.19074,0.18556599999999998,0.233626,9,-0.0099920753112959,1.957342674033853e-07,0.04977367353688199,0.22646524437641766,1.0029910963828334e-08,True,1.7266843266406183e-05,0.0002692503141593157,0.0002747219582536123,True,root
X-10_Y+0_Z50,best_offset,128,7.0,2.8125,-205.71901902017765,0.00018823843191971727,99.98117615680803,0.009185098156512618,99.980183548868,0.01981645113200159,220.28851600043708,245.85138100043707,1.1160426583469711,256,0,0,True,25.562865,24.788964999999997,35.349281,9,-0.00998923978944806,-3.3694331637189867e-07,0.04979423172211837,0.20604970236399764,4.855938413982868e-09,True,1.7264150730235235e-05,0.0002689929981626027,0.000274845253652436,True,root
X-10_Y+0_Z50,offset_allQ_CD,128,7.0,2.8125,-205.71907504300995,0.0001879661562355659,99.98120338437644,0.008381925967764055,99.97959670070212,0.020403299297882427,220.28851600043708,280.1393590004371,1.271692978311594,65536,1,2,True,59.850843,59.306968999999995,67.70446,9,-0.009989847775217466,-5.11646567240845e-07,0.049793424750129545,0.20682519988939232,4.155503098293658e-09,True,1.726404939580243e-05,0.0002689752438594653,0.00027486795401779904,True,root
X-10_Y+0_Z50,adaptive_coarse_CD,128,7.0,2.8125,-205.71901902017765,0.00018823843191971727,99.98117615680803,0.009185098156512618,99.980183548868,0.01981645113200159,220.28851600043708,245.85138100043707,1.1160426583469711,256,0,0,True,25.562865,24.788964999999997,35.349281,9,-0.00998923978944806,-3.3694331637189867e-07,0.04979423172211837,0.20604970236399764,4.855938413982868e-09,True,1.7264150730235235e-05,0.0002689929981626027,0.000274845253652436,True,root
X-10_Y+0_Z50,fixed_nearest,256,8.0,1.40625,-205.74526525242007,6.067953232065188e-05,99.99393204676792,0.006403643129333129,99.9865365555384,0.013463444461606855,220.28851600043708,220.57173700043708,1.0012856820915688,1,0,0,True,0.283221,0.24548599999999998,0.28707099999999997,9,-0.009991378728471131,8.037522239602074e-07,0.049790996717956774,0.20918256200088298,6.79689870139786e-09,True,1.726524774027117e-05,0.00026910632757932296,0.0002748239658160701,True,root
X-10_Y+0_Z50,best_offset,256,8.0,1.40625,-205.74921736091474,4.147195212322065e-05,99.99585280478767,0.002796224585102073,99.99395200850519,0.00604799149481039,220.28851600043708,249.6801720004371,1.1334234599861832,256,0,0,True,29.391655999999998,28.669266,46.76622,9,-0.009989795523553393,-8.969066795580125e-07,0.04978781102870906,0.21243609702367186,6.327942218922812e-09,True,1.7266528208992147e-05,0.00026911220363423004,0.00027484761484996656,True,root
X-10_Y+0_Z50,offset_allQ_CD,256,8.0,1.40625,-205.74922237905534,4.1447563537201006e-05,99.99585524364628,0.0013783756097155205,100.00004226203104,4.2262031044515425e-05,220.28851600043708,303.0532760004371,1.37571073382616,130816,2,2,True,82.76476,69.44042,105.703932,9,-0.009989589983512966,-5.661767254465389e-07,0.049786423650638796,0.21383064795722098,6.742965642899833e-09,True,1.7267579847938222e-05,0.00026912241637030217,0.0002748487976188225,True,root
X-10_Y+0_Z50,adaptive_coarse_CD,256,8.0,1.40625,-205.74921736091474,4.147195212322065e-05,99.99585280478767,0.002796224585102073,99.99395200850519,0.00604799149481039,220.28851600043708,249.6801720004371,1.1334234599861832,256,0,0,True,29.391655999999998,28.669266,46.76622,9,-0.009989795523553393,-8.969066795580125e-07,0.04978781102870906,0.21243609702367186,6.327942218922812e-09,True,1.7266528208992147e-05,0.00026911220363423004,0.00027484761484996656,True,root
X-10_Y+0_Z50,fixed_nearest,512,9.0,0.703125,-205.75511931186864,1.2787973325291202e-05,99.99872120266747,0.0005367823374507018,100.02384064957215,0.023840649572150596,220.28851600043708,220.54830000043708,1.0011792898001068,1,0,0,True,0.259784,0.236041,0.316497,9,-0.009989893253913931,-5.713614794232934e-07,0.04978475025934109,0.2154876414649258,7.958737138955418e-09,True,1.7271689251772686e-05,0.00026916855227004564,0.00027483360822837363,True,root
X-10_Y+0_Z50,best_offset,512,9.0,0.703125,-205.7553356691756,1.1736458588229466e-05,99.99882635414117,0.002451873768110601,100.0001415799702,0.0001415799702044751,220.28851600043708,253.5540700004371,1.15100902490956,256,0,0,True,33.265554,30.859402,41.070197,9,-0.009989752909481578,-8.133713478311366e-07,0.04978747597950684,0.21277246937425875,8.30601050620844e-09,True,1.7267596997735422e-05,0.0002690344879840766,0.00027494466048959775,True,root
X-10_Y+0_Z50,offset_allQ_CD,512,9.0,0.703125,-205.7553641395355,1.1598090240891958e-05,99.99884019097591,0.002723257361552532,99.99988484679335,0.00011515320665012041,220.28851600043708,344.19063700043705,1.5624538366755085,391936,5,3,True,123.902121,120.627883,165.65597499999998,9,-0.009989678753134454,-6.016927729825432e-07,0.04978776632101196,0.2124853516547749,8.217509489050472e-09,True,1.7267552666147848e-05,0.0002690129570255218,0.0002749647735320137,True,root
X-10_Y+0_Z50,adaptive_coarse_CD,512,9.0,0.703125,-205.7553356691756,1.1736458588229466e-05,99.99882635414117,0.002451873768110601,100.0001415799702,0.0001415799702044751,220.28851600043708,253.5540700004371,1.15100902490956,256,0,0,True,33.265554,30.859402,41.070197,9,-0.009989752909481578,-8.133713478311366e-07,0.04978747597950684,0.21277246937425875,8.30601050620844e-09,True,1.7267596997735422e-05,0.0002690344879840766,0.00027494466048959775,True,root
X-10_Y+0_Z50,fixed_nearest,1024,10.0,0.3515625,-205.75709779486493,3.1723793020561706e-06,99.9996827620698,0.0005911626900298212,99.9957172087106,0.004282791289398347,220.28851600043708,220.6564870004371,1.0016704048249128,1,0,0,True,0.367971,0.350416,0.700633,9,-0.009989170039080578,-8.366390797792155e-07,0.04978551360284538,0.21476126881455157,8.303630310841799e-09,True,1.7266833016218274e-05,0.0002691372254697931,0.0002748626285816281,True,root
X-10_Y+0_Z50,best_offset,1024,10.0,0.3515625,-205.7571681372292,2.8305094862936733e-06,99.99971694905138,0.001916130681065266,99.98881028042261,0.011189719577387791,220.28851600043708,279.7455850004371,1.2699054407351948,256,0,0,True,59.457069,52.995593,64.502965,9,-0.00998966593847236,-7.284006612491489e-07,0.049786951949601685,0.21329977771602232,7.960371634816403e-09,True,1.7265640357365148e-05,0.0002691384248789403,0.0002748504429387908,True,root
X-10_Y+0_Z50,offset_allQ_CD,1024,10.0,0.3515625,-205.75717375320968,2.803215348067701e-06,99.9997196784652,0.0009770468434676194,99.98846286754663,0.011537132453369736,220.28851600043708,397.2151400004371,1.803158635830335,783616,5,3,True,176.926624,161.01089299999998,247.22422899999998,9,-0.009989571323067537,-6.145273518642377e-07,0.049786021999820795,0.21423286280848877,8.069299945308633e-09,True,1.726558036759474e-05,0.000269140057868474,0.0002748561176125425,True,root
X-10_Y+0_Z50,adaptive_coarse_CD,1024,10.0,0.3515625,-205.7571681372292,2.8305094862936733e-06,99.99971694905138,0.001916130681065266,99.98881028042261,0.011189719577387791,220.28851600043708,279.7455850004371,1.2699054407351948,256,0,0,True,59.457069,52.995593,64.502965,9,-0.00998966593847236,-7.284006612491489e-07,0.049786951949601685,0.21329977771602232,7.960371634816403e-09,True,1.7265640357365148e-05,0.0002691384248789403,0.0002748504429387908,True,root
X-10_Y+0_Z50,fixed_nearest,2048,11.0,0.17578125,-205.75756427368097,9.052529613929514e-07,99.99990947470387,0.0009516377702900611,99.99514888538212,0.004851114617878238,220.28851600043708,220.5769990004371,1.0013095689472957,1,0,0,True,0.288483,0.243826,0.375815,9,-0.009989338628848375,-8.038900006763872e-07,0.049785974330280716,0.21429255323681937,7.572975766589722e-09,True,1.726673488057521e-05,0.00026914975934968057,0.0002748489211971899,True,root
X-10_Y+0_Z50,best_offset,2048,11.0,0.17578125,-205.7576004796737,7.292887868529808e-07,99.99992707112132,0.0011774476698336296,100.00165154425473,0.0016515442547273551,220.28851600043708,247.9860310004371,1.1257329047508997,256,0,0,True,27.697515,26.603657,37.416444999999996,9,-0.009989471269231439,-5.729729458100719e-07,0.04978387560663883,0.21638145917644933,7.823109211081787e-09,True,1.7267857731913736e-05,0.00026917862362364097,0.0002748353447235598,True,root
X-10_Y+0_Z50,offset_allQ_CD,2048,11.0,0.17578125,-205.75760172002683,7.232605661642497e-07,99.99992767394338,0.0010365347164735183,100.00102813352427,0.0010281335242723344,220.28851600043708,421.9632280004371,1.9155026129441983,1044736,2,2,True,201.674712,180.30175499999999,222.497422,9,-0.009989423191740782,-5.84150132762824e-07,0.04978401654238883,0.2162430670935087,7.82372347535929e-09,True,1.7267750084013567e-05,0.0002691768919975572,0.00027483611147349405,True,root
X-10_Y+0_Z50,adaptive_coarse_CD,2048,11.0,0.17578125,-205.7576004796737,7.292887868529808e-07,99.99992707112132,0.0011774476698336296,100.00165154425473,0.0016515442547273551,220.28851600043708,247.9860310004371,1.1257329047508997,256,0,0,True,27.697515,26.603657,37.416444999999996,9,-0.009989471269231439,-5.729729458100719e-07,0.04978387560663883,0.21638145917644933,7.823109211081787e-09,True,1.7267857731913736e-05,0.00026917862362364097,0.0002748353447235598,True,root
X+0_Y+10_Z50,fixed_nearest,4,2.0,90.0,-210.8321150700372,0.17948346895938905,82.05165310406109,0.3260870983351719,83.11049140933162,16.889508590668385,263.79417099997227,264.4275379999723,1.0024009893683363,1,0,0,True,0.633367,0.612729,0.837279,9,1.2538761776543203e-06,0.009950443896709836,0.04943577968520051,0.5663938057669918,3.671945609317995e-11,True,1.4355450258821932e-05,0.00022040445557102575,0.00022873337722793593,True,root
X+0_Y+10_Z50,best_offset,4,2.0,90.0,-211.4926497931173,0.17691279959322767,82.30872004067723,0.02141886376203142,81.76261056926192,18.237389430738077,263.79417099997227,289.16626999997226,1.0961814239633167,256,0,0,True,25.372099,25.142471,28.808170999999998,9,-1.4462974064776773e-05,0.009996655052779456,0.04974719084824474,0.2532446119899121,4.252518800501601e-09,True,1.4122634449092919e-05,0.00022187887517830266,0.00022606314676172583,True,root
X+0_Y+10_Z50,offset_allQ_CD,4,2.0,90.0,-211.50953449928642,0.17684708768530072,82.31529123146993,0.0265709322242892,81.66800400058698,18.331995999413024,263.79417099997227,310.71911699997224,1.177884696322592,2296,1,2,True,46.924946,39.772421,48.928073,9,2.7816610523257114e-06,0.00998927614338711,0.04978614563684082,0.2141411389273053,1.726271666072889e-09,True,1.4106293312519896e-05,0.00022062949269018806,0.0002269767745863346,True,root
X+0_Y+10_Z50,adaptive_coarse_CD,4,2.0,90.0,-211.50953449928642,0.17684708768530072,82.31529123146993,0.0265709322242892,81.66800400058698,18.331995999413024,263.79417099997227,310.71911699997224,1.177884696322592,2296,1,2,True,46.924946,39.772421,48.928073,9,2.7816610523257114e-06,0.00998927614338711,0.04978614563684082,0.2141411389273053,1.726271666072889e-09,True,1.4106293312519896e-05,0.00022062949269018806,0.0002269767745863346,True,root
X+0_Y+10_Z50,fixed_nearest,8,3.0,45.0,-245.25844869819664,0.04550304650031297,95.44969534996869,0.28392682514202616,95.57278166825395,4.427218331746047,263.79417099997227,264.1006729999723,1.0011618983044173,1,0,0,True,0.306502,0.224941,0.463375,9,-1.719946796185924e-05,0.010000542842147957,0.050042768122772786,0.046100202833355405,4.403151298030045e-09,True,1.6508027928491126e-05,0.0002567401779906385,0.000261457684841058,True,root
X+0_Y+10_Z50,best_offset,8,3.0,45.0,-245.4113421998691,0.044908015493915966,95.5091984506084,0.19976962918744656,95.71495290250584,4.285047097494157,263.79417099997227,296.12752299997226,1.1225703808292389,256,0,0,True,32.333352,25.755779,39.498962999999996,9,-3.2539579676378567e-06,0.0099915320536121,0.049959379876170495,0.04162077388045557,3.5240585017146575e-10,True,1.653258478102478e-05,0.0002561455467291787,0.000262430969826111,True,root
X+0_Y+10_Z50,offset_allQ_CD,8,3.0,45.0,-245.4113421998691,0.044908015493915966,95.5091984506084,0.19976962918744656,95.71495290250584,4.285047097494157,263.79417099997227,304.7703859999723,1.1553340426161438,2296,0,1,True,40.976214999999996,36.740105,43.795128999999996,9,-3.2539579676378567e-06,0.0099915320536121,0.049959379876170495,0.04162077388045557,3.5240585017146575e-10,True,1.653258478102478e-05,0.0002561455467291787,0.000262430969826111,True,root
X+0_Y+10_Z50,adaptive_coarse_CD,8,3.0,45.0,-245.4113421998691,0.044908015493915966,95.5091984506084,0.19976962918744656,95.71495290250584,4.285047097494157,263.79417099997227,304.7703859999723,1.1553340426161438,2296,0,1,True,40.976214999999996,36.740105,43.795128999999996,9,-3.2539579676378567e-06,0.0099915320536121,0.049959379876170495,0.04162077388045557,3.5240585017146575e-10,True,1.653258478102478e-05,0.0002561455467291787,0.000262430969826111,True,root
X+0_Y+10_Z50,fixed_nearest,10,3.321928094887362,36.0,-248.90434146587233,0.03131395920075452,96.86860407992455,0.019295020434670077,96.95078246751295,3.0492175324870487,263.79417099997227,264.0253399999723,1.000876323381687,1,0,0,True,0.23116899999999999,0.224295,0.310199,9,4.605483254925704e-06,0.009994871358346149,0.04977734508977897,0.22276158216075176,2.1966170509964326e-08,True,1.674604627725712e-05,0.0002577355493196031,0.0002692508259188065,True,root
X+0_Y+10_Z50,best_offset,10,3.321928094887362,36.0,-249.02103318892824,0.03085981829451176,96.91401817054881,0.07509737704023259,96.83915883407272,3.1608411659272804,263.79417099997227,307.26312999997225,1.1647836221521535,256,0,0,True,43.468959,33.1213,47.628758,9,-3.2021144188559185e-06,0.009977625388458257,0.04983393019906658,0.1676008817413012,3.528615311216565e-08,True,1.672676582914055e-05,0.0002538546585603038,0.0002731660530756947,True,root
X+0_Y+10_Z50,offset_allQ_CD,10,3.321928094887362,36.0,-249.09934359858752,0.03055504980297214,96.94449501970279,0.07986739116082826,96.81262287351744,3.187377126482559,263.79417099997227,310.40251699997225,1.1766845181730907,5356,4,2,True,46.608346,44.351621,53.435272999999995,9,-1.553808064916976e-08,0.009991020717748015,0.049839490932382075,0.16076003402204614,8.621380502874655e-09,True,1.6722182344488233e-05,0.0002526092797662849,0.00027440366340077593,True,root
X+0_Y+10_Z50,adaptive_coarse_CD,10,3.321928094887362,36.0,-249.09934359858752,0.03055504980297214,96.94449501970279,0.07986739116082826,96.81262287351744,3.187377126482559,263.79417099997227,310.40251699997225,1.1766845181730907,5356,4,2,True,46.608346,44.351621,53.435272999999995,9,-1.553808064916976e-08,0.009991020717748015,0.049839490932382075,0.16076003402204614,8.621380502874655e-09,True,1.6722182344488233e-05,0.0002526092797662849,0.00027440366340077593,True,root
X+0_Y+10_Z50,fixed_nearest,16,4.0,22.5,-253.69285592704148,0.012678016222090686,98.73219837779094,0.12806517171215784,98.76725513378886,1.232744866211135,263.79417099997227,264.17402199997224,1.0014399522118327,1,0,0,True,0.379851,0.257637,0.52205,9,5.118383584397229e-06,0.009994187007549933,0.049631830873290185,0.36825058668522365,6.263903230413508e-12,True,1.705980068497448e-05,0.00026648055587098697,0.00027177456884391795,True,root
X+0_Y+10_Z50,best_offset,16,4.0,22.5,-254.0243703426066,0.011387828253530536,98.86121717464694,0.10608761990964431,99.27121471169237,0.728785288307634,263.79417099997227,289.1560639999723,1.0961427347081247,256,0,0,True,25.361893,24.717039,28.181307,9,-9.430800527259502e-06,0.009982036922908884,0.0496542550926688,0.34633964988523913,1.021922304473318e-11,True,1.7146848258997587e-05,0.00026710287722817364,0.00027170025195803673,True,root
X+0_Y+10_Z50,offset_allQ_CD,16,4.0,22.5,-254.03092212196452,0.011362330035343433,98.86376699646566,0.04759420220267858,99.24620527584541,0.7537947241545879,263.79417099997227,319.2361689999723,1.2101714294513575,8416,3,2,True,55.441998,40.784670999999996,58.643014,9,2.2523846641774656e-07,0.009983263295718562,0.04971233886270034,0.28814770156137726,1.5988218922395213e-08,True,1.7142528446826895e-05,0.0002677890447204804,0.000270535555572277,True,root
X+0_Y+10_Z50,adaptive_coarse_CD,16,4.0,22.5,-254.03092212196452,0.011362330035343433,98.86376699646566,0.04759420220267858,99.24620527584541,0.7537947241545879,263.79417099997227,319.2361689999723,1.2101714294513575,8416,3,2,True,55.441998,40.784670999999996,58.643014,9,2.2523846641774656e-07,0.009983263295718562,0.04971233886270034,0.28814770156137726,1.5988218922395213e-08,True,1.7142528446826895e-05,0.0002677890447204804,0.000270535555572277,True,root
X+0_Y+10_Z50,fixed_nearest,32,5.0,11.25,-256.08058340063604,0.0033854572442833884,99.66145427557166,0.02210995018862141,99.76211501635466,0.23788498364534405,263.79417099997227,264.02237799997226,1.0008650949303957,1,0,0,True,0.228207,0.194017,0.43039499999999997,9,1.541610858390308e-05,0.009991130263762452,0.04974342764530466,0.2571880670223812,2.5881136477168158e-08,True,1.723164014009611e-05,0.00026911994042439456,0.0002734558255164506,True,root
X+0_Y+10_Z50,best_offset,32,5.0,11.25,-256.16045949873813,0.003074595405677752,99.69254045943222,0.0049723402941168416,99.84367239548182,0.15632760451818228,263.79417099997227,294.22066799997225,1.1153418094291523,256,0,0,True,30.426496999999998,24.797279,37.154029,9,-1.1281604170445302e-06,0.009985424909535506,0.04976339925932071,0.23705192785118723,1.1418693848510673e-08,True,1.724572732547363e-05,0.00026800180138242,0.0002745189928241233,True,root
X+0_Y+10_Z50,offset_allQ_CD,32,5.0,11.25,-256.16242777047626,0.0030669352847413744,99.69330647152587,0.010080493783612162,99.81112023175851,0.18887976824149177,263.79417099997227,315.99317399997227,1.1978777726669536,16576,1,2,True,52.199003,42.672996,54.740075,9,6.112999349578663e-07,0.009987934476412363,0.04976975582662207,0.23056090284682415,1.332774609062374e-08,True,1.7240104678329773e-05,0.00026811772740998024,0.00027434281238500845,True,root
X+0_Y+10_Z50,adaptive_coarse_CD,32,5.0,11.25,-256.16242777047626,0.0030669352847413744,99.69330647152587,0.010080493783612162,99.81112023175851,0.18887976824149177,263.79417099997227,315.99317399997227,1.1978777726669536,16576,1,2,True,52.199003,42.672996,54.740075,9,6.112999349578663e-07,0.009987934476412363,0.04976975582662207,0.23056090284682415,1.332774609062374e-08,True,1.7240104678329773e-05,0.00026811772740998024,0.00027434281238500845,True,root
X+0_Y+10_Z50,fixed_nearest,64,6.0,5.625,-256.73150084298936,0.0008522164160720392,99.9147783583928,0.016126764713008692,99.87443233555476,0.12556766444524214,263.79417099997227,264.09503199997226,1.0011405142079506,1,0,0,True,0.300861,0.20873899999999998,2.079637,9,-5.358566404676446e-06,0.009988435698034474,0.049774612206968175,0.225747878310343,1.9125918624851206e-09,True,1.725104040667666e-05,0.00026864980721640053,0.0002750002913877314,True,root
X+0_Y+10_Z50,best_offset,64,6.0,5.625,-256.74866469447,0.0007854181302819171,99.92145818697182,0.04020088103467096,99.94013398010841,0.059866019891586575,263.79417099997227,311.59210899997225,1.1811940643677263,256,0,0,True,47.797937999999995,29.386549,52.785159,9,3.7047387285881278e-06,0.009986342313643351,0.04971962930298493,0.2807275996947599,1.3379076993468931e-08,True,1.7262388873931742e-05,0.0002697363778706134,0.000274340860993728,True,root
X+0_Y+10_Z50,offset_allQ_CD,64,6.0,5.625,-256.75115971558813,0.0007757080058445363,99.92242919941555,0.041270089386858104,100.01646295327711,0.016462953277113,263.79417099997227,405.15665399997226,1.5358817538087863,81856,13,5,False,141.362483,130.272166,150.48905499999998,9,2.0974977739022427e-06,0.00998679362031301,0.04971845368622063,0.28186368117247845,1.4440033871614217e-08,True,1.7275572970897717e-05,0.00027006019575124304,0.00027401497034585884,True,root
X+0_Y+10_Z50,adaptive_coarse_CD,64,6.0,5.625,-256.74866469447,0.0007854181302819171,99.92145818697182,0.04020088103467096,99.94013398010841,0.059866019891586575,263.79417099997227,311.59210899997225,1.1811940643677263,256,0,0,True,47.797937999999995,29.386549,52.785159,9,3.7047387285881278e-06,0.009986342313643351,0.04971962930298493,0.2807275996947599,1.3379076993468931e-08,True,1.7262388873931742e-05,0.0002697363778706134,0.000274340860993728,True,root
X+0_Y+10_Z50,fixed_nearest,128,7.0,2.8125,-256.89818562073367,0.00020351251455019787,99.97964874854497,0.012751831763975888,99.94941348017186,0.050586519828144105,263.79417099997227,264.10807099997226,1.001189942896805,1,0,0,True,0.3139,0.29235,0.401451,9,3.1014125037783418e-06,0.009985934030110262,0.049772007735793156,0.22844680520117244,5.043764294638127e-09,True,1.7263991696864548e-05,0.00026893253268142956,0.0002750761717408604,True,root
X+0_Y+10_Z50,best_offset,128,7.0,2.8125,-256.90077359908094,0.0001934406191219307,99.9806559380878,0.0037393820141675546,99.96956717876076,0.030432821239244845,263.79417099997227,309.24529699997225,1.1722976888674495,256,0,0,True,45.451125999999995,32.985437,50.220839,9,1.840713149104443e-06,0.00998955937814515,0.04975639803521534,0.24383254921474776,9.415681658125061e-09,True,1.726747279067976e-05,0.00026907303292682857,0.00027503575509946356,True,root
X+0_Y+10_Z50,offset_allQ_CD,128,7.0,2.8125,-256.90137558809914,0.00019109779795931987,99.98089022020406,0.004630627902420517,99.98204630777698,0.017953692223017015,263.79417099997227,379.9546039999723,1.4403449574327867,163456,8,5,True,116.160433,106.27482099999999,125.62816699999999,9,1.4213593803172296e-06,0.009987995573221347,0.04975510363104391,0.2451945310414824,1.0232117093796257e-08,True,1.7269628276862407e-05,0.00026908588762257827,0.00027503452254212357,True,root
X+0_Y+10_Z50,adaptive_coarse_CD,128,7.0,2.8125,-256.90077359908094,0.0001934406191219307,99.9806559380878,0.0037393820141675546,99.96956717876076,0.030432821239244845,263.79417099997227,309.24529699997225,1.1722976888674495,256,0,0,True,45.451125999999995,32.985437,50.220839,9,1.840713149104443e-06,0.00998955937814515,0.04975639803521534,0.24383254921474776,9.415681658125061e-09,True,1.726747279067976e-05,0.00026907303292682857,0.00027503575509946356,True,root
X+0_Y+10_Z50,fixed_nearest,256,8.0,1.40625,-256.9343639006363,6.271386670254908e-05,99.99372861332975,0.0020567217911749355,100.00142903257657,0.0014290325765671241,263.79417099997227,264.0617259999723,1.00101425667969,1,0,0,True,0.267555,0.23280299999999998,0.341345,9,-6.845231377097732e-07,0.009989603490981751,0.04976007163099534,0.2401544882464809,6.6267486761171216e-09,True,1.727297620246148e-05,0.0002692816123653966,0.00027487760104938266,True,root
X+0_Y+10_Z50,best_offset,256,8.0,1.40625,-256.93981947036616,4.148187769504552e-05,99.9958518122305,0.0012287605042287058,99.98475532799047,0.015244672009529836,263.79417099997227,288.72565999997227,1.0945111444483078,256,0,0,True,24.931489,24.683011,35.632901,9,1.7389588830628941e-06,0.00998754566892014,0.049760000880927684,0.2403283410173111,7.137934140675907e-09,True,1.727009619859245e-05,0.00026916048769223946,0.00027501162563966554,True,root
X+0_Y+10_Z50,offset_allQ_CD,256,8.0,1.40625,-256.94016779693305,4.012626018752468e-05,99.99598737398124,0.0004760876328546223,99.98129924879424,0.018700751205756205,263.79417099997227,413.62497899997226,1.5679837709530577,261376,9,4,True,149.830808,117.556912,167.973504,9,7.904131697280043e-07,0.009988009466765611,0.04976012634497391,0.24017445329551546,6.5095635161076036e-09,True,1.726949923938609e-05,0.00026923426559695597,0.0002749370440979353,True,root
X+0_Y+10_Z50,adaptive_coarse_CD,256,8.0,1.40625,-256.93981947036616,4.148187769504552e-05,99.9958518122305,0.0012287605042287058,99.98475532799047,0.015244672009529836,263.79417099997227,288.72565999997227,1.0945111444483078,256,0,0,True,24.931489,24.683011,35.632901,9,1.7389588830628941e-06,0.00998754566892014,0.049760000880927684,0.2403283410173111,7.137934140675907e-09,True,1.727009619859245e-05,0.00026916048769223946,0.00027501162563966554,True,root
X+0_Y+10_Z50,fixed_nearest,512,9.0,0.703125,-256.94712936862874,1.303321197504059e-05,99.9986966788025,0.001308972660588441,100.00033499541905,0.000334995419052575,263.79417099997227,264.32191599997225,1.002000593864525,1,0,0,True,0.527745,0.43008599999999997,0.618733,9,2.4220916901480095e-07,0.009988319010647107,0.04975847156227133,0.24181085668182115,8.73957243299489e-09,True,1.727278723238406e-05,0.000269192572888387,0.000275002625350637,True,root
X+0_Y+10_Z50,best_offset,512,9.0,0.703125,-256.947368986524,1.210066693023392e-05,99.99878993330698,0.002169787442167752,99.99543951145392,0.004560488546076158,263.79417099997227,295.9114429999723,1.1217512573467872,256,0,0,True,32.117272,27.264291999999998,37.822632,9,6.670692124139633e-07,0.009988206778369361,0.049761846845253,0.2384459061793981,7.218862057639873e-09,True,1.7271941648687435e-05,0.00026928621473533047,0.000274884405255144,True,root
X+0_Y+10_Z50,offset_allQ_CD,512,9.0,0.703125,-256.947368986524,1.210066693023392e-05,99.99878993330698,0.002169787442167752,99.99543951145392,0.004560488546076158,263.79417099997227,327.71105399997225,1.2422983144688466,130816,0,1,True,63.916883,60.171375999999995,68.93513399999999,9,6.670692124139633e-07,0.009988206778369361,0.049761846845253,0.2384459061793981,7.218862057639873e-09,True,1.7271941648687435e-05,0.00026928621473533047,0.000274884405255144,True,root
X+0_Y+10_Z50,adaptive_coarse_CD,512,9.0,0.703125,-256.947368986524,1.210066693023392e-05,99.99878993330698,0.002169787442167752,99.99543951145392,0.004560488546076158,263.79417099997227,295.9114429999723,1.1217512573467872,256,0,0,True,32.117272,27.264291999999998,37.822632,9,6.670692124139633e-07,0.009988206778369361,0.049761846845253,0.2384459061793981,7.218862057639873e-09,True,1.7271941648687435e-05,0.00026928621473533047,0.000274884405255144,True,root
X+0_Y+10_Z50,fixed_nearest,1024,10.0,0.3515625,-256.9495215520422,3.7233113682228283e-06,99.99962766886318,0.000698437749151504,100.00363657202229,0.0036365720222875098,263.79417099997227,264.0070589999723,1.0008070231392643,1,0,0,True,0.212888,0.18672999999999998,0.22658399999999998,9,1.2586655148659819e-06,0.009988455217090535,0.04975934667387825,0.2409333717540365,7.90687589063003e-09,True,1.7273357504775667e-05,0.00026926887601390803,0.0002749263944693825,True,root
X+0_Y+10_Z50,best_offset,1024,10.0,0.3515625,-256.9497304170843,2.9104502927076723e-06,99.99970895497073,0.00106648676359659,100.00129943314693,0.0012994331469258213,263.79417099997227,290.3788639999723,1.1007781669292565,256,0,0,True,26.584692999999998,26.010758,37.421805,9,7.467293747448539e-07,0.009988127168955366,0.049760744190945096,0.23955138047669797,7.750477652171047e-09,True,1.7272953817102733e-05,0.00026924695169426463,0.0002749363727645886,True,root
X+0_Y+10_Z50,offset_allQ_CD,1024,10.0,0.3515625,-256.9497371847603,2.8841118479227907e-06,99.99971158881522,0.0015138041337491826,99.99535516616078,0.004644833839222429,263.79417099997227,423.40160799997227,1.6050453518171817,783616,6,3,True,159.607437,154.671594,207.386283,9,7.279558739732177e-07,0.009988240516895326,0.049761189762545,0.23910070028329058,8.014883513855294e-09,True,1.7271927079953216e-05,0.00026924412091896194,0.0002749361437164164,True,root
X+0_Y+10_Z50,adaptive_coarse_CD,1024,10.0,0.3515625,-256.9497304170843,2.9104502927076723e-06,99.99970895497073,0.00106648676359659,100.00129943314693,0.0012994331469258213,263.79417099997227,290.3788639999723,1.1007781669292565,256,0,0,True,26.584692999999998,26.010758,37.421805,9,7.467293747448539e-07,0.009988127168955366,0.049760744190945096,0.23955138047669797,7.750477652171047e-09,True,1.7272953817102733e-05,0.00026924695169426463,0.0002749363727645886,True,root
X+0_Y+10_Z50,fixed_nearest,2048,11.0,0.17578125,-256.9502422359421,9.185534056402028e-07,99.99990814465943,0.0009173825053516785,99.9991597605377,0.0008402394623061582,263.79417099997227,264.09735699997225,1.0011493278977723,1,0,0,True,0.303186,0.26506399999999997,1.10303,9,3.1145530289176604e-07,0.009988179713918736,0.04976049835434587,0.23979335778641844,8.203926870785958e-09,True,1.7272584237243548e-05,0.00026925294220148224,0.000274935070483453,True,root
X+0_Y+10_Z50,best_offset,2048,11.0,0.17578125,-256.9502900020284,7.326573270071143e-07,99.99992673426729,0.00021384987150063344,99.99542557299938,0.0045744270006196075,263.79417099997227,294.4743689999723,1.1163035478900072,256,0,0,True,30.680197999999997,29.367331,38.186073,9,7.215310173981817e-07,0.009988136637755088,0.04975989138595477,0.24040259255982716,8.346199680569157e-09,True,1.7271939241135904e-05,0.0002692721390658198,0.0002749199763780792,True,root
X+0_Y+10_Z50,offset_allQ_CD,2048,11.0,0.17578125,-256.9502900020284,7.326573270071143e-07,99.99992673426729,0.00021384987150063344,99.99542557299938,0.0045744270006196075,263.79417099997227,421.71170799997225,1.5986392208795872,522496,0,1,True,157.91753699999998,117.69123599999999,169.400543,9,7.215310173981817e-07,0.009988136637755088,0.04975989138595477,0.24040259255982716,8.346199680569157e-09,True,1.7271939241135904e-05,0.0002692721390658198,0.0002749199763780792,True,root
X+0_Y+10_Z50,adaptive_coarse_CD,2048,11.0,0.17578125,-256.9502900020284,7.326573270071143e-07,99.99992673426729,0.00021384987150063344,99.99542557299938,0.0045744270006196075,263.79417099997227,294.4743689999723,1.1163035478900072,256,0,0,True,30.680197999999997,29.367331,38.186073,9,7.215310173981817e-07,0.009988136637755088,0.04975989138595477,0.24040259255982716,8.346199680569157e-09,True,1.7271939241135904e-05,0.0002692721390658198,0.0002749199763780792,True,root
X+0_Y-10_Z50,fixed_nearest,4,2.0,90.0,-229.44085492470887,0.17703601300675684,82.29639869932431,0.18185738579536231,81.81065893846058,18.189341061539423,252.75277599939727,252.95188599939726,1.0007877658285362,1,0,0,True,0.19910999999999998,0.186995,0.24223399999999998,9,3.334206104211473e-05,-0.009978200326757225,0.04957895521266691,0.4229250899726745,1.2881928742761646e-08,True,1.41313258485288e-05,0.00022320214590503752,0.00022586198474573762,True,root
X+0_Y-10_Z50,best_offset,4,2.0,90.0,-229.47680165272547,0.17690707841654357,82.30929215834564,0.02019754972280366,81.76034171255537,18.239658287444627,252.75277599939727,283.7381599993973,1.122591666411901,256,0,0,True,30.985384,25.026045999999997,35.962508,9,1.4462974064808636e-05,-0.009996655052779406,0.04974719084824517,0.2532446119894851,4.4977123214512195e-09,True,1.412263444909153e-05,0.0002218788751783032,0.00022606314676172317,True,root
X+0_Y-10_Z50,offset_allQ_CD,4,2.0,90.0,-229.4932297932433,0.17684815356628586,82.31518464337142,0.028924513010840088,81.66573776917127,18.334262230828728,252.75277599939727,297.86078499939725,1.1784669182035317,2296,1,2,True,45.108008999999996,40.869267,53.17995,9,-2.781661052332887e-06,-0.009989276143387097,0.04978614563684085,0.2141411389272783,1.8239252904115451e-09,True,1.410629331252249e-05,0.00022062949269019297,0.0002269767745863369,True,root
X+0_Y-10_Z50,adaptive_coarse_CD,4,2.0,90.0,-229.4932297932433,0.17684815356628586,82.31518464337142,0.028924513010840088,81.66573776917127,18.334262230828728,252.75277599939727,297.86078499939725,1.1784669182035317,2296,1,2,True,45.108008999999996,40.869267,53.17995,9,-2.781661052332887e-06,-0.009989276143387097,0.04978614563684085,0.2141411389272783,1.8239252904115451e-09,True,1.410629331252249e-05,0.00022062949269019297,0.0002269767745863369,True,root
X+0_Y-10_Z50,fixed_nearest,8,3.0,45.0,-265.2458777389334,0.04860969442784629,95.13903055721538,0.15317920549541936,96.39289351073313,3.6071064892668687,252.75277599939727,253.34160699939727,1.0023296717421668,1,0,0,True,0.588831,0.5297729999999999,0.6907909999999999,9,2.7258545287759152e-05,-0.009987717122083744,0.049606721250684015,0.3944135799445276,1.627743189743675e-08,True,1.6650145657760164e-05,0.000256667675164997,0.0002626340780519096,True,root
X+0_Y-10_Z50,best_offset,8,3.0,45.0,-266.2763461761152,0.04491358540745355,95.50864145925463,0.20212919677019087,95.71229687780881,4.287703122191189,252.75277599939727,290.37085199939725,1.1488334830399238,256,0,0,True,37.618075999999995,25.550151999999997,40.473085,9,3.253957967643587e-06,-0.009991532053612091,0.04995937987617059,0.04162077388036298,3.728224560674733e-10,True,1.653258478102282e-05,0.00025614554672916964,0.00026243096982610426,True,root
X+0_Y-10_Z50,offset_allQ_CD,8,3.0,45.0,-266.2763461761153,0.04491358540745335,95.50864145925466,0.20212919677019087,95.71229687780881,4.287703122191189,252.75277599939727,294.2813419993973,1.1643050836367432,2296,0,1,True,41.528566,33.291216999999996,46.121547,9,3.253957967643587e-06,-0.009991532053612091,0.04995937987617059,0.04162077388036298,3.728224560674733e-10,True,1.653258478102282e-05,0.00025614554672916964,0.00026243096982610426,True,root
X+0_Y-10_Z50,adaptive_coarse_CD,8,3.0,45.0,-266.2763461761153,0.04491358540745335,95.50864145925466,0.20212919677019087,95.71229687780881,4.287703122191189,252.75277599939727,294.2813419993973,1.1643050836367432,2296,0,1,True,41.528566,33.291216999999996,46.121547,9,3.253957967643587e-06,-0.009991532053612091,0.04995937987617059,0.04162077388036298,3.728224560674733e-10,True,1.653258478102282e-05,0.00025614554672916964,0.00026243096982610426,True,root
X+0_Y-10_Z50,fixed_nearest,10,3.321928094887362,36.0,-269.6934939917462,0.032656877283611586,96.73431227163884,0.15275891958667898,97.24637492429898,2.7536250757010237,252.75277599939727,252.97424099939727,1.0008762119392134,1,0,0,True,0.221465,0.176985,0.27339199999999997,9,-2.593713742454328e-05,-0.010006876195106545,0.04990680321512593,0.0969827709842682,1.2398779818606726e-08,True,1.679756928344975e-05,0.00025636628724942103,0.00026948118355037316,True,root
X+0_Y-10_Z50,best_offset,10,3.321928094887362,36.0,-270.1950858456751,0.030857755535707836,96.91422444642922,0.07741384657903977,96.83647161344582,3.1635283865541766,252.75277599939727,280.74920699939724,1.110766067313408,256,0,0,True,27.996430999999998,25.076746,41.199200999999995,9,3.2021144188941223e-06,-0.009977625388458321,0.04983393019906619,0.16760088174167836,3.72749908869801e-08,True,1.672676582914175e-05,0.0002538546585603097,0.00027316605307570353,True,root
X+0_Y-10_Z50,offset_allQ_CD,10,3.321928094887362,36.0,-270.2842936271831,0.030537782915466685,96.94622170845332,0.104145826530005,96.6387838518131,3.361216148186898,252.75277599939727,320.33637299939727,1.267390127498189,10456,9,4,True,67.583597,55.483351,71.379857,9,-5.844884760939147e-07,-0.00999029033804021,0.04986144160493013,0.13889941686879093,1.058585822571321e-08,True,1.669261880952173e-05,0.00025243413248954364,0.0002744815535594115,True,root
X+0_Y-10_Z50,adaptive_coarse_CD,10,3.321928094887362,36.0,-270.2842936271831,0.030537782915466685,96.94622170845332,0.104145826530005,96.6387838518131,3.361216148186898,252.75277599939727,320.33637299939727,1.267390127498189,10456,9,4,True,67.583597,55.483351,71.379857,9,-5.844884760939147e-07,-0.00999029033804021,0.04986144160493013,0.13889941686879093,1.058585822571321e-08,True,1.669261880952173e-05,0.00025243413248954364,0.0002744815535594115,True,root
X+0_Y-10_Z50,fixed_nearest,16,4.0,22.5,-275.3059006123887,0.012526161981548694,98.74738380184513,0.02987763719641871,99.23358826578234,0.7664117342176553,252.75277599939727,252.98150899939728,1.0009049673108261,1,0,0,True,0.228733,0.199543,0.25882499999999997,9,1.8010104283427707e-05,-0.009983470313291408,0.04973450711322561,0.26661595474912314,5.798587520274256e-09,True,1.7140824791025712e-05,0.00026570177297253117,0.0002721432662546846,True,root
X+0_Y-10_Z50,best_offset,16,4.0,22.5,-275.62521092961447,0.011380852041702028,98.86191479582979,0.1037389196683923,99.26846000318425,0.731539996815755,252.75277599939727,299.20200999939726,1.1837733881115147,256,0,0,True,46.449234,29.667358999999998,47.113526,9,9.4308005272437e-06,-0.00998203692290888,0.04965425509266885,0.34633964988518356,1.2256668552653194e-11,True,1.7146848259000725e-05,0.000267102877228169,0.00027170025195804166,True,root
X+0_Y-10_Z50,offset_allQ_CD,16,4.0,22.5,-275.6390970736434,0.011331044885701915,98.8668955114298,0.04869823763234044,99.13943270163173,0.8605672983682666,252.75277599939727,303.4625649993973,1.2006299982245137,8416,3,2,True,50.709789,46.83584,68.241773,9,1.3593320469747147e-06,-0.009982325670938678,0.04970900315917062,0.2915362602903134,1.5667004765139693e-08,True,1.7124561103937392e-05,0.000267677128367284,0.00027066775986755634,True,root
X+0_Y-10_Z50,adaptive_coarse_CD,16,4.0,22.5,-275.6390970736434,0.011331044885701915,98.8668955114298,0.04869823763234044,99.13943270163173,0.8605672983682666,252.75277599939727,303.4625649993973,1.2006299982245137,8416,3,2,True,50.709789,46.83584,68.241773,9,1.3593320469747147e-06,-0.009982325670938678,0.04970900315917062,0.2915362602903134,1.5667004765139693e-08,True,1.7124561103937392e-05,0.000267677128367284,0.00027066775986755634,True,root
X+0_Y-10_Z50,fixed_nearest,32,5.0,11.25,-277.78337289954044,0.003639904685441989,99.6360095314558,0.02923484891211021,99.384545065349,0.6154549346509981,252.75277599939727,253.14631699939727,1.001557019496399,1,0,0,True,0.393541,0.28269,0.444177,9,-1.7751054533852772e-05,-0.009974897665393903,0.049777134692875216,0.22497593706786895,2.524870816966537e-08,True,1.7166899874045543e-05,0.00026856047194872195,0.0002737960047515212,True,root
X+0_Y-10_Z50,best_offset,32,5.0,11.25,-277.94101387562154,0.003074474233956885,99.69255257660431,0.006872535103122622,99.8409018016882,0.1590981983117956,252.75277599939727,284.08944099939725,1.1239814869533806,256,0,0,True,31.336665,28.685502999999997,39.602342,9,1.1281604170549239e-06,-0.009985424909535488,0.04976339925932087,0.23705192785102902,1.2067429792075636e-08,True,1.7245727325481077e-05,0.0002680018013824188,0.00027451899282412827,True,root
X+0_Y-10_Z50,offset_allQ_CD,32,5.0,11.25,-277.94309107204344,0.003067023695779181,99.69329763042208,0.01634948204823997,99.78937109911817,0.2106289008818294,252.75277599939727,299.38421699939727,1.1844942783145187,16576,1,2,True,46.631440999999995,42.091028,52.836042,9,-2.8434493379050156e-07,-0.00998680129239063,0.049741023608494056,0.25931266473514253,1.0589389406429724e-08,True,1.7236826319687092e-05,0.0002681474379871231,0.0002745342539607937,True,root
X+0_Y-10_Z50,adaptive_coarse_CD,32,5.0,11.25,-277.94309107204344,0.003067023695779181,99.69329763042208,0.01634948204823997,99.78937109911817,0.2106289008818294,252.75277599939727,299.38421699939727,1.1844942783145187,16576,1,2,True,46.631440999999995,42.091028,52.836042,9,-2.8434493379050156e-07,-0.00998680129239063,0.049741023608494056,0.25931266473514253,1.0589389406429724e-08,True,1.7236826319687092e-05,0.0002681474379871231,0.0002745342539607937,True,root
X+0_Y-10_Z50,fixed_nearest,64,6.0,5.625,-278.5595376615647,0.000855938214741856,99.91440617852582,0.02515928034068295,99.96304409872558,0.03695590127442472,252.75277599939727,253.59401899939726,1.0033283234839803,1,0,0,True,0.841243,0.730233,1.314991,9,4.668099592408367e-06,-0.009984093152197733,0.04978157445690427,0.21905373048061397,1.2899623458837826e-08,True,1.726682521934624e-05,0.00026879094431912206,0.00027482954043945635,True,root
X+0_Y-10_Z50,best_offset,64,6.0,5.625,-278.57980512742176,0.0007832423798460297,99.9216757620154,0.03784559861974644,99.93736070954084,0.06263929045915972,252.75277599939727,279.80433899939726,1.1070277582235715,256,0,0,True,27.051562999999998,24.940706,35.356969,9,-3.704738728575941e-06,-0.009986342313643357,0.0497196293029851,0.28072759969459316,1.4135122520472591e-08,True,1.7262388873933877e-05,0.0002697363778706137,0.00027434086099372996,True,root
X+0_Y-10_Z50,offset_allQ_CD,64,6.0,5.625,-278.5819734192247,0.0007754650985606091,99.92245349014394,0.029555944614304767,100.00105012298975,0.001050122989752822,252.75277599939727,315.4174609993973,1.2479287705237685,49216,8,3,True,62.664685,54.76056,64.58986,9,-1.014012110823701e-06,-0.009987097173436186,0.04972778054401963,0.27252695897497636,1.45845643387609e-08,True,1.7273390079231898e-05,0.00026972959403068116,0.00027427405352872515,True,root
X+0_Y-10_Z50,adaptive_coarse_CD,64,6.0,5.625,-278.57980512742176,0.0007832423798460297,99.9216757620154,0.03784559861974644,99.93736070954084,0.06263929045915972,252.75277599939727,279.80433899939726,1.1070277582235715,256,0,0,True,27.051562999999998,24.940706,35.356969,9,-3.704738728575941e-06,-0.009986342313643357,0.0497196293029851,0.28072759969459316,1.4135122520472591e-08,True,1.7262388873933877e-05,0.0002697363778706137,0.00027434086099372996,True,root
X+0_Y-10_Z50,fixed_nearest,128,7.0,2.8125,-278.7323367231907,0.00023613837677888754,99.9763861623221,0.01834102578061433,100.00575667627307,0.005756676273065864,252.75277599939727,252.98750799939728,1.0009287019660689,1,0,0,True,0.234732,0.227819,0.261027,9,-1.9470547608090719e-07,-0.009991975714869835,0.04973941619023373,0.26070740107326457,1.0124997806676883e-08,True,1.7274203052002598e-05,0.00026913096062706994,0.00027509158334404363,True,root
X+0_Y-10_Z50,best_offset,128,7.0,2.8125,-278.74424739323837,0.00019341689845544027,99.98065831015445,0.00820676113085046,99.98335439561747,0.016645604382532042,252.75277599939727,278.19800899939725,1.1006724175407698,256,0,0,True,25.445232999999998,24.596265,35.105523,9,-7.78064210020611e-07,-0.00998881178983754,0.049749150689781904,0.2510998961916357,8.804319899555203e-09,True,1.7270333459313794e-05,0.0002692656915752116,0.0002749007281076372,True,root
X+0_Y-10_Z50,offset_allQ_CD,128,7.0,2.8125,-278.7448639611926,0.0001912053776605085,99.98087946223396,0.001658086681334722,99.99741369896172,0.0025863010382778384,252.75277599939727,335.70316199939725,1.328187833633122,130816,10,4,True,82.950386,78.58269299999999,89.315208,9,-7.856559032406976e-07,-0.009988405141888763,0.049755705234342404,0.2445710336845293,8.855988153819375e-09,True,1.7272761952120708e-05,0.0002691161743184989,0.00027499873329916383,True,root
X+0_Y-10_Z50,adaptive_coarse_CD,128,7.0,2.8125,-278.74424739323837,0.00019341689845544027,99.98065831015445,0.00820676113085046,99.98335439561747,0.016645604382532042,252.75277599939727,278.19800899939725,1.1006724175407698,256,0,0,True,25.445232999999998,24.596265,35.105523,9,-7.78064210020611e-07,-0.00998881178983754,0.049749150689781904,0.2510998961916357,8.804319899555203e-09,True,1.7270333459313794e-05,0.0002692656915752116,0.0002749007281076372,True,root
X+0_Y-10_Z50,fixed_nearest,256,8.0,1.40625,-278.78456420860846,4.880757362212833e-05,99.99511924263778,0.004040074551178124,100.00868988037436,0.008689880374362247,252.75277599939727,254.45525899939727,1.0067357638042482,1,0,0,True,1.702483,0.9787089999999999,3.6316919999999997,9,-1.1199292778690118e-06,-0.009989179216238065,0.049761175442491284,0.23907219175814887,8.353923347037507e-09,True,1.7274709710468296e-05,0.00026925839877795963,0.00027489601821709846,True,root
X+0_Y-10_Z50,best_offset,256,8.0,1.40625,-278.7866044357094,4.148963789559382e-05,99.99585103621044,0.0029033710066867576,99.98198081920722,0.01801918079277698,252.75277599939727,280.3574179993973,1.1092159794916192,256,0,0,True,27.604642,25.32797,37.420909,9,-1.7389588830604481e-06,-0.009987545668920142,0.04976000088092776,0.24032834101723474,7.54183664204586e-09,True,1.7270096198593944e-05,0.0002691604876922397,0.0002750116256396655,True,root
X+0_Y-10_Z50,offset_allQ_CD,256,8.0,1.40625,-278.7869195428953,4.035940384852212e-05,99.99596405961515,0.0005454344691411064,99.97465801229855,0.02534198770145224,252.75277599939727,337.11180099939725,1.3337610226690493,196096,7,3,True,84.359025,83.191018,87.78073599999999,9,-9.965274276087609e-07,-0.009987938132464963,0.049757789838228296,0.24251235882078903,8.003385591233194e-09,True,1.7268831314874694e-05,0.000269170916982691,0.00027501641596843244,True,root
X+0_Y-10_Z50,adaptive_coarse_CD,256,8.0,1.40625,-278.7866044357094,4.148963789559382e-05,99.99585103621044,0.0029033710066867576,99.98198081920722,0.01801918079277698,252.75277599939727,280.3574179993973,1.1092159794916192,256,0,0,True,27.604642,25.32797,37.420909,9,-1.7389588830604481e-06,-0.009987545668920142,0.04976000088092776,0.24032834101723474,7.54183664204586e-09,True,1.7270096198593944e-05,0.0002691604876922397,0.0002750116256396655,True,root
X+0_Y-10_Z50,fixed_nearest,512,9.0,0.703125,-278.79472825626016,1.2350922594670913e-05,99.99876490774054,0.0019991333318610575,99.99562609021635,0.004373909783652152,252.75277599939727,252.94977799939727,1.0007794256629667,1,0,0,True,0.19700199999999998,0.180496,0.261163,9,-8.243613204411696e-07,-0.009988283916234207,0.049759301743321,0.24098464050371432,7.107386177957493e-09,True,1.727245317473157e-05,0.00026923156718472446,0.00027495875327063836,True,root
X+0_Y-10_Z50,best_offset,512,9.0,0.703125,-278.794767084262,1.2211653382102244e-05,99.99877883466179,0.0025906062878177827,99.99463482457836,0.005365175421644608,252.75277599939727,286.85080899939726,1.1349066607287481,256,0,0,True,34.098033,26.916611,60.677614999999996,9,-6.280027797198158e-07,-0.009988143695522858,0.04975990635945493,0.24038702663316158,7.609468027702506e-09,True,1.7272281951349255e-05,0.0002692946670944722,0.00027489013932954233,True,root
X+0_Y-10_Z50,offset_allQ_CD,512,9.0,0.703125,-278.794767084262,1.2211653382102244e-05,99.99877883466179,0.0025906062878177827,99.99463482457836,0.005365175421644608,252.75277599939727,313.32468799939727,1.2396488495942155,130816,0,1,True,60.571912,49.368322,63.935682,9,-6.280027797198158e-07,-0.009988143695522858,0.04975990635945493,0.24038702663316158,7.609468027702506e-09,True,1.7272281951349255e-05,0.0002692946670944722,0.00027489013932954233,True,root
X+0_Y-10_Z50,adaptive_coarse_CD,512,9.0,0.703125,-278.794767084262,1.2211653382102244e-05,99.99877883466179,0.0025906062878177827,99.99463482457836,0.005365175421644608,252.75277599939727,286.85080899939726,1.1349066607287481,256,0,0,True,34.098033,26.916611,60.677614999999996,9,-6.280027797198158e-07,-0.009988143695522858,0.04975990635945493,0.24038702663316158,7.609468027702506e-09,True,1.7272281951349255e-05,0.0002692946670944722,0.00027489013932954233,True,root
X+0_Y-10_Z50,fixed_nearest,1024,10.0,0.3515625,-278.7972110231352,3.445674543071402e-06,99.9996554325457,0.0029696398738784865,100.00035699872204,0.00035699872204020267,252.75277599939727,253.33435299939728,1.002300971760648,1,0,0,True,0.581577,0.44717799999999996,0.8168409999999999,9,-1.0494901382984884e-06,-0.009988222829435485,0.049754373404515294,0.24591101558381823,8.697292064534102e-09,True,1.7273270354430658e-05,0.00026929457341627806,0.00027493766315907556,True,root
X+0_Y-10_Z50,best_offset,1024,10.0,0.3515625,-278.79733974126987,2.9839852361596953e-06,99.99970160147639,0.0017627898337395354,100.004133171756,0.0041331717559955905,252.75277599939727,279.9173039993973,1.10747469693494,256,0,0,True,27.164527999999997,26.634749,29.17722,9,-8.476640366590013e-07,-0.009988176457258396,0.04975907375589485,0.2412176813500586,8.390184260435065e-09,True,1.7273922620679283e-05,0.00026924049928560886,0.00027495555177851677,True,root
X+0_Y-10_Z50,offset_allQ_CD,1024,10.0,0.3515625,-278.79734784249223,2.954927576582469e-06,99.99970450724234,0.001505790547489309,100.00016875497516,0.00016875497516366522,252.75277599939727,466.96653099939726,1.8475228576738196,1044736,6,4,True,214.213755,202.99104599999998,219.732495,9,-7.431254573709417e-07,-0.00998809843246667,0.04975882471414503,0.24146991127762618,8.267647587346552e-09,True,1.7273237838695416e-05,0.0002692413994438877,0.00027495647802588496,True,root
X+0_Y-10_Z50,adaptive_coarse_CD,1024,10.0,0.3515625,-278.79733974126987,2.9839852361596953e-06,99.99970160147639,0.0017627898337395354,100.004133171756,0.0041331717559955905,252.75277599939727,279.9173039993973,1.10747469693494,256,0,0,True,27.164527999999997,26.634749,29.17722,9,-8.476640366590013e-07,-0.009988176457258396,0.04975907375589485,0.2412176813500586,8.390184260435065e-09,True,1.7273922620679283e-05,0.00026924049928560886,0.00027495555177851677,True,root
X+0_Y-10_Z50,fixed_nearest,2048,11.0,0.17578125,-278.79791665237457,9.147065847107261e-07,99.99990852934152,0.0007822354871711,99.99969394775252,0.0003060522474811478,252.75277599939727,253.24935299939727,1.0019646747618756,1,0,0,True,0.496577,0.36144299999999996,0.56673,9,-3.4933770095035773e-07,-0.009988044726150223,0.049758000372863855,0.24229500643572344,8.761695301114732e-09,True,1.7273155824252978e-05,0.00026925714655682875,0.00027494921499315785,True,root
X+0_Y-10_Z50,best_offset,2048,11.0,0.17578125,-278.7979565371407,7.716469445220938e-07,99.99992283530554,0.0009802483945011756,100.00156164292352,0.0015616429235194573,252.75277599939727,286.60094899939725,1.1339181058097685,256,0,0,True,33.848172999999996,28.638019999999997,40.399746,9,-6.568465753355429e-07,-0.009988045510659994,0.04975829733717816,0.2419990051177341,8.985126640742304e-09,True,1.7273478435137545e-05,0.0002692602882961474,0.0002749437079171492,True,root
X+0_Y-10_Z50,offset_allQ_CD,2048,11.0,0.17578125,-278.7979571234781,7.695438553311993e-07,99.99992304561447,0.001014383601966468,100.00076261783467,0.0007626178346669121,252.75277599939727,454.1198509993973,1.7966957996951147,1044736,1,2,True,201.367075,182.340912,215.229154,9,-7.197084464198893e-07,-0.009988049425579761,0.04975833447591176,0.24196189729390302,9.005409543982178e-09,True,1.7273340417866468e-05,0.00026925933229972186,0.0002749443245098396,True,root
X+0_Y-10_Z50,adaptive_coarse_CD,2048,11.0,0.17578125,-278.7979565371407,7.716469445220938e-07,99.99992283530554,0.0009802483945011756,100.00156164292352,0.0015616429235194573,252.75277599939727,286.60094899939725,1.1339181058097685,256,0,0,True,33.848172999999996,28.638019999999997,40.399746,9,-6.568465753355429e-07,-0.009988045510659994,0.04975829733717816,0.2419990051177341,8.985126640742304e-09,True,1.7273478435137545e-05,0.0002692602882961474,0.0002749437079171492,True,root
X+0_Y+0_Z55,fixed_nearest,4,2.0,90.0,-217.77831349505612,0.17904731741212,82.095268258788,0.159119238893779,83.53466266383926,16.465337336160744,162.23694699874613,162.52401499874614,1.0017694366499772,1,0,0,True,0.287068,0.23954099999999998,0.540266,9,-1.0225309519017643e-17,-1.7029987445795153e-17,0.05444744274023735,0.552557259762651,2.584200928985076e-12,True,1.2973788525430856e-05,0.00021175468406892174,0.0002117546840689267,True,root
X+0_Y+0_Z55,best_offset,4,2.0,90.0,-220.0858430571906,0.17034868918884588,82.9651310811154,0.8498793311671262,79.42465246296405,20.575347537035952,162.23694699874613,197.72204999874612,1.2187239322265737,256,0,0,True,35.485102999999995,26.072889,37.971433,9,7.052582946360504e-18,-1.9863423942452578e-17,0.055456441310298255,0.45644131029825424,1.9681052402421173e-12,True,1.2335461853805942e-05,0.00021277530218575497,0.00021277530218576045,True,root
X+0_Y+0_Z55,offset_allQ_CD,4,2.0,90.0,-220.0858430571906,0.17034868918884588,82.9651310811154,0.8498793311671262,79.42465246296405,20.575347537035952,162.23694699874613,200.24539199874613,1.2342773683992818,1276,0,1,True,38.008445,33.942012999999996,44.610043,9,7.052582946360504e-18,-1.9863423942452578e-17,0.055456441310298255,0.45644131029825424,1.9681052402421173e-12,True,1.2335461853805942e-05,0.00021277530218575497,0.00021277530218576045,True,root
X+0_Y+0_Z55,adaptive_coarse_CD,4,2.0,90.0,-220.0858430571906,0.17034868918884588,82.9651310811154,0.8498793311671262,79.42465246296405,20.575347537035952,162.23694699874613,200.24539199874613,1.2342773683992818,1276,0,1,True,38.008445,33.942012999999996,44.610043,9,7.052582946360504e-18,-1.9863423942452578e-17,0.055456441310298255,0.45644131029825424,1.9681052402421173e-12,True,1.2335461853805942e-05,0.00021277530218575497,0.00021277530218576045,True,root
X+0_Y+0_Z55,fixed_nearest,8,3.0,45.0,-250.6805470734922,0.05501670809268791,94.49832919073121,0.5301668145207827,95.34251478743982,4.657485212560175,162.23694699874613,162.49021399874613,1.0015610932323693,1,0,0,True,0.25326699999999996,0.24104799999999998,0.617402,9,1.4045273858659835e-19,-2.4969332002127766e-16,0.054076395164610346,0.9236048353896548,1.852800718484398e-11,True,1.4807668875287923e-05,0.00024572821969867957,0.0002457282196986822,True,root
X+0_Y+0_Z55,best_offset,8,3.0,45.0,-253.33447375938366,0.045012276534705346,95.49877234652946,0.20656347968885796,98.27947079265894,1.720529207341059,162.23694699874613,189.14266599874614,1.1658421185662964,256,0,0,True,26.905718999999998,24.650921999999998,36.595366,9,-8.012314301482628e-16,-1.3417872373848172e-13,0.05439999849944227,0.6000015005577299,1.0560430467461262e-08,True,1.5263808217988608e-05,0.00024693776426205243,0.0002469377642620611,True,root
X+0_Y+0_Z55,offset_allQ_CD,8,3.0,45.0,-253.33447375938366,0.045012276534705346,95.49877234652946,0.20656347968885796,98.27947079265894,1.720529207341059,162.23694699874613,200.90192699874615,1.2383241346393115,2296,0,1,True,38.66498,34.770512,45.330179,9,-8.012314301482628e-16,-1.3417872373848172e-13,0.05439999849944227,0.6000015005577299,1.0560430467461262e-08,True,1.5263808217988608e-05,0.00024693776426205243,0.0002469377642620611,True,root
X+0_Y+0_Z55,adaptive_coarse_CD,8,3.0,45.0,-253.33447375938366,0.045012276534705346,95.49877234652946,0.20656347968885796,98.27947079265894,1.720529207341059,162.23694699874613,200.90192699874615,1.2383241346393115,2296,0,1,True,38.66498,34.770512,45.330179,9,-8.012314301482628e-16,-1.3417872373848172e-13,0.05439999849944227,0.6000015005577299,1.0560430467461262e-08,True,1.5263808217988608e-05,0.00024693776426205243,0.0002469377642620611,True,root
X+0_Y+0_Z55,fixed_nearest,10,3.321928094887362,36.0,-256.6982955544242,0.03233177367807542,96.76682263219246,0.054588476626482606,97.85478808262837,2.1452119173716255,162.23694699874613,162.50538999874613,1.0016546354265534,1,0,0,True,0.268443,0.18832,0.44428999999999996,9,-1.3127652761159805e-17,4.006756545980052e-17,0.054551973502504646,0.4480264974953546,3.3648360211054254e-12,True,1.5197850644274378e-05,0.00024388865375121115,0.00025481989564592064,True,root
X+0_Y+0_Z55,best_offset,10,3.321928094887362,36.0,-256.95643574100535,0.03135866999637046,96.86413300036295,0.0016038985804009284,96.42438641429793,3.5756135857020723,162.23694699874613,193.69295199874614,1.1938892809678125,256,0,0,True,31.456004999999998,25.421174,38.185448,9,1.2236813692774889e-14,1.0576009092867959e-15,0.05460495808055073,0.3950419194492724,9.88549504133381e-10,True,1.4975694617547808e-05,0.00024711977036622086,0.00025145628898318065,True,root
X+0_Y+0_Z55,offset_allQ_CD,10,3.321928094887362,36.0,-256.9564357410054,0.03135866999637024,96.86413300036297,0.0016038985804009284,96.42438641429793,3.5756135857020723,162.23694699874613,202.67175299874611,1.2492330307492319,2806,0,1,True,40.434805999999995,34.243924,44.144763999999995,9,1.2236813692774889e-14,1.0576009092867959e-15,0.05460495808055073,0.3950419194492724,9.88549504133381e-10,True,1.4975694617547808e-05,0.00024711977036622086,0.00025145628898318065,True,root
X+0_Y+0_Z55,adaptive_coarse_CD,10,3.321928094887362,36.0,-256.9564357410054,0.03135866999637024,96.86413300036297,0.0016038985804009284,96.42438641429793,3.5756135857020723,162.23694699874613,202.67175299874611,1.2492330307492319,2806,0,1,True,40.434805999999995,34.243924,44.144763999999995,9,1.2236813692774889e-14,1.0576009092867959e-15,0.05460495808055073,0.3950419194492724,9.88549504133381e-10,True,1.4975694617547808e-05,0.00024711977036622086,0.00025145628898318065,True,root
X+0_Y+0_Z55,fixed_nearest,16,4.0,22.5,-261.86496904658577,0.012855112318302208,98.71448876816979,0.15178801168427847,98.04459146869192,1.9554085313080805,162.23694699874613,162.61715199874612,1.0023435167329853,1,0,0,True,0.38020499999999996,0.187664,3.7633699999999997,9,-1.8935423074820148e-18,-9.125300311237307e-18,0.05475834999081541,0.24165000918459356,3.2089565809930856e-12,True,1.5227329053759414e-05,0.0002535357000912219,0.0002535357000912235,True,root
X+0_Y+0_Z55,best_offset,16,4.0,22.5,-262.3929225138376,0.010864901225810594,98.91350987741893,0.021430252097540167,99.47565032568873,0.5243496743112672,162.23694699874613,198.23045399874613,1.2218576450423353,256,0,0,True,35.993507,31.69645,43.028546999999996,9,-7.677056202676274e-18,5.236114612288685e-18,0.05458513172703359,0.41486827296641215,3.3643791836827636e-12,True,1.544958714861563e-05,0.00025464364408721773,0.00025464364408722435,True,root
X+0_Y+0_Z55,offset_allQ_CD,16,4.0,22.5,-262.3929225138377,0.010864901225810379,98.91350987741896,0.021430252097540167,99.47565032568873,0.5243496743112672,162.23694699874613,208.89807599874612,1.2876109903643627,4336,0,1,True,46.661128999999995,33.78255,53.504788,9,-7.677056202676274e-18,5.236114612288685e-18,0.05458513172703359,0.41486827296641215,3.3643791836827636e-12,True,1.544958714861563e-05,0.00025464364408721773,0.00025464364408722435,True,root
X+0_Y+0_Z55,adaptive_coarse_CD,16,4.0,22.5,-262.3929225138377,0.010864901225810379,98.91350987741896,0.021430252097540167,99.47565032568873,0.5243496743112672,162.23694699874613,208.89807599874612,1.2876109903643627,4336,0,1,True,46.661128999999995,33.78255,53.504788,9,-7.677056202676274e-18,5.236114612288685e-18,0.05458513172703359,0.41486827296641215,3.3643791836827636e-12,True,1.544958714861563e-05,0.00025464364408721773,0.00025464364408722435,True,root
X+0_Y+0_Z55,fixed_nearest,32,5.0,11.25,-264.46968024348536,0.0030362069822116766,99.69637930177883,0.023175282129694923,99.48036633057825,0.5196336694217507,162.23694699874613,162.48678199874612,1.001539938988139,1,0,0,True,0.249835,0.223291,0.304741,9,-8.085205805614072e-18,1.1205531335839026e-17,0.05458338669700143,0.4166133029985669,3.1118476170389845e-12,True,1.5450319592467924e-05,0.0002566149382000253,0.0002566149382000308,True,root
X+0_Y+0_Z55,best_offset,32,5.0,11.25,-264.50018035545344,0.002921231582055521,99.70787684179444,0.030056055027191695,99.42865484038178,0.5713451596182182,162.23694699874613,213.85899199874615,1.31818920384639,256,0,0,True,51.622045,42.669137,62.586234,9,-6.071326015616974e-18,1.5089877916010882e-17,0.05463661803415832,0.36338196584168037,2.717940408773953e-12,True,1.544228826850312e-05,0.00025641365846703495,0.00025641365846704785,True,root
X+0_Y+0_Z55,offset_allQ_CD,32,5.0,11.25,-264.50018035545344,0.002921231582055521,99.70787684179444,0.030056055027191695,99.42865484038178,0.5713451596182182,162.23694699874613,207.06063599874614,1.2762853334533375,8416,0,1,True,44.823688999999995,38.612935,61.516192999999994,9,-6.071326015616974e-18,1.5089877916010882e-17,0.05463661803415832,0.36338196584168037,2.717940408773953e-12,True,1.544228826850312e-05,0.00025641365846703495,0.00025641365846704785,True,root
X+0_Y+0_Z55,adaptive_coarse_CD,32,5.0,11.25,-264.50018035545344,0.002921231582055521,99.70787684179444,0.030056055027191695,99.42865484038178,0.5713451596182182,162.23694699874613,207.06063599874614,1.2762853334533375,8416,0,1,True,44.823688999999995,38.612935,61.516192999999994,9,-6.071326015616974e-18,1.5089877916010882e-17,0.05463661803415832,0.36338196584168037,2.717940408773953e-12,True,1.544228826850312e-05,0.00025641365846703495,0.00025641365846704785,True,root
X+0_Y+0_Z55,fixed_nearest,64,6.0,5.625,-265.05719493819714,0.000821469633286486,99.91785303667136,0.015454746757973039,99.89180547352228,0.10819452647771755,162.23694699874613,162.91792099874613,1.004197403936634,1,0,0,True,0.680974,0.490683,0.963595,9,-3.3916708862182694e-17,2.6416277439888427e-18,0.054591107232373155,0.408892767626845,3.3947004453476966e-12,True,1.5514220304596506e-05,0.0002572331970126604,0.0002572331970126661,True,root
X+0_Y+0_Z55,best_offset,64,6.0,5.625,-265.09429519730713,0.0006816138471329032,99.93183861528671,0.029144072580818168,99.87937638398972,0.1206236160102776,162.23694699874613,199.19885299874613,1.2278266861141418,256,0,0,True,36.961906,30.772689,49.998118999999996,9,1.3629273983289358e-17,8.139868156194423e-19,0.054635706051711946,0.3642939482880539,7.093215653868215e-13,True,1.551228993971543e-05,0.00025706688205857307,0.0002570668820585798,True,root
X+0_Y+0_Z55,offset_allQ_CD,64,6.0,5.625,-265.0942951973071,0.0006816138471331174,99.93183861528668,0.029144072580818168,99.87937638398972,0.1206236160102776,162.23694699874613,201.72075299874615,1.2433712340525316,16576,0,1,True,39.483806,35.427997999999995,45.145395,9,1.3629273983289358e-17,8.139868156194423e-19,0.054635706051711946,0.3642939482880539,7.093215653868215e-13,True,1.551228993971543e-05,0.00025706688205857307,0.0002570668820585798,True,root
X+0_Y+0_Z55,adaptive_coarse_CD,64,6.0,5.625,-265.09429519730713,0.0006816138471329032,99.93183861528671,0.029144072580818168,99.87937638398972,0.1206236160102776,162.23694699874613,199.19885299874613,1.2278266861141418,256,0,0,True,36.961906,30.772689,49.998118999999996,9,1.3629273983289358e-17,8.139868156194423e-19,0.054635706051711946,0.3642939482880539,7.093215653868215e-13,True,1.551228993971543e-05,0.00025706688205857307,0.0002570668820585798,True,root
X+0_Y+0_Z55,fixed_nearest,128,7.0,2.8125,-265.23664131300245,0.00014501576415303392,99.9854984235847,0.03631653609700167,99.88445166597434,0.11554833402566089,162.23694699874613,162.50160299874614,1.001631293024776,1,0,0,True,0.264656,0.22986099999999998,1.638477,9,1.258738988914437e-17,3.5643869150853646e-18,0.05464287851522813,0.3571214847718704,2.3344070399572243e-12,True,1.5513078182979668e-05,0.0002571763661206973,0.00025717636612070826,True,root
X+0_Y+0_Z55,best_offset,128,7.0,2.8125,-265.23702818844447,0.00014355737085916065,99.9856442629141,0.03126034976321665,99.85348958007192,0.14651041992807734,162.23694699874613,212.10428599874615,1.3073735047565054,256,0,0,True,49.867339,39.985892,51.369276,9,1.3876947518625651e-17,-1.1714769021460693e-17,0.054637822328894345,0.3621776711056554,9.06545490532199e-13,True,1.55082694539803e-05,0.00025719710976061837,0.00025719710976062043,True,root
X+0_Y+0_Z55,offset_allQ_CD,128,7.0,2.8125,-265.23702818844447,0.00014355737085916065,99.9856442629141,0.03126034976321665,99.85348958007192,0.14651041992807734,162.23694699874613,213.35302899874614,1.3150705369251992,32896,0,1,True,51.116082,39.836332,58.849246,9,1.3876947518625651e-17,-1.1714769021460693e-17,0.054637822328894345,0.3621776711056554,9.06545490532199e-13,True,1.55082694539803e-05,0.00025719710976061837,0.00025719710976062043,True,root
X+0_Y+0_Z55,adaptive_coarse_CD,128,7.0,2.8125,-265.23702818844447,0.00014355737085916065,99.9856442629141,0.03126034976321665,99.85348958007192,0.14651041992807734,162.23694699874613,212.10428599874615,1.3073735047565054,256,0,0,True,49.867339,39.985892,51.369276,9,1.3876947518625651e-17,-1.1714769021460693e-17,0.054637822328894345,0.3621776711056554,9.06545490532199e-13,True,1.55082694539803e-05,0.00025719710976061837,0.00025719710976062043,True,root
X+0_Y+0_Z55,fixed_nearest,256,8.0,1.40625,-265.26266281127596,4.692326600777152e-05,99.99530767339922,0.010851301683156926,100.03171936231921,0.031719362319208244,162.23694699874613,162.57771199874614,1.0021004155114102,1,0,0,True,0.340765,0.283345,0.41777,9,-2.063344070494728e-17,1.3910242143646206e-17,0.05459571067744797,0.4042893225520289,9.819677605330033e-13,True,1.5535950364276363e-05,0.0002574036790330149,0.0002574036790330275,True,root
X+0_Y+0_Z55,best_offset,256,8.0,1.40625,-265.2640932158479,4.1531110785069065e-05,99.99584688892149,0.0011673500362817978,99.96667254255219,0.03332745744781107,162.23694699874613,202.35585799874613,1.247285909542603,256,0,0,True,40.118911,30.345957,51.914730999999996,9,2.892800019111085e-17,1.2960703967221468e-17,0.05460772932916741,0.392270670832591,2.6959845416581434e-12,True,1.552584792707248e-05,0.00025735255818579216,0.00025735255818579774,True,root
X+0_Y+0_Z55,offset_allQ_CD,256,8.0,1.40625,-265.2640932158479,4.1531110785069065e-05,99.99584688892149,0.0011673500362817978,99.96667254255219,0.03332745744781107,162.23694699874613,217.05746799874612,1.3379040472231252,65536,0,1,True,54.820521,44.009668,56.013115,9,2.892800019111085e-17,1.2960703967221468e-17,0.05460772932916741,0.392270670832591,2.6959845416581434e-12,True,1.552584792707248e-05,0.00025735255818579216,0.00025735255818579774,True,root
X+0_Y+0_Z55,adaptive_coarse_CD,256,8.0,1.40625,-265.2640932158479,4.1531110785069065e-05,99.99584688892149,0.0011673500362817978,99.96667254255219,0.03332745744781107,162.23694699874613,202.35585799874613,1.247285909542603,256,0,0,True,40.118911,30.345957,51.914730999999996,9,2.892800019111085e-17,1.2960703967221468e-17,0.05460772932916741,0.392270670832591,2.6959845416581434e-12,True,1.552584792707248e-05,0.00025735255818579216,0.00025735255818579774,True,root
X+0_Y+0_Z55,fixed_nearest,512,9.0,0.703125,-265.27157625400963,1.3322515750022256e-05,99.99866774842499,0.0015380608608400897,99.97894590560101,0.021054094398991197,162.23694699874613,162.47667699874614,1.0014776535458465,1,0,0,True,0.23973,0.22242299999999998,0.355037,9,-4.829932597436752e-18,1.849072019659671e-17,0.05460502391827029,0.39497608172971155,1.5973573753146464e-12,True,1.552775410603596e-05,0.0002573755473180307,0.00025737554731803156,True,root
X+0_Y+0_Z55,best_offset,512,9.0,0.703125,-265.27255017346016,9.651159439535872e-06,99.99903488405604,0.0006685013135775781,100.00233453421265,0.0023345342126503965,162.23694699874613,189.00609799874613,1.1650003374398243,256,0,0,True,26.769150999999997,26.128743,39.547112,9,3.911638733700774e-19,8.806127916998152e-18,0.054607230480444705,0.39276951955529577,2.928984190951452e-12,True,1.5531386599564167e-05,0.00025736679591918394,0.00025736679591918546,True,root
X+0_Y+0_Z55,offset_allQ_CD,512,9.0,0.703125,-265.27255017346016,9.651159439535872e-06,99.99903488405604,0.0006685013135775781,100.00233453421265,0.0023345342126503965,162.23694699874613,302.22174699874614,1.8628416805765082,130816,0,1,True,139.9848,134.752564,152.10221199999998,9,3.911638733700774e-19,8.806127916998152e-18,0.054607230480444705,0.39276951955529577,2.928984190951452e-12,True,1.5531386599564167e-05,0.00025736679591918394,0.00025736679591918546,True,root
X+0_Y+0_Z55,adaptive_coarse_CD,512,9.0,0.703125,-265.27255017346016,9.651159439535872e-06,99.99903488405604,0.0006685013135775781,100.00233453421265,0.0023345342126503965,162.23694699874613,189.00609799874613,1.1650003374398243,256,0,0,True,26.769150999999997,26.128743,39.547112,9,3.911638733700774e-19,8.806127916998152e-18,0.054607230480444705,0.39276951955529577,2.928984190951452e-12,True,1.5531386599564167e-05,0.00025736679591918394,0.00025736679591918546,True,root
X+0_Y+0_Z55,fixed_nearest,1024,10.0,0.3515625,-265.27432861465303,2.9470205164308118e-06,99.99970529794837,0.0001143124013510375,100.00461959825292,0.00461959825291558,162.23694699874613,169.89836899874612,1.0472236573834146,1,0,0,True,7.661422,6.891235,8.885876999999999,9,-3.622827289272584e-17,1.708446933465692e-17,0.05460667629153247,0.3933237084675287,3.2826736303166245e-12,True,1.553174149340919e-05,0.00025736979938732887,0.000257369799387336,True,root
X+0_Y+0_Z55,best_offset,1024,10.0,0.3515625,-265.27432861465303,2.9470205164308118e-06,99.99970529794837,0.0001143124013510375,100.00461959825292,0.00461959825291558,162.23694699874613,194.36590099874613,1.1980372202162328,256,0,0,True,32.128954,29.699047,44.310942,9,-3.622827289272584e-17,1.708446933465692e-17,0.05460667629153247,0.3933237084675287,3.2826736303166245e-12,True,1.553174149340919e-05,0.00025736979938732887,0.000257369799387336,True,root
X+0_Y+0_Z55,offset_allQ_CD,1024,10.0,0.3515625,-265.27432861465303,2.9470205164308118e-06,99.99970529794837,0.0001143124013510375,100.00461959825292,0.00461959825291558,162.23694699874613,237.72467599874614,1.465293081486447,261376,0,1,True,75.487729,65.939621,76.702276,9,-3.622827289272584e-17,1.708446933465692e-17,0.05460667629153247,0.3933237084675287,3.2826736303166245e-12,True,1.553174149340919e-05,0.00025736979938732887,0.000257369799387336,True,root
X+0_Y+0_Z55,adaptive_coarse_CD,1024,10.0,0.3515625,-265.27432861465303,2.9470205164308118e-06,99.99970529794837,0.0001143124013510375,100.00461959825292,0.00461959825291558,162.23694699874613,194.36590099874613,1.1980372202162328,256,0,0,True,32.128954,29.699047,44.310942,9,-3.622827289272584e-17,1.708446933465692e-17,0.05460667629153247,0.3933237084675287,3.2826736303166245e-12,True,1.553174149340919e-05,0.00025736979938732887,0.000257369799387336,True,root
X+0_Y+0_Z55,fixed_nearest,2048,11.0,0.17578125,-265.2748954829387,8.1011334547564e-07,99.99991898866544,0.0019832025490514314,100.00461887970916,0.004618879709155976,162.23694699874613,163.55045399874612,1.0080962260711805,1,0,0,True,1.313507,0.74173,3.385386,9,3.5611831166272736e-17,1.8317745877407664e-17,0.05460854518168018,0.39145481831982104,2.8763835098948576e-12,True,1.5531741381811984e-05,0.000257362251219007,0.0002573622512190143,True,root
X+0_Y+0_Z55,best_offset,2048,11.0,0.17578125,-265.274928700861,6.848926934310521e-07,99.99993151073066,0.00029041597952469923,99.9959552270269,0.004044772973102795,162.23694699874613,201.11108999874614,1.239613378574613,256,0,0,True,38.874143,31.928313,60.14011,9,-3.439450908184928e-17,-5.339865080736176e-19,0.05460627156315161,0.3937284368483937,3.452170802838712e-12,True,1.5530395827832678e-05,0.00025737182892371607,0.00025737182892372843,True,root
X+0_Y+0_Z55,offset_allQ_CD,2048,11.0,0.17578125,-265.274928700861,6.848926934310521e-07,99.99993151073066,0.00029041597952469923,99.9959552270269,0.004044772973102795,162.23694699874613,278.24000399874615,1.7150224356779629,522496,0,1,True,116.003057,108.05581199999999,116.94882899999999,9,-3.439450908184928e-17,-5.339865080736176e-19,0.05460627156315161,0.3937284368483937,3.452170802838712e-12,True,1.5530395827832678e-05,0.00025737182892371607,0.00025737182892372843,True,root
X+0_Y+0_Z55,adaptive_coarse_CD,2048,11.0,0.17578125,-265.274928700861,6.848926934310521e-07,99.99993151073066,0.00029041597952469923,99.9959552270269,0.004044772973102795,162.23694699874613,201.11108999874614,1.239613378574613,256,0,0,True,38.874143,31.928313,60.14011,9,-3.439450908184928e-17,-5.339865080736176e-19,0.05460627156315161,0.3937284368483937,3.452170802838712e-12,True,1.5530395827832678e-05,0.00025737182892371607,0.00025737182892372843,True,root
X+10_Y+0_Z55,fixed_nearest,4,2.0,90.0,-170.48590834559798,0.1783052406162377,82.16947593837622,0.24391866477495397,82.16907777964825,17.830922220351752,212.61151999897265,213.82458999897264,1.0057055704225522,1,0,0,True,1.2130699999999999,0.9123089999999999,2.748132,9,0.010009829257951831,1.56368692843922e-05,0.05487518610832661,0.12617303019091425,3.975137237841953e-09,True,1.2474685977884303e-05,0.00020219797634506202,0.00021131025485121146,True,root
X+10_Y+0_Z55,best_offset,4,2.0,90.0,-172.28749930589507,0.16962207222422965,83.03779277757704,0.4381491423014439,79.31047400855839,20.689525991441613,212.61151999897265,242.29366099897265,1.1396073975678431,256,0,0,True,29.682140999999998,25.397934,43.037034,9,0.009969790666131828,1.0010710675065079e-05,0.055071252427474786,0.07803670035328346,6.844390460592196e-09,True,1.204070052565407e-05,0.00020768851958296057,0.00021092602388739565,True,root
X+10_Y+0_Z55,offset_allQ_CD,4,2.0,90.0,-172.49278947617879,0.16863263058232467,83.13673694176754,0.382625348298212,79.73653987204162,20.263460127958382,212.61151999897265,257.6263019989726,1.2117231559240886,2296,1,2,True,45.014782,41.204076,54.350936,9,0.010001238579542516,-2.1393268298352467e-06,0.05501546488812453,0.015661212062681527,6.351371934279661e-09,True,1.210538468661183e-05,0.0002059283126157965,0.00021252746763384135,True,root
X+10_Y+0_Z55,adaptive_coarse_CD,4,2.0,90.0,-172.49278947617879,0.16863263058232467,83.13673694176754,0.382625348298212,79.73653987204162,20.263460127958382,212.61151999897265,257.6263019989726,1.2117231559240886,2296,1,2,True,45.014782,41.204076,54.350936,9,0.010001238579542516,-2.1393268298352467e-06,0.05501546488812453,0.015661212062681527,6.351371934279661e-09,True,1.210538468661183e-05,0.0002059283126157965,0.00021252746763384135,True,root
X+10_Y+0_Z55,fixed_nearest,8,3.0,45.0,-195.6155269586977,0.05718745369722369,94.28125463027763,0.10173825082893607,93.81074869319347,6.189251306806526,212.61151999897265,212.93682799897266,1.0015300582019337,1,0,0,True,0.325308,0.258008,0.53855,9,0.01001210432989034,9.486522006321306e-05,0.054609063656093755,0.4024638490181671,2.8716762052344256e-09,True,1.4242092803281534e-05,0.0002367980913833405,0.0002420292878552457,True,root
X+10_Y+0_Z55,best_offset,8,3.0,45.0,-197.81451055623282,0.04658896309116936,95.34110369088307,0.11987036471247124,96.52774104744114,3.4722589525588603,212.61151999897265,242.58219499897265,1.1409644924232931,256,0,0,True,29.970675,26.452325,40.064491,9,0.009984545648528622,2.133987923272709e-06,0.05451352931124941,0.4867207843284773,6.775793799344082e-12,True,1.465457919523599e-05,0.00023801174013214545,0.00024459579192622437,True,root
X+10_Y+0_Z55,offset_allQ_CD,8,3.0,45.0,-197.81890239381485,0.046567795652990795,95.34322043470091,0.10123837837823997,96.457871976745,3.542128023255003,212.61151999897265,276.53859999897264,1.3006755231339717,4336,1,2,True,63.92708,55.402038999999995,69.800985,9,0.009976585249513805,5.249613145396564e-06,0.05453233539028834,0.4682798267652247,1.2972750901385621e-11,True,1.4643971862890866e-05,0.00023738116811821666,0.0002450420934072524,True,root
X+10_Y+0_Z55,adaptive_coarse_CD,8,3.0,45.0,-197.81890239381485,0.046567795652990795,95.34322043470091,0.10123837837823997,96.457871976745,3.542128023255003,212.61151999897265,276.53859999897264,1.3006755231339717,4336,1,2,True,63.92708,55.402038999999995,69.800985,9,0.009976585249513805,5.249613145396564e-06,0.05453233539028834,0.4682798267652247,1.2972750901385621e-11,True,1.4643971862890866e-05,0.00023738116811821666,0.0002450420934072524,True,root
X+10_Y+0_Z55,fixed_nearest,10,3.321928094887362,36.0,-200.9162410299356,0.03163948310191427,96.83605168980858,0.01952500453906605,96.57468159466623,3.425318405333769,212.61151999897265,212.89853499897265,1.001349950369582,1,0,0,True,0.28701499999999996,0.22827,0.5489809999999999,9,0.009992086184583596,7.649898267483934e-06,0.05464837031862102,0.35180190767622466,1.5873541584113837e-08,True,1.466170558148841e-05,0.00024033360782900655,0.00024870720591397834,True,root
X+10_Y+0_Z55,best_offset,10,3.321928094887362,36.0,-201.08484956439213,0.030826836763605453,96.91731632363945,0.06540704493592096,96.798846259358,3.201153740641999,212.61151999897265,248.41157899897266,1.1683824987478242,256,0,0,True,35.800059,26.220847,42.239557,9,0.009975775586352879,5.650048200716736e-06,0.054698332119310994,0.30269168389735096,2.0519305450517984e-10,True,1.4695737651397566e-05,0.00024328321841346105,0.00024570081662507123,True,root
X+10_Y+0_Z55,offset_allQ_CD,10,3.321928094887362,36.0,-201.08485828346633,0.0308267947400878,96.91732052599123,0.08761711745081585,96.69162208132643,3.308377918673571,212.61151999897265,259.26972899897265,1.2194528734859966,5356,1,2,True,46.658209,43.979110999999996,52.006876999999996,9,0.009984741214518587,-4.992427179176287e-07,0.054720905776136586,0.27951147663661485,4.974947635598305e-12,True,1.4679459168222085e-05,0.00024331786356774287,0.0002454234342839796,True,root
X+10_Y+0_Z55,adaptive_coarse_CD,10,3.321928094887362,36.0,-201.08485828346633,0.0308267947400878,96.91732052599123,0.08761711745081585,96.69162208132643,3.308377918673571,212.61151999897265,259.26972899897265,1.2194528734859966,5356,1,2,True,46.658209,43.979110999999996,52.006876999999996,9,0.009984741214518587,-4.992427179176287e-07,0.054720905776136586,0.27951147663661485,4.974947635598305e-12,True,1.4679459168222085e-05,0.00024331786356774287,0.0002454234342839796,True,root
X+10_Y+0_Z55,fixed_nearest,16,4.0,22.5,-204.66690627814484,0.013562317613204838,98.64376823867951,0.10917811418462992,98.27309307430166,1.7269069256983443,212.61151999897265,213.29208099897266,1.003200960136136,1,0,0,True,0.680561,0.330185,2.204713,9,0.009966876084192612,-5.204946954807277e-06,0.0547413670803619,0.26079737803848213,1.8550060985477448e-09,True,1.4919553794492617e-05,0.00024622297352550656,0.00025145821988966537,True,root
X+10_Y+0_Z55,best_offset,16,4.0,22.5,-205.06313456838697,0.011652607228510999,98.8347392771489,0.01662082302085521,99.07163530771014,0.9283646922898612,212.61151999897265,244.59955999897267,1.1504529952100178,256,0,0,True,31.988039999999998,31.205105999999997,42.922266,9,0.00998238883545768,-1.3205307813586367e-05,0.05464210794108795,0.35856834648821506,9.821615572021979e-09,True,1.5040786305201367e-05,0.0002470461244017824,0.000252130331874217,True,root
X+10_Y+0_Z55,offset_allQ_CD,16,4.0,22.5,-205.08042084346886,0.011569292180470437,98.84307078195296,0.00757655591524184,98.92054720472355,1.0794527952764525,212.61151999897265,263.8457739989727,1.2409759076095574,8416,4,2,True,51.234254,45.20823,54.827253,9,0.009981566901543589,-1.7244028637903076e-06,0.054626250082566,0.37420816862525164,1.3447976444771303e-08,True,1.5017848520201436e-05,0.00024672406427923924,0.0002525056435321667,True,root
X+10_Y+0_Z55,adaptive_coarse_CD,16,4.0,22.5,-205.08042084346886,0.011569292180470437,98.84307078195296,0.00757655591524184,98.92054720472355,1.0794527952764525,212.61151999897265,263.8457739989727,1.2409759076095574,8416,4,2,True,51.234254,45.20823,54.827253,9,0.009981566901543589,-1.7244028637903076e-06,0.054626250082566,0.37420816862525164,1.3447976444771303e-08,True,1.5017848520201436e-05,0.00024672406427923924,0.0002525056435321667,True,root
X+10_Y+0_Z55,fixed_nearest,32,5.0,11.25,-206.79604417585048,0.0033004638944586825,99.66995361055413,0.06773031074698162,99.75169668524828,0.2483033147517233,212.61151999897265,212.87077699897264,1.0012193930037339,1,0,0,True,0.259257,0.215297,0.693186,9,0.00997721759947144,-5.305426990713537e-06,0.05456605303676136,0.43457698079101525,1.2580423684794824e-08,True,1.5144031374511089e-05,0.0002491272266314505,0.0002548336065649216,True,root
X+10_Y+0_Z55,best_offset,32,5.0,11.25,-206.8279578099889,0.0031466490356301634,99.68533509643699,0.06343294489223023,99.6174433043404,0.38255669565960204,212.61151999897265,240.22786699897264,1.1298911131444498,256,0,0,True,27.616346999999998,26.715241,37.616434999999996,9,0.00998532458588128,-4.142063173265113e-06,0.05469647811412578,0.3039046884658604,4.629052291400018e-12,True,1.5123649391244994e-05,0.0002494563785316797,0.0002534447094565444,True,root
X+10_Y+0_Z55,offset_allQ_CD,32,5.0,11.25,-206.83202558291805,0.0031270434991334584,99.68729565008665,0.04421134925321762,99.54318070541295,0.4568192945870493,212.61151999897265,312.67476199897266,1.4706388534378736,24736,4,3,True,100.063242,88.36010399999999,103.988545,9,0.009984260093159765,-9.862938130392639e-08,0.05467747572038046,0.3229081376168734,5.3636884521163526e-12,True,1.5112375045389419e-05,0.0002496162910392164,0.00025342948527400875,True,root
X+10_Y+0_Z55,adaptive_coarse_CD,32,5.0,11.25,-206.83202558291805,0.0031270434991334584,99.68729565008665,0.04421134925321762,99.54318070541295,0.4568192945870493,212.61151999897265,312.67476199897266,1.4706388534378736,24736,4,3,True,100.063242,88.36010399999999,103.988545,9,0.009984260093159765,-9.862938130392639e-08,0.05467747572038046,0.3229081376168734,5.3636884521163526e-12,True,1.5112375045389419e-05,0.0002496162910392164,0.00025342948527400875,True,root
X+10_Y+0_Z55,fixed_nearest,64,6.0,5.625,-207.29865786093885,0.0008780054341707396,99.91219945658293,0.0062423109864051685,100.01031505994281,0.0103150599428119,212.61151999897265,212.82577399897266,1.0010077252634337,1,0,0,True,0.214254,0.182117,0.220331,9,0.009987266066216,3.1015651718441446e-06,0.05463199737886155,0.368235932441284,4.717611782410778e-09,True,1.5183294112996199e-05,0.00024967764280943715,0.00025492814706988396,True,root
X+10_Y+0_Z55,best_offset,64,6.0,5.625,-207.31948519902025,0.0007776234453044734,99.92223765546954,0.006131984892605572,99.92497401350307,0.07502598649692516,212.61151999897265,241.68864199897266,1.136761742732193,256,0,0,True,29.077122,26.683750999999997,37.015634999999996,9,0.009981555741702853,1.8810581669957287e-07,0.05462726656538831,0.37318954878902344,1.5643669245323295e-08,True,1.517033786736065e-05,0.00024958218776146803,0.0002551104821595238,True,root
X+10_Y+0_Z55,offset_allQ_CD,64,6.0,5.625,-207.31978628012715,0.000776172317935133,99.92238276820649,0.0051943060320316856,99.9317512851896,0.06824871481039452,212.61151999897265,271.31849299897266,1.2761231987819084,32896,2,2,True,58.706973,48.940287999999995,59.444008,9,0.009982113667868633,7.873676294240125e-07,0.054638522758082446,0.36192034655324307,1.4268183677924389e-08,True,1.5171366774321281e-05,0.0002494959824019574,0.00025509856455537374,True,root
X+10_Y+0_Z55,adaptive_coarse_CD,64,6.0,5.625,-207.31948519902025,0.0007776234453044734,99.92223765546954,0.006131984892605572,99.92497401350307,0.07502598649692516,212.61151999897265,241.68864199897266,1.136761742732193,256,0,0,True,29.077122,26.683750999999997,37.015634999999996,9,0.009981555741702853,1.8810581669957287e-07,0.05462726656538831,0.37318954878902344,1.5643669245323295e-08,True,1.517033786736065e-05,0.00024958218776146803,0.0002551104821595238,True,root
X+10_Y+0_Z55,fixed_nearest,128,7.0,2.8125,-207.44330615909664,0.00018084078459103728,99.9819159215409,0.0020954363350296655,99.96183574756351,0.0381642524364878,212.61151999897265,212.82432499897266,1.0010009100165458,1,0,0,True,0.212805,0.178592,0.22841799999999998,9,0.009980750019777817,5.76442961329491e-07,0.05463146241732884,0.3690404366274064,1.3085816062347539e-08,True,1.5175934115601835e-05,0.00024968828273898953,0.000255257384256622,True,root
X+10_Y+0_Z55,best_offset,128,7.0,2.8125,-207.4436131837042,0.00017936101119811417,99.98206389888018,0.00113758397313142,99.98864777686165,0.011352223138345607,212.61151999897265,246.63526099897265,1.16002773979587,256,0,0,True,34.023741,26.026117,45.364154,9,0.009981006184605637,1.2014988328128031e-06,0.054632423931534654,0.3680684375644305,1.2894324372931592e-08,True,1.5180004644990286e-05,0.0002498752333311899,0.00025506463156539584,True,root
X+10_Y+0_Z55,offset_allQ_CD,128,7.0,2.8125,-207.44371084768636,0.00017889029791101437,99.98211097020891,0.0005778754194822458,99.98684135144545,0.013158648554551178,212.61151999897265,280.79566499897265,1.320698262259399,65536,1,2,True,68.184145,55.502466999999996,78.37785,9,0.009981941021288337,8.38851841224051e-07,0.05463380704328756,0.36663893946267984,1.2478604152780117e-08,True,1.5179730398395113e-05,0.00024982420081253104,0.000255104419873303,True,root
X+10_Y+0_Z55,adaptive_coarse_CD,128,7.0,2.8125,-207.4436131837042,0.00017936101119811417,99.98206389888018,0.00113758397313142,99.98864777686165,0.011352223138345607,212.61151999897265,246.63526099897265,1.16002773979587,256,0,0,True,34.023741,26.026117,45.364154,9,0.009981006184605637,1.2014988328128031e-06,0.054632423931534654,0.3680684375644305,1.2894324372931592e-08,True,1.5180004644990286e-05,0.0002498752333311899,0.00025506463156539584,True,root
X+10_Y+0_Z55,fixed_nearest,256,8.0,1.40625,-207.4703256772434,5.061420646663551e-05,99.99493857935333,0.004519007494613959,99.99723154933375,0.00276845066625242,212.61151999897265,215.78061099897266,1.0149055469807813,1,0,0,True,3.169091,0.556967,3.5431459999999997,9,0.009980882388011612,2.735972589126857e-07,0.05463777643105841,0.36272782060434994,1.0349887053287485e-08,True,1.5181307809988465e-05,0.00024950311213453683,0.0002554635420202341,True,root
X+10_Y+0_Z55,best_offset,256,8.0,1.40625,-207.4716905499138,4.403589901957691e-05,99.99559641009805,0.00643110196776497,100.0097002893669,0.009700289366904258,212.61151999897265,242.43723499897266,1.1402826855296653,256,0,0,True,29.825715,27.853593999999998,36.453576999999996,9,0.009980852920554135,5.901474486335398e-07,0.054626975020306626,0.37351652493639415,1.060714437772168e-08,True,1.5183200780198874e-05,0.00024980752448899683,0.0002552549575496484,True,root
X+10_Y+0_Z55,offset_allQ_CD,256,8.0,1.40625,-207.47180495586196,4.3484494103169965e-05,99.99565155058968,0.008559844975762043,100.02073469180758,0.0207346918075757,212.61151999897265,340.2301599989727,1.6002432982023584,196096,5,3,True,127.61864,122.09983199999999,133.752645,9,0.009981062953063741,9.361726564811396e-07,0.0546248128827578,0.37566589026743163,1.0787099775471732e-08,True,1.5184875993175829e-05,0.0002498266773872728,0.00025525532438162575,True,root
X+10_Y+0_Z55,adaptive_coarse_CD,256,8.0,1.40625,-207.4716905499138,4.403589901957691e-05,99.99559641009805,0.00643110196776497,100.0097002893669,0.009700289366904258,212.61151999897265,242.43723499897266,1.1402826855296653,256,0,0,True,29.825715,27.853593999999998,36.453576999999996,9,0.009980852920554135,5.901474486335398e-07,0.054626975020306626,0.37351652493639415,1.060714437772168e-08,True,1.5183200780198874e-05,0.00024980752448899683,0.0002552549575496484,True,root
X+10_Y+0_Z55,fixed_nearest,512,9.0,0.703125,-207.478092937263,1.3178168997009783e-05,99.9986821831003,0.0013501581467814578,99.99789324476606,0.002106755233938884,212.61151999897265,212.93680199897264,1.0015299359131695,1,0,0,True,0.32528199999999996,0.304369,0.36731199999999997,9,0.009981611282020275,1.2640568867603264e-06,0.05463465724602526,0.3658074229298789,1.0778417452558627e-08,True,1.5181408266789905e-05,0.00024978104794717626,0.0002552259323254685,True,root
X+10_Y+0_Z55,best_offset,512,9.0,0.703125,-207.47834048687764,1.1985048562526704e-05,99.99880149514375,0.00025870203397189163,99.99289385260539,0.007106147394608797,212.61151999897265,263.32337999897265,1.2385188723557643,256,0,0,True,50.711859999999994,44.23758,60.616476,9,0.00998162265424858,1.0612827033750191e-06,0.0546331563789287,0.36730518030453263,1.0588715835541134e-08,True,1.5180649272664987e-05,0.00024963394797543516,0.00025538593130638,True,root
X+10_Y+0_Z55,offset_allQ_CD,512,9.0,0.703125,-207.47834362952722,1.1969901863825258e-05,99.99880300981361,0.0007714355741290642,99.98973319365929,0.010266806340709422,212.61151999897265,303.79118499897265,1.428855712994482,261376,1,2,True,91.179665,86.56188999999999,160.77582999999998,9,0.009981553992462268,1.026940174577778e-06,0.05463259608798686,0.36786810729222513,1.0655232261075688e-08,True,1.5180169430017349e-05,0.0002496342205216653,0.0002553905527100072,True,root
X+10_Y+0_Z55,adaptive_coarse_CD,512,9.0,0.703125,-207.47834048687764,1.1985048562526704e-05,99.99880149514375,0.00025870203397189163,99.99289385260539,0.007106147394608797,212.61151999897265,263.32337999897265,1.2385188723557643,256,0,0,True,50.711859999999994,44.23758,60.616476,9,0.00998162265424858,1.0612827033750191e-06,0.0546331563789287,0.36730518030453263,1.0588715835541134e-08,True,1.5180649272664987e-05,0.00024963394797543516,0.00025538593130638,True,root
X+10_Y+0_Z55,fixed_nearest,1024,10.0,0.3515625,-207.48017414565075,3.147322213279127e-06,99.99968526777867,0.0004627540107488945,100.00423940829057,0.00423940829057301,212.61151999897265,212.94514999897265,1.0015692000132523,1,0,0,True,0.33363,0.301874,0.401391,9,0.009981793601816476,1.0947777034719034e-06,0.054633721849018005,0.3667319939135751,1.0380319560189247e-08,True,1.5182371724081529e-05,0.00024977229218078016,0.00025524769175639555,True,root
X+10_Y+0_Z55,best_offset,1024,10.0,0.3515625,-207.48019914943023,3.026810936034296e-06,99.9996973189064,0.0008896567435370804,100.00335850386833,0.003358503868327034,212.61151999897265,244.01051099897265,1.1476824538959682,256,0,0,True,31.398991,26.848589999999998,41.819901,9,0.009981716427790303,8.161160904527056e-07,0.054632481176770505,0.36797423888937336,9.840405029566415e-09,True,1.5182237987567246e-05,0.0002497989938790513,0.0002552315497823479,True,root
X+10_Y+0_Z55,offset_allQ_CD,1024,10.0,0.3515625,-207.48021501154028,2.9503599681819357e-06,99.99970496400317,0.0009829266347341967,100.00581236682605,0.005812366826049242,212.61151999897265,445.21134799897266,2.0940132877142497,1305856,16,5,False,232.599828,225.478331,238.68255399999998,9,0.00998164607951083,9.316530841838285e-07,0.05463237621510647,0.36808284610157554,1.0257466468952188e-08,True,1.5182610526369646e-05,0.0002498306466912261,0.0002552008864171073,True,root
X+10_Y+0_Z55,adaptive_coarse_CD,1024,10.0,0.3515625,-207.48019914943023,3.026810936034296e-06,99.9996973189064,0.0008896567435370804,100.00335850386833,0.003358503868327034,212.61151999897265,244.01051099897265,1.1476824538959682,256,0,0,True,31.398991,26.848589999999998,41.819901,9,0.009981716427790303,8.161160904527056e-07,0.054632481176770505,0.36797423888937336,9.840405029566415e-09,True,1.5182237987567246e-05,0.0002497989938790513,0.0002552315497823479,True,root
X+10_Y+0_Z55,fixed_nearest,2048,11.0,0.17578125,-207.4806317903152,9.416019512556979e-07,99.99990583980487,0.0008254128888316818,99.99967434970335,0.00032565029664510803,212.61151999897265,212.83693999897267,1.0010602435841722,1,0,0,True,0.22541999999999998,0.21714699999999998,0.253309,9,0.009981913154002044,9.868576261745405e-07,0.05463260439148582,0.36784186961469595,1.0430869110045423e-08,True,1.5181678669298817e-05,0.000249757003430963,0.00025527277725563894,True,root
X+10_Y+0_Z55,best_offset,2048,11.0,0.17578125,-207.48067080837245,7.535457448089557e-07,99.99992464542552,0.0011522008017084524,99.99648356154405,0.0035164384559465134,212.61151999897265,246.74845199897266,1.1605601239300907,256,0,0,True,34.136932,27.902835,39.225603,9,0.00998158443992565,8.567992355445893e-07,0.054632205456059985,0.36825628780758946,1.0523664930683115e-08,True,1.518119425251595e-05,0.0002497646531567861,0.000255268359323387,True,root
X+10_Y+0_Z55,offset_allQ_CD,2048,11.0,0.17578125,-207.4806719305294,7.481372597226786e-07,99.99992518627403,0.00057696581706689,99.99705339545613,0.0029466045438653055,212.61151999897265,487.2708229989726,2.29183641131641,1566976,4,3,True,274.65930299999997,251.909685,311.961722,9,0.009981589388047244,8.697267127409164e-07,0.05463278073219194,0.3676815166778435,1.0461780612675485e-08,True,1.5181280763151151e-05,0.0002497623661514733,0.00025526570506072477,True,root
X+10_Y+0_Z55,adaptive_coarse_CD,2048,11.0,0.17578125,-207.48067080837245,7.535457448089557e-07,99.99992464542552,0.0011522008017084524,99.99648356154405,0.0035164384559465134,212.61151999897265,246.74845199897266,1.1605601239300907,256,0,0,True,34.136932,27.902835,39.225603,9,0.00998158443992565,8.567992355445893e-07,0.054632205456059985,0.36825628780758946,1.0523664930683115e-08,True,1.518119425251595e-05,0.0002497646531567861,0.000255268359323387,True,root
X-10_Y+0_Z55,fixed_nearest,4,2.0,90.0,-205.57910988270947,0.1699497526699087,83.00502473300912,0.3222780701544719,80.58628969699772,19.413710303002276,213.2414619991323,213.4502829991323,1.000979270157137,1,0,0,True,0.20882099999999998,0.179451,0.26589599999999997,9,-0.010002383419261561,-4.795628913690602e-05,0.05489937173870339,0.11149678617223586,1.0547546972975468e-10,True,1.2244084522485599e-05,0.0002044519710070196,0.00021426015489203596,True,root
X-10_Y+0_Z55,best_offset,4,2.0,90.0,-205.70200539840252,0.16945354732465268,83.05464526753474,0.4900385423339147,79.24768723487932,20.752312765120678,213.2414619991323,256.1885309991323,1.2014011187007092,256,0,0,True,42.947069,35.775117,61.884991,9,-0.009969790666131812,-1.0010710675032273e-05,0.05507125242747439,0.07803670035292416,5.186776227429184e-09,True,1.2040700525656726e-05,0.00020768851958296076,0.00021092602388739554,True,root
X-10_Y+0_Z55,offset_allQ_CD,4,2.0,90.0,-205.80337070830873,0.16904427276068384,83.09557272393162,0.5748899438921355,78.85095071296934,21.149049287030664,213.2414619991323,265.4677639991323,1.244916263049315,2296,1,2,True,52.226302,45.956953999999996,60.455861,9,-0.009999734269021737,3.1315633500009135e-07,0.05515588552612747,0.15588606716406989,1.5771600322358755e-08,True,1.1980421345095274e-05,0.0002086885896342582,0.00020969297175882994,True,root
X-10_Y+0_Z55,adaptive_coarse_CD,4,2.0,90.0,-205.80337070830873,0.16904427276068384,83.09557272393162,0.5748899438921355,78.85095071296934,21.149049287030664,213.2414619991323,265.4677639991323,1.244916263049315,2296,1,2,True,52.226302,45.956953999999996,60.455861,9,-0.009999734269021737,3.1315633500009135e-07,0.05515588552612747,0.15588606716406989,1.5771600322358755e-08,True,1.1980421345095274e-05,0.0002086885896342582,0.00020969297175882994,True,root
X-10_Y+0_Z55,fixed_nearest,8,3.0,45.0,-236.0333315643517,0.04698718972508952,95.30128102749104,0.12783927590377872,96.74511814034254,3.254881859657459,213.2414619991323,213.47647299913228,1.0011020886735476,1,0,0,True,0.235011,0.227239,0.257416,9,-0.009994280054523283,3.3009495002850784e-05,0.05445916411921435,0.5418724891353951,3.743766910818139e-09,True,1.469921754807307e-05,0.0002373013678679293,0.00024604102383308005,True,root
X-10_Y+0_Z55,best_offset,8,3.0,45.0,-236.18343472494323,0.04638113025900316,95.36188697409969,0.17271494842119994,95.56129799453811,4.4387020054618915,213.2414619991323,241.1337259991323,1.1308013166788058,256,0,0,True,27.892263999999997,24.722998999999998,28.500252999999997,9,-0.009973184449952923,2.5089518257465673e-05,0.054410764734104805,0.5903784855711633,9.949233903336259e-12,True,1.451935079928552e-05,0.0002387253996321212,0.0002448067461201848,True,root
X-10_Y+0_Z55,offset_allQ_CD,8,3.0,45.0,-236.19753055068054,0.04632421667645941,95.36757833235406,0.16411944343225457,95.6234694217535,4.376530578246502,213.2414619991323,263.9284459991323,1.2376976012301315,4336,1,2,True,50.686983999999995,41.02234,55.006457,9,-0.00996983471693933,1.1490458435658159e-05,0.05441799537179621,0.5828991012069119,7.698121764536471e-10,True,1.4528796974467068e-05,0.00023783259054950605,0.0002455330638150572,True,root
X-10_Y+0_Z55,adaptive_coarse_CD,8,3.0,45.0,-236.19753055068054,0.04632421667645941,95.36757833235406,0.16411944343225457,95.6234694217535,4.376530578246502,213.2414619991323,263.9284459991323,1.2376976012301315,4336,1,2,True,50.686983999999995,41.02234,55.006457,9,-0.00996983471693933,1.1490458435658159e-05,0.05441799537179621,0.5828991012069119,7.698121764536471e-10,True,1.4528796974467068e-05,0.00023783259054950605,0.0002455330638150572,True,root
X-10_Y+0_Z55,fixed_nearest,10,3.321928094887362,36.0,-239.50274243400392,0.03297902833122242,96.70209716687775,0.03870555370767226,96.63710830228548,3.3628916977145167,213.2414619991323,213.4853569991323,1.0011437503650251,1,0,0,True,0.243895,0.225648,0.30660499999999996,9,-0.00998897232882419,2.7482516569887725e-05,0.05460534157340588,0.39576782578972053,2.1019040579867524e-10,True,1.4682806796425325e-05,0.00023883661124488433,0.00025004157518896064,True,root
X-10_Y+0_Z55,best_offset,10,3.321928094887362,36.0,-240.0511643151153,0.030764709384528594,96.92352906154714,0.07475602150019632,96.87956541227138,3.1204345877286244,213.2414619991323,242.8930739991323,1.1390518134795036,256,0,0,True,29.651612,26.565213,43.271763,9,-0.009980171938539244,-2.5294153492935557e-06,0.05465610914248779,0.34447129320712094,5.526217755248605e-09,True,1.4719645139013215e-05,0.0002440331740717484,0.0002452902768729251,True,root
X-10_Y+0_Z55,offset_allQ_CD,10,3.321928094887362,36.0,-240.0511643151153,0.030764709384528594,96.92352906154714,0.07475602150019632,96.87956541227138,3.1204345877286244,213.2414619991323,246.3625799991323,1.1553221296153688,2806,0,1,True,33.121117999999996,31.738404,44.749328999999996,9,-0.009980171938539244,-2.5294153492935557e-06,0.05465610914248779,0.34447129320712094,5.526217755248605e-09,True,1.4719645139013215e-05,0.0002440331740717484,0.0002452902768729251,True,root
X-10_Y+0_Z55,adaptive_coarse_CD,10,3.321928094887362,36.0,-240.0511643151153,0.030764709384528594,96.92352906154714,0.07475602150019632,96.87956541227138,3.1204345877286244,213.2414619991323,246.3625799991323,1.1553221296153688,2806,0,1,True,33.121117999999996,31.738404,44.749328999999996,9,-0.009980171938539244,-2.5294153492935557e-06,0.05465610914248779,0.34447129320712094,5.526217755248605e-09,True,1.4719645139013215e-05,0.0002440331740717484,0.0002452902768729251,True,root
X-10_Y+0_Z55,fixed_nearest,16,4.0,22.5,-244.53315029694863,0.012668154851953205,98.73318451480469,0.05136061226722094,98.81196584366268,1.1880341563373236,213.2414619991323,213.4757579991323,1.001098735667086,1,0,0,True,0.23429599999999998,0.189056,0.263213,9,-0.009978841122703466,5.73316951189509e-06,0.054632271134077884,0.36838171256655483,4.223936452579354e-09,True,1.5013249352610906e-05,0.00024678055845236654,0.00025195328100915195,True,root
X-10_Y+0_Z55,best_offset,16,4.0,22.5,-244.77905392823735,0.011675289525865273,98.83247104741348,0.02273256677754898,99.04926977785837,0.9507302221416296,213.2414619991323,239.09073399913228,1.1212206658014057,256,0,0,True,25.849272,24.689868,31.002634999999998,9,-0.009980180181058371,1.8897954706986097e-05,0.05459196346405847,0.4089544871720421,6.469494147430329e-09,True,1.5049304734224023e-05,0.00024760864869571777,0.0002520115522577004,True,root
X-10_Y+0_Z55,offset_allQ_CD,16,4.0,22.5,-244.80651679986266,0.01156440489659533,98.84355951034046,0.01299825778575685,98.82262484296609,1.1773751570339073,213.2414619991323,271.1001339991323,1.2713293721473147,12496,5,3,True,57.858672,48.042623999999996,61.085516999999996,9,-0.00997403984310511,6.490302064242701e-06,0.054572043183805014,0.42879259589531404,8.53125712726289e-09,True,1.5014868854996322e-05,0.00024748690286490263,0.0002522355668788314,True,root
X-10_Y+0_Z55,adaptive_coarse_CD,16,4.0,22.5,-244.80651679986266,0.01156440489659533,98.84355951034046,0.01299825778575685,98.82262484296609,1.1773751570339073,213.2414619991323,271.1001339991323,1.2713293721473147,12496,5,3,True,57.858672,48.042623999999996,61.085516999999996,9,-0.00997403984310511,6.490302064242701e-06,0.054572043183805014,0.42879259589531404,8.53125712726289e-09,True,1.5014868854996322e-05,0.00024748690286490263,0.0002522355668788314,True,root
X-10_Y+0_Z55,fixed_nearest,32,5.0,11.25,-246.85632172975681,0.0032880722964210413,99.67119277035789,0.034398878921082884,99.33998679091174,0.6600132090882624,213.2414619991323,213.7815069991323,1.0025325515729309,1,0,0,True,0.540045,0.441299,0.6631739999999999,9,-0.009977561531135366,3.0371451976538815e-06,0.05461549315446539,0.385172978541999,1.0271390129627482e-08,True,1.5093475568907365e-05,0.0002494074233880921,0.00025407147534837587,True,root
X-10_Y+0_Z55,best_offset,32,5.0,11.25,-246.89021645011942,0.003151218308502615,99.68487816914974,0.035392286360751514,99.89145403777971,0.10854596222029045,213.2414619991323,237.7590799991323,1.1149758483652665,256,0,0,True,24.517618,24.319644999999998,25.345585999999997,9,-0.00998469685062944,-4.0004382816812475e-06,0.05454658681478083,0.4536889974615864,8.817257468840097e-12,True,1.5177264158845206e-05,0.00024913662989798437,0.00025510856019388107,True,root
X-10_Y+0_Z55,offset_allQ_CD,32,5.0,11.25,-246.89819671057538,0.003118997052320503,99.68810029476795,0.03170857270944794,99.86299328316953,0.13700671683047005,213.2414619991323,272.16807599913227,1.276337507009963,24736,6,3,True,58.926614,57.968737999999995,61.972652999999994,9,-0.009978608330493865,-2.303691240023593e-06,0.05454968960192338,0.45082409555558967,6.981079546663821e-12,True,1.5172939901129272e-05,0.00024893815196605317,0.00025527770713922363,True,root
X-10_Y+0_Z55,adaptive_coarse_CD,32,5.0,11.25,-246.89819671057538,0.003118997052320503,99.68810029476795,0.03170857270944794,99.86299328316953,0.13700671683047005,213.2414619991323,272.16807599913227,1.276337507009963,24736,6,3,True,58.926614,57.968737999999995,61.972652999999994,9,-0.009978608330493865,-2.303691240023593e-06,0.05454968960192338,0.45082409555558967,6.981079546663821e-12,True,1.5172939901129272e-05,0.00024893815196605317,0.00025527770713922363,True,root
X-10_Y+0_Z55,fixed_nearest,64,6.0,5.625,-247.44980875183262,0.0008917974524338178,99.91082025475662,0.011983695997630862,99.87351105327174,0.1264889467282586,213.2414619991323,213.5558969991323,1.0014745490724561,1,0,0,True,0.31443499999999996,0.257967,0.61276,9,-0.009983033924125022,-8.147744844941322e-06,0.05459017657660276,0.4102553739339501,1.1098532694066e-08,True,1.5174537945493937e-05,0.0002497219114789382,0.0002552357629305745,True,root
X-10_Y+0_Z55,best_offset,64,6.0,5.625,-247.48112562553678,0.0007653518287584785,99.92346481712416,0.007292523322194143,99.84281610025224,0.15718389974776414,213.2414619991323,239.1366119991323,1.1214358115782632,256,0,0,True,25.895149999999997,25.032339,38.202528,9,-0.009978509876026938,-1.9924770177066317e-06,0.05457413835838658,0.4264081767399895,1.2489378195403283e-08,True,1.5169874229114915e-05,0.00025008912273654786,0.00025504316591043615,True,root
X-10_Y+0_Z55,offset_allQ_CD,64,6.0,5.625,-247.48114732774653,0.0007652642034906143,99.92347357965093,0.010059149768667652,99.85956136433109,0.14043863566891446,213.2414619991323,268.2357879991323,1.2578969656483774,32896,1,2,True,54.994326,45.382615,57.633860999999996,9,-0.009978937934198986,-1.1989068933616517e-06,0.05457131851762608,0.42920025783292076,1.305901864285248e-08,True,1.5172418463742214e-05,0.00025015861625458306,0.0002550008456242793,True,root
X-10_Y+0_Z55,adaptive_coarse_CD,64,6.0,5.625,-247.48112562553678,0.0007653518287584785,99.92346481712416,0.007292523322194143,99.84281610025224,0.15718389974776414,213.2414619991323,239.1366119991323,1.1214358115782632,256,0,0,True,25.895149999999997,25.032339,38.202528,9,-0.009978509876026938,-1.9924770177066317e-06,0.05457413835838658,0.4264081767399895,1.2489378195403283e-08,True,1.5169874229114915e-05,0.00025008912273654786,0.00025504316591043615,True,root
X-10_Y+0_Z55,fixed_nearest,128,7.0,2.8125,-247.62546745265868,0.00018255443572096655,99.9817445564279,0.0032915741273032016,100.01817905596656,0.01817905596655578,213.2414619991323,213.4843089991323,1.0011388357485609,1,0,0,True,0.24284699999999998,0.21664899999999998,0.337933,9,-0.009976931713663026,-7.272204264524318e-07,0.05457873555262107,0.42189620679682416,1.0244753764320738e-08,True,1.5196518449365683e-05,0.0002500121330764044,0.00025538878548206877,True,root
X-10_Y+0_Z55,best_offset,128,7.0,2.8125,-247.62606097142927,0.00018015803268857215,99.98198419673115,0.0013840893916171998,99.99599381886388,0.004006181136119835,213.2414619991323,238.9378799991323,1.1205038539836336,256,0,0,True,25.696417999999998,24.668798,35.61978,9,-0.00997751698125291,-1.1625491013631703e-06,0.054581771214658535,0.41883428052225197,9.934070853062992e-09,True,1.5193147678490664e-05,0.0002500885614875332,0.0002552871508869118,True,root
X-10_Y+0_Z55,offset_allQ_CD,128,7.0,2.8125,-247.62612404886005,0.00017990335001653198,99.98200966499834,0.0010489420991558478,99.99381589403991,0.006184105960088004,213.2414619991323,271.8105639991323,1.2746609475048445,65536,2,2,True,58.569102,47.401205999999995,64.953665,9,-0.009978316432222167,-5.726259343460547e-07,0.054580699232977606,0.4198614512402929,1.0067273524787628e-08,True,1.5192816769899032e-05,0.00025010774724729996,0.0002552769520161039,True,root
X-10_Y+0_Z55,adaptive_coarse_CD,128,7.0,2.8125,-247.62606097142927,0.00018015803268857215,99.98198419673115,0.0013840893916171998,99.99599381886388,0.004006181136119835,213.2414619991323,238.9378799991323,1.1205038539836336,256,0,0,True,25.696417999999998,24.668798,35.61978,9,-0.00997751698125291,-1.1625491013631703e-06,0.054581771214658535,0.41883428052225197,9.934070853062992e-09,True,1.5193147678490664e-05,0.0002500885614875332,0.0002552871508869118,True,root
X-10_Y+0_Z55,fixed_nearest,256,8.0,1.40625,-247.6601118984456,4.267334172048623e-05,99.99573266582796,0.0020410601454048253,99.99155947110916,0.008440528890844234,213.2414619991323,213.5139899991323,1.0012780253776403,1,0,0,True,0.272528,0.220601,0.527573,9,-0.009977414178626487,-2.602961469518789e-06,0.054581664509904176,0.4189528338718348,9.043091803792117e-09,True,1.5192473934496306e-05,0.0002499977643916777,0.0002554550196475819,True,root
X-10_Y+0_Z55,best_offset,256,8.0,1.40625,-247.66063330491622,4.05681007251884e-05,99.99594318992749,0.002240081490966553,100.01083762208023,0.010837622080231313,213.2414619991323,240.2977779991323,1.126881122209292,256,0,0,True,27.056316,25.726677,36.519588,9,-0.009978431351581727,-1.8254008500521303e-06,0.054579273728313414,0.4212827249842433,7.572385915507286e-09,True,1.5195403009787086e-05,0.00024997859222335395,0.00025549028564420624,True,root
X-10_Y+0_Z55,offset_allQ_CD,256,8.0,1.40625,-247.6606962754343,4.031384972593827e-05,99.99596861502741,0.0013309321296958788,99.99888927866887,0.0011107213311305486,213.2414619991323,293.0753399991323,1.3743825297930328,196096,5,3,True,79.833878,77.509433,82.667906,9,-0.009978638255037206,-1.2686257877676802e-06,0.054582688817062144,0.41785949428514546,7.015810786648195e-09,True,1.5193587607599163e-05,0.00025000663817088917,0.0002554326045647436,True,root
X-10_Y+0_Z55,adaptive_coarse_CD,256,8.0,1.40625,-247.66063330491622,4.05681007251884e-05,99.99594318992749,0.002240081490966553,100.01083762208023,0.010837622080231313,213.2414619991323,240.2977779991323,1.126881122209292,256,0,0,True,27.056316,25.726677,36.519588,9,-0.009978431351581727,-1.8254008500521303e-06,0.054579273728313414,0.4212827249842433,7.572385915507286e-09,True,1.5195403009787086e-05,0.00024997859222335395,0.00025549028564420624,True,root
X-10_Y+0_Z55,fixed_nearest,512,9.0,0.703125,-247.6675704130447,1.255869684612706e-05,99.99874413031539,0.000295753475402919,99.99679347655223,0.0032065234477727245,213.2414619991323,213.5287829991323,1.0013473974400025,1,0,0,True,0.287321,0.26251599999999997,0.7316159999999999,9,-0.009979027648101522,-1.2189394122904179e-06,0.054581149821935925,0.41937667677369994,8.393422182329209e-09,True,1.5193269176531608e-05,0.00024998356897344725,0.00025548471454410417,True,root
X-10_Y+0_Z55,best_offset,512,9.0,0.703125,-247.66764629683612,1.2252306961102254e-05,99.99877476930389,0.00035514687050956,99.99361332391496,0.006386676085043064,213.2414619991323,243.91643799913228,1.1438508989406797,256,0,0,True,30.674975999999997,27.028008999999997,37.216254,9,-0.009978853303053876,-9.614957906990074e-07,0.05458166101040071,0.41887422633153315,8.694980623306728e-09,True,1.5192785991887774e-05,0.0002499424098118033,0.0002555180018800273,True,root
X-10_Y+0_Z55,offset_allQ_CD,512,9.0,0.703125,-247.6676685494657,1.2162459307345712e-05,99.99878375406927,0.000837273088991912,99.99904406073628,0.0009559392637186193,213.2414619991323,323.4092599991323,1.5166340399619296,261376,3,2,True,110.16779799999999,104.417271,150.899011,9,-0.009978811150266357,-1.0567527338319426e-06,0.05458054892553581,0.41998724736418047,8.749221559702603e-09,True,1.5193611124809386e-05,0.0002499257071403398,0.0002555454063770304,True,root
X-10_Y+0_Z55,adaptive_coarse_CD,512,9.0,0.703125,-247.66764629683612,1.2252306961102254e-05,99.99877476930389,0.00035514687050956,99.99361332391496,0.006386676085043064,213.2414619991323,243.91643799913228,1.1438508989406797,256,0,0,True,30.674975999999997,27.028008999999997,37.216254,9,-0.009978853303053876,-9.614957906990074e-07,0.05458166101040071,0.41887422633153315,8.694980623306728e-09,True,1.5192785991887774e-05,0.0002499424098118033,0.0002555180018800273,True,root
X-10_Y+0_Z55,fixed_nearest,1024,10.0,0.3515625,-247.66989656980022,3.1665606930634833e-06,99.99968334393068,0.0016146254772259048,99.99122983105416,0.008770168945844148,213.2414619991323,213.4803829991323,1.0011204246948981,1,0,0,True,0.238921,0.228149,0.29024099999999997,9,-0.009979147789126673,-9.067332439500224e-07,0.05458294011991678,0.4175818248421624,8.373359575345095e-09,True,1.5192423849789457e-05,0.00024998215369363924,0.0002554726767311051,True,root
X-10_Y+0_Z55,best_offset,1024,10.0,0.3515625,-247.66993547792296,3.0094644933205977e-06,99.99969905355067,0.002096866435235832,100.0091392590967,0.009139259096698993,213.2414619991323,240.97875799913228,1.1300745912167534,256,0,0,True,27.737295999999997,27.387608,38.769641,9,-0.009978775440704152,-1.2106307110992954e-06,0.0545792817505911,0.4212550212516335,8.847831538122212e-09,True,1.5195144964653125e-05,0.00024997415047320657,0.0002555117749393408,True,root
X-10_Y+0_Z55,offset_allQ_CD,1024,10.0,0.3515625,-247.66993558305407,3.0090400138988867e-06,99.99969909599861,0.0023776531923773363,100.007511083277,0.007511083276995123,213.2414619991323,346.5898859991323,1.6253400382358223,522496,1,2,True,133.348424,115.232824,145.87453,9,-0.009978740889638155,-1.1936777104831626e-06,0.054579001845291575,0.4215362628621089,8.877170558564801e-09,True,1.5194897583585837e-05,0.0002499742577829733,0.0002555140684840154,True,root
X-10_Y+0_Z55,adaptive_coarse_CD,1024,10.0,0.3515625,-247.66993547792296,3.0094644933205977e-06,99.99969905355067,0.002096866435235832,100.0091392590967,0.009139259096698993,213.2414619991323,240.97875799913228,1.1300745912167534,256,0,0,True,27.737295999999997,27.387608,38.769641,9,-0.009978775440704152,-1.2106307110992954e-06,0.0545792817505911,0.4212550212516335,8.847831538122212e-09,True,1.5195144964653125e-05,0.00024997415047320657,0.0002555117749393408,True,root
X-10_Y+0_Z55,fixed_nearest,2048,11.0,0.17578125,-247.67049042169526,7.688126308083462e-07,99.99992311873692,0.0008210654834523139,100.0036463291732,0.0036463291731934078,213.2414619991323,213.5571059991323,1.0014802187015641,1,0,0,True,0.315644,0.293585,0.331683,9,-0.009978761085441048,-1.1678038486351678e-06,0.05458056033324215,0.419978677205651,9.022034195616106e-09,True,1.5194310382263088e-05,0.0002499773474194559,0.0002554995660372017,True,root
X-10_Y+0_Z55,best_offset,2048,11.0,0.17578125,-247.6704984646516,7.363382325591213e-07,99.99992636617674,0.00048347897907103797,99.99859642831946,0.0014035716805409493,213.2414619991323,241.1808989991323,1.1310225353834504,256,0,0,True,27.939436999999998,26.948259,28.680151,9,-0.009978826073004661,-1.1993915424263436e-06,0.054581859725854096,0.4186777550662184,8.810349774671025e-09,True,1.519354311263055e-05,0.00024998402153643477,0.0002554819780119605,True,root
X-10_Y+0_Z55,offset_allQ_CD,2048,11.0,0.17578125,-247.67049862129184,7.357057787942369e-07,99.99992642942213,0.00040912087797558634,99.99871758352286,0.0012824164771387814,213.2414619991323,398.74706499913225,1.8699321476268755,1044736,1,2,True,185.50560299999998,174.280056,220.594733,9,-0.00997883861224149,-1.156972422268216e-06,0.05458178589857974,0.4187507343800228,8.835606620312126e-09,True,1.5193561520656983e-05,0.00024998585167893944,0.0002554808051146313,True,root
X-10_Y+0_Z55,adaptive_coarse_CD,2048,11.0,0.17578125,-247.6704984646516,7.363382325591213e-07,99.99992636617674,0.00048347897907103797,99.99859642831946,0.0014035716805409493,213.2414619991323,241.1808989991323,1.1310225353834504,256,0,0,True,27.939436999999998,26.948259,28.680151,9,-0.009978826073004661,-1.1993915424263436e-06,0.054581859725854096,0.4186777550662184,8.810349774671025e-09,True,1.519354311263055e-05,0.00024998402153643477,0.0002554819780119605,True,root
X+0_Y+10_Z55,fixed_nearest,4,2.0,90.0,-171.37077463766164,0.17673476205199626,82.32652379480038,0.2417681856027073,82.20593074243303,17.794069257566974,217.81521199955023,218.07334899955023,1.0011851192468622,1,0,0,True,0.258137,0.20285299999999998,0.437587,9,3.884423783200396e-05,0.009970153317473909,0.05484710988410093,0.16054621393914556,5.6015263395357316e-11,True,1.2484941325097795e-05,0.0002040112413818309,0.00021110263801532253,True,root
X+0_Y+10_Z55,best_offset,4,2.0,90.0,-172.8716459964908,0.16952457572373603,83.0475424276264,0.6133994747757432,79.72386169555487,20.276138304445126,217.81521199955023,253.43199599955022,1.1635183496737296,256,0,0,True,35.616783999999996,25.791431,35.834775,9,2.040299866930488e-05,0.009990974512437542,0.05522179899365104,0.22291822573547737,8.548651769219823e-09,True,1.2107979637111948e-05,0.0002084406127567838,0.00020982681190802476,True,root
X+0_Y+10_Z55,offset_allQ_CD,4,2.0,90.0,-172.98077960113253,0.1690002978637365,83.09997021362635,0.422039056690598,79.37146355972068,20.62853644027932,217.81521199955023,258.3629919995502,1.1861567868826521,2296,3,2,True,40.547779999999996,39.840806,51.758348,9,3.917576205841278e-06,0.009981724000281453,0.05503087424125628,0.036091250216525345,4.236747960531393e-09,True,1.2054459532063216e-05,0.00020824716264987716,0.00021040537808431978,True,root
X+0_Y+10_Z55,adaptive_coarse_CD,4,2.0,90.0,-172.98077960113253,0.1690002978637365,83.09997021362635,0.422039056690598,79.37146355972068,20.62853644027932,217.81521199955023,258.3629919995502,1.1861567868826521,2296,3,2,True,40.547779999999996,39.840806,51.758348,9,3.917576205841278e-06,0.009981724000281453,0.05503087424125628,0.036091250216525345,4.236747960531393e-09,True,1.2054459532063216e-05,0.00020824716264987716,0.00021040537808431978,True,root
X+0_Y+10_Z55,fixed_nearest,8,3.0,45.0,-198.04250726767043,0.04860375280286085,95.13962471971391,0.06882423325339873,95.1842382736477,4.8157617263523065,217.81521199955023,218.03137199955023,1.0009924008429698,1,0,0,True,0.21616,0.18404399999999999,0.28529899999999997,9,-6.585703700984666e-06,0.009996494526954258,0.054542205201566364,0.45785558564617856,1.9512976597853522e-08,True,1.4456008455691713e-05,0.0002380360483275105,0.00024319406332238473,True,root
X+0_Y+10_Z55,best_offset,8,3.0,45.0,-198.4740764981004,0.04653049412773267,95.34695058722673,0.09543781131462217,96.49170877246128,3.50829122753872,217.81521199955023,246.03667999955022,1.1295661021143844,256,0,0,True,28.221467999999998,25.723063999999997,36.538846,9,-2.1339879232941616e-06,0.009984545648528624,0.05451352931124948,0.486720784328408,5.194905721564496e-12,True,1.4654579195230316e-05,0.00023801174013212984,0.00024459579192621564,True,root
X+0_Y+10_Z55,offset_allQ_CD,8,3.0,45.0,-198.4830622931881,0.04648732636621279,95.35126736337872,0.07474314158617178,96.37402644032716,3.6259735596728433,217.81521199955023,274.5936489995502,1.2606725052799217,4336,1,2,True,56.778437,52.984282,59.314482,9,-5.229410256667613e-06,0.009978571298340923,0.054534262326850366,0.46625970893619106,1.2966967433287433e-11,True,1.4636706311869884e-05,0.00023745290120877338,0.0002449558983226057,True,root
X+0_Y+10_Z55,adaptive_coarse_CD,8,3.0,45.0,-198.4830622931881,0.04648732636621279,95.35126736337872,0.07474314158617178,96.37402644032716,3.6259735596728433,217.81521199955023,274.5936489995502,1.2606725052799217,4336,1,2,True,56.778437,52.984282,59.314482,9,-5.229410256667613e-06,0.009978571298340923,0.054534262326850366,0.46625970893619106,1.2966967433287433e-11,True,1.4636706311869884e-05,0.00023745290120877338,0.0002449558983226057,True,root
X+0_Y+10_Z55,fixed_nearest,10,3.321928094887362,36.0,-201.32919244652936,0.03281451650189575,96.71854834981043,0.11277926118970062,96.56881056780648,3.43118943219352,217.81521199955023,218.06900899955022,1.0011651941004034,1,0,0,True,0.253797,0.189863,0.6426109999999999,9,6.332757204715599e-06,0.009996293665012729,0.05472026475613045,0.27983146248342033,4.414406975132965e-12,True,1.466628895123272e-05,0.0002401773647360552,0.00024770762388322005,True,root
X+0_Y+10_Z55,best_offset,10,3.321928094887362,36.0,-201.76149911304068,0.030737715183675317,96.92622848163246,0.04726719332852607,96.92012940570882,3.0798705942911795,217.81521199955023,242.8258449995502,1.114825005886419,256,0,0,True,25.010633,24.73556,40.303954999999995,9,-2.52941534931032e-06,0.00998017193853927,0.05465610914248787,0.34447129320703646,6.057384534055336e-09,True,1.471964513901624e-05,0.00024403317407174907,0.0002452902768729284,True,root
X+0_Y+10_Z55,offset_allQ_CD,10,3.321928094887362,36.0,-201.76149911304074,0.030737715183675046,96.92622848163249,0.04726719332852607,96.92012940570882,3.0798705942911795,217.81521199955023,256.93579799955023,1.1796044713354583,2806,0,1,True,39.120585999999996,35.980509999999995,47.364028,9,-2.52941534931032e-06,0.00998017193853927,0.05465610914248787,0.34447129320703646,6.057384534055336e-09,True,1.471964513901624e-05,0.00024403317407174907,0.0002452902768729284,True,root
X+0_Y+10_Z55,adaptive_coarse_CD,10,3.321928094887362,36.0,-201.76149911304074,0.030737715183675046,96.92622848163249,0.04726719332852607,96.92012940570882,3.0798705942911795,217.81521199955023,256.93579799955023,1.1796044713354583,2806,0,1,True,39.120585999999996,35.980509999999995,47.364028,9,-2.52941534931032e-06,0.00998017193853927,0.05465610914248787,0.34447129320703646,6.057384534055336e-09,True,1.471964513901624e-05,0.00024403317407174907,0.0002452902768729284,True,root
X+0_Y+10_Z55,fixed_nearest,16,4.0,22.5,-205.1682163466854,0.014371844865891773,98.56281551341081,0.030809961340071156,98.02078380580049,1.979216194199509,217.81521199955023,218.06740599955023,1.001157834651147,1,0,0,True,0.252194,0.234843,0.32969899999999996,9,-1.2224849055749799e-05,0.009963609109340767,0.054585525857584326,0.4162481934959201,6.023161034823092e-13,True,1.4886805895913579e-05,0.0002467217032980502,0.0002514939181913921,True,root
X+0_Y+10_Z55,best_offset,16,4.0,22.5,-205.72988514595409,0.011673587834285376,98.83264121657146,0.028498545091719618,99.10753990043938,0.8924600995606227,217.81521199955023,268.3939759995502,1.2322095116116336,256,0,0,True,50.578764,26.435353,63.970800999999994,9,1.5127246075796698e-05,0.00998395911285402,0.05463206645298194,0.36859359551620186,7.335122181913242e-09,True,1.5051855861940608e-05,0.00024727425326804886,0.0002519997694186568,True,root
X+0_Y+10_Z55,offset_allQ_CD,16,4.0,22.5,-205.75694164920068,0.011543608386911994,98.8456391613088,0.015518101170708228,99.08164231118789,0.9183576888121081,217.81521199955023,310.2850949995502,1.4245336317474049,16576,5,4,True,92.469883,72.93513399999999,97.35065499999999,9,2.3309602135617516e-06,0.009982565122933891,0.05462385019283945,0.37656086591778054,1.1086796717043924e-08,True,1.5047922692163851e-05,0.00024703510859800043,0.0002522484910412224,True,root
X+0_Y+10_Z55,adaptive_coarse_CD,16,4.0,22.5,-205.75694164920068,0.011543608386911994,98.8456391613088,0.015518101170708228,99.08164231118789,0.9183576888121081,217.81521199955023,310.2850949995502,1.4245336317474049,16576,5,4,True,92.469883,72.93513399999999,97.35065499999999,9,2.3309602135617516e-06,0.009982565122933891,0.05462385019283945,0.37656086591778054,1.1086796717043924e-08,True,1.5047922692163851e-05,0.00024703510859800043,0.0002522484910412224,True,root
X+0_Y+10_Z55,fixed_nearest,32,5.0,11.25,-207.48909092273982,0.003222362907005838,99.67776370929941,0.029338797087980886,99.89199950989443,0.10800049010556734,217.81521199955023,218.07042199955023,1.0011716812506215,1,0,0,True,0.25521,0.23227399999999998,0.262631,9,-3.032103119507292e-06,0.009989781091239292,0.0545811726836794,0.41896293468742735,5.764346795930226e-12,True,1.5170994859668664e-05,0.0002489488920872773,0.00025498130564619877,True,root
X+0_Y+10_Z55,best_offset,32,5.0,11.25,-207.50294053418463,0.0031558293706679887,99.6844170629332,0.032414051223225125,99.91188478745002,0.08811521254997956,217.81521199955023,265.27492899955024,1.217889818458125,256,0,0,True,47.459717,26.891265999999998,57.740314,9,9.442496447526943e-07,0.009982876354841566,0.05457661381078519,0.42373337849258585,5.732464554483784e-12,True,1.5174014915779855e-05,0.0002487121414215735,0.00025526895568302036,True,root
X+0_Y+10_Z55,offset_allQ_CD,32,5.0,11.25,-207.50650895445273,0.003138686678938179,99.68613133210619,0.012228057209393474,99.82773556509385,0.17226443490615395,217.81521199955023,288.6545269995502,1.325226665069409,32896,6,4,True,70.839315,68.079464,72.142054,9,-1.3209278931303908e-06,0.009981216045363138,0.05459667599288423,0.4037633422169726,6.163217392685277e-12,True,1.516123483903623e-05,0.00024845880370113235,0.00025535012398557636,True,root
X+0_Y+10_Z55,adaptive_coarse_CD,32,5.0,11.25,-207.50650895445273,0.003138686678938179,99.68613133210619,0.012228057209393474,99.82773556509385,0.17226443490615395,217.81521199955023,288.6545269995502,1.325226665069409,32896,6,4,True,70.839315,68.079464,72.142054,9,-1.3209278931303908e-06,0.009981216045363138,0.05459667599288423,0.4037633422169726,6.163217392685277e-12,True,1.516123483903623e-05,0.00024845880370113235,0.00025535012398557636,True,root
X+0_Y+10_Z55,fixed_nearest,64,6.0,5.625,-207.98838375381348,0.0008237600399259925,99.91762399600739,0.013597413682675781,99.9157183697916,0.08428163020839463,217.81521199955023,218.08272799955023,1.0012281786820314,1,0,0,True,0.267516,0.20374099999999998,0.5230469999999999,9,2.4650684502980214e-06,0.009976275850490239,0.05462137737350573,0.3793731739670641,7.879903454821179e-09,True,1.5174597137161782e-05,0.0002495498875322155,0.00025518975819120336,True,root
X+0_Y+10_Z55,best_offset,64,6.0,5.625,-207.99897194156821,0.0007728943836916061,99.92271056163084,0.018108003242369226,99.86858878411022,0.13141121588978422,217.81521199955023,243.89748899955023,1.1197449744697072,256,0,0,True,26.082276999999998,25.801066,41.470943999999996,9,-2.849124645437039e-06,0.009978671027219213,0.054590925916314904,0.4096396569351284,1.332380611827848e-08,True,1.5167439379727565e-05,0.00025000092476316427,0.0002549901391131252,True,root
X+0_Y+10_Z55,offset_allQ_CD,64,6.0,5.625,-207.99932210484357,0.0007712121992420298,99.92287878007579,0.01948187609834379,99.86489274044273,0.1351072595572731,217.81521199955023,361.8263069995502,1.6611617879117522,32896,1,2,True,144.01109499999998,128.699419,175.926365,9,-2.029210483521911e-06,0.009979864386878198,0.05458941594897227,0.4110825021444215,1.322564966914034e-08,True,1.5166878046890546e-05,0.00025008244525605565,0.0002549155488195523,True,root
X+0_Y+10_Z55,adaptive_coarse_CD,64,6.0,5.625,-207.99897194156821,0.0007728943836916061,99.92271056163084,0.018108003242369226,99.86858878411022,0.13141121588978422,217.81521199955023,243.89748899955023,1.1197449744697072,256,0,0,True,26.082276999999998,25.801066,41.470943999999996,9,-2.849124645437039e-06,0.009978671027219213,0.054590925916314904,0.4096396569351284,1.332380611827848e-08,True,1.5167439379727565e-05,0.00025000092476316427,0.0002549901391131252,True,root
X+0_Y+10_Z55,fixed_nearest,128,7.0,2.8125,-208.1161600832168,0.00020992252619138083,99.97900774738086,0.010206625416448185,99.97567188835124,0.02432811164875659,217.81521199955023,218.34587799955023,1.0024363128503673,1,0,0,True,0.530666,0.305484,0.9300149999999999,9,-2.2112307266093135e-06,0.009979518021227067,0.05459876081630501,0.4017676984626826,6.506504626601099e-09,True,1.5183702516234681e-05,0.0002498773122773916,0.00025534423513915426,True,root
X+0_Y+10_Z55,best_offset,128,7.0,2.8125,-208.12247785454358,0.00017957195138872744,99.98204280486112,0.0017724510446882982,99.94696398500042,0.05303601499957722,217.81521199955023,245.79032399955022,1.1284350699989574,256,0,0,True,27.975112,27.748399,39.978961,9,-8.330810659588298e-07,0.009980326934752325,0.05461062932518726,0.38986824174896645,1.0492768158841709e-08,True,1.5179342532889627e-05,0.0002498854444011797,0.000255237608993541,True,root
X+0_Y+10_Z55,offset_allQ_CD,128,7.0,2.8125,-208.12247785454358,0.00017957195138872744,99.98204280486112,0.0017724510446882982,99.94696398500042,0.05303601499957722,217.81521199955023,267.6482909995502,1.228786036303575,32896,0,1,True,49.833079,39.990989,71.688568,9,-8.330810659588298e-07,0.009980326934752325,0.05461062932518726,0.38986824174896645,1.0492768158841709e-08,True,1.5179342532889627e-05,0.0002498854444011797,0.000255237608993541,True,root
X+0_Y+10_Z55,adaptive_coarse_CD,128,7.0,2.8125,-208.12247785454358,0.00017957195138872744,99.98204280486112,0.0017724510446882982,99.94696398500042,0.05303601499957722,217.81521199955023,245.79032399955022,1.1284350699989574,256,0,0,True,27.975112,27.748399,39.978961,9,-8.330810659588298e-07,0.009980326934752325,0.05461062932518726,0.38986824174896645,1.0492768158841709e-08,True,1.5179342532889627e-05,0.0002498854444011797,0.000255237608993541,True,root
X+0_Y+10_Z55,fixed_nearest,256,8.0,1.40625,-208.14936433744182,5.04092818051171e-05,99.9949590718195,0.0005628350046817943,99.99966130300947,0.00033869699052502256,217.81521199955023,218.66454799955022,1.003899341979851,1,0,0,True,0.849336,0.634765,1.885243,9,-4.926654780519378e-07,0.00998018603125005,0.05460869666847363,0.3918049684990412,9.808956015494393e-09,True,1.518734588395434e-05,0.0002496891726395049,0.00025552195382974623,True,root
X+0_Y+10_Z55,best_offset,256,8.0,1.40625,-208.1512701633156,4.125369390065462e-05,99.99587463060993,0.0008067286171191136,100.0175750870534,0.017575087053401717,217.81521199955023,246.16029099955023,1.1301336060956961,256,0,0,True,28.345079,26.473786999999998,36.175801,9,-1.0725950240454915e-06,0.009980096653281093,0.054608089695627395,0.3924168451329875,9.160187750060345e-09,True,1.5190066521512715e-05,0.0002498556220003611,0.0002553714945775306,True,root
X+0_Y+10_Z55,offset_allQ_CD,256,8.0,1.40625,-208.15127016331564,4.1253693900381544e-05,99.99587463060996,0.0008067286171191136,100.0175750870534,0.017575087053401717,217.81521199955023,269.88258899955025,1.2390438047095973,65536,0,1,True,52.067377,48.017686999999995,58.725148,9,-1.0725950240454915e-06,0.009980096653281093,0.054608089695627395,0.3924168451329875,9.160187750060345e-09,True,1.5190066521512715e-05,0.0002498556220003611,0.0002553714945775306,True,root
X+0_Y+10_Z55,adaptive_coarse_CD,256,8.0,1.40625,-208.1512701633156,4.125369390065462e-05,99.99587463060993,0.0008067286171191136,100.0175750870534,0.017575087053401717,217.81521199955023,246.16029099955023,1.1301336060956961,256,0,0,True,28.345079,26.473786999999998,36.175801,9,-1.0725950240454915e-06,0.009980096653281093,0.054608089695627395,0.3924168451329875,9.160187750060345e-09,True,1.5190066521512715e-05,0.0002498556220003611,0.0002553714945775306,True,root
X+0_Y+10_Z55,fixed_nearest,512,9.0,0.703125,-208.15720442655956,1.2745492009611362e-05,99.99872545079904,0.0036099240658778614,100.00934539168624,0.009345391686238713,217.81521199955023,218.13935199955023,1.0014881421596975,1,0,0,True,0.32414,0.302322,0.40505599999999997,9,-9.403102086001873e-07,0.009980302859598703,0.05460525725517279,0.395234988477737,9.254709752922902e-09,True,1.5188816644978811e-05,0.0002499439298986172,0.00025531485706046755,True,root
X+0_Y+10_Z55,best_offset,512,9.0,0.703125,-208.15730549357465,1.2259966047517952e-05,99.99877400339525,0.0007119073573211626,100.00066340721655,0.0006634072165496718,217.81521199955023,248.66748399955023,1.1416442484286347,256,0,0,True,30.852272,30.495891999999998,38.920148999999995,9,-7.512743973718749e-07,0.009980137728199275,0.054608227387560264,0.3922765021157422,9.631134918478416e-09,True,1.5187498077501859e-05,0.0002498077927371593,0.00025542755993084303,True,root
X+0_Y+10_Z55,offset_allQ_CD,512,9.0,0.703125,-208.1573177091426,1.2201282456482042e-05,99.99877987175435,0.0012653516866722129,100.00371035348518,0.003710353485175233,217.81521199955023,313.81468899955024,1.4407381657080878,261376,4,2,True,95.999477,86.278048,102.55002599999999,9,-8.935726628782858e-07,0.009980326217245703,0.0546076070725024,0.3928868358065745,9.704091802984924e-09,True,1.5187960829337902e-05,0.00024978781113549185,0.00025545217261822926,True,root
X+0_Y+10_Z55,adaptive_coarse_CD,512,9.0,0.703125,-208.15730549357465,1.2259966047517952e-05,99.99877400339525,0.0007119073573211626,100.00066340721655,0.0006634072165496718,217.81521199955023,248.66748399955023,1.1416442484286347,256,0,0,True,30.852272,30.495891999999998,38.920148999999995,9,-7.512743973718749e-07,0.009980137728199275,0.054608227387560264,0.3922765021157422,9.631134918478416e-09,True,1.5187498077501859e-05,0.0002498077927371593,0.00025542755993084303,True,root
X+0_Y+10_Z55,fixed_nearest,1024,10.0,0.3515625,-208.15919469086663,3.1842618535237105e-06,99.99968157381464,0.0015177261229926797,99.99541064208684,0.004589357913161507,217.81521199955023,218.04218999955023,1.001042066795594,1,0,0,True,0.22697799999999999,0.21520899999999998,0.301768,9,-1.027759352255845e-06,0.009980299187733578,0.054610384050062556,0.39011506858733347,9.353702029748692e-09,True,1.5186700319191157e-05,0.00024983041291862934,0.0002553898406121429,True,root
X+0_Y+10_Z55,best_offset,1024,10.0,0.3515625,-208.15926787204413,2.8326994611971317e-06,99.99971673005388,0.0006272819311695884,99.99915517843274,0.000844821567255849,217.81521199955023,249.15963299955024,1.1439037278997057,256,0,0,True,31.344420999999997,30.228400999999998,37.511345999999996,9,-9.489284449181586e-07,0.009980211082261848,0.05460948270330617,0.39101951453539646,8.844853793487626e-09,True,1.5187269016803922e-05,0.0002498668083327466,0.00025536243341144505,True,root
X+0_Y+10_Z55,offset_allQ_CD,1024,10.0,0.3515625,-208.1592693769318,2.8254699804727175e-06,99.99971745300196,0.0006358855183082828,99.99940971513311,0.0005902848668881688,217.81521199955023,345.8056929995502,1.5876103869194604,522496,2,2,True,127.99048099999999,119.670158,159.96998399999998,9,-1.0562681598273163e-06,0.009980246387479188,0.054609498058749505,0.3910026688277887,8.799685094207795e-09,True,1.518730767430394e-05,0.00024986255217742515,0.000255366618018183,True,root
X+0_Y+10_Z55,adaptive_coarse_CD,1024,10.0,0.3515625,-208.15926787204413,2.8326994611971317e-06,99.99971673005388,0.0006272819311695884,99.99915517843274,0.000844821567255849,217.81521199955023,249.15963299955024,1.1439037278997057,256,0,0,True,31.344420999999997,30.228400999999998,37.511345999999996,9,-9.489284449181586e-07,0.009980211082261848,0.05460948270330617,0.39101951453539646,8.844853793487626e-09,True,1.5187269016803922e-05,0.0002498668083327466,0.00025536243341144505,True,root
X+0_Y+10_Z55,fixed_nearest,2048,11.0,0.17578125,-208.15968526389545,8.275489182977957e-07,99.99991724510818,0.0003754863074876795,99.99810168716391,0.0018983128360900992,217.81521199955023,218.12300599955023,1.0014130968961004,1,0,0,True,0.307794,0.28889,0.37801799999999997,9,-1.2935238416187188e-06,0.009980161271121767,0.05460907232715838,0.3914328726113829,9.088104979234386e-09,True,1.5187109018899159e-05,0.0002498617113324302,0.0002553708748921824,True,root
X+0_Y+10_Z55,best_offset,2048,11.0,0.17578125,-208.15970537732758,7.309239860571359e-07,99.9999269076014,0.00028001939477756275,99.99954021121958,0.00045978878041808,217.81521199955023,247.15529999955024,1.1347017397483725,256,0,0,True,29.340087999999998,27.242850999999998,37.052907,9,-1.0089583288936585e-06,0.009980326703264184,0.05460914565066979,0.39135045546378194,9.026722092590316e-09,True,1.5187327493263084e-05,0.00024986444479724394,0.0002553679707727659,True,root
X+0_Y+10_Z55,offset_allQ_CD,2048,11.0,0.17578125,-208.1597053890971,7.308674453038892e-07,99.99992691325546,4.801646200741658e-05,99.9988323554009,0.0011676445990929096,217.81521199955023,413.8086689995502,1.8998152847120922,1044736,1,2,True,195.99345699999998,186.26478799999998,206.42609199999998,9,-1.036577308336845e-06,0.009980313289321243,0.0546088237151928,0.39167272928483016,9.025888809638578e-09,True,1.5187219988387426e-05,0.0002498669256116918,0.0002553681773169504,True,root
X+0_Y+10_Z55,adaptive_coarse_CD,2048,11.0,0.17578125,-208.15970537732758,7.309239860571359e-07,99.9999269076014,0.00028001939477756275,99.99954021121958,0.00045978878041808,217.81521199955023,247.15529999955024,1.1347017397483725,256,0,0,True,29.340087999999998,27.242850999999998,37.052907,9,-1.0089583288936585e-06,0.009980326703264184,0.05460914565066979,0.39135045546378194,9.026722092590316e-09,True,1.5187327493263084e-05,0.00024986444479724394,0.0002553679707727659,True,root
X+0_Y-10_Z55,fixed_nearest,4,2.0,90.0,-228.10083131215885,0.16989435680071538,83.01056431992846,0.3307226609949177,80.57582760382172,19.424172396178278,298.0612760002259,299.1359410002259,1.003605517007849,1,0,0,True,1.074665,0.793138,1.967873,9,-4.79562891369013e-05,-0.01000238341926155,0.0548993717387032,0.11149678617240892,1.0575092832373077e-10,True,1.2244084522491933e-05,0.00020445197100702836,0.00021426015489204667,True,root
X+0_Y-10_Z55,best_offset,4,2.0,90.0,-228.22850578471065,0.16942972324568592,83.0570276754314,0.49855667063927916,79.23739892533798,20.762601074662015,298.0612760002259,334.26273000022593,1.1214564148882344,256,0,0,True,36.201454,26.933403,47.082719,9,-1.0010710675061428e-05,-0.009969790666131812,0.05507125242747452,0.07803670035304827,5.210374902544838e-09,True,1.2040700525652851e-05,0.00020768851958296049,0.00021092602388739202,True,root
X+0_Y-10_Z55,offset_allQ_CD,4,2.0,90.0,-228.32654866754487,0.16907292511457855,83.09270748854215,0.5834314755355489,78.84071390964611,21.159286090353888,298.0612760002259,359.24349900022594,1.205267265244995,2296,1,2,True,61.182223,49.757501999999995,78.301232,9,3.131563349868803e-07,-0.009999734269021779,0.05515588552612818,0.15588606716477754,1.5843504969244863e-08,True,1.1980421345092414e-05,0.00020868858963425592,0.00020969297175883034,True,root
X+0_Y-10_Z55,adaptive_coarse_CD,4,2.0,90.0,-228.32654866754487,0.16907292511457855,83.09270748854215,0.5834314755355489,78.84071390964611,21.159286090353888,298.0612760002259,359.24349900022594,1.205267265244995,2296,1,2,True,61.182223,49.757501999999995,78.301232,9,3.131563349868803e-07,-0.009999734269021779,0.05515588552612818,0.15588606716477754,1.5843504969244863e-08,True,1.1980421345092414e-05,0.00020868858963425592,0.00020969297175883034,True,root
X+0_Y-10_Z55,fixed_nearest,8,3.0,45.0,-261.7923270869953,0.04728410321403425,95.27158967859658,0.134304999071213,96.91889340407144,3.08110659592856,298.0612760002259,298.7479230002259,1.0023037108651427,1,0,0,True,0.686647,0.30511099999999997,2.074739,9,4.804766293075827e-05,-0.009989916372786097,0.05444844432784332,0.5537363243811114,3.1189557604182964e-09,True,1.4727532536191437e-05,0.00023793342498635135,0.0002456276981178564,True,root
X+0_Y-10_Z55,best_offset,8,3.0,45.0,-262.0533527412476,0.046334177396718405,95.36658226032816,0.16428819933479802,95.54889177489913,4.451108225100867,298.0612760002259,336.5051130002259,1.1289796430985246,256,0,0,True,38.443836999999995,27.990539,40.00915,9,2.5089518257460367e-05,-0.009973184449952913,0.054410764734104625,0.5903784855713436,9.4180943493422e-12,True,1.4519350799281277e-05,0.00023872539963211092,0.000244806746120176,True,root
X+0_Y-10_Z55,offset_allQ_CD,8,3.0,45.0,-262.06414404247334,0.04629490564135723,95.37050943586428,0.15560842348616205,95.61105513081716,4.388944869182836,298.0612760002259,354.0691240002259,1.1879071604053575,4336,1,2,True,56.007847999999996,48.012034,59.896649999999994,9,1.1490458435659927e-05,-0.009969834716939385,0.05441799537179671,0.5828991012064102,7.735778334492738e-10,True,1.45287969744767e-05,0.00023783259054950572,0.0002455330638150678,True,root
X+0_Y-10_Z55,adaptive_coarse_CD,8,3.0,45.0,-262.06414404247334,0.04629490564135723,95.37050943586428,0.15560842348616205,95.61105513081716,4.388944869182836,298.0612760002259,354.0691240002259,1.1879071604053575,4336,1,2,True,56.007847999999996,48.012034,59.896649999999994,9,1.1490458435659927e-05,-0.009969834716939385,0.05441799537179671,0.5828991012064102,7.735778334492738e-10,True,1.45287969744767e-05,0.00023783259054950572,0.0002455330638150678,True,root
X+0_Y-10_Z55,fixed_nearest,10,3.321928094887362,36.0,-265.73222207532945,0.032946018409104195,96.70539815908958,0.044640212223053415,96.62456241590964,3.3754375840903634,298.0612760002259,298.2839300002259,1.0007470074710403,1,0,0,True,0.222654,0.182411,0.24343499999999998,9,2.748251656989961e-05,-0.009988972328824182,0.0546053415734058,0.3957678257898046,2.1017208256809258e-10,True,1.4682806796427881e-05,0.00023883661124488725,0.00025004157518896574,True,root
X+0_Y-10_Z55,best_offset,10,3.321928094887362,36.0,-266.3285659101968,0.030775801054950667,96.92241989450493,0.08329146426998975,96.8669880489736,3.133011951026404,298.0612760002259,328.6006370002259,1.102460008927751,256,0,0,True,30.539361,26.788971999999998,39.650464,9,-2.5294153492975686e-06,-0.009980171938539244,0.05465610914248793,0.3444712932069755,5.552355551832986e-09,True,1.4719645139016782e-05,0.00024403317407175503,0.00024529027687292916,True,root
X+0_Y-10_Z55,offset_allQ_CD,10,3.321928094887362,36.0,-266.3285659101968,0.030775801054950667,96.92241989450493,0.08329146426998975,96.8669880489736,3.133011951026404,298.0612760002259,338.9054850002259,1.13703292674614,2806,0,1,True,40.844209,36.575057,48.705234,9,-2.5294153492975686e-06,-0.009980171938539244,0.05465610914248793,0.3444712932069755,5.552355551832986e-09,True,1.4719645139016782e-05,0.00024403317407175503,0.00024529027687292916,True,root
X+0_Y-10_Z55,adaptive_coarse_CD,10,3.321928094887362,36.0,-266.3285659101968,0.030775801054950667,96.92241989450493,0.08329146426998975,96.8669880489736,3.133011951026404,298.0612760002259,338.9054850002259,1.13703292674614,2806,0,1,True,40.844209,36.575057,48.705234,9,-2.5294153492975686e-06,-0.009980171938539244,0.05465610914248793,0.3444712932069755,5.552355551832986e-09,True,1.4719645139016782e-05,0.00024403317407175503,0.00024529027687292916,True,root
X+0_Y-10_Z55,fixed_nearest,16,4.0,22.5,-271.30283817825773,0.012673405475005327,98.73265945249948,0.05983297134880983,98.79913760696746,1.200862393032537,298.0612760002259,298.6395660002259,1.0019401715236553,1,0,0,True,0.57829,0.5214989999999999,0.691356,9,5.733169511896511e-06,-0.009978841122703482,0.05463227113407797,0.36838171256647084,4.2415929823799695e-09,True,1.5013249352609126e-05,0.00024678055845236664,0.0002519532810091593,True,root
X+0_Y-10_Z55,best_offset,16,4.0,22.5,-271.5774908925534,0.011673887995190377,98.83261120048095,0.03129678742551609,98.95614064249854,1.0438593575014607,298.0612760002259,328.71310200022594,1.1028373306701431,256,0,0,True,30.651826,28.892204999999997,43.317375999999996,9,2.168846374156943e-05,-0.009979062268297777,0.05455154991975786,0.44946218143186145,6.447153908018218e-09,True,1.5037107108644623e-05,0.00024767533178149376,0.00025229226087700917,True,root
X+0_Y-10_Z55,offset_allQ_CD,16,4.0,22.5,-271.6130119697178,0.011544619520204746,98.84553804797953,0.02827944342840501,98.8812081305026,1.1187918694974002,298.0612760002259,357.6333700002259,1.1998652585784235,12496,10,3,True,59.572094,52.679559,68.983305,9,7.866970397203421e-06,-0.009975922685901086,0.05459950883816757,0.4012913866298898,8.970435610379183e-09,True,1.5025720567076944e-05,0.0002472194500980238,0.0002522993402000639,True,root
X+0_Y-10_Z55,adaptive_coarse_CD,16,4.0,22.5,-271.6130119697178,0.011544619520204746,98.84553804797953,0.02827944342840501,98.8812081305026,1.1187918694974002,298.0612760002259,357.6333700002259,1.1998652585784235,12496,10,3,True,59.572094,52.679559,68.983305,9,7.866970397203421e-06,-0.009975922685901086,0.05459950883816757,0.4012913866298898,8.970435610379183e-09,True,1.5025720567076944e-05,0.0002472194500980238,0.0002522993402000639,True,root
X+0_Y-10_Z55,fixed_nearest,32,5.0,11.25,-273.8812149090972,0.0032901644659688377,99.67098355340312,0.029938785532669866,99.31544937788857,0.6845506221114306,298.0612760002259,298.3844500002259,1.0010842535613373,1,0,0,True,0.32317399999999996,0.261247,0.734486,9,3.820344761034638e-06,-0.0099772469672974,0.054602334241895645,0.39833447089094676,1.0611148250207037e-08,True,1.5091706690884305e-05,0.00024939298372120625,0.000254192209258988,True,root
X+0_Y-10_Z55,best_offset,32,5.0,11.25,-273.9214686179252,0.0031436729750540216,99.6856327024946,0.02715048377738443,99.87848565683441,0.12151434316558607,298.0612760002259,324.7553730002259,1.0895590911983473,256,0,0,True,26.694097,25.571606,35.642112,9,-4.000438281639883e-06,-0.009984696850629433,0.05454658681478045,0.45368899746196073,6.410850873997807e-12,True,1.517726415884527e-05,0.0002491366298979765,0.00025510856019387055,True,root
X+0_Y-10_Z55,offset_allQ_CD,32,5.0,11.25,-273.92946001021824,0.0031145906617572757,99.68854093382427,0.02318321575726025,99.85002859708351,0.14997140291649202,298.0612760002259,384.4233990002259,1.2897462030590465,32896,6,4,True,86.362123,81.090668,117.86683599999999,9,-2.3036912400156994e-06,-0.00997860833049387,0.05454968960192321,0.45082409555575575,7.282925849607875e-12,True,1.5172939901121664e-05,0.00024893815196604644,0.0002552777071392169,True,root
X+0_Y-10_Z55,adaptive_coarse_CD,32,5.0,11.25,-273.92946001021824,0.0031145906617572757,99.68854093382427,0.02318321575726025,99.85002859708351,0.14997140291649202,298.0612760002259,384.4233990002259,1.2897462030590465,32896,6,4,True,86.362123,81.090668,117.86683599999999,9,-2.3036912400156994e-06,-0.00997860833049387,0.05454968960192321,0.45082409555575575,7.282925849607875e-12,True,1.5172939901121664e-05,0.00024893815196604644,0.0002552777071392169,True,root
X+0_Y-10_Z55,fixed_nearest,64,6.0,5.625,-274.54489509379215,0.0008748963434214131,99.91251036565785,0.01745117368395177,99.8747232418203,0.12527675817969453,298.0612760002259,299.6981700002259,1.005491803638386,1,0,0,True,1.6368939999999998,1.076189,2.863927,9,-5.72838809926725e-06,-0.009983503032818728,0.054588912657256655,0.411458099592389,1.1571886317135193e-08,True,1.5176692432450253e-05,0.00024968832339160985,0.00025527359995597616,True,root
X+0_Y-10_Z55,best_offset,64,6.0,5.625,-274.57601706716326,0.0007616371081339064,99.92383628918661,0.01734044087839614,99.85204326695656,0.14795673304344348,298.0612760002259,334.1039290002259,1.1209236351788705,256,0,0,True,36.042653,25.194957,39.723875,9,-2.151121893441033e-06,-0.009977409714404993,0.05455555804992273,0.44502089312430215,1.1966308193804748e-08,True,1.5173246044898826e-05,0.00025032243656642237,0.0002549640082873875,True,root
X+0_Y-10_Z55,offset_allQ_CD,64,6.0,5.625,-274.57620454513204,0.0007609548374075603,99.92390451625924,0.019832116379231664,99.8717094167147,0.12829058328530607,298.0612760002259,354.9361090002259,1.1908159079341687,32896,1,2,True,56.874832999999995,43.894377999999996,58.22493,9,-1.671405839433273e-06,-0.009977800440105272,0.05455302820033608,0.44752586936601285,1.2572451158532192e-08,True,1.517623445975017e-05,0.0002503811852478382,0.00025493021042331094,True,root
X+0_Y-10_Z55,adaptive_coarse_CD,64,6.0,5.625,-274.57601706716326,0.0007616371081339064,99.92383628918661,0.01734044087839614,99.85204326695656,0.14795673304344348,298.0612760002259,334.1039290002259,1.1209236351788705,256,0,0,True,36.042653,25.194957,39.723875,9,-2.151121893441033e-06,-0.009977409714404993,0.05455555804992273,0.44502089312430215,1.1966308193804748e-08,True,1.5173246044898826e-05,0.00025032243656642237,0.0002549640082873875,True,root
X+0_Y-10_Z55,fixed_nearest,128,7.0,2.8125,-274.7342177676121,0.00018591235761360715,99.98140876423864,0.006579630940012268,100.02897920495262,0.028979204952619853,298.0612760002259,298.3229720002259,1.0008779939598722,1,0,0,True,0.261696,0.230262,0.352911,9,6.733730257630106e-07,-0.009975920526940225,0.054567050324887754,0.43361929804134347,1.0149032165101324e-08,True,1.52001327508045e-05,0.00025011937856800613,0.000255384175217547,True,root
X+0_Y-10_Z55,best_offset,128,7.0,2.8125,-274.73560420299816,0.00018086683528353514,99.98191331647165,0.002075694561083071,100.01150043073068,0.011500430730677635,298.0612760002259,334.8012990002259,1.1232633218679913,256,0,0,True,36.740023,26.916829,40.288007,9,-9.921647154196218e-07,-0.00997695064852738,0.05457433229636627,0.4262924476353597,1.060179663637088e-08,True,1.5197476723615115e-05,0.00025006690793116196,0.0002553718744578511,True,root
X+0_Y-10_Z55,offset_allQ_CD,128,7.0,2.8125,-274.7357029349254,0.00018050752957861251,99.98194924704214,0.004533913974019997,100.00262754488668,0.002627544886678379,298.0612760002259,369.68527500022594,1.2402995785334614,98176,6,3,True,71.623999,68.817746,75.147353,9,-6.303393016608396e-07,-0.00997798861322138,0.0545773234160822,0.4232497998439859,1.037559307321234e-08,True,1.519612842391453e-05,0.0002501832766919741,0.00025522785088519375,True,root
X+0_Y-10_Z55,adaptive_coarse_CD,128,7.0,2.8125,-274.73560420299816,0.00018086683528353514,99.98191331647165,0.002075694561083071,100.01150043073068,0.011500430730677635,298.0612760002259,334.8012990002259,1.1232633218679913,256,0,0,True,36.740023,26.916829,40.288007,9,-9.921647154196218e-07,-0.00997695064852738,0.05457433229636627,0.4262924476353597,1.060179663637088e-08,True,1.5197476723615115e-05,0.00025006690793116196,0.0002553718744578511,True,root
X+0_Y-10_Z55,fixed_nearest,256,8.0,1.40625,-274.7740014611354,4.113134865791776e-05,99.99588686513421,0.001725577914361401,99.99253707428369,0.00746292571631102,298.0612760002259,298.2665020002259,1.000688536272655,1,0,0,True,0.205226,0.187903,0.236732,9,-1.3185317144408536e-06,-0.009977085868761304,0.05457398504032622,0.42663279503826096,7.943198577810208e-09,True,1.519459510333181e-05,0.0002500561511423685,0.0002554624135259403,True,root
X+0_Y-10_Z55,best_offset,256,8.0,1.40625,-274.7742884304635,4.008700849785917e-05,99.9959912991502,0.001426858113935029,99.99339056527486,0.006609434725135088,298.0612760002259,323.8678070002259,1.0865812941094046,256,0,0,True,25.806531,25.121629,31.318313999999997,9,-1.6961699590162022e-06,-0.009977724512240004,0.05457166690405684,0.42891527768048454,7.856584666573903e-09,True,1.5194724797511143e-05,0.0002499985225630446,0.00025553500420746607,True,root
X+0_Y-10_Z55,offset_allQ_CD,256,8.0,1.40625,-274.77432359447533,3.99590394567946e-05,99.99600409605432,0.003620559340294096,99.99671448172347,0.003285518276527455,298.0612760002259,374.8850870002259,1.2577450248852244,130816,1,2,True,76.82381099999999,64.956149,83.758335,9,-1.3179928009831211e-06,-0.009977620137556393,0.05456930814120141,0.4312749385060582,7.746819278367859e-09,True,1.5195229890851824e-05,0.0002500096873093203,0.0002555435423631677,True,root
X+0_Y-10_Z55,adaptive_coarse_CD,256,8.0,1.40625,-274.7742884304635,4.008700849785917e-05,99.9959912991502,0.001426858113935029,99.99339056527486,0.006609434725135088,298.0612760002259,323.8678070002259,1.0865812941094046,256,0,0,True,25.806531,25.121629,31.318313999999997,9,-1.6961699590162022e-06,-0.009977724512240004,0.05457166690405684,0.42891527768048454,7.856584666573903e-09,True,1.5194724797511143e-05,0.0002499985225630446,0.00025553500420746607,True,root
X+0_Y-10_Z55,fixed_nearest,512,9.0,0.703125,-274.78145715145484,1.3998564561935735e-05,99.9986001435438,0.0010255874239924565,100.00628302710552,0.006283027105524752,298.0612760002259,299.91186500022593,1.0062087535316013,1,0,0,True,1.8505889999999998,0.33408699999999997,3.509772,9,-1.447563598252347e-06,-0.009979381503157962,0.054572784559712484,0.427715150856797,8.795464574674788e-09,True,1.519668390109161e-05,0.0002500563178185186,0.00025548152275859775,True,root
X+0_Y-10_Z55,best_offset,512,9.0,0.703125,-274.78201850594854,1.1955680586576232e-05,99.99880443194135,0.005168456131995128,100.01523571136711,0.015235711367111548,298.0612760002259,328.4980360002259,1.1021157810516014,256,0,0,True,30.43676,26.446008,37.790244,9,-1.3891038045364723e-06,-0.00997805578331363,0.054567691081383415,0.43286773888891183,9.5581846841311e-09,True,1.5198044326743593e-05,0.00024999104214363816,0.0002555893512098769,True,root
X+0_Y-10_Z55,offset_allQ_CD,512,9.0,0.703125,-274.78203394933865,1.1899478926950386e-05,99.9988100521073,0.004040932418145356,100.01442736297517,0.014427362975169444,298.0612760002259,402.0649210002259,1.348933770920048,391936,3,3,True,104.00364499999999,100.14063,119.706069,9,-1.372239293398505e-06,-0.009978051327739098,0.054568821858561864,0.43173859789083063,9.704087128905188e-09,True,1.5197921492311371e-05,0.0002499999893831681,0.00025557137306459214,True,root
X+0_Y-10_Z55,adaptive_coarse_CD,512,9.0,0.703125,-274.78201850594854,1.1955680586576232e-05,99.99880443194135,0.005168456131995128,100.01523571136711,0.015235711367111548,298.0612760002259,328.4980360002259,1.1021157810516014,256,0,0,True,30.43676,26.446008,37.790244,9,-1.3891038045364723e-06,-0.00997805578331363,0.054567691081383415,0.43286773888891183,9.5581846841311e-09,True,1.5198044326743593e-05,0.00024999104214363816,0.0002555893512098769,True,root
X+0_Y-10_Z55,fixed_nearest,1024,10.0,0.3515625,-274.7844790353931,3.001309989082791e-06,99.99969986900109,0.0020396297536021198,100.0065265208034,0.006526520803404878,298.0612760002259,298.3805520002259,1.0010711757135462,1,0,0,True,0.319276,0.28574,0.421737,9,-1.6317236248557905e-06,-0.009978129919964685,0.05457086219262016,0.4296978248089177,9.25149523222063e-09,True,1.5196720901734434e-05,0.00025000591245978343,0.0002555530265666204,True,root
X+0_Y-10_Z55,best_offset,1024,10.0,0.3515625,-274.7845371380459,2.7898625352995866e-06,99.99972101374647,0.0012168911236721102,100.00290358558848,0.0029035855884842476,298.0612760002259,329.55635900022594,1.1056664704071661,256,0,0,True,31.495082999999997,28.859007,38.986084,9,-1.4416890831162093e-06,-0.009978340552941514,0.054571648574630295,0.4289011001740959,9.095962503449693e-09,True,1.5196170370311918e-05,0.0002499916345691975,0.00025556012051307754,True,root
X+0_Y-10_Z55,offset_allQ_CD,1024,10.0,0.3515625,-274.78454146581754,2.774112887885684e-06,99.99972258871122,0.0012714411986395858,99.99873826840171,0.001261731598290794,298.0612760002259,452.74763900022594,1.5189750412256935,783616,4,3,True,154.686363,152.116489,194.415525,9,-1.3508310876984782e-06,-0.00997827202862814,0.054571585557898955,0.42896720583899384,8.958732231319182e-09,True,1.5195537419994007e-05,0.0002499900352004055,0.00025556133772776065,True,root
X+0_Y-10_Z55,adaptive_coarse_CD,1024,10.0,0.3515625,-274.7845371380459,2.7898625352995866e-06,99.99972101374647,0.0012168911236721102,100.00290358558848,0.0029035855884842476,298.0612760002259,329.55635900022594,1.1056664704071661,256,0,0,True,31.495082999999997,28.859007,38.986084,9,-1.4416890831162093e-06,-0.009978340552941514,0.054571648574630295,0.4289011001740959,9.095962503449693e-09,True,1.5196170370311918e-05,0.0002499916345691975,0.00025556012051307754,True,root
X+0_Y-10_Z55,fixed_nearest,2048,11.0,0.17578125,-274.7850949144402,7.599999964302542e-07,99.99992400000036,0.0008116213176989741,99.99822443900592,0.0017755609940763861,298.0612760002259,298.3283870002259,1.0008961613651544,1,0,0,True,0.267111,0.242759,0.299689,9,-1.2173420656496156e-06,-0.00997825464958126,0.054573648682221615,0.42690723624448484,9.001845123107999e-09,True,1.5195459339870735e-05,0.000250017693369284,0.00025551865621841125,True,root
X+0_Y-10_Z55,best_offset,2048,11.0,0.17578125,-274.7851094572722,7.070756522511446e-07,99.99992929243477,0.00043408911505606317,99.99953837527796,0.00046162472203548077,298.0612760002259,343.82193600022595,1.1535276927418285,256,0,0,True,45.76066,43.318977,55.672649,9,-1.2820751699209681e-06,-0.009978370341745752,0.054572415673295294,0.4281329726573909,9.21300339896188e-09,True,1.519565900206783e-05,0.0002500127443948392,0.00025553342130654456,True,root
X+0_Y-10_Z55,offset_allQ_CD,2048,11.0,0.17578125,-274.7851094572722,7.070756522511446e-07,99.99992929243477,0.00043408911505606317,99.99953837527796,0.00046162472203548077,298.0612760002259,449.7191910002259,1.5088145532863015,522496,0,1,True,151.657915,120.283159,163.990465,9,-1.2820751699209681e-06,-0.009978370341745752,0.054572415673295294,0.4281329726573909,9.21300339896188e-09,True,1.519565900206783e-05,0.0002500127443948392,0.00025553342130654456,True,root
X+0_Y-10_Z55,adaptive_coarse_CD,2048,11.0,0.17578125,-274.7851094572722,7.070756522511446e-07,99.99992929243477,0.00043408911505606317,99.99953837527796,0.00046162472203548077,298.0612760002259,343.82193600022595,1.1535276927418285,256,0,0,True,45.76066,43.318977,55.672649,9,-1.2820751699209681e-06,-0.009978370341745752,0.054572415673295294,0.4281329726573909,9.21300339896188e-09,True,1.519565900206783e-05,0.0002500127443948392,0.00025553342130654456,True,root
